{"type": "FeatureCollection", "features": [{"type": "Feature", "properties": {"name": "Luton", "country": "UK"}, "geometry": {"type": "Polygon", "coordinates": [[[-0.335, 51.851], [-0.38, 51.824], [-0.453, 51.847], [-0.477, 51.89], [-0.385, 51.921], [-0.335, 51.851]]]}}, {"type": "Feature", "properties": {"name": "Pembrokeshire", "country": "UK"}, "geometry": {"type": "MultiPolygon", "coordinates": [[[[-4.73, 52.118], [-4.695, 52.105], [-4.697, 52.068], [-4.559, 52.038], [-4.495, 51.969], [-4.741, 51.874], [-4.724, 51.846], [-4.767, 51.825], [-4.663, 51.826], [-4.637, 51.794], [-4.639, 51.734], [-4.694, 51.716], [-4.677, 51.697], [-4.711, 51.652], [-4.863, 51.647], [-4.926, 51.595], [-5.059, 51.62], [-5.064, 51.661], [-5.124, 51.671], [-5.11, 51.693], [-4.974, 51.674], [-4.933, 51.68], [-4.977, 51.687], [-4.959, 51.7], [-4.905, 51.694], [-4.885, 51.717], [-4.846, 51.701], [-4.863, 51.72], [-4.834, 51.723], [-4.897, 51.741], [-4.834, 51.791], [-4.945, 51.778], [-4.886, 51.731], [-4.92, 51.705], [-5.169, 51.718], [-5.149, 51.702], [-5.175, 51.68], [-5.254, 51.733], [-5.109, 51.775], [-5.108, 51.824], [-5.138, 51.863], [-5.255, 51.872], [-5.316, 51.86], [-5.314, 51.904], [-5.084, 51.97], [-5.075, 52.031], [-4.988, 52.025], [-4.972, 51.996], [-4.909, 52.035], [-4.826, 52.02], [-4.846, 52.043], [-4.73, 52.118]]], [[[-4.704, 51.631], [-4.682, 51.642], [-4.674, 51.637], [-4.704, 51.631]]], [[[-4.693, 51.671], [-4.691, 51.67], [-4.695, 51.67], [-4.693, 51.671]]], [[[-4.72, 51.643], [-4.714, 51.642], [-4.72, 51.642], [-4.72, 51.643]]], [[[-5.117, 51.693], [-5.116, 51.692], [-5.12, 51.692], [-5.117, 51.693]]], [[[-5.175, 51.776], [-5.172, 51.774], [-5.177, 51.775], [-5.175, 51.776]]], [[[-5.2, 51.859], [-5.201, 51.858], [-5.205, 51.858], [-5.2, 51.859]]], [[[-5.267, 51.735], [-5.262, 51.734], [-5.267, 51.734], [-5.267, 51.735]]], [[[-5.281, 51.702], [-5.264, 51.702], [-5.29, 51.695], [-5.281, 51.702]]], [[[-5.313, 51.734], [-5.281, 51.741], [-5.269, 51.734], [-5.313, 51.734]]], [[[-5.303, 51.745], [-5.304, 51.746], [-5.299, 51.747], [-5.303, 51.745]]], [[[-5.3, 51.861], [-5.3, 51.858], [-5.303, 51.859], [-5.3, 51.861]]], [[[-5.354, 51.866], [-5.331, 51.852], [-5.341, 51.846], [-5.354, 51.866]]], [[[-5.382, 51.882], [-5.382, 51.88], [-5.386, 51.88], [-5.382, 51.882]]], [[[-5.388, 51.903], [-5.388, 51.901], [-5.395, 51.899], [-5.388, 51.903]]], [[[-5.389, 51.878], [-5.395, 51.878], [-5.388, 51.88], [-5.389, 51.878]]], [[[-5.399, 51.863], [-5.395, 51.862], [-5.401, 51.863], [-5.399, 51.863]]], [[[-5.411, 51.853], [-5.411, 51.852], [-5.415, 51.852], [-5.411, 51.853]]], [[[-5.483, 51.732], [-5.48, 51.729], [-5.484, 51.73], [-5.483, 51.732]]]]}}, {"type": "Feature", "properties": {"name": "Camden", "country": "UK"}, "geometry": {"type": "Polygon", "coordinates": [[[-0.142, 51.567], [-0.118, 51.508], [-0.205, 51.552], [-0.142, 51.567]]]}}, {"type": "Feature", "properties": {"name": "Clackmannanshire", "country": "UK"}, "geometry": {"type": "Polygon", "coordinates": [[[-3.723, 56.19], [-3.612, 56.198], [-3.554, 56.182], [-3.643, 56.155], [-3.631, 56.106], [-3.751, 56.07], [-3.857, 56.119], [-3.824, 56.193], [-3.759, 56.216], [-3.723, 56.19]]]}}, {"type": "Feature", "properties": {"name": "Bournemouth", "country": "UK"}, "geometry": {"type": "Polygon", "coordinates": [[[-1.795, 50.721], [-1.886, 50.713], [-1.929, 50.74], [-1.87, 50.751], [-1.795, 50.721]]]}}, {"type": "Feature", "properties": {"name": "Cornwall", "country": "UK"}, "geometry": {"type": "MultiPolygon", "coordinates": [[[[-5.18, 50.09], [-5.075, 50.086], [-5.055, 50.052], [-5.218, 49.956], [-5.267, 49.999], [-5.256, 50.023], [-5.284, 50.085], [-5.491, 50.128], [-5.53, 50.124], [-5.576, 50.051], [-5.677, 50.034], [-5.717, 50.069], [-5.689, 50.088], [-5.711, 50.128], [-5.674, 50.166], [-5.5, 50.22], [-5.434, 50.177], [-5.396, 50.24], [-5.329, 50.243], [-5.155, 50.348], [-5.147, 50.405], [-5.042, 50.444], [-5.037, 50.55], [-4.944, 50.569], [-4.938, 50.525], [-4.849, 50.527], [-4.915, 50.537], [-4.935, 50.588], [-4.795, 50.599], [-4.764, 50.67], [-4.558, 50.788], [-4.559, 50.921], [-4.458, 50.921], [-4.418, 50.855], [-4.485, 50.786], [-4.377, 50.764], [-4.271, 50.542], [-4.182, 50.507], [-4.239, 50.465], [-4.199, 50.437], [-4.227, 50.429], [-4.212, 50.399], [-4.275, 50.376], [-4.289, 50.394], [-4.305, 50.399], [-4.276, 50.374], [-4.202, 50.389], [-4.234, 50.364], [-4.171, 50.358], [-4.189, 50.317], [-4.387, 50.364], [-4.632, 50.324], [-4.623, 50.359], [-4.661, 50.388], [-4.634, 50.335], [-4.76, 50.328], [-4.798, 50.219], [-4.843, 50.237], [-4.948, 50.206], [-5.009, 50.139], [-4.992, 50.176], [-5.025, 50.154], [-5.034, 50.202], [-5.093, 50.209], [-5.045, 50.172], [-5.093, 50.167], [-5.041, 50.143], [-5.079, 50.144], [-5.098, 50.099], [-5.18, 50.09]], [[-5.066, 50.178], [-5.065, 50.179], [-5.072, 50.182], [-5.066, 50.178]], [[-5.19, 50.084], [-5.189, 50.089], [-5.194, 50.09], [-5.19, 50.084]]], [[[-4.449, 50.339], [-4.445, 50.335], [-4.453, 50.336], [-4.449, 50.339]]], [[[-4.905, 50.194], [-4.906, 50.195], [-4.904, 50.196], [-4.905, 50.194]]], [[[-4.915, 50.598], [-4.914, 50.596], [-4.916, 50.596], [-4.915, 50.598]]], [[[-4.999, 50.572], [-4.996, 50.57], [-4.999, 50.571], [-4.999, 50.572]]], [[[-5.162, 50.393], [-5.16, 50.39], [-5.162, 50.391], [-5.162, 50.393]]], [[[-5.266, 50.013], [-5.265, 50.011], [-5.269, 50.012], [-5.266, 50.013]]], [[[-5.402, 50.243], [-5.399, 50.241], [-5.402, 50.242], [-5.402, 50.243]]], [[[-5.479, 50.118], [-5.475, 50.116], [-5.481, 50.116], [-5.479, 50.118]]], [[[-5.712, 50.082], [-5.705, 50.081], [-5.705, 50.08], [-5.712, 50.082]]], [[[-5.722, 50.122], [-5.721, 50.119], [-5.724, 50.119], [-5.722, 50.122]]], [[[-5.748, 50.069], [-5.743, 50.066], [-5.748, 50.067], [-5.748, 50.069]]], [[[-6.248, 49.945], [-6.244, 49.946], [-6.245, 49.944], [-6.248, 49.945]]], [[[-6.251, 49.95], [-6.244, 49.95], [-6.25, 49.949], [-6.251, 49.95]]], [[[-6.265, 49.955], [-6.253, 49.95], [-6.253, 49.949], [-6.265, 49.955]]], [[[-6.26, 49.947], [-6.257, 49.945], [-6.261, 49.945], [-6.26, 49.947]]], [[[-6.268, 49.945], [-6.261, 49.943], [-6.263, 49.941], [-6.268, 49.945]]], [[[-6.305, 49.964], [-6.287, 49.965], [-6.261, 49.963], [-6.305, 49.964]]], [[[-6.27, 49.95], [-6.267, 49.948], [-6.27, 49.948], [-6.27, 49.95]]], [[[-6.279, 49.945], [-6.275, 49.944], [-6.272, 49.943], [-6.279, 49.945]]], [[[-6.296, 49.937], [-6.28, 49.913], [-6.328, 49.912], [-6.309, 49.917], [-6.296, 49.937]]], [[[-6.296, 49.978], [-6.288, 49.978], [-6.289, 49.974], [-6.296, 49.978]]], [[[-6.318, 49.969], [-6.308, 49.963], [-6.319, 49.964], [-6.318, 49.969]]], [[[-6.316, 49.963], [-6.312, 49.963], [-6.315, 49.961], [-6.316, 49.963]]], [[[-6.347, 49.968], [-6.324, 49.959], [-6.317, 49.943], [-6.325, 49.944], [-6.338, 49.938], [-6.347, 49.968]]], [[[-6.33, 49.973], [-6.32, 49.972], [-6.328, 49.97], [-6.33, 49.973]]], [[[-6.325, 49.98], [-6.321, 49.977], [-6.324, 49.977], [-6.325, 49.98]]], [[[-6.328, 49.964], [-6.323, 49.964], [-6.326, 49.962], [-6.328, 49.964]]], [[[-6.327, 49.942], [-6.324, 49.939], [-6.328, 49.94], [-6.327, 49.942]]], [[[-6.343, 49.883], [-6.334, 49.898], [-6.327, 49.892], [-6.343, 49.883]]], [[[-6.333, 49.968], [-6.328, 49.965], [-6.334, 49.966], [-6.333, 49.968]]], [[[-6.336, 49.977], [-6.333, 49.975], [-6.334, 49.975], [-6.336, 49.977]]], [[[-6.349, 49.939], [-6.345, 49.938], [-6.348, 49.938], [-6.349, 49.939]]], [[[-6.359, 49.93], [-6.35, 49.937], [-6.349, 49.927], [-6.359, 49.93]]], [[[-6.362, 49.942], [-6.348, 49.955], [-6.35, 49.945], [-6.362, 49.942]]], [[[-6.365, 49.932], [-6.36, 49.93], [-6.366, 49.931], [-6.365, 49.932]]], [[[-6.379, 49.895], [-6.365, 49.895], [-6.366, 49.891], [-6.379, 49.895]]], [[[-6.372, 49.953], [-6.367, 49.955], [-6.368, 49.952], [-6.372, 49.953]]], [[[-6.372, 49.876], [-6.368, 49.874], [-6.371, 49.873], [-6.372, 49.876]]], [[[-6.379, 49.95], [-6.377, 49.948], [-6.379, 49.947], [-6.379, 49.95]]], [[[-6.381, 49.957], [-6.378, 49.957], [-6.38, 49.955], [-6.381, 49.957]]], [[[-6.383, 49.944], [-6.379, 49.941], [-6.383, 49.943], [-6.383, 49.944]]], [[[-6.388, 49.933], [-6.384, 49.935], [-6.385, 49.932], [-6.388, 49.933]]], [[[-6.388, 49.945], [-6.384, 49.943], [-6.387, 49.942], [-6.388, 49.945]]], [[[-6.388, 49.869], [-6.387, 49.867], [-6.39, 49.867], [-6.388, 49.869]]], [[[-6.391, 49.948], [-6.392, 49.945], [-6.394, 49.947], [-6.391, 49.948]]], [[[-6.399, 49.872], [-6.397, 49.865], [-6.403, 49.87], [-6.399, 49.872]]], [[[-6.406, 49.876], [-6.403, 49.873], [-6.407, 49.874], [-6.406, 49.876]]], [[[-6.412, 49.881], [-6.409, 49.878], [-6.412, 49.877], [-6.412, 49.881]]], [[[-6.419, 49.878], [-6.416, 49.877], [-6.418, 49.877], [-6.419, 49.878]]]]}}, {"type": "Feature", "properties": {"name": "Cumbria", "country": "UK"}, "geometry": {"type": "MultiPolygon", "coordinates": [[[[-3.041, 54.946], [-3.09, 54.957], [-3.022, 54.971], [-3.05, 54.985], [-3.033, 55.053], [-2.951, 55.041], [-2.82, 55.14], [-2.686, 55.191], [-2.641, 55.132], [-2.485, 55.079], [-2.482, 55.039], [-2.56, 55.012], [-2.592, 54.967], [-2.542, 54.923], [-2.594, 54.883], [-2.564, 54.824], [-2.5, 54.805], [-2.4, 54.847], [-2.305, 54.783], [-2.354, 54.691], [-2.281, 54.658], [-2.296, 54.603], [-2.163, 54.528], [-2.15, 54.473], [-2.277, 54.436], [-2.283, 54.383], [-2.347, 54.35], [-2.306, 54.321], [-2.304, 54.249], [-2.628, 54.199], [-2.671, 54.159], [-2.866, 54.183], [-2.788, 54.227], [-2.8, 54.246], [-2.814, 54.247], [-2.805, 54.225], [-2.906, 54.193], [-2.931, 54.152], [-2.981, 54.149], [-3.035, 54.196], [-3.014, 54.205], [-3.035, 54.245], [-3.061, 54.162], [-3.165, 54.083], [-3.149, 54.064], [-3.202, 54.109], [-3.238, 54.102], [-3.237, 54.155], [-3.257, 54.167], [-3.218, 54.176], [-3.185, 54.236], [-3.229, 54.269], [-3.246, 54.196], [-3.323, 54.19], [-3.42, 54.283], [-3.401, 54.364], [-3.439, 54.347], [-3.641, 54.514], [-3.58, 54.572], [-3.579, 54.652], [-3.437, 54.758], [-3.439, 54.803], [-3.37, 54.891], [-3.28, 54.873], [-3.29, 54.892], [-3.222, 54.906], [-3.298, 54.925], [-3.216, 54.954], [-3.114, 54.927], [-3.041, 54.946]], [[-3.039, 54.946], [-3.029, 54.944], [-3.017, 54.947], [-3.039, 54.946]]], [[[-3.255, 54.153], [-3.246, 54.093], [-3.173, 54.047], [-3.259, 54.094], [-3.277, 54.144], [-3.255, 54.153]]], [[[-3.177, 54.066], [-3.171, 54.063], [-3.178, 54.063], [-3.177, 54.066]]]]}}, {"type": "Feature", "properties": {"name": "Essex", "country": "UK"}, "geometry": {"type": "MultiPolygon", "coordinates": [[[[0.307, 52.082], [0.391, 52.036], [0.409, 52.059], [0.678, 52.077], [0.788, 51.955], [1.29, 51.95], [1.212, 51.88], [1.291, 51.868], [1.209, 51.805], [1.064, 51.77], [1.018, 51.801], [1.02, 51.803], [1.029, 51.8], [1.044, 51.803], [1.065, 51.814], [1.01, 51.807], [0.991, 51.838], [0.978, 51.848], [0.964, 51.852], [0.982, 51.818], [0.951, 51.823], [0.991, 51.807], [0.969, 51.813], [0.925, 51.808], [0.894, 51.774], [0.881, 51.783], [0.86, 51.786], [0.849, 51.785], [0.896, 51.766], [0.85, 51.771], [0.884, 51.758], [0.853, 51.742], [0.694, 51.734], [0.691, 51.727], [0.712, 51.715], [0.77, 51.709], [0.74, 51.688], [0.874, 51.722], [0.902, 51.746], [0.948, 51.735], [0.93, 51.63], [0.959, 51.617], [0.828, 51.543], [0.686, 51.577], [0.649, 51.57], [0.639, 51.533], [0.57, 51.54], [0.632, 51.52], [0.56, 51.509], [0.32, 51.558], [0.248, 51.627], [0.084, 51.601], [-0.013, 51.65], [0.036, 51.768], [0.19, 51.817], [0.19, 51.89], [0.142, 51.884], [0.083, 51.983], [0.106, 52.055], [0.307, 52.082]]], [[[1.039, 51.804], [1.029, 51.802], [1.026, 51.803], [1.039, 51.804]]], [[[0.976, 51.816], [0.984, 51.815], [0.984, 51.813], [0.976, 51.816]]], [[[0.972, 51.811], [0.976, 51.808], [0.97, 51.81], [0.972, 51.811]]], [[[0.9, 51.773], [0.905, 51.77], [0.898, 51.77], [0.9, 51.773]]], [[[0.895, 51.774], [0.896, 51.772], [0.895, 51.772], [0.895, 51.774]]], [[[0.883, 51.778], [0.891, 51.775], [0.893, 51.772], [0.883, 51.778]]], [[[0.886, 51.739], [0.887, 51.737], [0.879, 51.732], [0.886, 51.739]]], [[[0.871, 51.763], [0.884, 51.762], [0.884, 51.76], [0.871, 51.763]]], [[[0.755, 51.724], [0.779, 51.727], [0.789, 51.722], [0.755, 51.724]]], [[[0.715, 51.723], [0.729, 51.718], [0.708, 51.719], [0.715, 51.723]]], [[[0.607, 51.534], [0.614, 51.53], [0.609, 51.531], [0.607, 51.534]]]]}}, {"type": "Feature", "properties": {"name": "Bexley", "country": "UK"}, "geometry": {"type": "Polygon", "coordinates": [[[0.119, 51.512], [0.225, 51.489], [0.166, 51.399], [0.08, 51.432], [0.119, 51.512]]]}}, {"type": "Feature", "properties": {"name": "Bromley", "country": "UK"}, "geometry": {"type": "Polygon", "coordinates": [[[0.065, 51.423], [0.169, 51.389], [0.069, 51.282], [0.022, 51.29], [-0.076, 51.414], [0.065, 51.423]]]}}, {"type": "Feature", "properties": {"name": "Westminster", "country": "UK"}, "geometry": {"type": "Polygon", "coordinates": [[[-0.211, 51.522], [-0.101, 51.51], [-0.121, 51.477], [-0.211, 51.522]]]}}, {"type": "Feature", "properties": {"name": "London", "country": "UK"}, "geometry": {"type": "Polygon", "coordinates": [[[-0.084, 51.518], [-0.066, 51.508], [-0.103, 51.512], [-0.084, 51.518]]]}}, {"type": "Feature", "properties": {"name": "North Somerset", "country": "UK"}, "geometry": {"type": "MultiPolygon", "coordinates": [[[[-2.731, 51.497], [-2.631, 51.443], [-2.647, 51.349], [-2.818, 51.322], [-2.789, 51.297], [-2.976, 51.293], [-2.981, 51.388], [-2.731, 51.497]]], [[[-2.998, 51.359], [-2.998, 51.357], [-3.001, 51.358], [-2.998, 51.359]]]]}}, {"type": "Feature", "properties": {"name": "Croydon", "country": "UK"}, "geometry": {"type": "Polygon", "coordinates": [[[-0.106, 51.417], [0.013, 51.321], [-0.102, 51.293], [-0.164, 51.32], [-0.11, 51.348], [-0.131, 51.387], [-0.106, 51.417]]]}}, {"type": "Feature", "properties": {"name": "Newtownabbey", "country": "UK"}, "geometry": {"type": "Polygon", "coordinates": [[[-6.084, 54.792], [-5.889, 54.769], [-5.906, 54.712], [-5.879, 54.683], [-5.912, 54.647], [-6.051, 54.671], [-6.046, 54.774], [-6.084, 54.792]]]}}, {"type": "Feature", "properties": {"name": "East Renfrewshire", "country": "UK"}, "geometry": {"type": "Polygon", "coordinates": [[[-4.347, 55.794], [-4.24, 55.793], [-4.258, 55.761], [-4.225, 55.691], [-4.518, 55.759], [-4.357, 55.819], [-4.347, 55.794]]]}}, {"type": "Feature", "properties": {"name": "Torfaen", "country": "UK"}, "geometry": {"type": "Polygon", "coordinates": [[[-3.049, 51.784], [-2.976, 51.709], [-2.961, 51.627], [-3.032, 51.606], [-3.115, 51.701], [-3.128, 51.795], [-3.049, 51.784]]]}}, {"type": "Feature", "properties": {"name": "Derbyshire", "country": "UK"}, "geometry": {"type": "Polygon", "coordinates": [[[-1.61, 53.306], [-1.287, 53.317], [-1.176, 53.293], [-1.16, 53.262], [-1.196, 53.232], [-1.191, 53.168], [-1.313, 53.131], [-1.292, 53.084], [-1.33, 53.05], [-1.321, 53.013], [-1.284, 52.986], [-1.245, 52.865], [-1.339, 52.849], [-1.45, 52.756], [-1.533, 52.75], [-1.535, 52.706], [-1.622, 52.684], [-1.7, 52.726], [-1.591, 52.811], [-1.608, 52.831], [-1.824, 52.876], [-1.841, 52.905], [-1.748, 53.022], [-1.804, 53.149], [-1.977, 53.207], [-2.019, 53.363], [-1.981, 53.398], [-2.013, 53.42], [-1.964, 53.495], [-1.871, 53.532], [-1.816, 53.516], [-1.731, 53.441], [-1.734, 53.411], [-1.646, 53.377], [-1.65, 53.352], [-1.582, 53.33], [-1.61, 53.306]], [[-1.546, 52.876], [-1.421, 52.853], [-1.401, 52.91], [-1.487, 52.938], [-1.546, 52.876]]]}}, {"type": "Feature", "properties": {"name": "Devon", "country": "UK"}, "geometry": {"type": "MultiPolygon", "coordinates": [[[[-4.202, 51.201], [-3.714, 51.232], [-3.724, 51.179], [-3.821, 51.177], [-3.826, 51.142], [-3.596, 51.063], [-3.6, 51.012], [-3.475, 51.036], [-3.38, 51.017], [-3.371, 50.981], [-3.268, 50.947], [-3.157, 50.949], [-3.178, 50.915], [-3.147, 50.897], [-3.047, 50.906], [-3.03, 50.852], [-2.977, 50.86], [-2.882, 50.797], [-2.947, 50.771], [-2.954, 50.714], [-3.256, 50.673], [-3.357, 50.606], [-3.426, 50.617], [-3.467, 50.681], [-3.427, 50.606], [-3.499, 50.54], [-3.501, 50.545], [-3.533, 50.547], [-3.583, 50.54], [-3.495, 50.537], [-3.51, 50.508], [-3.61, 50.499], [-3.649, 50.433], [-3.513, 50.375], [-3.515, 50.35], [-3.553, 50.338], [-3.578, 50.392], [-3.588, 50.395], [-3.611, 50.392], [-3.645, 50.412], [-3.658, 50.411], [-3.634, 50.404], [-3.66, 50.394], [-3.594, 50.39], [-3.564, 50.334], [-3.641, 50.293], [-3.64, 50.221], [-3.722, 50.201], [-3.774, 50.224], [-3.73, 50.266], [-3.774, 50.276], [-3.759, 50.239], [-3.781, 50.23], [-3.784, 50.21], [-3.869, 50.239], [-3.884, 50.277], [-3.868, 50.279], [-3.854, 50.291], [-3.849, 50.306], [-3.873, 50.28], [-3.945, 50.296], [-3.948, 50.307], [-3.938, 50.317], [-3.935, 50.33], [-4.035, 50.292], [-4.076, 50.304], [-4.041, 50.312], [-4.02, 50.341], [-4.056, 50.311], [-4.119, 50.32], [-4.128, 50.343], [-4.042, 50.399], [-4.125, 50.436], [-4.19, 50.427], [-4.167, 50.442], [-4.155, 50.455], [-4.156, 50.461], [-4.186, 50.434], [-4.236, 50.458], [-4.182, 50.507], [-4.271, 50.542], [-4.377, 50.764], [-4.485, 50.786], [-4.418, 50.855], [-4.458, 50.921], [-4.555, 50.923], [-4.526, 51.023], [-4.343, 50.989], [-4.222, 51.065], [-4.19, 51.055], [-4.202, 51.034], [-4.201, 51.018], [-4.154, 51.08], [-4.126, 51.078], [-4.114, 51.09], [-4.079, 51.077], [-4.065, 51.08], [-4.119, 51.095], [-4.215, 51.077], [-4.263, 51.143], [-4.22, 51.146], [-4.231, 51.188], [-4.202, 51.201]]], [[[-3.904, 50.281], [-3.896, 50.278], [-3.904, 50.278], [-3.904, 50.281]]], [[[-4.109, 50.308], [-4.104, 50.307], [-4.11, 50.305], [-4.109, 50.308]]], [[[-4.151, 50.333], [-4.145, 50.333], [-4.136, 50.334], [-4.151, 50.333]]], [[[-4.16, 50.334], [-4.153, 50.334], [-4.152, 50.333], [-4.16, 50.334]]]]}}, {"type": "Feature", "properties": {"name": "North Down", "country": "UK"}, "geometry": {"type": "Polygon", "coordinates": [[[-5.623, 54.681], [-5.577, 54.654], [-5.65, 54.619], [-5.886, 54.626], [-5.741, 54.678], [-5.623, 54.681]]]}}, {"type": "Feature", "properties": {"name": "Derby", "country": "UK"}, "geometry": {"type": "Polygon", "coordinates": [[[-1.421, 52.853], [-1.494, 52.847], [-1.546, 52.876], [-1.503, 52.93], [-1.453, 52.935], [-1.401, 52.91], [-1.421, 52.853]]]}}, {"type": "Feature", "properties": {"name": "Waltham Forest", "country": "UK"}, "geometry": {"type": "Polygon", "coordinates": [[[0.025, 51.561], [-0.053, 51.574], [-0.003, 51.647], [0.028, 51.627], [0.025, 51.561]]]}}, {"type": "Feature", "properties": {"name": "Wandsworth", "country": "UK"}, "geometry": {"type": "Polygon", "coordinates": [[[-0.121, 51.477], [-0.132, 51.418], [-0.245, 51.436], [-0.214, 51.472], [-0.121, 51.477]]]}}, {"type": "Feature", "properties": {"name": "Warrington", "country": "UK"}, "geometry": {"type": "Polygon", "coordinates": [[[-2.485, 53.462], [-2.447, 53.419], [-2.461, 53.388], [-2.429, 53.38], [-2.447, 53.355], [-2.569, 53.312], [-2.681, 53.379], [-2.645, 53.402], [-2.666, 53.441], [-2.485, 53.462]]]}}, {"type": "Feature", "properties": {"name": "Castlereagh", "country": "UK"}, "geometry": {"type": "Polygon", "coordinates": [[[-5.761, 54.594], [-5.823, 54.526], [-5.819, 54.492], [-5.868, 54.479], [-5.955, 54.554], [-5.792, 54.619], [-5.761, 54.594]]]}}, {"type": "Feature", "properties": {"name": "Aberdeenshire", "country": "UK"}, "geometry": {"type": "Polygon", "coordinates": [[[-2.078, 57.701], [-1.921, 57.676], [-1.824, 57.613], [-1.771, 57.469], [-1.973, 57.324], [-2.048, 57.234], [-2.3, 57.219], [-2.268, 57.164], [-2.345, 57.135], [-2.347, 57.088], [-2.068, 57.105], [-2.206, 56.968], [-2.195, 56.909], [-2.231, 56.863], [-2.435, 56.74], [-2.62, 56.785], [-2.669, 56.826], [-2.654, 56.889], [-2.686, 56.917], [-2.872, 56.985], [-3.059, 56.964], [-3.121, 56.891], [-3.275, 56.93], [-3.293, 56.901], [-3.461, 56.876], [-3.562, 56.889], [-3.588, 56.93], [-3.796, 56.93], [-3.746, 56.992], [-3.737, 57.077], [-3.345, 57.089], [-3.323, 57.1], [-3.332, 57.176], [-3.19, 57.257], [-3.009, 57.276], [-2.967, 57.327], [-3.012, 57.418], [-2.992, 57.477], [-2.892, 57.521], [-2.707, 57.513], [-2.823, 57.634], [-2.822, 57.695], [-2.511, 57.665], [-2.078, 57.701]]]}}, {"type": "Feature", "properties": {"name": "Argyll and Bute", "country": "UK"}, "geometry": {"type": "MultiPolygon", "coordinates": [[[[-5.2, 55.83], [-5.314, 55.853], [-5.315, 55.878], [-5.354, 55.894], [-5.341, 55.997], [-5.203, 56.129], [-5.1, 56.156], [-5.061, 56.208], [-4.926, 56.267], [-5.054, 56.247], [-5.12, 56.168], [-5.335, 56.067], [-5.38, 56.005], [-5.442, 56.034], [-5.412, 55.865], [-5.34, 55.827], [-5.316, 55.773], [-5.448, 55.71], [-5.483, 55.643], [-5.457, 55.576], [-5.492, 55.571], [-5.55, 55.434], [-5.604, 55.426], [-5.549, 55.418], [-5.519, 55.36], [-5.602, 55.307], [-5.799, 55.298], [-5.798, 55.392], [-5.718, 55.435], [-5.717, 55.578], [-5.672, 55.632], [-5.677, 55.683], [-5.479, 55.804], [-5.436, 55.858], [-5.605, 55.761], [-5.608, 55.793], [-5.667, 55.8], [-5.664, 55.847], [-5.572, 55.936], [-5.609, 55.929], [-5.676, 55.887], [-5.691, 55.911], [-5.567, 56.04], [-5.626, 56.024], [-5.693, 55.931], [-5.681, 55.965], [-5.715, 55.951], [-5.585, 56.092], [-5.528, 56.074], [-5.53, 56.1], [-5.569, 56.114], [-5.504, 56.189], [-5.525, 56.188], [-5.615, 56.132], [-5.544, 56.216], [-5.567, 56.237], [-5.484, 56.256], [-5.506, 56.27], [-5.597, 56.249], [-5.583, 56.317], [-5.609, 56.295], [-5.599, 56.28], [-5.622, 56.265], [-5.655, 56.298], [-5.444, 56.363], [-5.539, 56.359], [-5.463, 56.447], [-5.35, 56.46], [-5.247, 56.437], [-5.191, 56.448], [-5.067, 56.557], [-5.23, 56.447], [-5.34, 56.471], [-5.366, 56.458], [-5.41, 56.458], [-5.424, 56.502], [-5.474, 56.481], [-5.421, 56.526], [-5.381, 56.51], [-5.249, 56.549], [-5.366, 56.524], [-5.421, 56.547], [-5.299, 56.64], [-5.075, 56.607], [-4.924, 56.659], [-4.621, 56.647], [-4.628, 56.612], [-4.558, 56.57], [-4.693, 56.548], [-4.65, 56.527], [-4.676, 56.484], [-4.639, 56.472], [-4.722, 56.454], [-4.837, 56.37], [-4.776, 56.343], [-4.779, 56.318], [-4.649, 56.321], [-4.68, 56.198], [-4.598, 56.078], [-4.591, 55.942], [-4.79, 56.014], [-4.829, 56.078], [-4.825, 56.033], [-4.765, 55.988], [-4.855, 55.991], [-4.882, 56.057], [-4.753, 56.204], [-4.861, 56.1], [-4.884, 56.104], [-4.885, 56.146], [-4.916, 56.166], [-4.909, 56.111], [-4.874, 56.087], [-4.911, 56.05], [-4.895, 55.985], [-4.961, 55.99], [-4.907, 55.966], [-4.979, 55.86], [-5.046, 55.871], [-5.069, 55.952], [-5.124, 56.007], [-5.075, 55.899], [-5.178, 55.933], [-5.192, 55.98], [-5.202, 55.943], [-5.195, 55.932], [-5.241, 55.896], [-5.2, 55.83]]], [[[-4.671, 55.953], [-4.666, 55.951], [-4.671, 55.951], [-4.671, 55.953]]], [[[-5.195, 55.933], [-5.191, 55.933], [-5.192, 55.931], [-5.195, 55.933]]], [[[-5.24, 56.103], [-5.24, 56.1], [-5.244, 56.1], [-5.24, 56.103]]], [[[-5.305, 55.849], [-5.307, 55.847], [-5.311, 55.848], [-5.305, 55.849]]], [[[-5.325, 56.457], [-5.321, 56.455], [-5.325, 56.455], [-5.325, 56.457]]], [[[-5.332, 55.873], [-5.33, 55.871], [-5.333, 55.871], [-5.332, 55.873]]], [[[-5.34, 55.882], [-5.335, 55.88], [-5.34, 55.881], [-5.34, 55.882]]], [[[-5.341, 56.633], [-5.336, 56.63], [-5.343, 56.629], [-5.341, 56.633]]], [[[-5.381, 56.595], [-5.398, 56.578], [-5.404, 56.587], [-5.381, 56.595]]], [[[-5.389, 56.0], [-5.388, 55.997], [-5.39, 55.997], [-5.389, 56.0]]], [[[-5.398, 56.004], [-5.396, 55.999], [-5.401, 55.998], [-5.398, 56.004]]], [[[-5.406, 56.537], [-5.408, 56.527], [-5.421, 56.528], [-5.429, 56.525], [-5.406, 56.537]]], [[[-5.415, 56.566], [-5.422, 56.565], [-5.415, 56.568], [-5.415, 56.566]]], [[[-5.419, 56.563], [-5.419, 56.561], [-5.422, 56.56], [-5.419, 56.563]]], [[[-5.427, 56.562], [-5.505, 56.498], [-5.599, 56.461], [-5.572, 56.495], [-5.595, 56.492], [-5.427, 56.562]]], [[[-5.435, 56.459], [-5.428, 56.457], [-5.435, 56.456], [-5.435, 56.459]]], [[[-5.44, 56.561], [-5.439, 56.559], [-5.444, 56.558], [-5.44, 56.561]]], [[[-5.448, 56.556], [-5.451, 56.558], [-5.446, 56.559], [-5.448, 56.556]]], [[[-5.459, 56.52], [-5.46, 56.524], [-5.452, 56.526], [-5.459, 56.52]]], [[[-5.457, 55.837], [-5.461, 55.837], [-5.457, 55.839], [-5.457, 55.837]]], [[[-5.458, 56.556], [-5.459, 56.553], [-5.461, 56.553], [-5.458, 56.556]]], [[[-5.477, 56.554], [-5.477, 56.551], [-5.481, 56.552], [-5.477, 56.554]]], [[[-5.48, 55.808], [-5.48, 55.806], [-5.485, 55.806], [-5.48, 55.808]]], [[[-5.59, 56.38], [-5.488, 56.421], [-5.549, 56.373], [-5.59, 56.38]]], [[[-5.493, 56.432], [-5.491, 56.429], [-5.494, 56.43], [-5.493, 56.432]]], [[[-5.514, 56.488], [-5.506, 56.486], [-5.517, 56.484], [-5.514, 56.488]]], [[[-5.519, 56.477], [-5.511, 56.476], [-5.519, 56.475], [-5.519, 56.477]]], [[[-5.526, 56.487], [-5.519, 56.486], [-5.53, 56.483], [-5.526, 56.487]]], [[[-5.526, 56.168], [-5.547, 56.147], [-5.555, 56.147], [-5.526, 56.168]]], [[[-5.543, 56.173], [-5.532, 56.175], [-5.549, 56.165], [-5.543, 56.173]]], [[[-5.544, 55.429], [-5.536, 55.422], [-5.554, 55.425], [-5.544, 55.429]]], [[[-5.54, 56.416], [-5.536, 56.414], [-5.541, 56.413], [-5.54, 56.416]]], [[[-5.543, 56.094], [-5.54, 56.092], [-5.543, 56.093], [-5.543, 56.094]]], [[[-5.56, 56.162], [-5.558, 56.157], [-5.561, 56.157], [-5.56, 56.162]]], [[[-5.551, 56.255], [-5.553, 56.257], [-5.55, 56.258], [-5.551, 56.255]]], [[[-5.56, 56.144], [-5.558, 56.135], [-5.574, 56.128], [-5.56, 56.144]]], [[[-5.561, 56.214], [-5.563, 56.21], [-5.567, 56.21], [-5.561, 56.214]]], [[[-5.567, 56.157], [-5.562, 56.158], [-5.563, 56.155], [-5.567, 56.157]]], [[[-5.598, 55.279], [-5.566, 55.285], [-5.564, 55.281], [-5.598, 55.279]]], [[[-5.569, 56.092], [-5.565, 56.09], [-5.569, 56.09], [-5.569, 56.092]]], [[[-5.574, 56.207], [-5.568, 56.207], [-5.574, 56.206], [-5.574, 56.207]]], [[[-5.574, 55.29], [-5.569, 55.292], [-5.568, 55.29], [-5.574, 55.29]]], [[[-5.572, 56.223], [-5.572, 56.22], [-5.575, 56.22], [-5.572, 56.223]]], [[[-5.575, 56.113], [-5.575, 56.11], [-5.578, 56.11], [-5.575, 56.113]]], [[[-5.576, 56.123], [-5.575, 56.122], [-5.579, 56.121], [-5.576, 56.123]]], [[[-5.578, 56.24], [-5.575, 56.238], [-5.582, 56.238], [-5.578, 56.24]]], [[[-5.593, 56.333], [-5.589, 56.33], [-5.595, 56.33], [-5.593, 56.333]]], [[[-5.619, 56.212], [-5.589, 56.205], [-5.611, 56.196], [-5.619, 56.212]]], [[[-5.596, 55.763], [-5.593, 55.759], [-5.599, 55.759], [-5.596, 55.763]]], [[[-5.6, 56.294], [-5.596, 56.292], [-5.601, 56.293], [-5.6, 56.294]]], [[[-5.603, 56.383], [-5.599, 56.38], [-5.603, 56.381], [-5.603, 56.383]]], [[[-5.608, 56.011], [-5.6, 56.009], [-5.606, 56.007], [-5.608, 56.011]]], [[[-5.601, 56.457], [-5.609, 56.455], [-5.6, 56.46], [-5.601, 56.457]]], [[[-5.606, 56.159], [-5.603, 56.157], [-5.606, 56.157], [-5.606, 56.159]]], [[[-5.667, 56.237], [-5.629, 56.253], [-5.606, 56.26], [-5.636, 56.186], [-5.667, 56.237]]], [[[-5.614, 56.123], [-5.608, 56.122], [-5.616, 56.117], [-5.614, 56.123]]], [[[-5.619, 56.112], [-5.621, 56.113], [-5.616, 56.114], [-5.619, 56.112]]], [[[-5.625, 56.151], [-5.621, 56.147], [-5.626, 56.144], [-5.625, 56.151]]], [[[-5.623, 56.108], [-5.622, 56.107], [-5.626, 56.105], [-5.623, 56.108]]], [[[-5.624, 56.112], [-5.624, 56.11], [-5.626, 56.109], [-5.624, 56.112]]], [[[-5.63, 56.143], [-5.628, 56.142], [-5.63, 56.142], [-5.63, 56.143]]], [[[-5.634, 55.91], [-5.637, 55.907], [-5.638, 55.909], [-5.634, 55.91]]], [[[-5.648, 55.983], [-5.642, 55.983], [-5.649, 55.98], [-5.648, 55.983]]], [[[-5.644, 56.135], [-5.642, 56.131], [-5.649, 56.129], [-5.644, 56.135]]], [[[-6.126, 56.656], [-6.06, 56.635], [-6.069, 56.621], [-5.988, 56.579], [-5.952, 56.52], [-5.795, 56.515], [-5.652, 56.457], [-5.646, 56.425], [-5.678, 56.441], [-5.686, 56.437], [-5.652, 56.417], [-5.678, 56.384], [-5.744, 56.411], [-5.793, 56.366], [-5.689, 56.378], [-5.833, 56.31], [-5.889, 56.321], [-5.848, 56.343], [-5.874, 56.356], [-6.041, 56.293], [-6.245, 56.289], [-6.264, 56.264], [-6.354, 56.294], [-6.389, 56.289], [-6.351, 56.299], [-6.376, 56.31], [-6.35, 56.347], [-6.235, 56.316], [-6.252, 56.342], [-6.103, 56.343], [-5.986, 56.385], [-6.196, 56.358], [-6.208, 56.382], [-6.127, 56.45], [-6.055, 56.452], [-5.996, 56.489], [-6.242, 56.465], [-6.302, 56.477], [-6.311, 56.497], [-6.139, 56.492], [-6.341, 56.537], [-6.28, 56.577], [-6.324, 56.606], [-6.216, 56.597], [-6.229, 56.633], [-6.126, 56.656]]], [[[-5.663, 56.294], [-5.652, 56.29], [-5.664, 56.291], [-5.663, 56.294]]], [[[-5.661, 55.892], [-5.664, 55.891], [-5.658, 55.895], [-5.661, 55.892]]], [[[-5.677, 56.311], [-5.661, 56.314], [-5.675, 56.307], [-5.677, 56.311]]], [[[-5.672, 56.015], [-5.668, 56.013], [-5.675, 56.011], [-5.672, 56.015]]], [[[-5.689, 56.201], [-5.67, 56.168], [-5.752, 56.168], [-5.729, 56.189], [-5.689, 56.201]]], [[[-5.702, 56.22], [-5.685, 56.201], [-5.716, 56.21], [-5.702, 56.22]]], [[[-5.709, 56.149], [-5.689, 56.108], [-5.836, 55.971], [-5.872, 55.89], [-5.936, 55.867], [-5.963, 55.792], [-6.082, 55.821], [-6.093, 55.891], [-6.044, 55.94], [-5.917, 55.956], [-5.884, 55.974], [-6.008, 55.973], [-5.963, 56.029], [-5.709, 56.149]]], [[[-5.688, 55.897], [-5.689, 55.895], [-5.691, 55.895], [-5.688, 55.897]]], [[[-5.695, 56.253], [-5.689, 56.251], [-5.695, 56.251], [-5.695, 56.253]]], [[[-5.701, 55.917], [-5.697, 55.916], [-5.702, 55.915], [-5.701, 55.917]]], [[[-5.707, 55.942], [-5.71, 55.94], [-5.705, 55.945], [-5.707, 55.942]]], [[[-5.724, 56.233], [-5.716, 56.228], [-5.727, 56.228], [-5.724, 56.233]]], [[[-5.722, 55.73], [-5.717, 55.684], [-5.764, 55.645], [-5.776, 55.675], [-5.722, 55.73]]], [[[-5.722, 55.918], [-5.711, 55.92], [-5.722, 55.916], [-5.722, 55.918]]], [[[-5.721, 56.24], [-5.716, 56.235], [-5.725, 56.236], [-5.721, 56.24]]], [[[-5.721, 56.209], [-5.719, 56.206], [-5.724, 56.206], [-5.721, 56.209]]], [[[-5.74, 55.914], [-5.73, 55.916], [-5.737, 55.91], [-5.74, 55.914]]], [[[-5.744, 55.652], [-5.741, 55.647], [-5.745, 55.645], [-5.744, 55.652]]], [[[-5.772, 56.246], [-5.754, 56.241], [-5.777, 56.238], [-5.772, 56.246]]], [[[-5.759, 55.631], [-5.745, 55.63], [-5.758, 55.624], [-5.759, 55.631]]], [[[-5.774, 55.667], [-5.777, 55.663], [-5.778, 55.666], [-5.774, 55.667]]], [[[-5.787, 56.238], [-5.782, 56.234], [-5.795, 56.23], [-5.787, 56.238]]], [[[-5.815, 56.221], [-5.802, 56.217], [-5.82, 56.215], [-5.815, 56.221]]], [[[-5.81, 56.216], [-5.812, 56.213], [-5.816, 56.212], [-5.81, 56.216]]], [[[-5.84, 56.309], [-5.838, 56.307], [-5.84, 56.308], [-5.84, 56.309]]], [[[-5.912, 55.861], [-5.906, 55.859], [-5.911, 55.857], [-5.912, 55.861]]], [[[-5.909, 56.537], [-5.912, 56.535], [-5.914, 56.536], [-5.909, 56.537]]], [[[-5.912, 55.968], [-5.914, 55.969], [-5.911, 55.97], [-5.912, 55.968]]], [[[-5.926, 55.848], [-5.92, 55.847], [-5.926, 55.844], [-5.926, 55.848]]], [[[-5.93, 55.851], [-5.928, 55.848], [-5.931, 55.849], [-5.93, 55.851]]], [[[-5.935, 55.833], [-5.936, 55.838], [-5.928, 55.841], [-5.935, 55.833]]], [[[-5.972, 56.315], [-5.965, 56.313], [-5.973, 56.313], [-5.972, 56.315]]], [[[-5.987, 55.792], [-5.99, 55.785], [-5.998, 55.787], [-5.987, 55.792]]], [[[-6.026, 55.669], [-6.017, 55.668], [-6.027, 55.666], [-6.026, 55.669]]], [[[-6.124, 55.938], [-6.104, 55.813], [-6.046, 55.764], [-6.019, 55.685], [-6.075, 55.642], [-6.217, 55.63], [-6.267, 55.579], [-6.337, 55.589], [-6.324, 55.633], [-6.26, 55.66], [-6.341, 55.73], [-6.259, 55.783], [-6.347, 55.784], [-6.481, 55.673], [-6.526, 55.692], [-6.461, 55.752], [-6.456, 55.784], [-6.488, 55.793], [-6.455, 55.853], [-6.325, 55.892], [-6.346, 55.836], [-6.326, 55.825], [-6.312, 55.874], [-6.124, 55.938]]], [[[-6.025, 55.676], [-6.026, 55.673], [-6.025, 55.67], [-6.025, 55.676]]], [[[-6.03, 55.665], [-6.027, 55.663], [-6.031, 55.66], [-6.03, 55.665]]], [[[-6.051, 56.62], [-6.034, 56.619], [-6.029, 56.611], [-6.051, 56.62]]], [[[-6.041, 55.79], [-6.033, 55.792], [-6.033, 55.79], [-6.041, 55.79]]], [[[-6.043, 55.66], [-6.038, 55.656], [-6.05, 55.651], [-6.043, 55.66]]], [[[-6.073, 55.812], [-6.071, 55.81], [-6.078, 55.812], [-6.073, 55.812]]], [[[-6.098, 56.467], [-6.075, 56.465], [-6.101, 56.464], [-6.098, 56.467]]], [[[-6.149, 55.618], [-6.141, 55.612], [-6.154, 55.615], [-6.149, 55.618]]], [[[-6.146, 56.133], [-6.186, 56.041], [-6.28, 56.037], [-6.246, 56.086], [-6.146, 56.133]]], [[[-6.138, 56.45], [-6.134, 56.452], [-6.134, 56.45], [-6.138, 56.45]]], [[[-6.166, 56.444], [-6.148, 56.445], [-6.165, 56.435], [-6.166, 56.444]]], [[[-6.176, 56.46], [-6.165, 56.457], [-6.176, 56.457], [-6.176, 56.46]]], [[[-6.184, 55.622], [-6.182, 55.621], [-6.191, 55.62], [-6.184, 55.622]]], [[[-6.28, 56.016], [-6.21, 56.028], [-6.206, 56.02], [-6.28, 56.016]]], [[[-6.211, 56.639], [-6.214, 56.637], [-6.214, 56.639], [-6.211, 56.639]]], [[[-6.22, 56.462], [-6.216, 56.46], [-6.22, 56.46], [-6.22, 56.462]]], [[[-6.218, 56.005], [-6.223, 56.006], [-6.218, 56.008], [-6.218, 56.005]]], [[[-6.223, 56.464], [-6.222, 56.462], [-6.228, 56.462], [-6.223, 56.464]]], [[[-6.232, 55.999], [-6.234, 55.992], [-6.24, 55.993], [-6.232, 55.999]]], [[[-6.245, 56.463], [-6.233, 56.458], [-6.243, 56.458], [-6.245, 56.463]]], [[[-6.249, 56.03], [-6.242, 56.029], [-6.251, 56.028], [-6.249, 56.03]]], [[[-6.245, 56.412], [-6.245, 56.41], [-6.249, 56.411], [-6.245, 56.412]]], [[[-6.267, 56.45], [-6.251, 56.453], [-6.249, 56.448], [-6.267, 56.45]]], [[[-6.251, 56.326], [-6.251, 56.323], [-6.255, 56.325], [-6.251, 56.326]]], [[[-6.274, 56.0], [-6.266, 55.999], [-6.28, 55.998], [-6.274, 56.0]]], [[[-6.306, 56.474], [-6.303, 56.469], [-6.31, 56.471], [-6.306, 56.474]]], [[[-6.341, 55.901], [-6.337, 55.896], [-6.345, 55.897], [-6.341, 55.901]]], [[[-6.346, 56.437], [-6.338, 56.432], [-6.344, 56.431], [-6.346, 56.437]]], [[[-6.356, 56.275], [-6.342, 56.271], [-6.356, 56.273], [-6.356, 56.275]]], [[[-6.357, 56.283], [-6.352, 56.28], [-6.357, 56.28], [-6.357, 56.283]]], [[[-6.353, 55.89], [-6.355, 55.888], [-6.357, 55.888], [-6.353, 55.89]]], [[[-6.372, 56.337], [-6.367, 56.335], [-6.372, 56.333], [-6.372, 56.337]]], [[[-6.379, 56.354], [-6.375, 56.352], [-6.38, 56.352], [-6.379, 56.354]]], [[[-6.384, 56.519], [-6.375, 56.518], [-6.384, 56.517], [-6.384, 56.519]]], [[[-6.385, 56.301], [-6.381, 56.297], [-6.387, 56.298], [-6.385, 56.301]]], [[[-6.386, 56.352], [-6.409, 56.313], [-6.447, 56.315], [-6.429, 56.338], [-6.386, 56.352]]], [[[-6.399, 56.51], [-6.389, 56.506], [-6.399, 56.505], [-6.399, 56.51]]], [[[-6.392, 56.289], [-6.39, 56.286], [-6.394, 56.286], [-6.392, 56.289]]], [[[-6.415, 56.504], [-6.411, 56.504], [-6.415, 56.501], [-6.415, 56.504]]], [[[-6.427, 56.498], [-6.417, 56.49], [-6.434, 56.482], [-6.427, 56.498]]], [[[-6.444, 56.705], [-6.441, 56.703], [-6.446, 56.704], [-6.444, 56.705]]], [[[-6.456, 56.698], [-6.443, 56.694], [-6.457, 56.696], [-6.456, 56.698]]], [[[-6.454, 56.704], [-6.449, 56.7], [-6.456, 56.7], [-6.454, 56.704]]], [[[-6.461, 56.287], [-6.454, 56.283], [-6.461, 56.286], [-6.461, 56.287]]], [[[-6.468, 56.692], [-6.467, 56.653], [-6.525, 56.628], [-6.549, 56.594], [-6.624, 56.592], [-6.642, 56.572], [-6.672, 56.583], [-6.689, 56.562], [-6.71, 56.575], [-6.468, 56.692]]], [[[-6.459, 56.349], [-6.461, 56.347], [-6.47, 56.347], [-6.459, 56.349]]], [[[-6.469, 56.465], [-6.48, 56.455], [-6.485, 56.448], [-6.479, 56.461], [-6.469, 56.465]]], [[[-6.516, 55.671], [-6.506, 55.673], [-6.505, 55.671], [-6.516, 55.671]]], [[[-6.517, 56.617], [-6.514, 56.619], [-6.512, 56.616], [-6.517, 56.617]]], [[[-6.524, 55.68], [-6.517, 55.684], [-6.513, 55.679], [-6.524, 55.68]]], [[[-6.527, 56.609], [-6.521, 56.605], [-6.526, 56.604], [-6.527, 56.609]]], [[[-6.534, 55.697], [-6.529, 55.695], [-6.535, 55.693], [-6.534, 55.697]]], [[[-6.541, 56.673], [-6.541, 56.67], [-6.545, 56.671], [-6.541, 56.673]]], [[[-6.564, 56.593], [-6.56, 56.592], [-6.564, 56.588], [-6.564, 56.593]]], [[[-6.635, 56.565], [-6.628, 56.569], [-6.629, 56.562], [-6.635, 56.565]]], [[[-6.696, 56.56], [-6.697, 56.561], [-6.695, 56.562], [-6.696, 56.56]]], [[[-6.734, 56.563], [-6.706, 56.565], [-6.734, 56.56], [-6.734, 56.563]]], [[[-6.754, 56.557], [-6.726, 56.527], [-6.805, 56.524], [-6.813, 56.489], [-6.877, 56.489], [-6.91, 56.44], [-6.98, 56.452], [-7.0, 56.501], [-6.754, 56.557]]], [[[-6.77, 56.514], [-6.757, 56.518], [-6.753, 56.513], [-6.77, 56.514]]], [[[-6.768, 56.522], [-6.764, 56.52], [-6.769, 56.52], [-6.768, 56.522]]]]}}, {"type": "Feature", "properties": {"name": "Dumfries and Galloway", "country": "UK"}, "geometry": {"type": "MultiPolygon", "coordinates": [[[[-3.976, 55.462], [-3.826, 55.446], [-3.642, 55.29], [-3.572, 55.33], [-3.568, 55.384], [-3.5, 55.41], [-3.24, 55.426], [-3.303, 55.385], [-3.304, 55.343], [-3.208, 55.372], [-3.104, 55.352], [-3.034, 55.273], [-2.879, 55.272], [-2.906, 55.243], [-2.864, 55.231], [-2.889, 55.155], [-2.851, 55.112], [-2.951, 55.041], [-3.033, 55.053], [-3.05, 54.985], [-3.148, 54.963], [-3.436, 54.992], [-3.528, 54.967], [-3.576, 55.004], [-3.586, 54.931], [-3.562, 54.907], [-3.594, 54.872], [-3.703, 54.884], [-3.789, 54.853], [-3.82, 54.891], [-3.807, 54.845], [-3.86, 54.847], [-3.824, 54.823], [-3.98, 54.768], [-4.066, 54.781], [-4.046, 54.813], [-4.073, 54.819], [-4.044, 54.844], [-4.046, 54.85], [-4.09, 54.813], [-4.106, 54.767], [-4.21, 54.813], [-4.209, 54.864], [-4.304, 54.843], [-4.363, 54.863], [-4.397, 54.917], [-4.419, 54.932], [-4.454, 54.938], [-4.399, 54.914], [-4.43, 54.865], [-4.41, 54.828], [-4.34, 54.8], [-4.371, 54.774], [-4.35, 54.708], [-4.392, 54.677], [-4.848, 54.868], [-4.961, 54.805], [-4.856, 54.633], [-4.966, 54.664], [-4.956, 54.728], [-5.185, 54.912], [-5.161, 55.008], [-5.093, 55.016], [-5.055, 54.965], [-5.064, 54.928], [-5.013, 54.907], [-4.989, 54.918], [-5.039, 54.992], [-4.631, 55.054], [-4.648, 55.12], [-4.551, 55.159], [-4.437, 55.176], [-4.419, 55.143], [-4.297, 55.308], [-4.189, 55.314], [-4.135, 55.284], [-4.086, 55.347], [-4.094, 55.396], [-3.976, 55.462]]], [[[-3.806, 54.86], [-3.8, 54.86], [-3.8, 54.858], [-3.806, 54.86]]], [[[-3.812, 54.836], [-3.808, 54.831], [-3.812, 54.83], [-3.812, 54.836]]], [[[-4.088, 54.768], [-4.083, 54.765], [-4.089, 54.765], [-4.088, 54.768]]], [[[-4.21, 54.812], [-4.212, 54.806], [-4.217, 54.807], [-4.21, 54.812]]], [[[-4.229, 54.82], [-4.221, 54.817], [-4.229, 54.817], [-4.229, 54.82]]], [[[-4.244, 54.825], [-4.238, 54.826], [-4.238, 54.82], [-4.244, 54.825]]], [[[-4.701, 54.666], [-4.702, 54.664], [-4.704, 54.664], [-4.701, 54.666]]]]}}, {"type": "Feature", "properties": {"name": "Eilean Siar", "country": "UK"}, "geometry": {"type": "MultiPolygon", "coordinates": [[[[-5.813, 59.115], [-5.81, 59.113], [-5.812, 59.112], [-5.813, 59.115]]], [[[-5.848, 59.119], [-5.812, 59.118], [-5.841, 59.115], [-5.848, 59.119]]], [[[-6.424, 58.047], [-6.359, 58.029], [-6.388, 57.999], [-6.466, 58.018], [-6.574, 58.004], [-6.448, 57.978], [-6.518, 57.927], [-6.548, 57.957], [-6.536, 57.918], [-6.571, 57.909], [-6.644, 57.962], [-6.605, 57.917], [-6.658, 57.92], [-6.709, 57.967], [-6.713, 58.013], [-6.669, 58.04], [-6.665, 58.054], [-6.599, 58.053], [-6.688, 58.057], [-6.671, 58.044], [-6.757, 58.003], [-6.756, 57.993], [-6.665, 57.881], [-6.803, 57.897], [-6.804, 57.868], [-6.735, 57.827], [-6.794, 57.834], [-6.787, 57.805], [-6.825, 57.802], [-6.826, 57.815], [-6.854, 57.83], [-6.834, 57.815], [-6.885, 57.793], [-6.871, 57.774], [-6.912, 57.782], [-6.899, 57.763], [-6.94, 57.755], [-6.955, 57.733], [-6.976, 57.742], [-6.966, 57.727], [-7.134, 57.836], [-7.076, 57.813], [-6.992, 57.869], [-6.907, 57.869], [-6.961, 57.887], [-6.949, 57.905], [-6.815, 57.901], [-6.903, 57.949], [-7.115, 57.989], [-7.084, 58.02], [-6.906, 58.049], [-7.04, 58.033], [-7.065, 58.044], [-7.022, 58.054], [-7.061, 58.055], [-7.024, 58.07], [-7.03, 58.081], [-7.101, 58.069], [-7.136, 58.128], [-7.091, 58.163], [-7.1, 58.187], [-7.016, 58.183], [-7.067, 58.195], [-7.05, 58.232], [-6.907, 58.214], [-6.961, 58.203], [-6.933, 58.189], [-6.892, 58.186], [-6.888, 58.149], [-6.861, 58.116], [-6.877, 58.19], [-6.826, 58.205], [-6.734, 58.167], [-6.71, 58.185], [-6.81, 58.253], [-6.82, 58.274], [-6.789, 58.277], [-6.83, 58.283], [-6.806, 58.303], [-6.548, 58.366], [-6.26, 58.52], [-6.181, 58.469], [-6.167, 58.417], [-6.217, 58.367], [-6.162, 58.342], [-6.321, 58.268], [-6.347, 58.228], [-6.284, 58.207], [-6.136, 58.261], [-6.152, 58.221], [-6.249, 58.179], [-6.394, 58.208], [-6.367, 58.153], [-6.416, 58.142], [-6.419, 58.138], [-6.369, 58.132], [-6.486, 58.141], [-6.428, 58.12], [-6.633, 58.083], [-6.43, 58.092], [-6.39, 58.108], [-6.399, 58.087], [-6.366, 58.056], [-6.424, 58.047]]], [[[-6.161, 59.098], [-6.153, 59.094], [-6.162, 59.093], [-6.161, 59.098]]], [[[-6.2, 58.19], [-6.2, 58.189], [-6.204, 58.188], [-6.2, 58.19]]], [[[-6.254, 58.285], [-6.264, 58.283], [-6.265, 58.284], [-6.254, 58.285]]], [[[-6.269, 58.288], [-6.255, 58.285], [-6.27, 58.286], [-6.269, 58.288]]], [[[-6.343, 57.901], [-6.333, 57.902], [-6.322, 57.898], [-6.343, 57.901]]], [[[-6.382, 57.902], [-6.348, 57.891], [-6.353, 57.879], [-6.382, 57.902]]], [[[-6.383, 58.096], [-6.373, 58.097], [-6.371, 58.09], [-6.383, 58.096]]], [[[-6.38, 58.121], [-6.375, 58.12], [-6.383, 58.117], [-6.38, 58.121]]], [[[-6.384, 58.1], [-6.389, 58.102], [-6.378, 58.101], [-6.384, 58.1]]], [[[-6.384, 58.1], [-6.378, 58.098], [-6.383, 58.098], [-6.384, 58.1]]], [[[-6.389, 58.12], [-6.384, 58.118], [-6.389, 58.118], [-6.389, 58.12]]], [[[-6.388, 57.898], [-6.386, 57.897], [-6.395, 57.897], [-6.388, 57.898]]], [[[-6.405, 58.127], [-6.401, 58.124], [-6.405, 58.124], [-6.405, 58.127]]], [[[-6.404, 57.899], [-6.402, 57.897], [-6.41, 57.897], [-6.404, 57.899]]], [[[-6.418, 58.126], [-6.414, 58.121], [-6.419, 58.122], [-6.418, 58.126]]], [[[-6.444, 58.005], [-6.411, 57.997], [-6.451, 58.0], [-6.444, 58.005]]], [[[-6.424, 58.125], [-6.421, 58.123], [-6.427, 58.124], [-6.424, 58.125]]], [[[-6.452, 58.101], [-6.43, 58.104], [-6.441, 58.099], [-6.452, 58.101]]], [[[-6.479, 58.1], [-6.469, 58.101], [-6.469, 58.1], [-6.479, 58.1]]], [[[-6.621, 57.909], [-6.619, 57.907], [-6.624, 57.908], [-6.621, 57.909]]], [[[-6.628, 57.913], [-6.626, 57.912], [-6.63, 57.912], [-6.628, 57.913]]], [[[-6.7, 57.88], [-6.657, 57.873], [-6.64, 57.856], [-6.691, 57.851], [-6.7, 57.88]]], [[[-6.695, 57.852], [-6.693, 57.85], [-6.697, 57.851], [-6.695, 57.852]]], [[[-6.704, 57.856], [-6.699, 57.853], [-6.708, 57.855], [-6.704, 57.856]]], [[[-6.71, 57.869], [-6.709, 57.867], [-6.712, 57.868], [-6.71, 57.869]]], [[[-6.719, 57.858], [-6.713, 57.862], [-6.71, 57.858], [-6.719, 57.858]]], [[[-6.741, 58.002], [-6.713, 57.992], [-6.725, 57.985], [-6.741, 58.002]]], [[[-6.724, 57.864], [-6.716, 57.868], [-6.716, 57.864], [-6.724, 57.864]]], [[[-6.732, 58.181], [-6.727, 58.178], [-6.73, 58.177], [-6.732, 58.181]]], [[[-6.729, 57.846], [-6.727, 57.844], [-6.732, 57.845], [-6.729, 57.846]]], [[[-6.737, 57.843], [-6.735, 57.84], [-6.739, 57.84], [-6.737, 57.843]]], [[[-6.739, 57.85], [-6.735, 57.848], [-6.742, 57.849], [-6.739, 57.85]]], [[[-6.756, 57.876], [-6.737, 57.875], [-6.738, 57.873], [-6.756, 57.876]]], [[[-6.741, 57.871], [-6.739, 57.869], [-6.742, 57.87], [-6.741, 57.871]]], [[[-6.744, 58.19], [-6.742, 58.189], [-6.745, 58.188], [-6.744, 58.19]]], [[[-6.777, 58.2], [-6.765, 58.201], [-6.764, 58.193], [-6.777, 58.2]]], [[[-6.776, 58.213], [-6.766, 58.213], [-6.767, 58.211], [-6.776, 58.213]]], [[[-6.781, 57.818], [-6.776, 57.818], [-6.777, 57.817], [-6.781, 57.818]]], [[[-6.78, 57.882], [-6.779, 57.882], [-6.785, 57.883], [-6.78, 57.882]]], [[[-6.888, 58.272], [-6.786, 58.225], [-6.783, 58.2], [-6.806, 58.207], [-6.867, 58.207], [-6.888, 58.272]]], [[[-6.786, 57.887], [-6.782, 57.885], [-6.787, 57.886], [-6.786, 57.887]]], [[[-6.835, 58.285], [-6.83, 58.287], [-6.831, 58.283], [-6.835, 58.285]]], [[[-6.864, 58.198], [-6.862, 58.196], [-6.865, 58.196], [-6.864, 58.198]]], [[[-6.868, 58.197], [-6.865, 58.195], [-6.867, 58.194], [-6.868, 58.197]]], [[[-6.876, 58.273], [-6.87, 58.274], [-6.867, 58.27], [-6.876, 58.273]]], [[[-6.879, 58.28], [-6.876, 58.277], [-6.881, 58.278], [-6.879, 58.28]]], [[[-6.88, 58.292], [-6.875, 58.29], [-6.883, 58.289], [-6.88, 58.292]]], [[[-6.895, 58.206], [-6.889, 58.214], [-6.877, 58.208], [-6.895, 58.206]]], [[[-6.879, 58.221], [-6.878, 58.218], [-6.883, 58.218], [-6.879, 58.221]]], [[[-6.881, 58.273], [-6.878, 58.271], [-6.882, 58.271], [-6.881, 58.273]]], [[[-6.888, 58.179], [-6.88, 58.177], [-6.882, 58.175], [-6.888, 58.179]]], [[[-6.889, 58.196], [-6.886, 58.192], [-6.889, 58.194], [-6.889, 58.196]]], [[[-6.89, 57.918], [-6.884, 57.915], [-6.895, 57.917], [-6.89, 57.918]]], [[[-6.888, 57.771], [-6.885, 57.769], [-6.89, 57.77], [-6.888, 57.771]]], [[[-6.886, 58.186], [-6.888, 58.183], [-6.89, 58.183], [-6.886, 58.186]]], [[[-6.891, 58.246], [-6.891, 58.243], [-6.895, 58.244], [-6.891, 58.246]]], [[[-6.893, 57.767], [-6.892, 57.766], [-6.897, 57.766], [-6.893, 57.767]]], [[[-6.904, 58.196], [-6.894, 58.197], [-6.893, 58.193], [-6.904, 58.196]]], [[[-6.911, 58.266], [-6.904, 58.268], [-6.903, 58.267], [-6.911, 58.266]]], [[[-6.916, 58.275], [-6.907, 58.278], [-6.907, 58.277], [-6.916, 58.275]]], [[[-6.923, 58.232], [-6.908, 58.225], [-6.923, 58.225], [-6.923, 58.232]]], [[[-6.922, 58.285], [-6.914, 58.284], [-6.926, 58.282], [-6.922, 58.285]]], [[[-6.923, 58.198], [-6.92, 58.198], [-6.92, 58.197], [-6.923, 58.198]]], [[[-6.935, 58.193], [-6.923, 58.197], [-6.921, 58.189], [-6.935, 58.193]]], [[[-6.931, 58.262], [-6.927, 58.26], [-6.932, 58.26], [-6.931, 58.262]]], [[[-6.936, 57.754], [-6.928, 57.753], [-6.937, 57.752], [-6.936, 57.754]]], [[[-6.95, 58.235], [-6.935, 58.241], [-6.93, 58.229], [-6.95, 58.235]]], [[[-6.984, 57.943], [-6.96, 57.94], [-6.957, 57.933], [-6.984, 57.943]]], [[[-7.001, 57.922], [-7.009, 57.88], [-7.08, 57.876], [-7.086, 57.894], [-7.001, 57.922]]], [[[-6.995, 57.716], [-6.995, 57.715], [-6.998, 57.714], [-6.995, 57.716]]], [[[-7.005, 57.706], [-6.999, 57.709], [-6.998, 57.705], [-7.005, 57.706]]], [[[-7.009, 57.698], [-7.01, 57.697], [-7.014, 57.696], [-7.009, 57.698]]], [[[-7.017, 57.699], [-7.01, 57.701], [-7.01, 57.699], [-7.017, 57.699]]], [[[-7.023, 57.692], [-7.019, 57.692], [-7.013, 57.691], [-7.023, 57.692]]], [[[-7.017, 57.714], [-7.014, 57.712], [-7.019, 57.713], [-7.017, 57.714]]], [[[-7.019, 57.725], [-7.016, 57.722], [-7.02, 57.723], [-7.019, 57.725]]], [[[-7.041, 57.705], [-7.024, 57.7], [-7.041, 57.703], [-7.041, 57.705]]], [[[-7.034, 57.763], [-7.031, 57.762], [-7.036, 57.762], [-7.034, 57.763]]], [[[-7.04, 57.665], [-7.039, 57.662], [-7.043, 57.662], [-7.04, 57.665]]], [[[-7.055, 57.662], [-7.045, 57.651], [-7.06, 57.653], [-7.055, 57.662]]], [[[-7.053, 57.771], [-7.048, 57.768], [-7.051, 57.768], [-7.053, 57.771]]], [[[-7.055, 57.727], [-7.051, 57.725], [-7.055, 57.725], [-7.055, 57.727]]], [[[-7.055, 57.731], [-7.052, 57.728], [-7.057, 57.728], [-7.055, 57.731]]], [[[-7.055, 57.7], [-7.053, 57.698], [-7.057, 57.699], [-7.055, 57.7]]], [[[-7.056, 57.772], [-7.053, 57.77], [-7.056, 57.77], [-7.056, 57.772]]], [[[-7.054, 57.754], [-7.054, 57.752], [-7.057, 57.752], [-7.054, 57.754]]], [[[-7.092, 57.738], [-7.08, 57.743], [-7.058, 57.732], [-7.092, 57.738]]], [[[-7.065, 57.666], [-7.059, 57.662], [-7.063, 57.663], [-7.065, 57.666]]], [[[-7.074, 57.677], [-7.061, 57.675], [-7.06, 57.671], [-7.074, 57.677]]], [[[-7.066, 57.649], [-7.061, 57.647], [-7.067, 57.648], [-7.066, 57.649]]], [[[-7.065, 57.656], [-7.061, 57.655], [-7.066, 57.655], [-7.065, 57.656]]], [[[-7.192, 57.698], [-7.156, 57.677], [-7.171, 57.653], [-7.145, 57.65], [-7.129, 57.664], [-7.139, 57.648], [-7.138, 57.644], [-7.131, 57.642], [-7.096, 57.668], [-7.097, 57.653], [-7.062, 57.64], [-7.1, 57.607], [-7.116, 57.632], [-7.183, 57.619], [-7.151, 57.615], [-7.164, 57.596], [-7.155, 57.588], [-7.1, 57.594], [-7.119, 57.564], [-7.257, 57.553], [-7.134, 57.554], [-7.148, 57.509], [-7.281, 57.515], [-7.322, 57.509], [-7.325, 57.533], [-7.356, 57.548], [-7.347, 57.554], [-7.436, 57.586], [-7.489, 57.566], [-7.549, 57.601], [-7.517, 57.604], [-7.495, 57.66], [-7.384, 57.635], [-7.315, 57.694], [-7.337, 57.66], [-7.284, 57.643], [-7.312, 57.662], [-7.265, 57.648], [-7.192, 57.698]]], [[[-7.076, 57.662], [-7.065, 57.66], [-7.076, 57.657], [-7.076, 57.662]]], [[[-7.069, 58.03], [-7.066, 58.028], [-7.068, 58.027], [-7.069, 58.03]]], [[[-7.07, 57.785], [-7.068, 57.785], [-7.073, 57.784], [-7.07, 57.785]]], [[[-7.078, 57.682], [-7.074, 57.679], [-7.079, 57.68], [-7.078, 57.682]]], [[[-7.099, 57.767], [-7.07, 57.76], [-7.074, 57.751], [-7.099, 57.767]]], [[[-7.079, 57.67], [-7.074, 57.673], [-7.074, 57.67], [-7.079, 57.67]]], [[[-7.086, 57.655], [-7.084, 57.653], [-7.088, 57.654], [-7.086, 57.655]]], [[[-7.089, 57.673], [-7.087, 57.671], [-7.088, 57.671], [-7.089, 57.673]]], [[[-7.096, 58.027], [-7.088, 58.024], [-7.095, 58.022], [-7.096, 58.027]]], [[[-7.098, 58.064], [-7.091, 58.065], [-7.089, 58.063], [-7.098, 58.064]]], [[[-7.109, 57.669], [-7.096, 57.672], [-7.096, 57.67], [-7.109, 57.669]]], [[[-7.171, 58.026], [-7.107, 58.029], [-7.1, 58.005], [-7.171, 58.026]]], [[[-7.104, 57.752], [-7.101, 57.749], [-7.108, 57.751], [-7.104, 57.752]]], [[[-7.113, 57.757], [-7.109, 57.755], [-7.115, 57.756], [-7.113, 57.757]]], [[[-7.11, 58.179], [-7.11, 58.176], [-7.116, 58.177], [-7.11, 58.179]]], [[[-7.124, 57.674], [-7.114, 57.669], [-7.126, 57.671], [-7.124, 57.674]]], [[[-7.14, 58.083], [-7.116, 58.072], [-7.137, 58.075], [-7.14, 58.083]]], [[[-7.124, 57.654], [-7.117, 57.653], [-7.125, 57.652], [-7.124, 57.654]]], [[[-7.128, 57.609], [-7.121, 57.616], [-7.117, 57.608], [-7.128, 57.609]]], [[[-7.13, 58.105], [-7.124, 58.107], [-7.124, 58.104], [-7.13, 58.105]]], [[[-7.141, 57.622], [-7.133, 57.622], [-7.131, 57.62], [-7.141, 57.622]]], [[[-7.134, 57.647], [-7.131, 57.645], [-7.135, 57.644], [-7.134, 57.647]]], [[[-7.139, 57.604], [-7.133, 57.602], [-7.14, 57.603], [-7.139, 57.604]]], [[[-7.135, 58.095], [-7.133, 58.093], [-7.138, 58.094], [-7.135, 58.095]]], [[[-7.159, 57.618], [-7.14, 57.621], [-7.134, 57.617], [-7.159, 57.618]]], [[[-7.138, 57.598], [-7.137, 57.597], [-7.143, 57.597], [-7.138, 57.598]]], [[[-7.153, 58.04], [-7.144, 58.037], [-7.153, 58.039], [-7.153, 58.04]]], [[[-7.144, 57.715], [-7.14, 57.713], [-7.146, 57.714], [-7.144, 57.715]]], [[[-7.153, 57.508], [-7.141, 57.507], [-7.159, 57.505], [-7.153, 57.508]]], [[[-7.146, 57.611], [-7.141, 57.608], [-7.148, 57.61], [-7.146, 57.611]]], [[[-7.157, 57.503], [-7.143, 57.5], [-7.165, 57.499], [-7.157, 57.503]]], [[[-7.229, 57.704], [-7.144, 57.729], [-7.179, 57.701], [-7.229, 57.704]]], [[[-7.154, 57.602], [-7.15, 57.601], [-7.156, 57.601], [-7.154, 57.602]]], [[[-7.152, 57.658], [-7.151, 57.656], [-7.16, 57.656], [-7.152, 57.658]]], [[[-7.155, 57.663], [-7.156, 57.662], [-7.16, 57.662], [-7.155, 57.663]]], [[[-7.205, 57.503], [-7.167, 57.502], [-7.157, 57.483], [-7.195, 57.472], [-7.189, 57.482], [-7.204, 57.498], [-7.18, 57.495], [-7.205, 57.503]]], [[[-7.167, 57.506], [-7.161, 57.505], [-7.169, 57.506], [-7.167, 57.506]]], [[[-7.165, 57.83], [-7.168, 57.826], [-7.173, 57.828], [-7.165, 57.83]]], [[[-7.173, 57.695], [-7.165, 57.691], [-7.18, 57.694], [-7.173, 57.695]]], [[[-7.179, 57.452], [-7.176, 57.45], [-7.183, 57.451], [-7.179, 57.452]]], [[[-7.193, 57.453], [-7.185, 57.458], [-7.183, 57.454], [-7.193, 57.453]]], [[[-7.189, 57.412], [-7.21, 57.383], [-7.234, 57.39], [-7.213, 57.408], [-7.189, 57.412]]], [[[-7.201, 57.432], [-7.191, 57.433], [-7.189, 57.43], [-7.201, 57.432]]], [[[-7.432, 57.385], [-7.368, 57.404], [-7.38, 57.397], [-7.239, 57.352], [-7.271, 57.348], [-7.215, 57.351], [-7.294, 57.338], [-7.191, 57.299], [-7.259, 57.225], [-7.346, 57.236], [-7.26, 57.208], [-7.265, 57.195], [-7.244, 57.163], [-7.347, 57.151], [-7.246, 57.136], [-7.21, 57.117], [-7.227, 57.095], [-7.415, 57.128], [-7.423, 57.217], [-7.46, 57.242], [-7.397, 57.302], [-7.432, 57.385]]], [[[-7.201, 57.484], [-7.194, 57.48], [-7.202, 57.481], [-7.201, 57.484]]], [[[-7.199, 57.426], [-7.194, 57.427], [-7.195, 57.424], [-7.199, 57.426]]], [[[-7.411, 57.472], [-7.309, 57.492], [-7.336, 57.481], [-7.3, 57.489], [-7.267, 57.466], [-7.2, 57.46], [-7.211, 57.454], [-7.232, 57.461], [-7.237, 57.46], [-7.24, 57.451], [-7.233, 57.454], [-7.219, 57.45], [-7.21, 57.449], [-7.21, 57.445], [-7.271, 57.444], [-7.196, 57.413], [-7.268, 57.407], [-7.238, 57.395], [-7.262, 57.387], [-7.393, 57.423], [-7.411, 57.472]]], [[[-7.215, 57.785], [-7.215, 57.762], [-7.267, 57.77], [-7.255, 57.782], [-7.215, 57.785]]], [[[-7.3, 57.489], [-7.22, 57.505], [-7.214, 57.49], [-7.2, 57.479], [-7.3, 57.489]]], [[[-7.206, 57.507], [-7.204, 57.506], [-7.21, 57.507], [-7.206, 57.507]]], [[[-7.211, 57.47], [-7.205, 57.468], [-7.211, 57.468], [-7.211, 57.47]]], [[[-7.218, 57.347], [-7.206, 57.345], [-7.22, 57.34], [-7.218, 57.347]]], [[[-7.213, 57.357], [-7.211, 57.355], [-7.216, 57.356], [-7.213, 57.357]]], [[[-7.218, 57.505], [-7.213, 57.506], [-7.214, 57.503], [-7.218, 57.505]]], [[[-7.229, 57.33], [-7.22, 57.328], [-7.233, 57.326], [-7.229, 57.33]]], [[[-7.235, 57.455], [-7.22, 57.455], [-7.22, 57.452], [-7.235, 57.455]]], [[[-7.225, 57.353], [-7.222, 57.351], [-7.229, 57.351], [-7.225, 57.353]]], [[[-7.23, 57.444], [-7.224, 57.441], [-7.235, 57.442], [-7.23, 57.444]]], [[[-7.225, 57.085], [-7.226, 57.083], [-7.232, 57.084], [-7.225, 57.085]]], [[[-7.23, 57.402], [-7.229, 57.399], [-7.24, 57.4], [-7.23, 57.402]]], [[[-7.232, 57.387], [-7.229, 57.385], [-7.239, 57.386], [-7.232, 57.387]]], [[[-7.236, 57.476], [-7.231, 57.475], [-7.239, 57.475], [-7.236, 57.476]]], [[[-7.238, 57.391], [-7.232, 57.388], [-7.239, 57.39], [-7.238, 57.391]]], [[[-7.246, 57.382], [-7.234, 57.381], [-7.234, 57.38], [-7.246, 57.382]]], [[[-7.254, 57.188], [-7.241, 57.193], [-7.24, 57.19], [-7.254, 57.188]]], [[[-7.244, 57.36], [-7.243, 57.359], [-7.25, 57.359], [-7.244, 57.36]]], [[[-7.258, 57.796], [-7.244, 57.803], [-7.244, 57.8], [-7.258, 57.796]]], [[[-7.252, 57.39], [-7.244, 57.388], [-7.252, 57.387], [-7.252, 57.39]]], [[[-7.248, 57.758], [-7.244, 57.757], [-7.252, 57.757], [-7.248, 57.758]]], [[[-7.259, 57.689], [-7.246, 57.685], [-7.26, 57.685], [-7.259, 57.689]]], [[[-7.261, 57.37], [-7.254, 57.367], [-7.262, 57.369], [-7.261, 57.37]]], [[[-7.264, 57.144], [-7.254, 57.141], [-7.267, 57.142], [-7.264, 57.144]]], [[[-7.281, 57.48], [-7.257, 57.479], [-7.257, 57.47], [-7.281, 57.48]]], [[[-7.261, 57.797], [-7.259, 57.795], [-7.265, 57.796], [-7.261, 57.797]]], [[[-7.266, 57.467], [-7.263, 57.47], [-7.263, 57.469], [-7.266, 57.467]]], [[[-7.271, 57.095], [-7.266, 57.094], [-7.274, 57.095], [-7.271, 57.095]]], [[[-7.268, 57.215], [-7.267, 57.211], [-7.269, 57.213], [-7.268, 57.215]]], [[[-7.278, 57.092], [-7.281, 57.057], [-7.308, 57.057], [-7.314, 57.09], [-7.278, 57.092]]], [[[-7.3, 57.707], [-7.275, 57.717], [-7.275, 57.702], [-7.3, 57.707]]], [[[-7.293, 57.982], [-7.284, 57.985], [-7.284, 57.983], [-7.293, 57.982]]], [[[-7.289, 57.738], [-7.287, 57.737], [-7.293, 57.737], [-7.289, 57.738]]], [[[-7.295, 57.147], [-7.29, 57.15], [-7.289, 57.147], [-7.295, 57.147]]], [[[-7.305, 57.048], [-7.298, 57.042], [-7.304, 57.042], [-7.305, 57.048]]], [[[-7.296, 57.508], [-7.292, 57.509], [-7.292, 57.507], [-7.296, 57.508]]], [[[-7.334, 57.01], [-7.329, 57.006], [-7.364, 57.013], [-7.334, 57.01]]], [[[-7.338, 57.527], [-7.333, 57.524], [-7.337, 57.524], [-7.338, 57.527]]], [[[-7.407, 57.543], [-7.336, 57.533], [-7.354, 57.497], [-7.407, 57.543]]], [[[-7.358, 56.997], [-7.342, 56.994], [-7.358, 56.993], [-7.358, 56.997]]], [[[-7.341, 57.501], [-7.341, 57.5], [-7.345, 57.5], [-7.341, 57.501]]], [[[-7.344, 57.083], [-7.344, 57.082], [-7.348, 57.083], [-7.344, 57.083]]], [[[-7.365, 57.082], [-7.357, 57.08], [-7.369, 57.08], [-7.365, 57.082]]], [[[-7.378, 56.994], [-7.363, 57.0], [-7.36, 56.992], [-7.378, 56.994]]], [[[-7.371, 57.007], [-7.364, 57.003], [-7.375, 57.006], [-7.371, 57.007]]], [[[-7.376, 56.98], [-7.367, 56.981], [-7.369, 56.978], [-7.376, 56.98]]], [[[-7.4, 57.058], [-7.37, 57.052], [-7.401, 57.043], [-7.4, 57.058]]], [[[-7.39, 57.552], [-7.373, 57.552], [-7.372, 57.55], [-7.39, 57.552]]], [[[-7.447, 57.059], [-7.419, 57.042], [-7.447, 57.021], [-7.377, 56.977], [-7.454, 56.944], [-7.565, 56.955], [-7.518, 56.973], [-7.502, 57.004], [-7.528, 57.014], [-7.454, 57.026], [-7.447, 57.059]]], [[[-7.441, 57.66], [-7.375, 57.667], [-7.394, 57.653], [-7.441, 57.66]]], [[[-7.379, 57.005], [-7.376, 57.002], [-7.381, 57.002], [-7.379, 57.005]]], [[[-7.379, 57.009], [-7.376, 57.007], [-7.38, 57.008], [-7.379, 57.009]]], [[[-7.389, 57.009], [-7.378, 57.005], [-7.392, 57.009], [-7.389, 57.009]]], [[[-7.383, 57.026], [-7.38, 57.025], [-7.386, 57.025], [-7.383, 57.026]]], [[[-7.402, 57.65], [-7.401, 57.649], [-7.406, 57.649], [-7.402, 57.65]]], [[[-7.426, 57.552], [-7.422, 57.56], [-7.403, 57.562], [-7.401, 57.553], [-7.426, 57.552]]], [[[-7.408, 57.565], [-7.406, 57.564], [-7.411, 57.563], [-7.408, 57.565]]], [[[-7.421, 57.031], [-7.411, 57.027], [-7.426, 57.028], [-7.421, 57.031]]], [[[-7.413, 57.036], [-7.413, 57.034], [-7.416, 57.034], [-7.413, 57.036]]], [[[-7.423, 57.052], [-7.419, 57.05], [-7.423, 57.05], [-7.423, 57.052]]], [[[-7.451, 57.063], [-7.436, 57.068], [-7.433, 57.065], [-7.451, 57.063]]], [[[-7.452, 56.921], [-7.435, 56.917], [-7.449, 56.911], [-7.452, 56.921]]], [[[-7.463, 56.923], [-7.457, 56.921], [-7.466, 56.921], [-7.463, 56.923]]], [[[-7.584, 56.933], [-7.522, 56.945], [-7.472, 56.927], [-7.551, 56.908], [-7.542, 56.927], [-7.584, 56.933]]], [[[-7.537, 56.888], [-7.495, 56.898], [-7.488, 56.885], [-7.537, 56.888]]], [[[-7.555, 56.875], [-7.547, 56.877], [-7.546, 56.875], [-7.555, 56.875]]], [[[-7.599, 56.849], [-7.552, 56.855], [-7.547, 56.848], [-7.599, 56.849]]], [[[-7.574, 56.9], [-7.562, 56.893], [-7.569, 56.89], [-7.574, 56.9]]], [[[-7.581, 56.877], [-7.571, 56.87], [-7.583, 56.871], [-7.581, 56.877]]], [[[-7.594, 58.29], [-7.574, 58.283], [-7.6, 58.287], [-7.594, 58.29]]], [[[-7.583, 57.536], [-7.58, 57.532], [-7.588, 57.534], [-7.583, 57.536]]], [[[-7.593, 58.272], [-7.585, 58.275], [-7.585, 58.272], [-7.593, 58.272]]], [[[-7.594, 57.603], [-7.587, 57.602], [-7.596, 57.6], [-7.594, 57.603]]], [[[-7.629, 57.509], [-7.6, 57.521], [-7.614, 57.511], [-7.629, 57.509]]], [[[-7.605, 56.848], [-7.601, 56.845], [-7.608, 56.845], [-7.605, 56.848]]], [[[-7.662, 56.789], [-7.616, 56.788], [-7.604, 56.783], [-7.662, 56.789]]], [[[-7.619, 56.832], [-7.621, 56.802], [-7.669, 56.8], [-7.66, 56.823], [-7.619, 56.832]]], [[[-7.622, 56.846], [-7.619, 56.843], [-7.629, 56.844], [-7.622, 56.846]]], [[[-7.638, 57.519], [-7.63, 57.524], [-7.63, 57.519], [-7.638, 57.519]]], [[[-7.659, 57.527], [-7.642, 57.525], [-7.68, 57.523], [-7.659, 57.527]]], [[[-7.655, 58.282], [-7.645, 58.28], [-7.656, 58.28], [-7.655, 58.282]]], [[[-7.649, 58.285], [-7.643, 58.283], [-7.651, 58.283], [-7.649, 58.285]]], [[[-7.684, 57.7], [-7.685, 57.698], [-7.692, 57.699], [-7.684, 57.7]]], [[[-7.69, 57.531], [-7.688, 57.524], [-7.699, 57.526], [-7.69, 57.531]]], [[[-7.716, 57.689], [-7.714, 57.686], [-7.719, 57.687], [-7.716, 57.689]]], [[[-8.5, 57.866], [-8.479, 57.866], [-8.482, 57.863], [-8.5, 57.866]]], [[[-8.497, 57.882], [-8.493, 57.879], [-8.499, 57.879], [-8.497, 57.882]]], [[[-8.51, 57.867], [-8.506, 57.865], [-8.513, 57.866], [-8.51, 57.867]]], [[[-8.609, 57.809], [-8.565, 57.826], [-8.55, 57.793], [-8.609, 57.809]]], [[[-8.641, 57.832], [-8.631, 57.824], [-8.65, 57.828], [-8.641, 57.832]]], [[[-13.69, 57.598], [-13.685, 57.597], [-13.691, 57.595], [-13.69, 57.598]]]]}}, {"type": "Feature", "properties": {"name": "Highland", "country": "UK"}, "geometry": {"type": "MultiPolygon", "coordinates": [[[[-3.374, 58.672], [-3.31, 58.644], [-3.023, 58.644], [-3.131, 58.517], [-3.12, 58.479], [-3.049, 58.478], [-3.106, 58.371], [-3.22, 58.305], [-3.383, 58.268], [-3.508, 58.171], [-3.805, 58.057], [-3.846, 58.007], [-3.982, 57.97], [-4.006, 57.934], [-4.031, 57.934], [-4.012, 57.949], [-4.082, 57.958], [-4.069, 57.937], [-4.002, 57.927], [-3.99, 57.903], [-4.013, 57.89], [-4.011, 57.861], [-4.015, 57.857], [-4.23, 57.874], [-4.291, 57.862], [-4.362, 57.907], [-4.4, 57.919], [-4.299, 57.853], [-4.192, 57.863], [-4.049, 57.815], [-3.961, 57.847], [-3.896, 57.828], [-3.911, 57.829], [-3.953, 57.812], [-3.87, 57.822], [-3.771, 57.866], [-3.977, 57.693], [-4.036, 57.694], [-4.02, 57.738], [-4.169, 57.685], [-4.299, 57.677], [-4.415, 57.605], [-4.422, 57.581], [-4.219, 57.673], [-3.993, 57.676], [-4.102, 57.606], [-4.091, 57.573], [-4.249, 57.548], [-4.193, 57.538], [-4.235, 57.5], [-4.377, 57.512], [-4.416, 57.504], [-4.445, 57.483], [-4.181, 57.485], [-4.041, 57.561], [-4.078, 57.582], [-4.058, 57.592], [-3.869, 57.589], [-3.761, 57.631], [-3.681, 57.508], [-3.718, 57.406], [-3.498, 57.458], [-3.398, 57.421], [-3.391, 57.37], [-3.487, 57.305], [-3.445, 57.286], [-3.437, 57.189], [-3.737, 57.077], [-3.746, 56.992], [-3.796, 56.93], [-3.941, 56.947], [-3.976, 56.896], [-4.178, 56.907], [-4.201, 56.869], [-4.437, 56.778], [-4.514, 56.804], [-4.578, 56.755], [-4.586, 56.693], [-4.703, 56.67], [-4.709, 56.642], [-4.924, 56.659], [-5.075, 56.607], [-5.326, 56.647], [-5.224, 56.686], [-5.146, 56.677], [-5.051, 56.705], [-5.247, 56.703], [-5.097, 56.827], [-5.119, 56.841], [-5.192, 56.855], [-5.329, 56.859], [-5.119, 56.833], [-5.232, 56.763], [-5.243, 56.72], [-5.47, 56.615], [-5.524, 56.617], [-5.493, 56.606], [-5.56, 56.544], [-5.684, 56.497], [-5.695, 56.512], [-5.755, 56.518], [-5.773, 56.537], [-5.905, 56.551], [-6.008, 56.646], [-5.883, 56.671], [-5.893, 56.641], [-5.83, 56.623], [-5.88, 56.652], [-5.747, 56.701], [-5.661, 56.676], [-5.539, 56.686], [-5.664, 56.68], [-5.777, 56.716], [-5.84, 56.672], [-5.936, 56.687], [-5.976, 56.672], [-6.227, 56.712], [-6.145, 56.762], [-5.96, 56.784], [-5.845, 56.743], [-5.894, 56.779], [-5.754, 56.782], [-5.766, 56.789], [-5.834, 56.804], [-5.858, 56.809], [-5.862, 56.807], [-5.861, 56.829], [-5.719, 56.844], [-5.672, 56.875], [-5.74, 56.849], [-5.789, 56.86], [-5.737, 56.896], [-5.922, 56.882], [-5.844, 56.907], [-5.884, 56.92], [-5.82, 56.961], [-5.848, 56.973], [-5.83, 57.009], [-5.727, 57.018], [-5.636, 56.97], [-5.511, 56.995], [-5.636, 56.985], [-5.673, 57.033], [-5.787, 57.048], [-5.722, 57.119], [-5.592, 57.12], [-5.522, 57.084], [-5.389, 57.108], [-5.52, 57.1], [-5.564, 57.134], [-5.7, 57.166], [-5.625, 57.213], [-5.654, 57.238], [-5.598, 57.26], [-5.577, 57.258], [-5.53, 57.272], [-5.435, 57.214], [-5.399, 57.23], [-5.518, 57.274], [-5.444, 57.317], [-5.52, 57.276], [-5.524, 57.28], [-5.561, 57.28], [-5.594, 57.27], [-5.645, 57.286], [-5.744, 57.277], [-5.678, 57.325], [-5.686, 57.342], [-5.65, 57.335], [-5.534, 57.353], [-5.44, 57.414], [-5.557, 57.357], [-5.636, 57.367], [-5.595, 57.39], [-5.611, 57.414], [-5.745, 57.351], [-5.823, 57.363], [-5.806, 57.439], [-5.873, 57.473], [-5.838, 57.579], [-5.743, 57.544], [-5.709, 57.557], [-5.65, 57.51], [-5.657, 57.545], [-5.622, 57.521], [-5.514, 57.541], [-5.589, 57.557], [-5.669, 57.545], [-5.755, 57.623], [-5.819, 57.638], [-5.79, 57.698], [-5.682, 57.689], [-5.673, 57.7], [-5.697, 57.73], [-5.814, 57.749], [-5.815, 57.854], [-5.689, 57.87], [-5.667, 57.799], [-5.62, 57.767], [-5.596, 57.771], [-5.618, 57.793], [-5.578, 57.792], [-5.585, 57.84], [-5.656, 57.878], [-5.616, 57.925], [-5.471, 57.853], [-5.422, 57.909], [-5.221, 57.844], [-5.406, 57.927], [-5.361, 57.939], [-5.127, 57.875], [-5.085, 57.828], [-5.071, 57.82], [-5.1, 57.87], [-5.224, 57.925], [-5.179, 57.941], [-5.176, 57.953], [-5.31, 57.978], [-5.36, 58.027], [-5.459, 58.07], [-5.423, 58.106], [-5.357, 58.058], [-5.34, 58.081], [-5.301, 58.065], [-5.27, 58.105], [-5.303, 58.12], [-5.264, 58.122], [-5.3, 58.138], [-5.241, 58.151], [-5.31, 58.154], [-5.405, 58.234], [-5.376, 58.265], [-5.31, 58.225], [-5.25, 58.251], [-5.267, 58.269], [-5.168, 58.236], [-5.117, 58.27], [-5.058, 58.247], [-5.027, 58.25], [-5.138, 58.279], [-5.155, 58.315], [-5.134, 58.322], [-5.17, 58.311], [-5.159, 58.335], [-5.189, 58.351], [-5.16, 58.354], [-5.138, 58.414], [-5.115, 58.398], [-5.034, 58.381], [-5.035, 58.393], [-5.058, 58.403], [-5.071, 58.402], [-5.047, 58.413], [-5.126, 58.43], [-5.076, 58.448], [-5.082, 58.451], [-4.992, 58.427], [-5.089, 58.479], [-5.142, 58.473], [-5.115, 58.482], [-5.109, 58.528], [-5.016, 58.578], [-5.006, 58.628], [-4.823, 58.597], [-4.819, 58.562], [-4.793, 58.547], [-4.823, 58.526], [-4.811, 58.521], [-4.779, 58.55], [-4.799, 58.58], [-4.766, 58.579], [-4.79, 58.602], [-4.736, 58.567], [-4.653, 58.552], [-4.751, 58.458], [-4.74, 58.448], [-4.595, 58.534], [-4.59, 58.58], [-4.421, 58.553], [-4.408, 58.522], [-4.455, 58.494], [-4.474, 58.444], [-4.357, 58.537], [-4.23, 58.521], [-4.242, 58.537], [-4.149, 58.566], [-4.072, 58.551], [-4.023, 58.601], [-4.005, 58.565], [-3.915, 58.559], [-3.779, 58.563], [-3.655, 58.624], [-3.366, 58.595], [-3.349, 58.618], [-3.415, 58.643], [-3.374, 58.672]]], [[[-3.125, 58.695], [-3.106, 58.671], [-3.141, 58.667], [-3.125, 58.695]]], [[[-3.967, 57.852], [-3.944, 57.852], [-3.937, 57.848], [-3.967, 57.852]]], [[[-4.304, 58.55], [-4.287, 58.546], [-4.305, 58.547], [-4.304, 58.55]]], [[[-4.346, 58.548], [-4.331, 58.563], [-4.326, 58.557], [-4.346, 58.548]]], [[[-4.39, 58.548], [-4.386, 58.544], [-4.39, 58.542], [-4.39, 58.548]]], [[[-4.398, 58.535], [-4.397, 58.53], [-4.41, 58.534], [-4.398, 58.535]]], [[[-4.412, 59.088], [-4.403, 59.083], [-4.415, 59.083], [-4.412, 59.088]]], [[[-4.448, 58.495], [-4.441, 58.492], [-4.45, 58.493], [-4.448, 58.495]]], [[[-4.621, 58.531], [-4.623, 58.528], [-4.63, 58.528], [-4.621, 58.531]]], [[[-4.645, 58.555], [-4.643, 58.552], [-4.647, 58.552], [-4.645, 58.555]]], [[[-4.685, 58.568], [-4.665, 58.567], [-4.689, 58.564], [-4.685, 58.568]]], [[[-4.714, 58.483], [-4.704, 58.481], [-4.714, 58.476], [-4.714, 58.483]]], [[[-4.848, 58.605], [-4.845, 58.603], [-4.85, 58.604], [-4.848, 58.605]]], [[[-4.872, 58.617], [-4.874, 58.617], [-4.87, 58.618], [-4.872, 58.617]]], [[[-5.048, 58.389], [-5.042, 58.389], [-5.048, 58.387], [-5.048, 58.389]]], [[[-5.062, 58.253], [-5.058, 58.25], [-5.063, 58.252], [-5.062, 58.253]]], [[[-5.064, 58.4], [-5.063, 58.399], [-5.068, 58.399], [-5.064, 58.4]]], [[[-5.086, 58.464], [-5.074, 58.464], [-5.086, 58.462], [-5.086, 58.464]]], [[[-5.083, 58.451], [-5.088, 58.452], [-5.082, 58.453], [-5.083, 58.451]]], [[[-5.085, 58.467], [-5.088, 58.465], [-5.091, 58.467], [-5.085, 58.467]]], [[[-5.105, 58.406], [-5.101, 58.402], [-5.116, 58.403], [-5.105, 58.406]]], [[[-5.118, 58.419], [-5.115, 58.415], [-5.118, 58.415], [-5.118, 58.419]]], [[[-5.121, 58.408], [-5.116, 58.407], [-5.12, 58.406], [-5.121, 58.408]]], [[[-5.124, 56.687], [-5.129, 56.683], [-5.132, 56.684], [-5.124, 56.687]]], [[[-5.129, 58.488], [-5.126, 58.486], [-5.132, 58.485], [-5.129, 58.488]]], [[[-5.131, 56.84], [-5.134, 56.838], [-5.135, 56.84], [-5.131, 56.84]]], [[[-5.134, 58.442], [-5.134, 58.439], [-5.139, 58.44], [-5.134, 58.442]]], [[[-5.138, 58.482], [-5.139, 58.483], [-5.135, 58.484], [-5.138, 58.482]]], [[[-5.144, 58.436], [-5.138, 58.434], [-5.145, 58.434], [-5.144, 58.436]]], [[[-5.157, 58.283], [-5.142, 58.282], [-5.139, 58.278], [-5.157, 58.283]]], [[[-5.151, 56.685], [-5.151, 56.683], [-5.155, 56.684], [-5.151, 56.685]]], [[[-5.176, 58.306], [-5.158, 58.308], [-5.175, 58.302], [-5.176, 58.306]]], [[[-5.201, 58.389], [-5.171, 58.373], [-5.211, 58.375], [-5.201, 58.389]]], [[[-5.179, 58.31], [-5.175, 58.307], [-5.184, 58.307], [-5.179, 58.31]]], [[[-5.176, 58.298], [-5.18, 58.296], [-5.18, 58.298], [-5.176, 58.298]]], [[[-5.184, 58.372], [-5.182, 58.369], [-5.187, 58.368], [-5.184, 58.372]]], [[[-5.184, 58.317], [-5.182, 58.312], [-5.19, 58.312], [-5.184, 58.317]]], [[[-5.184, 58.302], [-5.188, 58.303], [-5.182, 58.304], [-5.184, 58.302]]], [[[-5.188, 58.308], [-5.189, 58.304], [-5.195, 58.306], [-5.188, 58.308]]], [[[-5.19, 58.257], [-5.19, 58.255], [-5.194, 58.256], [-5.19, 58.257]]], [[[-5.194, 58.288], [-5.199, 58.284], [-5.204, 58.285], [-5.194, 58.288]]], [[[-5.203, 58.288], [-5.211, 58.29], [-5.202, 58.292], [-5.203, 58.288]]], [[[-5.205, 58.255], [-5.209, 58.256], [-5.205, 58.256], [-5.205, 58.255]]], [[[-5.224, 57.937], [-5.212, 57.949], [-5.208, 57.945], [-5.224, 57.937]]], [[[-5.223, 58.26], [-5.218, 58.259], [-5.223, 58.259], [-5.223, 58.26]]], [[[-5.288, 58.107], [-5.283, 58.104], [-5.289, 58.103], [-5.288, 58.107]]], [[[-5.299, 58.252], [-5.291, 58.249], [-5.299, 58.249], [-5.299, 58.252]]], [[[-5.308, 58.102], [-5.294, 58.104], [-5.291, 58.1], [-5.308, 58.102]]], [[[-5.298, 58.083], [-5.295, 58.081], [-5.3, 58.082], [-5.298, 58.083]]], [[[-5.309, 58.112], [-5.303, 58.109], [-5.31, 58.108], [-5.309, 58.112]]], [[[-5.318, 58.146], [-5.314, 58.141], [-5.331, 58.142], [-5.318, 58.146]]], [[[-5.353, 57.982], [-5.338, 57.985], [-5.345, 57.979], [-5.353, 57.982]]], [[[-5.352, 58.13], [-5.34, 58.128], [-5.353, 58.129], [-5.352, 58.13]]], [[[-5.361, 57.963], [-5.359, 57.96], [-5.366, 57.959], [-5.361, 57.963]]], [[[-5.422, 58.005], [-5.402, 58.01], [-5.382, 58.005], [-5.422, 58.005]]], [[[-5.436, 57.976], [-5.42, 57.977], [-5.435, 57.971], [-5.436, 57.976]]], [[[-5.449, 58.039], [-5.435, 58.047], [-5.42, 58.045], [-5.449, 58.039]]], [[[-5.426, 58.024], [-5.423, 58.02], [-5.429, 58.019], [-5.432, 58.008], [-5.438, 58.014], [-5.426, 58.024]]], [[[-5.427, 58.018], [-5.424, 58.017], [-5.427, 58.016], [-5.427, 58.018]]], [[[-5.448, 57.967], [-5.439, 57.961], [-5.454, 57.963], [-5.448, 57.967]]], [[[-5.453, 58.016], [-5.435, 58.006], [-5.459, 58.011], [-5.453, 58.016]]], [[[-5.44, 58.021], [-5.438, 58.019], [-5.442, 58.019], [-5.44, 58.021]]], [[[-5.44, 58.017], [-5.438, 58.016], [-5.442, 58.016], [-5.44, 58.017]]], [[[-5.442, 57.993], [-5.444, 57.991], [-5.446, 57.992], [-5.442, 57.993]]], [[[-5.448, 58.022], [-5.444, 58.018], [-5.45, 58.018], [-5.448, 58.022]]], [[[-5.453, 57.979], [-5.448, 57.977], [-5.454, 57.977], [-5.453, 57.979]]], [[[-5.45, 58.082], [-5.45, 58.08], [-5.455, 58.081], [-5.45, 58.082]]], [[[-5.46, 57.962], [-5.459, 57.958], [-5.464, 57.959], [-5.46, 57.962]]], [[[-5.469, 58.047], [-5.456, 58.047], [-5.468, 58.044], [-5.469, 58.047]]], [[[-5.483, 57.889], [-5.459, 57.888], [-5.459, 57.878], [-5.483, 57.889]]], [[[-5.462, 57.993], [-5.461, 57.993], [-5.466, 57.991], [-5.462, 57.993]]], [[[-5.475, 58.025], [-5.463, 58.03], [-5.467, 58.025], [-5.475, 58.025]]], [[[-5.514, 57.963], [-5.496, 57.957], [-5.526, 57.961], [-5.514, 57.963]]], [[[-5.506, 57.985], [-5.511, 57.987], [-5.505, 57.989], [-5.506, 57.985]]], [[[-5.528, 57.277], [-5.524, 57.274], [-5.529, 57.275], [-5.528, 57.277]]], [[[-5.581, 57.268], [-5.572, 57.263], [-5.581, 57.266], [-5.581, 57.268]]], [[[-5.589, 57.817], [-5.586, 57.814], [-5.589, 57.814], [-5.589, 57.817]]], [[[-5.64, 57.833], [-5.601, 57.831], [-5.602, 57.821], [-5.64, 57.833]]], [[[-5.616, 57.144], [-5.613, 57.143], [-5.622, 57.143], [-5.616, 57.144]]], [[[-5.649, 57.372], [-5.645, 57.37], [-5.649, 57.37], [-5.649, 57.372]]], [[[-5.647, 57.379], [-5.649, 57.373], [-5.654, 57.376], [-5.647, 57.379]]], [[[-6.357, 57.698], [-6.296, 57.707], [-6.234, 57.637], [-6.136, 57.588], [-6.145, 57.427], [-6.2, 57.409], [-6.201, 57.395], [-6.137, 57.405], [-6.145, 57.37], [-6.095, 57.339], [-6.157, 57.299], [-6.051, 57.313], [-6.075, 57.267], [-6.021, 57.288], [-5.896, 57.24], [-5.661, 57.265], [-5.669, 57.208], [-5.806, 57.175], [-5.779, 57.144], [-5.804, 57.12], [-6.017, 57.017], [-6.039, 57.057], [-6.006, 57.073], [-5.996, 57.127], [-5.918, 57.165], [-5.867, 57.172], [-5.841, 57.188], [-5.993, 57.168], [-6.034, 57.225], [-6.028, 57.183], [-6.083, 57.126], [-6.114, 57.137], [-6.113, 57.189], [-6.164, 57.198], [-6.17, 57.174], [-6.322, 57.16], [-6.285, 57.2], [-6.345, 57.185], [-6.389, 57.218], [-6.349, 57.23], [-6.344, 57.251], [-6.404, 57.232], [-6.482, 57.291], [-6.43, 57.34], [-6.349, 57.301], [-6.315, 57.299], [-6.403, 57.339], [-6.392, 57.36], [-6.459, 57.339], [-6.49, 57.403], [-6.524, 57.369], [-6.531, 57.403], [-6.574, 57.388], [-6.581, 57.332], [-6.79, 57.422], [-6.78, 57.458], [-6.721, 57.451], [-6.75, 57.497], [-6.717, 57.514], [-6.666, 57.46], [-6.624, 57.435], [-6.6, 57.445], [-6.584, 57.425], [-6.594, 57.454], [-6.626, 57.461], [-6.639, 57.503], [-6.561, 57.508], [-6.655, 57.544], [-6.635, 57.608], [-6.464, 57.5], [-6.428, 57.519], [-6.45, 57.485], [-6.435, 57.472], [-6.399, 57.529], [-6.314, 57.455], [-6.309, 57.485], [-6.399, 57.56], [-6.36, 57.589], [-6.396, 57.585], [-6.427, 57.641], [-6.348, 57.677], [-6.343, 57.687], [-6.357, 57.698]]], [[[-5.657, 57.847], [-5.653, 57.845], [-5.657, 57.845], [-5.657, 57.847]]], [[[-5.662, 57.525], [-5.656, 57.526], [-5.656, 57.523], [-5.662, 57.525]]], [[[-5.665, 57.342], [-5.668, 57.343], [-5.663, 57.344], [-5.665, 57.342]]], [[[-5.688, 57.693], [-5.685, 57.692], [-5.69, 57.692], [-5.688, 57.693]]], [[[-5.697, 56.504], [-5.694, 56.502], [-5.701, 56.502], [-5.697, 56.504]]], [[[-5.705, 57.168], [-5.703, 57.165], [-5.706, 57.166], [-5.705, 57.168]]], [[[-5.708, 57.278], [-5.704, 57.276], [-5.708, 57.276], [-5.708, 57.278]]], [[[-5.719, 57.875], [-5.711, 57.875], [-5.708, 57.873], [-5.719, 57.875]]], [[[-5.719, 56.85], [-5.719, 56.849], [-5.722, 56.849], [-5.719, 56.85]]], [[[-5.735, 57.302], [-5.73, 57.299], [-5.734, 57.298], [-5.735, 57.302]]], [[[-5.74, 57.285], [-5.736, 57.289], [-5.736, 57.286], [-5.74, 57.285]]], [[[-5.754, 57.559], [-5.749, 57.56], [-5.749, 57.559], [-5.754, 57.559]]], [[[-5.786, 56.85], [-5.782, 56.847], [-5.786, 56.849], [-5.786, 56.85]]], [[[-5.786, 56.857], [-5.784, 56.854], [-5.787, 56.855], [-5.786, 56.857]]], [[[-5.822, 57.737], [-5.8, 57.727], [-5.824, 57.733], [-5.822, 57.737]]], [[[-5.804, 56.886], [-5.803, 56.884], [-5.808, 56.883], [-5.804, 56.886]]], [[[-5.888, 56.791], [-5.834, 56.797], [-5.809, 56.794], [-5.888, 56.791]]], [[[-5.817, 56.79], [-5.81, 56.787], [-5.817, 56.788], [-5.817, 56.79]]], [[[-5.845, 57.335], [-5.821, 57.343], [-5.819, 57.336], [-5.845, 57.335]]], [[[-5.832, 56.875], [-5.829, 56.874], [-5.833, 56.873], [-5.832, 56.875]]], [[[-5.828, 56.789], [-5.824, 56.787], [-5.832, 56.788], [-5.828, 56.789]]], [[[-5.836, 56.837], [-5.832, 56.834], [-5.838, 56.835], [-5.836, 56.837]]], [[[-5.838, 57.375], [-5.834, 57.372], [-5.841, 57.372], [-5.838, 57.375]]], [[[-5.871, 57.277], [-5.848, 57.272], [-5.866, 57.268], [-5.871, 57.277]]], [[[-5.859, 57.353], [-5.85, 57.354], [-5.851, 57.351], [-5.859, 57.353]]], [[[-5.856, 56.944], [-5.857, 56.942], [-5.86, 56.942], [-5.856, 56.944]]], [[[-5.872, 56.82], [-5.869, 56.817], [-5.873, 56.817], [-5.872, 56.82]]], [[[-5.874, 56.953], [-5.87, 56.952], [-5.875, 56.95], [-5.874, 56.953]]], [[[-5.878, 56.818], [-5.875, 56.819], [-5.875, 56.817], [-5.878, 56.818]]], [[[-5.895, 57.307], [-5.883, 57.31], [-5.883, 57.308], [-5.895, 57.307]]], [[[-5.901, 56.922], [-5.885, 56.917], [-5.901, 56.92], [-5.901, 56.922]]], [[[-5.888, 56.865], [-5.886, 56.863], [-5.89, 56.863], [-5.888, 56.865]]], [[[-5.899, 56.873], [-5.894, 56.872], [-5.899, 56.872], [-5.899, 56.873]]], [[[-5.906, 56.672], [-5.897, 56.67], [-5.907, 56.67], [-5.906, 56.672]]], [[[-5.904, 56.916], [-5.9, 56.913], [-5.905, 56.913], [-5.904, 56.916]]], [[[-5.911, 56.905], [-5.904, 56.907], [-5.905, 56.905], [-5.911, 56.905]]], [[[-5.92, 56.916], [-5.907, 56.916], [-5.921, 56.914], [-5.92, 56.916]]], [[[-5.91, 56.902], [-5.914, 56.9], [-5.914, 56.902], [-5.91, 56.902]]], [[[-5.922, 57.276], [-5.918, 57.273], [-5.921, 57.273], [-5.922, 57.276]]], [[[-5.919, 56.902], [-5.918, 56.899], [-5.92, 56.898], [-5.919, 56.902]]], [[[-5.999, 57.325], [-5.924, 57.307], [-5.925, 57.282], [-5.987, 57.277], [-6.024, 57.304], [-5.999, 57.325]]], [[[-5.933, 56.905], [-5.921, 56.903], [-5.935, 56.902], [-5.933, 56.905]]], [[[-5.944, 57.156], [-5.942, 57.158], [-5.942, 57.155], [-5.944, 57.156]]], [[[-5.981, 57.514], [-6.002, 57.544], [-5.96, 57.584], [-5.952, 57.568], [-5.981, 57.514]]], [[[-5.984, 57.513], [-5.975, 57.513], [-5.975, 57.512], [-5.984, 57.513]]], [[[-5.979, 57.583], [-5.975, 57.582], [-5.979, 57.582], [-5.979, 57.583]]], [[[-6.004, 57.517], [-5.978, 57.493], [-6.031, 57.429], [-5.992, 57.36], [-6.063, 57.331], [-6.089, 57.35], [-6.081, 57.436], [-6.013, 57.462], [-6.035, 57.491], [-5.992, 57.493], [-6.004, 57.517]]], [[[-5.984, 57.512], [-5.98, 57.509], [-5.984, 57.51], [-5.984, 57.512]]], [[[-5.989, 57.573], [-5.988, 57.572], [-5.993, 57.572], [-5.989, 57.573]]], [[[-6.005, 57.532], [-5.999, 57.534], [-5.998, 57.532], [-6.005, 57.532]]], [[[-6.042, 57.489], [-6.04, 57.487], [-6.044, 57.488], [-6.042, 57.489]]], [[[-6.096, 57.123], [-6.091, 57.125], [-6.092, 57.123], [-6.096, 57.123]]], [[[-6.137, 56.945], [-6.112, 56.925], [-6.126, 56.879], [-6.21, 56.888], [-6.137, 56.945]]], [[[-6.129, 56.873], [-6.12, 56.87], [-6.126, 56.868], [-6.129, 56.873]]], [[[-6.256, 57.145], [-6.179, 57.156], [-6.215, 57.13], [-6.256, 57.145]]], [[[-6.196, 56.748], [-6.189, 56.748], [-6.189, 56.747], [-6.196, 56.748]]], [[[-6.195, 56.753], [-6.192, 56.751], [-6.198, 56.752], [-6.195, 56.753]]], [[[-6.208, 57.64], [-6.201, 57.644], [-6.199, 57.641], [-6.208, 57.64]]], [[[-6.271, 56.828], [-6.224, 56.845], [-6.214, 56.835], [-6.271, 56.828]]], [[[-6.221, 56.827], [-6.22, 56.825], [-6.224, 56.826], [-6.221, 56.827]]], [[[-6.234, 57.666], [-6.222, 57.666], [-6.22, 57.662], [-6.234, 57.666]]], [[[-6.228, 57.672], [-6.223, 57.668], [-6.23, 57.67], [-6.228, 57.672]]], [[[-6.329, 57.061], [-6.237, 57.005], [-6.304, 56.936], [-6.46, 57.008], [-6.329, 57.061]]], [[[-6.281, 56.85], [-6.271, 56.852], [-6.27, 56.849], [-6.281, 56.85]]], [[[-6.285, 56.851], [-6.281, 56.848], [-6.285, 56.849], [-6.285, 56.851]]], [[[-6.306, 57.725], [-6.291, 57.726], [-6.29, 57.723], [-6.306, 57.725]]], [[[-6.353, 57.692], [-6.348, 57.687], [-6.353, 57.689], [-6.353, 57.692]]], [[[-6.418, 57.527], [-6.413, 57.526], [-6.416, 57.525], [-6.418, 57.527]]], [[[-6.424, 57.728], [-6.42, 57.727], [-6.424, 57.727], [-6.424, 57.728]]], [[[-6.422, 57.733], [-6.421, 57.732], [-6.426, 57.732], [-6.422, 57.733]]], [[[-6.444, 57.746], [-6.424, 57.739], [-6.422, 57.737], [-6.444, 57.746]]], [[[-6.433, 57.687], [-6.433, 57.684], [-6.436, 57.684], [-6.433, 57.687]]], [[[-6.469, 57.336], [-6.454, 57.335], [-6.47, 57.332], [-6.469, 57.336]]], [[[-6.556, 57.069], [-6.466, 57.043], [-6.612, 57.051], [-6.556, 57.069]]], [[[-6.504, 57.342], [-6.49, 57.331], [-6.515, 57.332], [-6.504, 57.342]]], [[[-6.496, 57.364], [-6.487, 57.358], [-6.496, 57.356], [-6.496, 57.364]]], [[[-6.516, 57.581], [-6.508, 57.58], [-6.52, 57.577], [-6.516, 57.581]]], [[[-6.523, 57.588], [-6.519, 57.591], [-6.514, 57.585], [-6.523, 57.588]]], [[[-6.531, 57.363], [-6.522, 57.36], [-6.531, 57.358], [-6.531, 57.363]]], [[[-6.534, 57.598], [-6.527, 57.595], [-6.534, 57.594], [-6.534, 57.598]]], [[[-6.544, 57.6], [-6.539, 57.598], [-6.544, 57.597], [-6.544, 57.6]]], [[[-6.603, 57.454], [-6.6, 57.448], [-6.611, 57.452], [-6.603, 57.454]]], [[[-6.635, 57.445], [-6.622, 57.448], [-6.619, 57.44], [-6.635, 57.445]]], [[[-6.64, 57.528], [-6.635, 57.529], [-6.635, 57.527], [-6.64, 57.528]]], [[[-6.65, 57.511], [-6.645, 57.518], [-6.636, 57.512], [-6.65, 57.511]]], [[[-6.641, 57.522], [-6.637, 57.523], [-6.638, 57.519], [-6.641, 57.522]]], [[[-6.646, 57.453], [-6.639, 57.451], [-6.649, 57.453], [-6.646, 57.453]]], [[[-6.646, 57.502], [-6.64, 57.501], [-6.641, 57.499], [-6.646, 57.502]]], [[[-6.685, 56.968], [-6.675, 56.975], [-6.672, 56.968], [-6.685, 56.968]]]]}}, {"type": "Feature", "properties": {"name": "North Ayrshire", "country": "UK"}, "geometry": {"type": "MultiPolygon", "coordinates": [[[[-4.906, 55.699], [-4.856, 55.768], [-4.891, 55.865], [-4.776, 55.87], [-4.635, 55.767], [-4.516, 55.763], [-4.626, 55.665], [-4.501, 55.637], [-4.657, 55.562], [-4.664, 55.586], [-4.713, 55.633], [-4.692, 55.608], [-4.823, 55.636], [-4.906, 55.699]]], [[[-4.848, 55.647], [-4.838, 55.646], [-4.843, 55.642], [-4.848, 55.647]]], [[[-4.903, 55.793], [-4.899, 55.754], [-4.912, 55.744], [-4.917, 55.754], [-4.949, 55.743], [-4.903, 55.793]]], [[[-4.927, 55.751], [-4.923, 55.748], [-4.927, 55.747], [-4.927, 55.751]]], [[[-4.937, 55.735], [-4.951, 55.709], [-4.969, 55.721], [-4.937, 55.735]]], [[[-5.186, 55.927], [-5.023, 55.843], [-5.001, 55.767], [-5.032, 55.754], [-5.007, 55.727], [-5.121, 55.772], [-5.128, 55.843], [-5.223, 55.901], [-5.186, 55.927]]], [[[-5.086, 55.525], [-5.06, 55.518], [-5.062, 55.513], [-5.086, 55.525]]], [[[-5.26, 55.722], [-5.16, 55.679], [-5.128, 55.611], [-5.153, 55.581], [-5.082, 55.552], [-5.128, 55.531], [-5.079, 55.509], [-5.099, 55.443], [-5.25, 55.439], [-5.356, 55.506], [-5.348, 55.569], [-5.396, 55.628], [-5.364, 55.68], [-5.26, 55.722]]], [[[-5.123, 55.427], [-5.114, 55.426], [-5.12, 55.424], [-5.123, 55.427]]], [[[-5.168, 55.79], [-5.147, 55.786], [-5.157, 55.775], [-5.168, 55.79]]], [[[-5.175, 55.925], [-5.171, 55.928], [-5.17, 55.925], [-5.175, 55.925]]], [[[-5.176, 55.929], [-5.176, 55.927], [-5.179, 55.928], [-5.176, 55.929]]]]}}, {"type": "Feature", "properties": {"name": "Orkney Islands", "country": "UK"}, "geometry": {"type": "MultiPolygon", "coordinates": [[[[-2.38, 59.393], [-2.397, 59.356], [-2.451, 59.357], [-2.435, 59.386], [-2.38, 59.393]]], [[[-2.419, 59.313], [-2.374, 59.277], [-2.474, 59.278], [-2.538, 59.251], [-2.503, 59.223], [-2.629, 59.238], [-2.702, 59.194], [-2.594, 59.269], [-2.615, 59.282], [-2.62, 59.31], [-2.525, 59.304], [-2.581, 59.265], [-2.558, 59.261], [-2.419, 59.313]]], [[[-2.676, 59.15], [-2.625, 59.143], [-2.572, 59.141], [-2.595, 59.115], [-2.542, 59.122], [-2.534, 59.077], [-2.605, 59.07], [-2.636, 59.107], [-2.659, 59.102], [-2.645, 59.075], [-2.689, 59.076], [-2.668, 59.11], [-2.62, 59.119], [-2.676, 59.15]]], [[[-2.574, 59.025], [-2.569, 59.036], [-2.556, 59.032], [-2.574, 59.025]]], [[[-2.602, 59.154], [-2.58, 59.147], [-2.602, 59.151], [-2.602, 59.154]]], [[[-2.655, 59.167], [-2.648, 59.163], [-2.655, 59.163], [-2.655, 59.167]]], [[[-2.669, 59.133], [-2.663, 59.127], [-2.684, 59.136], [-2.669, 59.133]]], [[[-2.681, 58.901], [-2.671, 58.895], [-2.685, 58.891], [-2.681, 58.901]]], [[[-2.691, 59.155], [-2.685, 59.157], [-2.685, 59.155], [-2.691, 59.155]]], [[[-2.695, 59.174], [-2.69, 59.173], [-2.695, 59.173], [-2.695, 59.174]]], [[[-2.702, 58.902], [-2.692, 58.901], [-2.706, 58.897], [-2.702, 58.902]]], [[[-2.704, 58.904], [-2.702, 58.903], [-2.708, 58.903], [-2.704, 58.904]]], [[[-3.197, 59.155], [-3.007, 59.078], [-3.01, 59.038], [-3.059, 59.048], [-3.111, 59.005], [-3.053, 58.993], [-3.001, 59.01], [-2.966, 58.982], [-2.928, 59.016], [-2.888, 58.992], [-2.918, 58.964], [-2.888, 58.96], [-2.798, 58.993], [-2.792, 58.963], [-2.847, 58.959], [-2.83, 58.923], [-2.783, 58.917], [-2.812, 58.945], [-2.714, 58.973], [-2.711, 58.922], [-2.781, 58.916], [-2.832, 58.871], [-2.846, 58.889], [-2.896, 58.895], [-2.881, 58.889], [-2.913, 58.87], [-2.856, 58.852], [-2.905, 58.84], [-2.875, 58.82], [-2.931, 58.793], [-2.918, 58.736], [-2.961, 58.729], [-2.993, 58.754], [-2.98, 58.787], [-3.022, 58.806], [-2.998, 58.801], [-2.975, 58.818], [-3.037, 58.819], [-2.902, 58.843], [-2.966, 58.848], [-2.909, 58.852], [-2.925, 58.878], [-2.897, 58.893], [-2.935, 58.893], [-2.971, 58.961], [-3.202, 58.912], [-3.252, 58.974], [-3.197, 58.994], [-3.226, 59.052], [-3.244, 59.058], [-3.277, 59.043], [-3.213, 58.996], [-3.298, 59.016], [-3.265, 59.003], [-3.262, 58.962], [-3.359, 58.965], [-3.359, 59.046], [-3.335, 59.053], [-3.358, 59.104], [-3.32, 59.129], [-3.341, 59.137], [-3.197, 59.155]]], [[[-2.747, 59.232], [-2.726, 59.244], [-2.714, 59.233], [-2.747, 59.232]]], [[[-2.759, 59.252], [-2.736, 59.147], [-2.791, 59.137], [-2.829, 59.192], [-2.78, 59.19], [-2.792, 59.236], [-2.759, 59.252]]], [[[-2.802, 59.088], [-2.828, 59.018], [-2.878, 59.033], [-2.936, 59.031], [-2.903, 59.078], [-2.855, 59.057], [-2.802, 59.088]]], [[[-2.831, 59.214], [-2.814, 59.215], [-2.819, 59.202], [-2.831, 59.214]]], [[[-2.834, 59.133], [-2.826, 59.123], [-2.837, 59.129], [-2.834, 59.133]]], [[[-2.833, 59.23], [-2.825, 59.237], [-2.825, 59.23], [-2.833, 59.23]]], [[[-2.834, 59.12], [-2.826, 59.12], [-2.833, 59.118], [-2.834, 59.12]]], [[[-2.959, 59.361], [-2.952, 59.328], [-2.988, 59.316], [-2.903, 59.305], [-2.836, 59.247], [-2.886, 59.228], [-2.876, 59.256], [-2.958, 59.29], [-2.945, 59.273], [-2.984, 59.259], [-3.075, 59.334], [-3.007, 59.327], [-2.959, 59.361]]], [[[-2.859, 59.209], [-2.851, 59.206], [-2.857, 59.201], [-2.859, 59.209]]], [[[-2.87, 59.345], [-2.862, 59.35], [-2.864, 59.346], [-2.87, 59.345]]], [[[-2.876, 59.387], [-2.875, 59.334], [-2.906, 59.323], [-2.913, 59.351], [-2.876, 59.387]]], [[[-2.909, 59.026], [-2.897, 59.018], [-2.909, 59.023], [-2.909, 59.026]]], [[[-2.943, 59.15], [-2.908, 59.163], [-2.917, 59.124], [-2.943, 59.15]]], [[[-2.91, 58.675], [-2.909, 58.674], [-2.915, 58.673], [-2.91, 58.675]]], [[[-2.924, 59.177], [-2.915, 59.176], [-2.925, 59.172], [-2.924, 59.177]]], [[[-2.93, 58.691], [-2.92, 58.685], [-2.935, 58.688], [-2.93, 58.691]]], [[[-2.939, 59.354], [-2.931, 59.35], [-2.936, 59.349], [-2.939, 59.354]]], [[[-2.991, 59.089], [-2.944, 59.076], [-2.993, 59.08], [-2.991, 59.089]]], [[[-2.956, 59.091], [-2.945, 59.088], [-2.955, 59.086], [-2.956, 59.091]]], [[[-2.956, 59.169], [-2.948, 59.164], [-2.956, 59.163], [-2.956, 59.169]]], [[[-2.973, 59.127], [-2.965, 59.11], [-3.014, 59.113], [-2.973, 59.127]]], [[[-3.077, 59.2], [-2.964, 59.187], [-2.963, 59.135], [-3.093, 59.146], [-3.119, 59.175], [-3.077, 59.2]]], [[[-2.957, 58.861], [-2.981, 58.848], [-2.99, 58.853], [-2.98, 58.858], [-2.957, 58.861]]], [[[-3.056, 58.747], [-3.053, 58.739], [-3.072, 58.736], [-3.056, 58.747]]], [[[-3.069, 59.008], [-3.058, 59.007], [-3.066, 59.005], [-3.069, 59.008]]], [[[-3.07, 58.85], [-3.112, 58.836], [-3.078, 58.815], [-3.148, 58.828], [-3.07, 58.85]]], [[[-3.075, 58.855], [-3.067, 58.852], [-3.083, 58.852], [-3.075, 58.855]]], [[[-3.079, 59.007], [-3.078, 59.002], [-3.089, 59.003], [-3.079, 59.007]]], [[[-3.092, 58.805], [-3.109, 58.795], [-3.114, 58.799], [-3.092, 58.805]]], [[[-3.127, 59.141], [-3.112, 59.148], [-3.11, 59.143], [-3.127, 59.141]]], [[[-3.113, 58.845], [-3.114, 58.844], [-3.12, 58.844], [-3.113, 58.845]]], [[[-3.344, 58.934], [-3.212, 58.878], [-3.213, 58.837], [-3.17, 58.823], [-3.258, 58.787], [-3.13, 58.788], [-3.292, 58.776], [-3.38, 58.867], [-3.436, 58.872], [-3.413, 58.915], [-3.344, 58.934]]], [[[-3.174, 58.835], [-3.159, 58.855], [-3.149, 58.837], [-3.174, 58.835]]], [[[-3.169, 58.871], [-3.157, 58.879], [-3.156, 58.876], [-3.169, 58.871]]], [[[-3.189, 58.913], [-3.183, 58.91], [-3.193, 58.909], [-3.189, 58.913]]], [[[-3.203, 58.86], [-3.199, 58.865], [-3.189, 58.858], [-3.203, 58.86]]], [[[-3.307, 58.924], [-3.274, 58.938], [-3.265, 58.924], [-3.307, 58.924]]], [[[-3.288, 58.957], [-3.285, 58.955], [-3.291, 58.956], [-3.288, 58.957]]], [[[-3.289, 58.96], [-3.287, 58.958], [-3.292, 58.959], [-3.289, 58.96]]]]}}, {"type": "Feature", "properties": {"name": "Shetland Islands", "country": "UK"}, "geometry": {"type": "MultiPolygon", "coordinates": [[[[-0.883, 60.805], [-0.84, 60.842], [-0.762, 60.818], [-0.806, 60.808], [-0.784, 60.78], [-0.835, 60.784], [-0.808, 60.757], [-0.869, 60.759], [-0.818, 60.75], [-0.874, 60.704], [-0.838, 60.684], [-0.989, 60.685], [-0.946, 60.81], [-0.883, 60.846], [-0.883, 60.805]]], [[[-0.774, 60.431], [-0.763, 60.419], [-0.797, 60.417], [-0.774, 60.431]]], [[[-0.874, 60.567], [-0.866, 60.568], [-0.869, 60.565], [-0.874, 60.567]]], [[[-0.874, 60.567], [-0.921, 60.574], [-0.944, 60.63], [-0.772, 60.604], [-0.81, 60.567], [-0.903, 60.591], [-0.874, 60.567]]], [[[-0.794, 60.751], [-0.801, 60.74], [-0.808, 60.744], [-0.794, 60.751]]], [[[-0.884, 60.671], [-0.909, 60.661], [-0.925, 60.673], [-0.884, 60.671]]], [[[-1.047, 60.337], [-0.913, 60.381], [-0.988, 60.33], [-1.047, 60.337]]], [[[-0.99, 60.673], [-0.981, 60.661], [-0.996, 60.673], [-0.99, 60.673]]], [[[-1.008, 60.618], [-0.978, 60.608], [-1.019, 60.599], [-1.008, 60.618]]], [[[-1.131, 60.725], [-1.012, 60.719], [-0.985, 60.639], [-1.066, 60.66], [-1.025, 60.616], [-1.094, 60.603], [-1.008, 60.566], [-1.053, 60.548], [-1.041, 60.5], [-1.16, 60.488], [-1.209, 60.605], [-1.163, 60.653], [-1.16, 60.624], [-1.127, 60.604], [-1.118, 60.606], [-1.154, 60.626], [-1.131, 60.725]]], [[[-1.06, 60.15], [-1.022, 60.152], [-1.016, 60.14], [-1.06, 60.15]]], [[[-1.054, 60.364], [-1.044, 60.352], [-1.053, 60.351], [-1.054, 60.364]]], [[[-1.485, 60.314], [-1.474, 60.334], [-1.45, 60.325], [-1.485, 60.314]]], [[[-1.482, 60.34], [-1.495, 60.326], [-1.488, 60.34], [-1.482, 60.34]]], [[[-1.46, 60.322], [-1.455, 60.318], [-1.458, 60.318], [-1.46, 60.322]]], [[[-1.455, 60.318], [-1.398, 60.313], [-1.383, 60.283], [-1.348, 60.355], [-1.272, 60.353], [-1.366, 60.367], [-1.36, 60.391], [-1.416, 60.347], [-1.475, 60.371], [-1.395, 60.376], [-1.415, 60.394], [-1.386, 60.395], [-1.351, 60.408], [-1.34, 60.436], [-1.269, 60.445], [-1.313, 60.464], [-1.287, 60.488], [-1.283, 60.464], [-1.229, 60.493], [-1.219, 60.456], [-1.183, 60.458], [-1.221, 60.442], [-1.175, 60.442], [-1.262, 60.406], [-1.269, 60.397], [-1.202, 60.417], [-1.229, 60.4], [-1.176, 60.412], [-1.172, 60.38], [-1.055, 60.448], [-1.15, 60.384], [-1.086, 60.387], [-1.085, 60.356], [-1.195, 60.35], [-1.175, 60.32], [-1.09, 60.32], [-1.167, 60.281], [-1.106, 60.264], [-1.18, 60.239], [-1.207, 60.268], [-1.24, 60.231], [-1.201, 60.231], [-1.236, 60.199], [-1.179, 60.22], [-1.217, 60.178], [-1.16, 60.203], [-1.174, 60.171], [-1.145, 60.153], [-1.232, 60.102], [-1.183, 60.043], [-1.239, 60.032], [-1.204, 59.972], [-1.278, 59.99], [-1.256, 59.936], [-1.289, 59.921], [-1.269, 59.887], [-1.3, 59.883], [-1.266, 59.876], [-1.273, 59.852], [-1.294, 59.875], [-1.314, 59.855], [-1.32, 59.898], [-1.38, 59.887], [-1.392, 59.911], [-1.33, 59.948], [-1.362, 59.968], [-1.274, 60.129], [-1.279, 60.138], [-1.314, 60.131], [-1.298, 60.196], [-1.326, 60.159], [-1.308, 60.206], [-1.337, 60.163], [-1.302, 60.256], [-1.357, 60.201], [-1.367, 60.245], [-1.437, 60.254], [-1.366, 60.201], [-1.404, 60.217], [-1.408, 60.181], [-1.445, 60.187], [-1.475, 60.147], [-1.556, 60.19], [-1.489, 60.204], [-1.524, 60.241], [-1.565, 60.196], [-1.559, 60.221], [-1.632, 60.208], [-1.712, 60.257], [-1.691, 60.304], [-1.541, 60.295], [-1.558, 60.307], [-1.515, 60.319], [-1.493, 60.274], [-1.497, 60.305], [-1.452, 60.295], [-1.455, 60.318]]], [[[-1.196, 60.427], [-1.182, 60.423], [-1.195, 60.424], [-1.196, 60.427]]], [[[-1.39, 60.397], [-1.461, 60.417], [-1.429, 60.451], [-1.47, 60.454], [-1.44, 60.469], [-1.462, 60.488], [-1.499, 60.456], [-1.529, 60.465], [-1.503, 60.483], [-1.639, 60.487], [-1.57, 60.502], [-1.537, 60.555], [-1.475, 60.51], [-1.455, 60.504], [-1.403, 60.511], [-1.462, 60.51], [-1.503, 60.546], [-1.441, 60.57], [-1.425, 60.615], [-1.347, 60.593], [-1.353, 60.625], [-1.313, 60.635], [-1.308, 60.596], [-1.339, 60.583], [-1.323, 60.543], [-1.372, 60.523], [-1.341, 60.528], [-1.365, 60.513], [-1.312, 60.486], [-1.39, 60.397]]], [[[-1.082, 60.173], [-1.064, 60.144], [-1.1, 60.108], [-1.155, 60.182], [-1.082, 60.173]]], [[[-1.159, 60.474], [-1.148, 60.462], [-1.169, 60.466], [-1.159, 60.474]]], [[[-1.201, 60.002], [-1.165, 60.0], [-1.153, 59.997], [-1.174, 59.989], [-1.201, 60.002]]], [[[-1.202, 60.5], [-1.205, 60.489], [-1.21, 60.5], [-1.202, 60.5]]], [[[-1.291, 60.107], [-1.306, 60.124], [-1.283, 60.128], [-1.291, 60.107]]], [[[-1.333, 60.059], [-1.368, 60.075], [-1.336, 60.094], [-1.355, 60.106], [-1.316, 60.114], [-1.333, 60.059]]], [[[-1.349, 60.048], [-1.328, 60.057], [-1.345, 60.043], [-1.349, 60.048]]], [[[-1.319, 59.852], [-1.313, 59.85], [-1.32, 59.848], [-1.319, 59.852]]], [[[-1.324, 59.872], [-1.319, 59.868], [-1.325, 59.87], [-1.324, 59.872]]], [[[-1.336, 59.869], [-1.328, 59.869], [-1.335, 59.867], [-1.336, 59.869]]], [[[-1.345, 60.119], [-1.365, 60.118], [-1.371, 60.125], [-1.345, 60.119]]], [[[-1.361, 59.955], [-1.351, 59.949], [-1.366, 59.949], [-1.361, 59.955]]], [[[-1.363, 60.025], [-1.362, 60.02], [-1.376, 60.029], [-1.363, 60.025]]], [[[-1.367, 60.15], [-1.372, 60.137], [-1.376, 60.14], [-1.367, 60.15]]], [[[-1.361, 60.048], [-1.383, 60.04], [-1.364, 60.056], [-1.361, 60.048]]], [[[-1.366, 59.973], [-1.363, 59.971], [-1.366, 59.972], [-1.366, 59.973]]], [[[-1.382, 60.12], [-1.386, 60.11], [-1.39, 60.12], [-1.382, 60.12]]], [[[-1.396, 60.342], [-1.401, 60.321], [-1.413, 60.326], [-1.396, 60.342]]], [[[-1.576, 60.204], [-1.597, 60.191], [-1.616, 60.199], [-1.576, 60.204]]], [[[-1.656, 59.512], [-1.605, 59.553], [-1.599, 59.533], [-1.656, 59.512]]], [[[-1.646, 59.509], [-1.649, 59.51], [-1.645, 59.511], [-1.646, 59.509]]], [[[-1.653, 59.506], [-1.655, 59.507], [-1.647, 59.508], [-1.653, 59.506]]], [[[-1.735, 60.346], [-1.673, 60.342], [-1.67, 60.327], [-1.722, 60.319], [-1.735, 60.346]]], [[[-2.079, 60.158], [-2.046, 60.14], [-2.064, 60.113], [-2.125, 60.134], [-2.079, 60.158]]]]}}, {"type": "Feature", "properties": {"name": "Belfast", "country": "UK"}, "geometry": {"type": "Polygon", "coordinates": [[[-6.059, 54.653], [-5.879, 54.637], [-5.909, 54.612], [-5.808, 54.614], [-5.98, 54.542], [-6.066, 54.623], [-6.059, 54.653]]]}}, {"type": "Feature", "properties": {"name": "Gwynedd", "country": "UK"}, "geometry": {"type": "MultiPolygon", "coordinates": [[[[-3.995, 53.246], [-3.927, 53.201], [-4.008, 53.1], [-3.968, 53.048], [-3.98, 52.996], [-3.895, 53.009], [-3.788, 52.937], [-3.601, 53.007], [-3.567, 52.965], [-3.423, 52.971], [-3.477, 52.933], [-3.45, 52.91], [-3.477, 52.845], [-3.587, 52.812], [-3.572, 52.731], [-3.601, 52.696], [-3.797, 52.675], [-3.876, 52.576], [-4.07, 52.543], [-4.13, 52.611], [-4.116, 52.645], [-4.051, 52.715], [-4.04, 52.708], [-3.988, 52.737], [-3.936, 52.747], [-3.927, 52.754], [-4.062, 52.723], [-4.154, 52.813], [-4.114, 52.83], [-4.147, 52.89], [-4.079, 52.9], [-4.021, 52.939], [-4.102, 52.909], [-4.125, 52.929], [-4.409, 52.891], [-4.477, 52.857], [-4.503, 52.828], [-4.486, 52.794], [-4.529, 52.777], [-4.603, 52.825], [-4.768, 52.793], [-4.65, 52.906], [-4.569, 52.948], [-4.52, 52.94], [-4.356, 53.032], [-4.348, 53.115], [-4.316, 53.1], [-4.201, 53.21], [-3.995, 53.246]]], [[[-4.084, 52.913], [-4.08, 52.914], [-4.081, 52.911], [-4.084, 52.913]]], [[[-4.127, 52.921], [-4.126, 52.919], [-4.13, 52.918], [-4.127, 52.921]]], [[[-4.466, 52.805], [-4.458, 52.805], [-4.459, 52.803], [-4.466, 52.805]]], [[[-4.471, 52.802], [-4.469, 52.796], [-4.475, 52.798], [-4.471, 52.802]]], [[[-4.682, 53.324], [-4.628, 53.325], [-4.644, 53.325], [-4.647, 53.319], [-4.585, 53.302], [-4.602, 53.287], [-4.555, 53.245], [-4.611, 53.244], [-4.618, 53.279], [-4.701, 53.306], [-4.682, 53.324]]], [[[-4.696, 52.787], [-4.693, 52.787], [-4.699, 52.784], [-4.696, 52.787]]], [[[-4.797, 52.767], [-4.78, 52.758], [-4.803, 52.745], [-4.797, 52.767]]]]}}, {"type": "Feature", "properties": {"name": "Carrickfergus", "country": "UK"}, "geometry": {"type": "Polygon", "coordinates": [[[-5.889, 54.769], [-5.755, 54.753], [-5.688, 54.766], [-5.879, 54.683], [-5.906, 54.712], [-5.889, 54.769]]]}}, {"type": "Feature", "properties": {"name": "Barking and Dagenham", "country": "UK"}, "geometry": {"type": "Polygon", "coordinates": [[[0.152, 51.599], [0.193, 51.553], [0.166, 51.507], [0.076, 51.534], [0.152, 51.599]]]}}, {"type": "Feature", "properties": {"name": "Bath and North East Somerset", "country": "UK"}, "geometry": {"type": "Polygon", "coordinates": [[[-2.281, 51.42], [-2.28, 51.373], [-2.334, 51.347], [-2.29, 51.325], [-2.458, 51.273], [-2.713, 51.32], [-2.709, 51.353], [-2.655, 51.344], [-2.633, 51.382], [-2.562, 51.38], [-2.523, 51.419], [-2.281, 51.42]]]}}, {"type": "Feature", "properties": {"name": "Bedfordshire", "country": "UK"}, "geometry": {"type": "Polygon", "coordinates": [[[-0.371, 52.268], [-0.355, 52.227], [-0.293, 52.224], [-0.236, 52.179], [-0.217, 52.133], [-0.132, 52.134], [-0.146, 52.07], [-0.255, 51.979], [-0.348, 51.981], [-0.361, 51.949], [-0.386, 51.971], [-0.385, 51.921], [-0.465, 51.914], [-0.453, 51.847], [-0.515, 51.802], [-0.603, 51.88], [-0.688, 51.903], [-0.642, 51.962], [-0.63, 52.028], [-0.658, 52.039], [-0.574, 52.097], [-0.654, 52.193], [-0.644, 52.252], [-0.541, 52.246], [-0.503, 52.303], [-0.459, 52.309], [-0.371, 52.268]]]}}, {"type": "Feature", "properties": {"name": "Berkshire", "country": "UK"}, "geometry": {"type": "Polygon", "coordinates": [[[-0.885, 51.552], [-0.687, 51.54], [-0.705, 51.505], [-0.66, 51.481], [-0.623, 51.481], [-0.644, 51.526], [-0.524, 51.506], [-0.518, 51.439], [-0.57, 51.443], [-0.62, 51.388], [-0.765, 51.331], [-1.077, 51.376], [-1.12, 51.355], [-1.399, 51.371], [-1.487, 51.333], [-1.563, 51.412], [-1.521, 51.434], [-1.584, 51.517], [-1.534, 51.551], [-1.307, 51.553], [-1.148, 51.532], [-0.972, 51.448], [-0.868, 51.502], [-0.885, 51.552]]]}}, {"type": "Feature", "properties": {"name": "Blackburn with Darwen", "country": "UK"}, "geometry": {"type": "Polygon", "coordinates": [[[-2.36, 53.649], [-2.504, 53.627], [-2.526, 53.738], [-2.418, 53.766], [-2.36, 53.649]]]}}, {"type": "Feature", "properties": {"name": "Brent", "country": "UK"}, "geometry": {"type": "Polygon", "coordinates": [[[-0.267, 51.601], [-0.179, 51.528], [-0.325, 51.549], [-0.267, 51.601]]]}}, {"type": "Feature", "properties": {"name": "Brighton and Hove", "country": "UK"}, "geometry": {"type": "Polygon", "coordinates": [[[-0.141, 50.881], [-0.011, 50.824], [0.018, 50.785], [-0.207, 50.826], [-0.23, 50.857], [-0.141, 50.881]]]}}, {"type": "Feature", "properties": {"name": "Bristol", "country": "UK"}, "geometry": {"type": "Polygon", "coordinates": [[[-2.676, 51.529], [-2.518, 51.472], [-2.54, 51.394], [-2.633, 51.382], [-2.631, 51.443], [-2.731, 51.497], [-2.676, 51.529]]]}}, {"type": "Feature", "properties": {"name": "Buckinghamshire", "country": "UK"}, "geometry": {"type": "Polygon", "coordinates": [[[-0.941, 52.072], [-0.901, 52.019], [-0.867, 52.034], [-0.722, 51.95], [-0.657, 51.948], [-0.688, 51.903], [-0.534, 51.827], [-0.579, 51.801], [-0.701, 51.85], [-0.73, 51.828], [-0.662, 51.759], [-0.527, 51.735], [-0.551, 51.709], [-0.537, 51.675], [-0.497, 51.676], [-0.526, 51.625], [-0.471, 51.55], [-0.497, 51.478], [-0.617, 51.53], [-0.65, 51.52], [-0.623, 51.481], [-0.66, 51.481], [-0.728, 51.562], [-0.892, 51.548], [-0.944, 51.619], [-0.921, 51.667], [-0.874, 51.668], [-0.884, 51.716], [-1.109, 51.78], [-1.125, 51.834], [-1.047, 51.833], [-1.082, 51.898], [-1.047, 51.94], [-1.083, 51.953], [-1.053, 51.993], [-1.142, 52.018], [-0.941, 52.072]]]}}, {"type": "Feature", "properties": {"name": "Magherafelt", "country": "UK"}, "geometry": {"type": "Polygon", "coordinates": [[[-6.52, 54.945], [-6.471, 54.828], [-6.499, 54.706], [-6.559, 54.727], [-6.684, 54.696], [-6.761, 54.736], [-6.97, 54.742], [-6.901, 54.776], [-6.917, 54.816], [-6.89, 54.852], [-6.811, 54.847], [-6.777, 54.865], [-6.781, 54.911], [-6.737, 54.929], [-6.52, 54.945]]]}}, {"type": "Feature", "properties": {"name": "Havering", "country": "UK"}, "geometry": {"type": "Polygon", "coordinates": [[[0.248, 51.627], [0.336, 51.54], [0.189, 51.484], [0.166, 51.514], [0.193, 51.554], [0.158, 51.565], [0.149, 51.617], [0.248, 51.627]]]}}, {"type": "Feature", "properties": {"name": "Cambridgeshire", "country": "UK"}, "geometry": {"type": "Polygon", "coordinates": [[[0.202, 52.651], [0.185, 52.63], [0.246, 52.601], [0.218, 52.572], [0.234, 52.507], [0.329, 52.503], [0.447, 52.432], [0.39, 52.39], [0.447, 52.34], [0.434, 52.31], [0.511, 52.282], [0.431, 52.254], [0.367, 52.29], [0.35, 52.258], [0.392, 52.225], [0.516, 52.218], [0.499, 52.161], [0.453, 52.16], [0.398, 52.104], [0.391, 52.036], [0.287, 52.085], [0.106, 52.055], [0.081, 52.002], [0.051, 52.043], [-0.011, 52.052], [-0.109, 52.019], [-0.146, 52.07], [-0.132, 52.134], [-0.217, 52.133], [-0.236, 52.179], [-0.293, 52.224], [-0.355, 52.227], [-0.486, 52.349], [-0.336, 52.456], [-0.407, 52.512], [-0.414, 52.56], [-0.287, 52.504], [-0.215, 52.552], [-0.054, 52.589], [-0.049, 52.658], [0.032, 52.648], [0.06, 52.706], [0.149, 52.725], [0.172, 52.724], [0.157, 52.67], [0.202, 52.651]]]}}, {"type": "Feature", "properties": {"name": "Hartlepool", "country": "UK"}, "geometry": {"type": "Polygon", "coordinates": [[[-1.245, 54.725], [-1.176, 54.697], [-1.199, 54.68], [-1.163, 54.633], [-1.209, 54.607], [-1.388, 54.627], [-1.245, 54.725]]]}}, {"type": "Feature", "properties": {"name": "Lambeth", "country": "UK"}, "geometry": {"type": "Polygon", "coordinates": [[[-0.075, 51.418], [-0.137, 51.411], [-0.11, 51.5], [-0.081, 51.463], [-0.075, 51.418]]]}}, {"type": "Feature", "properties": {"name": "Cheshire", "country": "UK"}, "geometry": {"type": "Polygon", "coordinates": [[[-2.741, 53.388], [-2.555, 53.312], [-2.429, 53.38], [-2.283, 53.342], [-2.204, 53.354], [-2.159, 53.321], [-2.12, 53.359], [-2.017, 53.37], [-1.971, 53.23], [-2.006, 53.186], [-2.138, 53.174], [-2.135, 53.15], [-2.246, 53.084], [-2.366, 53.052], [-2.379, 52.99], [-2.527, 52.947], [-2.623, 52.986], [-2.813, 52.984], [-2.959, 53.147], [-2.913, 53.186], [-3.105, 53.284], [-2.733, 53.307], [-2.808, 53.328], [-2.741, 53.388]]]}}, {"type": "Feature", "properties": {"name": "Darlington", "country": "UK"}, "geometry": {"type": "Polygon", "coordinates": [[[-1.398, 54.572], [-1.434, 54.535], [-1.419, 54.493], [-1.467, 54.494], [-1.46, 54.442], [-1.495, 54.479], [-1.532, 54.465], [-1.682, 54.531], [-1.653, 54.596], [-1.523, 54.572], [-1.413, 54.6], [-1.398, 54.572]]]}}, {"type": "Feature", "properties": {"name": "Harrow", "country": "UK"}, "geometry": {"type": "Polygon", "coordinates": [[[-0.294, 51.638], [-0.267, 51.601], [-0.325, 51.549], [-0.368, 51.548], [-0.4, 51.615], [-0.294, 51.638]]]}}, {"type": "Feature", "properties": {"name": "Durham", "country": "UK"}, "geometry": {"type": "Polygon", "coordinates": [[[-1.82, 54.905], [-1.595, 54.893], [-1.474, 54.797], [-1.411, 54.801], [-1.39, 54.861], [-1.352, 54.87], [-1.245, 54.725], [-1.45, 54.58], [-1.673, 54.592], [-1.682, 54.531], [-1.767, 54.529], [-1.787, 54.482], [-1.836, 54.504], [-1.931, 54.455], [-2.046, 54.48], [-2.155, 54.456], [-2.163, 54.528], [-2.285, 54.588], [-2.306, 54.628], [-2.281, 54.658], [-2.354, 54.691], [-2.305, 54.783], [-2.211, 54.779], [-2.13, 54.837], [-1.993, 54.865], [-1.904, 54.834], [-1.82, 54.905]]]}}, {"type": "Feature", "properties": {"name": "Ealing", "country": "UK"}, "geometry": {"type": "Polygon", "coordinates": [[[-0.341, 51.551], [-0.237, 51.527], [-0.237, 51.503], [-0.367, 51.489], [-0.407, 51.53], [-0.341, 51.551]]]}}, {"type": "Feature", "properties": {"name": "Kingston upon Thames", "country": "UK"}, "geometry": {"type": "Polygon", "coordinates": [[[-0.24, 51.425], [-0.225, 51.385], [-0.312, 51.324], [-0.303, 51.428], [-0.24, 51.425]]]}}, {"type": "Feature", "properties": {"name": "Limavady", "country": "UK"}, "geometry": {"type": "Polygon", "coordinates": [[[-6.956, 55.194], [-6.84, 55.166], [-6.862, 55.126], [-6.807, 55.071], [-6.81, 55.009], [-6.78, 54.991], [-6.809, 54.969], [-6.769, 54.901], [-6.811, 54.847], [-7.01, 54.816], [-7.093, 54.941], [-7.087, 54.984], [-7.131, 54.983], [-7.174, 55.032], [-7.018, 55.072], [-6.956, 55.194]]]}}, {"type": "Feature", "properties": {"name": "Halton", "country": "UK"}, "geometry": {"type": "MultiPolygon", "coordinates": [[[[-3.039, 53.441], [-3.014, 53.405], [-3.051, 53.407], [-3.01, 53.399], [-2.935, 53.293], [-3.109, 53.287], [-3.2, 53.386], [-3.039, 53.441]]], [[[-3.229, 53.385], [-3.224, 53.38], [-3.229, 53.382], [-3.229, 53.385]]]]}}, {"type": "Feature", "properties": {"name": "Dorset", "country": "UK"}, "geometry": {"type": "MultiPolygon", "coordinates": [[[[-2.114, 50.965], [-1.97, 50.993], [-1.88, 50.925], [-1.805, 50.929], [-1.839, 50.891], [-1.806, 50.868], [-1.8, 50.782], [-1.672, 50.735], [-1.75, 50.712], [-1.995, 50.77], [-2.08, 50.688], [-2.026, 50.708], [-2.046, 50.678], [-1.978, 50.662], [-1.95, 50.679], [-1.924, 50.64], [-1.951, 50.594], [-2.056, 50.576], [-2.134, 50.612], [-2.424, 50.636], [-2.453, 50.613], [-2.432, 50.596], [-2.47, 50.585], [-2.415, 50.55], [-2.456, 50.513], [-2.45, 50.56], [-2.605, 50.65], [-2.784, 50.716], [-2.949, 50.734], [-2.947, 50.771], [-2.882, 50.797], [-2.948, 50.823], [-2.92, 50.841], [-2.614, 50.886], [-2.599, 50.976], [-2.542, 51.002], [-2.452, 50.951], [-2.338, 50.983], [-2.371, 51.007], [-2.324, 51.042], [-2.322, 51.083], [-2.224, 51.066], [-2.114, 50.965]]], [[[-1.988, 50.691], [-1.962, 50.695], [-1.955, 50.688], [-1.988, 50.691]]], [[[-1.989, 50.684], [-1.983, 50.682], [-1.99, 50.682], [-1.989, 50.684]]], [[[-1.995, 50.678], [-1.99, 50.68], [-1.99, 50.679], [-1.995, 50.678]]], [[[-2.02, 50.687], [-2.015, 50.69], [-2.015, 50.684], [-2.02, 50.687]]], [[[-2.417, 50.571], [-2.415, 50.571], [-2.421, 50.569], [-2.417, 50.571]]], [[[-2.431, 50.594], [-2.417, 50.586], [-2.428, 50.591], [-2.431, 50.594]]]]}}, {"type": "Feature", "properties": {"name": "Hammersmith and Fulham", "country": "UK"}, "geometry": {"type": "Polygon", "coordinates": [[[-0.237, 51.527], [-0.175, 51.459], [-0.237, 51.482], [-0.237, 51.527]]]}}, {"type": "Feature", "properties": {"name": "East Riding of Yorkshire", "country": "UK"}, "geometry": {"type": "MultiPolygon", "coordinates": [[[[-0.294, 54.136], [-0.195, 54.156], [-0.075, 54.117], [-0.198, 54.077], [-0.212, 54.005], [-0.134, 53.876], [0.124, 53.657], [0.147, 53.608], [0.148, 53.602], [0.141, 53.593], [0.112, 53.573], [0.106, 53.572], [0.145, 53.608], [0.066, 53.643], [-0.11, 53.637], [-0.245, 53.735], [-0.36, 53.79], [-0.426, 53.774], [-0.45, 53.714], [-0.611, 53.73], [-0.674, 53.721], [-0.844, 53.614], [-1.11, 53.676], [-1.094, 53.714], [-1.021, 53.695], [-0.926, 53.723], [-0.964, 53.743], [-0.92, 53.808], [-0.93, 53.969], [-0.889, 54.007], [-0.668, 54.007], [-0.641, 54.059], [-0.447, 54.107], [-0.398, 54.17], [-0.294, 54.136]]], [[[-0.246, 53.728], [-0.246, 53.725], [-0.25, 53.727], [-0.246, 53.728]]], [[[-0.674, 53.718], [-0.662, 53.711], [-0.68, 53.708], [-0.674, 53.718]]]]}}, {"type": "Feature", "properties": {"name": "East Sussex", "country": "UK"}, "geometry": {"type": "Polygon", "coordinates": [[[0.154, 51.139], [0.141, 51.112], [0.331, 51.12], [0.57, 51.0], [0.763, 50.997], [0.873, 50.931], [0.776, 50.933], [0.667, 50.871], [0.372, 50.818], [0.242, 50.734], [0.018, 50.785], [-0.129, 50.883], [-0.106, 50.97], [-0.016, 50.982], [0.019, 51.051], [-0.029, 51.077], [0.037, 51.111], [0.021, 51.136], [0.154, 51.139]]]}}, {"type": "Feature", "properties": {"name": "Enfield", "country": "UK"}, "geometry": {"type": "Polygon", "coordinates": [[[-0.007, 51.666], [-0.03, 51.601], [-0.131, 51.608], [-0.198, 51.552], [-0.293, 51.633], [-0.148, 51.689], [-0.007, 51.666]]]}}, {"type": "Feature", "properties": {"name": "Poole", "country": "UK"}, "geometry": {"type": "Polygon", "coordinates": [[[-1.942, 50.766], [-1.886, 50.713], [-1.945, 50.683], [-1.957, 50.715], [-2.038, 50.718], [-1.995, 50.77], [-1.942, 50.766]]]}}, {"type": "Feature", "properties": {"name": "Gloucestershire", "country": "UK"}, "geometry": {"type": "Polygon", "coordinates": [[[-1.758, 52.106], [-1.674, 52.031], [-1.612, 52.027], [-1.657, 51.959], [-1.613, 51.932], [-1.709, 51.775], [-1.649, 51.674], [-1.777, 51.66], [-1.806, 51.698], [-1.833, 51.657], [-1.888, 51.672], [-1.875, 51.641], [-1.94, 51.663], [-1.968, 51.634], [-2.057, 51.664], [-2.149, 51.589], [-2.272, 51.577], [-2.286, 51.623], [-2.377, 51.594], [-2.379, 51.636], [-2.479, 51.639], [-2.545, 51.676], [-2.6, 51.617], [-2.655, 51.608], [-2.689, 51.66], [-2.659, 51.673], [-2.684, 51.766], [-2.636, 51.854], [-2.434, 51.897], [-2.481, 51.958], [-2.461, 52.02], [-2.413, 51.989], [-2.342, 52.015], [-2.308, 51.974], [-2.234, 51.964], [-2.16, 51.995], [-2.165, 52.041], [-2.115, 52.042], [-2.13, 51.995], [-1.942, 52.03], [-1.832, 52.008], [-1.863, 52.063], [-1.758, 52.106]]]}}, {"type": "Feature", "properties": {"name": "Greenwich", "country": "UK"}, "geometry": {"type": "Polygon", "coordinates": [[[0.119, 51.512], [0.068, 51.423], [-0.027, 51.482], [0.009, 51.501], [0.119, 51.512]]]}}, {"type": "Feature", "properties": {"name": "Hackney", "country": "UK"}, "geometry": {"type": "Polygon", "coordinates": [[[-0.09, 51.571], [-0.011, 51.544], [-0.087, 51.527], [-0.09, 51.571]]]}}, {"type": "Feature", "properties": {"name": "Herefordshire", "country": "UK"}, "geometry": {"type": "Polygon", "coordinates": [[[-2.803, 52.38], [-2.695, 52.304], [-2.641, 52.332], [-2.607, 52.242], [-2.475, 52.265], [-2.415, 52.22], [-2.405, 52.143], [-2.35, 52.107], [-2.352, 52.014], [-2.413, 51.989], [-2.461, 52.02], [-2.481, 51.958], [-2.434, 51.897], [-2.636, 51.854], [-2.658, 51.815], [-2.866, 51.929], [-2.961, 51.91], [-3.127, 52.071], [-3.1, 52.112], [-3.13, 52.127], [-3.073, 52.155], [-3.114, 52.166], [-3.055, 52.231], [-2.954, 52.261], [-3.001, 52.287], [-2.992, 52.31], [-2.902, 52.381], [-2.803, 52.38]]]}}, {"type": "Feature", "properties": {"name": "Lisburn", "country": "UK"}, "geometry": {"type": "Polygon", "coordinates": [[[-6.066, 54.623], [-5.868, 54.479], [-5.95, 54.38], [-6.21, 54.433], [-6.296, 54.569], [-6.138, 54.619], [-6.066, 54.623]]]}}, {"type": "Feature", "properties": {"name": "Southampton", "country": "UK"}, "geometry": {"type": "Polygon", "coordinates": [[[-1.309, 50.921], [-1.325, 50.848], [-1.385, 50.89], [-1.372, 50.911], [-1.383, 50.921], [-1.392, 50.883], [-1.451, 50.904], [-1.399, 50.945], [-1.309, 50.921]]]}}, {"type": "Feature", "properties": {"name": "Hampshire", "country": "UK"}, "geometry": {"type": "MultiPolygon", "coordinates": [[[[-1.399, 51.371], [-0.82, 51.349], [-0.73, 51.292], [-0.731, 51.244], [-0.816, 51.237], [-0.84, 51.204], [-0.824, 51.152], [-0.744, 51.104], [-0.891, 51.01], [-0.953, 50.892], [-0.93, 50.84], [-1.056, 50.858], [-1.175, 50.84], [-1.111, 50.79], [-1.141, 50.773], [-1.32, 50.851], [-1.309, 50.921], [-1.426, 50.941], [-1.477, 50.911], [-1.307, 50.815], [-1.399, 50.779], [-1.41, 50.8], [-1.42, 50.8], [-1.418, 50.806], [-1.429, 50.81], [-1.435, 50.81], [-1.438, 50.815], [-1.445, 50.819], [-1.455, 50.821], [-1.413, 50.784], [-1.396, 50.778], [-1.381, 50.78], [-1.528, 50.758], [-1.576, 50.716], [-1.556, 50.705], [-1.734, 50.754], [-1.735, 50.778], [-1.786, 50.769], [-1.806, 50.868], [-1.839, 50.891], [-1.805, 50.929], [-1.88, 50.925], [-1.95, 50.988], [-1.837, 51.009], [-1.611, 50.96], [-1.622, 51.108], [-1.696, 51.237], [-1.538, 51.245], [-1.527, 51.33], [-1.433, 51.335], [-1.399, 51.371]]], [[[-0.953, 50.834], [-0.943, 50.835], [-0.946, 50.83], [-0.953, 50.834]]], [[[-1.525, 50.745], [-1.518, 50.741], [-1.524, 50.738], [-1.525, 50.745]]], [[[-1.529, 50.742], [-1.525, 50.741], [-1.527, 50.739], [-1.529, 50.742]]], [[[-1.528, 50.744], [-1.526, 50.743], [-1.532, 50.743], [-1.528, 50.744]]]]}}, {"type": "Feature", "properties": {"name": "Haringey", "country": "UK"}, "geometry": {"type": "Polygon", "coordinates": [[[-0.163, 51.566], [-0.062, 51.606], [-0.03, 51.601], [-0.094, 51.56], [-0.163, 51.566]]]}}, {"type": "Feature", "properties": {"name": "Hertfordshire", "country": "UK"}, "geometry": {"type": "Polygon", "coordinates": [[[-0.117, 52.024], [0.051, 52.043], [0.142, 51.884], [0.19, 51.89], [0.19, 51.817], [0.036, 51.768], [-0.011, 51.677], [-0.148, 51.689], [-0.374, 51.614], [-0.481, 51.616], [-0.493, 51.591], [-0.526, 51.625], [-0.497, 51.676], [-0.537, 51.675], [-0.551, 51.709], [-0.527, 51.735], [-0.662, 51.759], [-0.73, 51.828], [-0.701, 51.85], [-0.579, 51.801], [-0.552, 51.822], [-0.508, 51.802], [-0.464, 51.847], [-0.364, 51.826], [-0.335, 51.851], [-0.399, 51.935], [-0.386, 51.971], [-0.361, 51.949], [-0.348, 51.981], [-0.255, 51.979], [-0.146, 52.07], [-0.117, 52.024]]]}}, {"type": "Feature", "properties": {"name": "Hillingdon", "country": "UK"}, "geometry": {"type": "Polygon", "coordinates": [[[-0.47, 51.617], [-0.4, 51.615], [-0.368, 51.553], [-0.406, 51.532], [-0.37, 51.518], [-0.426, 51.452], [-0.497, 51.478], [-0.47, 51.617]]]}}, {"type": "Feature", "properties": {"name": "Hounslow", "country": "UK"}, "geometry": {"type": "Polygon", "coordinates": [[[-0.256, 51.492], [-0.244, 51.469], [-0.367, 51.45], [-0.384, 51.414], [-0.44, 51.438], [-0.393, 51.494], [-0.256, 51.492]]]}}, {"type": "Feature", "properties": {"name": "Manchester", "country": "UK"}, "geometry": {"type": "Polygon", "coordinates": [[[-2.142, 53.694], [-2.046, 53.684], [-2.017, 53.619], [-1.897, 53.533], [-1.964, 53.495], [-2.013, 53.42], [-1.981, 53.398], [-2.049, 53.352], [-2.12, 53.359], [-2.159, 53.321], [-2.204, 53.354], [-2.283, 53.342], [-2.461, 53.388], [-2.447, 53.419], [-2.485, 53.462], [-2.566, 53.436], [-2.752, 53.511], [-2.678, 53.603], [-2.376, 53.635], [-2.354, 53.667], [-2.28, 53.665], [-2.258, 53.614], [-2.246, 53.661], [-2.142, 53.694]]]}}, {"type": "Feature", "properties": {"name": "Southend-on-Sea", "country": "UK"}, "geometry": {"type": "MultiPolygon", "coordinates": [[[[1.239, 51.881], [1.244, 51.871], [1.236, 51.875], [1.239, 51.881]]], [[[0.926, 51.802], [1.007, 51.799], [0.899, 51.775], [0.926, 51.802]]], [[[0.82, 51.54], [0.781, 51.521], [0.635, 51.543], [0.686, 51.577], [0.82, 51.54]]]]}}, {"type": "Feature", "properties": {"name": "Redcar and Cleveland", "country": "UK"}, "geometry": {"type": "Polygon", "coordinates": [[[-1.139, 54.643], [-1.002, 54.594], [-0.779, 54.557], [-0.829, 54.53], [-0.838, 54.487], [-1.18, 54.504], [-1.216, 54.597], [-1.139, 54.643]]]}}, {"type": "Feature", "properties": {"name": "Coleraine", "country": "UK"}, "geometry": {"type": "MultiPolygon", "coordinates": [[[[-6.543, 55.222], [-6.518, 55.143], [-6.573, 55.131], [-6.614, 55.077], [-6.582, 54.995], [-6.52, 54.945], [-6.781, 54.911], [-6.807, 55.071], [-6.862, 55.126], [-6.84, 55.166], [-6.543, 55.222]]], [[[-6.64, 55.224], [-6.622, 55.223], [-6.641, 55.223], [-6.64, 55.224]]], [[[-6.643, 55.223], [-6.641, 55.221], [-6.645, 55.221], [-6.643, 55.223]]]]}}, {"type": "Feature", "properties": {"name": "Lancashire", "country": "UK"}, "geometry": {"type": "Polygon", "coordinates": [[[-2.458, 54.238], [-2.547, 54.151], [-2.545, 54.114], [-2.449, 54.04], [-2.355, 54.042], [-2.348, 54.002], [-2.287, 53.971], [-2.191, 53.966], [-2.033, 53.848], [-2.121, 53.791], [-2.151, 53.697], [-2.246, 53.661], [-2.258, 53.614], [-2.28, 53.665], [-2.357, 53.665], [-2.418, 53.766], [-2.469, 53.769], [-2.526, 53.738], [-2.504, 53.627], [-2.687, 53.6], [-2.713, 53.53], [-2.752, 53.511], [-2.776, 53.529], [-2.816, 53.491], [-2.954, 53.546], [-2.959, 53.516], [-3.032, 53.542], [-2.995, 53.627], [-2.933, 53.661], [-2.943, 53.732], [-3.057, 53.776], [-3.051, 53.92], [-3.006, 53.93], [-3.006, 53.897], [-2.977, 53.862], [-2.961, 53.862], [-2.95, 53.852], [-2.938, 53.851], [-2.998, 53.927], [-2.853, 53.966], [-2.924, 54.034], [-2.818, 54.089], [-2.791, 54.131], [-2.835, 54.166], [-2.792, 54.191], [-2.671, 54.159], [-2.628, 54.199], [-2.458, 54.238]]]}}, {"type": "Feature", "properties": {"name": "Isle of Wight", "country": "UK"}, "geometry": {"type": "Polygon", "coordinates": [[[-1.304, 50.768], [-1.289, 50.711], [-1.275, 50.767], [-1.11, 50.722], [-1.07, 50.683], [-1.163, 50.647], [-1.183, 50.597], [-1.295, 50.575], [-1.485, 50.666], [-1.593, 50.662], [-1.304, 50.768]]]}}, {"type": "Feature", "properties": {"name": "Islington", "country": "UK"}, "geometry": {"type": "Polygon", "coordinates": [[[-0.074, 51.519], [-0.11, 51.527], [-0.131, 51.564], [-0.071, 51.547], [-0.074, 51.519]]]}}, {"type": "Feature", "properties": {"name": "Kensington and Chelsea", "country": "UK"}, "geometry": {"type": "Polygon", "coordinates": [[[-0.215, 51.519], [-0.139, 51.478], [-0.168, 51.471], [-0.215, 51.519]]]}}, {"type": "Feature", "properties": {"name": "Leicester", "country": "UK"}, "geometry": {"type": "Polygon", "coordinates": [[[-1.064, 52.596], [-1.167, 52.575], [-1.18, 52.638], [-1.072, 52.648], [-1.064, 52.596]]]}}, {"type": "Feature", "properties": {"name": "Medway", "country": "UK"}, "geometry": {"type": "MultiPolygon", "coordinates": [[[[0.548, 51.487], [0.701, 51.473], [0.725, 51.446], [0.656, 51.449], [0.606, 51.411], [0.53, 51.411], [0.625, 51.376], [0.667, 51.384], [0.648, 51.337], [0.593, 51.312], [0.535, 51.343], [0.447, 51.339], [0.512, 51.427], [0.483, 51.463], [0.548, 51.487]]], [[[0.669, 51.44], [0.672, 51.437], [0.668, 51.436], [0.669, 51.44]]], [[[0.655, 51.445], [0.665, 51.442], [0.666, 51.439], [0.655, 51.445]]], [[[0.64, 51.432], [0.637, 51.432], [0.641, 51.433], [0.64, 51.432]]], [[[0.63, 51.421], [0.638, 51.422], [0.639, 51.418], [0.63, 51.421]]], [[[0.634, 51.43], [0.638, 51.427], [0.632, 51.427], [0.634, 51.43]]], [[[0.614, 51.408], [0.618, 51.407], [0.607, 51.406], [0.614, 51.408]]], [[[0.596, 51.396], [0.615, 51.401], [0.617, 51.396], [0.596, 51.396]]], [[[0.595, 51.407], [0.603, 51.406], [0.595, 51.406], [0.595, 51.407]]], [[[0.589, 51.394], [0.59, 51.392], [0.585, 51.392], [0.589, 51.394]]], [[[0.56, 51.402], [0.579, 51.407], [0.583, 51.403], [0.56, 51.402]]]]}}, {"type": "Feature", "properties": {"name": "Kent", "country": "UK"}, "geometry": {"type": "MultiPolygon", "coordinates": [[[[0.419, 51.444], [0.51, 51.485], [0.479, 51.449], [0.512, 51.427], [0.447, 51.339], [0.535, 51.343], [0.593, 51.312], [0.648, 51.337], [0.667, 51.384], [0.719, 51.388], [0.699, 51.422], [0.729, 51.423], [0.717, 51.412], [0.76, 51.361], [0.895, 51.336], [1.426, 51.394], [1.45, 51.373], [1.424, 51.325], [1.363, 51.32], [1.405, 51.171], [1.324, 51.111], [1.006, 51.032], [0.965, 50.91], [0.868, 50.921], [0.763, 50.997], [0.57, 51.0], [0.331, 51.12], [0.063, 51.136], [0.054, 51.29], [0.094, 51.288], [0.155, 51.355], [0.161, 51.417], [0.224, 51.473], [0.419, 51.444]]], [[[0.746, 51.449], [0.902, 51.417], [0.95, 51.372], [0.766, 51.37], [0.721, 51.413], [0.742, 51.412], [0.746, 51.449]]], [[[0.824, 51.359], [0.83, 51.356], [0.822, 51.358], [0.824, 51.359]]], [[[0.767, 51.365], [0.769, 51.363], [0.766, 51.365], [0.767, 51.365]]], [[[0.679, 51.407], [0.695, 51.397], [0.669, 51.399], [0.666, 51.409], [0.679, 51.407]]], [[[0.665, 51.424], [0.688, 51.415], [0.66, 51.418], [0.665, 51.424]]], [[[0.671, 51.395], [0.674, 51.39], [0.667, 51.392], [0.671, 51.395]]], [[[0.679, 51.41], [0.679, 51.407], [0.676, 51.408], [0.679, 51.41]]], [[[0.664, 51.394], [0.661, 51.394], [0.665, 51.396], [0.664, 51.394]]]]}}, {"type": "Feature", "properties": {"name": "Kingston upon Hull", "country": "UK"}, "geometry": {"type": "Polygon", "coordinates": [[[-0.303, 53.742], [-0.379, 53.725], [-0.45, 53.714], [-0.426, 53.774], [-0.386, 53.789], [-0.323, 53.777], [-0.303, 53.742]]]}}, {"type": "Feature", "properties": {"name": "Leicestershire", "country": "UK"}, "geometry": {"type": "Polygon", "coordinates": [[[-0.754, 52.871], [-0.651, 52.748], [-0.805, 52.709], [-0.8, 52.596], [-0.73, 52.507], [-0.862, 52.509], [-0.884, 52.447], [-0.963, 52.464], [-1.034, 52.445], [-1.045, 52.402], [-1.101, 52.424], [-1.157, 52.378], [-1.293, 52.479], [-1.546, 52.581], [-1.559, 52.622], [-1.534, 52.642], [-1.583, 52.685], [-1.535, 52.706], [-1.541, 52.746], [-1.454, 52.753], [-1.301, 52.862], [-1.263, 52.862], [-1.26, 52.799], [-1.226, 52.778], [-0.979, 52.808], [-0.767, 52.961], [-0.754, 52.871]], [[-1.167, 52.575], [-1.122, 52.565], [-1.057, 52.623], [-1.16, 52.656], [-1.167, 52.575]]]}}, {"type": "Feature", "properties": {"name": "Lewisham", "country": "UK"}, "geometry": {"type": "Polygon", "coordinates": [[[-0.047, 51.482], [0.043, 51.421], [-0.067, 51.421], [-0.034, 51.451], [-0.047, 51.482]]]}}, {"type": "Feature", "properties": {"name": "Southwark", "country": "UK"}, "geometry": {"type": "Polygon", "coordinates": [[[-0.103, 51.502], [-0.023, 51.489], [-0.075, 51.419], [-0.103, 51.502]]]}}, {"type": "Feature", "properties": {"name": "Cookstown", "country": "UK"}, "geometry": {"type": "Polygon", "coordinates": [[[-6.995, 54.731], [-6.761, 54.736], [-6.684, 54.696], [-6.559, 54.727], [-6.418, 54.64], [-6.436, 54.569], [-6.531, 54.539], [-6.896, 54.564], [-6.961, 54.577], [-6.969, 54.663], [-7.0, 54.675], [-6.995, 54.731]]]}}, {"type": "Feature", "properties": {"name": "Lincolnshire", "country": "UK"}, "geometry": {"type": "MultiPolygon", "coordinates": [[[[-0.17, 53.557], [-0.198, 53.536], [-0.191, 53.477], [-0.114, 53.427], [-0.073, 53.443], [-0.093, 53.462], [-0.044, 53.516], [0.155, 53.476], [0.336, 53.243], [0.356, 53.185], [0.336, 53.093], [0.153, 53.008], [0.037, 52.905], [0.071, 52.923], [0.217, 52.827], [0.288, 52.822], [0.279, 52.763], [0.06, 52.706], [0.032, 52.648], [-0.509, 52.642], [-0.415, 52.687], [-0.65, 52.746], [-0.763, 52.895], [-0.744, 52.928], [-0.781, 53.006], [-0.689, 53.05], [-0.706, 53.16], [-0.745, 53.171], [-0.637, 53.235], [-0.766, 53.232], [-0.743, 53.291], [-0.811, 53.416], [-0.74, 53.514], [-0.616, 53.505], [-0.621, 53.465], [-0.569, 53.451], [-0.387, 53.517], [-0.477, 53.538], [-0.328, 53.558], [-0.287, 53.608], [-0.17, 53.557]]], [[[0.241, 52.844], [0.245, 52.84], [0.241, 52.841], [0.241, 52.844]]]]}}, {"type": "Feature", "properties": {"name": "Telford and Wrekin", "country": "UK"}, "geometry": {"type": "Polygon", "coordinates": [[[-2.425, 52.607], [-2.461, 52.617], [-2.663, 52.743], [-2.418, 52.817], [-2.368, 52.807], [-2.324, 52.748], [-2.425, 52.607]]]}}, {"type": "Feature", "properties": {"name": "Newham", "country": "UK"}, "geometry": {"type": "Polygon", "coordinates": [[[0.04, 51.494], [0.004, 51.514], [-0.011, 51.552], [0.053, 51.563], [0.099, 51.518], [0.04, 51.494]]]}}, {"type": "Feature", "properties": {"name": "Merseyside", "country": "UK"}, "geometry": {"type": "Polygon", "coordinates": [[[-2.947, 53.705], [-2.933, 53.661], [-2.995, 53.627], [-3.032, 53.542], [-2.959, 53.516], [-2.954, 53.546], [-2.816, 53.491], [-2.766, 53.527], [-2.566, 53.436], [-2.666, 53.441], [-2.648, 53.391], [-2.741, 53.388], [-2.808, 53.328], [-2.981, 53.382], [-3.104, 53.553], [-2.947, 53.705]]]}}, {"type": "Feature", "properties": {"name": "Merton", "country": "UK"}, "geometry": {"type": "Polygon", "coordinates": [[[-0.244, 51.433], [-0.132, 51.418], [-0.119, 51.394], [-0.225, 51.385], [-0.244, 51.433]]]}}, {"type": "Feature", "properties": {"name": "Middlesbrough", "country": "UK"}, "geometry": {"type": "Polygon", "coordinates": [[[-1.187, 54.512], [-1.251, 54.487], [-1.3, 54.515], [-1.276, 54.566], [-1.232, 54.578], [-1.187, 54.512]]]}}, {"type": "Feature", "properties": {"name": "Milton Keynes", "country": "UK"}, "geometry": {"type": "Polygon", "coordinates": [[[-0.621, 52.175], [-0.632, 52.147], [-0.574, 52.097], [-0.658, 52.039], [-0.63, 52.028], [-0.657, 51.948], [-0.722, 51.95], [-0.867, 52.034], [-0.828, 52.072], [-0.878, 52.116], [-0.654, 52.193], [-0.621, 52.175]]]}}, {"type": "Feature", "properties": {"name": "North Lincolnshire", "country": "UK"}, "geometry": {"type": "MultiPolygon", "coordinates": [[[[-0.526, 53.678], [-0.278, 53.707], [-0.219, 53.648], [-0.188, 53.632], [-0.275, 53.617], [-0.328, 53.558], [-0.477, 53.538], [-0.388, 53.525], [-0.459, 53.504], [-0.467, 53.473], [-0.603, 53.453], [-0.616, 53.505], [-0.74, 53.514], [-0.785, 53.452], [-0.905, 53.458], [-0.943, 53.518], [-0.872, 53.531], [-0.904, 53.572], [-0.861, 53.582], [-0.861, 53.613], [-0.685, 53.678], [-0.69, 53.698], [-0.612, 53.714], [-0.558, 53.682], [-0.526, 53.678]]], [[[-0.232, 53.669], [-0.23, 53.666], [-0.236, 53.667], [-0.232, 53.669]]], [[[-0.551, 53.684], [-0.526, 53.684], [-0.525, 53.682], [-0.551, 53.684]]]]}}, {"type": "Feature", "properties": {"name": "Plymouth", "country": "UK"}, "geometry": {"type": "MultiPolygon", "coordinates": [[[[-4.105, 50.428], [-4.039, 50.379], [-4.122, 50.345], [-4.085, 50.387], [-4.166, 50.359], [-4.205, 50.398], [-4.192, 50.425], [-4.105, 50.428]]], [[[-4.158, 50.355], [-4.15, 50.356], [-4.15, 50.354], [-4.158, 50.355]]]]}}, {"type": "Feature", "properties": {"name": "Norfolk", "country": "UK"}, "geometry": {"type": "Polygon", "coordinates": [[[0.69, 52.988], [0.851, 52.957], [0.871, 52.981], [0.913, 52.964], [1.026, 52.967], [0.995, 52.978], [1.408, 52.894], [1.698, 52.722], [1.745, 52.627], [1.742, 52.531], [1.663, 52.532], [1.653, 52.511], [1.702, 52.477], [1.661, 52.459], [1.43, 52.461], [1.441, 52.44], [1.324, 52.384], [1.202, 52.354], [0.838, 52.395], [0.751, 52.379], [0.67, 52.399], [0.71, 52.437], [0.676, 52.447], [0.447, 52.432], [0.329, 52.503], [0.253, 52.487], [0.218, 52.543], [0.246, 52.601], [0.157, 52.67], [0.172, 52.724], [0.276, 52.756], [0.288, 52.822], [0.352, 52.805], [0.441, 52.846], [0.518, 52.97], [0.69, 52.988]]]}}, {"type": "Feature", "properties": {"name": "North East Lincolnshire", "country": "UK"}, "geometry": {"type": "Polygon", "coordinates": [[[-0.168, 53.632], [0.017, 53.528], [-0.058, 53.51], [-0.102, 53.428], [-0.191, 53.477], [-0.171, 53.565], [-0.282, 53.606], [-0.168, 53.632]]]}}, {"type": "Feature", "properties": {"name": "North Yorkshire", "country": "UK"}, "geometry": {"type": "Polygon", "coordinates": [[[-0.776, 54.557], [-0.521, 54.447], [-0.53, 54.425], [-0.463, 54.39], [-0.395, 54.272], [-0.256, 54.215], [-0.282, 54.213], [-0.276, 54.185], [-0.197, 54.156], [-0.294, 54.136], [-0.398, 54.17], [-0.447, 54.107], [-0.641, 54.059], [-0.668, 54.007], [-0.889, 54.007], [-0.928, 53.972], [-0.987, 53.975], [-1.027, 54.039], [-1.147, 54.028], [-1.177, 53.98], [-1.232, 53.969], [-1.218, 53.915], [-1.141, 53.86], [-0.94, 53.868], [-0.92, 53.808], [-0.964, 53.743], [-0.926, 53.723], [-1.021, 53.695], [-1.094, 53.714], [-1.11, 53.676], [-1.074, 53.648], [-1.126, 53.634], [-1.247, 53.636], [-1.211, 53.71], [-1.307, 53.738], [-1.289, 53.77], [-1.344, 53.859], [-1.306, 53.861], [-1.291, 53.915], [-1.334, 53.945], [-1.455, 53.906], [-1.534, 53.935], [-1.555, 53.905], [-1.696, 53.901], [-1.944, 53.958], [-1.966, 53.876], [-2.033, 53.848], [-2.191, 53.966], [-2.335, 53.991], [-2.355, 54.042], [-2.449, 54.04], [-2.551, 54.128], [-2.447, 54.23], [-2.304, 54.249], [-2.306, 54.321], [-2.347, 54.35], [-2.283, 54.383], [-2.296, 54.418], [-2.245, 54.448], [-2.046, 54.48], [-1.931, 54.455], [-1.836, 54.504], [-1.787, 54.482], [-1.767, 54.529], [-1.714, 54.532], [-1.6, 54.513], [-1.532, 54.465], [-1.495, 54.479], [-1.46, 54.442], [-1.459, 54.499], [-1.327, 54.462], [-1.202, 54.506], [-0.838, 54.487], [-0.829, 54.53], [-0.776, 54.557]]]}}, {"type": "Feature", "properties": {"name": "Richmond upon Thames", "country": "UK"}, "geometry": {"type": "Polygon", "coordinates": [[[-0.217, 51.468], [-0.244, 51.433], [-0.302, 51.429], [-0.307, 51.384], [-0.384, 51.414], [-0.369, 51.448], [-0.284, 51.48], [-0.217, 51.468]]]}}, {"type": "Feature", "properties": {"name": "Northamptonshire", "country": "UK"}, "geometry": {"type": "Polygon", "coordinates": [[[-0.474, 52.568], [-0.414, 52.566], [-0.407, 52.512], [-0.336, 52.456], [-0.484, 52.366], [-0.459, 52.309], [-0.503, 52.303], [-0.532, 52.25], [-0.641, 52.259], [-0.654, 52.193], [-0.878, 52.116], [-0.827, 52.064], [-0.89, 52.02], [-0.95, 52.074], [-1.119, 52.035], [-1.142, 52.018], [-1.108, 52.009], [-1.138, 51.99], [-1.265, 51.98], [-1.307, 52.077], [-1.237, 52.096], [-1.321, 52.162], [-1.208, 52.25], [-1.202, 52.301], [-1.249, 52.32], [-1.165, 52.348], [-1.187, 52.381], [-1.101, 52.424], [-1.045, 52.402], [-1.034, 52.445], [-0.963, 52.464], [-0.884, 52.447], [-0.871, 52.505], [-0.734, 52.504], [-0.491, 52.637], [-0.474, 52.568]]]}}, {"type": "Feature", "properties": {"name": "Nottinghamshire", "country": "UK"}, "geometry": {"type": "Polygon", "coordinates": [[[-0.811, 53.416], [-0.743, 53.291], [-0.766, 53.232], [-0.639, 53.242], [-0.745, 53.171], [-0.706, 53.16], [-0.689, 53.05], [-0.781, 53.006], [-0.767, 52.961], [-0.979, 52.808], [-1.1, 52.808], [-1.188, 52.772], [-1.26, 52.799], [-1.263, 52.862], [-1.233, 52.881], [-1.271, 52.899], [-1.284, 52.986], [-1.321, 53.013], [-1.33, 53.05], [-1.292, 53.084], [-1.31, 53.143], [-1.191, 53.168], [-1.176, 53.293], [-1.087, 53.403], [-1.005, 53.412], [-0.919, 53.487], [-0.905, 53.458], [-0.785, 53.452], [-0.811, 53.416]], [[-1.2, 52.879], [-1.104, 52.919], [-1.161, 52.995], [-1.228, 52.944], [-1.2, 52.879]]]}}, {"type": "Feature", "properties": {"name": "Oxfordshire", "country": "UK"}, "geometry": {"type": "Polygon", "coordinates": [[[-1.237, 52.096], [-1.307, 52.077], [-1.265, 51.98], [-1.053, 51.993], [-1.083, 51.953], [-1.047, 51.94], [-1.082, 51.898], [-1.047, 51.833], [-1.125, 51.834], [-1.109, 51.78], [-0.884, 51.716], [-0.877, 51.664], [-0.942, 51.645], [-0.911, 51.597], [-0.932, 51.571], [-0.868, 51.502], [-0.907, 51.475], [-0.984, 51.449], [-1.148, 51.532], [-1.307, 51.553], [-1.534, 51.551], [-1.584, 51.517], [-1.675, 51.573], [-1.654, 51.632], [-1.687, 51.669], [-1.644, 51.68], [-1.709, 51.775], [-1.613, 51.932], [-1.653, 51.984], [-1.604, 51.955], [-1.55, 51.969], [-1.47, 52.089], [-1.358, 52.095], [-1.374, 52.118], [-1.321, 52.162], [-1.237, 52.096]]]}}, {"type": "Feature", "properties": {"name": "Peterborough", "country": "UK"}, "geometry": {"type": "Polygon", "coordinates": [[[-0.315, 52.664], [-0.138, 52.639], [-0.049, 52.658], [-0.049, 52.599], [-0.287, 52.504], [-0.474, 52.568], [-0.491, 52.637], [-0.315, 52.664]]]}}, {"type": "Feature", "properties": {"name": "Craigavon", "country": "UK"}, "geometry": {"type": "Polygon", "coordinates": [[[-6.264, 54.593], [-6.296, 54.569], [-6.213, 54.45], [-6.238, 54.398], [-6.462, 54.378], [-6.584, 54.508], [-6.343, 54.596], [-6.264, 54.593]]]}}, {"type": "Feature", "properties": {"name": "Tyne and Wear", "country": "UK"}, "geometry": {"type": "Polygon", "coordinates": [[[-1.689, 55.072], [-1.453, 55.07], [-1.404, 55.015], [-1.43, 55.008], [-1.355, 54.966], [-1.352, 54.87], [-1.39, 54.861], [-1.411, 54.801], [-1.516, 54.804], [-1.595, 54.893], [-1.849, 54.912], [-1.68, 55.041], [-1.689, 55.072]]]}}, {"type": "Feature", "properties": {"name": "Rutland", "country": "UK"}, "geometry": {"type": "Polygon", "coordinates": [[[-0.608, 52.746], [-0.415, 52.687], [-0.513, 52.653], [-0.491, 52.637], [-0.548, 52.591], [-0.742, 52.513], [-0.8, 52.596], [-0.805, 52.709], [-0.608, 52.746]]]}}, {"type": "Feature", "properties": {"name": "South Yorkshire", "country": "UK"}, "geometry": {"type": "Polygon", "coordinates": [[[-0.941, 53.657], [-0.86, 53.632], [-0.861, 53.582], [-0.904, 53.572], [-0.872, 53.531], [-0.943, 53.518], [-0.919, 53.487], [-1.005, 53.412], [-1.087, 53.403], [-1.176, 53.293], [-1.394, 53.325], [-1.531, 53.29], [-1.61, 53.306], [-1.582, 53.33], [-1.734, 53.411], [-1.731, 53.441], [-1.816, 53.516], [-1.615, 53.563], [-1.561, 53.607], [-1.305, 53.576], [-1.199, 53.639], [-0.941, 53.657]]]}}, {"type": "Feature", "properties": {"name": "Northumberland", "country": "UK"}, "geometry": {"type": "MultiPolygon", "coordinates": [[[[-2.03, 55.804], [-1.841, 55.643], [-1.79, 55.658], [-1.769, 55.604], [-1.722, 55.617], [-1.639, 55.579], [-1.578, 55.429], [-1.624, 55.388], [-1.551, 55.322], [-1.57, 55.271], [-1.503, 55.197], [-1.541, 55.162], [-1.454, 55.07], [-1.514, 55.048], [-1.689, 55.072], [-1.68, 55.041], [-1.8, 54.972], [-1.851, 54.92], [-1.822, 54.894], [-1.904, 54.834], [-1.993, 54.865], [-2.13, 54.837], [-2.211, 54.779], [-2.305, 54.783], [-2.4, 54.847], [-2.5, 54.805], [-2.564, 54.824], [-2.594, 54.883], [-2.542, 54.923], [-2.592, 54.967], [-2.56, 55.012], [-2.482, 55.039], [-2.485, 55.079], [-2.641, 55.132], [-2.686, 55.191], [-2.626, 55.223], [-2.628, 55.266], [-2.497, 55.345], [-2.428, 55.367], [-2.385, 55.344], [-2.331, 55.398], [-2.216, 55.425], [-2.187, 55.469], [-2.331, 55.641], [-2.239, 55.652], [-2.088, 55.758], [-2.08, 55.794], [-2.03, 55.804]], [[-1.56, 55.162], [-1.551, 55.164], [-1.565, 55.165], [-1.56, 55.162]]], [[[-1.541, 55.336], [-1.537, 55.333], [-1.541, 55.334], [-1.541, 55.336]]], [[[-1.611, 55.647], [-1.603, 55.642], [-1.61, 55.642], [-1.611, 55.647]]], [[[-1.61, 55.51], [-1.607, 55.51], [-1.61, 55.509], [-1.61, 55.51]]], [[[-1.623, 55.64], [-1.616, 55.64], [-1.624, 55.639], [-1.623, 55.64]]], [[[-1.626, 55.635], [-1.62, 55.633], [-1.625, 55.629], [-1.626, 55.635]]], [[[-1.631, 55.639], [-1.626, 55.64], [-1.623, 55.637], [-1.631, 55.639]]], [[[-1.651, 55.617], [-1.643, 55.618], [-1.64, 55.616], [-1.651, 55.617]]], [[[-1.646, 55.62], [-1.653, 55.621], [-1.644, 55.621], [-1.646, 55.62]]], [[[-1.655, 55.618], [-1.652, 55.615], [-1.659, 55.616], [-1.655, 55.618]]], [[[-1.852, 55.689], [-1.777, 55.668], [-1.855, 55.685], [-1.852, 55.689]]]]}}, {"type": "Feature", "properties": {"name": "Nottingham", "country": "UK"}, "geometry": {"type": "Polygon", "coordinates": [[[-1.103, 52.94], [-1.2, 52.879], [-1.229, 52.916], [-1.192, 52.992], [-1.103, 52.94]]]}}, {"type": "Feature", "properties": {"name": "Portsmouth", "country": "UK"}, "geometry": {"type": "MultiPolygon", "coordinates": [[[[-0.971, 50.838], [-0.937, 50.777], [-1.024, 50.786], [-0.99, 50.803], [-0.971, 50.838]]], [[[-0.937, 50.787], [-0.935, 50.784], [-0.939, 50.785], [-0.937, 50.787]]], [[[-0.999, 50.851], [-1.049, 50.833], [-1.029, 50.788], [-1.11, 50.79], [-1.104, 50.845], [-0.999, 50.851]]], [[[-1.015, 50.824], [-1.008, 50.826], [-1.006, 50.822], [-1.015, 50.824]]], [[[-1.039, 50.825], [-1.031, 50.825], [-1.033, 50.821], [-1.039, 50.825]]]]}}, {"type": "Feature", "properties": {"name": "Redbridge", "country": "UK"}, "geometry": {"type": "Polygon", "coordinates": [[[0.031, 51.621], [0.149, 51.617], [0.152, 51.599], [0.126, 51.553], [0.075, 51.542], [0.024, 51.554], [0.031, 51.621]]]}}, {"type": "Feature", "properties": {"name": "Shropshire", "country": "UK"}, "geometry": {"type": "Polygon", "coordinates": [[[-2.37, 52.957], [-2.45, 52.897], [-2.434, 52.868], [-2.366, 52.884], [-2.397, 52.822], [-2.663, 52.743], [-2.437, 52.607], [-2.324, 52.748], [-2.305, 52.687], [-2.231, 52.669], [-2.237, 52.612], [-2.311, 52.599], [-2.251, 52.562], [-2.298, 52.484], [-2.286, 52.445], [-2.35, 52.424], [-2.319, 52.385], [-2.391, 52.384], [-2.556, 52.309], [-2.652, 52.336], [-2.695, 52.304], [-2.746, 52.324], [-2.732, 52.351], [-2.839, 52.391], [-3.022, 52.34], [-3.209, 52.42], [-3.196, 52.467], [-3.029, 52.497], [-2.974, 52.542], [-3.011, 52.57], [-3.119, 52.529], [-3.124, 52.582], [-3.029, 52.653], [-3.011, 52.712], [-2.956, 52.727], [-3.141, 52.796], [-3.132, 52.883], [-3.089, 52.913], [-2.963, 52.953], [-2.783, 52.899], [-2.72, 52.917], [-2.728, 52.967], [-2.623, 52.986], [-2.527, 52.947], [-2.371, 52.989], [-2.37, 52.957]]]}}, {"type": "Feature", "properties": {"name": "South Gloucestershire", "country": "UK"}, "geometry": {"type": "Polygon", "coordinates": [[[-2.532, 51.672], [-2.379, 51.636], [-2.377, 51.594], [-2.273, 51.612], [-2.287, 51.588], [-2.245, 51.519], [-2.321, 51.484], [-2.282, 51.475], [-2.281, 51.42], [-2.503, 51.406], [-2.529, 51.481], [-2.683, 51.536], [-2.532, 51.672]]]}}, {"type": "Feature", "properties": {"name": "Somerset", "country": "UK"}, "geometry": {"type": "MultiPolygon", "coordinates": [[[[-3.032, 51.329], [-2.991, 51.321], [-2.957, 51.29], [-2.789, 51.297], [-2.812, 51.327], [-2.458, 51.273], [-2.28, 51.327], [-2.236, 51.264], [-2.349, 51.118], [-2.324, 51.042], [-2.371, 51.007], [-2.338, 50.983], [-2.452, 50.951], [-2.542, 51.002], [-2.599, 50.976], [-2.614, 50.886], [-2.948, 50.823], [-2.977, 50.86], [-3.03, 50.852], [-3.047, 50.906], [-3.178, 50.915], [-3.157, 50.949], [-3.268, 50.947], [-3.422, 51.029], [-3.6, 51.012], [-3.596, 51.063], [-3.826, 51.142], [-3.821, 51.177], [-3.724, 51.179], [-3.71, 51.232], [-3.544, 51.233], [-3.314, 51.179], [-3.019, 51.219], [-3.06, 51.181], [-3.057, 51.175], [-3.045, 51.166], [-2.999, 51.237], [-3.032, 51.329]]], [[[-3.018, 51.225], [-3.013, 51.227], [-3.015, 51.223], [-3.018, 51.225]]]]}}, {"type": "Feature", "properties": {"name": "Staffordshire", "country": "UK"}, "geometry": {"type": "Polygon", "coordinates": [[[-1.952, 53.214], [-1.799, 53.142], [-1.746, 53.0], [-1.841, 52.905], [-1.824, 52.876], [-1.608, 52.831], [-1.591, 52.811], [-1.7, 52.726], [-1.58, 52.677], [-1.666, 52.576], [-1.861, 52.577], [-1.934, 52.665], [-2.066, 52.608], [-2.131, 52.629], [-2.201, 52.579], [-2.126, 52.544], [-2.178, 52.501], [-2.154, 52.423], [-2.286, 52.445], [-2.298, 52.484], [-2.251, 52.562], [-2.311, 52.599], [-2.237, 52.612], [-2.231, 52.669], [-2.305, 52.687], [-2.306, 52.734], [-2.401, 52.824], [-2.366, 52.884], [-2.449, 52.886], [-2.364, 52.968], [-2.366, 53.052], [-2.244, 53.086], [-2.202, 52.964], [-2.112, 52.94], [-2.098, 52.989], [-2.205, 53.114], [-2.138, 53.174], [-2.068, 53.166], [-1.952, 53.214]]]}}, {"type": "Feature", "properties": {"name": "Stockton-on-Tees", "country": "UK"}, "geometry": {"type": "Polygon", "coordinates": [[[-1.216, 54.597], [-1.298, 54.531], [-1.251, 54.487], [-1.327, 54.462], [-1.382, 54.494], [-1.432, 54.481], [-1.388, 54.627], [-1.216, 54.597]]]}}, {"type": "Feature", "properties": {"name": "Stoke-on-Trent", "country": "UK"}, "geometry": {"type": "Polygon", "coordinates": [[[-2.112, 52.94], [-2.202, 52.964], [-2.244, 53.086], [-2.205, 53.114], [-2.098, 52.989], [-2.112, 52.94]]]}}, {"type": "Feature", "properties": {"name": "Thurrock", "country": "UK"}, "geometry": {"type": "MultiPolygon", "coordinates": [[[[0.32, 51.558], [0.545, 51.529], [0.547, 51.517], [0.543, 51.509], [0.548, 51.507], [0.543, 51.508], [0.546, 51.518], [0.508, 51.53], [0.521, 51.516], [0.54, 51.512], [0.454, 51.505], [0.414, 51.45], [0.217, 51.478], [0.248, 51.52], [0.336, 51.54], [0.32, 51.558]]], [[[0.539, 51.519], [0.541, 51.518], [0.532, 51.516], [0.539, 51.519]]], [[[0.522, 51.522], [0.524, 51.517], [0.52, 51.52], [0.522, 51.522]]]]}}, {"type": "Feature", "properties": {"name": "Torbay", "country": "UK"}, "geometry": {"type": "MultiPolygon", "coordinates": [[[[-3.513, 50.506], [-3.481, 50.462], [-3.54, 50.461], [-3.559, 50.421], [-3.482, 50.4], [-3.496, 50.381], [-3.649, 50.433], [-3.61, 50.499], [-3.513, 50.506]]], [[[-4.681, 51.171], [-4.667, 51.197], [-4.653, 51.161], [-4.681, 51.171]]]]}}, {"type": "Feature", "properties": {"name": "Tower Hamlets", "country": "UK"}, "geometry": {"type": "Polygon", "coordinates": [[[-0.009, 51.532], [0.019, 51.503], [0.0, 51.481], [-0.077, 51.506], [-0.009, 51.532]]]}}, {"type": "Feature", "properties": {"name": "Suffolk", "country": "UK"}, "geometry": {"type": "MultiPolygon", "coordinates": [[[[1.742, 52.531], [1.764, 52.48], [1.633, 52.277], [1.582, 52.088], [1.394, 51.987], [1.326, 52.095], [1.341, 52.03], [1.391, 51.988], [1.319, 51.932], [1.283, 51.993], [1.157, 52.038], [1.279, 51.96], [0.788, 51.955], [0.678, 52.077], [0.409, 52.059], [0.398, 52.104], [0.453, 52.16], [0.499, 52.161], [0.516, 52.218], [0.392, 52.225], [0.35, 52.258], [0.367, 52.29], [0.431, 52.254], [0.51, 52.275], [0.434, 52.31], [0.447, 52.34], [0.39, 52.39], [0.447, 52.432], [0.676, 52.447], [0.71, 52.437], [0.666, 52.413], [0.693, 52.389], [1.202, 52.354], [1.324, 52.384], [1.441, 52.44], [1.43, 52.461], [1.661, 52.459], [1.702, 52.477], [1.653, 52.511], [1.663, 52.532], [1.742, 52.531]]], [[[1.336, 52.053], [1.339, 52.05], [1.337, 52.05], [1.336, 52.053]]]]}}, {"type": "Feature", "properties": {"name": "Cardiff", "country": "UK"}, "geometry": {"type": "Polygon", "coordinates": [[[-3.067, 51.526], [-3.159, 51.451], [-3.291, 51.5], [-3.156, 51.553], [-3.067, 51.526]]]}}, {"type": "Feature", "properties": {"name": "Surrey", "country": "UK"}, "geometry": {"type": "Polygon", "coordinates": [[[-0.513, 51.476], [-0.312, 51.392], [-0.312, 51.324], [-0.243, 51.374], [-0.219, 51.328], [-0.178, 51.339], [-0.128, 51.289], [0.0, 51.329], [0.054, 51.29], [0.063, 51.136], [-0.119, 51.134], [-0.182, 51.161], [-0.302, 51.117], [-0.688, 51.071], [-0.824, 51.152], [-0.829, 51.226], [-0.731, 51.244], [-0.765, 51.331], [-0.62, 51.388], [-0.57, 51.443], [-0.526, 51.431], [-0.513, 51.476]]]}}, {"type": "Feature", "properties": {"name": "Sutton", "country": "UK"}, "geometry": {"type": "Polygon", "coordinates": [[[-0.139, 51.384], [-0.11, 51.351], [-0.143, 51.32], [-0.219, 51.328], [-0.243, 51.374], [-0.139, 51.384]]]}}, {"type": "Feature", "properties": {"name": "Swindon", "country": "UK"}, "geometry": {"type": "Polygon", "coordinates": [[[-1.675, 51.573], [-1.58, 51.503], [-1.731, 51.46], [-1.835, 51.508], [-1.831, 51.566], [-1.701, 51.681], [-1.654, 51.632], [-1.675, 51.573]]]}}, {"type": "Feature", "properties": {"name": "Ballymena", "country": "UK"}, "geometry": {"type": "Polygon", "coordinates": [[[-6.192, 55.028], [-6.035, 54.948], [-6.028, 54.859], [-5.965, 54.855], [-5.948, 54.826], [-6.084, 54.792], [-6.482, 54.783], [-6.507, 54.916], [-6.434, 54.911], [-6.451, 54.961], [-6.192, 55.028]]]}}, {"type": "Feature", "properties": {"name": "Warwickshire", "country": "UK"}, "geometry": {"type": "Polygon", "coordinates": [[[-1.546, 52.581], [-1.293, 52.479], [-1.165, 52.348], [-1.249, 52.32], [-1.202, 52.301], [-1.208, 52.25], [-1.374, 52.118], [-1.358, 52.095], [-1.438, 52.107], [-1.495, 52.061], [-1.518, 51.988], [-1.604, 51.955], [-1.653, 51.984], [-1.612, 52.027], [-1.674, 52.031], [-1.787, 52.129], [-1.944, 52.165], [-1.902, 52.211], [-1.92, 52.266], [-1.847, 52.31], [-1.877, 52.345], [-1.844, 52.384], [-1.759, 52.337], [-1.432, 52.384], [-1.455, 52.438], [-1.662, 52.425], [-1.778, 52.575], [-1.643, 52.58], [-1.631, 52.643], [-1.58, 52.677], [-1.534, 52.642], [-1.559, 52.622], [-1.546, 52.581]]]}}, {"type": "Feature", "properties": {"name": "West Midlands", "country": "UK"}, "geometry": {"type": "Polygon", "coordinates": [[[-1.897, 52.649], [-1.861, 52.577], [-1.79, 52.587], [-1.662, 52.425], [-1.455, 52.438], [-1.432, 52.384], [-1.759, 52.337], [-1.844, 52.384], [-1.996, 52.379], [-1.983, 52.418], [-2.031, 52.437], [-2.154, 52.423], [-2.178, 52.501], [-2.126, 52.544], [-2.201, 52.579], [-2.181, 52.6], [-2.098, 52.634], [-2.026, 52.616], [-1.941, 52.665], [-1.897, 52.649]]]}}, {"type": "Feature", "properties": {"name": "Wiltshire", "country": "UK"}, "geometry": {"type": "Polygon", "coordinates": [[[-1.806, 51.698], [-1.75, 51.659], [-1.839, 51.547], [-1.81, 51.48], [-1.698, 51.46], [-1.58, 51.503], [-1.521, 51.434], [-1.563, 51.412], [-1.486, 51.344], [-1.527, 51.33], [-1.538, 51.245], [-1.696, 51.237], [-1.622, 51.108], [-1.611, 50.96], [-1.837, 51.009], [-2.099, 50.956], [-2.224, 51.066], [-2.348, 51.095], [-2.236, 51.264], [-2.334, 51.347], [-2.28, 51.373], [-2.282, 51.475], [-2.321, 51.484], [-2.245, 51.519], [-2.272, 51.577], [-2.149, 51.589], [-2.057, 51.664], [-1.875, 51.641], [-1.888, 51.672], [-1.833, 51.657], [-1.806, 51.698]]]}}, {"type": "Feature", "properties": {"name": "Omagh", "country": "UK"}, "geometry": {"type": "Polygon", "coordinates": [[[-7.308, 54.732], [-6.93, 54.768], [-6.995, 54.731], [-7.0, 54.675], [-6.95, 54.606], [-6.967, 54.548], [-7.113, 54.471], [-7.508, 54.405], [-7.559, 54.429], [-7.576, 54.484], [-7.534, 54.553], [-7.693, 54.601], [-7.442, 54.644], [-7.308, 54.732]]]}}, {"type": "Feature", "properties": {"name": "West Sussex", "country": "UK"}, "geometry": {"type": "MultiPolygon", "coordinates": [[[[-0.182, 51.161], [0.021, 51.136], [0.037, 51.111], [-0.029, 51.077], [0.019, 51.051], [-0.016, 50.982], [-0.106, 50.97], [-0.129, 50.879], [-0.231, 50.867], [-0.206, 50.827], [-0.693, 50.779], [-0.786, 50.722], [-0.917, 50.78], [-0.826, 50.805], [-0.814, 50.815], [-0.812, 50.83], [-0.851, 50.805], [-0.869, 50.839], [-0.874, 50.813], [-0.9, 50.805], [-0.894, 50.837], [-0.914, 50.839], [-0.908, 50.798], [-0.939, 50.818], [-0.945, 50.818], [-0.931, 50.944], [-0.838, 51.061], [-0.754, 51.089], [-0.421, 51.097], [-0.182, 51.161]]], [[[-0.903, 50.821], [-0.898, 50.815], [-0.903, 50.813], [-0.903, 50.821]]], [[[-0.938, 50.814], [-0.932, 50.811], [-0.941, 50.81], [-0.938, 50.814]]]]}}, {"type": "Feature", "properties": {"name": "West Yorkshire", "country": "UK"}, "geometry": {"type": "Polygon", "coordinates": [[[-1.877, 53.963], [-1.729, 53.903], [-1.555, 53.905], [-1.534, 53.935], [-1.455, 53.906], [-1.387, 53.939], [-1.294, 53.926], [-1.306, 53.861], [-1.344, 53.859], [-1.289, 53.77], [-1.307, 53.738], [-1.211, 53.71], [-1.247, 53.663], [-1.23, 53.621], [-1.305, 53.576], [-1.561, 53.607], [-1.615, 53.563], [-1.816, 53.516], [-1.897, 53.533], [-2.017, 53.619], [-2.046, 53.684], [-2.132, 53.682], [-2.16, 53.726], [-2.121, 53.791], [-1.966, 53.876], [-1.955, 53.951], [-1.877, 53.963]]]}}, {"type": "Feature", "properties": {"name": "Armagh", "country": "UK"}, "geometry": {"type": "Polygon", "coordinates": [[[-6.658, 54.464], [-6.555, 54.463], [-6.462, 54.378], [-6.405, 54.394], [-6.36, 54.277], [-6.605, 54.218], [-6.652, 54.181], [-6.796, 54.212], [-6.867, 54.328], [-6.796, 54.413], [-6.717, 54.404], [-6.658, 54.464]]]}}, {"type": "Feature", "properties": {"name": "Derry", "country": "UK"}, "geometry": {"type": "Polygon", "coordinates": [[[-7.263, 55.067], [-7.264, 55.042], [-7.147, 55.057], [-7.174, 55.032], [-7.131, 54.983], [-7.087, 54.984], [-7.093, 54.941], [-7.01, 54.816], [-7.109, 54.814], [-7.206, 54.848], [-7.209, 54.884], [-7.276, 54.887], [-7.262, 54.914], [-7.415, 54.944], [-7.353, 55.049], [-7.263, 55.067]]]}}, {"type": "Feature", "properties": {"name": "Worcestershire", "country": "UK"}, "geometry": {"type": "Polygon", "coordinates": [[[-2.339, 52.434], [-2.031, 52.437], [-1.983, 52.418], [-1.996, 52.379], [-1.844, 52.384], [-1.877, 52.345], [-1.847, 52.31], [-1.92, 52.266], [-1.902, 52.211], [-1.944, 52.165], [-1.758, 52.106], [-1.863, 52.063], [-1.832, 52.008], [-1.942, 52.03], [-2.13, 51.995], [-2.115, 52.042], [-2.165, 52.041], [-2.175, 51.988], [-2.308, 51.974], [-2.352, 52.014], [-2.35, 52.107], [-2.405, 52.143], [-2.406, 52.206], [-2.458, 52.23], [-2.447, 52.259], [-2.619, 52.252], [-2.641, 52.332], [-2.598, 52.305], [-2.525, 52.34], [-2.474, 52.327], [-2.47, 52.357], [-2.319, 52.385], [-2.339, 52.434]]]}}, {"type": "Feature", "properties": {"name": "York", "country": "UK"}, "geometry": {"type": "Polygon", "coordinates": [[[-0.987, 53.975], [-0.928, 53.972], [-0.94, 53.868], [-1.141, 53.86], [-1.235, 53.945], [-1.092, 54.04], [-1.007, 54.028], [-0.987, 53.975]]]}}, {"type": "Feature", "properties": {"name": "Antrim", "country": "UK"}, "geometry": {"type": "Polygon", "coordinates": [[[-6.481, 54.783], [-6.046, 54.774], [-6.051, 54.671], [-6.022, 54.662], [-6.066, 54.623], [-6.23, 54.592], [-6.279, 54.611], [-6.289, 54.584], [-6.431, 54.568], [-6.421, 54.655], [-6.499, 54.706], [-6.481, 54.783]]]}}, {"type": "Feature", "properties": {"name": "Ballymoney", "country": "UK"}, "geometry": {"type": "Polygon", "coordinates": [[[-6.478, 55.149], [-6.324, 55.104], [-6.228, 55.121], [-6.23, 55.069], [-6.192, 55.028], [-6.451, 54.961], [-6.434, 54.911], [-6.507, 54.916], [-6.614, 55.077], [-6.573, 55.131], [-6.478, 55.149]]]}}, {"type": "Feature", "properties": {"name": "Banbridge", "country": "UK"}, "geometry": {"type": "Polygon", "coordinates": [[[-6.166, 54.444], [-6.064, 54.388], [-5.95, 54.38], [-5.968, 54.25], [-6.192, 54.246], [-6.378, 54.293], [-6.405, 54.394], [-6.238, 54.398], [-6.224, 54.433], [-6.166, 54.444]]]}}, {"type": "Feature", "properties": {"name": "East Dunbartonshire", "country": "UK"}, "geometry": {"type": "Polygon", "coordinates": [[[-4.139, 56.021], [-4.11, 55.953], [-4.04, 55.953], [-4.056, 55.911], [-4.19, 55.889], [-4.36, 55.912], [-4.365, 55.976], [-4.265, 55.968], [-4.277, 56.025], [-4.139, 56.021]]]}}, {"type": "Feature", "properties": {"name": "Falkirk", "country": "UK"}, "geometry": {"type": "Polygon", "coordinates": [[[-3.768, 56.052], [-3.674, 56.012], [-3.513, 56.0], [-3.599, 55.991], [-3.809, 55.895], [-3.894, 55.933], [-3.865, 55.956], [-4.011, 56.012], [-3.768, 56.052]]]}}, {"type": "Feature", "properties": {"name": "Ards", "country": "UK"}, "geometry": {"type": "MultiPolygon", "coordinates": [[[[-5.572, 54.669], [-5.433, 54.487], [-5.48, 54.431], [-5.457, 54.393], [-5.496, 54.332], [-5.58, 54.393], [-5.534, 54.439], [-5.536, 54.459], [-5.559, 54.457], [-5.53, 54.483], [-5.557, 54.532], [-5.683, 54.583], [-5.724, 54.539], [-5.63, 54.516], [-5.642, 54.511], [-5.646, 54.5], [-5.619, 54.508], [-5.64, 54.495], [-5.652, 54.499], [-5.647, 54.513], [-5.677, 54.503], [-5.639, 54.458], [-5.716, 54.447], [-5.819, 54.492], [-5.757, 54.616], [-5.65, 54.619], [-5.572, 54.669]]], [[[-5.517, 54.699], [-5.514, 54.695], [-5.52, 54.696], [-5.517, 54.699]]], [[[-5.546, 54.67], [-5.521, 54.678], [-5.521, 54.669], [-5.546, 54.67]]], [[[-5.529, 54.697], [-5.522, 54.693], [-5.529, 54.694], [-5.529, 54.697]]], [[[-5.536, 54.449], [-5.538, 54.447], [-5.546, 54.448], [-5.536, 54.449]]], [[[-5.547, 54.444], [-5.541, 54.442], [-5.546, 54.442], [-5.547, 54.444]]], [[[-5.551, 54.457], [-5.553, 54.455], [-5.556, 54.456], [-5.551, 54.457]]], [[[-5.563, 54.437], [-5.56, 54.44], [-5.559, 54.437], [-5.563, 54.437]]], [[[-5.571, 54.434], [-5.565, 54.432], [-5.571, 54.433], [-5.571, 54.434]]], [[[-5.586, 54.522], [-5.577, 54.525], [-5.575, 54.523], [-5.586, 54.522]]], [[[-5.579, 54.531], [-5.579, 54.528], [-5.584, 54.528], [-5.579, 54.531]]], [[[-5.591, 54.513], [-5.593, 54.514], [-5.589, 54.516], [-5.591, 54.513]]], [[[-5.605, 54.529], [-5.599, 54.524], [-5.602, 54.522], [-5.605, 54.529]]], [[[-5.613, 54.474], [-5.604, 54.471], [-5.61, 54.463], [-5.613, 54.474]]], [[[-5.613, 54.478], [-5.608, 54.477], [-5.613, 54.476], [-5.613, 54.478]]], [[[-5.625, 54.476], [-5.618, 54.471], [-5.626, 54.474], [-5.625, 54.476]]], [[[-5.616, 54.538], [-5.62, 54.535], [-5.625, 54.535], [-5.616, 54.538]]], [[[-5.618, 54.48], [-5.617, 54.478], [-5.621, 54.479], [-5.618, 54.48]]], [[[-5.625, 54.471], [-5.621, 54.469], [-5.624, 54.468], [-5.625, 54.471]]], [[[-5.627, 54.509], [-5.624, 54.508], [-5.628, 54.507], [-5.627, 54.509]]], [[[-5.629, 54.47], [-5.624, 54.464], [-5.633, 54.467], [-5.629, 54.47]]], [[[-5.631, 54.485], [-5.625, 54.483], [-5.633, 54.48], [-5.631, 54.485]]], [[[-5.635, 54.495], [-5.634, 54.493], [-5.637, 54.493], [-5.635, 54.495]]], [[[-5.643, 54.473], [-5.634, 54.474], [-5.642, 54.468], [-5.643, 54.473]]], [[[-5.639, 54.51], [-5.635, 54.507], [-5.64, 54.508], [-5.639, 54.51]]], [[[-5.649, 54.492], [-5.637, 54.493], [-5.635, 54.49], [-5.649, 54.492]]], [[[-5.647, 54.489], [-5.64, 54.486], [-5.649, 54.487], [-5.647, 54.489]]], [[[-5.671, 54.505], [-5.663, 54.503], [-5.664, 54.502], [-5.671, 54.505]]], [[[-5.69, 54.547], [-5.687, 54.545], [-5.692, 54.547], [-5.69, 54.547]]]]}}, {"type": "Feature", "properties": {"name": "Fermanagh", "country": "UK"}, "geometry": {"type": "Polygon", "coordinates": [[[-7.693, 54.601], [-7.534, 54.553], [-7.579, 54.506], [-7.559, 54.429], [-7.508, 54.405], [-7.364, 54.43], [-7.332, 54.371], [-7.253, 54.328], [-7.19, 54.337], [-7.202, 54.298], [-7.15, 54.273], [-7.142, 54.227], [-7.238, 54.203], [-7.274, 54.125], [-7.303, 54.166], [-7.313, 54.112], [-7.394, 54.118], [-7.415, 54.151], [-7.554, 54.128], [-7.697, 54.202], [-7.851, 54.212], [-7.878, 54.289], [-7.941, 54.299], [-8.172, 54.464], [-8.053, 54.49], [-8.003, 54.546], [-7.829, 54.545], [-7.693, 54.601]]]}}, {"type": "Feature", "properties": {"name": "Newport", "country": "UK"}, "geometry": {"type": "Polygon", "coordinates": [[[-2.79, 51.632], [-2.853, 51.584], [-2.798, 51.563], [-2.846, 51.545], [-2.99, 51.544], [-3.075, 51.502], [-3.102, 51.543], [-3.084, 51.563], [-3.109, 51.587], [-2.835, 51.65], [-2.79, 51.632]]]}}, {"type": "Feature", "properties": {"name": "Larne", "country": "UK"}, "geometry": {"type": "MultiPolygon", "coordinates": [[[[-5.978, 55.057], [-5.991, 54.985], [-5.919, 54.962], [-5.796, 54.852], [-5.812, 54.831], [-5.74, 54.812], [-5.72, 54.772], [-5.734, 54.813], [-5.791, 54.85], [-5.722, 54.846], [-5.691, 54.771], [-5.755, 54.753], [-6.008, 54.787], [-6.019, 54.819], [-5.945, 54.833], [-6.028, 54.859], [-6.024, 54.935], [-6.102, 54.987], [-5.978, 55.057]]], [[[-5.721, 54.851], [-5.715, 54.845], [-5.721, 54.848], [-5.721, 54.851]]]]}}, {"type": "Feature", "properties": {"name": "Aberdeen", "country": "UK"}, "geometry": {"type": "Polygon", "coordinates": [[[-2.284, 57.236], [-2.049, 57.234], [-2.079, 57.166], [-2.045, 57.14], [-2.062, 57.108], [-2.347, 57.088], [-2.345, 57.135], [-2.268, 57.164], [-2.303, 57.21], [-2.284, 57.236]]]}}, {"type": "Feature", "properties": {"name": "Down", "country": "UK"}, "geometry": {"type": "MultiPolygon", "coordinates": [[[[-5.732, 54.452], [-5.627, 54.464], [-5.649, 54.412], [-5.64, 54.4], [-5.685, 54.372], [-5.666, 54.363], [-5.65, 54.365], [-5.572, 54.383], [-5.524, 54.311], [-5.549, 54.307], [-5.594, 54.26], [-5.608, 54.265], [-5.611, 54.246], [-5.639, 54.263], [-5.66, 54.225], [-5.691, 54.251], [-5.82, 54.243], [-5.819, 54.283], [-5.86, 54.25], [-5.83, 54.241], [-5.891, 54.207], [-5.875, 54.184], [-6.032, 54.171], [-6.078, 54.234], [-6.038, 54.264], [-5.968, 54.25], [-5.947, 54.291], [-5.971, 54.341], [-5.916, 54.45], [-5.835, 54.492], [-5.732, 54.452]]], [[[-5.551, 54.293], [-5.542, 54.297], [-5.546, 54.29], [-5.551, 54.293]]], [[[-5.599, 54.387], [-5.594, 54.384], [-5.6, 54.385], [-5.599, 54.387]]], [[[-5.604, 54.385], [-5.602, 54.383], [-5.607, 54.384], [-5.604, 54.385]]], [[[-5.613, 54.453], [-5.606, 54.453], [-5.613, 54.452], [-5.613, 54.453]]], [[[-5.615, 54.464], [-5.61, 54.46], [-5.617, 54.462], [-5.615, 54.464]]], [[[-5.624, 54.454], [-5.613, 54.447], [-5.623, 54.448], [-5.631, 54.441], [-5.624, 54.454]]], [[[-5.614, 54.412], [-5.616, 54.409], [-5.62, 54.409], [-5.614, 54.412]]], [[[-5.621, 54.46], [-5.615, 54.455], [-5.623, 54.455], [-5.621, 54.46]]], [[[-5.624, 54.445], [-5.615, 54.442], [-5.625, 54.439], [-5.624, 54.445]]], [[[-5.621, 54.38], [-5.62, 54.378], [-5.624, 54.378], [-5.621, 54.38]]], [[[-5.632, 54.378], [-5.628, 54.379], [-5.627, 54.376], [-5.632, 54.378]]], [[[-5.639, 54.387], [-5.631, 54.385], [-5.64, 54.381], [-5.639, 54.387]]], [[[-5.645, 54.418], [-5.632, 54.412], [-5.641, 54.413], [-5.645, 54.418]]], [[[-5.634, 54.378], [-5.633, 54.375], [-5.639, 54.376], [-5.634, 54.378]]], [[[-5.659, 54.371], [-5.652, 54.369], [-5.669, 54.367], [-5.666, 54.374], [-5.659, 54.371]]], [[[-5.659, 54.377], [-5.655, 54.376], [-5.66, 54.375], [-5.659, 54.377]]], [[[-5.678, 54.373], [-5.676, 54.371], [-5.68, 54.373], [-5.678, 54.373]]], [[[-5.714, 54.247], [-5.714, 54.245], [-5.716, 54.245], [-5.714, 54.247]]]]}}, {"type": "Feature", "properties": {"name": "Inverclyde", "country": "UK"}, "geometry": {"type": "Polygon", "coordinates": [[[-4.791, 55.964], [-4.627, 55.93], [-4.588, 55.851], [-4.891, 55.865], [-4.88, 55.943], [-4.791, 55.964]]]}}, {"type": "Feature", "properties": {"name": "Dungannon", "country": "UK"}, "geometry": {"type": "Polygon", "coordinates": [[[-6.961, 54.577], [-6.638, 54.566], [-6.528, 54.54], [-6.584, 54.508], [-6.555, 54.463], [-6.658, 54.464], [-6.717, 54.404], [-6.796, 54.413], [-6.867, 54.328], [-7.042, 54.416], [-7.109, 54.353], [-7.232, 54.322], [-7.332, 54.371], [-7.364, 54.43], [-7.113, 54.471], [-6.973, 54.538], [-6.961, 54.577]]]}}, {"type": "Feature", "properties": {"name": "Strabane", "country": "UK"}, "geometry": {"type": "Polygon", "coordinates": [[[-7.443, 54.935], [-7.262, 54.914], [-7.276, 54.887], [-7.209, 54.884], [-7.206, 54.848], [-7.109, 54.814], [-6.942, 54.828], [-6.896, 54.782], [-7.308, 54.732], [-7.442, 54.644], [-7.693, 54.601], [-7.711, 54.63], [-7.855, 54.635], [-7.926, 54.696], [-7.834, 54.739], [-7.751, 54.706], [-7.649, 54.75], [-7.537, 54.745], [-7.552, 54.792], [-7.458, 54.858], [-7.443, 54.935]]]}}, {"type": "Feature", "properties": {"name": "Midlothian", "country": "UK"}, "geometry": {"type": "Polygon", "coordinates": [[[-3.078, 55.948], [-2.821, 55.822], [-2.907, 55.782], [-2.943, 55.815], [-3.121, 55.712], [-3.184, 55.802], [-3.27, 55.774], [-3.36, 55.812], [-3.19, 55.883], [-3.087, 55.891], [-3.078, 55.948]]]}}, {"type": "Feature", "properties": {"name": "Moyle", "country": "UK"}, "geometry": {"type": "MultiPolygon", "coordinates": [[[[-6.482, 55.253], [-6.061, 55.199], [-6.024, 55.143], [-6.059, 55.062], [-5.979, 55.057], [-6.14, 54.986], [-6.23, 55.069], [-6.228, 55.121], [-6.324, 55.104], [-6.379, 55.138], [-6.515, 55.149], [-6.542, 55.221], [-6.482, 55.253]]], [[[-6.286, 55.294], [-6.17, 55.302], [-6.18, 55.267], [-6.196, 55.293], [-6.286, 55.294]]], [[[-6.353, 55.25], [-6.349, 55.249], [-6.353, 55.247], [-6.353, 55.25]]]]}}, {"type": "Feature", "properties": {"name": "Newry and Mourne", "country": "UK"}, "geometry": {"type": "Polygon", "coordinates": [[[-6.36, 54.277], [-6.045, 54.247], [-6.078, 54.234], [-6.032, 54.171], [-5.966, 54.194], [-5.871, 54.167], [-5.903, 54.1], [-6.061, 54.023], [-6.107, 54.041], [-6.085, 54.058], [-6.262, 54.099], [-6.319, 54.149], [-6.281, 54.11], [-6.35, 54.116], [-6.375, 54.066], [-6.47, 54.079], [-6.62, 54.037], [-6.67, 54.071], [-6.638, 54.199], [-6.36, 54.277]]]}}, {"type": "Feature", "properties": {"name": "North Lanarkshire", "country": "UK"}, "geometry": {"type": "Polygon", "coordinates": [[[-4.011, 56.012], [-3.865, 55.956], [-3.894, 55.933], [-3.793, 55.872], [-3.706, 55.877], [-3.745, 55.858], [-3.733, 55.784], [-3.898, 55.734], [-4.065, 55.813], [-4.07, 55.862], [-4.17, 55.9], [-4.044, 55.924], [-4.048, 55.958], [-4.121, 55.962], [-4.126, 56.006], [-4.011, 56.012]]]}}, {"type": "Feature", "properties": {"name": "Angus", "country": "UK"}, "geometry": {"type": "Polygon", "coordinates": [[[-2.831, 56.974], [-2.654, 56.889], [-2.669, 56.826], [-2.62, 56.785], [-2.435, 56.74], [-2.455, 56.703], [-2.478, 56.721], [-2.534, 56.71], [-2.433, 56.701], [-2.509, 56.651], [-2.48, 56.621], [-2.734, 56.464], [-2.822, 56.477], [-2.845, 56.517], [-3.064, 56.501], [-3.079, 56.475], [-3.147, 56.491], [-3.169, 56.531], [-3.084, 56.607], [-3.335, 56.724], [-3.395, 56.882], [-3.293, 56.901], [-3.275, 56.93], [-3.121, 56.891], [-3.059, 56.964], [-2.831, 56.974]]]}}, {"type": "Feature", "properties": {"name": "Dundee", "country": "UK"}, "geometry": {"type": "Polygon", "coordinates": [[[-2.828, 56.476], [-2.989, 56.451], [-3.079, 56.475], [-3.064, 56.501], [-2.883, 56.518], [-2.845, 56.517], [-2.828, 56.476]]]}}, {"type": "Feature", "properties": {"name": "East Ayrshire", "country": "UK"}, "geometry": {"type": "Polygon", "coordinates": [[[-4.284, 55.691], [-4.173, 55.606], [-4.212, 55.56], [-3.992, 55.57], [-3.964, 55.507], [-3.999, 55.438], [-4.094, 55.396], [-4.113, 55.3], [-4.297, 55.308], [-4.431, 55.142], [-4.437, 55.176], [-4.467, 55.158], [-4.445, 55.282], [-4.578, 55.389], [-4.466, 55.386], [-4.484, 55.446], [-4.427, 55.518], [-4.582, 55.591], [-4.501, 55.646], [-4.626, 55.665], [-4.518, 55.759], [-4.284, 55.691]]]}}, {"type": "Feature", "properties": {"name": "Edinburgh", "country": "UK"}, "geometry": {"type": "MultiPolygon", "coordinates": [[[[-3.45, 55.997], [-3.29, 55.98], [-3.159, 55.983], [-3.078, 55.948], [-3.087, 55.891], [-3.395, 55.817], [-3.39, 55.884], [-3.449, 55.916], [-3.45, 55.997]]], [[[-3.274, 56.013], [-3.272, 56.011], [-3.275, 56.011], [-3.274, 56.013]]], [[[-3.293, 55.996], [-3.288, 55.992], [-3.293, 55.99], [-3.293, 55.996]]], [[[-3.356, 56.007], [-3.358, 56.008], [-3.353, 56.008], [-3.356, 56.007]]], [[[-3.363, 56.006], [-3.358, 56.005], [-3.366, 56.004], [-3.363, 56.006]]]]}}, {"type": "Feature", "properties": {"name": "Renfrewshire", "country": "UK"}, "geometry": {"type": "Polygon", "coordinates": [[[-4.626, 55.934], [-4.489, 55.926], [-4.356, 55.864], [-4.357, 55.819], [-4.516, 55.763], [-4.635, 55.767], [-4.752, 55.857], [-4.588, 55.851], [-4.626, 55.934]]]}}, {"type": "Feature", "properties": {"name": "East Lothian", "country": "UK"}, "geometry": {"type": "MultiPolygon", "coordinates": [[[[-2.771, 56.067], [-2.623, 56.052], [-2.589, 56.016], [-2.364, 55.947], [-2.436, 55.895], [-2.396, 55.872], [-2.595, 55.828], [-2.654, 55.848], [-2.821, 55.822], [-3.056, 55.927], [-3.056, 55.952], [-2.918, 55.974], [-2.851, 56.014], [-2.866, 56.038], [-2.771, 56.067]]], [[[-2.643, 56.078], [-2.64, 56.076], [-2.644, 56.077], [-2.643, 56.078]]], [[[-2.723, 56.075], [-2.719, 56.072], [-2.723, 56.073], [-2.723, 56.075]]], [[[-2.786, 56.071], [-2.781, 56.073], [-2.781, 56.071], [-2.786, 56.071]]]]}}, {"type": "Feature", "properties": {"name": "Caerphilly", "country": "UK"}, "geometry": {"type": "Polygon", "coordinates": [[[-3.232, 51.738], [-3.07, 51.68], [-3.076, 51.63], [-3.032, 51.606], [-3.109, 51.587], [-3.084, 51.563], [-3.102, 51.543], [-3.227, 51.545], [-3.302, 51.649], [-3.275, 51.677], [-3.334, 51.79], [-3.289, 51.793], [-3.232, 51.738]]]}}, {"type": "Feature", "properties": {"name": "Fife", "country": "UK"}, "geometry": {"type": "MultiPolygon", "coordinates": [[[[-2.559, 56.183], [-2.558, 56.188], [-2.544, 56.181], [-2.559, 56.183]]], [[[-2.893, 56.453], [-2.858, 56.44], [-2.803, 56.442], [-2.813, 56.389], [-2.889, 56.362], [-2.817, 56.367], [-2.584, 56.279], [-2.808, 56.183], [-2.958, 56.21], [-3.15, 56.116], [-3.174, 56.062], [-3.283, 56.056], [-3.4, 56.025], [-3.39, 56.007], [-3.751, 56.07], [-3.569, 56.149], [-3.387, 56.137], [-3.275, 56.166], [-3.303, 56.18], [-3.264, 56.219], [-3.363, 56.265], [-3.243, 56.306], [-3.262, 56.351], [-2.893, 56.453]]], [[[-2.846, 56.449], [-2.839, 56.448], [-2.846, 56.447], [-2.846, 56.449]]], [[[-3.141, 56.034], [-3.131, 56.032], [-3.13, 56.027], [-3.141, 56.034]]], [[[-3.304, 56.031], [-3.295, 56.029], [-3.31, 56.028], [-3.304, 56.031]]]]}}, {"type": "Feature", "properties": {"name": "Glasgow", "country": "UK"}, "geometry": {"type": "Polygon", "coordinates": [[[-4.352, 55.905], [-4.162, 55.892], [-4.07, 55.856], [-4.084, 55.827], [-4.193, 55.827], [-4.202, 55.785], [-4.357, 55.805], [-4.352, 55.905]]]}}, {"type": "Feature", "properties": {"name": "Moray", "country": "UK"}, "geometry": {"type": "Polygon", "coordinates": [[[-3.283, 57.726], [-3.028, 57.664], [-2.85, 57.707], [-2.822, 57.695], [-2.823, 57.634], [-2.707, 57.513], [-2.892, 57.521], [-2.992, 57.477], [-3.012, 57.418], [-2.97, 57.364], [-2.986, 57.298], [-3.03, 57.267], [-3.19, 57.257], [-3.332, 57.176], [-3.323, 57.1], [-3.345, 57.089], [-3.679, 57.096], [-3.437, 57.189], [-3.445, 57.286], [-3.487, 57.305], [-3.384, 57.381], [-3.398, 57.421], [-3.498, 57.458], [-3.718, 57.406], [-3.681, 57.508], [-3.761, 57.632], [-3.647, 57.663], [-3.62, 57.655], [-3.647, 57.64], [-3.589, 57.632], [-3.624, 57.663], [-3.283, 57.726]]]}}, {"type": "Feature", "properties": {"name": "South Lanarkshire", "country": "UK"}, "geometry": {"type": "Polygon", "coordinates": [[[-4.152, 55.831], [-3.882, 55.733], [-3.611, 55.804], [-3.458, 55.77], [-3.436, 55.718], [-3.394, 55.708], [-3.479, 55.649], [-3.478, 55.612], [-3.527, 55.6], [-3.484, 55.553], [-3.535, 55.438], [-3.5, 55.41], [-3.568, 55.384], [-3.572, 55.33], [-3.642, 55.29], [-3.826, 55.446], [-3.983, 55.461], [-3.961, 55.54], [-3.992, 55.57], [-4.212, 55.56], [-4.173, 55.606], [-4.24, 55.667], [-4.219, 55.72], [-4.258, 55.761], [-4.152, 55.831]]]}}, {"type": "Feature", "properties": {"name": "West Lothian", "country": "UK"}, "geometry": {"type": "Polygon", "coordinates": [[[-3.47, 56.0], [-3.449, 55.916], [-3.39, 55.884], [-3.395, 55.817], [-3.458, 55.77], [-3.611, 55.804], [-3.731, 55.779], [-3.745, 55.858], [-3.706, 55.877], [-3.821, 55.889], [-3.599, 55.991], [-3.47, 56.0]]]}}, {"type": "Feature", "properties": {"name": "Bridgend", "country": "UK"}, "geometry": {"type": "Polygon", "coordinates": [[[-3.549, 51.642], [-3.462, 51.59], [-3.475, 51.51], [-3.543, 51.448], [-3.526, 51.436], [-3.578, 51.42], [-3.649, 51.477], [-3.75, 51.503], [-3.762, 51.535], [-3.64, 51.542], [-3.682, 51.587], [-3.654, 51.64], [-3.549, 51.642]]]}}, {"type": "Feature", "properties": {"name": "Perthshire and Kinross", "country": "UK"}, "geometry": {"type": "MultiPolygon", "coordinates": [[[[-3.941, 56.947], [-3.588, 56.93], [-3.562, 56.889], [-3.395, 56.882], [-3.335, 56.724], [-3.084, 56.607], [-3.17, 56.517], [-3.058, 56.453], [-3.285, 56.357], [-3.243, 56.306], [-3.363, 56.265], [-3.264, 56.219], [-3.303, 56.18], [-3.271, 56.169], [-3.631, 56.128], [-3.643, 56.155], [-3.554, 56.182], [-3.759, 56.216], [-3.828, 56.191], [-3.996, 56.269], [-4.171, 56.3], [-4.235, 56.373], [-4.186, 56.391], [-4.187, 56.457], [-4.095, 56.468], [-4.145, 56.512], [-4.285, 56.481], [-4.352, 56.541], [-4.676, 56.484], [-4.65, 56.527], [-4.693, 56.548], [-4.558, 56.57], [-4.628, 56.612], [-4.621, 56.647], [-4.709, 56.642], [-4.709, 56.663], [-4.586, 56.693], [-4.578, 56.755], [-4.514, 56.804], [-4.437, 56.778], [-4.201, 56.869], [-4.178, 56.907], [-3.976, 56.896], [-3.941, 56.947]]], [[[-3.234, 56.361], [-3.258, 56.354], [-3.279, 56.354], [-3.265, 56.358], [-3.234, 56.361]]], [[[-3.254, 56.363], [-3.251, 56.361], [-3.258, 56.361], [-3.254, 56.363]]]]}}, {"type": "Feature", "properties": {"name": "Stirling", "country": "UK"}, "geometry": {"type": "Polygon", "coordinates": [[[-4.323, 56.533], [-4.285, 56.481], [-4.122, 56.502], [-4.095, 56.468], [-4.187, 56.457], [-4.186, 56.391], [-4.235, 56.373], [-4.219, 56.329], [-3.838, 56.216], [-3.857, 56.119], [-3.729, 56.051], [-4.133, 56.004], [-4.142, 56.029], [-4.277, 56.025], [-4.274, 55.959], [-4.409, 55.976], [-4.473, 56.017], [-4.428, 56.046], [-4.611, 56.088], [-4.68, 56.198], [-4.649, 56.321], [-4.779, 56.318], [-4.776, 56.343], [-4.837, 56.37], [-4.701, 56.461], [-4.513, 56.519], [-4.323, 56.533]]]}}, {"type": "Feature", "properties": {"name": "West Dunbartonshire", "country": "UK"}, "geometry": {"type": "Polygon", "coordinates": [[[-4.599, 56.078], [-4.428, 56.046], [-4.473, 56.017], [-4.365, 55.976], [-4.356, 55.864], [-4.591, 55.94], [-4.599, 56.078]]]}}, {"type": "Feature", "properties": {"name": "Scottish Borders", "country": "UK"}, "geometry": {"type": "Polygon", "coordinates": [[[-2.365, 55.945], [-2.138, 55.917], [-2.028, 55.808], [-2.239, 55.652], [-2.331, 55.641], [-2.183, 55.459], [-2.331, 55.398], [-2.385, 55.344], [-2.463, 55.361], [-2.552, 55.316], [-2.628, 55.266], [-2.626, 55.223], [-2.746, 55.154], [-2.851, 55.112], [-2.889, 55.155], [-2.864, 55.231], [-2.906, 55.243], [-2.879, 55.272], [-3.034, 55.273], [-3.104, 55.352], [-3.208, 55.372], [-3.304, 55.343], [-3.303, 55.385], [-3.24, 55.426], [-3.316, 55.438], [-3.444, 55.404], [-3.535, 55.438], [-3.485, 55.515], [-3.527, 55.6], [-3.478, 55.612], [-3.479, 55.649], [-3.394, 55.708], [-3.459, 55.761], [-3.422, 55.807], [-3.368, 55.818], [-3.27, 55.774], [-3.184, 55.802], [-3.121, 55.712], [-2.943, 55.815], [-2.907, 55.782], [-2.781, 55.838], [-2.595, 55.828], [-2.396, 55.872], [-2.436, 55.895], [-2.365, 55.945]]]}}, {"type": "Feature", "properties": {"name": "South Ayrshire", "country": "UK"}, "geometry": {"type": "MultiPolygon", "coordinates": [[[[-4.582, 55.591], [-4.427, 55.518], [-4.484, 55.446], [-4.466, 55.386], [-4.578, 55.389], [-4.445, 55.282], [-4.467, 55.158], [-4.648, 55.12], [-4.631, 55.054], [-5.039, 54.992], [-5.052, 55.052], [-4.994, 55.144], [-4.861, 55.227], [-4.846, 55.325], [-4.775, 55.36], [-4.747, 55.422], [-4.646, 55.447], [-4.621, 55.505], [-4.685, 55.549], [-4.582, 55.591]]], [[[-4.657, 55.52], [-4.66, 55.52], [-4.653, 55.523], [-4.657, 55.52]]], [[[-4.736, 55.525], [-4.731, 55.527], [-4.732, 55.525], [-4.736, 55.525]]], [[[-5.124, 55.247], [-5.115, 55.258], [-5.106, 55.252], [-5.124, 55.247]]]]}}, {"type": "Feature", "properties": {"name": "Anglesey", "country": "UK"}, "geometry": {"type": "MultiPolygon", "coordinates": [[[[-4.029, 53.32], [-4.023, 53.317], [-4.033, 53.315], [-4.029, 53.32]]], [[[-4.575, 53.404], [-4.287, 53.417], [-4.206, 53.295], [-4.04, 53.31], [-4.21, 53.21], [-4.219, 53.185], [-4.36, 53.135], [-4.328, 53.129], [-4.327, 53.126], [-4.415, 53.132], [-4.386, 53.192], [-4.443, 53.154], [-4.588, 53.281], [-4.539, 53.307], [-4.585, 53.33], [-4.555, 53.373], [-4.575, 53.404]]], [[[-4.158, 53.231], [-4.155, 53.229], [-4.158, 53.229], [-4.158, 53.231]]], [[[-4.157, 53.227], [-4.157, 53.226], [-4.159, 53.227], [-4.157, 53.227]]], [[[-4.607, 53.424], [-4.609, 53.419], [-4.613, 53.42], [-4.607, 53.424]]]]}}, {"type": "Feature", "properties": {"name": "Blaenau Gwent", "country": "UK"}, "geometry": {"type": "Polygon", "coordinates": [[[-3.293, 51.799], [-3.128, 51.795], [-3.107, 51.704], [-3.232, 51.738], [-3.293, 51.799]]]}}, {"type": "Feature", "properties": {"name": "Carmarthenshire", "country": "UK"}, "geometry": {"type": "Polygon", "coordinates": [[[-4.073, 52.104], [-3.707, 52.115], [-3.711, 52.087], [-3.642, 52.042], [-3.696, 51.989], [-3.711, 51.882], [-3.8, 51.785], [-3.867, 51.8], [-3.885, 51.765], [-4.01, 51.755], [-4.084, 51.662], [-4.341, 51.689], [-4.378, 51.733], [-4.316, 51.725], [-4.377, 51.755], [-4.368, 51.787], [-4.324, 51.801], [-4.32, 51.816], [-4.326, 51.801], [-4.37, 51.79], [-4.404, 51.757], [-4.449, 51.768], [-4.438, 51.78], [-4.456, 51.79], [-4.465, 51.789], [-4.439, 51.737], [-4.629, 51.733], [-4.65, 51.818], [-4.767, 51.825], [-4.693, 51.909], [-4.495, 51.96], [-4.556, 52.039], [-4.236, 52.032], [-4.073, 52.104]]]}}, {"type": "Feature", "properties": {"name": "Ceredigion", "country": "UK"}, "geometry": {"type": "MultiPolygon", "coordinates": [[[[-4.059, 52.529], [-3.839, 52.549], [-3.813, 52.481], [-3.725, 52.499], [-3.761, 52.437], [-3.652, 52.347], [-3.731, 52.319], [-3.701, 52.274], [-3.739, 52.247], [-3.763, 52.106], [-4.073, 52.104], [-4.236, 52.032], [-4.697, 52.068], [-4.688, 52.13], [-4.518, 52.136], [-4.207, 52.265], [-4.087, 52.398], [-4.059, 52.529]]], [[[-4.056, 52.532], [-4.056, 52.535], [-4.048, 52.538], [-4.056, 52.532]]], [[[-4.688, 52.134], [-4.685, 52.132], [-4.697, 52.131], [-4.688, 52.134]]]]}}, {"type": "Feature", "properties": {"name": "Conwy", "country": "UK"}, "geometry": {"type": "Polygon", "coordinates": [[[-3.867, 53.343], [-3.71, 53.294], [-3.513, 53.317], [-3.519, 53.25], [-3.475, 53.17], [-3.586, 53.087], [-3.477, 53.057], [-3.462, 52.976], [-3.567, 52.965], [-3.601, 53.007], [-3.788, 52.937], [-3.895, 53.009], [-3.98, 52.996], [-3.968, 53.048], [-4.008, 53.1], [-3.927, 53.201], [-4.002, 53.251], [-3.838, 53.297], [-3.867, 53.343]]]}}, {"type": "Feature", "properties": {"name": "Denbighshire", "country": "UK"}, "geometry": {"type": "Polygon", "coordinates": [[[-3.374, 53.351], [-3.382, 53.297], [-3.341, 53.273], [-3.341, 53.219], [-3.271, 53.157], [-3.182, 53.139], [-3.123, 53.066], [-3.141, 52.997], [-3.095, 52.964], [-3.311, 52.933], [-3.391, 52.867], [-3.47, 52.862], [-3.45, 52.91], [-3.477, 52.933], [-3.423, 52.971], [-3.462, 52.976], [-3.477, 53.057], [-3.586, 53.087], [-3.475, 53.17], [-3.519, 53.25], [-3.513, 53.317], [-3.509, 53.317], [-3.51, 53.312], [-3.495, 53.3], [-3.476, 53.293], [-3.508, 53.315], [-3.374, 53.351]]]}}, {"type": "Feature", "properties": {"name": "Flintshire", "country": "UK"}, "geometry": {"type": "Polygon", "coordinates": [[[-3.32, 53.357], [-3.06, 53.222], [-3.039, 53.219], [-3.101, 53.255], [-3.001, 53.239], [-2.909, 53.171], [-3.123, 53.066], [-3.191, 53.148], [-3.271, 53.157], [-3.341, 53.219], [-3.341, 53.273], [-3.382, 53.297], [-3.361, 53.35], [-3.32, 53.357]]]}}, {"type": "Feature", "properties": {"name": "Merthyr Tydfil", "country": "UK"}, "geometry": {"type": "Polygon", "coordinates": [[[-3.435, 51.817], [-3.334, 51.79], [-3.277, 51.659], [-3.302, 51.649], [-3.438, 51.755], [-3.413, 51.766], [-3.435, 51.817]]]}}, {"type": "Feature", "properties": {"name": "Monmouthshire", "country": "UK"}, "geometry": {"type": "Polygon", "coordinates": [[[-2.961, 51.91], [-2.866, 51.929], [-2.737, 51.839], [-2.648, 51.822], [-2.684, 51.766], [-2.666, 51.608], [-2.833, 51.574], [-2.853, 51.584], [-2.801, 51.644], [-2.961, 51.627], [-2.976, 51.709], [-3.049, 51.784], [-3.157, 51.811], [-3.089, 51.829], [-3.035, 51.886], [-3.051, 51.983], [-2.961, 51.91]]]}}, {"type": "Feature", "properties": {"name": "Neath Port Talbot", "country": "UK"}, "geometry": {"type": "Polygon", "coordinates": [[[-3.867, 51.8], [-3.763, 51.758], [-3.592, 51.763], [-3.546, 51.642], [-3.66, 51.635], [-3.682, 51.587], [-3.64, 51.542], [-3.762, 51.535], [-3.846, 51.612], [-3.831, 51.628], [-3.889, 51.618], [-3.83, 51.688], [-3.933, 51.762], [-3.885, 51.765], [-3.867, 51.8]]]}}, {"type": "Feature", "properties": {"name": "Swansea", "country": "UK"}, "geometry": {"type": "MultiPolygon", "coordinates": [[[[-3.978, 51.767], [-3.83, 51.688], [-3.889, 51.618], [-3.991, 51.6], [-3.97, 51.566], [-4.114, 51.574], [-4.205, 51.535], [-4.309, 51.562], [-4.289, 51.58], [-4.316, 51.61], [-4.246, 51.647], [-4.182, 51.626], [-4.076, 51.657], [-3.978, 51.767]]], [[[-4.334, 51.565], [-4.315, 51.564], [-4.314, 51.561], [-4.334, 51.565]]]]}}, {"type": "Feature", "properties": {"name": "Powys", "country": "UK"}, "geometry": {"type": "Polygon", "coordinates": [[[-3.374, 52.868], [-3.262, 52.781], [-3.141, 52.796], [-2.957, 52.733], [-3.011, 52.712], [-3.029, 52.653], [-3.124, 52.582], [-3.119, 52.529], [-3.011, 52.57], [-2.974, 52.542], [-2.991, 52.519], [-3.214, 52.451], [-3.196, 52.41], [-3.068, 52.345], [-2.953, 52.332], [-3.001, 52.287], [-2.954, 52.261], [-3.055, 52.231], [-3.114, 52.166], [-3.076, 52.148], [-3.13, 52.127], [-3.1, 52.112], [-3.127, 52.071], [-3.082, 52.047], [-3.035, 51.886], [-3.089, 51.829], [-3.162, 51.81], [-3.348, 51.789], [-3.405, 51.828], [-3.584, 51.751], [-3.648, 51.779], [-3.763, 51.758], [-3.8, 51.785], [-3.711, 51.882], [-3.696, 51.989], [-3.642, 52.042], [-3.711, 52.087], [-3.707, 52.115], [-3.756, 52.125], [-3.739, 52.247], [-3.701, 52.274], [-3.731, 52.319], [-3.652, 52.347], [-3.761, 52.437], [-3.725, 52.499], [-3.813, 52.481], [-3.839, 52.549], [-3.927, 52.553], [-3.838, 52.599], [-3.797, 52.675], [-3.601, 52.696], [-3.572, 52.731], [-3.597, 52.784], [-3.578, 52.819], [-3.374, 52.868]]]}}, {"type": "Feature", "properties": {"name": "Rhondda, Cynon, Taff", "country": "UK"}, "geometry": {"type": "Polygon", "coordinates": [[[-3.435, 51.817], [-3.413, 51.766], [-3.438, 51.755], [-3.302, 51.65], [-3.227, 51.545], [-3.284, 51.503], [-3.475, 51.51], [-3.462, 51.59], [-3.569, 51.672], [-3.592, 51.742], [-3.435, 51.817]]]}}, {"type": "Feature", "properties": {"name": "Vale of Glamorgan", "country": "UK"}, "geometry": {"type": "MultiPolygon", "coordinates": [[[[-3.114, 51.341], [-3.103, 51.338], [-3.116, 51.339], [-3.114, 51.341]]], [[[-3.125, 51.379], [-3.118, 51.375], [-3.125, 51.377], [-3.125, 51.379]]], [[[-3.523, 51.494], [-3.322, 51.514], [-3.261, 51.469], [-3.19, 51.465], [-3.169, 51.406], [-3.404, 51.381], [-3.578, 51.419], [-3.526, 51.436], [-3.523, 51.494]]], [[[-3.202, 51.397], [-3.195, 51.395], [-3.202, 51.395], [-3.202, 51.397]]]]}}, {"type": "Feature", "properties": {"name": "Wrexham", "country": "UK"}, "geometry": {"type": "Polygon", "coordinates": [[[-2.828, 53.002], [-2.728, 52.967], [-2.72, 52.917], [-2.783, 52.899], [-2.854, 52.94], [-2.994, 52.954], [-3.132, 52.883], [-3.141, 52.796], [-3.242, 52.779], [-3.391, 52.867], [-3.311, 52.933], [-3.095, 52.964], [-3.141, 52.997], [-3.132, 53.059], [-2.992, 53.139], [-2.894, 53.104], [-2.828, 53.002]]]}}, {"type": "Feature", "properties": {"name": "Limerick City", "country": "IE"}, "geometry": {"type": "Polygon", "coordinates": [[[-8.705, 52.658], [-8.614, 52.687], [-8.59, 52.649], [-8.705, 52.658]]]}}, {"type": "Feature", "properties": {"name": "Limerick County", "country": "IE"}, "geometry": {"type": "Polygon", "coordinates": [[[-8.476, 52.753], [-8.452, 52.685], [-8.297, 52.696], [-8.189, 52.67], [-8.237, 52.582], [-8.232, 52.515], [-8.286, 52.522], [-8.33, 52.48], [-8.36, 52.511], [-8.406, 52.467], [-8.386, 52.433], [-8.32, 52.44], [-8.282, 52.401], [-8.231, 52.41], [-8.215, 52.364], [-8.168, 52.368], [-8.166, 52.293], [-8.281, 52.285], [-8.341, 52.329], [-8.386, 52.295], [-8.517, 52.281], [-8.662, 52.352], [-8.672, 52.384], [-8.82, 52.384], [-8.983, 52.292], [-9.136, 52.344], [-9.217, 52.298], [-9.348, 52.361], [-9.302, 52.382], [-9.341, 52.408], [-9.304, 52.435], [-9.343, 52.473], [-9.297, 52.496], [-9.36, 52.583], [-8.865, 52.678], [-8.599, 52.641], [-8.476, 52.753]]]}}, {"type": "Feature", "properties": {"name": "North Tipperary", "country": "IE"}, "geometry": {"type": "Polygon", "coordinates": [[[-8.127, 53.159], [-7.92, 53.103], [-7.936, 53.045], [-7.964, 53.042], [-7.95, 52.995], [-8.008, 52.984], [-7.975, 52.949], [-8.055, 52.928], [-7.987, 52.854], [-7.945, 52.867], [-7.961, 52.893], [-7.885, 52.899], [-7.843, 52.934], [-7.865, 52.956], [-7.802, 52.982], [-7.661, 52.935], [-7.735, 52.858], [-7.63, 52.7], [-7.669, 52.63], [-7.791, 52.586], [-7.867, 52.638], [-7.929, 52.582], [-7.907, 52.634], [-8.099, 52.689], [-8.229, 52.662], [-8.297, 52.696], [-8.465, 52.696], [-8.48, 52.757], [-8.439, 52.792], [-8.455, 52.847], [-8.408, 52.913], [-8.338, 52.915], [-8.282, 52.97], [-8.317, 52.985], [-8.268, 53.056], [-8.127, 53.159]]]}}, {"type": "Feature", "properties": {"name": "South Tipperary", "country": "IE"}, "geometry": {"type": "Polygon", "coordinates": [[[-7.665, 52.722], [-7.548, 52.7], [-7.451, 52.582], [-7.459, 52.521], [-7.42, 52.511], [-7.468, 52.472], [-7.385, 52.425], [-7.374, 52.334], [-7.597, 52.364], [-7.787, 52.342], [-7.797, 52.299], [-7.746, 52.216], [-7.943, 52.246], [-7.991, 52.243], [-8.003, 52.202], [-8.099, 52.205], [-8.183, 52.288], [-8.156, 52.301], [-8.183, 52.33], [-8.168, 52.368], [-8.215, 52.364], [-8.231, 52.41], [-8.282, 52.401], [-8.32, 52.44], [-8.386, 52.433], [-8.406, 52.467], [-8.36, 52.511], [-8.33, 52.48], [-8.286, 52.522], [-8.232, 52.515], [-8.237, 52.582], [-8.177, 52.677], [-8.099, 52.689], [-8.001, 52.641], [-7.923, 52.642], [-7.901, 52.626], [-7.932, 52.582], [-7.867, 52.638], [-7.791, 52.586], [-7.669, 52.63], [-7.628, 52.689], [-7.665, 52.722]]]}}, {"type": "Feature", "properties": {"name": "Waterford City", "country": "IE"}, "geometry": {"type": "Polygon", "coordinates": [[[-7.187, 52.261], [-7.034, 52.254], [-7.035, 52.235], [-7.117, 52.21], [-7.187, 52.261]]]}}, {"type": "Feature", "properties": {"name": "Waterford County", "country": "IE"}, "geometry": {"type": "MultiPolygon", "coordinates": [[[[-7.61, 52.064], [-7.605, 52.065], [-7.611, 52.085], [-7.59, 52.052], [-7.536, 52.053], [-7.576, 52.034], [-7.587, 51.991], [-7.702, 51.972], [-7.709, 51.941], [-7.775, 51.952], [-7.82, 51.939], [-8.022, 52.056], [-8.028, 52.103], [-8.083, 52.129], [-8.066, 52.14], [-8.163, 52.142], [-8.124, 52.202], [-8.003, 52.202], [-7.991, 52.243], [-7.746, 52.216], [-7.797, 52.299], [-7.79, 52.341], [-7.597, 52.364], [-7.36, 52.342], [-7.228, 52.247], [-7.183, 52.259], [-7.117, 52.21], [-6.989, 52.275], [-6.966, 52.241], [-6.983, 52.187], [-6.95, 52.18], [-7.024, 52.133], [-7.027, 52.135], [-7.035, 52.133], [-7.056, 52.14], [-7.108, 52.128], [-7.062, 52.161], [-7.136, 52.174], [-7.135, 52.16], [-7.089, 52.151], [-7.147, 52.159], [-7.185, 52.133], [-7.191, 52.136], [-7.207, 52.136], [-7.218, 52.131], [-7.237, 52.135], [-7.245, 52.133], [-7.274, 52.14], [-7.292, 52.141], [-7.304, 52.139], [-7.307, 52.133], [-7.309, 52.136], [-7.319, 52.139], [-7.361, 52.139], [-7.46, 52.125], [-7.554, 52.078], [-7.581, 52.108], [-7.595, 52.108], [-7.628, 52.067], [-7.641, 52.063], [-7.649, 52.069], [-7.656, 52.07], [-7.661, 52.067], [-7.665, 52.068], [-7.64, 52.06], [-7.61, 52.064]], [[-7.61, 52.064], [-7.61, 52.064], [-7.61, 52.064], [-7.61, 52.064]], [[-7.61, 52.064], [-7.61, 52.064], [-7.61, 52.064], [-7.61, 52.064]]], [[[-7.761, 51.945], [-7.761, 51.945], [-7.762, 51.945], [-7.761, 51.945]]], [[[-7.607, 51.981], [-7.607, 51.981], [-7.607, 51.981], [-7.607, 51.981]]], [[[-7.579, 52.003], [-7.578, 52.002], [-7.579, 52.002], [-7.579, 52.003]]], [[[-7.577, 51.995], [-7.577, 51.995], [-7.578, 51.995], [-7.577, 51.995]]], [[[-7.539, 52.079], [-7.539, 52.079], [-7.54, 52.079], [-7.539, 52.079]]], [[[-7.537, 52.055], [-7.535, 52.054], [-7.537, 52.054], [-7.537, 52.055]]], [[[-7.535, 52.054], [-7.535, 52.054], [-7.535, 52.054], [-7.535, 52.054]]], [[[-7.387, 52.129], [-7.387, 52.128], [-7.387, 52.129], [-7.387, 52.129]]], [[[-7.381, 52.132], [-7.38, 52.132], [-7.381, 52.132], [-7.381, 52.132]]], [[[-7.38, 52.133], [-7.38, 52.132], [-7.38, 52.133], [-7.38, 52.133]]], [[[-7.355, 52.137], [-7.355, 52.137], [-7.355, 52.137], [-7.355, 52.137]]], [[[-7.354, 52.137], [-7.354, 52.137], [-7.355, 52.137], [-7.354, 52.137]]], [[[-7.347, 52.138], [-7.347, 52.138], [-7.347, 52.138], [-7.347, 52.138]]], [[[-7.341, 52.138], [-7.341, 52.138], [-7.341, 52.138], [-7.341, 52.138]]], [[[-7.339, 52.137], [-7.339, 52.137], [-7.339, 52.137], [-7.339, 52.137]]], [[[-7.333, 52.136], [-7.333, 52.136], [-7.333, 52.136], [-7.333, 52.136]]], [[[-7.333, 52.136], [-7.333, 52.136], [-7.333, 52.136], [-7.333, 52.136]]], [[[-7.333, 52.136], [-7.332, 52.136], [-7.333, 52.136], [-7.333, 52.136]]], [[[-7.332, 52.136], [-7.332, 52.136], [-7.332, 52.136], [-7.332, 52.136]]], [[[-7.331, 52.137], [-7.331, 52.136], [-7.331, 52.137], [-7.331, 52.137]]], [[[-7.327, 52.136], [-7.327, 52.136], [-7.327, 52.137], [-7.327, 52.136]]], [[[-7.323, 52.137], [-7.323, 52.137], [-7.323, 52.137], [-7.323, 52.137]]], [[[-7.323, 52.137], [-7.323, 52.137], [-7.323, 52.137], [-7.323, 52.137]]], [[[-7.322, 52.137], [-7.322, 52.137], [-7.322, 52.137], [-7.322, 52.137]]], [[[-7.309, 52.134], [-7.309, 52.134], [-7.309, 52.134], [-7.309, 52.134]]], [[[-7.304, 52.135], [-7.304, 52.135], [-7.304, 52.136], [-7.304, 52.135]]], [[[-7.292, 52.141], [-7.292, 52.141], [-7.292, 52.141], [-7.292, 52.141]]], [[[-7.283, 52.138], [-7.283, 52.138], [-7.283, 52.138], [-7.283, 52.138]]], [[[-7.282, 52.139], [-7.282, 52.139], [-7.283, 52.139], [-7.282, 52.139]]], [[[-7.277, 52.139], [-7.277, 52.138], [-7.277, 52.139], [-7.277, 52.139]]], [[[-7.272, 52.135], [-7.273, 52.135], [-7.272, 52.136], [-7.272, 52.135]]], [[[-7.271, 52.136], [-7.273, 52.136], [-7.271, 52.137], [-7.271, 52.136]]], [[[-7.272, 52.137], [-7.272, 52.137], [-7.272, 52.137], [-7.272, 52.137]]], [[[-7.271, 52.138], [-7.271, 52.137], [-7.272, 52.137], [-7.271, 52.138]]], [[[-7.24, 52.133], [-7.241, 52.133], [-7.24, 52.133], [-7.24, 52.133]]], [[[-7.234, 52.129], [-7.234, 52.129], [-7.235, 52.129], [-7.234, 52.129]]], [[[-7.221, 52.131], [-7.221, 52.131], [-7.221, 52.131], [-7.221, 52.131]]], [[[-7.217, 52.131], [-7.218, 52.13], [-7.218, 52.131], [-7.217, 52.131]]], [[[-7.216, 52.132], [-7.216, 52.131], [-7.217, 52.132], [-7.216, 52.132]]], [[[-7.2, 52.132], [-7.201, 52.132], [-7.2, 52.133], [-7.2, 52.132]]], [[[-7.189, 52.134], [-7.189, 52.134], [-7.189, 52.134], [-7.189, 52.134]]], [[[-7.189, 52.134], [-7.188, 52.133], [-7.189, 52.134], [-7.189, 52.134]]], [[[-7.184, 52.133], [-7.185, 52.133], [-7.184, 52.134], [-7.184, 52.133]]], [[[-7.183, 52.134], [-7.183, 52.134], [-7.183, 52.135], [-7.183, 52.134]]], [[[-7.167, 52.142], [-7.166, 52.142], [-7.167, 52.142], [-7.167, 52.142]]], [[[-7.136, 52.172], [-7.135, 52.172], [-7.135, 52.172], [-7.136, 52.172]]], [[[-7.033, 52.132], [-7.034, 52.132], [-7.034, 52.132], [-7.033, 52.132]]], [[[-7.027, 52.134], [-7.028, 52.134], [-7.027, 52.134], [-7.027, 52.134]]]]}}, {"type": "Feature", "properties": {"name": "Galway City", "country": "IE"}, "geometry": {"type": "MultiPolygon", "coordinates": [[[[-9.064, 53.319], [-8.961, 53.301], [-8.955, 53.272], [-9.128, 53.251], [-9.143, 53.278], [-9.064, 53.319]]], [[[-9.051, 53.256], [-9.051, 53.254], [-9.057, 53.254], [-9.051, 53.256]]], [[[-9.028, 53.259], [-9.023, 53.258], [-9.027, 53.258], [-9.028, 53.259]]], [[[-9.008, 53.263], [-9.01, 53.262], [-9.007, 53.264], [-9.008, 53.263]]]]}}, {"type": "Feature", "properties": {"name": "Galway County", "country": "IE"}, "geometry": {"type": "MultiPolygon", "coordinates": [[[[-10.292, 53.611], [-10.268, 53.613], [-10.263, 53.606], [-10.302, 53.602], [-10.292, 53.611]]], [[[-10.3, 53.609], [-10.301, 53.608], [-10.301, 53.609], [-10.3, 53.609]]], [[[-10.295, 53.614], [-10.294, 53.612], [-10.296, 53.612], [-10.295, 53.614]]], [[[-10.276, 53.594], [-10.275, 53.594], [-10.277, 53.594], [-10.276, 53.594]]], [[[-10.271, 53.594], [-10.272, 53.594], [-10.271, 53.595], [-10.271, 53.594]]], [[[-10.269, 53.541], [-10.268, 53.541], [-10.269, 53.541], [-10.269, 53.541]]], [[[-10.265, 53.542], [-10.266, 53.54], [-10.267, 53.54], [-10.265, 53.542]]], [[[-10.267, 53.598], [-10.262, 53.595], [-10.266, 53.594], [-10.267, 53.598]]], [[[-10.264, 53.543], [-10.247, 53.547], [-10.258, 53.542], [-10.264, 53.543]]], [[[-10.263, 53.609], [-10.263, 53.609], [-10.263, 53.609], [-10.263, 53.609]]], [[[-10.263, 53.609], [-10.263, 53.608], [-10.263, 53.608], [-10.263, 53.609]]], [[[-10.261, 53.634], [-10.261, 53.633], [-10.262, 53.634], [-10.261, 53.634]]], [[[-10.261, 53.629], [-10.261, 53.629], [-10.262, 53.629], [-10.261, 53.629]]], [[[-10.262, 53.632], [-10.259, 53.63], [-10.26, 53.63], [-10.262, 53.632]]], [[[-10.261, 53.633], [-10.261, 53.633], [-10.262, 53.633], [-10.261, 53.633]]], [[[-10.26, 53.633], [-10.26, 53.632], [-10.261, 53.633], [-10.26, 53.633]]], [[[-10.26, 53.618], [-10.259, 53.617], [-10.26, 53.618], [-10.26, 53.618]]], [[[-10.197, 53.636], [-10.193, 53.606], [-10.26, 53.623], [-10.231, 53.621], [-10.197, 53.636]]], [[[-10.259, 53.617], [-10.258, 53.617], [-10.259, 53.617], [-10.259, 53.617]]], [[[-10.258, 53.631], [-10.258, 53.63], [-10.258, 53.63], [-10.258, 53.631]]], [[[-10.253, 53.615], [-10.253, 53.615], [-10.254, 53.615], [-10.253, 53.615]]], [[[-10.24, 53.4], [-10.238, 53.399], [-10.24, 53.4], [-10.24, 53.4]]], [[[-10.251, 53.615], [-10.251, 53.615], [-10.251, 53.615], [-10.251, 53.615]]], [[[-10.25, 53.61], [-10.25, 53.609], [-10.251, 53.61], [-10.25, 53.61]]], [[[-10.249, 53.604], [-10.245, 53.606], [-10.245, 53.605], [-10.249, 53.604]]], [[[-10.237, 53.399], [-10.236, 53.399], [-10.238, 53.4], [-10.237, 53.399]]], [[[-10.225, 53.399], [-10.233, 53.4], [-10.233, 53.4], [-10.225, 53.399]]], [[[-10.244, 53.629], [-10.245, 53.629], [-10.244, 53.63], [-10.244, 53.629]]], [[[-10.234, 53.55], [-10.23, 53.547], [-10.234, 53.548], [-10.234, 53.55]]], [[[-10.237, 53.622], [-10.237, 53.622], [-10.238, 53.622], [-10.237, 53.622]]], [[[-10.236, 53.611], [-10.236, 53.611], [-10.237, 53.612], [-10.236, 53.611]]], [[[-10.222, 53.402], [-10.224, 53.402], [-10.223, 53.402], [-10.222, 53.402]]], [[[-10.235, 53.624], [-10.235, 53.623], [-10.235, 53.623], [-10.235, 53.624]]], [[[-10.222, 53.402], [-10.224, 53.401], [-10.223, 53.402], [-10.222, 53.402]]], [[[-10.22, 53.4], [-10.222, 53.399], [-10.222, 53.4], [-10.22, 53.4]]], [[[-10.227, 53.553], [-10.228, 53.551], [-10.23, 53.552], [-10.227, 53.553]]], [[[-10.227, 53.524], [-10.213, 53.526], [-10.209, 53.524], [-10.227, 53.524]]], [[[-10.216, 53.398], [-10.217, 53.397], [-10.217, 53.397], [-10.216, 53.398]]], [[[-10.215, 53.396], [-10.215, 53.395], [-10.217, 53.396], [-10.215, 53.396]]], [[[-10.228, 53.611], [-10.227, 53.61], [-10.228, 53.61], [-10.228, 53.611]]], [[[-10.216, 53.398], [-10.215, 53.398], [-10.216, 53.398], [-10.216, 53.398]]], [[[-10.215, 53.398], [-10.215, 53.398], [-10.215, 53.398], [-10.215, 53.398]]], [[[-10.215, 53.402], [-10.212, 53.402], [-10.213, 53.402], [-10.215, 53.402]]], [[[-10.213, 53.397], [-10.214, 53.396], [-10.214, 53.397], [-10.213, 53.397]]], [[[-10.213, 53.4], [-10.21, 53.398], [-10.213, 53.398], [-10.213, 53.4]]], [[[-10.21, 53.404], [-10.208, 53.403], [-10.21, 53.403], [-10.21, 53.404]]], [[[-10.221, 53.61], [-10.219, 53.609], [-10.219, 53.609], [-10.219, 53.609], [-10.221, 53.61]]], [[[-10.208, 53.4], [-10.206, 53.399], [-10.208, 53.399], [-10.208, 53.4]]], [[[-10.208, 53.402], [-10.208, 53.401], [-10.209, 53.402], [-10.208, 53.402]]], [[[-10.208, 53.4], [-10.201, 53.403], [-10.204, 53.4], [-10.208, 53.4]]], [[[-10.214, 53.544], [-10.213, 53.543], [-10.215, 53.544], [-10.214, 53.544]]], [[[-10.206, 53.401], [-10.207, 53.401], [-10.207, 53.402], [-10.206, 53.401]]], [[[-10.215, 53.555], [-10.215, 53.555], [-10.215, 53.555], [-10.215, 53.555]]], [[[-10.213, 53.61], [-10.213, 53.607], [-10.217, 53.61], [-10.213, 53.61]]], [[[-10.205, 53.42], [-10.206, 53.42], [-10.205, 53.42], [-10.205, 53.42]]], [[[-10.205, 53.42], [-10.206, 53.42], [-10.206, 53.42], [-10.205, 53.42]]], [[[-10.202, 53.404], [-10.203, 53.404], [-10.203, 53.404], [-10.202, 53.404]]], [[[-10.204, 53.42], [-10.204, 53.419], [-10.204, 53.419], [-10.204, 53.42]]], [[[-10.203, 53.42], [-10.203, 53.42], [-10.203, 53.42], [-10.203, 53.42]]], [[[-10.202, 53.42], [-10.203, 53.42], [-10.203, 53.42], [-10.202, 53.42]]], [[[-10.194, 53.407], [-10.195, 53.407], [-10.195, 53.407], [-10.194, 53.407]]], [[[-10.201, 53.528], [-10.201, 53.527], [-10.201, 53.528], [-10.201, 53.528]]], [[[-10.19, 53.409], [-10.194, 53.407], [-10.193, 53.408], [-10.195, 53.408], [-10.19, 53.409]]], [[[-10.194, 53.407], [-10.194, 53.407], [-10.194, 53.407], [-10.194, 53.407]]], [[[-10.193, 53.407], [-10.194, 53.407], [-10.194, 53.407], [-10.193, 53.407]]], [[[-10.194, 53.407], [-10.194, 53.407], [-10.194, 53.408], [-10.194, 53.407]]], [[[-10.111, 53.499], [-10.136, 53.522], [-10.062, 53.503], [-10.04, 53.509], [-10.145, 53.542], [-10.201, 53.545], [-10.095, 53.554], [-10.11, 53.577], [-10.002, 53.544], [-9.954, 53.552], [-9.999, 53.556], [-9.972, 53.561], [-9.962, 53.572], [-10.049, 53.609], [-9.849, 53.609], [-9.879, 53.625], [-9.872, 53.625], [-9.785, 53.593], [-9.565, 53.613], [-9.481, 53.562], [-9.361, 53.574], [-9.338, 53.54], [-9.285, 53.548], [-9.237, 53.48], [-9.135, 53.477], [-9.036, 53.537], [-9.046, 53.577], [-8.98, 53.605], [-8.971, 53.655], [-8.901, 53.642], [-8.659, 53.676], [-8.574, 53.719], [-8.468, 53.715], [-8.363, 53.652], [-8.411, 53.625], [-8.283, 53.565], [-8.308, 53.56], [-8.277, 53.524], [-8.287, 53.472], [-8.238, 53.446], [-8.263, 53.433], [-8.225, 53.396], [-8.244, 53.367], [-8.188, 53.336], [-8.18, 53.291], [-8.043, 53.272], [-7.967, 53.226], [-7.992, 53.194], [-8.131, 53.156], [-8.359, 52.971], [-8.503, 52.983], [-8.554, 53.042], [-8.635, 53.042], [-8.858, 52.968], [-8.896, 53.001], [-8.892, 53.061], [-9.011, 53.103], [-9.026, 53.14], [-9.009, 53.14], [-9.006, 53.142], [-9.01, 53.144], [-9.005, 53.15], [-8.989, 53.144], [-8.991, 53.151], [-9.054, 53.165], [-8.969, 53.177], [-8.967, 53.167], [-8.984, 53.165], [-8.986, 53.161], [-8.928, 53.141], [-8.955, 53.177], [-8.931, 53.197], [-8.956, 53.191], [-8.923, 53.209], [-8.89, 53.208], [-8.88, 53.209], [-8.873, 53.213], [-9.003, 53.225], [-8.945, 53.238], [-9.007, 53.232], [-8.937, 53.259], [-8.961, 53.301], [-9.064, 53.319], [-9.143, 53.278], [-9.134, 53.249], [-9.51, 53.222], [-9.555, 53.239], [-9.567, 53.265], [-9.539, 53.279], [-9.558, 53.289], [-9.614, 53.232], [-9.631, 53.25], [-9.595, 53.29], [-9.623, 53.326], [-9.575, 53.318], [-9.583, 53.329], [-9.567, 53.334], [-9.576, 53.342], [-9.57, 53.346], [-9.562, 53.336], [-9.567, 53.324], [-9.553, 53.313], [-9.547, 53.344], [-9.599, 53.364], [-9.546, 53.376], [-9.577, 53.383], [-9.55, 53.391], [-9.565, 53.396], [-9.566, 53.396], [-9.563, 53.398], [-9.562, 53.401], [-9.554, 53.396], [-9.545, 53.399], [-9.548, 53.4], [-9.544, 53.403], [-9.544, 53.403], [-9.562, 53.401], [-9.589, 53.387], [-9.577, 53.378], [-9.614, 53.38], [-9.597, 53.336], [-9.666, 53.34], [-9.623, 53.348], [-9.656, 53.391], [-9.774, 53.292], [-9.816, 53.323], [-9.907, 53.325], [-9.875, 53.352], [-9.889, 53.369], [-9.781, 53.39], [-9.785, 53.407], [-9.79, 53.409], [-9.801, 53.407], [-9.816, 53.401], [-9.823, 53.406], [-9.797, 53.415], [-9.81, 53.419], [-9.882, 53.393], [-9.886, 53.413], [-9.826, 53.425], [-9.838, 53.43], [-9.903, 53.423], [-9.957, 53.368], [-10.068, 53.423], [-10.183, 53.409], [-10.135, 53.456], [-10.087, 53.436], [-10.034, 53.46], [-10.091, 53.467], [-10.083, 53.489], [-10.017, 53.466], [-10.111, 53.499]], [[-10.111, 53.499], [-10.11, 53.499], [-10.111, 53.499], [-10.111, 53.499]], [[-9.557, 53.306], [-9.559, 53.306], [-9.556, 53.304], [-9.557, 53.306]], [[-9.008, 53.145], [-9.007, 53.145], [-9.006, 53.146], [-9.008, 53.145]], [[-8.996, 53.144], [-8.996, 53.144], [-8.997, 53.144], [-8.996, 53.144]]], [[[-10.192, 53.417], [-10.193, 53.417], [-10.191, 53.417], [-10.192, 53.417]]], [[[-10.191, 53.407], [-10.191, 53.406], [-10.192, 53.407], [-10.191, 53.407]]], [[[-10.191, 53.407], [-10.191, 53.407], [-10.191, 53.407], [-10.191, 53.407]]], [[[-10.19, 53.41], [-10.191, 53.41], [-10.191, 53.41], [-10.19, 53.41]]], [[[-10.19, 53.407], [-10.19, 53.406], [-10.191, 53.406], [-10.19, 53.407]]], [[[-10.187, 53.409], [-10.184, 53.407], [-10.189, 53.407], [-10.187, 53.409]]], [[[-10.184, 53.407], [-10.185, 53.406], [-10.186, 53.406], [-10.184, 53.407]]], [[[-10.185, 53.424], [-10.185, 53.423], [-10.185, 53.424], [-10.185, 53.424]]], [[[-10.194, 53.635], [-10.195, 53.634], [-10.195, 53.635], [-10.194, 53.635]]], [[[-10.183, 53.423], [-10.184, 53.423], [-10.184, 53.423], [-10.183, 53.423]]], [[[-10.189, 53.53], [-10.188, 53.53], [-10.189, 53.53], [-10.189, 53.53]]], [[[-10.186, 53.557], [-10.187, 53.557], [-10.186, 53.558], [-10.186, 53.557]]], [[[-10.185, 53.535], [-10.184, 53.534], [-10.186, 53.534], [-10.185, 53.535]]], [[[-10.178, 53.425], [-10.18, 53.424], [-10.178, 53.425], [-10.178, 53.425]]], [[[-10.179, 53.424], [-10.18, 53.424], [-10.179, 53.424], [-10.179, 53.424]]], [[[-10.178, 53.425], [-10.177, 53.425], [-10.179, 53.424], [-10.178, 53.425]]], [[[-10.178, 53.422], [-10.179, 53.421], [-10.179, 53.422], [-10.178, 53.422]]], [[[-10.177, 53.424], [-10.178, 53.424], [-10.176, 53.424], [-10.177, 53.424]]], [[[-10.177, 53.427], [-10.178, 53.427], [-10.177, 53.427], [-10.177, 53.427]]], [[[-10.176, 53.434], [-10.168, 53.435], [-10.178, 53.432], [-10.176, 53.434]]], [[[-10.174, 53.407], [-10.174, 53.406], [-10.175, 53.406], [-10.174, 53.407]]], [[[-10.182, 53.535], [-10.154, 53.537], [-10.149, 53.526], [-10.182, 53.535]]], [[[-10.175, 53.439], [-10.171, 53.437], [-10.176, 53.438], [-10.175, 53.439]]], [[[-10.185, 53.622], [-10.186, 53.622], [-10.185, 53.623], [-10.185, 53.622]]], [[[-10.175, 53.614], [-10.158, 53.612], [-10.178, 53.612], [-10.175, 53.614]]], [[[-10.177, 53.619], [-10.176, 53.619], [-10.176, 53.619], [-10.177, 53.619]]], [[[-10.166, 53.438], [-10.162, 53.438], [-10.167, 53.437], [-10.166, 53.438]]], [[[-10.167, 53.441], [-10.165, 53.44], [-10.167, 53.44], [-10.167, 53.441]]], [[[-10.164, 53.444], [-10.16, 53.444], [-10.164, 53.442], [-10.164, 53.444]]], [[[-10.167, 53.568], [-10.165, 53.568], [-10.168, 53.568], [-10.167, 53.568]]], [[[-10.159, 53.407], [-10.159, 53.406], [-10.16, 53.407], [-10.159, 53.407]]], [[[-10.17, 53.627], [-10.17, 53.626], [-10.17, 53.626], [-10.17, 53.627]]], [[[-10.158, 53.445], [-10.152, 53.444], [-10.161, 53.443], [-10.158, 53.445]]], [[[-10.17, 53.627], [-10.17, 53.626], [-10.17, 53.627], [-10.17, 53.627]]], [[[-10.169, 53.626], [-10.17, 53.626], [-10.169, 53.626], [-10.169, 53.626]]], [[[-10.158, 53.408], [-10.157, 53.407], [-10.158, 53.407], [-10.158, 53.408]]], [[[-10.158, 53.408], [-10.158, 53.408], [-10.158, 53.408], [-10.158, 53.408]]], [[[-10.158, 53.408], [-10.158, 53.408], [-10.158, 53.408], [-10.158, 53.408]]], [[[-10.157, 53.407], [-10.158, 53.407], [-10.158, 53.407], [-10.157, 53.407]]], [[[-10.159, 53.502], [-10.136, 53.499], [-10.16, 53.499], [-10.159, 53.502]]], [[[-10.16, 53.514], [-10.144, 53.511], [-10.16, 53.508], [-10.16, 53.514]]], [[[-10.158, 53.57], [-10.158, 53.569], [-10.16, 53.57], [-10.158, 53.57]]], [[[-10.141, 53.399], [-10.143, 53.398], [-10.144, 53.399], [-10.141, 53.399]]], [[[-10.139, 53.404], [-10.135, 53.401], [-10.14, 53.4], [-10.139, 53.404]]], [[[-10.136, 53.393], [-10.137, 53.392], [-10.137, 53.393], [-10.136, 53.393]]], [[[-10.136, 53.393], [-10.136, 53.392], [-10.136, 53.393], [-10.136, 53.393]]], [[[-10.147, 53.628], [-10.146, 53.627], [-10.147, 53.627], [-10.147, 53.628]]], [[[-10.145, 53.627], [-10.129, 53.629], [-10.126, 53.627], [-10.145, 53.627]]], [[[-10.131, 53.402], [-10.131, 53.401], [-10.131, 53.401], [-10.131, 53.402]]], [[[-10.125, 53.395], [-10.122, 53.395], [-10.128, 53.393], [-10.125, 53.395]]], [[[-10.122, 53.391], [-10.122, 53.39], [-10.124, 53.391], [-10.122, 53.391]]], [[[-10.125, 53.615], [-10.125, 53.615], [-10.125, 53.615], [-10.125, 53.615]]], [[[-10.124, 53.615], [-10.124, 53.614], [-10.124, 53.614], [-10.124, 53.615]]], [[[-10.123, 53.615], [-10.122, 53.614], [-10.124, 53.614], [-10.123, 53.615]]], [[[-10.122, 53.617], [-10.123, 53.617], [-10.122, 53.617], [-10.122, 53.617]]], [[[-10.121, 53.617], [-10.122, 53.617], [-10.121, 53.617], [-10.121, 53.617]]], [[[-10.12, 53.617], [-10.121, 53.617], [-10.121, 53.617], [-10.12, 53.617]]], [[[-10.119, 53.617], [-10.12, 53.617], [-10.12, 53.617], [-10.119, 53.617]]], [[[-10.109, 53.408], [-10.105, 53.409], [-10.105, 53.408], [-10.109, 53.408]]], [[[-10.119, 53.617], [-10.119, 53.617], [-10.119, 53.617], [-10.119, 53.617]]], [[[-10.107, 53.4], [-10.107, 53.4], [-10.107, 53.4], [-10.107, 53.4]]], [[[-10.118, 53.617], [-10.117, 53.617], [-10.118, 53.617], [-10.118, 53.617]]], [[[-10.106, 53.397], [-10.107, 53.396], [-10.107, 53.396], [-10.106, 53.397]]], [[[-10.105, 53.395], [-10.105, 53.394], [-10.106, 53.394], [-10.105, 53.395]]], [[[-10.097, 53.402], [-10.097, 53.401], [-10.098, 53.401], [-10.097, 53.402]]], [[[-10.095, 53.383], [-10.094, 53.381], [-10.096, 53.382], [-10.095, 53.383]]], [[[-10.096, 53.403], [-10.094, 53.401], [-10.096, 53.402], [-10.096, 53.403]]], [[[-10.095, 53.393], [-10.094, 53.392], [-10.095, 53.392], [-10.095, 53.393]]], [[[-10.088, 53.397], [-10.088, 53.396], [-10.089, 53.397], [-10.088, 53.397]]], [[[-10.088, 53.408], [-10.087, 53.408], [-10.089, 53.408], [-10.088, 53.408]]], [[[-10.069, 53.396], [-10.068, 53.395], [-10.07, 53.395], [-10.069, 53.396]]], [[[-10.068, 53.395], [-10.067, 53.395], [-10.068, 53.395], [-10.068, 53.395]]], [[[-10.067, 53.418], [-10.067, 53.417], [-10.068, 53.418], [-10.067, 53.418]]], [[[-10.064, 53.51], [-10.068, 53.509], [-10.07, 53.511], [-10.064, 53.51]]], [[[-10.07, 53.611], [-10.071, 53.61], [-10.072, 53.611], [-10.07, 53.611]]], [[[-10.07, 53.609], [-10.061, 53.609], [-10.061, 53.607], [-10.07, 53.609]]], [[[-10.06, 53.407], [-10.059, 53.406], [-10.059, 53.405], [-10.06, 53.407]]], [[[-10.052, 53.396], [-10.053, 53.396], [-10.053, 53.396], [-10.052, 53.396]]], [[[-10.046, 53.403], [-10.04, 53.401], [-10.043, 53.398], [-10.046, 53.403]]], [[[-10.05, 53.575], [-10.052, 53.575], [-10.053, 53.576], [-10.05, 53.575]]], [[[-10.055, 53.611], [-10.054, 53.61], [-10.055, 53.611], [-10.055, 53.611]]], [[[-10.049, 53.579], [-10.05, 53.578], [-10.051, 53.58], [-10.049, 53.579]]], [[[-10.051, 53.611], [-10.05, 53.61], [-10.052, 53.61], [-10.051, 53.611]]], [[[-10.04, 53.399], [-10.041, 53.399], [-10.04, 53.4], [-10.04, 53.399]]], [[[-10.05, 53.602], [-10.05, 53.601], [-10.05, 53.602], [-10.05, 53.602]]], [[[-10.046, 53.576], [-10.039, 53.578], [-10.039, 53.576], [-10.046, 53.576]]], [[[-10.047, 53.587], [-10.045, 53.586], [-10.047, 53.587], [-10.047, 53.587]]], [[[-10.042, 53.588], [-10.04, 53.588], [-10.038, 53.587], [-10.042, 53.588]]], [[[-10.016, 53.615], [-10.014, 53.617], [-10.013, 53.616], [-10.016, 53.615]]], [[[-10.01, 53.616], [-10.01, 53.616], [-10.008, 53.616], [-10.01, 53.615], [-10.01, 53.616]]], [[[-9.997, 53.567], [-9.988, 53.566], [-9.986, 53.565], [-9.994, 53.564], [-9.997, 53.567]]], [[[-9.965, 53.329], [-9.973, 53.32], [-9.979, 53.328], [-9.965, 53.329]]], [[[-9.989, 53.567], [-9.988, 53.567], [-9.989, 53.567], [-9.989, 53.567]]], [[[-9.989, 53.62], [-9.99, 53.618], [-9.99, 53.619], [-9.989, 53.62]]], [[[-9.978, 53.563], [-9.978, 53.562], [-9.979, 53.563], [-9.978, 53.563]]], [[[-9.977, 53.571], [-9.977, 53.569], [-9.978, 53.57], [-9.977, 53.571]]], [[[-9.961, 53.347], [-9.963, 53.345], [-9.964, 53.347], [-9.961, 53.347]]], [[[-9.957, 53.341], [-9.957, 53.339], [-9.958, 53.341], [-9.957, 53.341]]], [[[-9.933, 53.374], [-9.924, 53.367], [-9.932, 53.367], [-9.933, 53.374]]], [[[-9.923, 53.304], [-9.919, 53.307], [-9.916, 53.305], [-9.923, 53.304]]], [[[-9.928, 53.611], [-9.927, 53.611], [-9.928, 53.611], [-9.928, 53.611]]], [[[-9.927, 53.611], [-9.927, 53.611], [-9.927, 53.611], [-9.927, 53.611]]], [[[-9.926, 53.611], [-9.926, 53.611], [-9.926, 53.611], [-9.926, 53.611]]], [[[-9.925, 53.611], [-9.925, 53.611], [-9.925, 53.611], [-9.925, 53.611]]], [[[-9.925, 53.614], [-9.923, 53.614], [-9.925, 53.614], [-9.925, 53.614]]], [[[-9.915, 53.41], [-9.916, 53.409], [-9.916, 53.41], [-9.915, 53.41]]], [[[-9.924, 53.611], [-9.924, 53.611], [-9.925, 53.611], [-9.924, 53.611]]], [[[-9.924, 53.611], [-9.924, 53.611], [-9.925, 53.611], [-9.924, 53.611]]], [[[-9.913, 53.405], [-9.914, 53.404], [-9.914, 53.405], [-9.913, 53.405]]], [[[-9.904, 53.354], [-9.906, 53.349], [-9.909, 53.35], [-9.904, 53.354]]], [[[-9.921, 53.614], [-9.921, 53.614], [-9.921, 53.614], [-9.921, 53.614]]], [[[-9.92, 53.613], [-9.92, 53.613], [-9.921, 53.613], [-9.92, 53.613]]], [[[-9.902, 53.416], [-9.887, 53.395], [-9.896, 53.375], [-9.908, 53.38], [-9.902, 53.416]]], [[[-9.905, 53.33], [-9.905, 53.328], [-9.907, 53.328], [-9.905, 53.33]]], [[[-9.9, 53.37], [-9.895, 53.37], [-9.894, 53.369], [-9.9, 53.37]]], [[[-9.895, 53.304], [-9.895, 53.303], [-9.895, 53.304], [-9.895, 53.304]]], [[[-9.891, 53.302], [-9.882, 53.299], [-9.895, 53.298], [-9.891, 53.302]]], [[[-9.892, 53.348], [-9.889, 53.347], [-9.894, 53.347], [-9.892, 53.348]]], [[[-9.905, 53.614], [-9.904, 53.613], [-9.905, 53.614], [-9.905, 53.614]]], [[[-9.881, 53.299], [-9.881, 53.297], [-9.882, 53.298], [-9.881, 53.299]]], [[[-9.884, 53.387], [-9.882, 53.385], [-9.885, 53.386], [-9.884, 53.387]]], [[[-9.891, 53.618], [-9.888, 53.618], [-9.887, 53.617], [-9.891, 53.618]]], [[[-9.875, 53.303], [-9.848, 53.311], [-9.838, 53.289], [-9.875, 53.303]]], [[[-9.886, 53.616], [-9.886, 53.616], [-9.886, 53.616], [-9.886, 53.616]]], [[[-9.885, 53.618], [-9.884, 53.617], [-9.886, 53.617], [-9.885, 53.618]]], [[[-9.884, 53.629], [-9.88, 53.629], [-9.872, 53.628], [-9.876, 53.627], [-9.884, 53.629]]], [[[-9.856, 53.15], [-9.859, 53.146], [-9.862, 53.15], [-9.856, 53.15]]], [[[-9.877, 53.62], [-9.877, 53.62], [-9.878, 53.62], [-9.877, 53.62], [-9.877, 53.62]]], [[[-9.849, 53.141], [-9.85, 53.141], [-9.846, 53.142], [-9.849, 53.141]]], [[[-9.845, 53.147], [-9.836, 53.143], [-9.847, 53.143], [-9.845, 53.147]]], [[[-9.843, 53.142], [-9.844, 53.139], [-9.844, 53.141], [-9.843, 53.142]]], [[[-9.851, 53.316], [-9.847, 53.315], [-9.851, 53.314], [-9.851, 53.316]]], [[[-9.848, 53.311], [-9.848, 53.31], [-9.848, 53.311], [-9.848, 53.311]]], [[[-9.846, 53.31], [-9.846, 53.309], [-9.847, 53.309], [-9.846, 53.31]]], [[[-9.843, 53.308], [-9.831, 53.31], [-9.832, 53.309], [-9.843, 53.308]]], [[[-9.832, 53.138], [-9.834, 53.137], [-9.832, 53.139], [-9.832, 53.138]]], [[[-9.83, 53.138], [-9.66, 53.133], [-9.675, 53.113], [-9.629, 53.106], [-9.654, 53.089], [-9.83, 53.138]]], [[[-9.835, 53.382], [-9.835, 53.381], [-9.836, 53.381], [-9.835, 53.382]]], [[[-9.836, 53.408], [-9.835, 53.407], [-9.836, 53.407], [-9.836, 53.408]]], [[[-9.825, 53.277], [-9.827, 53.273], [-9.829, 53.274], [-9.825, 53.277]]], [[[-9.83, 53.398], [-9.831, 53.397], [-9.831, 53.398], [-9.83, 53.398]]], [[[-9.83, 53.397], [-9.823, 53.394], [-9.831, 53.395], [-9.83, 53.397]]], [[[-9.821, 53.293], [-9.801, 53.299], [-9.823, 53.288], [-9.821, 53.293]]], [[[-9.821, 53.392], [-9.82, 53.391], [-9.824, 53.391], [-9.821, 53.392]]], [[[-9.811, 53.393], [-9.815, 53.391], [-9.812, 53.394], [-9.811, 53.393]]], [[[-9.811, 53.398], [-9.809, 53.395], [-9.812, 53.396], [-9.811, 53.398]]], [[[-9.812, 53.416], [-9.812, 53.416], [-9.811, 53.416], [-9.812, 53.416]]], [[[-9.808, 53.388], [-9.811, 53.387], [-9.81, 53.389], [-9.808, 53.388]]], [[[-9.797, 53.234], [-9.794, 53.233], [-9.798, 53.232], [-9.797, 53.234]]], [[[-9.804, 53.403], [-9.805, 53.402], [-9.804, 53.403], [-9.804, 53.403]]], [[[-9.796, 53.239], [-9.796, 53.238], [-9.797, 53.238], [-9.796, 53.239]]], [[[-9.803, 53.388], [-9.8, 53.388], [-9.799, 53.388], [-9.803, 53.388]]], [[[-9.797, 53.276], [-9.798, 53.275], [-9.798, 53.276], [-9.797, 53.276]]], [[[-9.792, 53.277], [-9.794, 53.271], [-9.797, 53.274], [-9.792, 53.277]]], [[[-9.797, 53.401], [-9.799, 53.4], [-9.798, 53.401], [-9.797, 53.401]]], [[[-9.79, 53.282], [-9.789, 53.281], [-9.792, 53.28], [-9.79, 53.282]]], [[[-9.789, 53.407], [-9.791, 53.407], [-9.789, 53.408], [-9.789, 53.407]]], [[[-9.768, 53.232], [-9.763, 53.229], [-9.772, 53.23], [-9.768, 53.232]]], [[[-9.77, 53.237], [-9.766, 53.236], [-9.77, 53.235], [-9.77, 53.237]]], [[[-9.766, 53.243], [-9.761, 53.241], [-9.767, 53.241], [-9.766, 53.243]]], [[[-9.738, 53.235], [-9.72, 53.228], [-9.76, 53.23], [-9.738, 53.235]]], [[[-9.758, 53.252], [-9.75, 53.248], [-9.761, 53.247], [-9.758, 53.252]]], [[[-9.752, 53.259], [-9.754, 53.257], [-9.757, 53.259], [-9.76, 53.265], [-9.753, 53.268], [-9.752, 53.259]], [[-9.752, 53.259], [-9.752, 53.259], [-9.752, 53.259], [-9.752, 53.259]]], [[[-9.754, 53.246], [-9.742, 53.242], [-9.76, 53.241], [-9.754, 53.246]]], [[[-9.757, 53.287], [-9.758, 53.285], [-9.759, 53.286], [-9.757, 53.287]]], [[[-9.748, 53.25], [-9.741, 53.26], [-9.738, 53.249], [-9.748, 53.25]]], [[[-9.743, 53.279], [-9.734, 53.282], [-9.732, 53.278], [-9.743, 53.279]]], [[[-9.737, 53.258], [-9.736, 53.255], [-9.74, 53.258], [-9.737, 53.258]]], [[[-9.734, 53.252], [-9.735, 53.252], [-9.735, 53.252], [-9.734, 53.252]]], [[[-9.73, 53.228], [-9.729, 53.227], [-9.731, 53.228], [-9.73, 53.228]]], [[[-9.659, 53.284], [-9.647, 53.229], [-9.714, 53.236], [-9.723, 53.264], [-9.681, 53.271], [-9.659, 53.284]]], [[[-9.717, 53.272], [-9.704, 53.279], [-9.701, 53.275], [-9.717, 53.272]]], [[[-9.72, 53.297], [-9.718, 53.293], [-9.721, 53.293], [-9.72, 53.297]]], [[[-9.712, 53.287], [-9.709, 53.286], [-9.71, 53.285], [-9.712, 53.287]]], [[[-9.711, 53.32], [-9.713, 53.319], [-9.713, 53.319], [-9.712, 53.321], [-9.711, 53.32]]], [[[-9.711, 53.289], [-9.645, 53.304], [-9.63, 53.297], [-9.685, 53.289], [-9.689, 53.28], [-9.711, 53.289]]], [[[-9.702, 53.271], [-9.7, 53.272], [-9.701, 53.272], [-9.702, 53.271]]], [[[-9.702, 53.278], [-9.699, 53.279], [-9.698, 53.277], [-9.702, 53.278]]], [[[-9.698, 53.272], [-9.698, 53.271], [-9.699, 53.271], [-9.699, 53.271], [-9.698, 53.272]]], [[[-9.695, 53.224], [-9.689, 53.223], [-9.696, 53.223], [-9.695, 53.224]]], [[[-9.695, 53.222], [-9.695, 53.221], [-9.695, 53.221], [-9.695, 53.222]]], [[[-9.697, 53.276], [-9.694, 53.273], [-9.694, 53.273], [-9.697, 53.276]]], [[[-9.698, 53.317], [-9.692, 53.317], [-9.692, 53.317], [-9.698, 53.317]]], [[[-9.694, 53.331], [-9.69, 53.33], [-9.694, 53.329], [-9.694, 53.331]]], [[[-9.684, 53.328], [-9.688, 53.328], [-9.684, 53.329], [-9.684, 53.328]]], [[[-9.683, 53.315], [-9.664, 53.324], [-9.66, 53.318], [-9.683, 53.315]]], [[[-9.677, 53.286], [-9.675, 53.286], [-9.676, 53.285], [-9.677, 53.286]]], [[[-9.675, 53.354], [-9.666, 53.349], [-9.679, 53.351], [-9.675, 53.354]]], [[[-9.676, 53.337], [-9.675, 53.337], [-9.676, 53.337], [-9.676, 53.337]]], [[[-9.675, 53.357], [-9.671, 53.354], [-9.675, 53.355], [-9.675, 53.357]]], [[[-9.668, 53.327], [-9.664, 53.325], [-9.668, 53.325], [-9.668, 53.327]]], [[[-9.669, 53.341], [-9.667, 53.34], [-9.669, 53.339], [-9.669, 53.341]]], [[[-9.657, 53.356], [-9.663, 53.35], [-9.665, 53.351], [-9.657, 53.356]]], [[[-9.662, 53.327], [-9.66, 53.328], [-9.659, 53.326], [-9.662, 53.327]]], [[[-9.66, 53.315], [-9.661, 53.314], [-9.661, 53.315], [-9.66, 53.315]]], [[[-9.658, 53.362], [-9.656, 53.359], [-9.659, 53.358], [-9.658, 53.362]]], [[[-9.655, 53.313], [-9.652, 53.312], [-9.656, 53.31], [-9.655, 53.313]]], [[[-9.648, 53.317], [-9.626, 53.309], [-9.651, 53.311], [-9.648, 53.317]]], [[[-9.649, 53.377], [-9.647, 53.377], [-9.648, 53.377], [-9.649, 53.377]]], [[[-9.645, 53.35], [-9.647, 53.35], [-9.646, 53.351], [-9.645, 53.35]]], [[[-9.642, 53.29], [-9.64, 53.287], [-9.644, 53.288], [-9.642, 53.29]]], [[[-9.639, 53.305], [-9.64, 53.303], [-9.641, 53.304], [-9.639, 53.305]]], [[[-9.637, 53.323], [-9.639, 53.321], [-9.641, 53.322], [-9.637, 53.323]]], [[[-9.638, 53.305], [-9.637, 53.303], [-9.639, 53.304], [-9.638, 53.305]]], [[[-9.628, 53.117], [-9.631, 53.116], [-9.631, 53.118], [-9.628, 53.117]]], [[[-9.631, 53.277], [-9.629, 53.274], [-9.63, 53.275], [-9.631, 53.277]]], [[[-9.63, 53.293], [-9.63, 53.292], [-9.631, 53.292], [-9.63, 53.293]]], [[[-9.62, 53.068], [-9.565, 53.098], [-9.562, 53.088], [-9.576, 53.073], [-9.62, 53.068]]], [[[-9.626, 53.281], [-9.615, 53.282], [-9.621, 53.275], [-9.626, 53.281]]], [[[-9.624, 53.275], [-9.625, 53.274], [-9.625, 53.275], [-9.624, 53.275]]], [[[-9.617, 53.297], [-9.615, 53.295], [-9.618, 53.295], [-9.617, 53.297]]], [[[-9.611, 53.293], [-9.614, 53.291], [-9.614, 53.294], [-9.611, 53.293]]], [[[-9.609, 53.288], [-9.603, 53.285], [-9.612, 53.284], [-9.609, 53.288]]], [[[-9.595, 53.349], [-9.593, 53.354], [-9.59, 53.35], [-9.595, 53.349]]], [[[-9.585, 53.345], [-9.596, 53.344], [-9.596, 53.347], [-9.585, 53.345]]], [[[-9.591, 53.338], [-9.591, 53.338], [-9.591, 53.338], [-9.591, 53.338]]], [[[-9.587, 53.338], [-9.586, 53.338], [-9.588, 53.338], [-9.587, 53.338]]], [[[-9.585, 53.332], [-9.58, 53.332], [-9.586, 53.328], [-9.585, 53.332]]], [[[-9.582, 53.338], [-9.582, 53.336], [-9.585, 53.336], [-9.582, 53.338]]], [[[-9.542, 53.065], [-9.502, 53.055], [-9.556, 53.05], [-9.542, 53.065]]], [[[-9.559, 53.271], [-9.56, 53.27], [-9.561, 53.27], [-9.559, 53.271]]], [[[-9.034, 53.216], [-9.049, 53.22], [-9.025, 53.225], [-9.02, 53.225], [-9.015, 53.224], [-9.034, 53.216]], [[-9.034, 53.216], [-9.035, 53.216], [-9.036, 53.216], [-9.034, 53.216]]], [[[-9.016, 53.223], [-9.005, 53.222], [-9.026, 53.217], [-9.016, 53.223]]], [[[-9.016, 53.214], [-8.997, 53.213], [-8.977, 53.213], [-8.992, 53.211], [-9.016, 53.214]]], [[[-9.011, 53.147], [-9.012, 53.147], [-9.012, 53.147], [-9.011, 53.147]]], [[[-9.011, 53.152], [-9.012, 53.152], [-9.011, 53.153], [-9.011, 53.152]]], [[[-9.007, 53.151], [-9.007, 53.151], [-9.008, 53.151], [-9.007, 53.151]]], [[[-8.966, 53.195], [-8.992, 53.192], [-8.994, 53.19], [-9.003, 53.19], [-9.008, 53.191], [-8.991, 53.199], [-8.966, 53.195]], [[-9.002, 53.19], [-9.003, 53.191], [-9.005, 53.191], [-9.002, 53.19]]], [[[-9.008, 53.219], [-8.999, 53.218], [-9.008, 53.216], [-9.008, 53.219]]], [[[-9.002, 53.151], [-9.003, 53.151], [-9.002, 53.151], [-9.002, 53.151]]], [[[-9.002, 53.224], [-8.997, 53.221], [-9.004, 53.222], [-9.002, 53.224]]], [[[-9.0, 53.151], [-9.0, 53.151], [-9.001, 53.151], [-9.0, 53.151]]], [[[-8.997, 53.151], [-8.998, 53.151], [-8.998, 53.151], [-8.997, 53.151]]], [[[-8.997, 53.22], [-8.998, 53.219], [-8.998, 53.22], [-8.997, 53.22]]], [[[-8.991, 53.21], [-8.982, 53.21], [-8.968, 53.204], [-8.975, 53.203], [-8.989, 53.208], [-8.991, 53.21]]], [[[-8.983, 53.164], [-8.984, 53.164], [-8.984, 53.165], [-8.983, 53.164]]], [[[-8.981, 53.163], [-8.981, 53.162], [-8.982, 53.162], [-8.981, 53.163]]], [[[-8.98, 53.165], [-8.981, 53.165], [-8.981, 53.165], [-8.98, 53.165]]], [[[-8.975, 53.165], [-8.974, 53.165], [-8.975, 53.165], [-8.975, 53.165]]], [[[-8.971, 53.16], [-8.973, 53.159], [-8.974, 53.159], [-8.971, 53.16]]], [[[-8.968, 53.166], [-8.968, 53.165], [-8.968, 53.166], [-8.968, 53.166]]], [[[-8.962, 53.191], [-8.968, 53.189], [-8.965, 53.191], [-8.962, 53.191]]], [[[-8.965, 53.16], [-8.965, 53.159], [-8.966, 53.159], [-8.965, 53.16]]], [[[-8.965, 53.163], [-8.965, 53.163], [-8.965, 53.163], [-8.965, 53.163]]], [[[-8.96, 53.16], [-8.958, 53.16], [-8.961, 53.16], [-8.96, 53.16]]], [[[-8.956, 53.156], [-8.959, 53.156], [-8.953, 53.156], [-8.956, 53.156]]], [[[-8.948, 53.155], [-8.947, 53.152], [-8.948, 53.155], [-8.948, 53.155]]], [[[-8.946, 53.15], [-8.946, 53.15], [-8.947, 53.15], [-8.946, 53.15]]], [[[-8.944, 53.148], [-8.944, 53.147], [-8.945, 53.148], [-8.944, 53.148]]]]}}, {"type": "Feature", "properties": {"name": "Leitrim County", "country": "IE"}, "geometry": {"type": "Polygon", "coordinates": [[[-8.383, 54.466], [-8.17, 54.465], [-8.057, 54.366], [-8.0, 54.358], [-7.947, 54.304], [-8.054, 54.242], [-8.048, 54.187], [-7.953, 54.179], [-7.831, 54.099], [-7.796, 54.117], [-7.709, 54.084], [-7.593, 54.017], [-7.587, 53.958], [-7.777, 53.868], [-7.788, 53.816], [-7.857, 53.831], [-7.868, 53.806], [-7.981, 53.87], [-8.011, 53.933], [-8.085, 53.92], [-8.116, 53.953], [-8.069, 53.987], [-8.092, 54.034], [-8.048, 54.072], [-8.053, 54.105], [-8.172, 54.112], [-8.348, 54.199], [-8.346, 54.299], [-8.399, 54.36], [-8.344, 54.421], [-8.428, 54.421], [-8.383, 54.466]]]}}, {"type": "Feature", "properties": {"name": "Mayo County", "country": "IE"}, "geometry": {"type": "MultiPolygon", "coordinates": [[[[-9.965, 54.023], [-9.929, 53.995], [-9.97, 53.951], [-9.914, 53.964], [-9.958, 53.91], [-9.946, 53.875], [-10.019, 53.921], [-10.055, 53.917], [-10.045, 53.96], [-10.069, 53.972], [-10.259, 53.975], [-10.188, 54.016], [-9.965, 54.023]]], [[[-10.206, 54.121], [-10.207, 54.113], [-10.217, 54.115], [-10.233, 54.104], [-10.238, 54.105], [-10.206, 54.121]]], [[[-10.234, 54.103], [-10.234, 54.103], [-10.236, 54.104], [-10.234, 54.103]]], [[[-10.208, 54.126], [-10.196, 54.147], [-10.178, 54.13], [-10.208, 54.126]]], [[[-10.201, 54.12], [-10.203, 54.119], [-10.204, 54.12], [-10.201, 54.12]]], [[[-10.193, 54.154], [-10.196, 54.153], [-10.199, 54.154], [-10.193, 54.154]]], [[[-10.195, 54.156], [-10.196, 54.158], [-10.192, 54.158], [-10.195, 54.156]]], [[[-10.194, 54.16], [-10.195, 54.159], [-10.195, 54.159], [-10.194, 54.16]]], [[[-10.189, 54.16], [-10.195, 54.159], [-10.19, 54.161], [-10.183, 54.161], [-10.187, 54.161], [-10.187, 54.16], [-10.189, 54.16]]], [[[-10.186, 54.071], [-10.186, 54.072], [-10.184, 54.073], [-10.186, 54.071]]], [[[-10.19, 54.159], [-10.187, 54.16], [-10.186, 54.16], [-10.19, 54.159]]], [[[-10.183, 54.072], [-10.162, 54.076], [-10.162, 54.073], [-10.183, 54.072]]], [[[-10.163, 53.961], [-10.164, 53.96], [-10.165, 53.96], [-10.163, 53.961]]], [[[-10.155, 53.964], [-10.156, 53.964], [-10.155, 53.964], [-10.155, 53.964]]], [[[-10.126, 53.711], [-10.091, 53.697], [-10.138, 53.692], [-10.126, 53.711]]], [[[-10.138, 53.695], [-10.138, 53.694], [-10.139, 53.695], [-10.138, 53.695]]], [[[-10.153, 54.08], [-10.142, 54.077], [-10.158, 54.076], [-10.153, 54.08]]], [[[-10.133, 53.69], [-10.134, 53.69], [-10.135, 53.69], [-10.133, 53.69]]], [[[-10.154, 54.199], [-10.156, 54.198], [-10.157, 54.199], [-10.154, 54.199]]], [[[-10.15, 54.197], [-10.148, 54.196], [-10.15, 54.196], [-10.15, 54.197]]], [[[-10.14, 54.078], [-10.14, 54.077], [-10.14, 54.078], [-10.14, 54.078]]], [[[-10.146, 54.197], [-10.145, 54.197], [-10.144, 54.197], [-10.146, 54.197]]], [[[-10.139, 54.089], [-10.137, 54.087], [-10.141, 54.089], [-10.139, 54.089]]], [[[-10.144, 54.197], [-10.142, 54.196], [-10.145, 54.197], [-10.144, 54.197]]], [[[-10.135, 54.203], [-10.134, 54.2], [-10.141, 54.2], [-10.14, 54.201], [-10.136, 54.201], [-10.135, 54.203]]], [[[-10.14, 54.203], [-10.136, 54.202], [-10.14, 54.202], [-10.14, 54.203]]], [[[-9.786, 54.345], [-9.66, 54.313], [-9.264, 54.31], [-9.254, 54.27], [-9.207, 54.276], [-9.268, 54.225], [-9.196, 54.248], [-9.224, 54.217], [-9.1, 54.143], [-8.937, 54.143], [-8.917, 54.118], [-9.019, 54.025], [-8.883, 54.023], [-8.854, 53.974], [-8.791, 53.965], [-8.647, 54.039], [-8.583, 54.013], [-8.585, 53.954], [-8.691, 53.963], [-8.667, 53.948], [-8.685, 53.919], [-8.621, 53.882], [-8.724, 53.847], [-8.739, 53.81], [-8.666, 53.777], [-8.693, 53.724], [-8.843, 53.653], [-8.971, 53.655], [-8.98, 53.605], [-9.046, 53.577], [-9.036, 53.537], [-9.135, 53.477], [-9.237, 53.48], [-9.285, 53.548], [-9.338, 53.54], [-9.361, 53.574], [-9.481, 53.562], [-9.565, 53.613], [-9.585, 53.599], [-9.672, 53.617], [-9.698, 53.605], [-9.752, 53.607], [-9.772, 53.601], [-9.858, 53.626], [-9.881, 53.649], [-9.914, 53.653], [-9.905, 53.762], [-9.582, 53.78], [-9.58, 53.793], [-9.56, 53.794], [-9.569, 53.796], [-9.554, 53.797], [-9.561, 53.803], [-9.546, 53.8], [-9.544, 53.804], [-9.597, 53.803], [-9.627, 53.826], [-9.554, 53.857], [-9.594, 53.878], [-9.546, 53.885], [-9.601, 53.883], [-9.566, 53.889], [-9.572, 53.902], [-9.774, 53.906], [-9.855, 53.868], [-9.944, 53.871], [-9.909, 53.957], [-9.896, 53.95], [-9.885, 53.958], [-9.846, 53.957], [-9.838, 53.961], [-9.831, 53.947], [-9.802, 53.951], [-9.798, 53.912], [-9.788, 53.948], [-9.795, 53.975], [-9.85, 53.965], [-9.848, 53.995], [-9.825, 53.989], [-9.907, 54.037], [-9.835, 54.067], [-9.878, 54.071], [-9.837, 54.093], [-9.861, 54.106], [-9.834, 54.11], [-9.823, 54.107], [-9.82, 54.109], [-9.815, 54.135], [-9.88, 54.117], [-9.893, 54.072], [-9.971, 54.062], [-9.992, 54.103], [-9.897, 54.118], [-9.985, 54.181], [-9.954, 54.173], [-9.92, 54.185], [-9.916, 54.197], [-9.953, 54.195], [-9.992, 54.228], [-10.027, 54.215], [-10.011, 54.181], [-10.05, 54.191], [-10.038, 54.162], [-10.092, 54.16], [-10.056, 54.144], [-10.093, 54.115], [-10.059, 54.099], [-10.133, 54.108], [-10.096, 54.199], [-10.055, 54.219], [-10.109, 54.243], [-10.072, 54.234], [-10.082, 54.27], [-10.001, 54.306], [-9.963, 54.272], [-9.931, 54.271], [-9.939, 54.248], [-9.888, 54.269], [-9.944, 54.22], [-9.985, 54.251], [-9.96, 54.215], [-9.848, 54.222], [-9.88, 54.257], [-9.817, 54.284], [-9.802, 54.269], [-9.715, 54.244], [-9.723, 54.271], [-9.75, 54.255], [-9.808, 54.287], [-9.764, 54.28], [-9.766, 54.288], [-9.862, 54.303], [-9.786, 54.345]]], [[[-10.129, 54.089], [-10.129, 54.088], [-10.13, 54.089], [-10.129, 54.089]]], [[[-10.135, 54.21], [-10.126, 54.21], [-10.119, 54.208], [-10.135, 54.21]]], [[[-10.126, 54.207], [-10.128, 54.206], [-10.13, 54.207], [-10.126, 54.207]]], [[[-10.124, 54.202], [-10.128, 54.201], [-10.129, 54.203], [-10.124, 54.202]]], [[[-10.099, 53.96], [-10.096, 53.957], [-10.103, 53.958], [-10.099, 53.96]]], [[[-10.071, 53.681], [-10.073, 53.679], [-10.077, 53.681], [-10.071, 53.681]]], [[[-10.092, 54.285], [-10.087, 54.282], [-10.094, 54.282], [-10.092, 54.285]]], [[[-9.978, 53.828], [-9.943, 53.807], [-10.051, 53.789], [-10.045, 53.805], [-9.978, 53.828]]], [[[-10.045, 53.712], [-10.044, 53.711], [-10.047, 53.712], [-10.045, 53.712]]], [[[-10.056, 53.918], [-10.056, 53.917], [-10.057, 53.917], [-10.056, 53.918]]], [[[-10.053, 53.915], [-10.052, 53.913], [-10.054, 53.915], [-10.053, 53.915]]], [[[-10.034, 53.721], [-10.022, 53.715], [-10.039, 53.721], [-10.034, 53.721]]], [[[-10.03, 53.919], [-10.031, 53.919], [-10.03, 53.92], [-10.03, 53.919]]], [[[-10.0, 53.762], [-10.0, 53.762], [-10.0, 53.762], [-10.0, 53.762]]], [[[-9.997, 53.762], [-9.998, 53.761], [-9.999, 53.762], [-9.997, 53.762]]], [[[-10.006, 54.307], [-10.006, 54.307], [-10.006, 54.307], [-10.006, 54.307]]], [[[-9.998, 54.309], [-9.996, 54.307], [-10.001, 54.307], [-9.998, 54.309]]], [[[-9.972, 53.792], [-9.972, 53.792], [-9.972, 53.792], [-9.972, 53.792]]], [[[-9.966, 53.866], [-9.946, 53.869], [-9.943, 53.858], [-9.966, 53.866]]], [[[-9.959, 54.274], [-9.959, 54.272], [-9.96, 54.272], [-9.959, 54.274]]], [[[-9.914, 54.0], [-9.892, 53.985], [-9.925, 53.995], [-9.914, 54.0]]], [[[-9.888, 53.646], [-9.888, 53.645], [-9.889, 53.645], [-9.888, 53.646]]], [[[-9.882, 53.634], [-9.881, 53.634], [-9.884, 53.634], [-9.882, 53.634]]], [[[-9.901, 54.22], [-9.902, 54.219], [-9.903, 54.22], [-9.901, 54.22]]], [[[-9.879, 54.005], [-9.884, 54.005], [-9.881, 54.007], [-9.879, 54.005]]], [[[-9.877, 54.007], [-9.876, 54.006], [-9.878, 54.007], [-9.877, 54.007]]], [[[-9.876, 53.99], [-9.855, 53.974], [-9.872, 53.969], [-9.876, 53.99]]], [[[-9.869, 53.997], [-9.87, 53.992], [-9.871, 53.997], [-9.869, 53.997]]], [[[-9.869, 54.327], [-9.862, 54.329], [-9.861, 54.326], [-9.869, 54.327]]], [[[-9.848, 53.963], [-9.851, 53.961], [-9.851, 53.963], [-9.848, 53.963]]], [[[-9.843, 53.961], [-9.843, 53.959], [-9.843, 53.961], [-9.843, 53.961]]], [[[-9.835, 53.966], [-9.816, 53.963], [-9.817, 53.949], [-9.835, 53.966]]], [[[-9.804, 53.961], [-9.8, 53.957], [-9.807, 53.958], [-9.804, 53.961]]], [[[-9.778, 53.601], [-9.778, 53.601], [-9.778, 53.601], [-9.778, 53.601]]], [[[-9.772, 53.9], [-9.776, 53.899], [-9.773, 53.9], [-9.772, 53.9]]], [[[-9.792, 54.369], [-9.792, 54.367], [-9.793, 54.368], [-9.792, 54.369]]], [[[-9.79, 54.368], [-9.791, 54.367], [-9.79, 54.368], [-9.79, 54.368]]], [[[-9.789, 54.368], [-9.784, 54.367], [-9.79, 54.366], [-9.789, 54.368]]], [[[-9.788, 54.365], [-9.787, 54.363], [-9.789, 54.364], [-9.788, 54.365]]], [[[-9.753, 53.605], [-9.753, 53.605], [-9.753, 53.605], [-9.753, 53.605]]], [[[-9.723, 53.891], [-9.725, 53.884], [-9.735, 53.885], [-9.723, 53.891]]], [[[-9.726, 53.882], [-9.729, 53.881], [-9.729, 53.881], [-9.726, 53.882]]], [[[-9.706, 53.896], [-9.709, 53.893], [-9.713, 53.895], [-9.706, 53.896]]], [[[-9.706, 53.882], [-9.71, 53.881], [-9.712, 53.883], [-9.706, 53.882]]], [[[-9.703, 53.877], [-9.709, 53.873], [-9.712, 53.874], [-9.703, 53.877]]], [[[-9.712, 53.89], [-9.702, 53.887], [-9.709, 53.887], [-9.712, 53.89]]], [[[-9.698, 53.891], [-9.699, 53.89], [-9.701, 53.89], [-9.698, 53.891]]], [[[-9.699, 53.879], [-9.695, 53.88], [-9.695, 53.879], [-9.699, 53.879]]], [[[-9.688, 53.892], [-9.697, 53.891], [-9.698, 53.894], [-9.688, 53.892]]], [[[-9.686, 53.896], [-9.694, 53.895], [-9.696, 53.896], [-9.686, 53.896]]], [[[-9.686, 53.885], [-9.691, 53.883], [-9.695, 53.884], [-9.686, 53.885]]], [[[-9.691, 53.88], [-9.69, 53.88], [-9.692, 53.88], [-9.691, 53.88]]], [[[-9.684, 53.877], [-9.687, 53.876], [-9.688, 53.876], [-9.684, 53.877]]], [[[-9.676, 53.612], [-9.677, 53.612], [-9.677, 53.612], [-9.676, 53.612]]], [[[-9.687, 53.898], [-9.687, 53.897], [-9.688, 53.898], [-9.687, 53.898]]], [[[-9.682, 53.883], [-9.678, 53.882], [-9.685, 53.882], [-9.682, 53.883]]], [[[-9.68, 53.894], [-9.681, 53.893], [-9.684, 53.894], [-9.68, 53.894]]], [[[-9.678, 53.892], [-9.671, 53.888], [-9.684, 53.889], [-9.678, 53.892]]], [[[-9.648, 53.847], [-9.66, 53.838], [-9.68, 53.835], [-9.671, 53.843], [-9.648, 53.847]]], [[[-9.68, 53.834], [-9.676, 53.832], [-9.679, 53.833], [-9.68, 53.834]]], [[[-9.676, 53.879], [-9.677, 53.879], [-9.68, 53.879], [-9.676, 53.879]]], [[[-9.669, 53.854], [-9.661, 53.848], [-9.676, 53.847], [-9.669, 53.854]]], [[[-9.666, 53.806], [-9.668, 53.808], [-9.67, 53.811], [-9.673, 53.812], [-9.673, 53.814], [-9.666, 53.806]]], [[[-9.671, 53.829], [-9.671, 53.826], [-9.673, 53.83], [-9.671, 53.829]]], [[[-9.672, 53.874], [-9.674, 53.874], [-9.675, 53.874], [-9.672, 53.874]]], [[[-9.668, 53.859], [-9.67, 53.857], [-9.672, 53.857], [-9.668, 53.859]]], [[[-9.662, 53.888], [-9.668, 53.885], [-9.672, 53.885], [-9.662, 53.888]]], [[[-9.658, 53.81], [-9.657, 53.809], [-9.66, 53.81], [-9.658, 53.81]]], [[[-9.655, 53.834], [-9.653, 53.832], [-9.659, 53.832], [-9.655, 53.834]]], [[[-9.656, 53.807], [-9.653, 53.804], [-9.658, 53.805], [-9.656, 53.807]]], [[[-9.643, 53.851], [-9.651, 53.849], [-9.659, 53.848], [-9.643, 53.851]]], [[[-9.653, 53.826], [-9.656, 53.821], [-9.658, 53.822], [-9.653, 53.826]]], [[[-9.657, 53.813], [-9.657, 53.812], [-9.657, 53.813], [-9.657, 53.813]]], [[[-9.652, 53.883], [-9.657, 53.883], [-9.66, 53.884], [-9.652, 53.883]]], [[[-9.651, 53.86], [-9.654, 53.856], [-9.658, 53.857], [-9.651, 53.86]]], [[[-9.655, 53.853], [-9.653, 53.852], [-9.657, 53.853], [-9.655, 53.853]]], [[[-9.649, 53.8], [-9.654, 53.795], [-9.655, 53.797], [-9.649, 53.8]]], [[[-9.654, 53.841], [-9.653, 53.84], [-9.656, 53.84], [-9.654, 53.841]]], [[[-9.655, 53.866], [-9.657, 53.866], [-9.656, 53.866], [-9.655, 53.866]]], [[[-9.651, 53.877], [-9.655, 53.877], [-9.656, 53.879], [-9.651, 53.877]]], [[[-9.653, 53.874], [-9.655, 53.873], [-9.655, 53.874], [-9.653, 53.874]]], [[[-9.646, 53.837], [-9.63, 53.827], [-9.652, 53.835], [-9.646, 53.837]]], [[[-9.648, 53.803], [-9.649, 53.802], [-9.65, 53.802], [-9.648, 53.803]]], [[[-9.646, 53.819], [-9.636, 53.816], [-9.649, 53.818], [-9.646, 53.819]]], [[[-9.649, 53.882], [-9.648, 53.88], [-9.651, 53.881], [-9.649, 53.882]]], [[[-9.645, 53.787], [-9.64, 53.789], [-9.64, 53.788], [-9.645, 53.787]]], [[[-9.645, 53.876], [-9.645, 53.874], [-9.648, 53.875], [-9.645, 53.876]]], [[[-9.634, 53.846], [-9.633, 53.844], [-9.64, 53.84], [-9.646, 53.842], [-9.634, 53.846]]], [[[-9.641, 53.848], [-9.641, 53.846], [-9.646, 53.847], [-9.641, 53.848]]], [[[-9.644, 53.798], [-9.634, 53.8], [-9.634, 53.799], [-9.644, 53.798]]], [[[-9.646, 53.885], [-9.641, 53.886], [-9.64, 53.886], [-9.646, 53.885]]], [[[-9.63, 53.813], [-9.631, 53.81], [-9.638, 53.814], [-9.63, 53.813]]], [[[-9.638, 53.873], [-9.637, 53.872], [-9.64, 53.873], [-9.638, 53.873]]], [[[-9.639, 53.887], [-9.634, 53.886], [-9.64, 53.886], [-9.639, 53.887]]], [[[-9.627, 53.805], [-9.635, 53.804], [-9.636, 53.804], [-9.627, 53.805]]], [[[-9.633, 53.862], [-9.632, 53.859], [-9.638, 53.86], [-9.633, 53.862]]], [[[-9.634, 53.868], [-9.631, 53.866], [-9.636, 53.867], [-9.634, 53.868]]], [[[-9.632, 53.843], [-9.632, 53.842], [-9.634, 53.842], [-9.632, 53.843]]], [[[-9.627, 53.821], [-9.628, 53.818], [-9.633, 53.82], [-9.627, 53.821]]], [[[-9.628, 53.854], [-9.629, 53.852], [-9.634, 53.853], [-9.628, 53.854]]], [[[-9.631, 53.848], [-9.628, 53.847], [-9.633, 53.848], [-9.631, 53.848]]], [[[-9.621, 53.871], [-9.615, 53.871], [-9.633, 53.87], [-9.621, 53.871]]], [[[-9.629, 53.816], [-9.628, 53.816], [-9.63, 53.816], [-9.629, 53.816]]], [[[-9.63, 53.877], [-9.63, 53.876], [-9.632, 53.877], [-9.63, 53.877]]], [[[-9.621, 53.88], [-9.629, 53.879], [-9.629, 53.881], [-9.621, 53.88]]], [[[-9.626, 53.838], [-9.625, 53.838], [-9.627, 53.838], [-9.626, 53.838]]], [[[-9.626, 53.856], [-9.626, 53.855], [-9.627, 53.855], [-9.626, 53.856]]], [[[-9.626, 53.849], [-9.625, 53.848], [-9.627, 53.849], [-9.626, 53.849]]], [[[-9.625, 53.866], [-9.624, 53.865], [-9.626, 53.866], [-9.625, 53.866]]], [[[-9.624, 53.812], [-9.624, 53.812], [-9.624, 53.813], [-9.624, 53.812]]], [[[-9.621, 53.852], [-9.617, 53.848], [-9.625, 53.85], [-9.621, 53.852]]], [[[-9.621, 53.848], [-9.617, 53.848], [-9.622, 53.848], [-9.621, 53.848]]], [[[-9.62, 53.811], [-9.618, 53.81], [-9.62, 53.811], [-9.62, 53.811]]], [[[-9.619, 53.889], [-9.619, 53.887], [-9.623, 53.888], [-9.619, 53.889]]], [[[-9.62, 53.861], [-9.619, 53.86], [-9.621, 53.861], [-9.62, 53.861]]], [[[-9.616, 53.802], [-9.617, 53.802], [-9.617, 53.802], [-9.616, 53.802]]], [[[-9.614, 53.884], [-9.612, 53.882], [-9.619, 53.882], [-9.614, 53.884]]], [[[-9.613, 53.86], [-9.606, 53.855], [-9.616, 53.856], [-9.613, 53.86]]], [[[-9.602, 53.862], [-9.593, 53.86], [-9.609, 53.862], [-9.602, 53.862]]], [[[-9.605, 53.802], [-9.603, 53.8], [-9.605, 53.801], [-9.605, 53.802]]], [[[-9.599, 53.877], [-9.595, 53.877], [-9.607, 53.876], [-9.599, 53.877]]], [[[-9.6, 53.785], [-9.6, 53.784], [-9.603, 53.783], [-9.6, 53.785]]], [[[-9.593, 53.88], [-9.597, 53.879], [-9.601, 53.879], [-9.593, 53.88]]], [[[-9.598, 53.892], [-9.6, 53.892], [-9.6, 53.892], [-9.598, 53.892]]], [[[-9.589, 53.875], [-9.593, 53.87], [-9.597, 53.871], [-9.589, 53.875]]], [[[-9.588, 53.788], [-9.585, 53.787], [-9.588, 53.788], [-9.588, 53.788]]], [[[-9.586, 53.864], [-9.586, 53.861], [-9.59, 53.862], [-9.586, 53.864]]], [[[-9.586, 53.784], [-9.582, 53.782], [-9.585, 53.783], [-9.586, 53.784]]], [[[-9.575, 53.796], [-9.575, 53.795], [-9.577, 53.795], [-9.575, 53.796]]], [[[-9.577, 53.892], [-9.576, 53.891], [-9.578, 53.891], [-9.577, 53.892]]], [[[-9.568, 53.8], [-9.569, 53.798], [-9.57, 53.799], [-9.568, 53.8]]], [[[-9.565, 54.323], [-9.562, 54.32], [-9.565, 54.322], [-9.565, 54.323]]], [[[-9.199, 54.222], [-9.155, 54.214], [-9.139, 54.2], [-9.199, 54.222]]]]}}, {"type": "Feature", "properties": {"name": "Roscommon County", "country": "IE"}, "geometry": {"type": "Polygon", "coordinates": [[[-8.141, 54.124], [-8.053, 54.105], [-8.048, 54.072], [-8.092, 54.034], [-8.069, 53.987], [-8.116, 53.953], [-8.063, 53.91], [-7.994, 53.921], [-7.981, 53.87], [-7.929, 53.85], [-7.876, 53.777], [-8.035, 53.643], [-7.955, 53.481], [-7.973, 53.422], [-7.91, 53.371], [-8.027, 53.321], [-8.057, 53.272], [-8.195, 53.308], [-8.188, 53.336], [-8.246, 53.375], [-8.225, 53.396], [-8.263, 53.433], [-8.238, 53.446], [-8.287, 53.472], [-8.277, 53.524], [-8.308, 53.56], [-8.283, 53.565], [-8.411, 53.625], [-8.362, 53.648], [-8.442, 53.703], [-8.574, 53.719], [-8.659, 53.676], [-8.824, 53.666], [-8.693, 53.724], [-8.666, 53.777], [-8.739, 53.81], [-8.705, 53.874], [-8.621, 53.882], [-8.685, 53.919], [-8.681, 53.971], [-8.537, 53.958], [-8.469, 53.913], [-8.336, 53.926], [-8.425, 53.965], [-8.382, 53.971], [-8.398, 54.002], [-8.315, 54.005], [-8.295, 54.045], [-8.238, 54.04], [-8.22, 54.084], [-8.141, 54.124]]]}}, {"type": "Feature", "properties": {"name": "Sligo County", "country": "IE"}, "geometry": {"type": "MultiPolygon", "coordinates": [[[[-8.487, 54.454], [-8.372, 54.455], [-8.42, 54.415], [-8.344, 54.421], [-8.399, 54.36], [-8.346, 54.299], [-8.331, 54.175], [-8.227, 54.155], [-8.153, 54.102], [-8.22, 54.084], [-8.238, 54.04], [-8.295, 54.045], [-8.315, 54.005], [-8.398, 54.002], [-8.382, 53.971], [-8.425, 53.965], [-8.333, 53.928], [-8.518, 53.926], [-8.537, 53.958], [-8.585, 53.954], [-8.583, 54.013], [-8.647, 54.039], [-8.714, 53.988], [-8.849, 53.971], [-8.883, 54.023], [-9.019, 54.025], [-8.917, 54.118], [-8.937, 54.143], [-9.134, 54.164], [-9.105, 54.204], [-9.137, 54.204], [-9.095, 54.215], [-9.051, 54.295], [-8.932, 54.293], [-8.827, 54.253], [-8.663, 54.272], [-8.584, 54.208], [-8.512, 54.214], [-8.624, 54.258], [-8.612, 54.284], [-8.491, 54.286], [-8.527, 54.303], [-8.577, 54.307], [-8.566, 54.338], [-8.53, 54.315], [-8.501, 54.328], [-8.577, 54.344], [-8.642, 54.321], [-8.682, 54.355], [-8.497, 54.414], [-8.467, 54.44], [-8.487, 54.454]], [[-9.093, 54.213], [-9.093, 54.213], [-9.093, 54.213], [-9.093, 54.213]], [[-8.489, 54.288], [-8.491, 54.286], [-8.484, 54.288], [-8.489, 54.288]]], [[[-8.693, 54.347], [-8.693, 54.345], [-8.694, 54.345], [-8.693, 54.347]]], [[[-8.688, 54.335], [-8.688, 54.333], [-8.688, 54.334], [-8.688, 54.335]]], [[[-8.682, 54.341], [-8.682, 54.341], [-8.683, 54.341], [-8.682, 54.341]]], [[[-8.678, 54.344], [-8.675, 54.343], [-8.678, 54.343], [-8.678, 54.344]]], [[[-8.676, 54.342], [-8.677, 54.342], [-8.676, 54.342], [-8.676, 54.342]]], [[[-8.664, 54.436], [-8.645, 54.433], [-8.673, 54.432], [-8.664, 54.436]]], [[[-8.665, 54.429], [-8.665, 54.428], [-8.665, 54.428], [-8.665, 54.429]]], [[[-8.613, 54.287], [-8.604, 54.287], [-8.603, 54.285], [-8.613, 54.287]]], [[[-8.6, 54.3], [-8.576, 54.3], [-8.589, 54.287], [-8.6, 54.3]]], [[[-8.573, 54.302], [-8.557, 54.303], [-8.574, 54.301], [-8.573, 54.302]]], [[[-8.557, 54.229], [-8.558, 54.229], [-8.558, 54.229], [-8.557, 54.229]]], [[[-8.504, 54.426], [-8.491, 54.421], [-8.499, 54.418], [-8.504, 54.426]]]]}}, {"type": "Feature", "properties": {"name": "Cavan County", "country": "IE"}, "geometry": {"type": "Polygon", "coordinates": [[[-7.924, 54.304], [-7.862, 54.294], [-7.86, 54.217], [-7.685, 54.208], [-7.547, 54.122], [-7.409, 54.156], [-7.425, 54.14], [-7.373, 54.14], [-7.392, 54.12], [-7.263, 54.093], [-7.018, 54.099], [-7.024, 54.078], [-6.889, 54.012], [-6.83, 53.932], [-6.763, 53.914], [-6.794, 53.887], [-6.973, 53.872], [-6.913, 53.809], [-7.002, 53.766], [-7.154, 53.806], [-7.257, 53.774], [-7.308, 53.813], [-7.41, 53.779], [-7.476, 53.812], [-7.477, 53.854], [-7.584, 53.851], [-7.55, 53.893], [-7.613, 53.94], [-7.586, 53.959], [-7.601, 54.023], [-7.763, 54.11], [-7.831, 54.099], [-7.953, 54.179], [-8.048, 54.187], [-8.054, 54.242], [-7.924, 54.304]]]}}, {"type": "Feature", "properties": {"name": "Donegal County", "country": "IE"}, "geometry": {"type": "MultiPolygon", "coordinates": [[[[-8.834, 54.664], [-8.834, 54.663], [-8.835, 54.663], [-8.834, 54.664]]], [[[-8.832, 54.667], [-8.823, 54.662], [-8.833, 54.662], [-8.832, 54.667]]], [[[-7.907, 55.133], [-7.852, 55.13], [-7.825, 55.177], [-7.873, 55.203], [-7.865, 55.215], [-7.866, 55.23], [-7.817, 55.226], [-7.787, 55.257], [-7.817, 55.199], [-7.807, 55.178], [-7.712, 55.167], [-7.689, 55.143], [-7.696, 55.136], [-7.704, 55.115], [-7.708, 55.116], [-7.707, 55.106], [-7.718, 55.097], [-7.694, 55.099], [-7.665, 55.158], [-7.717, 55.196], [-7.696, 55.196], [-7.701, 55.225], [-7.709, 55.23], [-7.723, 55.22], [-7.719, 55.188], [-7.704, 55.181], [-7.713, 55.176], [-7.711, 55.169], [-7.799, 55.216], [-7.752, 55.237], [-7.759, 55.257], [-7.632, 55.278], [-7.637, 55.272], [-7.626, 55.27], [-7.615, 55.237], [-7.603, 55.231], [-7.626, 55.204], [-7.518, 55.123], [-7.652, 55.037], [-7.56, 55.045], [-7.64, 54.997], [-7.659, 54.969], [-7.623, 54.967], [-7.627, 54.964], [-7.631, 54.964], [-7.641, 54.96], [-7.641, 54.957], [-7.638, 54.956], [-7.636, 54.956], [-7.637, 54.954], [-7.633, 54.952], [-7.64, 54.947], [-7.637, 54.947], [-7.47, 55.05], [-7.53, 55.076], [-7.455, 55.063], [-7.48, 55.092], [-7.459, 55.119], [-7.462, 55.14], [-7.555, 55.196], [-7.509, 55.266], [-7.525, 55.286], [-7.427, 55.278], [-7.363, 55.318], [-7.304, 55.292], [-7.348, 55.291], [-7.348, 55.284], [-7.245, 55.278], [-7.331, 55.312], [-7.391, 55.38], [-7.19, 55.346], [-7.152, 55.295], [-6.922, 55.237], [-7.391, 55.022], [-7.392, 54.945], [-7.448, 54.935], [-7.444, 54.869], [-7.549, 54.789], [-7.534, 54.747], [-7.637, 54.751], [-7.75, 54.704], [-7.837, 54.736], [-7.918, 54.703], [-7.851, 54.631], [-7.693, 54.619], [-7.85, 54.533], [-8.006, 54.546], [-8.043, 54.488], [-8.271, 54.46], [-8.322, 54.473], [-8.215, 54.502], [-8.269, 54.525], [-8.21, 54.549], [-8.221, 54.571], [-8.166, 54.595], [-8.166, 54.624], [-8.148, 54.602], [-8.107, 54.613], [-8.144, 54.63], [-8.125, 54.635], [-8.11, 54.655], [-8.299, 54.601], [-8.288, 54.647], [-8.462, 54.567], [-8.376, 54.614], [-8.385, 54.636], [-8.438, 54.614], [-8.419, 54.65], [-8.428, 54.651], [-8.465, 54.606], [-8.478, 54.637], [-8.588, 54.606], [-8.643, 54.65], [-8.629, 54.622], [-8.68, 54.619], [-8.792, 54.661], [-8.803, 54.703], [-8.731, 54.712], [-8.745, 54.739], [-8.705, 54.744], [-8.668, 54.77], [-8.656, 54.769], [-8.646, 54.773], [-8.636, 54.771], [-8.594, 54.778], [-8.514, 54.759], [-8.498, 54.762], [-8.494, 54.76], [-8.471, 54.756], [-8.454, 54.757], [-8.452, 54.756], [-8.436, 54.756], [-8.435, 54.755], [-8.434, 54.755], [-8.434, 54.755], [-8.433, 54.758], [-8.468, 54.76], [-8.484, 54.772], [-8.524, 54.774], [-8.553, 54.787], [-8.485, 54.792], [-8.42, 54.763], [-8.457, 54.799], [-8.565, 54.828], [-8.511, 54.828], [-8.493, 54.848], [-8.449, 54.839], [-8.38, 54.851], [-8.39, 54.879], [-8.32, 54.873], [-8.305, 54.888], [-8.379, 54.906], [-8.385, 54.883], [-8.454, 54.911], [-8.459, 54.942], [-8.42, 54.935], [-8.363, 54.948], [-8.414, 54.959], [-8.434, 54.989], [-8.454, 54.999], [-8.399, 55.002], [-8.4, 55.041], [-8.38, 55.033], [-8.35, 55.039], [-8.318, 55.069], [-8.326, 55.09], [-8.294, 55.082], [-8.317, 55.113], [-8.284, 55.159], [-8.134, 55.163], [-8.171, 55.145], [-8.139, 55.12], [-8.121, 55.136], [-8.122, 55.158], [-8.024, 55.174], [-7.982, 55.227], [-7.94, 55.204], [-7.996, 55.183], [-8.008, 55.171], [-7.905, 55.191], [-7.899, 55.174], [-7.878, 55.173], [-7.882, 55.17], [-7.886, 55.17], [-7.894, 55.164], [-7.911, 55.158], [-7.915, 55.155], [-7.853, 55.166], [-7.907, 55.133]], [[-8.443, 54.788], [-8.441, 54.788], [-8.441, 54.788], [-8.443, 54.788]], [[-7.869, 55.127], [-7.87, 55.126], [-7.87, 55.126], [-7.869, 55.127]], [[-7.684, 55.184], [-7.683, 55.184], [-7.68, 55.184], [-7.678, 55.185], [-7.684, 55.184]]], [[[-8.711, 54.754], [-8.707, 54.753], [-8.712, 54.754], [-8.711, 54.754]]], [[[-8.693, 54.765], [-8.692, 54.763], [-8.694, 54.764], [-8.693, 54.765]]], [[[-8.602, 54.78], [-8.603, 54.777], [-8.606, 54.778], [-8.602, 54.78]]], [[[-8.575, 54.982], [-8.574, 54.979], [-8.576, 54.98], [-8.575, 54.982]]], [[[-8.566, 54.826], [-8.567, 54.825], [-8.567, 54.826], [-8.566, 54.826]]], [[[-8.542, 55.022], [-8.513, 55.004], [-8.495, 55.002], [-8.5, 54.995], [-8.487, 54.974], [-8.568, 54.977], [-8.542, 55.022]]], [[[-8.56, 54.814], [-8.56, 54.812], [-8.563, 54.813], [-8.56, 54.814]]], [[[-8.557, 54.833], [-8.558, 54.83], [-8.561, 54.832], [-8.557, 54.833]]], [[[-8.547, 54.599], [-8.544, 54.598], [-8.548, 54.599], [-8.547, 54.599]]], [[[-8.543, 54.871], [-8.544, 54.87], [-8.545, 54.871], [-8.543, 54.871]]], [[[-8.54, 54.871], [-8.541, 54.871], [-8.54, 54.871], [-8.54, 54.871]]], [[[-8.54, 55.025], [-8.539, 55.023], [-8.542, 55.024], [-8.54, 55.025]]], [[[-8.532, 54.872], [-8.531, 54.87], [-8.538, 54.87], [-8.532, 54.872]]], [[[-8.53, 54.834], [-8.531, 54.833], [-8.531, 54.834], [-8.53, 54.834]]], [[[-8.527, 54.833], [-8.528, 54.832], [-8.528, 54.832], [-8.527, 54.833]]], [[[-8.52, 54.832], [-8.519, 54.831], [-8.52, 54.832], [-8.52, 54.832]]], [[[-8.497, 54.768], [-8.497, 54.766], [-8.498, 54.767], [-8.497, 54.768]]], [[[-8.491, 54.958], [-8.499, 54.956], [-8.5, 54.958], [-8.491, 54.958]]], [[[-8.499, 55.004], [-8.498, 55.003], [-8.499, 55.004], [-8.499, 55.004]]], [[[-8.489, 54.762], [-8.492, 54.761], [-8.492, 54.761], [-8.489, 54.762]]], [[[-8.495, 54.996], [-8.494, 54.995], [-8.495, 54.996], [-8.495, 54.996]]], [[[-8.482, 54.943], [-8.48, 54.941], [-8.483, 54.942], [-8.482, 54.943]]], [[[-8.479, 54.993], [-8.468, 54.992], [-8.466, 54.988], [-8.472, 54.992], [-8.479, 54.993]]], [[[-8.478, 54.996], [-8.479, 54.996], [-8.478, 54.996], [-8.478, 54.996]]], [[[-8.477, 54.996], [-8.478, 54.996], [-8.478, 54.996], [-8.477, 54.996]]], [[[-8.477, 54.996], [-8.476, 54.995], [-8.477, 54.995], [-8.477, 54.996]]], [[[-8.476, 54.991], [-8.474, 54.991], [-8.474, 54.991], [-8.476, 54.991]]], [[[-8.473, 54.994], [-8.47, 54.995], [-8.47, 54.994], [-8.473, 54.994]]], [[[-8.469, 54.759], [-8.469, 54.759], [-8.47, 54.759], [-8.469, 54.759]]], [[[-8.469, 54.986], [-8.468, 54.986], [-8.468, 54.986], [-8.469, 54.986]]], [[[-8.467, 54.985], [-8.468, 54.984], [-8.469, 54.984], [-8.467, 54.985]]], [[[-8.467, 54.974], [-8.45, 54.978], [-8.446, 54.971], [-8.467, 54.974]]], [[[-8.466, 54.984], [-8.465, 54.984], [-8.466, 54.984], [-8.466, 54.984]]], [[[-8.462, 54.984], [-8.455, 54.989], [-8.453, 54.985], [-8.462, 54.984]]], [[[-8.462, 54.849], [-8.451, 54.845], [-8.463, 54.849], [-8.462, 54.849]]], [[[-8.464, 54.999], [-8.462, 54.998], [-8.465, 54.999], [-8.464, 54.999]]], [[[-8.464, 54.993], [-8.463, 54.992], [-8.464, 54.992], [-8.464, 54.993]]], [[[-8.461, 55.002], [-8.462, 55.001], [-8.463, 55.002], [-8.461, 55.002]]], [[[-8.461, 54.998], [-8.453, 55.0], [-8.453, 54.999], [-8.461, 54.998]]], [[[-8.461, 54.997], [-8.461, 54.997], [-8.462, 54.997], [-8.461, 54.997]]], [[[-8.454, 55.061], [-8.452, 55.048], [-8.462, 55.057], [-8.454, 55.061]]], [[[-8.459, 54.992], [-8.459, 54.99], [-8.46, 54.992], [-8.459, 54.992]]], [[[-8.453, 54.958], [-8.439, 54.95], [-8.458, 54.955], [-8.453, 54.958]]], [[[-8.454, 54.996], [-8.453, 54.993], [-8.459, 54.996], [-8.454, 54.996]]], [[[-8.457, 55.049], [-8.458, 55.049], [-8.459, 55.049], [-8.457, 55.049]]], [[[-8.458, 54.983], [-8.453, 54.982], [-8.454, 54.981], [-8.458, 54.983]]], [[[-8.452, 54.961], [-8.451, 54.959], [-8.455, 54.959], [-8.452, 54.961]]], [[[-8.453, 55.004], [-8.455, 55.004], [-8.455, 55.005], [-8.453, 55.004]]], [[[-8.452, 55.011], [-8.452, 55.007], [-8.455, 55.008], [-8.452, 55.011]]], [[[-8.453, 55.006], [-8.453, 55.004], [-8.455, 55.005], [-8.453, 55.006]]], [[[-8.445, 54.987], [-8.446, 54.99], [-8.442, 54.989], [-8.445, 54.987]]], [[[-8.449, 54.784], [-8.448, 54.782], [-8.45, 54.783], [-8.449, 54.784]]], [[[-8.45, 54.996], [-8.451, 54.996], [-8.451, 54.997], [-8.45, 54.996]]], [[[-8.446, 54.99], [-8.445, 54.991], [-8.444, 54.99], [-8.446, 54.99]]], [[[-8.446, 55.008], [-8.445, 55.008], [-8.447, 55.008], [-8.446, 55.008]]], [[[-8.44, 54.615], [-8.441, 54.614], [-8.441, 54.614], [-8.44, 54.615]]], [[[-8.443, 54.981], [-8.443, 54.98], [-8.444, 54.981], [-8.443, 54.981]]], [[[-8.443, 54.98], [-8.443, 54.98], [-8.444, 54.98], [-8.443, 54.98]]], [[[-8.441, 54.978], [-8.443, 54.977], [-8.443, 54.979], [-8.441, 54.978]]], [[[-8.436, 54.619], [-8.437, 54.619], [-8.436, 54.62], [-8.436, 54.619]]], [[[-8.438, 54.976], [-8.437, 54.975], [-8.438, 54.975], [-8.438, 54.976]]], [[[-8.43, 55.053], [-8.409, 55.028], [-8.41, 55.014], [-8.422, 55.026], [-8.438, 55.027], [-8.43, 55.053]]], [[[-8.438, 54.97], [-8.432, 54.969], [-8.434, 54.968], [-8.438, 54.97]]], [[[-8.436, 54.939], [-8.435, 54.939], [-8.436, 54.939], [-8.436, 54.939]]], [[[-8.434, 55.052], [-8.434, 55.051], [-8.435, 55.052], [-8.434, 55.052]]], [[[-8.431, 54.955], [-8.434, 54.953], [-8.434, 54.955], [-8.431, 54.955]]], [[[-8.431, 54.951], [-8.431, 54.951], [-8.432, 54.951], [-8.431, 54.951]]], [[[-8.431, 54.947], [-8.422, 54.951], [-8.421, 54.948], [-8.428, 54.945], [-8.431, 54.947]]], [[[-8.432, 55.054], [-8.43, 55.054], [-8.43, 55.053], [-8.432, 55.054]]], [[[-8.426, 54.617], [-8.425, 54.616], [-8.426, 54.617], [-8.426, 54.617]]], [[[-8.429, 54.944], [-8.429, 54.944], [-8.429, 54.944], [-8.429, 54.944]]], [[[-8.423, 55.024], [-8.426, 55.023], [-8.423, 55.025], [-8.423, 55.024]]], [[[-8.425, 54.965], [-8.424, 54.965], [-8.425, 54.966], [-8.425, 54.965]]], [[[-8.425, 54.967], [-8.421, 54.967], [-8.422, 54.964], [-8.425, 54.967]]], [[[-8.414, 55.045], [-8.411, 55.043], [-8.415, 55.044], [-8.414, 55.045]]], [[[-8.409, 54.938], [-8.41, 54.938], [-8.41, 54.939], [-8.409, 54.938]]], [[[-8.406, 55.021], [-8.406, 55.02], [-8.406, 55.02], [-8.406, 55.021]]], [[[-8.405, 55.027], [-8.405, 55.026], [-8.406, 55.027], [-8.405, 55.027]]], [[[-8.399, 54.629], [-8.399, 54.627], [-8.4, 54.627], [-8.399, 54.629]]], [[[-8.4, 54.947], [-8.394, 54.947], [-8.394, 54.945], [-8.4, 54.947]]], [[[-8.389, 55.042], [-8.389, 55.041], [-8.39, 55.042], [-8.389, 55.042]]], [[[-8.386, 55.065], [-8.378, 55.064], [-8.377, 55.061], [-8.386, 55.065]]], [[[-8.383, 55.062], [-8.383, 55.062], [-8.384, 55.062], [-8.383, 55.062]]], [[[-8.383, 55.087], [-8.384, 55.087], [-8.384, 55.087], [-8.383, 55.087]]], [[[-8.379, 55.085], [-8.359, 55.095], [-8.349, 55.084], [-8.379, 55.085]]], [[[-8.369, 55.08], [-8.371, 55.079], [-8.37, 55.08], [-8.369, 55.08]]], [[[-8.369, 55.101], [-8.365, 55.102], [-8.362, 55.101], [-8.369, 55.101]]], [[[-8.366, 55.099], [-8.365, 55.098], [-8.367, 55.099], [-8.366, 55.099]]], [[[-8.362, 55.08], [-8.363, 55.078], [-8.365, 55.079], [-8.362, 55.08]]], [[[-8.364, 55.104], [-8.363, 55.102], [-8.365, 55.104], [-8.364, 55.104]]], [[[-8.352, 55.06], [-8.352, 55.06], [-8.352, 55.06], [-8.352, 55.06]]], [[[-8.35, 55.059], [-8.352, 55.06], [-8.352, 55.06], [-8.35, 55.059]]], [[[-8.349, 55.124], [-8.348, 55.124], [-8.349, 55.124], [-8.349, 55.124]]], [[[-8.349, 55.123], [-8.338, 55.122], [-8.327, 55.115], [-8.349, 55.123]]], [[[-8.347, 55.124], [-8.344, 55.124], [-8.348, 55.124], [-8.347, 55.124]]], [[[-8.345, 55.055], [-8.345, 55.055], [-8.346, 55.055], [-8.345, 55.055]]], [[[-8.342, 55.074], [-8.343, 55.073], [-8.344, 55.074], [-8.342, 55.074]]], [[[-8.343, 55.101], [-8.332, 55.108], [-8.331, 55.103], [-8.343, 55.101]]], [[[-8.339, 55.072], [-8.333, 55.076], [-8.332, 55.073], [-8.339, 55.072]]], [[[-8.337, 55.08], [-8.337, 55.079], [-8.338, 55.08], [-8.337, 55.08]]], [[[-8.331, 54.878], [-8.331, 54.877], [-8.332, 54.877], [-8.331, 54.878]]], [[[-8.251, 55.266], [-8.207, 55.26], [-8.195, 55.257], [-8.196, 55.26], [-8.192, 55.261], [-8.191, 55.264], [-8.192, 55.257], [-8.212, 55.254], [-8.251, 55.266]]], [[[-8.193, 55.264], [-8.193, 55.262], [-8.194, 55.263], [-8.193, 55.264]]], [[[-8.186, 55.178], [-8.164, 55.177], [-8.165, 55.17], [-8.186, 55.178]]], [[[-8.171, 55.193], [-8.17, 55.192], [-8.172, 55.192], [-8.171, 55.193]]], [[[-8.168, 55.192], [-8.16, 55.193], [-8.162, 55.187], [-8.168, 55.192]]], [[[-8.164, 55.205], [-8.16, 55.203], [-8.164, 55.202], [-8.164, 55.205]]], [[[-8.156, 55.137], [-8.156, 55.137], [-8.157, 55.137], [-8.156, 55.137]]], [[[-8.138, 54.623], [-8.146, 54.623], [-8.136, 54.624], [-8.138, 54.623]]], [[[-8.134, 54.639], [-8.143, 54.637], [-8.133, 54.64], [-8.134, 54.639]]], [[[-8.141, 54.616], [-8.136, 54.619], [-8.136, 54.618], [-8.141, 54.616]]], [[[-8.139, 54.609], [-8.138, 54.607], [-8.14, 54.608], [-8.139, 54.609]]], [[[-8.138, 55.121], [-8.138, 55.12], [-8.139, 55.12], [-8.138, 55.121]]], [[[-8.137, 55.129], [-8.138, 55.129], [-8.136, 55.13], [-8.137, 55.129]]], [[[-8.131, 55.145], [-8.133, 55.142], [-8.133, 55.145], [-8.131, 55.145]]], [[[-7.907, 55.192], [-7.908, 55.191], [-7.908, 55.192], [-7.907, 55.192]]], [[[-7.895, 55.182], [-7.896, 55.181], [-7.896, 55.182], [-7.895, 55.182]]], [[[-7.888, 55.141], [-7.889, 55.141], [-7.89, 55.141], [-7.888, 55.141]]], [[[-7.885, 55.143], [-7.886, 55.14], [-7.887, 55.142], [-7.885, 55.143]]], [[[-7.878, 55.176], [-7.872, 55.173], [-7.876, 55.173], [-7.878, 55.176]]], [[[-7.87, 55.174], [-7.871, 55.174], [-7.871, 55.174], [-7.87, 55.174]]], [[[-7.87, 55.221], [-7.871, 55.221], [-7.871, 55.221], [-7.87, 55.221]]], [[[-7.869, 55.215], [-7.868, 55.214], [-7.869, 55.214], [-7.869, 55.215]]], [[[-7.858, 55.134], [-7.858, 55.134], [-7.859, 55.134], [-7.858, 55.134]]], [[[-7.847, 55.232], [-7.846, 55.232], [-7.847, 55.231], [-7.847, 55.232]]], [[[-7.84, 55.236], [-7.838, 55.237], [-7.836, 55.237], [-7.84, 55.236]]], [[[-7.838, 55.237], [-7.839, 55.237], [-7.838, 55.237], [-7.838, 55.237]]], [[[-7.838, 55.236], [-7.839, 55.236], [-7.839, 55.236], [-7.838, 55.236]]], [[[-7.838, 55.236], [-7.838, 55.236], [-7.838, 55.236], [-7.838, 55.236]]], [[[-7.812, 55.247], [-7.812, 55.247], [-7.812, 55.247], [-7.812, 55.247]]], [[[-7.812, 55.248], [-7.811, 55.247], [-7.812, 55.248], [-7.812, 55.248]]], [[[-7.811, 55.247], [-7.811, 55.247], [-7.811, 55.248], [-7.811, 55.247]]], [[[-7.811, 55.247], [-7.81, 55.246], [-7.811, 55.247], [-7.811, 55.247]]], [[[-7.809, 55.246], [-7.81, 55.245], [-7.811, 55.246], [-7.809, 55.246]]], [[[-7.808, 55.24], [-7.808, 55.24], [-7.809, 55.24], [-7.808, 55.24]]], [[[-7.8, 55.188], [-7.799, 55.188], [-7.801, 55.188], [-7.8, 55.188]]], [[[-7.787, 55.193], [-7.786, 55.188], [-7.8, 55.19], [-7.787, 55.191], [-7.789, 55.196], [-7.787, 55.193]]], [[[-7.799, 55.198], [-7.796, 55.196], [-7.8, 55.197], [-7.799, 55.198]]], [[[-7.791, 55.199], [-7.79, 55.198], [-7.793, 55.198], [-7.791, 55.199]]], [[[-7.792, 55.194], [-7.791, 55.193], [-7.791, 55.194], [-7.792, 55.194]]], [[[-7.781, 55.252], [-7.783, 55.252], [-7.782, 55.253], [-7.781, 55.252]]], [[[-7.761, 55.248], [-7.759, 55.245], [-7.763, 55.246], [-7.761, 55.248]]], [[[-7.719, 55.22], [-7.72, 55.219], [-7.72, 55.22], [-7.719, 55.22]]], [[[-7.72, 55.197], [-7.72, 55.196], [-7.72, 55.196], [-7.72, 55.197]]], [[[-7.719, 55.196], [-7.719, 55.195], [-7.72, 55.195], [-7.719, 55.196]]], [[[-7.715, 55.212], [-7.715, 55.211], [-7.716, 55.212], [-7.715, 55.212]]], [[[-7.711, 55.207], [-7.711, 55.206], [-7.712, 55.206], [-7.711, 55.207]]], [[[-7.705, 55.213], [-7.708, 55.211], [-7.71, 55.214], [-7.705, 55.213]]], [[[-7.71, 55.175], [-7.71, 55.174], [-7.71, 55.174], [-7.71, 55.175]]], [[[-7.708, 55.223], [-7.705, 55.222], [-7.709, 55.222], [-7.708, 55.223]]], [[[-7.705, 55.219], [-7.705, 55.219], [-7.705, 55.22], [-7.705, 55.219]]], [[[-7.704, 55.223], [-7.704, 55.223], [-7.703, 55.223], [-7.704, 55.223]]], [[[-7.702, 55.111], [-7.704, 55.11], [-7.704, 55.112], [-7.702, 55.111]]], [[[-7.702, 55.223], [-7.702, 55.223], [-7.703, 55.223], [-7.702, 55.223]]], [[[-7.702, 55.119], [-7.702, 55.118], [-7.703, 55.118], [-7.702, 55.119]]], [[[-7.7, 55.125], [-7.701, 55.124], [-7.7, 55.125], [-7.7, 55.125]]], [[[-7.699, 55.126], [-7.699, 55.126], [-7.699, 55.126], [-7.699, 55.126]]], [[[-7.699, 55.109], [-7.698, 55.109], [-7.699, 55.109], [-7.699, 55.109]]], [[[-7.698, 55.126], [-7.698, 55.125], [-7.698, 55.125], [-7.698, 55.126]]], [[[-7.697, 55.12], [-7.697, 55.118], [-7.698, 55.119], [-7.697, 55.12]]], [[[-7.693, 55.136], [-7.695, 55.136], [-7.693, 55.137], [-7.693, 55.136]]], [[[-7.693, 55.135], [-7.694, 55.134], [-7.694, 55.135], [-7.693, 55.135]]], [[[-7.694, 55.121], [-7.694, 55.121], [-7.694, 55.121], [-7.694, 55.121]]], [[[-7.692, 55.122], [-7.692, 55.122], [-7.693, 55.122], [-7.692, 55.122]]], [[[-7.691, 55.119], [-7.691, 55.119], [-7.692, 55.119], [-7.691, 55.119]]], [[[-7.69, 55.123], [-7.691, 55.123], [-7.689, 55.124], [-7.69, 55.123]]], [[[-7.686, 55.123], [-7.688, 55.121], [-7.689, 55.122], [-7.686, 55.123]]], [[[-7.681, 55.129], [-7.682, 55.129], [-7.681, 55.13], [-7.681, 55.129]]], [[[-7.623, 55.05], [-7.623, 55.049], [-7.624, 55.05], [-7.623, 55.05]]], [[[-7.619, 55.258], [-7.62, 55.257], [-7.62, 55.258], [-7.619, 55.258]]], [[[-7.621, 55.048], [-7.621, 55.048], [-7.621, 55.049], [-7.621, 55.048]]], [[[-7.619, 55.049], [-7.619, 55.048], [-7.62, 55.049], [-7.619, 55.049]]], [[[-7.615, 55.246], [-7.615, 55.246], [-7.616, 55.246], [-7.615, 55.246]]], [[[-7.615, 55.247], [-7.615, 55.247], [-7.615, 55.247], [-7.615, 55.247]]], [[[-7.595, 55.051], [-7.6, 55.054], [-7.593, 55.055], [-7.595, 55.051]]], [[[-7.513, 55.29], [-7.512, 55.289], [-7.514, 55.29], [-7.513, 55.29]]], [[[-7.4, 55.378], [-7.4, 55.377], [-7.401, 55.377], [-7.4, 55.378]]], [[[-7.4, 55.32], [-7.398, 55.318], [-7.401, 55.319], [-7.4, 55.32]]], [[[-7.397, 55.379], [-7.395, 55.378], [-7.399, 55.378], [-7.397, 55.379]]], [[[-7.394, 55.379], [-7.394, 55.378], [-7.395, 55.379], [-7.394, 55.379]]], [[[-7.372, 55.384], [-7.369, 55.383], [-7.375, 55.383], [-7.372, 55.384]]], [[[-7.354, 55.336], [-7.353, 55.335], [-7.355, 55.335], [-7.354, 55.336]]], [[[-7.326, 55.376], [-7.326, 55.376], [-7.328, 55.377], [-7.326, 55.376]]], [[[-7.321, 55.373], [-7.321, 55.372], [-7.322, 55.373], [-7.321, 55.373]]], [[[-7.315, 55.387], [-7.312, 55.387], [-7.312, 55.386], [-7.315, 55.387]]], [[[-7.315, 55.384], [-7.314, 55.383], [-7.315, 55.383], [-7.315, 55.384]]], [[[-7.312, 55.391], [-7.313, 55.391], [-7.312, 55.392], [-7.312, 55.391]]], [[[-7.31, 55.389], [-7.311, 55.388], [-7.312, 55.388], [-7.31, 55.389]]], [[[-7.281, 55.369], [-7.283, 55.368], [-7.282, 55.37], [-7.281, 55.369]]], [[[-7.277, 55.367], [-7.277, 55.366], [-7.278, 55.366], [-7.277, 55.367]]], [[[-7.254, 55.446], [-7.254, 55.446], [-7.254, 55.446], [-7.254, 55.446]]], [[[-7.245, 55.431], [-7.236, 55.432], [-7.222, 55.433], [-7.245, 55.431]]], [[[-7.222, 55.434], [-7.222, 55.434], [-7.223, 55.434], [-7.222, 55.434]]], [[[-7.168, 55.317], [-7.168, 55.317], [-7.168, 55.317], [-7.168, 55.317]]], [[[-7.009, 55.266], [-7.01, 55.266], [-7.01, 55.266], [-7.009, 55.266]]]]}}, {"type": "Feature", "properties": {"name": "Monaghan County", "country": "IE"}, "geometry": {"type": "Polygon", "coordinates": [[[-7.026, 54.419], [-6.876, 54.347], [-6.851, 54.297], [-6.878, 54.279], [-6.795, 54.209], [-6.644, 54.18], [-6.669, 54.072], [-6.574, 54.034], [-6.55, 54.006], [-6.566, 53.971], [-6.628, 53.982], [-6.662, 53.957], [-6.629, 53.928], [-6.7, 53.901], [-6.83, 53.932], [-6.889, 54.012], [-7.024, 54.078], [-7.018, 54.099], [-7.15, 54.082], [-7.321, 54.109], [-7.305, 54.123], [-7.34, 54.147], [-7.31, 54.167], [-7.28, 54.168], [-7.309, 54.132], [-7.279, 54.122], [-7.248, 54.204], [-7.145, 54.225], [-7.142, 54.256], [-7.212, 54.3], [-7.18, 54.309], [-7.189, 54.338], [-7.104, 54.356], [-7.026, 54.419]]]}}, {"type": "Feature", "properties": {"name": "Carlow County", "country": "IE"}, "geometry": {"type": "Polygon", "coordinates": [[[-6.71, 52.917], [-6.527, 52.89], [-6.505, 52.878], [-6.529, 52.865], [-6.519, 52.82], [-6.572, 52.802], [-6.672, 52.832], [-6.712, 52.778], [-6.657, 52.769], [-6.619, 52.713], [-6.675, 52.678], [-6.651, 52.656], [-6.771, 52.626], [-6.865, 52.476], [-6.933, 52.466], [-6.935, 52.527], [-6.959, 52.536], [-6.919, 52.577], [-6.984, 52.617], [-6.98, 52.669], [-7.016, 52.703], [-7.108, 52.726], [-7.091, 52.776], [-6.952, 52.815], [-6.931, 52.885], [-6.88, 52.858], [-6.788, 52.866], [-6.71, 52.917]]]}}, {"type": "Feature", "properties": {"name": "Dublin City", "country": "IE"}, "geometry": {"type": "Polygon", "coordinates": [[[-6.318, 53.4], [-6.149, 53.407], [-6.161, 53.373], [-6.113, 53.383], [-6.162, 53.351], [-6.154, 53.371], [-6.234, 53.358], [-6.151, 53.342], [-6.21, 53.337], [-6.201, 53.312], [-6.292, 53.299], [-6.386, 53.337], [-6.318, 53.4]]]}}, {"type": "Feature", "properties": {"name": "South Dublin", "country": "IE"}, "geometry": {"type": "Polygon", "coordinates": [[[-6.489, 53.363], [-6.356, 53.354], [-6.377, 53.329], [-6.269, 53.304], [-6.332, 53.178], [-6.546, 53.275], [-6.489, 53.363]]]}}, {"type": "Feature", "properties": {"name": "Fingal", "country": "IE"}, "geometry": {"type": "MultiPolygon", "coordinates": [[[[-6.206, 53.467], [-6.204, 53.465], [-6.2, 53.463], [-6.173, 53.456], [-6.175, 53.454], [-6.154, 53.457], [-6.125, 53.444], [-6.113, 53.403], [-6.122, 53.401], [-6.13, 53.419], [-6.142, 53.418], [-6.135, 53.407], [-6.117, 53.392], [-6.045, 53.385], [-6.052, 53.361], [-6.226, 53.411], [-6.318, 53.4], [-6.352, 53.354], [-6.475, 53.363], [-6.331, 53.486], [-6.433, 53.544], [-6.389, 53.591], [-6.32, 53.575], [-6.241, 53.635], [-6.1, 53.585], [-6.076, 53.52], [-6.108, 53.509], [-6.124, 53.514], [-6.149, 53.502], [-6.148, 53.51], [-6.165, 53.501], [-6.171, 53.504], [-6.17, 53.502], [-6.172, 53.5], [-6.18, 53.501], [-6.184, 53.499], [-6.096, 53.489], [-6.135, 53.452], [-6.145, 53.475], [-6.155, 53.459], [-6.155, 53.469], [-6.192, 53.464], [-6.192, 53.465], [-6.197, 53.465], [-6.203, 53.466], [-6.206, 53.468], [-6.206, 53.467]], [[-6.206, 53.467], [-6.206, 53.467], [-6.207, 53.467], [-6.208, 53.467], [-6.206, 53.467]], [[-6.201, 53.467], [-6.203, 53.467], [-6.202, 53.466], [-6.201, 53.467]], [[-6.172, 53.503], [-6.172, 53.503], [-6.172, 53.502], [-6.172, 53.503]], [[-6.122, 53.403], [-6.122, 53.403], [-6.122, 53.403], [-6.122, 53.403]], [[-6.122, 53.403], [-6.122, 53.403], [-6.122, 53.403], [-6.122, 53.403]], [[-6.122, 53.403], [-6.122, 53.403], [-6.122, 53.403], [-6.122, 53.403]], [[-6.121, 53.402], [-6.12, 53.402], [-6.121, 53.402], [-6.121, 53.402]]], [[[-6.202, 53.466], [-6.204, 53.465], [-6.204, 53.467], [-6.202, 53.466]]], [[[-6.199, 53.465], [-6.2, 53.464], [-6.201, 53.466], [-6.199, 53.465]]], [[[-6.06, 53.408], [-6.068, 53.403], [-6.07, 53.409], [-6.06, 53.408]]], [[[-6.027, 53.499], [-6.012, 53.483], [-6.035, 53.489], [-6.027, 53.499]]]]}}, {"type": "Feature", "properties": {"name": "D\u00fan Laoghaire-Rathdown", "country": "IE"}, "geometry": {"type": "MultiPolygon", "coordinates": [[[[-6.282, 53.301], [-6.091, 53.271], [-6.131, 53.199], [-6.298, 53.224], [-6.282, 53.301]]], [[[-6.132, 53.296], [-6.132, 53.296], [-6.132, 53.296], [-6.132, 53.296]]], [[[-6.132, 53.296], [-6.132, 53.296], [-6.132, 53.296], [-6.132, 53.296]]], [[[-6.132, 53.296], [-6.132, 53.296], [-6.132, 53.296], [-6.132, 53.296]]], [[[-6.131, 53.295], [-6.131, 53.295], [-6.132, 53.295], [-6.131, 53.295]]], [[[-6.129, 53.296], [-6.131, 53.294], [-6.131, 53.294], [-6.129, 53.296]]], [[[-6.131, 53.295], [-6.131, 53.295], [-6.131, 53.295], [-6.131, 53.295]]], [[[-6.131, 53.295], [-6.131, 53.295], [-6.131, 53.295], [-6.131, 53.295]]], [[[-6.131, 53.295], [-6.131, 53.295], [-6.131, 53.295], [-6.131, 53.295]]], [[[-6.131, 53.295], [-6.131, 53.295], [-6.131, 53.295], [-6.131, 53.295]]], [[[-6.131, 53.295], [-6.131, 53.295], [-6.131, 53.295], [-6.131, 53.295]]], [[[-6.129, 53.292], [-6.128, 53.292], [-6.128, 53.292], [-6.129, 53.292]]], [[[-6.095, 53.277], [-6.095, 53.277], [-6.096, 53.277], [-6.095, 53.277]]], [[[-6.092, 53.278], [-6.091, 53.277], [-6.092, 53.278], [-6.092, 53.278]]], [[[-6.088, 53.275], [-6.088, 53.274], [-6.088, 53.275], [-6.088, 53.275]]], [[[-6.084, 53.27], [-6.084, 53.274], [-6.082, 53.272], [-6.084, 53.27]]]]}}, {"type": "Feature", "properties": {"name": "Kildare County", "country": "IE"}, "geometry": {"type": "Polygon", "coordinates": [[[-7.007, 53.437], [-6.833, 53.401], [-6.753, 53.429], [-6.654, 53.395], [-6.46, 53.388], [-6.542, 53.307], [-6.546, 53.275], [-6.507, 53.265], [-6.533, 53.248], [-6.472, 53.238], [-6.5, 53.202], [-6.562, 53.179], [-6.54, 53.167], [-6.572, 53.123], [-6.733, 53.065], [-6.778, 53.019], [-6.789, 52.98], [-6.73, 52.927], [-6.788, 52.866], [-6.939, 52.88], [-6.972, 52.972], [-7.088, 52.999], [-7.045, 53.073], [-7.101, 53.158], [-7.064, 53.166], [-7.169, 53.185], [-7.014, 53.214], [-7.072, 53.235], [-7.019, 53.253], [-7.034, 53.278], [-6.979, 53.313], [-7.089, 53.37], [-7.007, 53.437]]]}}, {"type": "Feature", "properties": {"name": "Kilkenny County", "country": "IE"}, "geometry": {"type": "Polygon", "coordinates": [[[-7.189, 52.894], [-7.061, 52.797], [-7.108, 52.726], [-7.004, 52.693], [-6.985, 52.619], [-6.915, 52.562], [-6.959, 52.536], [-6.915, 52.43], [-6.961, 52.422], [-6.941, 52.402], [-6.992, 52.364], [-7.0, 52.276], [-7.038, 52.256], [-7.155, 52.28], [-7.219, 52.243], [-7.372, 52.343], [-7.397, 52.364], [-7.385, 52.425], [-7.468, 52.472], [-7.42, 52.511], [-7.453, 52.511], [-7.476, 52.617], [-7.548, 52.7], [-7.67, 52.756], [-7.674, 52.781], [-7.579, 52.829], [-7.449, 52.787], [-7.37, 52.832], [-7.348, 52.812], [-7.324, 52.862], [-7.26, 52.849], [-7.189, 52.894]]]}}, {"type": "Feature", "properties": {"name": "Laois County", "country": "IE"}, "geometry": {"type": "Polygon", "coordinates": [[[-7.375, 53.21], [-7.301, 53.134], [-7.18, 53.175], [-7.066, 53.169], [-7.103, 53.136], [-7.055, 53.101], [-7.048, 53.042], [-7.09, 53.001], [-6.972, 52.972], [-6.934, 52.912], [-6.939, 52.826], [-7.06, 52.793], [-7.196, 52.894], [-7.26, 52.849], [-7.324, 52.862], [-7.348, 52.812], [-7.37, 52.832], [-7.399, 52.796], [-7.476, 52.786], [-7.579, 52.829], [-7.674, 52.781], [-7.735, 52.858], [-7.66, 52.934], [-7.731, 52.963], [-7.697, 53.027], [-7.588, 53.1], [-7.646, 53.152], [-7.375, 53.21]]]}}, {"type": "Feature", "properties": {"name": "Longford County", "country": "IE"}, "geometry": {"type": "Polygon", "coordinates": [[[-7.644, 53.938], [-7.557, 53.904], [-7.584, 53.851], [-7.477, 53.854], [-7.476, 53.812], [-7.385, 53.771], [-7.386, 53.735], [-7.516, 53.709], [-7.569, 53.646], [-7.612, 53.66], [-7.56, 53.614], [-7.605, 53.61], [-7.67, 53.53], [-7.858, 53.549], [-7.97, 53.522], [-8.035, 53.643], [-7.947, 53.737], [-7.886, 53.76], [-7.919, 53.821], [-7.788, 53.816], [-7.777, 53.868], [-7.644, 53.938]]]}}, {"type": "Feature", "properties": {"name": "Louth County", "country": "IE"}, "geometry": {"type": "Polygon", "coordinates": [[[-6.187, 53.979], [-6.376, 54.023], [-6.374, 54.021], [-6.356, 54.013], [-6.381, 54.013], [-6.34, 53.998], [-6.379, 53.951], [-6.364, 53.898], [-6.238, 53.861], [-6.26, 53.807], [-6.216, 53.796], [-6.247, 53.722], [-6.464, 53.713], [-6.484, 53.73], [-6.45, 53.763], [-6.548, 53.778], [-6.602, 53.863], [-6.695, 53.902], [-6.629, 53.928], [-6.658, 53.965], [-6.553, 53.987], [-6.591, 54.056], [-6.392, 54.059], [-6.366, 54.114], [-6.318, 54.091], [-6.281, 54.111], [-6.103, 54.0], [-6.187, 53.979]], [[-6.374, 54.026], [-6.374, 54.026], [-6.379, 54.028], [-6.374, 54.026]], [[-6.373, 54.024], [-6.373, 54.024], [-6.372, 54.025], [-6.373, 54.024]]]}}, {"type": "Feature", "properties": {"name": "Meath County", "country": "IE"}, "geometry": {"type": "Polygon", "coordinates": [[[-6.729, 53.917], [-6.602, 53.863], [-6.548, 53.778], [-6.45, 53.763], [-6.484, 53.73], [-6.464, 53.713], [-6.374, 53.698], [-6.27, 53.732], [-6.243, 53.721], [-6.213, 53.634], [-6.33, 53.572], [-6.389, 53.591], [-6.436, 53.549], [-6.329, 53.492], [-6.353, 53.448], [-6.494, 53.384], [-6.753, 53.429], [-6.833, 53.401], [-6.917, 53.449], [-7.007, 53.437], [-7.081, 53.382], [-7.192, 53.423], [-7.063, 53.469], [-7.069, 53.495], [-7.023, 53.522], [-7.031, 53.567], [-6.99, 53.578], [-6.955, 53.654], [-7.001, 53.677], [-7.067, 53.645], [-7.21, 53.696], [-7.344, 53.799], [-7.308, 53.813], [-7.214, 53.771], [-7.154, 53.806], [-7.002, 53.766], [-6.913, 53.809], [-6.973, 53.872], [-6.729, 53.917]]]}}, {"type": "Feature", "properties": {"name": "Offaly County", "country": "IE"}, "geometry": {"type": "Polygon", "coordinates": [[[-7.208, 53.422], [-6.979, 53.313], [-7.034, 53.278], [-7.019, 53.253], [-7.072, 53.235], [-7.012, 53.218], [-7.036, 53.19], [-7.157, 53.191], [-7.106, 53.168], [-7.301, 53.134], [-7.38, 53.216], [-7.633, 53.168], [-7.645, 53.143], [-7.588, 53.1], [-7.697, 53.027], [-7.73, 52.958], [-7.825, 52.975], [-7.885, 52.899], [-7.961, 52.893], [-7.945, 52.867], [-7.969, 52.848], [-8.047, 52.9], [-8.046, 52.94], [-7.975, 52.949], [-8.008, 52.984], [-7.95, 52.995], [-7.964, 53.042], [-7.92, 53.089], [-8.083, 53.169], [-7.97, 53.215], [-8.056, 53.274], [-8.024, 53.323], [-7.923, 53.363], [-7.763, 53.348], [-7.625, 53.418], [-7.528, 53.322], [-7.529, 53.347], [-7.456, 53.318], [-7.208, 53.422]]]}}, {"type": "Feature", "properties": {"name": "Westmeath County", "country": "IE"}, "geometry": {"type": "Polygon", "coordinates": [[[-7.342, 53.792], [-7.232, 53.736], [-7.226, 53.703], [-7.068, 53.645], [-7.001, 53.677], [-6.956, 53.656], [-6.99, 53.578], [-7.031, 53.567], [-7.023, 53.522], [-7.069, 53.495], [-7.063, 53.469], [-7.456, 53.318], [-7.529, 53.347], [-7.528, 53.322], [-7.625, 53.418], [-7.717, 53.36], [-7.847, 53.341], [-7.923, 53.363], [-7.973, 53.422], [-7.953, 53.431], [-7.97, 53.522], [-7.858, 53.549], [-7.663, 53.533], [-7.605, 53.61], [-7.56, 53.614], [-7.612, 53.66], [-7.569, 53.646], [-7.516, 53.709], [-7.386, 53.735], [-7.377, 53.763], [-7.41, 53.779], [-7.342, 53.792]]]}}, {"type": "Feature", "properties": {"name": "Wexford County", "country": "IE"}, "geometry": {"type": "MultiPolygon", "coordinates": [[[[-6.831, 52.19], [-6.838, 52.192], [-6.838, 52.189], [-6.83, 52.19], [-6.823, 52.193], [-6.82, 52.192], [-6.824, 52.175], [-6.931, 52.123], [-6.904, 52.201], [-7.018, 52.296], [-6.941, 52.402], [-6.961, 52.422], [-6.865, 52.476], [-6.771, 52.626], [-6.676, 52.638], [-6.651, 52.656], [-6.675, 52.678], [-6.615, 52.714], [-6.566, 52.682], [-6.497, 52.69], [-6.369, 52.795], [-6.256, 52.794], [-6.141, 52.737], [-6.226, 52.646], [-6.193, 52.563], [-6.349, 52.413], [-6.357, 52.345], [-6.454, 52.339], [-6.47, 52.354], [-6.456, 52.377], [-6.461, 52.378], [-6.459, 52.379], [-6.46, 52.38], [-6.462, 52.38], [-6.46, 52.381], [-6.462, 52.382], [-6.46, 52.383], [-6.46, 52.383], [-6.461, 52.383], [-6.46, 52.384], [-6.46, 52.385], [-6.462, 52.385], [-6.511, 52.351], [-6.409, 52.288], [-6.388, 52.31], [-6.373, 52.257], [-6.314, 52.241], [-6.36, 52.174], [-6.596, 52.17], [-6.715, 52.216], [-6.631, 52.203], [-6.629, 52.206], [-6.648, 52.209], [-6.648, 52.219], [-6.652, 52.225], [-6.657, 52.228], [-6.805, 52.212], [-6.754, 52.248], [-6.752, 52.268], [-6.852, 52.207], [-6.812, 52.215], [-6.827, 52.201], [-6.829, 52.191], [-6.831, 52.19]], [[-6.831, 52.192], [-6.83, 52.191], [-6.831, 52.192], [-6.831, 52.192]]], [[[-6.74, 52.196], [-6.741, 52.196], [-6.74, 52.197], [-6.74, 52.196]]], [[[-6.736, 52.199], [-6.735, 52.198], [-6.736, 52.198], [-6.736, 52.199]]], [[[-6.64, 52.207], [-6.642, 52.206], [-6.642, 52.207], [-6.64, 52.207]]], [[[-6.624, 52.117], [-6.62, 52.11], [-6.625, 52.111], [-6.624, 52.117]]], [[[-6.584, 52.136], [-6.591, 52.135], [-6.582, 52.142], [-6.584, 52.136]]], [[[-6.451, 52.337], [-6.451, 52.337], [-6.447, 52.337], [-6.451, 52.337]]], [[[-6.407, 52.296], [-6.403, 52.296], [-6.407, 52.296], [-6.407, 52.296]]]]}}, {"type": "Feature", "properties": {"name": "Wicklow County", "country": "IE"}, "geometry": {"type": "Polygon", "coordinates": [[[-6.462, 53.225], [-6.368, 53.214], [-6.332, 53.178], [-6.305, 53.225], [-6.076, 53.188], [-6.037, 53.093], [-6.047, 52.991], [-5.998, 52.965], [-6.057, 52.859], [-6.141, 52.801], [-6.145, 52.738], [-6.256, 52.794], [-6.369, 52.795], [-6.497, 52.69], [-6.566, 52.682], [-6.657, 52.769], [-6.712, 52.778], [-6.665, 52.836], [-6.587, 52.803], [-6.519, 52.82], [-6.529, 52.865], [-6.505, 52.878], [-6.737, 52.916], [-6.792, 52.986], [-6.778, 53.019], [-6.733, 53.065], [-6.572, 53.123], [-6.54, 53.167], [-6.556, 53.185], [-6.462, 53.225]]]}}, {"type": "Feature", "properties": {"name": "Clare County", "country": "IE"}, "geometry": {"type": "MultiPolygon", "coordinates": [[[[-9.137, 53.15], [-9.025, 53.151], [-9.032, 53.146], [-9.009, 53.141], [-9.011, 53.103], [-8.892, 53.061], [-8.896, 53.001], [-8.858, 52.968], [-8.837, 52.99], [-8.786, 52.972], [-8.674, 53.038], [-8.554, 53.042], [-8.503, 52.983], [-8.282, 52.97], [-8.338, 52.915], [-8.408, 52.913], [-8.455, 52.847], [-8.443, 52.787], [-8.551, 52.679], [-8.961, 52.669], [-9.295, 52.58], [-9.635, 52.599], [-9.68, 52.573], [-9.939, 52.559], [-9.65, 52.679], [-9.607, 52.744], [-9.499, 52.75], [-9.493, 52.809], [-9.432, 52.837], [-9.433, 52.883], [-9.39, 52.897], [-9.347, 52.931], [-9.476, 52.941], [-9.282, 53.145], [-9.152, 53.117], [-9.094, 53.144], [-9.102, 53.138], [-9.072, 53.122], [-9.09, 53.148], [-9.137, 53.15]]], [[[-9.938, 52.561], [-9.938, 52.56], [-9.938, 52.56], [-9.938, 52.561]]], [[[-9.917, 52.57], [-9.917, 52.569], [-9.918, 52.569], [-9.917, 52.57]]], [[[-9.734, 52.653], [-9.734, 52.651], [-9.737, 52.652], [-9.734, 52.653]]], [[[-9.692, 52.675], [-9.693, 52.674], [-9.694, 52.675], [-9.692, 52.675]]], [[[-9.687, 52.674], [-9.688, 52.674], [-9.688, 52.674], [-9.687, 52.674]]], [[[-9.682, 52.677], [-9.683, 52.676], [-9.683, 52.677], [-9.682, 52.677]]], [[[-9.609, 52.743], [-9.61, 52.742], [-9.613, 52.742], [-9.609, 52.743]]], [[[-9.537, 52.814], [-9.514, 52.81], [-9.529, 52.807], [-9.537, 52.814]]], [[[-9.527, 52.791], [-9.525, 52.79], [-9.527, 52.79], [-9.527, 52.791]]], [[[-9.521, 52.823], [-9.522, 52.822], [-9.523, 52.822], [-9.521, 52.823]]], [[[-9.509, 52.825], [-9.509, 52.824], [-9.512, 52.824], [-9.509, 52.825]]], [[[-9.438, 52.876], [-9.439, 52.876], [-9.439, 52.876], [-9.438, 52.876]]], [[[-9.416, 52.892], [-9.417, 52.891], [-9.417, 52.892], [-9.416, 52.892]]], [[[-9.412, 53.017], [-9.413, 53.016], [-9.414, 53.016], [-9.412, 53.017]]], [[[-9.178, 53.134], [-9.178, 53.133], [-9.18, 53.134], [-9.178, 53.134]]], [[[-9.178, 53.132], [-9.178, 53.131], [-9.179, 53.132], [-9.178, 53.132]]], [[[-9.176, 53.133], [-9.177, 53.133], [-9.176, 53.133], [-9.176, 53.133]]], [[[-9.176, 53.132], [-9.175, 53.132], [-9.176, 53.132], [-9.176, 53.132]]], [[[-9.164, 53.133], [-9.161, 53.132], [-9.164, 53.133], [-9.164, 53.133]]], [[[-9.164, 53.15], [-9.163, 53.149], [-9.164, 53.149], [-9.164, 53.15]]], [[[-9.118, 53.147], [-9.109, 53.144], [-9.117, 53.14], [-9.118, 53.147]]], [[[-9.09, 53.142], [-9.09, 53.141], [-9.092, 53.141], [-9.09, 53.142]]], [[[-9.087, 53.164], [-9.062, 53.166], [-9.057, 53.166], [-9.054, 53.165], [-9.087, 53.164]]], [[[-9.063, 53.158], [-9.064, 53.157], [-9.065, 53.157], [-9.063, 53.158]]], [[[-9.028, 53.146], [-9.029, 53.146], [-9.027, 53.146], [-9.028, 53.146]]]]}}, {"type": "Feature", "properties": {"name": "Cork City", "country": "IE"}, "geometry": {"type": "Polygon", "coordinates": [[[-8.478, 51.929], [-8.397, 51.906], [-8.392, 51.882], [-8.54, 51.87], [-8.478, 51.929]]]}}, {"type": "Feature", "properties": {"name": "Cork County", "country": "IE"}, "geometry": {"type": "MultiPolygon", "coordinates": [[[[-10.248, 51.571], [-10.248, 51.57], [-10.248, 51.571], [-10.248, 51.571]]], [[[-10.163, 51.611], [-10.179, 51.596], [-10.238, 51.583], [-10.202, 51.605], [-10.163, 51.611]]], [[[-10.165, 51.583], [-10.163, 51.581], [-10.166, 51.58], [-10.165, 51.583]]], [[[-9.675, 51.67], [-9.722, 51.694], [-9.732, 51.667], [-9.747, 51.671], [-9.88, 51.649], [-9.904, 51.655], [-9.937, 51.614], [-10.162, 51.583], [-10.143, 51.621], [-10.127, 51.613], [-10.062, 51.625], [-10.093, 51.674], [-9.968, 51.687], [-9.945, 51.715], [-10.007, 51.716], [-9.974, 51.736], [-9.931, 51.74], [-9.881, 51.764], [-9.898, 51.738], [-9.856, 51.751], [-9.834, 51.694], [-9.791, 51.689], [-9.623, 51.786], [-9.481, 51.79], [-9.33, 51.846], [-9.274, 51.896], [-9.303, 51.946], [-9.133, 51.984], [-9.125, 52.008], [-9.212, 52.023], [-9.22, 52.058], [-9.184, 52.083], [-9.276, 52.23], [-9.249, 52.278], [-9.136, 52.344], [-8.983, 52.292], [-8.82, 52.384], [-8.672, 52.384], [-8.662, 52.352], [-8.517, 52.281], [-8.386, 52.295], [-8.341, 52.329], [-8.281, 52.285], [-8.183, 52.288], [-8.161, 52.242], [-8.103, 52.231], [-8.163, 52.141], [-8.066, 52.14], [-8.083, 52.129], [-8.028, 52.103], [-8.022, 52.056], [-7.842, 51.954], [-7.906, 51.906], [-7.866, 51.88], [-7.995, 51.861], [-8.023, 51.841], [-8.002, 51.826], [-8.169, 51.785], [-8.264, 51.816], [-8.168, 51.862], [-8.319, 51.843], [-8.331, 51.866], [-8.36, 51.838], [-8.299, 51.835], [-8.325, 51.823], [-8.294, 51.809], [-8.321, 51.808], [-8.329, 51.803], [-8.36, 51.818], [-8.374, 51.814], [-8.387, 51.814], [-8.39, 51.814], [-8.392, 51.813], [-8.329, 51.801], [-8.276, 51.81], [-8.365, 51.765], [-8.306, 51.771], [-8.3, 51.745], [-8.425, 51.701], [-8.429, 51.687], [-8.473, 51.711], [-8.451, 51.693], [-8.477, 51.674], [-8.507, 51.705], [-8.545, 51.7], [-8.502, 51.686], [-8.53, 51.686], [-8.551, 51.643], [-8.528, 51.628], [-8.533, 51.604], [-8.567, 51.64], [-8.659, 51.635], [-8.674, 51.658], [-8.712, 51.639], [-8.678, 51.609], [-8.705, 51.595], [-8.697, 51.583], [-8.713, 51.569], [-8.892, 51.604], [-8.869, 51.576], [-8.953, 51.529], [-9.025, 51.583], [-9.015, 51.559], [-9.086, 51.546], [-9.145, 51.58], [-9.109, 51.538], [-9.171, 51.533], [-9.228, 51.481], [-9.235, 51.496], [-9.307, 51.506], [-9.307, 51.501], [-9.292, 51.49], [-9.346, 51.468], [-9.388, 51.473], [-9.371, 51.486], [-9.412, 51.516], [-9.425, 51.504], [-9.429, 51.506], [-9.395, 51.536], [-9.392, 51.544], [-9.395, 51.549], [-9.393, 51.55], [-9.393, 51.552], [-9.395, 51.554], [-9.458, 51.563], [-9.455, 51.551], [-9.443, 51.549], [-9.447, 51.543], [-9.434, 51.542], [-9.455, 51.525], [-9.535, 51.53], [-9.615, 51.492], [-9.647, 51.522], [-9.752, 51.464], [-9.704, 51.472], [-9.701, 51.47], [-9.71, 51.47], [-9.72, 51.468], [-9.73, 51.462], [-9.743, 51.462], [-9.772, 51.448], [-9.764, 51.48], [-9.795, 51.45], [-9.822, 51.449], [-9.807, 51.475], [-9.837, 51.483], [-9.654, 51.541], [-9.524, 51.62], [-9.849, 51.544], [-9.456, 51.68], [-9.438, 51.721], [-9.502, 51.716], [-9.505, 51.725], [-9.532, 51.73], [-9.527, 51.743], [-9.538, 51.753], [-9.559, 51.733], [-9.55, 51.713], [-9.581, 51.71], [-9.675, 51.67]], [[-9.665, 51.686], [-9.665, 51.685], [-9.664, 51.685], [-9.665, 51.686]], [[-8.534, 51.871], [-8.397, 51.88], [-8.389, 51.891], [-8.478, 51.929], [-8.534, 51.871]], [[-8.365, 51.765], [-8.367, 51.765], [-8.372, 51.762], [-8.363, 51.764], [-8.365, 51.765]]], [[[-10.159, 51.604], [-10.16, 51.601], [-10.162, 51.601], [-10.159, 51.604]]], [[[-10.136, 51.621], [-10.134, 51.62], [-10.135, 51.62], [-10.136, 51.621]]], [[[-10.133, 51.623], [-10.134, 51.621], [-10.134, 51.622], [-10.133, 51.623]]], [[[-10.133, 51.621], [-10.131, 51.619], [-10.133, 51.619], [-10.133, 51.621]]], [[[-10.088, 51.658], [-10.088, 51.657], [-10.088, 51.658], [-10.088, 51.658]]], [[[-10.033, 51.708], [-10.032, 51.707], [-10.035, 51.707], [-10.033, 51.708]]], [[[-10.029, 51.709], [-10.03, 51.707], [-10.031, 51.708], [-10.029, 51.709]]], [[[-10.026, 51.711], [-10.015, 51.71], [-10.029, 51.708], [-10.026, 51.711]]], [[[-9.996, 51.724], [-9.997, 51.723], [-9.997, 51.724], [-9.996, 51.724]]], [[[-9.976, 51.704], [-9.976, 51.703], [-9.977, 51.704], [-9.976, 51.704]]], [[[-9.959, 51.713], [-9.961, 51.712], [-9.961, 51.712], [-9.959, 51.713]]], [[[-9.935, 51.742], [-9.937, 51.741], [-9.936, 51.742], [-9.935, 51.742]]], [[[-9.935, 51.744], [-9.936, 51.743], [-9.937, 51.743], [-9.935, 51.744]]], [[[-9.933, 51.743], [-9.935, 51.742], [-9.933, 51.743], [-9.933, 51.743]]], [[[-9.783, 51.647], [-9.83, 51.621], [-9.919, 51.619], [-9.902, 51.639], [-9.783, 51.647]]], [[[-9.922, 51.748], [-9.923, 51.748], [-9.92, 51.748], [-9.922, 51.748]]], [[[-9.903, 51.65], [-9.902, 51.646], [-9.907, 51.647], [-9.903, 51.65]]], [[[-9.901, 51.64], [-9.9, 51.639], [-9.901, 51.639], [-9.901, 51.64]]], [[[-9.899, 51.64], [-9.9, 51.639], [-9.9, 51.64], [-9.899, 51.64]]], [[[-9.899, 51.64], [-9.899, 51.64], [-9.899, 51.64], [-9.899, 51.64]]], [[[-9.898, 51.64], [-9.899, 51.64], [-9.898, 51.64], [-9.898, 51.64]]], [[[-9.888, 51.611], [-9.888, 51.61], [-9.889, 51.61], [-9.888, 51.611]]], [[[-9.888, 51.641], [-9.885, 51.641], [-9.889, 51.64], [-9.888, 51.641]]], [[[-9.886, 51.649], [-9.887, 51.648], [-9.888, 51.649], [-9.886, 51.649]]], [[[-9.886, 51.743], [-9.888, 51.743], [-9.885, 51.743], [-9.886, 51.743]]], [[[-9.85, 51.618], [-9.851, 51.618], [-9.853, 51.618], [-9.85, 51.618]]], [[[-9.838, 51.481], [-9.838, 51.481], [-9.84, 51.481], [-9.838, 51.481]]], [[[-9.824, 51.478], [-9.824, 51.477], [-9.825, 51.477], [-9.824, 51.478]]], [[[-9.819, 51.461], [-9.821, 51.461], [-9.819, 51.463], [-9.819, 51.461]]], [[[-9.777, 51.509], [-9.778, 51.508], [-9.778, 51.509], [-9.777, 51.509]]], [[[-9.773, 51.514], [-9.774, 51.513], [-9.774, 51.513], [-9.773, 51.514]]], [[[-9.751, 51.658], [-9.753, 51.658], [-9.75, 51.658], [-9.751, 51.658]]], [[[-9.751, 51.658], [-9.751, 51.658], [-9.753, 51.658], [-9.751, 51.658]]], [[[-9.751, 51.658], [-9.752, 51.657], [-9.752, 51.658], [-9.751, 51.658]]], [[[-9.752, 51.666], [-9.753, 51.666], [-9.749, 51.667], [-9.752, 51.666]]], [[[-9.748, 51.653], [-9.747, 51.653], [-9.749, 51.653], [-9.748, 51.653]]], [[[-9.739, 51.461], [-9.74, 51.46], [-9.74, 51.46], [-9.739, 51.461]]], [[[-9.732, 51.47], [-9.733, 51.47], [-9.731, 51.471], [-9.732, 51.47]]], [[[-9.729, 51.462], [-9.73, 51.461], [-9.73, 51.461], [-9.729, 51.462]]], [[[-9.722, 51.682], [-9.722, 51.681], [-9.723, 51.681], [-9.722, 51.682]]], [[[-9.704, 51.469], [-9.705, 51.469], [-9.703, 51.47], [-9.704, 51.469]]], [[[-9.7, 51.529], [-9.702, 51.528], [-9.702, 51.529], [-9.7, 51.529]]], [[[-9.697, 51.53], [-9.698, 51.53], [-9.697, 51.53], [-9.697, 51.53]]], [[[-9.683, 51.501], [-9.683, 51.5], [-9.684, 51.5], [-9.683, 51.501]]], [[[-9.665, 51.564], [-9.665, 51.562], [-9.674, 51.561], [-9.665, 51.564]]], [[[-9.67, 51.506], [-9.671, 51.505], [-9.671, 51.506], [-9.67, 51.506]]], [[[-9.67, 51.561], [-9.671, 51.56], [-9.671, 51.561], [-9.67, 51.561]]], [[[-9.661, 51.542], [-9.662, 51.541], [-9.662, 51.541], [-9.661, 51.542]]], [[[-9.661, 51.58], [-9.663, 51.58], [-9.66, 51.581], [-9.661, 51.58]]], [[[-9.656, 51.56], [-9.655, 51.559], [-9.661, 51.559], [-9.656, 51.56]]], [[[-9.656, 51.565], [-9.657, 51.565], [-9.656, 51.565], [-9.656, 51.565]]], [[[-9.65, 51.558], [-9.652, 51.558], [-9.65, 51.558], [-9.65, 51.558]]], [[[-9.647, 51.513], [-9.648, 51.513], [-9.647, 51.513], [-9.647, 51.513]]], [[[-9.645, 51.566], [-9.645, 51.566], [-9.645, 51.566], [-9.645, 51.566]]], [[[-9.64, 51.51], [-9.638, 51.51], [-9.642, 51.51], [-9.64, 51.51]]], [[[-9.64, 51.486], [-9.64, 51.486], [-9.64, 51.487], [-9.64, 51.486]]], [[[-9.638, 51.496], [-9.637, 51.495], [-9.638, 51.495], [-9.638, 51.496]]], [[[-9.631, 51.491], [-9.632, 51.49], [-9.63, 51.491], [-9.631, 51.491]]], [[[-9.631, 51.594], [-9.631, 51.594], [-9.632, 51.594], [-9.631, 51.594]]], [[[-9.615, 51.484], [-9.616, 51.483], [-9.617, 51.483], [-9.615, 51.484]]], [[[-9.604, 51.488], [-9.597, 51.488], [-9.605, 51.486], [-9.604, 51.488]]], [[[-9.602, 51.486], [-9.603, 51.483], [-9.604, 51.485], [-9.602, 51.486]]], [[[-9.588, 51.502], [-9.588, 51.501], [-9.588, 51.501], [-9.588, 51.502]]], [[[-9.593, 51.696], [-9.593, 51.694], [-9.595, 51.695], [-9.593, 51.696]]], [[[-9.585, 51.492], [-9.588, 51.492], [-9.585, 51.492], [-9.585, 51.492]]], [[[-9.536, 51.504], [-9.567, 51.491], [-9.586, 51.491], [-9.561, 51.499], [-9.536, 51.504]]], [[[-9.584, 51.492], [-9.585, 51.492], [-9.584, 51.492], [-9.584, 51.492]]], [[[-9.591, 51.69], [-9.592, 51.69], [-9.592, 51.69], [-9.591, 51.69]]], [[[-9.579, 51.488], [-9.582, 51.487], [-9.579, 51.489], [-9.579, 51.488]]], [[[-9.582, 51.703], [-9.583, 51.703], [-9.582, 51.703], [-9.582, 51.703]]], [[[-9.572, 51.502], [-9.574, 51.5], [-9.575, 51.501], [-9.572, 51.502]]], [[[-9.555, 51.609], [-9.557, 51.609], [-9.554, 51.61], [-9.555, 51.609]]], [[[-9.549, 51.734], [-9.551, 51.734], [-9.548, 51.735], [-9.549, 51.734]]], [[[-9.54, 51.738], [-9.539, 51.736], [-9.547, 51.735], [-9.545, 51.738], [-9.54, 51.738]]], [[[-9.542, 51.748], [-9.542, 51.748], [-9.542, 51.748], [-9.542, 51.748]]], [[[-9.539, 51.747], [-9.541, 51.746], [-9.54, 51.747], [-9.539, 51.747]]], [[[-9.467, 51.453], [-9.493, 51.428], [-9.528, 51.427], [-9.509, 51.442], [-9.467, 51.453]]], [[[-9.537, 51.739], [-9.538, 51.739], [-9.538, 51.739], [-9.537, 51.739]]], [[[-9.479, 51.707], [-9.495, 51.679], [-9.535, 51.679], [-9.479, 51.707]]], [[[-9.535, 51.738], [-9.536, 51.738], [-9.536, 51.738], [-9.535, 51.738]]], [[[-9.535, 51.748], [-9.536, 51.748], [-9.536, 51.749], [-9.535, 51.748]]], [[[-9.531, 51.745], [-9.531, 51.744], [-9.532, 51.744], [-9.531, 51.745]]], [[[-9.522, 51.475], [-9.516, 51.472], [-9.522, 51.472], [-9.522, 51.475]]], [[[-9.525, 51.728], [-9.527, 51.727], [-9.528, 51.728], [-9.525, 51.728]]], [[[-9.51, 51.509], [-9.504, 51.503], [-9.513, 51.504], [-9.51, 51.509]]], [[[-9.505, 51.482], [-9.505, 51.475], [-9.511, 51.479], [-9.505, 51.482]]], [[[-9.509, 51.495], [-9.507, 51.494], [-9.509, 51.494], [-9.509, 51.495]]], [[[-9.502, 51.495], [-9.505, 51.494], [-9.504, 51.495], [-9.502, 51.495]]], [[[-9.501, 51.497], [-9.502, 51.497], [-9.502, 51.497], [-9.501, 51.497]]], [[[-9.499, 51.495], [-9.502, 51.495], [-9.5, 51.496], [-9.499, 51.495]]], [[[-9.501, 51.497], [-9.501, 51.497], [-9.501, 51.497], [-9.501, 51.497]]], [[[-9.499, 51.498], [-9.5, 51.497], [-9.5, 51.497], [-9.499, 51.498]]], [[[-9.491, 51.485], [-9.494, 51.484], [-9.492, 51.485], [-9.491, 51.485]]], [[[-9.49, 51.486], [-9.481, 51.482], [-9.492, 51.481], [-9.49, 51.486]]], [[[-9.486, 51.48], [-9.487, 51.479], [-9.487, 51.48], [-9.486, 51.48]]], [[[-9.482, 51.455], [-9.482, 51.455], [-9.484, 51.455], [-9.482, 51.455]]], [[[-9.48, 51.515], [-9.466, 51.514], [-9.48, 51.512], [-9.48, 51.515]]], [[[-9.474, 51.691], [-9.478, 51.69], [-9.469, 51.693], [-9.474, 51.691]]], [[[-9.455, 51.505], [-9.458, 51.502], [-9.466, 51.501], [-9.455, 51.505]]], [[[-9.455, 51.455], [-9.456, 51.455], [-9.457, 51.455], [-9.455, 51.455]]], [[[-9.456, 51.455], [-9.456, 51.455], [-9.456, 51.455], [-9.456, 51.455]]], [[[-9.455, 51.454], [-9.456, 51.454], [-9.455, 51.454], [-9.455, 51.454]]], [[[-9.455, 51.455], [-9.455, 51.455], [-9.455, 51.455], [-9.455, 51.455]]], [[[-9.449, 51.496], [-9.431, 51.487], [-9.456, 51.489], [-9.449, 51.496]]], [[[-9.453, 51.454], [-9.455, 51.454], [-9.454, 51.454], [-9.453, 51.454]]], [[[-9.455, 51.552], [-9.454, 51.552], [-9.455, 51.552], [-9.455, 51.552]]], [[[-9.444, 51.508], [-9.439, 51.505], [-9.452, 51.505], [-9.444, 51.508]]], [[[-9.45, 51.499], [-9.449, 51.498], [-9.451, 51.498], [-9.45, 51.499]]], [[[-9.45, 51.556], [-9.452, 51.554], [-9.452, 51.555], [-9.45, 51.556]]], [[[-9.443, 51.453], [-9.443, 51.452], [-9.444, 51.452], [-9.443, 51.453]]], [[[-9.442, 51.455], [-9.443, 51.454], [-9.443, 51.455], [-9.442, 51.455]]], [[[-9.441, 51.454], [-9.443, 51.454], [-9.441, 51.454], [-9.441, 51.454]]], [[[-9.441, 51.454], [-9.442, 51.454], [-9.441, 51.454], [-9.441, 51.454]]], [[[-9.441, 51.455], [-9.442, 51.454], [-9.441, 51.455], [-9.441, 51.455]]], [[[-9.442, 51.455], [-9.442, 51.455], [-9.441, 51.455], [-9.442, 51.455]]], [[[-9.436, 51.501], [-9.44, 51.5], [-9.442, 51.5], [-9.436, 51.501]]], [[[-9.41, 51.471], [-9.394, 51.472], [-9.436, 51.453], [-9.435, 51.477], [-9.41, 51.471]]], [[[-9.434, 51.507], [-9.435, 51.506], [-9.435, 51.506], [-9.434, 51.507]]], [[[-9.429, 51.507], [-9.431, 51.506], [-9.431, 51.507], [-9.429, 51.507]]], [[[-9.426, 51.516], [-9.426, 51.515], [-9.426, 51.515], [-9.426, 51.516]]], [[[-9.423, 51.455], [-9.424, 51.455], [-9.423, 51.455], [-9.423, 51.455]]], [[[-9.422, 51.458], [-9.422, 51.457], [-9.422, 51.458], [-9.422, 51.458]]], [[[-9.423, 51.535], [-9.424, 51.534], [-9.424, 51.534], [-9.423, 51.535]]], [[[-9.423, 51.549], [-9.423, 51.547], [-9.424, 51.548], [-9.423, 51.549]]], [[[-9.422, 51.537], [-9.422, 51.536], [-9.423, 51.536], [-9.422, 51.537]]], [[[-9.422, 51.55], [-9.418, 51.551], [-9.417, 51.548], [-9.422, 51.55]]], [[[-9.421, 51.538], [-9.418, 51.537], [-9.421, 51.536], [-9.421, 51.538]]], [[[-9.418, 51.49], [-9.418, 51.49], [-9.418, 51.49], [-9.418, 51.49]]], [[[-9.415, 51.48], [-9.416, 51.48], [-9.417, 51.48], [-9.415, 51.48]]], [[[-9.416, 51.491], [-9.417, 51.49], [-9.416, 51.491], [-9.416, 51.491]]], [[[-9.413, 51.492], [-9.416, 51.491], [-9.414, 51.493], [-9.413, 51.492]]], [[[-9.415, 51.494], [-9.416, 51.493], [-9.416, 51.493], [-9.415, 51.494]]], [[[-9.415, 51.493], [-9.416, 51.493], [-9.415, 51.493], [-9.415, 51.493]]], [[[-9.414, 51.54], [-9.415, 51.539], [-9.415, 51.54], [-9.414, 51.54]]], [[[-9.411, 51.49], [-9.412, 51.49], [-9.411, 51.49], [-9.411, 51.49]]], [[[-9.411, 51.493], [-9.411, 51.492], [-9.412, 51.492], [-9.411, 51.493]]], [[[-9.41, 51.49], [-9.41, 51.49], [-9.41, 51.49], [-9.41, 51.49]]], [[[-9.409, 51.494], [-9.407, 51.494], [-9.41, 51.492], [-9.409, 51.494]]], [[[-9.408, 51.491], [-9.409, 51.491], [-9.409, 51.491], [-9.408, 51.491]]], [[[-9.404, 51.495], [-9.404, 51.494], [-9.405, 51.495], [-9.404, 51.495]]], [[[-9.397, 51.496], [-9.398, 51.495], [-9.397, 51.496], [-9.397, 51.496]]], [[[-9.344, 51.464], [-9.344, 51.462], [-9.347, 51.462], [-9.344, 51.464]]], [[[-9.301, 51.502], [-9.302, 51.501], [-9.302, 51.501], [-9.301, 51.502]]], [[[-9.299, 51.502], [-9.301, 51.502], [-9.301, 51.502], [-9.299, 51.502]]], [[[-9.29, 51.495], [-9.291, 51.492], [-9.293, 51.494], [-9.29, 51.495]]], [[[-9.268, 51.495], [-9.268, 51.494], [-9.267, 51.495], [-9.268, 51.495]]], [[[-9.225, 51.467], [-9.225, 51.467], [-9.223, 51.468], [-9.225, 51.467]]], [[[-9.223, 51.469], [-9.225, 51.468], [-9.223, 51.469], [-9.223, 51.469]]], [[[-9.224, 51.467], [-9.225, 51.466], [-9.225, 51.466], [-9.224, 51.467]]], [[[-9.223, 51.468], [-9.225, 51.468], [-9.225, 51.468], [-9.223, 51.468]]], [[[-9.223, 51.469], [-9.225, 51.469], [-9.223, 51.469], [-9.223, 51.469]]], [[[-9.224, 51.469], [-9.224, 51.469], [-9.224, 51.469], [-9.224, 51.469]]], [[[-9.188, 51.507], [-9.18, 51.509], [-9.188, 51.506], [-9.188, 51.507]]], [[[-9.186, 51.511], [-9.187, 51.511], [-9.187, 51.511], [-9.186, 51.511]]], [[[-9.178, 51.505], [-9.179, 51.505], [-9.18, 51.505], [-9.178, 51.505]]], [[[-9.171, 51.515], [-9.171, 51.514], [-9.172, 51.514], [-9.171, 51.515]]], [[[-9.158, 51.519], [-9.158, 51.519], [-9.159, 51.519], [-9.158, 51.519]]], [[[-9.129, 51.516], [-9.131, 51.514], [-9.129, 51.518], [-9.129, 51.516]]], [[[-9.13, 51.527], [-9.13, 51.527], [-9.13, 51.527], [-9.13, 51.527]]], [[[-9.129, 51.527], [-9.13, 51.527], [-9.13, 51.528], [-9.129, 51.527]]], [[[-9.125, 51.515], [-9.123, 51.514], [-9.126, 51.514], [-9.125, 51.515]]], [[[-9.125, 51.53], [-9.12, 51.531], [-9.117, 51.531], [-9.125, 51.53]]], [[[-9.114, 51.531], [-9.113, 51.531], [-9.116, 51.531], [-9.114, 51.531]]], [[[-9.102, 51.541], [-9.099, 51.541], [-9.103, 51.541], [-9.102, 51.541]]], [[[-9.064, 51.55], [-9.065, 51.549], [-9.065, 51.55], [-9.064, 51.55]]], [[[-9.049, 51.55], [-9.05, 51.55], [-9.047, 51.551], [-9.049, 51.55]]], [[[-8.951, 51.529], [-8.952, 51.529], [-8.952, 51.529], [-8.951, 51.529]]], [[[-8.757, 51.572], [-8.759, 51.572], [-8.756, 51.572], [-8.757, 51.572]]], [[[-8.699, 51.578], [-8.7, 51.578], [-8.699, 51.579], [-8.699, 51.578]]], [[[-8.517, 51.678], [-8.522, 51.675], [-8.522, 51.675], [-8.517, 51.678]]], [[[-8.383, 51.714], [-8.383, 51.714], [-8.383, 51.713], [-8.383, 51.714]]], [[[-8.368, 51.764], [-8.367, 51.764], [-8.367, 51.764], [-8.368, 51.764]]], [[[-8.367, 51.764], [-8.366, 51.764], [-8.366, 51.764], [-8.367, 51.764]]], [[[-8.365, 51.764], [-8.366, 51.764], [-8.367, 51.764], [-8.367, 51.764], [-8.365, 51.764]]], [[[-8.309, 51.84], [-8.293, 51.84], [-8.295, 51.839], [-8.301, 51.839], [-8.309, 51.84]]], [[[-8.301, 51.838], [-8.302, 51.837], [-8.303, 51.837], [-8.301, 51.838]]], [[[-8.289, 51.831], [-8.284, 51.837], [-8.279, 51.835], [-8.289, 51.831]]], [[[-7.855, 51.884], [-7.853, 51.881], [-7.855, 51.881], [-7.855, 51.884]]]]}}, {"type": "Feature", "properties": {"name": "Kerry County", "country": "IE"}, "geometry": {"type": "MultiPolygon", "coordinates": [[[[-10.66, 52.078], [-10.651, 52.076], [-10.663, 52.075], [-10.66, 52.078]]], [[[-10.614, 52.042], [-10.601, 52.047], [-10.598, 52.044], [-10.614, 52.042]]], [[[-10.608, 52.063], [-10.603, 52.058], [-10.617, 52.052], [-10.608, 52.063]]], [[[-10.605, 52.039], [-10.607, 52.037], [-10.608, 52.038], [-10.605, 52.039]]], [[[-10.578, 52.136], [-10.573, 52.127], [-10.592, 52.126], [-10.578, 52.136]]], [[[-10.564, 52.088], [-10.516, 52.095], [-10.58, 52.073], [-10.564, 52.088]]], [[[-10.543, 51.772], [-10.537, 51.77], [-10.545, 51.769], [-10.543, 51.772]]], [[[-10.511, 51.783], [-10.505, 51.783], [-10.503, 51.783], [-10.509, 51.78], [-10.511, 51.783]]], [[[-10.523, 52.115], [-10.526, 52.113], [-10.524, 52.116], [-10.523, 52.115]]], [[[-10.524, 52.113], [-10.523, 52.111], [-10.525, 52.111], [-10.524, 52.113]]], [[[-10.508, 52.118], [-10.503, 52.115], [-10.51, 52.114], [-10.508, 52.118]]], [[[-10.505, 52.119], [-10.504, 52.12], [-10.504, 52.119], [-10.505, 52.119]]], [[[-10.482, 52.107], [-10.483, 52.106], [-10.485, 52.106], [-10.485, 52.107], [-10.482, 52.107]]], [[[-10.204, 52.137], [-10.48, 52.108], [-10.459, 52.123], [-10.466, 52.144], [-10.478, 52.151], [-10.44, 52.173], [-10.469, 52.183], [-10.407, 52.209], [-10.415, 52.184], [-10.372, 52.172], [-10.364, 52.234], [-10.311, 52.237], [-10.176, 52.292], [-10.146, 52.262], [-10.182, 52.23], [-10.074, 52.254], [-10.034, 52.283], [-10.058, 52.309], [-10.014, 52.315], [-10.025, 52.271], [-9.955, 52.232], [-9.748, 52.247], [-9.736, 52.258], [-9.777, 52.275], [-9.875, 52.274], [-9.885, 52.302], [-9.874, 52.28], [-9.828, 52.302], [-9.869, 52.303], [-9.825, 52.312], [-9.85, 52.311], [-9.835, 52.339], [-9.834, 52.385], [-9.939, 52.404], [-9.946, 52.42], [-9.827, 52.433], [-9.769, 52.449], [-9.726, 52.476], [-9.689, 52.483], [-9.657, 52.593], [-9.365, 52.602], [-9.297, 52.496], [-9.343, 52.473], [-9.304, 52.435], [-9.341, 52.408], [-9.302, 52.382], [-9.348, 52.361], [-9.211, 52.29], [-9.276, 52.23], [-9.184, 52.083], [-9.22, 52.058], [-9.212, 52.023], [-9.119, 51.998], [-9.303, 51.946], [-9.274, 51.896], [-9.33, 51.846], [-9.481, 51.79], [-9.623, 51.786], [-9.822, 51.688], [-9.857, 51.75], [-9.845, 51.76], [-9.856, 51.767], [-9.848, 51.778], [-9.781, 51.754], [-9.825, 51.785], [-9.582, 51.87], [-9.653, 51.871], [-9.743, 51.848], [-9.744, 51.856], [-9.83, 51.826], [-9.872, 51.796], [-9.857, 51.817], [-9.878, 51.822], [-9.896, 51.812], [-9.901, 51.838], [-9.908, 51.804], [-10.051, 51.774], [-10.13, 51.737], [-10.112, 51.763], [-10.225, 51.781], [-10.178, 51.791], [-10.173, 51.825], [-10.207, 51.845], [-10.194, 51.845], [-10.173, 51.858], [-10.248, 51.843], [-10.343, 51.784], [-10.335, 51.846], [-10.397, 51.843], [-10.383, 51.86], [-10.392, 51.878], [-10.399, 51.877], [-10.278, 51.912], [-10.251, 51.898], [-10.278, 51.93], [-10.204, 51.949], [-10.179, 51.964], [-10.262, 51.951], [-10.275, 51.939], [-10.321, 51.955], [-9.979, 52.052], [-9.968, 52.09], [-9.975, 52.055], [-9.904, 52.068], [-9.936, 52.085], [-9.9, 52.139], [-9.895, 52.109], [-9.855, 52.117], [-9.85, 52.116], [-9.848, 52.112], [-9.79, 52.135], [-9.798, 52.162], [-9.975, 52.143], [-9.936, 52.106], [-9.987, 52.144], [-10.194, 52.108], [-10.204, 52.137]], [[-10.185, 51.964], [-10.185, 51.964], [-10.184, 51.964], [-10.185, 51.964]], [[-10.182, 51.964], [-10.182, 51.964], [-10.181, 51.964], [-10.182, 51.964]], [[-9.851, 52.116], [-9.851, 52.116], [-9.85, 52.116], [-9.851, 52.116]]], [[[-10.473, 52.177], [-10.476, 52.176], [-10.474, 52.178], [-10.473, 52.177]]], [[[-10.468, 52.143], [-10.469, 52.142], [-10.468, 52.143], [-10.468, 52.143]]], [[[-10.41, 51.911], [-10.286, 51.926], [-10.43, 51.88], [-10.41, 51.911]]], [[[-10.411, 51.84], [-10.401, 51.837], [-10.415, 51.831], [-10.411, 51.84]]], [[[-10.4, 51.881], [-10.405, 51.879], [-10.408, 51.878], [-10.405, 51.88], [-10.4, 51.881]]], [[[-10.399, 51.88], [-10.402, 51.879], [-10.399, 51.88], [-10.399, 51.88]]], [[[-10.4, 51.878], [-10.402, 51.878], [-10.4, 51.879], [-10.4, 51.878]]], [[[-10.398, 51.884], [-10.4, 51.882], [-10.401, 51.883], [-10.398, 51.884]]], [[[-10.41, 52.21], [-10.411, 52.209], [-10.411, 52.209], [-10.41, 52.21]]], [[[-10.389, 51.871], [-10.392, 51.87], [-10.39, 51.871], [-10.389, 51.871]]], [[[-10.382, 52.22], [-10.382, 52.219], [-10.383, 52.22], [-10.382, 52.22]]], [[[-10.379, 52.197], [-10.38, 52.197], [-10.38, 52.197], [-10.379, 52.197]]], [[[-10.378, 52.219], [-10.379, 52.219], [-10.379, 52.219], [-10.378, 52.219]]], [[[-10.373, 52.226], [-10.371, 52.226], [-10.373, 52.225], [-10.373, 52.226]]], [[[-10.316, 51.935], [-10.289, 51.94], [-10.288, 51.937], [-10.316, 51.935]]], [[[-10.329, 52.237], [-10.329, 52.237], [-10.33, 52.237], [-10.329, 52.237]]], [[[-10.297, 51.943], [-10.301, 51.942], [-10.301, 51.943], [-10.297, 51.943]]], [[[-10.266, 51.811], [-10.26, 51.809], [-10.268, 51.808], [-10.266, 51.811]]], [[[-10.258, 51.734], [-10.236, 51.734], [-10.264, 51.726], [-10.258, 51.734]]], [[[-10.251, 51.946], [-10.249, 51.944], [-10.253, 51.944], [-10.251, 51.946]]], [[[-10.223, 51.739], [-10.215, 51.733], [-10.226, 51.732], [-10.223, 51.739]]], [[[-10.227, 51.783], [-10.225, 51.783], [-10.227, 51.781], [-10.227, 51.783]]], [[[-10.222, 52.134], [-10.222, 52.134], [-10.223, 52.134], [-10.222, 52.134]]], [[[-10.173, 51.74], [-10.171, 51.739], [-10.175, 51.737], [-10.173, 51.74]]], [[[-10.153, 51.738], [-10.154, 51.735], [-10.156, 51.735], [-10.153, 51.738]]], [[[-10.154, 51.761], [-10.149, 51.761], [-10.149, 51.759], [-10.154, 51.761]]], [[[-10.152, 51.757], [-10.144, 51.753], [-10.152, 51.753], [-10.152, 51.757]]], [[[-10.158, 52.249], [-10.16, 52.249], [-10.159, 52.249], [-10.158, 52.249]]], [[[-10.155, 52.248], [-10.155, 52.248], [-10.156, 52.248], [-10.155, 52.248]]], [[[-10.102, 51.748], [-10.1, 51.747], [-10.104, 51.747], [-10.102, 51.748]]], [[[-10.07, 52.328], [-10.072, 52.325], [-10.073, 52.326], [-10.07, 52.328]]], [[[-10.055, 52.337], [-10.052, 52.336], [-10.057, 52.335], [-10.055, 52.337]]], [[[-10.053, 52.333], [-10.053, 52.333], [-10.054, 52.333], [-10.053, 52.333]]], [[[-10.05, 52.335], [-10.047, 52.332], [-10.053, 52.332], [-10.05, 52.335]]], [[[-10.015, 51.769], [-10.018, 51.769], [-10.015, 51.77], [-10.015, 51.769]]], [[[-10.014, 51.769], [-10.014, 51.767], [-10.015, 51.767], [-10.014, 51.769]]], [[[-10.003, 51.775], [-10.0, 51.774], [-10.003, 51.773], [-10.003, 51.775]]], [[[-10.025, 52.331], [-10.027, 52.33], [-10.026, 52.332], [-10.025, 52.331]]], [[[-10.02, 52.326], [-10.026, 52.324], [-10.023, 52.329], [-10.02, 52.326]]], [[[-10.016, 52.331], [-10.019, 52.329], [-10.02, 52.33], [-10.016, 52.331]]], [[[-9.99, 51.781], [-9.984, 51.782], [-9.99, 51.78], [-9.99, 51.781]]], [[[-9.943, 51.796], [-9.941, 51.795], [-9.944, 51.795], [-9.943, 51.796]]], [[[-9.902, 51.792], [-9.899, 51.789], [-9.912, 51.786], [-9.902, 51.792]]], [[[-9.903, 51.799], [-9.907, 51.797], [-9.91, 51.797], [-9.903, 51.799]]], [[[-9.903, 51.806], [-9.894, 51.809], [-9.907, 51.804], [-9.903, 51.806]]], [[[-9.898, 51.81], [-9.9, 51.811], [-9.899, 51.811], [-9.898, 51.81]]], [[[-9.895, 51.792], [-9.892, 51.793], [-9.89, 51.794], [-9.895, 51.792]]], [[[-9.894, 51.798], [-9.889, 51.798], [-9.893, 51.796], [-9.894, 51.798]]], [[[-9.888, 51.813], [-9.886, 51.81], [-9.89, 51.811], [-9.888, 51.813]]], [[[-9.894, 52.134], [-9.896, 52.133], [-9.897, 52.134], [-9.894, 52.134]]], [[[-9.878, 51.817], [-9.881, 51.813], [-9.881, 51.815], [-9.878, 51.817]]], [[[-9.879, 52.304], [-9.879, 52.304], [-9.88, 52.304], [-9.879, 52.304]]], [[[-9.854, 51.756], [-9.852, 51.757], [-9.854, 51.755], [-9.854, 51.756]]], [[[-9.872, 52.305], [-9.872, 52.305], [-9.872, 52.305], [-9.872, 52.305]]], [[[-9.84, 52.361], [-9.841, 52.359], [-9.841, 52.36], [-9.84, 52.361]]], [[[-9.838, 52.356], [-9.838, 52.355], [-9.838, 52.355], [-9.838, 52.356]]], [[[-9.809, 51.828], [-9.794, 51.824], [-9.812, 51.817], [-9.809, 51.828]]], [[[-9.822, 52.437], [-9.823, 52.437], [-9.822, 52.437], [-9.822, 52.437]]], [[[-9.82, 52.437], [-9.82, 52.437], [-9.82, 52.437], [-9.82, 52.437]]], [[[-9.82, 52.437], [-9.82, 52.437], [-9.82, 52.437], [-9.82, 52.437]]], [[[-9.811, 52.443], [-9.81, 52.442], [-9.811, 52.442], [-9.811, 52.443]]], [[[-9.753, 51.826], [-9.744, 51.826], [-9.756, 51.824], [-9.753, 51.826]]], [[[-9.762, 52.255], [-9.756, 52.257], [-9.755, 52.253], [-9.762, 52.255]]], [[[-9.757, 52.457], [-9.758, 52.456], [-9.758, 52.457], [-9.757, 52.457]]], [[[-9.663, 51.863], [-9.663, 51.86], [-9.669, 51.861], [-9.663, 51.863]]], [[[-9.652, 51.85], [-9.655, 51.846], [-9.66, 51.847], [-9.652, 51.85]]], [[[-9.649, 51.861], [-9.636, 51.863], [-9.646, 51.86], [-9.649, 51.861]]], [[[-9.631, 51.865], [-9.633, 51.862], [-9.637, 51.864], [-9.631, 51.865]]]]}}]}