{"type":"FeatureCollection","features":[{"type":"Feature","properties":{"name":"Oekra\u00efne","country":"UKR"},"geometry":{"type":"MultiPolygon","coordinates":[[[[31.764345,52.100568],[31.82584,52.104056],[31.858706,52.09987],[31.882064,52.086408],[31.88749,52.070027],[31.887748,52.051553],[31.892037,52.036179],[31.910383,52.029073],[31.927229,52.031089],[31.980559,52.047625],[32.016939,52.049796],[32.077142,52.039951],[32.095591,52.040726],[32.233309,52.080853],[32.277699,52.102661],[32.306741,52.141185],[32.318833,52.201414],[32.328238,52.219165],[32.33785,52.22547],[32.350149,52.229888],[32.361311,52.235908],[32.366995,52.2472],[32.363275,52.255726],[32.344465,52.276526],[32.339504,52.287249],[32.35356,52.321588],[32.394281,52.326807],[32.48058,52.307144],[32.528433,52.316213],[32.725423,52.252083],[32.755602,52.252393],[32.814823,52.262005],[32.844176,52.262341],[32.861022,52.257199],[32.890788,52.242316],[32.908978,52.241102],[32.926858,52.246915],[33.030107,52.303604],[33.048246,52.309082],[33.057289,52.308643],[33.070415,52.304173],[33.079613,52.305594],[33.087365,52.310762],[33.099044,52.324766],[33.108862,52.328332],[33.127983,52.332724],[33.14085,52.340372],[33.166637,52.360061],[33.182863,52.367296],[33.196506,52.368949],[33.294329,52.357296],[33.358976,52.357555],[33.376185,52.355255],[33.400576,52.344343],[33.403676,52.342956],[33.419334,52.338331],[33.437318,52.339158],[33.451787,52.345256],[33.465326,52.352749],[33.480519,52.357761],[33.499433,52.340992],[33.493025,52.303139],[33.510078,52.287533],[33.531679,52.288825],[33.600202,52.330786],[33.687948,52.355823],[33.733579,52.360991],[33.778951,52.360061],[33.804065,52.354609],[33.815227,52.345075],[33.823392,52.331458],[33.839102,52.313914],[33.858739,52.302157],[33.9007,52.285854],[33.919511,52.269756],[33.944419,52.235779],[33.957751,52.224695],[34.021933,52.1979],[34.038883,52.18648],[34.05573,52.170331],[34.065341,52.158626],[34.071026,52.148963],[34.07361,52.139558],[34.07392,52.128318],[34.05666,52.105813],[34.05666,52.100387],[34.06007,52.083179],[34.062551,52.050209],[34.068235,52.031011],[34.080328,52.013622],[34.101102,51.992512],[34.104409,51.975304],[34.096657,51.960576],[34.096244,51.951817],[34.146163,51.95161],[34.166421,51.942257],[34.203421,51.91231],[34.209415,51.908796],[34.222644,51.903164],[34.228432,51.899262],[34.231016,51.894534],[34.234633,51.880736],[34.23422,51.878282],[34.246002,51.875465],[34.264916,51.881201],[34.276698,51.881227],[34.294578,51.873889],[34.327754,51.850505],[34.347288,51.841695],[34.371101,51.826811],[34.385735,51.817665],[34.41271,51.777693],[34.414157,51.736456],[34.37633,51.708602],[34.3569,51.705553],[34.298195,51.706147],[34.127973,51.680748],[34.089113,51.666615],[34.079501,51.643102],[34.090663,51.633206],[34.12601,51.627005],[34.140066,51.621191],[34.14451,51.613776],[34.148851,51.593209],[34.152985,51.583984],[34.160323,51.576129],[34.202387,51.546157],[34.21541,51.531998],[34.223678,51.514764],[34.225952,51.492879],[34.223781,51.482363],[34.214996,51.464663],[34.212102,51.455026],[34.213239,51.44482],[34.217063,51.43606],[34.219647,51.427275],[34.217063,51.417069],[34.208795,51.411463],[34.186988,51.40831],[34.181923,51.402342],[34.185851,51.394151],[34.195979,51.385624],[34.21572,51.373765],[34.230499,51.367667],[34.247346,51.363429],[34.264399,51.361207],[34.280315,51.361259],[34.300159,51.36839],[34.308737,51.33462],[34.283623,51.301237],[34.243935,51.274081],[34.185954,51.248914],[34.257888,51.229561],[34.281762,51.226435],[34.299539,51.231629],[34.336953,51.251136],[34.371783,51.256847],[34.40899,51.253126],[34.480407,51.236977],[34.513479,51.229561],[34.578178,51.236693],[34.608357,51.234006],[34.622413,51.224756],[34.628511,51.211061],[34.633162,51.19561],[34.642774,51.180624],[34.65745,51.171658],[34.674917,51.167679],[34.74809,51.164733],[34.817544,51.174733],[34.899606,51.196463],[34.946115,51.214291],[34.961824,51.215325],[34.980324,51.209537],[34.999445,51.202095],[35.018772,51.20455],[35.038719,51.210157],[35.059389,51.212327],[35.078716,51.207625],[35.091325,51.197677],[35.09918,51.183182],[35.123778,51.091327],[35.143622,51.058487],[35.172561,51.040632],[35.20646,51.038927],[35.27426,51.048797],[35.308676,51.047325],[35.328417,51.043165],[35.3464,51.036602],[35.355082,51.025595],[35.34671,51.008257],[35.332551,50.999937],[35.278084,50.992651],[35.282218,50.98154],[35.282218,50.961107],[35.282218,50.954255],[35.284802,50.944333],[35.293587,50.937615],[35.317151,50.934205],[35.32914,50.929089],[35.341749,50.91586],[35.34299,50.904129],[35.340406,50.89183],[35.341439,50.876482],[35.348571,50.86377],[35.369034,50.846045],[35.377716,50.833746],[35.37968,50.819586],[35.377406,50.807546],[35.37906,50.797211],[35.393116,50.788374],[35.41823,50.778917],[35.429393,50.772148],[35.438488,50.762381],[35.447066,50.73432],[35.443759,50.709464],[35.445412,50.687502],[35.468873,50.668536],[35.391565,50.646367],[35.376166,50.634585],[35.377716,50.621821],[35.425258,50.500485],[35.446446,50.476042],[35.480139,50.466895],[35.501946,50.464311],[35.52272,50.459505],[35.540807,50.450048],[35.554656,50.433253],[35.562304,50.409637],[35.563855,50.391809],[35.570159,50.376461],[35.592173,50.360493],[35.611397,50.351708],[35.631551,50.34499],[35.652118,50.341114],[35.673202,50.340184],[35.69221,50.344168],[35.69687,50.345145],[35.710306,50.355635],[35.721261,50.36871],[35.737694,50.381577],[35.746169,50.383954],[35.765393,50.384523],[35.774384,50.3869],[35.785547,50.394496],[35.80539,50.412169],[35.819343,50.419042],[35.83743,50.423228],[35.931894,50.430153],[36.105837,50.42111],[36.133226,50.411601],[36.14077,50.392946],[36.169296,50.383696],[36.269031,50.281376],[36.291976,50.274038],[36.31585,50.274865],[36.339518,50.28148],[36.361429,50.29166],[36.380962,50.304062],[36.38799,50.30644],[36.400186,50.306646],[36.410005,50.304579],[36.430572,50.296879],[36.452689,50.293572],[36.480181,50.28086],[36.512117,50.276416],[36.521109,50.27409],[36.536405,50.267527],[36.538886,50.265047],[36.536095,50.260913],[36.533925,50.238692],[36.531651,50.228822],[36.534648,50.219933],[36.549531,50.212182],[36.571028,50.206911],[36.594386,50.20443],[36.616917,50.206394],[36.635831,50.214042],[36.644409,50.222259],[36.660429,50.243859],[36.669834,50.253006],[36.682649,50.260654],[36.848634,50.323699],[36.914056,50.339099],[36.980099,50.342148],[37.051722,50.335327],[37.197037,50.362405],[37.226699,50.377081],[37.285197,50.41527],[37.314755,50.42297],[37.415214,50.431858],[37.435265,50.424934],[37.450251,50.398992],[37.46379,50.366539],[37.480017,50.340029],[37.568177,50.312537],[37.599183,50.290885],[37.60156,50.249027],[37.591534,50.225308],[37.588641,50.21461],[37.590294,50.20381],[37.597116,50.196937],[37.631842,50.174096],[37.72765,50.078701],[37.76341,50.062578],[37.842785,50.039117],[37.881749,50.023046],[37.915856,50.003306],[37.946552,49.978191],[37.979004,49.941449],[37.980038,49.939589],[37.995334,49.921347],[37.995851,49.905895],[38.000398,49.899798],[38.022924,49.909142],[38.066544,49.927238],[38.079153,49.929925],[38.090315,49.928426],[38.108402,49.920675],[38.119047,49.919176],[38.166176,49.94057],[38.171344,49.984082],[38.164109,50.030384],[38.173928,50.06015],[38.189844,50.062785],[38.25382,50.059064],[38.281208,50.062423],[38.299915,50.060511],[38.314074,50.049504],[38.34415,49.992092],[38.356036,49.980568],[38.376293,49.974935],[38.420114,49.971783],[38.437788,49.967287],[38.461145,49.9569],[38.497526,49.948167],[38.570183,49.956642],[38.619482,49.950751],[38.628887,49.953334],[38.637776,49.95721],[38.662167,49.962585],[38.664647,49.965168],[38.664337,49.962688],[38.672812,49.942999],[38.675603,49.927031],[38.680977,49.918298],[38.687282,49.913802],[38.747846,49.885432],[38.852233,49.865795],[38.886339,49.845176],[38.910524,49.820578],[38.937395,49.803473],[39.032273,49.807349],[39.04912,49.810552],[39.068344,49.821094],[39.099866,49.851635],[39.117126,49.864399],[39.15578,49.873598],[39.181006,49.859487],[39.182755,49.858508],[39.238049,49.765129],[39.26089,49.74451],[39.289932,49.732056],[39.327656,49.72632],[39.36724,49.731849],[39.405997,49.744252],[39.443618,49.749523],[39.479895,49.733606],[39.499118,49.728129],[39.557513,49.723994],[39.570432,49.713297],[39.581594,49.690715],[39.597407,49.647978],[39.622935,49.613459],[39.653321,49.599816],[39.688667,49.59346],[39.729182,49.580799],[39.781065,49.548398],[39.801529,49.542197],[39.828711,49.541473],[39.859406,49.545556],[39.889379,49.553256],[39.9147,49.562971],[39.974025,49.602555],[39.998106,49.608239],[40.017743,49.607878],[40.115515,49.590566],[40.118504,49.588451],[40.130708,49.579817],[40.126057,49.559095],[40.110657,49.545349],[40.072003,49.530673],[40.05433,49.519769],[40.0349,49.487058],[40.040894,49.455484],[40.061978,49.425821],[40.101355,49.385462],[40.148071,49.349599],[40.159543,49.333579],[40.157166,49.315854],[40.142697,49.281903],[40.141663,49.245781],[40.134015,49.236272],[40.110244,49.227642],[40.090917,49.217255],[40.057741,49.182787],[40.038414,49.168524],[39.979606,49.141859],[39.952114,49.124548],[39.930927,49.10057],[39.926069,49.086514],[39.923382,49.057989],[39.918731,49.047808],[39.907259,49.042589],[39.891342,49.041762],[39.86199,49.045121],[39.831501,49.045276],[39.748922,49.026208],[39.698279,49.028378],[39.681123,49.020316],[39.673991,48.970139],[39.687531,48.957581],[39.707788,48.948796],[39.725978,48.937014],[39.739414,48.918979],[39.747372,48.905336],[39.758741,48.895415],[39.782305,48.888438],[39.861887,48.876449],[39.89651,48.879912],[39.908189,48.878413],[39.918628,48.87247],[39.937644,48.856244],[39.950357,48.852781],[39.972268,48.860326],[39.989941,48.875674],[40.008855,48.887818],[40.034279,48.885596],[40.053813,48.869215],[40.05278,48.849733],[40.038724,48.829992],[40.019603,48.813146],[39.975265,48.789685],[39.934957,48.786687],[39.824163,48.815626],[39.801219,48.814903],[39.779411,48.80772],[39.759361,48.792837],[39.751196,48.781881],[39.744478,48.770513],[39.736313,48.761521],[39.711405,48.754803],[39.70293,48.746586],[39.641849,48.611711],[39.63172,48.586906],[39.670271,48.588405],[39.690114,48.593676],[39.809177,48.583754],[39.835325,48.57347],[39.855066,48.556107],[39.862714,48.530062],[39.863851,48.52275],[39.866124,48.51704],[39.868501,48.512906],[39.869535,48.509908],[39.865401,48.501485],[39.855996,48.499366],[39.846694,48.499831],[39.842146,48.499056],[39.84473,48.483502],[39.854342,48.47544],[39.864781,48.469833],[39.8962,48.423919],[39.906845,48.398339],[39.914493,48.384696],[39.924105,48.376118],[39.901471,48.361184],[39.884108,48.346352],[39.815895,48.308164],[39.884831,48.278992],[39.905192,48.280646],[39.957385,48.293384],[39.978882,48.290077],[39.993248,48.27323],[39.990665,48.253748],[39.977642,48.235455],[39.960485,48.222071],[39.912633,48.197679],[39.89372,48.182977],[39.843077,48.119751],[39.831191,48.099985],[39.829021,48.076782],[39.844317,48.045673],[39.842973,48.036397],[39.840286,48.035002],[39.833568,48.03619],[39.778791,48.029214],[39.768146,48.024331],[39.759878,48.014951],[39.761945,48.009784],[39.770109,48.004099],[39.780238,47.993144],[39.794397,47.971311],[39.796154,47.961363],[39.793984,47.945705],[39.79047,47.937747],[39.779825,47.922477],[39.777034,47.913743],[39.777551,47.906586],[39.782098,47.892892],[39.782925,47.886561],[39.775587,47.85801],[39.759051,47.832947],[39.733833,47.815997],[39.70076,47.811527],[39.600611,47.829485],[39.570018,47.830932],[39.50935,47.822767],[39.479895,47.826126],[39.457054,47.831293],[39.413956,47.82318],[39.391631,47.822612],[39.373545,47.828296],[39.340058,47.843567],[39.319698,47.846021],[39.173557,47.837055],[39.133249,47.829536],[39.113509,47.828555],[39.092942,47.832094],[39.039095,47.856925],[39.03618,47.857003],[38.877244,47.86124],[38.830942,47.848243],[38.796215,47.819925],[38.770997,47.780831],[38.753324,47.735149],[38.745159,47.693111],[38.734514,47.677143],[38.713016,47.675722],[38.677876,47.685178],[38.662167,47.683292],[38.643357,47.673525],[38.606356,47.645052],[38.587649,47.634303],[38.562225,47.626629],[38.352935,47.607095],[38.319035,47.591308],[38.293404,47.562783],[38.274387,47.527849],[38.260331,47.492942],[38.263638,47.421706],[38.257954,47.393232],[38.233356,47.362407],[38.203383,47.334631],[38.190568,47.316906],[38.188707,47.30099],[38.201006,47.290629],[38.220333,47.288794],[38.257644,47.292747],[38.27573,47.291817],[38.291853,47.287037],[38.300949,47.27603],[38.298158,47.256031],[38.284722,47.241149],[38.263948,47.231537],[38.241314,47.22394],[38.222504,47.215233],[38.203487,47.192314],[38.196976,47.162394],[38.20142,47.130742],[38.216645,47.103258],[38.216482,47.103095],[38.1963,47.089504],[38.142263,47.037665],[38.108084,47.026353],[38.130382,47.058417],[38.130056,47.074652],[38.10434,47.08161],[38.071544,47.099799],[38.06658,47.09809],[38.061046,47.094957],[38.035167,47.084296],[38.026215,47.08161],[37.987641,47.091946],[37.962087,47.095933],[37.95045,47.091254],[37.861095,47.101508],[37.753266,47.075263],[37.710297,47.074164],[37.58074,47.090399],[37.546397,47.08161],[37.482921,47.035956],[37.37794,46.933905],[37.351736,46.898749],[37.335216,46.882473],[37.312999,46.875556],[37.317393,46.900824],[37.295421,46.920233],[37.260753,46.932685],[37.227061,46.936998],[37.208181,46.93358],[37.162283,46.909084],[37.04656,46.877753],[37.028819,46.875556],[37.017751,46.871283],[36.984874,46.852484],[36.973806,46.848293],[36.938813,46.839504],[36.886241,46.804023],[36.853689,46.800482],[36.862478,46.776923],[36.849132,46.754462],[36.8296,46.731879],[36.819591,46.707668],[36.812266,46.680569],[36.793712,46.653632],[36.769298,46.637397],[36.743826,46.642157],[36.743826,46.649604],[36.751231,46.649604],[36.771658,46.643459],[36.790294,46.671291],[36.802257,46.707017],[36.802501,46.724758],[36.794281,46.729193],[36.758067,46.758857],[36.742849,46.764716],[36.710134,46.772773],[36.696056,46.779975],[36.67921,46.773017],[36.661632,46.773749],[36.633962,46.779975],[36.617035,46.776679],[36.605968,46.769436],[36.59783,46.762152],[36.590017,46.758857],[36.524099,46.758857],[36.482677,46.741685],[36.432465,46.734849],[36.400157,46.723944],[36.371104,46.708441],[36.303477,46.659247],[36.284353,46.63642],[36.278331,46.607408],[36.270844,46.607408],[36.271169,46.622219],[36.267589,46.625556],[36.257823,46.621731],[36.247895,46.619045],[36.246755,46.612738],[36.245779,46.610826],[36.240733,46.61994],[36.243337,46.624091],[36.244477,46.63052],[36.244314,46.635321],[36.232921,46.640692],[36.230642,46.642157],[36.221853,46.654039],[36.216645,46.658677],[36.209972,46.662665],[36.189464,46.669013],[36.171723,46.668606],[36.134451,46.662665],[36.062022,46.670111],[35.925548,46.652289],[35.901622,46.652737],[35.827159,46.623358],[35.771169,46.601264],[35.741954,46.584418],[35.661306,46.519273],[35.628673,46.498481],[35.510509,46.457221],[35.491466,46.447984],[35.475759,46.435696],[35.445486,46.405992],[35.430024,46.395575],[35.39503,46.378607],[35.380138,46.368476],[35.284516,46.259223],[35.279552,46.255154],[35.26352,46.242255],[35.209483,46.169867],[35.184744,46.145494],[35.161794,46.128241],[35.121104,46.118476],[35.096528,46.104193],[35.062266,46.098619],[35.038585,46.086086],[35.000011,46.073635],[34.982107,46.077826],[34.985362,46.08747],[35.0171,46.112779],[35.051931,46.128241],[35.049083,46.132066],[35.044444,46.141913],[35.148936,46.16413],[35.20045,46.18301],[35.227875,46.221747],[35.251801,46.24022],[35.262218,46.25731],[35.291352,46.293362],[35.32781,46.319241],[35.342133,46.335761],[35.346039,46.361029],[35.328868,46.348049],[35.311534,46.337633],[35.291759,46.336412],[35.267589,46.35106],[35.258556,46.373358],[35.264496,46.399807],[35.284516,46.437405],[35.27711,46.440741],[35.260916,46.441596],[35.250499,46.443549],[35.243175,46.446967],[35.230317,46.455512],[35.21461,46.462633],[35.201671,46.476304],[35.191417,46.494289],[35.188324,46.512437],[35.166677,46.49315],[35.174001,46.473334],[35.192068,46.455064],[35.201996,46.440497],[35.205089,46.427558],[35.210704,46.420152],[35.213715,46.411811],[35.209483,46.39643],[35.201508,46.385321],[35.167817,46.361029],[35.108409,46.297756],[35.105072,46.295071],[35.075043,46.271064],[35.030772,46.251776],[34.936046,46.235419],[34.926524,46.235053],[34.914073,46.238105],[34.908051,46.244289],[34.907237,46.251654],[34.904796,46.255683],[34.893565,46.251776],[34.886567,46.242743],[34.885427,46.231391],[34.882172,46.221747],[34.838878,46.207668],[34.835134,46.203192],[34.817638,46.186225],[34.812266,46.176663],[34.81129,46.166246],[34.813243,46.158271],[34.819102,46.141913],[34.824229,46.077948],[34.828949,46.063422],[34.838552,46.047553],[34.87436,45.926093],[34.883474,45.912828],[34.895193,45.901028],[34.90504,45.888617],[34.958181,45.789537],[35.001891,45.729003],[34.975667,45.717322],[34.952331,45.721989],[34.917328,45.747658],[34.870656,45.773328],[34.809983,45.784996],[34.788981,45.803664],[34.784314,45.829334],[34.784314,45.869004],[34.784314,45.899341],[34.763312,45.932011],[34.735309,45.953013],[34.688637,45.974015],[34.641966,45.981016],[34.599961,45.978683],[34.569625,45.976349],[34.529954,45.981016],[34.52062,45.969348],[34.504285,45.95068],[34.464614,45.955347],[34.434277,45.971682],[34.410942,45.988017],[34.392273,46.009019],[34.378272,46.030021],[34.361937,46.055691],[34.333934,46.069692],[34.301264,46.069692],[34.273261,46.083693],[34.235923,46.097695],[34.20092,46.100028],[34.161249,46.090694],[34.105243,46.095361],[34.067906,46.104696],[34.025902,46.116364],[33.990898,46.130365],[33.944226,46.153701],[33.892888,46.177037],[33.846216,46.195705],[33.801878,46.202706],[33.755207,46.193372],[33.715726,46.195743],[33.67028,46.218106],[33.661623,46.21017],[33.671456,46.172951],[33.660449,46.148184],[33.628517,46.124935],[33.613455,46.145209],[33.596528,46.155748],[33.571544,46.149359],[33.549815,46.13642],[33.532481,46.121527],[33.531261,46.106879],[33.557872,46.094713],[33.557872,46.087307],[33.531261,46.085924],[33.505626,46.080268],[33.495779,46.067857],[33.516287,46.046332],[33.506358,46.04682],[33.485525,46.053168],[33.423839,46.05329],[33.415294,46.058092],[33.384288,46.087592],[33.357758,46.103827],[33.331065,46.107489],[33.310802,46.087307],[33.305837,46.092353],[33.301443,46.093655],[33.296397,46.093573],[33.290294,46.094713],[33.306895,46.106147],[33.317719,46.119696],[33.315684,46.131008],[33.293468,46.135688],[33.21461,46.128241],[33.221853,46.141506],[33.225352,46.15412],[33.235118,46.223822],[33.211925,46.206285],[33.194998,46.178697],[33.175059,46.153144],[33.14324,46.141913],[33.135509,46.140692],[33.122895,46.135891],[33.112804,46.135688],[33.103282,46.138373],[33.081798,46.149359],[33.023448,46.169867],[33.032481,46.141018],[33.01824,46.127672],[32.913097,46.11518],[32.899262,46.11522],[32.891612,46.116685],[32.88266,46.120673],[32.87615,46.121405],[32.853201,46.120347],[32.844574,46.121405],[32.789806,46.134345],[32.766287,46.135688],[32.751313,46.133043],[32.714041,46.120063],[32.588227,46.104397],[32.57781,46.101549],[32.567556,46.096584],[32.551036,46.084296],[32.543712,46.080471],[32.503429,46.076117],[32.302501,46.116685],[32.280528,46.12759],[32.267751,46.126614],[32.262462,46.128241],[32.260509,46.132148],[32.257335,46.144965],[32.255626,46.149359],[32.25172,46.156887],[32.247406,46.170722],[32.241954,46.176663],[32.260916,46.188625],[32.266775,46.19481],[32.269298,46.204576],[32.239268,46.195258],[32.213145,46.193061],[32.187348,46.196723],[32.142589,46.207994],[32.128673,46.209703],[32.115408,46.214545],[32.077891,46.249498],[32.050141,46.266059],[32.018077,46.257514],[31.968435,46.275702],[31.885753,46.320014],[31.884044,46.308661],[31.88795,46.295152],[31.889903,46.28384],[31.882335,46.27912],[31.819184,46.280585],[31.801117,46.285061],[31.785899,46.292385],[31.772472,46.30268],[31.767345,46.318183],[31.779959,46.331773],[31.799815,46.342231],[31.816742,46.347968],[31.837413,46.349555],[31.892589,46.341132],[31.968272,46.35106],[31.977306,46.355292],[32.029633,46.388983],[32.041677,46.390855],[32.055186,46.39057],[32.06186,46.393785],[32.053559,46.405992],[32.007823,46.448961],[31.99171,46.453559],[31.9546,46.450995],[31.910655,46.455878],[31.771658,46.495836],[31.748546,46.499945],[31.72641,46.500881],[31.710704,46.495429],[31.695974,46.484117],[31.690278,46.478583],[31.686534,46.470893],[31.685069,46.461371],[31.686534,46.429877],[31.663585,46.472113],[31.655772,46.478339],[31.641449,46.482082],[31.524425,46.564195],[31.508311,46.587592],[31.540294,46.570054],[31.566661,46.55036],[31.581554,46.545233],[31.756358,46.554267],[31.790212,46.547268],[31.847911,46.523017],[31.851736,46.521959],[31.861827,46.519273],[31.947113,46.519273],[32.033458,46.506293],[32.091156,46.512844],[32.111664,46.512437],[32.221528,46.495429],[32.276134,46.470893],[32.317556,46.464342],[32.361013,46.466864],[32.399669,46.478339],[32.427013,46.498847],[32.408376,46.517279],[32.43572,46.543158],[32.505707,46.584133],[32.52475,46.592719],[32.570974,46.596422],[32.58839,46.604315],[32.60377,46.615709],[32.619395,46.623521],[32.6338,46.633124],[32.645518,46.649604],[32.621837,46.641791],[32.594574,46.628323],[32.567393,46.618476],[32.543712,46.621731],[32.409028,46.568915],[32.335785,46.562161],[32.269298,46.587592],[32.253754,46.604722],[32.24822,46.607408],[32.236827,46.604438],[32.220063,46.590725],[32.210948,46.587592],[32.199718,46.586493],[32.180186,46.581773],[32.169932,46.580756],[32.146332,46.560248],[32.132091,46.570299],[32.117931,46.606879],[32.101085,46.614895],[32.039561,46.623481],[32.022797,46.629136],[32.008962,46.639797],[31.992931,46.657416],[31.979828,46.677069],[31.974457,46.693996],[31.970714,46.712877],[31.961436,46.727607],[31.950206,46.741767],[31.940278,46.758857],[31.936209,46.80036],[31.954763,46.831448],[31.9817,46.860338],[32.002452,46.895453],[32.007498,46.915229],[32.006684,46.930487],[31.995942,46.940375],[31.946056,46.946682],[31.935883,46.95482],[31.93922,46.967963],[31.968923,46.998684],[31.976899,47.009345],[31.970958,47.016343],[31.943696,47.018948],[31.900157,47.013617],[31.881114,47.015041],[31.865245,47.026353],[31.89324,47.068427],[31.896821,47.092719],[31.882335,47.118598],[31.868175,47.127346],[31.855724,47.129625],[31.845551,47.134019],[31.837901,47.149237],[31.834727,47.168199],[31.834483,47.178941],[31.830577,47.186754],[31.816742,47.197089],[31.75766,47.216213],[31.748546,47.228461],[31.753266,47.248521],[31.752126,47.255845],[31.74171,47.259101],[31.737804,47.255357],[31.723806,47.237494],[31.720551,47.231879],[31.726817,47.220526],[31.742442,47.209174],[31.761729,47.200507],[31.806163,47.192694],[31.816254,47.180854],[31.815603,47.122626],[31.819998,47.117092],[31.844737,47.112982],[31.851573,47.108344],[31.856619,47.103664],[31.861827,47.101508],[31.874278,47.093817],[31.866466,47.077053],[31.852306,47.060533],[31.844737,47.053697],[31.837413,47.00845],[31.868988,46.998847],[31.914073,47.003079],[31.947113,46.999091],[31.917735,46.976264],[31.904307,46.960517],[31.899425,46.943834],[31.907725,46.926459],[31.925629,46.922919],[31.947602,46.928168],[31.968272,46.936998],[31.97283,46.915351],[31.96339,46.885688],[31.945079,46.859524],[31.923188,46.848293],[31.898611,46.842922],[31.877452,46.828274],[31.864757,46.806586],[31.865245,46.779975],[31.902843,46.745185],[31.906749,46.738227],[31.899425,46.693996],[31.902354,46.676988],[31.907481,46.669176],[31.908539,46.662746],[31.899425,46.649604],[31.8921,46.643622],[31.870128,46.633124],[31.858409,46.629136],[31.814708,46.623033],[31.771495,46.627509],[31.674083,46.653225],[31.614431,46.649604],[31.597179,46.643215],[31.588715,46.629584],[31.578868,46.617336],[31.556814,46.614895],[31.548513,46.618069],[31.534516,46.627183],[31.525401,46.629136],[31.504161,46.627997],[31.493012,46.62873],[31.485037,46.63227],[31.480968,46.64643],[31.490896,46.663398],[31.546153,46.727607],[31.560232,46.749091],[31.559825,46.758857],[31.572113,46.766303],[31.618175,46.813463],[31.60613,46.826402],[31.59783,46.820461],[31.591319,46.805976],[31.583995,46.793647],[31.576671,46.789374],[31.557384,46.783637],[31.549327,46.779975],[31.543468,46.774848],[31.524181,46.754055],[31.52296,46.750312],[31.519542,46.747463],[31.508311,46.745185],[31.495616,46.750718],[31.481619,46.758857],[31.466807,46.783596],[31.456065,46.796047],[31.440684,46.800482],[31.451915,46.775458],[31.453787,46.76911],[31.455821,46.754584],[31.461925,46.748684],[31.470714,46.745347],[31.502126,46.727729],[31.50587,46.720404],[31.498302,46.707668],[31.479666,46.687201],[31.478201,46.683783],[31.462657,46.675238],[31.428559,46.637641],[31.416189,46.629136],[31.396658,46.626044],[31.352224,46.60932],[31.337657,46.601264],[31.323904,46.606147],[31.295746,46.608873],[31.28297,46.614895],[31.275564,46.607408],[31.256684,46.6164],[31.18686,46.629136],[31.159516,46.628974],[31.108165,46.617743],[31.054535,46.612738],[31.013031,46.603339],[30.991384,46.601264],[30.982432,46.597398],[30.959239,46.583401],[30.95045,46.584133],[30.939138,46.587714],[30.926036,46.584296],[30.866954,46.555813],[30.854503,46.553412],[30.812511,46.560045],[30.802582,46.560248],[30.790701,46.552924],[30.760916,46.524359],[30.754893,46.515855],[30.758311,46.50259],[30.775238,46.477688],[30.782074,46.457221],[30.785899,46.457261],[30.793468,46.452338],[30.798188,46.446438],[30.792979,46.443549],[30.790375,46.441474],[30.786794,46.43651],[30.783539,46.430854],[30.77475,46.400621],[30.772472,46.39643],[30.731293,46.358588],[30.714529,46.347968],[30.660655,46.350898],[30.651866,46.34455],[30.656505,46.339016],[30.679373,46.328315],[30.686534,46.320014],[30.686778,46.309027],[30.682384,46.299547],[30.653494,46.259589],[30.583507,46.190334],[30.56186,46.161689],[30.547699,46.147773],[30.531993,46.141913],[30.523285,46.133775],[30.503429,46.094387],[30.494151,46.080471],[30.371267,45.997952],[30.261404,45.895494],[30.204926,45.855862],[30.138438,45.81977],[30.140961,45.832953],[30.135265,45.889146],[30.127452,45.891343],[30.118337,45.884508],[30.110606,45.875067],[30.105805,45.863471],[30.102306,45.836859],[30.100597,45.830308],[30.096853,45.823717],[30.096446,45.818427],[30.094574,45.814846],[30.086681,45.813544],[30.084321,45.815619],[30.07838,45.819403],[30.072439,45.82099],[30.069591,45.816718],[30.061209,45.813463],[30.014659,45.839667],[29.990733,45.847073],[29.968516,45.838935],[29.96046,45.819159],[29.958263,45.794623],[29.952891,45.771959],[29.943044,45.783515],[29.932384,45.792426],[29.932384,45.799872],[29.939138,45.810452],[29.935069,45.816148],[29.92628,45.813788],[29.918712,45.799872],[29.917735,45.782904],[29.922374,45.769436],[29.930186,45.759101],[29.939301,45.751532],[29.932384,45.724189],[29.927419,45.73371],[29.919688,45.740546],[29.898204,45.751532],[29.895763,45.755357],[29.896821,45.759914],[29.896169,45.763617],[29.887706,45.765123],[29.881684,45.763007],[29.878754,45.758287],[29.876801,45.753607],[29.874034,45.751532],[29.850841,45.751125],[29.823741,45.747626],[29.802419,45.737494],[29.795746,45.717353],[29.803233,45.704169],[29.816417,45.697699],[29.843028,45.69066],[29.858246,45.679877],[29.865001,45.672349],[29.860118,45.668931],[29.84254,45.663886],[29.826671,45.654242],[29.809581,45.648586],[29.789073,45.65526],[29.786143,45.648912],[29.783865,45.646633],[29.784353,45.643622],[29.789073,45.635443],[29.774099,45.629584],[29.745942,45.622626],[29.733735,45.614325],[29.735037,45.64057],[29.723969,45.667426],[29.705251,45.688422],[29.682628,45.696845],[29.685313,45.70425],[29.67921,45.751532],[29.685802,45.767727],[29.692231,45.775336],[29.693858,45.781317],[29.685883,45.792426],[29.680431,45.798285],[29.677582,45.800198],[29.674001,45.801581],[29.653331,45.81387],[29.647472,45.818549],[29.642833,45.827216],[29.638194,45.826321],[29.633556,45.821357],[29.631358,45.813544],[29.634613,45.806627],[29.648692,45.793606],[29.651866,45.789008],[29.64796,45.781195],[29.629568,45.763495],[29.623871,45.751532],[29.622732,45.736233],[29.625336,45.728258],[29.630707,45.721503],[29.637543,45.709906],[29.603201,45.691311],[29.597179,45.652289],[29.599376,45.604438],[29.589692,45.559068],[29.615001,45.550116],[29.62908,45.546698],[29.648448,45.545396],[29.66684,45.548163],[29.681163,45.555121],[29.707042,45.57331],[29.694509,45.562201],[29.661632,45.525865],[29.648448,45.518134],[29.638031,45.513861],[29.631684,45.504462],[29.62672,45.495063],[29.62086,45.49079],[29.605154,45.487006],[29.605724,45.478176],[29.621104,45.454413],[29.629649,45.446926],[29.640798,45.441799],[29.651866,45.44302],[29.65561,45.45185],[29.653819,45.464016],[29.656016,45.474189],[29.672374,45.477118],[29.672374,45.453843],[29.675304,45.449612],[29.681488,45.450181],[29.686534,45.453559],[29.685883,45.457261],[29.694347,45.455512],[29.702159,45.45661],[29.708669,45.452786],[29.713227,45.436225],[29.719737,45.451361],[29.724457,45.468166],[29.73227,45.475735],[29.747406,45.463446],[29.754649,45.447252],[29.75587,45.427883],[29.747813,45.414293],[29.727712,45.415676],[29.741873,45.404527],[29.750173,45.38581],[29.753917,45.364081],[29.756196,45.321234],[29.754893,45.31269],[29.751475,45.304145],[29.742931,45.290473],[29.741222,45.282213],[29.729747,45.258124],[29.727712,45.247748],[29.728689,45.239325],[29.729747,45.237738],[29.728038,45.236884],[29.708751,45.223334],[29.692393,45.216742],[29.67449,45.213568],[29.659028,45.215888],[29.664215,45.223184],[29.666488,45.230625],[29.66499,45.23786],[29.659254,45.244165],[29.672276,45.272948],[29.667109,45.311861],[29.650262,45.346122],[29.628145,45.360798],[29.616362,45.365346],[29.569699,45.394956],[29.430637,45.430406],[29.353743,45.435936],[29.343924,45.438106],[29.332969,45.442137],[29.322117,45.443842],[29.312815,45.439346],[29.307027,45.434127],[29.299276,45.428908],[29.290491,45.424619],[29.281809,45.422293],[29.260828,45.422035],[29.244602,45.424205],[29.228169,45.42374],[29.206672,45.41542],[29.191582,45.40617],[29.183107,45.398987],[29.179386,45.391856],[29.174322,45.388962],[29.150138,45.387877],[29.141869,45.385086],[29.127503,45.374544],[29.110295,45.369066],[29.069522,45.360798],[29.018156,45.330878],[29.004617,45.326072],[28.982448,45.325503],[28.973663,45.323695],[28.96648,45.319871],[28.960433,45.311292],[28.957384,45.292017],[28.952837,45.285092],[28.929893,45.279098],[28.910049,45.287366],[28.893616,45.29982],[28.880852,45.306176],[28.858114,45.30907],[28.831811,45.322299],[28.816308,45.326072],[28.789746,45.321421],[28.788609,45.307106],[28.79016,45.292069],[28.761531,45.281837],[28.75967,45.274189],[28.762564,45.265145],[28.767267,45.257755],[28.774295,45.253363],[28.802665,45.244165],[28.7914,45.234966],[28.778687,45.23109],[28.747371,45.23047],[28.710061,45.226956],[28.577046,45.248092],[28.494157,45.278891],[28.40517,45.295066],[28.370237,45.309225],[28.353287,45.312429],[28.330239,45.322919],[28.310809,45.347827],[28.281198,45.401829],[28.286418,45.421725],[28.266884,45.440483],[28.237635,45.452059],[28.215146,45.450365],[28.212934,45.450198],[28.199498,45.461774],[28.201565,45.468854],[28.20849,45.481411],[28.217171,45.493193],[28.217275,45.493348],[28.270423,45.521471],[28.270501,45.521512],[28.341918,45.517636],[28.416849,45.503787],[28.480928,45.501978],[28.502012,45.508748],[28.506456,45.520582],[28.500048,45.554585],[28.497981,45.556445],[28.498239,45.558719],[28.503743,45.566102],[28.504596,45.567246],[28.510435,45.571018],[28.536893,45.579803],[28.523096,45.593239],[28.518755,45.607036],[28.516895,45.620989],[28.511314,45.635045],[28.498498,45.644295],[28.482891,45.650755],[28.474003,45.657938],[28.480928,45.669462],[28.504182,45.693698],[28.515241,45.702018],[28.532501,45.710079],[28.56144,45.71659],[28.567641,45.7246],[28.563525,45.735494],[28.560613,45.743204],[28.576684,45.761911],[28.643605,45.76651],[28.669753,45.77731],[28.673267,45.78687],[28.671924,45.797257],[28.669392,45.806301],[28.669753,45.812037],[28.677298,45.816584],[28.706392,45.821132],[28.725564,45.82878],[28.738276,45.837565],[28.745046,45.850484],[28.746441,45.870586],[28.742307,45.887329],[28.728406,45.921953],[28.729181,45.938644],[28.74024,45.953217],[28.757603,45.961175],[28.93196,45.993163],[28.956868,46.001379],[28.958935,46.021016],[28.941158,46.064683],[28.938781,46.089281],[28.946429,46.105094],[28.980846,46.132121],[29.00348,46.158941],[29.015365,46.182609],[29.009836,46.204364],[28.984112,46.221221],[28.95077,46.24307],[28.950615,46.243122],[28.93351,46.258986],[28.93289,46.272629],[28.939918,46.286995],[28.945809,46.304978],[28.944879,46.32074],[28.927309,46.368024],[28.919247,46.404662],[28.925448,46.432774],[28.945809,46.454788],[29.020326,46.489515],[29.055915,46.49874],[29.074948,46.503674],[29.162747,46.538091],[29.183059,46.538042],[29.184244,46.538039],[29.200212,46.523983],[29.206775,46.502511],[29.207602,46.417891],[29.205638,46.406109],[29.199282,46.396497],[29.190342,46.387196],[29.183417,46.37761],[29.183727,46.367171],[29.200677,46.35712],[29.222898,46.366473],[29.259175,46.394353],[29.27137,46.397427],[29.278192,46.395877],[29.283256,46.397427],[29.290077,46.410243],[29.290697,46.419261],[29.285943,46.439492],[29.289147,46.451636],[29.306717,46.471997],[29.320773,46.468741],[29.344234,46.434169],[29.362114,46.415928],[29.374723,46.416186],[29.418235,46.462488],[29.436838,46.476699],[29.456724,46.484366],[29.457612,46.484709],[29.480867,46.482048],[29.486448,46.475872],[29.488205,46.469361],[29.486241,46.462488],[29.480867,46.455512],[29.475286,46.447554],[29.473322,46.439802],[29.475079,46.432257],[29.480867,46.425152],[29.49606,46.420811],[29.527479,46.416651],[29.541432,46.413034],[29.555643,46.404197],[29.56944,46.382286],[29.582979,46.369651],[29.598586,46.363063],[29.615639,46.361822],[29.632072,46.36606],[29.645508,46.375594],[29.652949,46.391898],[29.647988,46.416393],[29.654396,46.422697],[29.682715,46.42293],[29.702869,46.42833],[29.713824,46.443058],[29.714134,46.47117],[29.72695,46.455796],[29.779557,46.421095],[29.80033,46.398358],[29.805085,46.389986],[29.806738,46.380891],[29.80617,46.361564],[29.808185,46.354691],[29.828132,46.339395],[29.847769,46.341462],[29.884666,46.3642],[29.902546,46.371176],[29.918669,46.373656],[30.037267,46.368928],[30.08114,46.374199],[30.107185,46.391898],[30.131576,46.422826],[30.118244,46.428692],[30.102017,46.430733],[30.086928,46.428873],[30.077006,46.422826],[30.060005,46.436805],[30.014064,46.462023],[30.021712,46.470653],[30.009413,46.488068],[30.00285,46.494217],[29.994944,46.498532],[29.989259,46.498687],[29.977064,46.493184],[29.970553,46.491737],[29.967039,46.493856],[29.962078,46.503442],[29.960217,46.505948],[29.916086,46.518815],[29.901926,46.53083],[29.898826,46.553129],[29.916086,46.554369],[29.9381,46.55734],[29.949675,46.578863],[29.947402,46.588346],[29.934948,46.608836],[29.931279,46.619171],[29.931899,46.632374],[29.935413,46.641857],[29.94027,46.650797],[29.944404,46.662476],[29.952621,46.724694],[29.951122,46.743117],[29.946678,46.750739],[29.935671,46.765157],[29.931795,46.772443],[29.930452,46.781642],[29.930658,46.803087],[29.928178,46.809754],[29.917429,46.813965],[29.907714,46.810942],[29.898516,46.806653],[29.889627,46.80717],[29.884873,46.812673],[29.876915,46.830786],[29.872212,46.837711],[29.843635,46.854144],[29.815213,46.856624],[29.785758,46.854661],[29.754132,46.85802],[29.735838,46.867192],[29.712481,46.893444],[29.696151,46.904683],[29.680855,46.908559],[29.648092,46.910419],[29.631865,46.914398],[29.623287,46.91954],[29.607577,46.93202],[29.598482,46.935379],[29.573161,46.933725],[29.567476,46.934656],[29.558691,46.94574],[29.559828,46.95884],[29.560626,46.961256],[29.564996,46.974498],[29.572489,47.011757],[29.583393,47.02279],[29.595433,47.032143],[29.60303,47.04576],[29.6021,47.061005],[29.594865,47.074595],[29.583393,47.085215],[29.570164,47.091442],[29.551353,47.090202],[29.539726,47.078885],[29.530993,47.066017],[29.520141,47.059919],[29.511459,47.066017],[29.480867,47.10524],[29.478696,47.108469],[29.47787,47.111544],[29.478593,47.114645],[29.480867,47.117487],[29.508669,47.119399],[29.530373,47.123688],[29.544842,47.135574],[29.55063,47.160172],[29.540398,47.212546],[29.544015,47.23425],[29.568717,47.243138],[29.580189,47.26045],[29.579259,47.283601],[29.57006,47.306778],[29.556573,47.324038],[29.539881,47.334218],[29.520968,47.33892],[29.501072,47.339825],[29.480867,47.338274],[29.470635,47.322746],[29.466087,47.307449],[29.459163,47.293497],[29.441696,47.282128],[29.425573,47.278666],[29.409553,47.279751],[29.394464,47.284712],[29.380821,47.29298],[29.370882,47.304434],[29.367592,47.308225],[29.364491,47.322436],[29.364078,47.336879],[29.35891,47.352718],[29.345836,47.365844],[29.330385,47.370495],[29.314675,47.372717],[29.300826,47.378194],[29.292713,47.388866],[29.288217,47.400777],[29.281396,47.411474],[29.2507,47.425375],[29.232613,47.44633],[29.21835,47.451601],[29.201866,47.446588],[29.192409,47.435814],[29.182074,47.429871],[29.163884,47.439379],[29.155615,47.449999],[29.140009,47.480152],[29.137189,47.484008],[29.130656,47.492942],[29.130604,47.493045],[29.130501,47.493097],[29.130397,47.4932],[29.117426,47.533327],[29.130501,47.55963],[29.156184,47.582781],[29.182074,47.613219],[29.192409,47.650917],[29.191479,47.686264],[29.196956,47.717502],[29.22667,47.743237],[29.238608,47.756001],[29.234732,47.766801],[29.221968,47.774811],[29.187448,47.783209],[29.177836,47.78972],[29.177733,47.800701],[29.186724,47.818219],[29.19892,47.829485],[29.21742,47.842895],[29.232768,47.85708],[29.236024,47.870723],[29.225999,47.87558],[29.186621,47.883642],[29.172565,47.891006],[29.164607,47.905604],[29.155822,47.939866],[29.147967,47.955369],[29.136288,47.968184],[29.123989,47.975987],[29.110037,47.979656],[29.092725,47.980173],[29.061047,47.96976],[29.017226,47.931081],[28.980846,47.926378],[28.950356,47.934801],[28.936087,47.942164],[28.914803,47.953146],[28.882557,47.976763],[28.862085,48.000502],[28.855685,48.007923],[28.839252,48.018285],[28.832534,48.024822],[28.830777,48.030868],[28.827573,48.057016],[28.811554,48.082906],[28.809176,48.089779],[28.80835,48.096574],[28.805921,48.103809],[28.799255,48.111793],[28.771246,48.124454],[28.735072,48.128691],[28.665619,48.129337],[28.573635,48.154969],[28.541596,48.155951],[28.519323,48.149129],[28.501082,48.112827],[28.49979,48.108914],[28.494157,48.091846],[28.493744,48.074819],[28.490023,48.065491],[28.479584,48.064923],[28.459379,48.074457],[28.447441,48.082751],[28.419019,48.122232],[28.435659,48.134686],[28.436899,48.149853],[28.427288,48.163366],[28.411578,48.170704],[28.388634,48.168586],[28.37556,48.156648],[28.364966,48.141507],[28.349566,48.129725],[28.328586,48.127012],[28.317424,48.135358],[28.315563,48.149284],[28.322178,48.163211],[28.337887,48.175484],[28.352253,48.181866],[28.363364,48.191013],[28.37003,48.211632],[28.36817,48.230623],[28.357731,48.238607],[28.340575,48.240106],[28.294479,48.236488],[28.277529,48.229124],[28.261716,48.219952],[28.240322,48.211632],[28.216965,48.208144],[28.199911,48.211735],[28.189369,48.223052],[28.185752,48.242379],[28.178517,48.258864],[28.162084,48.257185],[28.131078,48.239589],[28.115575,48.236747],[28.093251,48.237444],[28.078678,48.244912],[28.098315,48.284108],[28.092838,48.302066],[28.076405,48.314933],[28.055941,48.321496],[28.003177,48.325883],[27.967057,48.328886],[27.92644,48.339428],[27.904529,48.362475],[27.896674,48.367178],[27.885371,48.378444],[27.864841,48.398907],[27.849855,48.40963],[27.78526,48.441566],[27.751773,48.451979],[27.627026,48.451256],[27.606873,48.457819],[27.604806,48.484122],[27.582998,48.486034],[27.557057,48.474355],[27.545171,48.472365],[27.50383,48.472365],[27.480885,48.451411],[27.420217,48.417149],[27.403474,48.411491],[27.389832,48.415005],[27.36141,48.432807],[27.342186,48.436114],[27.306012,48.42366],[27.25193,48.37831],[27.246481,48.373741],[27.208551,48.360615],[27.175788,48.361804],[27.068818,48.388882],[27.048044,48.397667],[27.037398,48.399683],[27.02634,48.397099],[27.025409,48.389864],[27.0282,48.381389],[27.027786,48.374774],[27.02851,48.370795],[27.031817,48.36524],[27.033057,48.360202],[27.027683,48.357747],[27.015591,48.359401],[27.004635,48.358755],[26.997814,48.361545],[26.990579,48.362372],[26.981071,48.35568],[26.943244,48.351262],[26.908724,48.36524],[26.875961,48.383999],[26.842785,48.39374],[26.831933,48.391363],[26.828419,48.385136],[26.825628,48.377772],[26.816947,48.371726],[26.810074,48.371881],[26.793589,48.376273],[26.78806,48.375963],[26.777518,48.36617],[26.778189,48.357204],[26.78408,48.345164],[26.789351,48.32594],[26.790075,48.307053],[26.785734,48.294108],[26.774365,48.287183],[26.754573,48.286149],[26.735918,48.291834],[26.723619,48.302582],[26.712974,48.314907],[26.699434,48.325113],[26.679797,48.330178],[26.67401,48.321703],[26.6691,48.30881],[26.636079,48.294883],[26.625124,48.282894],[26.618613,48.267184],[26.617889,48.258968],[26.5874,48.249356],[26.461309,48.230391],[26.44467,48.227729],[26.397437,48.226205],[26.380488,48.223207],[26.347311,48.212097],[26.330258,48.208506],[26.311758,48.20972],[26.30349,48.212045],[26.296152,48.178998],[26.297495,48.156338],[26.286953,48.124712],[26.270727,48.093603],[26.255327,48.072338],[26.243235,48.062907],[26.217087,48.048024],[26.204788,48.037379],[26.18267,48.003273],[26.173058,47.993144],[26.125723,47.978416],[26.10253,47.978267],[26.029294,47.977796],[25.965732,47.964903],[25.918087,47.968158],[25.90124,47.965962],[25.870958,47.957022],[25.818351,47.952578],[25.752516,47.934595],[25.261744,47.898576],[25.218956,47.878474],[25.121908,47.770315],[25.080257,47.743133],[25.08005,47.743082],[25.079947,47.742927],[25.017418,47.724582],[24.94238,47.715563],[24.928858,47.713938],[24.896599,47.710061],[24.877789,47.718742],[24.854431,47.743133],[24.820738,47.784087],[24.808232,47.79574],[24.793659,47.804473],[24.712837,47.825919],[24.679144,47.84013],[24.661471,47.853876],[24.656923,47.866201],[24.655993,47.879301],[24.649275,47.895217],[24.633669,47.908291],[24.608451,47.921934],[24.569808,47.937289],[24.561632,47.940537],[24.542098,47.943819],[24.485564,47.943199],[24.428514,47.952526],[24.409187,47.952061],[24.386242,47.94369],[24.347175,47.920875],[24.297876,47.919789],[24.231006,47.897026],[24.209302,47.897594],[24.150184,47.912916],[24.148737,47.912115],[24.131167,47.914544],[24.094787,47.937928],[24.074943,47.944181],[24.025231,47.95325],[24.008798,47.961208],[23.977275,47.962293],[23.876609,47.93444],[23.855215,47.934233],[23.848394,47.949658],[23.796511,47.981982],[23.780078,47.987511],[23.710521,47.985083],[23.687267,47.987253],[23.646132,47.996606],[23.581744,48.001567],[23.563243,48.005753],[23.525623,48.00118],[23.514461,47.998983],[23.503712,47.992886],[23.499371,47.986219],[23.494307,47.980535],[23.488519,47.975858],[23.485476,47.974234],[23.481595,47.972163],[23.460821,47.971337],[23.396019,47.993067],[23.394468,47.993454],[23.393021,47.993583],[23.391574,47.993454],[23.390127,47.993067],[23.382169,47.991129],[23.374728,47.99056],[23.367286,47.991206],[23.360052,47.993144],[23.337521,48.010869],[23.289772,48.038206],[23.248637,48.071227],[23.231377,48.079728],[23.161718,48.095903],[23.139083,48.098125],[23.118619,48.091536],[23.098982,48.071227],[23.076555,48.024512],[23.063119,48.007458],[23.020331,47.984721],[23.004415,47.983067],[22.988188,47.986374],[22.972478,47.992886],[22.957079,48.00012],[22.939302,48.00565],[22.924109,48.004823],[22.915738,47.992989],[22.924213,47.972732],[22.915841,47.959193],[22.897858,47.950976],[22.877601,47.946739],[22.840807,47.966789],[22.832435,47.978933],[22.849489,47.993144],[22.851349,48.008802],[22.857964,48.018026],[22.861581,48.028387],[22.85476,48.047301],[22.844321,48.061047],[22.830988,48.072442],[22.801429,48.090968],[22.765566,48.104533],[22.762052,48.109261],[22.745722,48.116289],[22.728566,48.113137],[22.711616,48.105824],[22.693219,48.101768],[22.621182,48.101768],[22.608056,48.096833],[22.605472,48.097039],[22.600098,48.101122],[22.583045,48.124816],[22.568886,48.156519],[22.55576,48.177164],[22.481449,48.242586],[22.477418,48.24393],[22.473284,48.244498],[22.469047,48.244136],[22.44972,48.237677],[22.434217,48.236747],[22.418404,48.238969],[22.398767,48.244343],[22.394529,48.244757],[22.390498,48.244343],[22.386468,48.243051],[22.378613,48.238865],[22.370861,48.237393],[22.363627,48.23871],[22.357116,48.243103],[22.308126,48.293694],[22.297378,48.314003],[22.296447,48.327801],[22.298721,48.339324],[22.298721,48.349143],[22.29128,48.357566],[22.284355,48.358393],[22.25676,48.357282],[22.256967,48.373224],[22.271849,48.403455],[22.236089,48.415289],[22.201983,48.418157],[22.16922,48.409527],[22.159298,48.402318],[22.158263,48.402222],[22.156508,48.40206],[22.13284,48.404798],[22.13377,48.476835],[22.144829,48.493114],[22.148343,48.508823],[22.136664,48.549337],[22.138731,48.569595],[22.153717,48.585873],[22.219036,48.620935],[22.225237,48.628222],[22.235676,48.644164],[22.243221,48.651192],[22.25552,48.656773],[22.282185,48.662405],[22.294277,48.667625],[22.310297,48.681681],[22.322492,48.700336],[22.3289,48.721575],[22.32766,48.743021],[22.330761,48.756405],[22.338409,48.762968],[22.347814,48.767877],[22.356495,48.776145],[22.36342,48.787617],[22.365694,48.794387],[22.363523,48.828287],[22.36156,48.836452],[22.362283,48.844255],[22.368898,48.856451],[22.370799,48.858248],[22.378406,48.865442],[22.402384,48.878826],[22.411789,48.887766],[22.413753,48.893864],[22.41365,48.906783],[22.41489,48.911693],[22.427292,48.929469],[22.448996,48.971431],[22.466566,48.980526],[22.505013,48.984246],[22.520516,48.992928],[22.520103,49.009826],[22.524754,49.032874],[22.531989,49.055715],[22.539637,49.0722],[22.560721,49.085532],[22.580771,49.08145],[22.618288,49.054216],[22.642886,49.043157],[22.664384,49.041452],[22.685778,49.042796],[22.721951,49.041039],[22.744482,49.045535],[22.755334,49.044708],[22.765463,49.038403],[22.783963,49.02135],[22.795022,49.019025],[22.812902,49.012875],[22.835019,48.999749],[22.855276,48.994013],[22.866955,49.009981],[22.865014,49.013237],[22.863751,49.015356],[22.847525,49.033701],[22.843184,49.043106],[22.844424,49.056697],[22.853519,49.076282],[22.853416,49.084757],[22.841324,49.094886],[22.796469,49.11137],[22.778072,49.12031],[22.748823,49.14558],[22.71637,49.160566],[22.720194,49.161186],[22.721434,49.1616],[22.705725,49.168835],[22.692496,49.157931],[22.687845,49.155915],[22.681747,49.161238],[22.687121,49.173382],[22.702934,49.195034],[22.717094,49.230433],[22.73394,49.26087],[22.737764,49.275391],[22.724225,49.367065],[22.719781,49.382982],[22.7142,49.39063],[22.692599,49.405513],[22.679576,49.418948],[22.676786,49.424478],[22.673065,49.435847],[22.666864,49.478376],[22.660146,49.493001],[22.640922,49.528761],[22.665831,49.567363],[22.741692,49.633664],[22.758951,49.6656],[22.766186,49.67423],[22.777348,49.680483],[22.798846,49.683273],[22.809801,49.686322],[22.826648,49.697381],[22.888246,49.769728],[22.897961,49.777428],[22.906746,49.7812],[22.924419,49.785438],[22.933101,49.79107],[22.937752,49.798202],[22.945917,49.818356],[22.951188,49.826624],[22.993046,49.854426],[23.101463,49.957107],[23.141254,49.985477],[23.177841,50.003977],[23.207916,50.03395],[23.436429,50.193475],[23.481595,50.215954],[23.536062,50.242774],[23.536165,50.242774],[23.536268,50.242826],[23.536372,50.242826],[23.565311,50.257812],[23.644169,50.312692],[23.658018,50.325611],[23.658677,50.327005],[23.671247,50.353568],[23.682203,50.368245],[23.695742,50.376771],[23.713002,50.382404],[23.747522,50.38938],[23.928699,50.390827],[23.981306,50.40478],[24.003217,50.437698],[24.007764,50.448498],[24.009418,50.461469],[24.007867,50.480744],[24.010658,50.492785],[24.075047,50.514282],[24.09396,50.52715],[24.106466,50.538622],[24.107706,50.540844],[24.102539,50.543634],[24.095407,50.556864],[24.085279,50.604406],[24.10843,50.629882],[24.108165,50.630287],[24.082798,50.669156],[24.074943,50.690189],[24.081041,50.712978],[24.05417,50.717164],[24.026884,50.728016],[24.012828,50.743312],[24.025851,50.76083],[24.025851,50.767032],[23.997946,50.769202],[23.974278,50.776178],[23.959498,50.788891],[23.957638,50.808011],[23.969937,50.825168],[23.992881,50.836226],[24.020477,50.838552],[24.046935,50.829095],[24.067295,50.834831],[24.100472,50.834986],[24.130857,50.839069],[24.143156,50.856432],[24.130237,50.868937],[24.046935,50.898031],[23.979342,50.937512],[23.964356,50.953222],[23.958878,50.966348],[23.957845,50.975339],[23.955054,50.983556],[23.943995,50.994201],[23.9318,50.999472],[23.919087,51.002728],[23.911749,51.00681],[23.915987,51.014665],[23.915987,51.020866],[23.904205,51.062724],[23.895523,51.076108],[23.869271,51.10174],[23.854492,51.121532],[23.858213,51.13073],[23.874749,51.13613],[23.863587,51.148274],[23.816045,51.178789],[23.765195,51.199021],[23.742664,51.216255],[23.687267,51.2924],[23.670214,51.299376],[23.650887,51.299609],[23.635177,51.304699],[23.628666,51.325964],[23.63404,51.339296],[23.647786,51.353998],[23.665563,51.365806],[23.683856,51.370276],[23.677655,51.38379],[23.678895,51.394073],[23.686027,51.40105],[23.697602,51.404435],[23.689437,51.416423],[23.648716,51.453966],[23.647166,51.460193],[23.662772,51.480192],[23.648613,51.486212],[23.630526,51.490424],[23.614817,51.49722],[23.608099,51.511224],[23.606238,51.517399],[23.615437,51.51311],[23.624118,51.515901],[23.628666,51.531223],[23.626289,51.540886],[23.599107,51.588971],[23.593319,51.596955],[23.594353,51.604965],[23.606445,51.618117],[23.616677,51.624783],[23.628976,51.629046],[23.726231,51.644859],[23.749692,51.644472],[23.820282,51.631268],[23.845293,51.629821],[23.884878,51.619874],[23.912886,51.598583],[23.941308,51.581917],[23.981306,51.586],[24.130754,51.669793],[24.244132,51.718214],[24.272347,51.742889],[24.296119,51.808131],[24.311518,51.827561],[24.347898,51.861151],[24.369602,51.875103],[24.39079,51.880013],[24.639767,51.892131],[24.701055,51.882907],[24.721829,51.882338],[25.002742,51.910476],[25.092659,51.939751],[25.138031,51.948949],[25.1833,51.94975],[25.351971,51.921483],[25.547396,51.919442],[25.683476,51.918021],[25.767915,51.928511],[25.981132,51.903474],[26.050585,51.904817],[26.080764,51.900657],[26.14536,51.864846],[26.175332,51.856707],[26.407773,51.850609],[26.419762,51.846862],[26.419968,51.839731],[26.416971,51.830636],[26.419245,51.820921],[26.431544,51.810224],[26.4456,51.805599],[26.665741,51.801387],[26.854774,51.749349],[26.920816,51.742528],[27.021585,51.764542],[27.109952,51.762423],[27.151086,51.756764],[27.177855,51.747075],[27.184159,51.731443],[27.181472,51.710126],[27.181059,51.68341],[27.189017,51.663773],[27.20359,51.655143],[27.22364,51.653696],[27.247928,51.655659],[27.277487,51.651138],[27.27449,51.6338],[27.25971,51.612303],[27.254026,51.595379],[27.267462,51.587498],[27.289269,51.588971],[27.32906,51.596955],[27.388385,51.590728],[27.409004,51.59171],[27.430966,51.598428],[27.458768,51.617496],[27.477268,51.623672],[27.512305,51.623129],[27.512426,51.623099],[27.620619,51.595896],[27.676842,51.59481],[27.692655,51.589229],[27.705161,51.568352],[27.697306,51.543186],[27.66413,51.492853],[27.666182,51.490194],[27.670331,51.484817],[27.683767,51.475515],[27.700045,51.467531],[27.714256,51.463707],[27.730121,51.465154],[27.74056,51.471407],[27.787327,51.510914],[27.792546,51.517296],[27.797145,51.530603],[27.796267,51.541532],[27.793735,51.552307],[27.793218,51.565019],[27.799522,51.585199],[27.812545,51.602019],[27.831252,51.612923],[27.854196,51.615326],[27.87559,51.60804],[27.936051,51.567009],[27.954758,51.560782],[27.973155,51.55781],[28.070824,51.557629],[28.090151,51.562048],[28.114232,51.575613],[28.146685,51.614396],[28.166218,51.633103],[28.187612,51.645195],[28.21004,51.651965],[28.2304,51.651138],[28.245128,51.640622],[28.248901,51.630596],[28.248384,51.622096],[28.249366,51.613078],[28.257789,51.601761],[28.269726,51.594268],[28.29851,51.582977],[28.310912,51.57445],[28.317424,51.56396],[28.328172,51.536364],[28.333857,51.52838],[28.346879,51.525151],[28.359643,51.529362],[28.385533,51.545046],[28.435349,51.56613],[28.461239,51.571659],[28.488369,51.572021],[28.578079,51.56011],[28.603918,51.553547],[28.612703,51.53993],[28.615183,51.51957],[28.630893,51.46363],[28.637301,51.449626],[28.647016,51.439006],[28.663552,51.433993],[28.677918,51.438076],[28.691148,51.443424],[28.703963,51.442623],[28.711095,51.430247],[28.718226,51.411618],[28.728768,51.401256],[28.746751,51.413995],[28.751609,51.428748],[28.749439,51.46686],[28.752229,51.483706],[28.771866,51.511276],[28.799875,51.532618],[28.831914,51.548276],[28.863643,51.558921],[28.892892,51.562874],[28.954594,51.563262],[28.980846,51.569463],[28.999966,51.582408],[29.023634,51.614034],[29.043581,51.626178],[29.063218,51.630596],[29.083682,51.631217],[29.123886,51.625041],[29.147967,51.615636],[29.160421,51.603311],[29.181453,51.567009],[29.214836,51.53546],[29.226515,51.519053],[29.230443,51.492879],[29.221038,51.466963],[29.227756,51.45562],[29.244395,51.447894],[29.264859,51.432908],[29.276125,51.413581],[29.2846,51.391748],[29.297002,51.373713],[29.319946,51.365574],[29.340565,51.370096],[29.35326,51.377055],[29.379684,51.391541],[29.402732,51.39614],[29.446399,51.384901],[29.466294,51.385056],[29.480867,51.401256],[29.495543,51.425648],[29.505465,51.437456],[29.519004,51.441797],[29.545049,51.443657],[29.5682,51.449626],[29.583186,51.460813],[29.597345,51.473965],[29.618016,51.485644],[29.637756,51.490889],[29.660804,51.493137],[29.682715,51.491199],[29.699975,51.483706],[29.716511,51.465671],[29.725296,51.450452],[29.737905,51.439497],[29.828649,51.429963],[29.846633,51.432908],[29.856761,51.439859],[29.873608,51.459186],[29.886268,51.464793],[29.896552,51.464198],[29.912572,51.457429],[29.925077,51.457868],[29.985745,51.477867],[30.00869,51.482078],[30.14863,51.48443],[30.17731,51.479495],[30.20537,51.466498],[30.242784,51.434407],[30.256892,51.425053],[30.30738,51.409602],[30.320195,51.402083],[30.32619,51.395262],[30.329032,51.388622],[30.330117,51.380715],[30.330014,51.370354],[30.328257,51.362473],[30.319885,51.341596],[30.317095,51.340588],[30.324536,51.329969],[30.355129,51.305267],[30.368461,51.297671],[30.383757,51.293924],[30.413523,51.294054],[30.428096,51.291754],[30.442772,51.283047],[30.465044,51.261937],[30.480702,51.258862],[30.494655,51.259921],[30.508091,51.257673],[30.520803,51.252402],[30.532017,51.244625],[30.539613,51.235168],[30.550672,51.236796],[30.554657,51.242507],[30.555323,51.243462],[30.556615,51.267311],[30.559354,51.269326],[30.577234,51.289015],[30.579921,51.303665],[30.610462,51.317541],[30.638315,51.33586],[30.632424,51.364101],[30.64555,51.36746],[30.644517,51.372679],[30.637489,51.378596],[30.632424,51.383971],[30.622606,51.412108],[30.618162,51.418723],[30.606018,51.424562],[30.595579,51.42495],[30.587879,51.427353],[30.584004,51.439213],[30.586019,51.451848],[30.593564,51.458901],[30.604829,51.461227],[30.618162,51.459651],[30.618162,51.467144],[30.60762,51.469831],[30.597284,51.474275],[30.588913,51.48182],[30.584004,51.493835],[30.58974,51.501974],[30.585399,51.509389],[30.575064,51.516056],[30.562868,51.521766],[30.571446,51.526417],[30.576407,51.531119],[30.584004,51.542256],[30.567415,51.547268],[30.534136,51.553263],[30.52256,51.562719],[30.52256,51.568921],[30.527728,51.571298],[30.531087,51.573313],[30.535273,51.575018],[30.543127,51.576388],[30.543127,51.582589],[30.534549,51.585845],[30.515119,51.596257],[30.515119,51.603673],[30.543851,51.620132],[30.556615,51.62362],[30.552843,51.633335],[30.549949,51.637185],[30.555323,51.639769],[30.563488,51.647314],[30.570309,51.6515],[30.564315,51.665297],[30.575994,51.686407],[30.570309,51.69992],[30.582815,51.702297],[30.613821,51.702918],[30.624983,51.706096],[30.630564,51.715604],[30.632011,51.727981],[30.63506,51.739685],[30.64617,51.747075],[30.64617,51.754542],[30.638109,51.755111],[30.618162,51.761338],[30.630461,51.770019],[30.652785,51.77914],[30.670562,51.790535],[30.669631,51.806064],[30.662293,51.815598],[30.661983,51.819422],[30.666324,51.822393],[30.672732,51.829602],[30.694539,51.847276],[30.69733,51.850738],[30.702808,51.853761],[30.707562,51.860376],[30.71397,51.866964],[30.734537,51.873734],[30.737224,51.882235],[30.737844,51.891588],[30.741668,51.897919],[30.74973,51.899624],[30.779495,51.897919],[30.788177,51.900606],[30.797065,51.906729],[30.810605,51.918382],[30.810605,51.925178],[30.80523,51.929338],[30.802543,51.935539],[30.80306,51.939131],[30.831379,51.9459],[30.845641,51.951352],[30.858044,51.957631],[30.869102,51.96502],[30.879334,51.97365],[30.879644,51.97688],[30.879024,51.982022],[30.880885,51.988171],[30.888739,51.994347],[30.896904,51.998326],[30.902795,51.99998],[30.908377,51.998352],[30.915198,51.99259],[30.941243,51.993804],[30.950131,52.006775],[30.940519,52.020082],[30.91127,52.022562],[30.914629,52.027575],[30.916851,52.032355],[30.919745,52.037264],[30.924706,52.042277],[30.918815,52.059175],[30.934421,52.069717],[30.959329,52.074678],[31.096324,52.079613],[31.134823,52.076667],[31.159214,52.068115],[31.204896,52.04393],[31.228977,52.03822],[31.252438,52.044499],[31.268871,52.061242],[31.284271,52.081241],[31.304425,52.097493],[31.383076,52.117492],[31.474854,52.117776],[31.649933,52.096847],[31.764345,52.100568]]],[[[29.918712,45.69066],[30.075694,45.792426],[30.125987,45.811469],[29.908051,45.666449],[29.807465,45.614325],[29.730968,45.591376],[29.781261,45.610663],[29.801443,45.621894],[29.809418,45.631659],[29.814789,45.641059],[29.827647,45.644721],[29.84311,45.646186],[29.8567,45.649115],[29.872732,45.658271],[29.901622,45.680487],[29.918712,45.69066]]],[[[32.989268,46.042629],[32.99936,46.035305],[33.045095,46.037909],[33.057465,46.025214],[33.04005,46.012152],[32.619395,46.060004],[32.62672,46.065904],[32.631358,46.06623],[32.639334,46.060004],[32.783214,46.046332],[32.852061,46.056301],[32.881684,46.055406],[32.913585,46.038804],[32.954845,46.051744],[32.978689,46.05329],[32.989268,46.042629]]],[[[31.940278,46.204576],[32.070811,46.18244],[32.153087,46.155992],[32.16627,46.149359],[32.143891,46.152655],[32.101817,46.166693],[31.737153,46.220771],[31.580333,46.262763],[31.549001,46.282416],[31.521983,46.313218],[31.514008,46.329413],[31.505056,46.354926],[31.504405,46.373358],[31.521983,46.368476],[31.538422,46.325832],[31.554373,46.296332],[31.577973,46.27558],[31.618175,46.259223],[31.940278,46.204576]]]]}},{"type":"Feature","properties":{"name":"Litouwen","country":"LTU"},"geometry":{"type":"MultiPolygon","coordinates":[[[[26.594531,55.666991],[26.603833,55.643271],[26.607657,55.616451],[26.605177,55.590096],[26.595565,55.56803],[26.576134,55.550564],[26.55164,55.534492],[26.532106,55.516251],[26.527662,55.492169],[26.546472,55.471241],[26.543268,55.459613],[26.507818,55.439149],[26.49924,55.428091],[26.486011,55.390832],[26.479086,55.381375],[26.455212,55.356105],[26.445496,55.337502],[26.450044,55.327063],[26.465754,55.320862],[26.525388,55.308098],[26.542338,55.307581],[26.602696,55.316883],[26.768629,55.300243],[26.791574,55.290166],[26.80072,55.27332],[26.789661,55.257197],[26.76558,55.246706],[26.739901,55.242776],[26.701088,55.236836],[26.685689,55.231617],[26.656956,55.215339],[26.641143,55.202833],[26.633909,55.192188],[26.627501,55.164438],[26.616339,55.135395],[26.600939,55.120823],[26.578925,55.118549],[26.473402,55.145679],[26.459139,55.144749],[26.450664,55.13984],[26.444773,55.133948],[26.438572,55.130021],[26.428753,55.128212],[26.420278,55.128109],[26.309484,55.144645],[26.264422,55.140098],[26.233003,55.111624],[26.230316,55.100255],[26.231246,55.075451],[26.229386,55.06341],[26.224631,55.054884],[26.187838,55.008736],[26.170325,54.99326],[26.153628,54.978506],[26.138642,54.968946],[26.102572,54.957008],[25.981132,54.942694],[25.962529,54.942901],[25.926148,54.947758],[25.907855,54.948068],[25.870234,54.938818],[25.858452,54.932979],[25.854835,54.925486],[25.853078,54.916442],[25.84667,54.90621],[25.825793,54.891999],[25.802538,54.881612],[25.782695,54.869675],[25.772256,54.850865],[25.773703,54.841925],[25.782281,54.821978],[25.782901,54.81371],[25.778457,54.805286],[25.773393,54.803374],[25.766571,54.803271],[25.756753,54.800377],[25.734946,54.78906],[25.7243,54.78012],[25.7212,54.766736],[25.72461,54.715679],[25.72306,54.705344],[25.719133,54.69475],[25.713862,54.685552],[25.709521,54.67563],[25.708384,54.663021],[25.715102,54.643229],[25.739906,54.607727],[25.745591,54.5884],[25.740423,54.568505],[25.726471,54.55295],[25.70735,54.54153],[25.646165,54.520394],[25.630869,54.508354],[25.619914,54.488096],[25.615573,54.461896],[25.616296,54.441071],[25.612576,54.421796],[25.594696,54.400091],[25.548807,54.367742],[25.529997,54.346141],[25.528653,54.320975],[25.542296,54.308056],[25.564,54.303146],[25.607408,54.304852],[25.667353,54.3233],[25.682339,54.325626],[25.695981,54.320975],[25.701769,54.312758],[25.704766,54.302991],[25.715412,54.285215],[25.719236,54.281546],[25.723267,54.280977],[25.734739,54.283199],[25.739286,54.282579],[25.748898,54.276326],[25.757786,54.268988],[25.765641,54.259997],[25.772256,54.248938],[25.776287,54.245631],[25.781764,54.244442],[25.786622,54.242323],[25.789206,54.236225],[25.786829,54.231781],[25.775046,54.22248],[25.771946,54.21788],[25.771016,54.172147],[25.763057,54.156437],[25.74001,54.146257],[25.728124,54.145223],[25.690607,54.148221],[25.679755,54.145327],[25.663942,54.132356],[25.653503,54.128739],[25.631593,54.128325],[25.543019,54.136955],[25.516044,54.144758],[25.493307,54.157522],[25.485762,54.175402],[25.493203,54.18243],[25.521729,54.188218],[25.528963,54.195659],[25.523382,54.204238],[25.499301,54.211834],[25.501678,54.221756],[25.522142,54.228629],[25.5455,54.227492],[25.553975,54.231265],[25.483488,54.287695],[25.478682,54.293328],[25.472068,54.297152],[25.459355,54.298909],[25.434137,54.291829],[25.394036,54.257154],[25.369748,54.247904],[25.287583,54.245217],[25.224124,54.25855],[25.206244,54.256793],[25.193532,54.243667],[25.173068,54.19659],[25.156531,54.175712],[25.115603,54.148789],[25.071989,54.132201],[25.027133,54.12786],[24.948275,54.145895],[24.902283,54.149771],[24.855981,54.146722],[24.850984,54.144951],[24.821565,54.134526],[24.817534,54.128222],[24.81743,54.120625],[24.818671,54.113959],[24.818154,54.110135],[24.799447,54.10321],[24.790559,54.096596],[24.784254,54.096234],[24.782497,54.092875],[24.787148,54.077631],[24.799034,54.05603],[24.81247,54.038925],[24.821358,54.019908],[24.819394,53.992571],[24.819291,53.992519],[24.819187,53.992416],[24.819084,53.992313],[24.806372,53.975311],[24.788698,53.969678],[24.723896,53.963426],[24.705603,53.964201],[24.690823,53.972831],[24.677904,53.992313],[24.674287,53.993708],[24.670566,53.994276],[24.666845,53.993863],[24.642971,53.983011],[24.579099,53.975621],[24.528663,53.958361],[24.414044,53.897693],[24.377871,53.886841],[24.341904,53.887048],[24.310175,53.892681],[24.276378,53.891802],[24.257051,53.894024],[24.246406,53.903636],[24.229146,53.932368],[24.201137,53.95247],[24.169615,53.95893],[24.136748,53.955416],[24.074943,53.935727],[24.045385,53.930869],[23.981306,53.930404],[23.964873,53.93273],[23.935417,53.943944],[23.919811,53.947768],[23.904721,53.946062],[23.828344,53.920069],[23.820592,53.919294],[23.812117,53.920844],[23.794134,53.927097],[23.787209,53.927924],[23.77181,53.924307],[23.754446,53.916762],[23.691918,53.911491],[23.642618,53.898985],[23.627116,53.89821],[23.609959,53.901827],[23.520145,53.93397],[23.485625,53.939293],[23.48976,53.945132],[23.49038,53.95061],[23.487486,53.955622],[23.481595,53.960118],[23.470949,53.965286],[23.462888,53.972521],[23.45865,53.981616],[23.45927,53.992313],[23.464128,53.996757],[23.469502,54.000684],[23.481595,54.006627],[23.496477,54.021975],[23.496167,54.044558],[23.481595,54.091221],[23.473947,54.112564],[23.462991,54.13494],[23.449039,54.154938],[23.432502,54.169305],[23.423304,54.172508],[23.401806,54.175971],[23.391471,54.180105],[23.382273,54.187856],[23.364082,54.208269],[23.354471,54.217054],[23.33599,54.226294],[23.316023,54.236277],[23.235408,54.254157],[23.197271,54.267851],[23.135259,54.298289],[23.117069,54.303457],[23.096915,54.300821],[23.073041,54.294878],[23.050096,54.294827],[23.032113,54.309554],[23.032216,54.320148],[23.038004,54.331465],[23.041622,54.340974],[23.035317,54.346503],[23.001004,54.34888],[22.989738,54.353376],[22.983434,54.359784],[22.97899,54.367587],[22.973305,54.37539],[22.96266,54.381695],[22.952428,54.38309],[22.92969,54.380299],[22.918838,54.381126],[22.858894,54.399213],[22.837603,54.400918],[22.812695,54.394097],[22.811344,54.392633],[22.78603,54.36521],[22.76722,54.35627],[22.706965,54.418747],[22.680403,54.453215],[22.674616,54.492282],[22.681747,54.5699],[22.703658,54.617546],[22.708102,54.635633],[22.706965,54.646485],[22.700764,54.669326],[22.700867,54.679558],[22.705105,54.686534],[22.727015,54.705344],[22.727532,54.709323],[22.724845,54.713767],[22.722778,54.718573],[22.724845,54.723379],[22.728256,54.725085],[22.736731,54.726325],[22.747273,54.731596],[22.764843,54.737125],[22.773007,54.742499],[22.78665,54.755987],[22.817759,54.769165],[22.832849,54.778673],[22.845768,54.79614],[22.848352,54.813813],[22.844321,54.832261],[22.829335,54.872724],[22.821273,54.885488],[22.808871,54.893756],[22.749236,54.909879],[22.740968,54.917631],[22.75213,54.931118],[22.738798,54.934116],[22.729186,54.940369],[22.722054,54.94719],[22.715543,54.951376],[22.706138,54.953133],[22.649914,54.952874],[22.633481,54.957939],[22.621699,54.970031],[22.608366,54.992407],[22.591623,55.037624],[22.580668,55.057622],[22.571165,55.06399],[22.565475,55.067803],[22.541084,55.075761],[22.436284,55.057777],[22.269884,55.069537],[22.251282,55.070852],[22.142658,55.054625],[22.129843,55.046977],[22.118474,55.037779],[22.09987,55.029924],[22.076823,55.02858],[22.049951,55.033541],[22.02773,55.044393],[22.018635,55.06093],[22.018635,55.077311],[22.015431,55.088422],[22.003442,55.093486],[21.9775,55.091987],[21.951352,55.080463],[21.942774,55.078293],[21.932955,55.080463],[21.908564,55.089868],[21.873217,55.094933],[21.85389,55.102219],[21.819887,55.119324],[21.750641,55.127954],[21.733381,55.136326],[21.716224,55.149451],[21.645841,55.181026],[21.60512,55.192498],[21.503938,55.19441],[21.467661,55.211153],[21.405546,55.27239],[21.37485,55.28996],[21.349839,55.287789],[21.267589,55.248684],[21.269054,55.253567],[21.264496,55.276557],[21.264415,55.284003],[21.270844,55.288031],[21.278087,55.286566],[21.28533,55.287055],[21.291189,55.297065],[21.289236,55.305243],[21.282481,55.31684],[21.274181,55.327338],[21.267589,55.331855],[21.259451,55.336249],[21.256358,55.346747],[21.257091,55.369371],[21.246593,55.370185],[21.188813,55.338609],[21.18336,55.346177],[21.183279,55.348375],[21.186046,55.349189],[21.224294,55.399319],[21.232758,55.406928],[21.248302,55.417873],[21.248383,55.442328],[21.236583,55.482652],[21.224294,55.512397],[21.222911,55.520209],[21.218516,55.523627],[21.208995,55.529608],[21.199392,55.537665],[21.195079,55.547187],[21.196056,55.559394],[21.197765,55.567328],[21.19809,55.574774],[21.195079,55.58511],[21.157563,55.64175],[21.150157,55.659329],[21.147227,55.678168],[21.140798,55.688137],[21.099376,55.729071],[21.089529,55.735256],[21.08074,55.738593],[21.074392,55.74494],[21.069835,55.769721],[21.060557,55.789252],[21.044688,55.873725],[21.044688,55.917711],[21.046886,55.928656],[21.056163,55.942532],[21.05836,55.95185],[21.05836,56.037543],[21.053396,56.072618],[21.091353,56.077896],[21.150161,56.07818],[21.190365,56.084459],[21.205351,56.103424],[21.212586,56.130994],[21.229639,56.163188],[21.254857,56.185202],[21.290411,56.206932],[21.327618,56.224373],[21.358313,56.233235],[21.403685,56.234476],[21.419292,56.237395],[21.558921,56.297288],[21.596025,56.307882],[21.684495,56.310104],[21.965322,56.383677],[21.983173,56.388353],[22.094082,56.41741],[22.139144,56.415705],[22.158161,56.410253],[22.195265,56.394853],[22.214902,56.390383],[22.511731,56.395964],[22.57581,56.387722],[22.578222,56.387003],[22.604749,56.379092],[22.649087,56.353099],[22.666347,56.349094],[22.681437,56.350308],[22.822927,56.382864],[22.859603,56.39707],[22.888969,56.408444],[22.924523,56.412113],[22.956976,56.401985],[22.981367,56.373175],[23.016714,56.32385],[23.062292,56.304161],[23.112728,56.310879],[23.162854,56.341007],[23.154173,56.351394],[23.17257,56.357956],[23.288428,56.373046],[23.310649,56.370591],[23.37804,56.35463],[23.481595,56.330103],[23.517561,56.328656],[23.577713,56.348603],[23.609856,56.353822],[23.679412,56.351859],[23.706697,56.354442],[23.715069,56.352737],[23.723544,56.345812],[23.724784,56.338397],[23.723647,56.332118],[23.724991,56.328811],[23.7561,56.325969],[23.825036,56.334909],[23.858109,56.334392],[23.871107,56.332072],[23.981306,56.312404],[24.07515,56.271192],[24.108637,56.260701],[24.138919,56.257446],[24.140422,56.2576],[24.166824,56.260314],[24.287644,56.295531],[24.318546,56.29858],[24.350792,56.291552],[24.414354,56.265507],[24.44722,56.260521],[24.481327,56.26884],[24.538998,56.287625],[24.557911,56.29858],[24.639147,56.359972],[24.678628,56.377283],[24.71504,56.386253],[24.805545,56.408548],[24.81557,56.408806],[24.837688,56.403948],[24.845852,56.40493],[24.852157,56.413664],[24.853397,56.424722],[24.857118,56.435368],[24.870967,56.442602],[24.892258,56.438727],[24.910138,56.421958],[24.936286,56.379919],[24.962124,56.319277],[24.973183,56.300751],[24.983208,56.290493],[25.016488,56.2699],[25.026203,56.260185],[25.04398,56.22799],[25.073125,56.197811],[25.109196,56.183083],[25.349086,56.159876],[25.454808,56.149649],[25.522762,56.156573],[25.572888,56.143034],[25.590045,56.141122],[25.649679,56.143809],[25.661875,56.140812],[25.669213,56.132027],[25.687817,56.098334],[25.696602,56.087895],[25.708797,56.081048],[25.766261,56.058647],[25.795496,56.04013],[25.871268,55.992139],[25.961251,55.958459],[26.017616,55.937362],[26.079421,55.89814],[26.178639,55.84959],[26.203754,55.827446],[26.226905,55.796931],[26.279718,55.743239],[26.34235,55.716342],[26.48105,55.678308],[26.537481,55.669523],[26.594531,55.666991]]],[[[20.989431,55.273116],[20.924569,55.282658],[20.924815,55.282904],[20.999522,55.357001],[21.041515,55.416083],[21.082367,55.497626],[21.09311,55.581692],[21.099376,55.5987],[21.093923,55.603461],[21.099376,55.612982],[21.090668,55.633124],[21.093516,55.695543],[21.085216,55.722846],[21.117442,55.699774],[21.131521,55.655585],[21.133556,55.568305],[21.131358,55.555732],[21.122081,55.539008],[21.119884,55.527045],[21.119884,55.489447],[21.108409,55.47309],[21.092621,55.45661],[21.087169,55.441067],[21.106212,55.427436],[21.106212,55.42121],[21.091807,55.410712],[21.073497,55.391791],[21.057628,55.369452],[21.050955,55.348863],[21.037852,55.328599],[20.988943,55.291327],[20.989431,55.273116]]]]}},{"type":"Feature","properties":{"name":"Estland","country":"EST"},"geometry":{"type":"MultiPolygon","coordinates":[[[[24.306159,57.868186],[24.316661,57.877265],[24.324392,57.886786],[24.327891,57.898139],[24.330333,57.910102],[24.333832,57.921332],[24.381114,57.983832],[24.398285,58.023261],[24.446544,58.054511],[24.464122,58.07217],[24.464122,58.120551],[24.471446,58.142483],[24.472911,58.154731],[24.46754,58.165269],[24.459809,58.174506],[24.455089,58.185248],[24.454845,58.196438],[24.46754,58.217841],[24.46811,58.228827],[24.467621,58.239814],[24.470958,58.250922],[24.491466,58.265692],[24.521495,58.276109],[24.548513,58.289293],[24.560395,58.312323],[24.551036,58.333726],[24.528819,58.350653],[24.444184,58.386135],[24.403168,58.395331],[24.361827,58.397284],[24.326996,58.388129],[24.315929,58.37995],[24.304535,58.368069],[24.295746,58.354967],[24.292247,58.343085],[24.290782,58.327541],[24.286876,58.318549],[24.25587,58.289537],[24.243337,58.280219],[24.228852,58.274115],[24.210785,58.271389],[24.174164,58.276801],[24.156016,58.276842],[24.138927,58.267971],[24.12086,58.245185],[24.111664,58.241034],[24.094086,58.244696],[24.083507,58.250881],[24.053233,58.278266],[24.007091,58.300523],[23.980235,58.318427],[23.913829,58.333319],[23.873709,58.335191],[23.854666,58.339667],[23.849457,58.34276],[23.83839,58.351386],[23.833507,58.353949],[23.824474,58.35456],[23.81837,58.351752],[23.812836,58.348293],[23.805675,58.346503],[23.796641,58.348822],[23.786876,58.353095],[23.77711,58.354967],[23.768077,58.350246],[23.762055,58.344387],[23.755626,58.340033],[23.748546,58.339057],[23.740977,58.343085],[23.734874,58.351386],[23.729259,58.36286],[23.725271,58.374905],[23.723643,58.384711],[23.718923,58.399563],[23.70753,58.407375],[23.694184,58.413153],[23.68336,58.422187],[23.677419,58.435248],[23.677501,58.445543],[23.68336,58.470038],[23.684337,58.499661],[23.678966,58.524156],[23.663829,58.5362],[23.634939,58.528388],[23.622406,58.52912],[23.603201,58.535956],[23.584321,58.544867],[23.573497,58.551947],[23.566254,58.565904],[23.565115,58.577379],[23.561209,58.583157],[23.546153,58.579901],[23.532725,58.570258],[23.52475,58.559556],[23.516368,58.554633],[23.501475,58.562486],[23.498057,58.572211],[23.504405,58.582953],[23.51352,58.593817],[23.51824,58.603746],[23.512462,58.622382],[23.500987,58.647121],[23.493175,58.673407],[23.497732,58.696601],[23.506521,58.70539],[23.514822,58.706692],[23.535899,58.702786],[23.543224,58.704901],[23.546641,58.709621],[23.546235,58.714301],[23.53004,58.722846],[23.527354,58.736151],[23.533051,58.747463],[23.546153,58.747748],[23.584483,58.737942],[23.621755,58.7414],[23.658946,58.748928],[23.697032,58.751166],[23.716645,58.747016],[23.755219,58.733588],[23.771821,58.730699],[23.802501,58.730699],[23.805431,58.733873],[23.806651,58.740953],[23.804861,58.747992],[23.799083,58.751166],[23.783376,58.755845],[23.779552,58.766425],[23.785492,58.777981],[23.79949,58.785346],[23.816173,58.784613],[23.855154,58.773261],[23.87436,58.771674],[23.847423,58.788235],[23.815684,58.799954],[23.78419,58.800971],[23.75766,58.785346],[23.739513,58.798],[23.719086,58.799058],[23.676524,58.792182],[23.603363,58.794827],[23.580333,58.792182],[23.560313,58.785834],[23.550141,58.780911],[23.542735,58.775377],[23.536632,58.774482],[23.504893,58.77912],[23.485525,58.77733],[23.429454,58.764838],[23.466563,58.800727],[23.485688,58.809638],[23.518809,58.812649],[23.526134,58.81977],[23.463634,58.864163],[23.455089,58.883002],[23.422374,58.908677],[23.422048,58.928697],[23.443696,58.944037],[23.510102,58.941596],[23.531912,58.956692],[23.549164,58.950832],[23.566905,58.950141],[23.584483,58.953559],[23.61671,58.967678],[23.624848,58.972602],[23.627696,58.979153],[23.628103,58.9914],[23.621593,59.015326],[23.605479,59.03266],[23.583507,59.044745],[23.559825,59.052802],[23.572276,59.03974],[23.601899,59.024482],[23.614431,59.011298],[23.605968,59.00849],[23.587576,59.007473],[23.580333,59.005072],[23.559825,58.9914],[23.558442,58.987942],[23.558604,58.982001],[23.552989,58.970893],[23.543305,58.969875],[23.53712,58.974351],[23.531993,58.980536],[23.525645,58.983954],[23.461274,58.992377],[23.434825,59.003811],[23.408376,59.02558],[23.415212,59.02497],[23.429454,59.025865],[23.43629,59.02558],[23.42921,59.043606],[23.434906,59.056098],[23.480317,59.083645],[23.490733,59.088284],[23.501231,59.085435],[23.51824,59.07331],[23.519379,59.124986],[23.486176,59.17414],[23.470876,59.212144],[23.525645,59.230414],[23.536794,59.229682],[23.557791,59.225246],[23.569672,59.224189],[23.578461,59.226304],[23.592784,59.235663],[23.615489,59.241767],[23.627696,59.250067],[23.641856,59.257392],[23.662283,59.258287],[23.715505,59.231676],[23.718516,59.231431],[23.730479,59.230414],[23.742198,59.239407],[23.742931,59.250149],[23.736013,59.259589],[23.723643,59.265082],[23.734874,59.277737],[23.756847,59.283637],[23.845388,59.284654],[23.888845,59.278754],[23.935557,59.280585],[23.987641,59.29092],[24.038585,59.29328],[24.080577,59.271308],[24.100108,59.294501],[24.092052,59.312567],[24.028168,59.357652],[24.019379,59.367255],[24.022227,59.378119],[24.034841,59.388658],[24.048188,59.395087],[24.062999,59.397366],[24.080577,59.395453],[24.108653,59.384833],[24.164887,59.354071],[24.193858,59.347724],[24.221934,59.35517],[24.21339,59.37226],[24.187266,59.390692],[24.163097,59.402289],[24.182872,59.408759],[24.271251,59.412095],[24.306163,59.419094],[24.317719,59.430976],[24.3296,59.463813],[24.333832,59.470608],[24.399669,59.478827],[24.422537,59.477444],[24.442149,59.469875],[24.478282,59.448391],[24.498302,59.443834],[24.516775,59.448228],[24.5324,59.456773],[24.548188,59.462958],[24.567149,59.460028],[24.624848,59.43891],[24.642589,59.436428],[24.660492,59.440619],[24.656586,59.449897],[24.640391,59.459052],[24.621837,59.463121],[24.621837,59.470608],[24.648123,59.469224],[24.658539,59.472073],[24.662771,59.481147],[24.66627,59.492092],[24.674978,59.496039],[24.68629,59.495063],[24.69752,59.491034],[24.715587,59.475898],[24.728282,59.458564],[24.744395,59.447211],[24.772634,59.4501],[24.78419,59.454779],[24.79005,59.45893],[24.813243,59.484036],[24.815766,59.489325],[24.806814,59.504706],[24.800304,59.510565],[24.791352,59.514716],[24.783539,59.519843],[24.780121,59.528957],[24.779959,59.538398],[24.778982,59.545478],[24.776703,59.552151],[24.772634,59.559963],[24.803477,59.570502],[24.841645,59.554429],[24.90919,59.511542],[24.934418,59.508043],[25.012218,59.518378],[25.035818,59.515204],[25.077159,59.501044],[25.09783,59.49787],[25.116466,59.503119],[25.107921,59.528998],[25.122081,59.539496],[25.145518,59.53913],[25.194102,59.52265],[25.407725,59.491034],[25.409434,59.491034],[25.402354,59.514309],[25.415782,59.527086],[25.440115,59.532131],[25.533214,59.53205],[25.543712,59.535142],[25.543305,59.542222],[25.536143,59.549302],[25.525727,59.552476],[25.497081,59.570868],[25.481944,59.611151],[25.478526,59.651516],[25.484874,59.669827],[25.502452,59.662258],[25.53533,59.628974],[25.553722,59.621405],[25.575043,59.616889],[25.592052,59.606024],[25.622325,59.580471],[25.644542,59.571845],[25.676768,59.566067],[25.705903,59.569281],[25.718516,59.587592],[25.710785,59.60456],[25.695567,59.615912],[25.684825,59.628648],[25.690684,59.649359],[25.684337,59.650214],[25.675304,59.65412],[25.670665,59.655504],[25.694672,59.670885],[25.725352,59.665839],[25.780528,59.635688],[25.773123,59.628241],[25.785411,59.615465],[25.793712,59.591213],[25.807384,59.580471],[25.826182,59.575263],[25.836925,59.576483],[25.844493,59.577338],[25.861339,59.586127],[25.876231,59.600898],[25.868826,59.607733],[25.883067,59.631334],[25.90447,59.62401],[25.926931,59.605292],[25.944509,59.594672],[25.965017,59.597317],[25.967052,59.603827],[25.962738,59.612535],[25.964366,59.621405],[25.976899,59.631252],[25.988536,59.634345],[26.001801,59.632636],[26.036388,59.623236],[26.074474,59.604315],[26.07838,59.600287],[26.080333,59.594672],[26.081716,59.587307],[26.090994,59.585639],[26.28004,59.587307],[26.299327,59.584215],[26.340099,59.570502],[26.401703,59.563056],[26.457693,59.545885],[26.497813,59.539984],[26.519867,59.539496],[26.536469,59.54267],[26.570323,59.556789],[26.584727,59.559963],[26.626313,59.558051],[26.66505,59.551947],[26.702322,59.541409],[26.739024,59.525824],[26.780854,59.50255],[26.826915,59.476955],[26.875743,59.467719],[26.917491,59.454169],[26.937673,59.4501],[27.116222,59.442043],[27.275076,59.446967],[27.409028,59.45189],[27.563162,59.432074],[27.717052,59.427151],[27.873302,59.40762],[27.914724,59.414537],[27.953461,59.428168],[27.983165,59.446967],[28.019054,59.481757],[28.038578,59.462987],[28.083433,59.450894],[28.104827,59.439215],[28.128391,59.40945],[28.137796,59.400355],[28.149578,59.393172],[28.175365,59.381855],[28.186475,59.37493],[28.181825,59.356068],[28.157537,59.364026],[28.11356,59.345423],[28.032376,59.34196],[28.000647,59.333744],[28.073201,59.318964],[28.096869,59.319429],[28.076611,59.30527],[27.959719,59.306459],[27.903909,59.290387],[27.882308,59.275659],[27.890783,59.258038],[27.873523,59.236489],[27.842414,59.161196],[27.784329,59.07717],[27.767173,59.055931],[27.724385,59.014435],[27.713326,58.991904],[27.695889,58.977183],[27.694412,58.975936],[27.605322,58.934698],[27.477785,58.875426],[27.446269,58.818867],[27.410606,58.754864],[27.428849,58.709403],[27.449259,58.65854],[27.498869,58.534568],[27.554886,58.395248],[27.494115,58.319542],[27.482849,58.268641],[27.495355,58.22146],[27.519585,58.19451],[27.540003,58.171799],[27.579691,58.125859],[27.630437,58.08829],[27.636587,58.059196],[27.630127,58.032996],[27.631574,58.004161],[27.650643,58.000078],[27.669091,57.991965],[27.675189,57.967806],[27.670435,57.954965],[27.6632,57.943958],[27.659376,57.93246],[27.664957,57.918404],[27.673122,57.912823],[27.774408,57.890705],[27.790841,57.880861],[27.799316,57.861069],[27.78681,57.847581],[27.763452,57.838667],[27.700717,57.824844],[27.556343,57.813087],[27.537626,57.811563],[27.524604,57.8073],[27.532562,57.805077],[27.553853,57.794768],[27.526154,57.787275],[27.512408,57.781306],[27.502435,57.772547],[27.497835,57.755675],[27.508894,57.727459],[27.507757,57.714773],[27.490394,57.704618],[27.407712,57.688986],[27.391434,57.680201],[27.384664,57.674388],[27.379703,57.666455],[27.377016,57.656714],[27.377946,57.651702],[27.38022,57.647723],[27.382804,57.634468],[27.385129,57.631212],[27.386989,57.627646],[27.384871,57.606976],[27.38208,57.602687],[27.374845,57.597855],[27.362546,57.594548],[27.348904,57.594057],[27.336605,57.591731],[27.328027,57.583153],[27.328543,57.57057],[27.335571,57.553904],[27.344976,57.538091],[27.352935,57.527601],[27.319965,57.516129],[27.165659,57.546695],[27.085354,57.549434],[27.061531,57.555661],[27.041326,57.568451],[27.004635,57.598914],[26.981071,57.608991],[26.946551,57.615347],[26.929188,57.615554],[26.911618,57.613435],[26.896115,57.614986],[26.884953,57.622091],[26.872654,57.627181],[26.854154,57.622556],[26.838547,57.60987],[26.828315,57.595039],[26.816327,57.581189],[26.795759,57.571319],[26.778086,57.568477],[26.700468,57.570751],[26.666982,57.56486],[26.634322,57.554421],[26.604763,57.540313],[26.598355,57.533854],[26.594841,57.52649],[26.590087,57.520366],[26.579855,57.517834],[26.570243,57.519591],[26.551743,57.526826],[26.542235,57.528169],[26.528696,57.52388],[26.515053,57.517266],[26.49955,57.515819],[26.48105,57.527136],[26.447564,57.552922],[26.430924,57.561707],[26.430678,57.561764],[26.351325,57.580203],[26.33863,57.583153],[26.297185,57.599147],[26.263182,57.620825],[26.168511,57.70405],[26.135231,57.724772],[26.024747,57.774356],[26.016065,57.786681],[26.013068,57.8073],[26.016065,57.816472],[26.02175,57.822415],[26.025264,57.828409],[26.021956,57.837944],[26.014515,57.842827],[26.002733,57.845979],[25.792616,57.855979],[25.767502,57.868924],[25.754686,57.888897],[25.745384,57.90918],[25.730295,57.923132],[25.714998,57.923391],[25.7038,57.921327],[25.650093,57.911428],[25.625081,57.910291],[25.601517,57.912203],[25.579399,57.919463],[25.558315,57.934243],[25.552941,57.942175],[25.552114,57.948815],[25.551816,57.94986],[25.550254,57.955327],[25.541676,57.96282],[25.53196,57.966437],[25.496614,57.970597],[25.457185,57.984059],[25.39662,58.023178],[25.356519,58.034753],[25.34639,58.034443],[25.339879,58.032583],[25.333678,58.031808],[25.324583,58.034753],[25.318278,58.040619],[25.306393,58.058731],[25.299572,58.065604],[25.281692,58.073407],[25.263501,58.075138],[25.250686,58.068498],[25.249549,58.051186],[25.277557,58.024108],[25.284379,58.00814],[25.264535,57.994187],[25.232496,57.985376],[25.216786,57.985376],[25.20211,57.991965],[25.189914,58.013514],[25.180716,58.038164],[25.16697,58.058731],[25.141028,58.068007],[25.094209,58.067309],[25.070645,58.063615],[25.048838,58.056199],[25.034857,58.048574],[24.974837,58.01584],[24.949309,58.006435],[24.872518,58.00044],[24.848333,57.992146],[24.827417,57.981877],[24.81681,57.976669],[24.790765,57.978994],[24.764721,57.987909],[24.733508,57.992198],[24.718832,57.981837],[24.700435,57.95419],[24.684829,57.947575],[24.624057,57.943958],[24.553881,57.94742],[24.53383,57.945069],[24.481327,57.919308],[24.441639,57.908094],[24.429134,57.900343],[24.412701,57.876572],[24.401539,57.866469],[24.378181,57.859441],[24.349655,57.85864],[24.306159,57.868186]]],[[[23.94337,58.113186],[23.937999,58.137274],[23.955333,58.151801],[23.984223,58.157131],[24.013357,58.15351],[24.022146,58.129869],[24.002452,58.108547],[23.970714,58.099595],[23.94337,58.113186]]],[[[23.230642,58.504828],[23.255138,58.500067],[23.288585,58.488186],[23.31837,58.47248],[23.333263,58.456366],[23.324962,58.442288],[23.261404,58.465888],[23.237641,58.456366],[23.250255,58.454535],[23.261729,58.451606],[23.271332,58.44599],[23.278005,58.43651],[23.234874,58.439887],[23.215668,58.445868],[23.196056,58.456366],[23.192231,58.461127],[23.188243,58.468207],[23.181895,58.474677],[23.171886,58.477484],[23.156505,58.477525],[23.154796,58.475491],[23.148936,58.470038],[23.146983,58.466376],[23.141612,58.45185],[23.138031,58.446112],[23.130382,58.439521],[23.123546,58.435696],[23.108653,58.429023],[23.101899,58.429592],[23.09254,58.431545],[23.084239,58.429633],[23.080577,58.418524],[23.081065,58.412421],[23.082286,58.405992],[23.084239,58.39997],[23.086762,58.394965],[23.063813,58.385443],[23.042491,58.371487],[23.021983,58.363227],[22.97755,58.381659],[22.954845,58.381049],[22.94752,58.372626],[22.969493,58.360175],[22.90268,58.311835],[22.886974,58.307359],[22.870942,58.304674],[22.854015,58.298733],[22.82488,58.279202],[22.811209,58.273424],[22.788585,58.271389],[22.742931,58.27383],[22.721202,58.270331],[22.710134,58.257758],[22.756684,58.242255],[22.723155,58.225409],[22.6692,58.221503],[22.654959,58.244696],[22.639822,58.25023],[22.621349,58.252753],[22.60255,58.252102],[22.586192,58.247789],[22.570974,58.239447],[22.564952,58.235175],[22.560313,58.23725],[22.549083,58.247789],[22.535004,58.254055],[22.526134,58.247382],[22.517589,58.230414],[22.510427,58.2272],[22.507172,58.224921],[22.504161,58.223538],[22.497244,58.223049],[22.496837,58.226508],[22.491547,58.241523],[22.490977,58.244696],[22.476817,58.245103],[22.459321,58.240912],[22.443044,58.234076],[22.432384,58.226752],[22.421641,58.221625],[22.410004,58.224026],[22.398448,58.227729],[22.38795,58.226752],[22.380544,58.223456],[22.361501,58.217719],[22.35377,58.216783],[22.323416,58.20661],[22.295095,58.192857],[22.281993,58.182563],[22.27475,58.179267],[22.271739,58.174262],[22.269867,58.13703],[22.265391,58.115058],[22.256847,58.093248],[22.229259,58.052191],[22.221039,58.042955],[22.209809,58.034898],[22.19988,58.026028],[22.198416,58.016343],[22.202973,57.993964],[22.189952,57.983832],[22.04835,57.915107],[22.016856,57.914496],[21.990082,57.935614],[21.994395,57.947252],[21.990733,57.958238],[21.980805,57.966498],[21.966807,57.969713],[21.964122,57.971381],[21.962657,57.975287],[21.96225,57.979967],[21.96339,57.984036],[21.989757,57.982733],[21.997569,57.984036],[22.004568,57.990953],[22.015391,58.01203],[22.021332,58.021226],[22.05893,58.052314],[22.076182,58.073391],[22.085704,58.082587],[22.096202,58.086412],[22.110688,58.084052],[22.123546,58.079535],[22.135509,58.076728],[22.147716,58.079576],[22.153168,58.086249],[22.159028,58.107123],[22.16505,58.116889],[22.202973,58.147895],[22.180349,58.160834],[22.141856,58.169501],[22.072276,58.175849],[22.052989,58.186591],[22.016856,58.233873],[21.993826,58.244696],[21.928884,58.245103],[21.896495,58.250718],[21.867849,58.264594],[21.851329,58.281887],[21.843761,58.293606],[21.843272,58.302151],[21.855642,58.306871],[21.908214,58.298733],[21.896658,58.31391],[21.879568,58.329535],[21.873302,58.34162],[21.894542,58.346503],[21.912364,58.339748],[21.928396,58.326809],[21.944591,58.318752],[21.96339,58.326606],[21.954926,58.344062],[21.968028,58.35456],[21.990489,58.357856],[22.011241,58.353949],[22.002208,58.365424],[21.990082,58.386949],[21.945974,58.432278],[21.92449,58.446967],[21.901134,58.468411],[21.887706,58.477484],[21.859386,58.491889],[21.832367,58.510972],[21.88502,58.498196],[21.901378,58.497992],[21.91627,58.501166],[21.918468,58.504706],[21.918956,58.509955],[21.928477,58.518378],[21.966645,58.517564],[21.995616,58.512519],[22.020763,58.499254],[22.06422,58.456692],[22.069835,58.446479],[22.072032,58.432807],[22.073578,58.426907],[22.07781,58.423774],[22.083344,58.422512],[22.089366,58.422187],[22.098481,58.426093],[22.098643,58.43476],[22.09311,58.44953],[22.098806,58.475775],[22.103689,58.487209],[22.113617,58.497992],[22.126801,58.504625],[22.158946,58.513617],[22.171886,58.521552],[22.183279,58.535468],[22.187755,58.542873],[22.194591,58.545844],[22.212901,58.546373],[22.215587,58.544176],[22.219005,58.539008],[22.222179,58.533026],[22.223481,58.528388],[22.224864,58.516425],[22.228852,58.510565],[22.243337,58.504828],[22.273204,58.502021],[22.282888,58.52204],[22.283946,58.549547],[22.288341,58.569322],[22.321951,58.584784],[22.463064,58.592922],[22.550304,58.629584],[22.583181,58.634508],[22.594086,58.629136],[22.612641,58.605699],[22.62379,58.600328],[22.630138,58.598212],[22.640798,58.588853],[22.648123,58.586737],[22.658214,58.588853],[22.675792,58.598293],[22.68214,58.600328],[22.702647,58.597113],[22.719249,58.591213],[22.736339,58.58808],[22.757986,58.592922],[22.790701,58.614814],[22.811371,58.622952],[22.846365,58.61343],[22.899669,58.620266],[22.922048,58.617418],[22.944021,58.610175],[22.989757,58.601752],[23.036469,58.584174],[23.091075,58.57095],[23.111339,58.555732],[23.125824,58.535102],[23.133556,58.528998],[23.148285,58.521552],[23.18865,58.510403],[23.230642,58.504828]]],[[[23.381602,58.579901],[23.397146,58.563666],[23.400238,58.555406],[23.379893,58.547553],[23.371593,58.538764],[23.362153,58.532457],[23.346934,58.535468],[23.330903,58.54149],[23.313731,58.544664],[23.278575,58.546373],[23.264659,58.54385],[23.234874,58.534654],[23.223806,58.535468],[23.134613,58.579901],[23.083263,58.590522],[23.059337,58.603461],[23.062836,58.624579],[23.07545,58.629828],[23.10613,58.624213],[23.120942,58.628323],[23.123546,58.633694],[23.130382,58.654486],[23.134613,58.661811],[23.154633,58.67593],[23.175792,58.681098],[23.197765,58.680609],[23.288341,58.66649],[23.330251,58.653062],[23.343761,58.644721],[23.349132,58.635077],[23.348155,58.62519],[23.345958,58.615668],[23.347504,58.607164],[23.355642,58.598334],[23.374034,58.586371],[23.381602,58.579901]]],[[[23.364024,59.028957],[23.389659,59.007514],[23.393728,58.996243],[23.384776,58.980536],[23.374278,58.975531],[23.362315,58.977484],[23.350434,58.981879],[23.340099,58.983954],[23.329438,58.981838],[23.299083,58.970893],[23.278575,58.970689],[23.244395,58.98135],[23.223399,58.983954],[23.21754,58.981879],[23.215099,58.977362],[23.210785,58.972968],[23.174164,58.968329],[23.163259,58.96894],[23.148285,58.974026],[23.119395,59.016099],[23.114106,59.021796],[23.118907,59.033515],[23.131358,59.040717],[23.148204,59.04442],[23.170177,59.045885],[23.208018,59.044094],[23.278005,59.032375],[23.322032,59.039008],[23.344249,59.039293],[23.364024,59.028957]]],[[[22.291759,58.895209],[22.226899,58.886461],[22.194998,58.888007],[22.062511,58.925849],[22.044688,58.936184],[22.055512,58.952704],[22.094249,58.956041],[22.168224,58.950385],[22.463064,58.970893],[22.443533,58.977729],[22.442068,58.984687],[22.4546,58.987209],[22.476736,58.980536],[22.488455,58.981147],[22.487559,59.016425],[22.504242,59.02558],[22.526866,59.026353],[22.544444,59.030097],[22.559255,59.038398],[22.572927,59.052802],[22.576427,59.061713],[22.576427,59.070136],[22.578298,59.078437],[22.587169,59.086982],[22.597667,59.089504],[22.640473,59.087063],[22.641124,59.086982],[22.666677,59.084906],[22.696544,59.079169],[22.714122,59.069566],[22.69158,59.041164],[22.701345,59.02497],[22.72047,59.011623],[22.736664,59.005072],[22.837169,59.008612],[22.934093,58.984036],[22.949555,58.970893],[22.952647,58.960598],[22.947602,58.945136],[22.949555,58.936184],[22.958507,58.926703],[22.979503,58.917629],[22.987559,58.911933],[22.993988,58.905829],[23.008067,58.897406],[23.015147,58.891791],[23.018077,58.887193],[23.019054,58.882025],[23.018565,58.870673],[23.021739,58.864081],[23.028494,58.862128],[23.035492,58.862006],[23.039073,58.861029],[23.040538,58.840766],[23.033539,58.830308],[23.019054,58.829088],[22.977794,58.844184],[22.967296,58.846503],[22.956798,58.847398],[22.949555,58.84394],[22.947032,58.837551],[22.942231,58.834215],[22.92921,58.839993],[22.912608,58.835598],[22.895518,58.835517],[22.879568,58.832709],[22.867198,58.820054],[22.876638,58.819892],[22.883067,58.817288],[22.886974,58.811835],[22.888194,58.803046],[22.886729,58.790473],[22.882091,58.788031],[22.874278,58.787909],[22.863617,58.782213],[22.845388,58.776516],[22.816661,58.775946],[22.79005,58.780992],[22.778331,58.792182],[22.789317,58.802639],[22.811209,58.810858],[22.826915,58.819159],[22.819347,58.829657],[22.802257,58.83039],[22.777599,58.824368],[22.753184,58.815131],[22.736664,58.806464],[22.71518,58.78205],[22.681,58.724066],[22.654959,58.702786],[22.611176,58.690497],[22.555675,58.686998],[22.50172,58.69477],[22.463064,58.716457],[22.472179,58.719916],[22.480968,58.724799],[22.497244,58.737535],[22.483409,58.748196],[22.46518,58.766588],[22.449474,58.786811],[22.442638,58.803046],[22.442638,58.827216],[22.439789,58.841376],[22.429942,58.852444],[22.382091,58.88227],[22.354747,58.892076],[22.324962,58.896633],[22.291759,58.895209]]],[[[24.51588,59.59809],[24.530935,59.58397],[24.550059,59.557766],[24.542817,59.547797],[24.516287,59.544257],[24.489106,59.559638],[24.487315,59.578518],[24.500499,59.596259],[24.51588,59.59809]]],[[[23.260509,57.813544],[23.270681,57.807807],[23.275076,57.798733],[23.270193,57.785631],[23.250255,57.784369],[23.229503,57.791693],[23.217784,57.80093],[23.218598,57.809516],[23.220551,57.817694],[23.224294,57.823717],[23.239594,57.822577],[23.260509,57.813544]]]]}},{"type":"Feature","properties":{"name":"Letland","country":"LVA"},"geometry":{"type":"Polygon","coordinates":[[[27.352935,57.527601],[27.528169,57.528479],[27.522795,57.492022],[27.525637,57.46838],[27.514837,57.44789],[27.511323,57.430397],[27.536283,57.415695],[27.640824,57.389005],[27.694409,57.356375],[27.707952,57.348129],[27.809134,57.313945],[27.827738,57.304953],[27.840295,57.290639],[27.846134,57.267307],[27.841174,57.211212],[27.833939,57.18049],[27.824327,57.15907],[27.794045,57.143387],[27.700975,57.118789],[27.682217,57.103699],[27.696066,57.085457],[27.722059,57.07799],[27.745469,57.067991],[27.75074,57.042359],[27.745779,57.031455],[27.729552,57.009855],[27.723351,56.998796],[27.720767,56.988667],[27.718545,56.96872],[27.715135,56.957403],[27.648731,56.879268],[27.62837,56.844154],[27.644379,56.841772],[27.661185,56.839271],[27.744074,56.864799],[27.786397,56.871258],[27.830838,56.864282],[27.852232,56.854309],[27.891506,56.829711],[27.913521,56.82015],[27.918895,56.805888],[27.900085,56.783047],[27.876107,56.759431],[27.865461,56.742687],[27.882618,56.725479],[27.98101,56.687006],[27.991345,56.669979],[27.992172,56.624994],[27.997443,56.603833],[28.010982,56.587555],[28.028656,56.576754],[28.108651,56.55518],[28.126117,56.547764],[28.132215,56.535982],[28.125239,56.527145],[28.099246,56.513399],[28.093251,56.501591],[28.096455,56.491953],[28.104517,56.483065],[28.156503,56.44622],[28.164255,56.437952],[28.167872,56.427125],[28.164255,56.392812],[28.167148,56.369868],[28.174435,56.349637],[28.214794,56.281372],[28.217275,56.270727],[28.215311,56.255999],[28.20942,56.248144],[28.201358,56.241684],[28.193142,56.231039],[28.184408,56.207526],[28.178621,56.18391],[28.169112,56.161741],[28.148907,56.142414],[28.110976,56.156806],[28.06824,56.147582],[28.0511,56.140666],[28.023798,56.12965],[27.98101,56.118023],[27.939669,56.113062],[27.92706,56.109367],[27.911453,56.100246],[27.901532,56.089342],[27.892747,56.077095],[27.880654,56.063866],[27.812545,56.034514],[27.781229,56.016375],[27.776991,55.992397],[27.744435,55.959738],[27.64501,55.922841],[27.617156,55.878554],[27.610128,55.83096],[27.601498,55.809618],[27.592713,55.794244],[27.564601,55.792229],[27.438821,55.79874],[27.405851,55.804347],[27.374587,55.814837],[27.349627,55.831219],[27.329163,55.817576],[27.282448,55.791867],[27.263018,55.787216],[27.235526,55.795846],[27.173204,55.825741],[27.151448,55.832459],[27.110779,55.836283],[26.981071,55.826878],[26.979426,55.826291],[26.957817,55.818584],[26.900146,55.778715],[26.842785,55.719339],[26.822838,55.70611],[26.743049,55.682856],[26.720105,55.681874],[26.666878,55.693966],[26.64011,55.695568],[26.615615,55.687971],[26.594531,55.666991],[26.537481,55.669523],[26.48105,55.678308],[26.34235,55.716342],[26.279718,55.743239],[26.226905,55.796931],[26.203754,55.827446],[26.178639,55.84959],[26.079421,55.89814],[26.017616,55.937362],[25.961251,55.958459],[25.871268,55.992139],[25.795496,56.04013],[25.766261,56.058647],[25.708797,56.081048],[25.696602,56.087895],[25.687817,56.098334],[25.669213,56.132027],[25.661875,56.140812],[25.649679,56.143809],[25.590045,56.141122],[25.572888,56.143034],[25.522762,56.156573],[25.454808,56.149649],[25.349086,56.159876],[25.109196,56.183083],[25.073125,56.197811],[25.04398,56.22799],[25.026203,56.260185],[25.016488,56.2699],[24.983208,56.290493],[24.973183,56.300751],[24.962124,56.319277],[24.936286,56.379919],[24.910138,56.421958],[24.892258,56.438727],[24.870967,56.442602],[24.857118,56.435368],[24.853397,56.424722],[24.852157,56.413664],[24.845852,56.40493],[24.837688,56.403948],[24.81557,56.408806],[24.805545,56.408548],[24.71504,56.386253],[24.678628,56.377283],[24.639147,56.359972],[24.557911,56.29858],[24.538998,56.287625],[24.481327,56.26884],[24.44722,56.260521],[24.414354,56.265507],[24.350792,56.291552],[24.318546,56.29858],[24.287644,56.295531],[24.166824,56.260314],[24.140422,56.2576],[24.138919,56.257446],[24.108637,56.260701],[24.07515,56.271192],[23.981306,56.312404],[23.871107,56.332072],[23.858109,56.334392],[23.825036,56.334909],[23.7561,56.325969],[23.724991,56.328811],[23.723647,56.332118],[23.724784,56.338397],[23.723544,56.345812],[23.715069,56.352737],[23.706697,56.354442],[23.679412,56.351859],[23.609856,56.353822],[23.577713,56.348603],[23.517561,56.328656],[23.481595,56.330103],[23.37804,56.35463],[23.310649,56.370591],[23.288428,56.373046],[23.17257,56.357956],[23.154173,56.351394],[23.162854,56.341007],[23.112728,56.310879],[23.062292,56.304161],[23.016714,56.32385],[22.981367,56.373175],[22.956976,56.401985],[22.924523,56.412113],[22.888969,56.408444],[22.859603,56.39707],[22.822927,56.382864],[22.681437,56.350308],[22.666347,56.349094],[22.649087,56.353099],[22.604749,56.379092],[22.578222,56.387003],[22.57581,56.387722],[22.511731,56.395964],[22.214902,56.390383],[22.195265,56.394853],[22.158161,56.410253],[22.139144,56.415705],[22.094082,56.41741],[21.983173,56.388353],[21.965322,56.383677],[21.684495,56.310104],[21.596025,56.307882],[21.558921,56.297288],[21.419292,56.237395],[21.403685,56.234476],[21.358313,56.233235],[21.327618,56.224373],[21.290411,56.206932],[21.254857,56.185202],[21.229639,56.163188],[21.212586,56.130994],[21.205351,56.103424],[21.190365,56.084459],[21.150161,56.07818],[21.091353,56.077896],[21.053396,56.072618],[21.053396,56.072943],[21.052582,56.077541],[21.042735,56.114569],[21.028819,56.147406],[20.98406,56.210435],[20.973399,56.232001],[20.969086,56.253485],[20.971039,56.25967],[20.980235,56.279283],[20.982677,56.290758],[20.982677,56.301459],[20.981456,56.310492],[20.970958,56.34984],[20.968598,56.369818],[20.970551,56.388983],[20.979015,56.404364],[20.992524,56.417914],[20.998383,56.425686],[21.003184,56.434801],[21.005382,56.445868],[21.005544,56.465522],[21.01059,56.475735],[21.003266,56.49258],[21.000499,56.510647],[21.006358,56.519965],[21.024262,56.510484],[21.030528,56.500149],[21.035818,56.473944],[21.044688,56.462104],[21.030528,56.448432],[21.037446,56.444648],[21.044688,56.442206],[21.044688,56.427965],[21.044688,56.421129],[21.030528,56.408108],[21.053396,56.38996],[21.061778,56.38703],[21.07016,56.38935],[21.077159,56.395209],[21.079763,56.403062],[21.068614,56.424058],[21.066661,56.44184],[21.068126,56.458808],[21.072113,56.46955],[21.067638,56.476386],[21.063243,56.493964],[21.05836,56.503648],[21.052908,56.511054],[21.048106,56.515611],[21.030528,56.524156],[21.019542,56.527086],[21.010509,56.527777],[21.003103,56.530015],[20.996349,56.537828],[20.992198,56.548896],[20.995128,56.553371],[21.000336,56.557685],[21.010509,56.5987],[21.046153,56.656195],[21.05836,56.688666],[21.065196,56.774319],[21.061209,56.794135],[21.05421,56.811957],[21.052745,56.828925],[21.065196,56.84634],[21.147227,56.87641],[21.156749,56.885565],[21.222911,56.907701],[21.240977,56.91828],[21.277599,56.949123],[21.287771,56.955512],[21.300141,56.95954],[21.328217,56.973619],[21.360118,56.989691],[21.382498,57.008938],[21.401622,57.037502],[21.413585,57.073188],[21.414806,57.113837],[21.411876,57.124457],[21.401052,57.151313],[21.403168,57.162055],[21.412608,57.176215],[21.414806,57.184882],[21.412608,57.250067],[21.414806,57.270901],[21.421397,57.288723],[21.433604,57.306464],[21.449474,57.320014],[21.466563,57.325507],[21.480235,57.333645],[21.517751,57.3876],[21.589122,57.438788],[21.699229,57.555325],[21.729666,57.573798],[21.771658,57.586127],[21.955903,57.592963],[21.999278,57.600328],[22.194509,57.65762],[22.483735,57.742499],[22.526134,57.749661],[22.549083,57.750637],[22.560313,57.752753],[22.572602,57.756822],[22.585785,57.759711],[22.600271,57.758043],[22.610362,57.754625],[22.610118,57.753485],[22.604991,57.751044],[22.600271,57.743842],[22.590831,57.706122],[22.587169,57.664984],[22.590994,57.644761],[22.600759,57.630113],[22.656098,57.585761],[22.878917,57.481269],[22.950369,57.432807],[23.031423,57.394477],[23.083344,57.378241],[23.117524,57.373928],[23.130219,57.370795],[23.133149,57.362982],[23.133556,57.353095],[23.138031,57.343166],[23.160167,57.31859],[23.164561,57.313666],[23.174571,57.297349],[23.182384,57.277655],[23.190196,57.242499],[23.198741,57.224189],[23.213552,57.216254],[23.222423,57.207017],[23.250499,57.114447],[23.260916,57.098944],[23.274913,57.092719],[23.292654,57.088935],[23.340099,57.05858],[23.422862,57.040229],[23.508556,57.031236],[23.520844,57.02558],[23.569672,56.986274],[23.578624,56.982082],[23.585134,56.979071],[23.632009,56.970933],[23.69516,56.967271],[23.866059,56.99018],[23.926931,57.006334],[23.952891,57.013251],[23.991222,57.031236],[24.009288,57.0456],[24.021983,57.059027],[24.035655,57.068996],[24.074555,57.074937],[24.113048,57.088731],[24.210785,57.123725],[24.219249,57.138007],[24.238617,57.149563],[24.261241,57.157457],[24.278575,57.161038],[24.278819,57.17178],[24.288748,57.1789],[24.312673,57.1883],[24.379161,57.230211],[24.400645,57.258124],[24.408865,57.298163],[24.405528,57.344468],[24.381602,57.469428],[24.379893,57.506537],[24.375173,57.528551],[24.364513,57.538398],[24.358572,57.55036],[24.362966,57.576606],[24.374766,57.613471],[24.363048,57.672268],[24.357677,57.685492],[24.313731,57.725043],[24.299571,57.743842],[24.299571,57.761908],[24.288829,57.808905],[24.285981,57.832587],[24.288829,57.845282],[24.296153,57.857367],[24.306159,57.868186],[24.349655,57.85864],[24.378181,57.859441],[24.401539,57.866469],[24.412701,57.876572],[24.429134,57.900343],[24.441639,57.908094],[24.481327,57.919308],[24.53383,57.945069],[24.553881,57.94742],[24.624057,57.943958],[24.684829,57.947575],[24.700435,57.95419],[24.718832,57.981837],[24.733508,57.992198],[24.764721,57.987909],[24.790765,57.978994],[24.81681,57.976669],[24.827417,57.981877],[24.848333,57.992146],[24.872518,58.00044],[24.949309,58.006435],[24.974837,58.01584],[25.034857,58.048574],[25.048838,58.056199],[25.070645,58.063615],[25.094209,58.067309],[25.141028,58.068007],[25.16697,58.058731],[25.180716,58.038164],[25.189914,58.013514],[25.20211,57.991965],[25.216786,57.985376],[25.232496,57.985376],[25.264535,57.994187],[25.284379,58.00814],[25.277557,58.024108],[25.249549,58.051186],[25.250686,58.068498],[25.263501,58.075138],[25.281692,58.073407],[25.299572,58.065604],[25.306393,58.058731],[25.318278,58.040619],[25.324583,58.034753],[25.333678,58.031808],[25.339879,58.032583],[25.34639,58.034443],[25.356519,58.034753],[25.39662,58.023178],[25.457185,57.984059],[25.496614,57.970597],[25.53196,57.966437],[25.541676,57.96282],[25.550254,57.955327],[25.551816,57.94986],[25.552114,57.948815],[25.552941,57.942175],[25.558315,57.934243],[25.579399,57.919463],[25.601517,57.912203],[25.625081,57.910291],[25.650093,57.911428],[25.7038,57.921327],[25.714998,57.923391],[25.730295,57.923132],[25.745384,57.90918],[25.754686,57.888897],[25.767502,57.868924],[25.792616,57.855979],[26.002733,57.845979],[26.014515,57.842827],[26.021956,57.837944],[26.025264,57.828409],[26.02175,57.822415],[26.016065,57.816472],[26.013068,57.8073],[26.016065,57.786681],[26.024747,57.774356],[26.135231,57.724772],[26.168511,57.70405],[26.263182,57.620825],[26.297185,57.599147],[26.33863,57.583153],[26.351325,57.580203],[26.430678,57.561764],[26.430924,57.561707],[26.447564,57.552922],[26.48105,57.527136],[26.49955,57.515819],[26.515053,57.517266],[26.528696,57.52388],[26.542235,57.528169],[26.551743,57.526826],[26.570243,57.519591],[26.579855,57.517834],[26.590087,57.520366],[26.594841,57.52649],[26.598355,57.533854],[26.604763,57.540313],[26.634322,57.554421],[26.666982,57.56486],[26.700468,57.570751],[26.778086,57.568477],[26.795759,57.571319],[26.816327,57.581189],[26.828315,57.595039],[26.838547,57.60987],[26.854154,57.622556],[26.872654,57.627181],[26.884953,57.622091],[26.896115,57.614986],[26.911618,57.613435],[26.929188,57.615554],[26.946551,57.615347],[26.981071,57.608991],[27.004635,57.598914],[27.041326,57.568451],[27.061531,57.555661],[27.085354,57.549434],[27.165659,57.546695],[27.319965,57.516129],[27.352935,57.527601]]]}},{"type":"Feature","properties":{"name":"Roemeni\u00eb","country":"ROU"},"geometry":{"type":"Polygon","coordinates":[[[22.877601,47.946739],[22.897858,47.950976],[22.915841,47.959193],[22.924213,47.972732],[22.915738,47.992989],[22.924109,48.004823],[22.939302,48.00565],[22.957079,48.00012],[22.972478,47.992886],[22.988188,47.986374],[23.004415,47.983067],[23.020331,47.984721],[23.063119,48.007458],[23.076555,48.024512],[23.098982,48.071227],[23.118619,48.091536],[23.139083,48.098125],[23.161718,48.095903],[23.231377,48.079728],[23.248637,48.071227],[23.289772,48.038206],[23.337521,48.010869],[23.360052,47.993144],[23.367286,47.991206],[23.374728,47.99056],[23.382169,47.991129],[23.390127,47.993067],[23.391574,47.993454],[23.393021,47.993583],[23.394468,47.993454],[23.396019,47.993067],[23.460821,47.971337],[23.481595,47.972163],[23.485476,47.974234],[23.488519,47.975858],[23.494307,47.980535],[23.499371,47.986219],[23.503712,47.992886],[23.514461,47.998983],[23.525623,48.00118],[23.563243,48.005753],[23.581744,48.001567],[23.646132,47.996606],[23.687267,47.987253],[23.710521,47.985083],[23.780078,47.987511],[23.796511,47.981982],[23.848394,47.949658],[23.855215,47.934233],[23.876609,47.93444],[23.977275,47.962293],[24.008798,47.961208],[24.025231,47.95325],[24.074943,47.944181],[24.094787,47.937928],[24.131167,47.914544],[24.148737,47.912115],[24.150184,47.912916],[24.209302,47.897594],[24.231006,47.897026],[24.297876,47.919789],[24.347175,47.920875],[24.386242,47.94369],[24.409187,47.952061],[24.428514,47.952526],[24.485564,47.943199],[24.542098,47.943819],[24.561632,47.940537],[24.569808,47.937289],[24.608451,47.921934],[24.633669,47.908291],[24.649275,47.895217],[24.655993,47.879301],[24.656923,47.866201],[24.661471,47.853876],[24.679144,47.84013],[24.712837,47.825919],[24.793659,47.804473],[24.808232,47.79574],[24.820738,47.784087],[24.854431,47.743133],[24.877789,47.718742],[24.896599,47.710061],[24.928858,47.713938],[24.94238,47.715563],[25.017418,47.724582],[25.079947,47.742927],[25.08005,47.743082],[25.080257,47.743133],[25.121908,47.770315],[25.218956,47.878474],[25.261744,47.898576],[25.752516,47.934595],[25.818351,47.952578],[25.870958,47.957022],[25.90124,47.965962],[25.918087,47.968158],[25.965732,47.964903],[26.029294,47.977796],[26.10253,47.978267],[26.125723,47.978416],[26.173058,47.993144],[26.18267,48.003273],[26.204788,48.037379],[26.217087,48.048024],[26.243235,48.062907],[26.255327,48.072338],[26.270727,48.093603],[26.286953,48.124712],[26.297495,48.156338],[26.296152,48.178998],[26.30349,48.212045],[26.311758,48.20972],[26.330258,48.208506],[26.347311,48.212097],[26.380488,48.223207],[26.397437,48.226205],[26.44467,48.227729],[26.461309,48.230391],[26.5874,48.249356],[26.617889,48.258968],[26.665741,48.274212],[26.688531,48.274832],[26.711475,48.261319],[26.722379,48.259769],[26.733127,48.27075],[26.744031,48.255583],[26.76372,48.252741],[26.804906,48.25827],[26.821908,48.252534],[26.844749,48.23331],[26.855497,48.237832],[26.897665,48.208971],[26.90397,48.201452],[26.908001,48.184528],[26.917716,48.187964],[26.929085,48.199049],[26.938128,48.204811],[26.950582,48.197524],[26.955646,48.186],[26.963088,48.175381],[26.997607,48.16657],[26.997607,48.15794],[26.986239,48.150421],[26.966602,48.149594],[26.966602,48.143367],[26.99399,48.132412],[27.012697,48.128123],[27.025099,48.135048],[27.033678,48.132386],[27.042773,48.127296],[27.048044,48.122232],[27.047955,48.121409],[27.047424,48.116496],[27.036882,48.107349],[27.034298,48.101768],[27.041739,48.077273],[27.059206,48.05805],[27.083184,48.043658],[27.109332,48.033503],[27.109332,48.026088],[27.088971,48.019809],[27.090005,48.015623],[27.091452,48.011851],[27.093364,48.00844],[27.095793,48.005598],[27.121476,48.013194],[27.134602,48.000456],[27.143748,47.986839],[27.157184,47.991955],[27.16876,47.983067],[27.169793,47.973791],[27.162869,47.965006],[27.150983,47.957797],[27.171964,47.946429],[27.178268,47.944129],[27.178268,47.942096],[27.178268,47.937928],[27.160698,47.921727],[27.17155,47.912632],[27.194185,47.904054],[27.212375,47.889507],[27.211548,47.885011],[27.213202,47.854134],[27.212375,47.847933],[27.222813,47.842662],[27.234906,47.840208],[27.245809,47.83659],[27.253406,47.828089],[27.219196,47.813775],[27.231082,47.807083],[27.244879,47.792588],[27.256196,47.77755],[27.260847,47.769075],[27.264671,47.764553],[27.282448,47.755691],[27.287512,47.752332],[27.288114,47.75068],[27.29113,47.74241],[27.289579,47.731687],[27.295057,47.724427],[27.295057,47.718174],[27.272009,47.71497],[27.281104,47.693007],[27.304049,47.666549],[27.369161,47.60831],[27.397066,47.589086],[27.428382,47.581024],[27.429404,47.57813],[27.431342,47.572638],[27.435824,47.55994],[27.438976,47.553713],[27.440268,47.550096],[27.440061,47.541027],[27.442128,47.536634],[27.446056,47.534877],[27.456908,47.533896],[27.459491,47.533224],[27.466726,47.506352],[27.473134,47.491779],[27.483676,47.485423],[27.492564,47.484545],[27.497525,47.482426],[27.501453,47.479945],[27.50724,47.477982],[27.532975,47.477413],[27.534526,47.477982],[27.548168,47.474261],[27.563154,47.468344],[27.575867,47.460412],[27.582998,47.450671],[27.574782,47.446252],[27.569356,47.438553],[27.565531,47.428269],[27.562534,47.416538],[27.580311,47.405996],[27.572353,47.375197],[27.586409,47.368764],[27.588724,47.367389],[27.599948,47.360728],[27.624029,47.321428],[27.636948,47.306674],[27.6447,47.303987],[27.671727,47.299853],[27.68232,47.295254],[27.689865,47.290887],[27.697823,47.287502],[27.722835,47.283317],[27.733273,47.275617],[27.753634,47.251432],[27.752393,47.238926],[27.763039,47.226317],[27.788309,47.204277],[27.800349,47.176966],[27.802106,47.176346],[27.804793,47.168492],[27.807687,47.162471],[27.805879,47.158234],[27.794665,47.155831],[27.80655,47.144617],[27.849855,47.12852],[27.849855,47.121724],[27.843757,47.114386],[27.848202,47.111415],[27.85771,47.109322],[27.867012,47.104645],[27.897604,47.081417],[27.925923,47.068756],[27.938429,47.061056],[27.938739,47.046638],[27.96313,47.043383],[27.986591,47.033228],[28.008295,47.026304],[28.028036,47.03297],[28.037027,47.016459],[28.038146,47.015483],[28.069067,46.988503],[28.082709,46.971527],[28.102295,46.935121],[28.104994,46.920185],[28.105447,46.91768],[28.096869,46.902616],[28.11356,46.894761],[28.114335,46.883393],[28.113095,46.87143],[28.124257,46.861637],[28.124257,46.854195],[28.122615,46.84227],[28.121518,46.8343],[28.137796,46.80624],[28.178156,46.758646],[28.178104,46.739836],[28.234121,46.662424],[28.24425,46.635372],[28.245085,46.631451],[28.24735,46.620825],[28.247144,46.607156],[28.240529,46.596382],[28.230504,46.583902],[28.225439,46.569562],[28.234121,46.553129],[28.224768,46.548736],[28.221099,46.541191],[28.219032,46.503726],[28.221099,46.495768],[28.234121,46.478069],[28.2381,46.475588],[28.242338,46.476518],[28.2458,46.475511],[28.247144,46.467191],[28.247247,46.436185],[28.246058,46.427865],[28.240219,46.420268],[28.22606,46.415359],[28.233294,46.401768],[28.228643,46.39611],[28.226796,46.395548],[28.219548,46.393345],[28.212934,46.388694],[28.207146,46.358153],[28.202392,46.353916],[28.190351,46.351074],[28.187922,46.343787],[28.191953,46.323504],[28.192883,46.311231],[28.191333,46.307769],[28.177794,46.287047],[28.165753,46.27883],[28.156296,46.275368],[28.144928,46.272939],[28.135212,46.269322],[28.131078,46.262397],[28.134489,46.245344],[28.132112,46.239918],[28.120846,46.237851],[28.108961,46.23413],[28.110976,46.225603],[28.129321,46.204674],[28.135626,46.198835],[28.141517,46.191962],[28.144721,46.183229],[28.133249,46.159974],[28.127358,46.135325],[28.110506,46.101491],[28.107823,46.096103],[28.100796,46.081995],[28.092838,46.078377],[28.090151,46.073365],[28.090461,46.06799],[28.096558,46.065045],[28.096869,46.05967],[28.084466,46.024582],[28.082709,46.014712],[28.08612,46.000552],[28.110511,45.950426],[28.112371,45.939213],[28.114852,45.933218],[28.120846,45.926293],[28.124981,45.918387],[28.12281,45.910791],[28.118779,45.903142],[28.117436,45.895236],[28.120226,45.887846],[28.129115,45.875134],[28.131078,45.871361],[28.128184,45.8664],[28.114955,45.859734],[28.110511,45.854308],[28.113302,45.825369],[28.128908,45.795035],[28.146478,45.771161],[28.154953,45.761807],[28.163738,45.661503],[28.161774,45.645432],[28.167975,45.632461],[28.153713,45.6275],[28.120846,45.627707],[28.107721,45.6244],[28.091184,45.615976],[28.074751,45.604866],[28.062142,45.593601],[28.118004,45.572723],[28.140949,45.560218],[28.157743,45.538927],[28.161567,45.532726],[28.164048,45.530607],[28.165391,45.528282],[28.165908,45.494589],[28.172936,45.484357],[28.199498,45.461774],[28.212934,45.450198],[28.215146,45.450365],[28.237635,45.452059],[28.266884,45.440483],[28.286418,45.421725],[28.281198,45.401829],[28.310809,45.347827],[28.330239,45.322919],[28.353287,45.312429],[28.370237,45.309225],[28.40517,45.295066],[28.494157,45.278891],[28.577046,45.248092],[28.710061,45.226956],[28.747371,45.23047],[28.778687,45.23109],[28.7914,45.234966],[28.802665,45.244165],[28.774295,45.253363],[28.767267,45.257755],[28.762564,45.265145],[28.75967,45.274189],[28.761531,45.281837],[28.79016,45.292069],[28.788609,45.307106],[28.789746,45.321421],[28.816308,45.326072],[28.831811,45.322299],[28.858114,45.30907],[28.880852,45.306176],[28.893616,45.29982],[28.910049,45.287366],[28.929893,45.279098],[28.952837,45.285092],[28.957384,45.292017],[28.960433,45.311292],[28.96648,45.319871],[28.973663,45.323695],[28.982448,45.325503],[29.004617,45.326072],[29.018156,45.330878],[29.069522,45.360798],[29.110295,45.369066],[29.127503,45.374544],[29.141869,45.385086],[29.150138,45.387877],[29.174322,45.388962],[29.179386,45.391856],[29.183107,45.398987],[29.191582,45.40617],[29.206672,45.41542],[29.228169,45.42374],[29.244602,45.424205],[29.260828,45.422035],[29.281809,45.422293],[29.290491,45.424619],[29.299276,45.428908],[29.307027,45.434127],[29.312815,45.439346],[29.322117,45.443842],[29.332969,45.442137],[29.343924,45.438106],[29.353743,45.435936],[29.430637,45.430406],[29.569699,45.394956],[29.616362,45.365346],[29.628145,45.360798],[29.650262,45.346122],[29.667109,45.311861],[29.672276,45.272948],[29.659254,45.244165],[29.66499,45.23786],[29.666488,45.230625],[29.664215,45.223184],[29.659028,45.215888],[29.650157,45.217231],[29.623871,45.216498],[29.623871,45.210273],[29.638845,45.195624],[29.64975,45.177802],[29.667003,45.164211],[29.699555,45.161811],[29.676524,45.144599],[29.664399,45.116929],[29.656261,45.028957],[29.650727,45.012112],[29.637543,44.98371],[29.634939,44.96955],[29.633637,44.953355],[29.63087,44.938666],[29.623871,44.929104],[29.630382,44.90766],[29.605154,44.880032],[29.617849,44.861477],[29.611176,44.849311],[29.603201,44.845404],[29.593761,44.844306],[29.583507,44.840277],[29.569347,44.824897],[29.561778,44.820258],[29.542003,44.827826],[29.531098,44.826239],[29.520518,44.822496],[29.510997,44.820502],[29.315929,44.798774],[29.192068,44.792873],[29.156098,44.78441],[29.055837,44.735175],[29.026378,44.714667],[29.000743,44.68891],[28.993907,44.696357],[28.994884,44.711127],[28.981293,44.729438],[28.974946,44.74494],[28.997325,44.751614],[29.021495,44.754706],[29.058279,44.768297],[29.098155,44.775377],[29.120616,44.786566],[29.138682,44.804023],[29.144705,44.826646],[29.138845,44.839179],[29.125987,44.852484],[29.096365,44.875067],[29.101817,44.859117],[29.103363,44.851304],[29.10377,44.840277],[29.087901,44.842719],[29.073497,44.835435],[29.060313,44.832343],[29.048595,44.847154],[29.044119,44.865546],[29.041759,44.925686],[29.052094,44.944648],[29.098806,44.956977],[29.110606,44.970038],[29.101736,44.980292],[29.058279,45.000963],[29.045177,45.004828],[29.014415,45.004828],[28.983246,45.012274],[28.97283,45.010972],[28.969249,45.005845],[28.966075,44.996568],[28.960216,44.987698],[28.949229,44.98371],[28.927013,44.982611],[28.91684,44.979682],[28.880056,44.954779],[28.869395,44.943345],[28.863536,44.922309],[28.865082,44.916571],[28.87436,44.911566],[28.876638,44.904853],[28.874685,44.899115],[28.870128,44.89643],[28.865489,44.89468],[28.863536,44.891547],[28.866466,44.882636],[28.873546,44.874986],[28.881521,44.869696],[28.904063,44.862738],[28.952403,44.826646],[28.939708,44.816881],[28.934093,44.814195],[28.924978,44.813056],[28.934418,44.807522],[28.938731,44.80622],[28.938731,44.798774],[28.92628,44.792955],[28.925466,44.783677],[28.932953,44.773505],[28.946137,44.765204],[28.936371,44.759955],[28.923839,44.757799],[28.879405,44.756578],[28.868826,44.753567],[28.808442,44.726874],[28.79835,44.720201],[28.788829,44.706244],[28.78712,44.693305],[28.793712,44.687893],[28.80836,44.696357],[28.80421,44.684231],[28.785411,44.679674],[28.781016,44.665269],[28.784028,44.649237],[28.792491,44.644721],[28.845551,44.651557],[28.869477,44.661811],[28.891368,44.677191],[28.911957,44.696357],[28.897716,44.716783],[28.967459,44.700995],[28.983409,44.692613],[28.987559,44.675279],[28.97934,44.655341],[28.962087,44.63939],[28.938731,44.634263],[28.956391,44.651109],[28.972667,44.670233],[28.975352,44.686835],[28.952403,44.696357],[28.952403,44.68891],[28.959972,44.681952],[28.957774,44.678778],[28.938731,44.675238],[28.924164,44.682074],[28.918224,44.682685],[28.913829,44.679918],[28.909434,44.675198],[28.904552,44.668402],[28.885427,44.658108],[28.854177,44.634345],[28.836274,44.627427],[28.787852,44.609605],[28.774181,44.600775],[28.791515,44.623847],[28.794688,44.634263],[28.779796,44.63581],[28.766938,44.633734],[28.757823,44.626776],[28.753673,44.613756],[28.766775,44.613756],[28.76059,44.603705],[28.764415,44.595893],[28.774425,44.590155],[28.787852,44.586493],[28.748057,44.577786],[28.732677,44.567857],[28.732677,44.552314],[28.737153,44.557074],[28.743907,44.561998],[28.746918,44.565985],[28.761078,44.560207],[28.774181,44.552314],[28.765636,44.538886],[28.753429,44.513495],[28.745616,44.486151],[28.750255,44.466702],[28.758474,44.465277],[28.766368,44.472602],[28.771983,44.48371],[28.778331,44.507392],[28.788097,44.515367],[28.80836,44.525051],[28.838145,44.554023],[28.855642,44.567694],[28.873546,44.573432],[28.892426,44.577053],[28.906261,44.587714],[28.914887,44.601386],[28.924978,44.620551],[28.918468,44.60102],[28.909679,44.584215],[28.844005,44.49372],[28.796723,44.467922],[28.706554,44.381049],[28.6963,44.358344],[28.693126,44.346137],[28.680186,44.353339],[28.664399,44.348375],[28.651215,44.340033],[28.64088,44.328559],[28.635102,44.316392],[28.632335,44.302436],[28.631033,44.26435],[28.635265,44.252021],[28.651215,44.23078],[28.665212,44.199286],[28.668142,44.184312],[28.664887,44.175605],[28.671723,44.168687],[28.658376,44.174465],[28.645844,44.172024],[28.636241,44.164293],[28.63087,44.154486],[28.637462,44.135891],[28.654145,44.054918],[28.671235,44.003323],[28.671723,43.997382],[28.669119,43.989163],[28.660004,43.979804],[28.654959,43.961371],[28.64088,43.932196],[28.637706,43.918647],[28.61378,43.884182],[28.609386,43.874498],[28.593516,43.819525],[28.587657,43.810248],[28.584483,43.800849],[28.589203,43.791327],[28.584809,43.782416],[28.58253,43.772366],[28.581879,43.761705],[28.583018,43.751044],[28.57838,43.741278],[28.434574,43.735213],[28.221254,43.761981],[28.014806,43.830039],[27.98101,43.84934],[27.935845,43.964398],[27.912074,43.993233],[27.912074,43.993336],[27.85647,43.988634],[27.787327,43.960419],[27.721698,43.94874],[27.682515,43.987256],[27.676119,43.993543],[27.656275,44.023877],[27.633434,44.029768],[27.574523,44.016281],[27.383837,44.015092],[27.372882,44.020725],[27.353555,44.045271],[27.341669,44.053074],[27.285342,44.072453],[27.26431,44.089765],[27.269012,44.112399],[27.252662,44.121519],[27.251132,44.122373],[27.226741,44.120719],[27.205553,44.129246],[27.100237,44.14449],[27.027476,44.177046],[27.001535,44.165109],[26.884126,44.156531],[26.789455,44.115965],[26.753695,44.10811],[26.708685,44.10811],[26.697212,44.106094],[26.677317,44.097051],[26.667808,44.095087],[26.647758,44.093382],[26.614168,44.084855],[26.415791,44.063789],[26.332335,44.054926],[26.310518,44.052609],[26.231453,44.027495],[26.150734,44.012405],[26.116214,43.998866],[26.079317,43.969049],[26.061644,43.949773],[26.054306,43.934322],[25.934003,43.870321],[25.924495,43.858616],[25.916433,43.844379],[25.869304,43.800893],[25.839332,43.788439],[25.806259,43.763661],[25.804399,43.759914],[25.781144,43.732009],[25.739596,43.718935],[25.732948,43.718781],[25.671384,43.717359],[25.653503,43.708134],[25.637897,43.697282],[25.616503,43.687748],[25.593869,43.680668],[25.575059,43.677387],[25.556558,43.670359],[25.533821,43.668679],[25.488759,43.67054],[25.48245,43.669715],[25.467417,43.667749],[25.426075,43.654391],[25.403131,43.65005],[25.35962,43.654287],[25.323033,43.669713],[25.28872,43.688962],[25.285405,43.690391],[25.252339,43.704646],[25.211308,43.711881],[25.0816,43.718935],[24.963675,43.749605],[24.752628,43.738804],[24.705603,43.743765],[24.661763,43.755657],[24.500137,43.799498],[24.466341,43.802418],[24.431201,43.794176],[24.375494,43.763867],[24.358234,43.760017],[24.336705,43.759251],[24.159383,43.752938],[24.149606,43.75472],[23.799922,43.818463],[23.742871,43.8427],[23.720753,43.845826],[23.636107,43.832158],[23.620854,43.83401],[23.592699,43.837429],[23.484695,43.880604],[23.325151,43.886592],[23.234478,43.877297],[23.196961,43.86275],[23.161924,43.857324],[23.131849,43.847945],[23.052551,43.84282],[22.919562,43.834225],[22.888763,43.839522],[22.863441,43.855412],[22.851039,43.874352],[22.850522,43.896986],[22.874707,43.972046],[22.885869,43.994525],[22.905816,44.003982],[22.926486,44.006152],[22.966277,44.015557],[22.988085,44.017676],[23.023018,44.031629],[23.040071,44.062325],[23.030976,44.093072],[23.008307,44.100446],[22.988085,44.107025],[22.942609,44.111469],[22.906436,44.122889],[22.69164,44.228435],[22.690739,44.228878],[22.685364,44.243657],[22.689498,44.291716],[22.68154,44.305307],[22.662523,44.311663],[22.621182,44.315901],[22.582838,44.328406],[22.549352,44.348974],[22.522687,44.37507],[22.505117,44.404061],[22.50398,44.411709],[22.506357,44.427522],[22.505427,44.435015],[22.500983,44.44194],[22.480002,44.455789],[22.477005,44.463954],[22.477212,44.476976],[22.479795,44.490412],[22.484136,44.499766],[22.491061,44.50421],[22.500363,44.50638],[22.535503,44.507517],[22.548422,44.511703],[22.55669,44.52147],[22.55979,44.538781],[22.565578,44.555421],[22.580461,44.565498],[22.600305,44.569787],[22.621182,44.569219],[22.642163,44.563121],[22.678543,44.545551],[22.700144,44.54183],[22.719367,44.544362],[22.741692,44.551855],[22.759262,44.564671],[22.765153,44.58281],[22.714716,44.623065],[22.700144,44.63061],[22.621182,44.637432],[22.587489,44.649369],[22.553279,44.669161],[22.483723,44.72399],[22.468943,44.730191],[22.450547,44.732981],[22.426052,44.733653],[22.41551,44.727814],[22.38068,44.700528],[22.361146,44.692054],[22.319702,44.685336],[22.304922,44.677377],[22.299031,44.661668],[22.185136,44.515113],[22.172114,44.505347],[22.148239,44.500902],[22.126639,44.502659],[22.104314,44.509636],[22.086951,44.52178],[22.076306,44.550718],[22.067107,44.55723],[22.055739,44.562139],[22.045197,44.569219],[22.039822,44.576867],[22.036174,44.589489],[22.034243,44.596168],[22.032174,44.603325],[22.004269,44.651539],[21.994347,44.658567],[21.962411,44.662288],[21.871977,44.695981],[21.855441,44.698461],[21.838284,44.695206],[21.801697,44.683889],[21.756842,44.677274],[21.705166,44.677067],[21.65628,44.687661],[21.619693,44.713913],[21.610288,44.731948],[21.604293,44.749983],[21.595612,44.765951],[21.578042,44.777681],[21.558405,44.78166],[21.49722,44.778043],[21.41216,44.784813],[21.395934,44.790239],[21.378571,44.816645],[21.360587,44.826412],[21.3598,44.826657],[21.342811,44.831942],[21.346428,44.845636],[21.355523,44.856591],[21.368545,44.86486],[21.395314,44.871629],[21.453398,44.869562],[21.48151,44.872611],[21.522128,44.880776],[21.536287,44.889302],[21.539078,44.908474],[21.531016,44.924649],[21.51634,44.933899],[21.48151,44.943563],[21.456499,44.952348],[21.40844,44.958342],[21.385185,44.969504],[21.384565,44.97493],[21.387046,44.981545],[21.383945,44.986661],[21.366995,44.987281],[21.353456,44.989813],[21.351389,44.998236],[21.356143,45.008572],[21.363378,45.01653],[21.3733,45.020096],[21.398828,45.021387],[21.409266,45.023971],[21.421875,45.031413],[21.425079,45.036219],[21.425596,45.043247],[21.429524,45.057303],[21.432521,45.061488],[21.440996,45.068723],[21.443786,45.072909],[21.444406,45.07787],[21.444406,45.08526],[21.443786,45.091461],[21.442443,45.092908],[21.449987,45.101021],[21.458566,45.107325],[21.469004,45.111046],[21.48151,45.111563],[21.494119,45.119314],[21.49784,45.131872],[21.493292,45.145101],[21.484388,45.152702],[21.459393,45.17404],[21.433761,45.188819],[21.405546,45.199671],[21.299299,45.223184],[21.257131,45.224114],[21.239251,45.229385],[21.206075,45.245922],[21.189745,45.259564],[21.155638,45.295169],[21.139412,45.303696],[21.12918,45.301887],[21.113057,45.28933],[21.103342,45.286074],[21.09156,45.288089],[21.082775,45.293671],[21.0743,45.300544],[21.063964,45.30628],[21.016668,45.321482],[20.981489,45.33279],[20.966193,45.341575],[20.927642,45.37749],[20.863047,45.418728],[20.830387,45.452524],[20.816021,45.462859],[20.799484,45.468544],[20.781604,45.472574],[20.767135,45.479344],[20.760727,45.493348],[20.783155,45.506061],[20.797624,45.516499],[20.800208,45.530504],[20.787392,45.553655],[20.75804,45.58926],[20.754423,45.605589],[20.762174,45.630601],[20.773233,45.648894],[20.777264,45.657524],[20.779951,45.671684],[20.779124,45.72367],[20.781604,45.733954],[20.785532,45.743411],[20.785739,45.752557],[20.77747,45.762324],[20.765171,45.766768],[20.754113,45.763564],[20.745328,45.754986],[20.739436,45.743411],[20.726827,45.736176],[20.713392,45.733334],[20.700059,45.735401],[20.68807,45.7431],[20.678562,45.75664],[20.655617,45.77731],[20.645902,45.788731],[20.64349,45.795141],[20.642285,45.798343],[20.640114,45.818703],[20.636704,45.827023],[20.629676,45.833276],[20.612312,45.841492],[20.605284,45.846143],[20.572108,45.887691],[20.556709,45.89844],[20.538002,45.903711],[20.499865,45.906656],[20.481674,45.912703],[20.429068,45.946706],[20.410258,45.955594],[20.370984,45.96779],[20.35393,45.976678],[20.338634,45.992801],[20.317653,46.038586],[20.305665,46.053572],[20.242826,46.108091],[20.283237,46.1438],[20.444157,46.1469],[20.468549,46.174134],[20.509373,46.167674],[20.548957,46.15615],[20.578103,46.137547],[20.588025,46.132844],[20.600117,46.12964],[20.607558,46.129485],[20.663989,46.137753],[20.683523,46.144678],[20.698819,46.15646],[20.704193,46.16633],[20.704368,46.168526],[20.70533,46.180645],[20.710291,46.188086],[20.717836,46.189998],[20.727137,46.187725],[20.736646,46.186691],[20.744707,46.192272],[20.744811,46.200282],[20.735509,46.222503],[20.734992,46.231908],[20.739333,46.237489],[20.778504,46.260072],[20.787369,46.26339],[20.798658,46.267616],[20.819638,46.271699],[20.839689,46.271079],[20.848991,46.267771],[20.866974,46.257126],[20.875139,46.254387],[20.885061,46.255007],[20.899737,46.260692],[20.906558,46.26219],[20.924438,46.259555],[20.961748,46.248341],[20.981489,46.248858],[20.990584,46.251597],[20.999162,46.251597],[21.007017,46.248858],[21.013942,46.24307],[21.033475,46.231339],[21.051459,46.236094],[21.099208,46.27635],[21.105616,46.278675],[21.134865,46.27852],[21.144476,46.283739],[21.155949,46.298932],[21.164527,46.318259],[21.168661,46.362753],[21.17879,46.384457],[21.195636,46.398099],[21.21517,46.402905],[21.257544,46.404171],[21.280695,46.416393],[21.274391,46.438355],[21.245142,46.47688],[21.247623,46.497473],[21.261679,46.513338],[21.278938,46.528401],[21.291341,46.546721],[21.295268,46.585039],[21.300953,46.603926],[21.316249,46.616639],[21.337643,46.620411],[21.374436,46.618448],[21.396037,46.626354],[21.416811,46.645216],[21.423539,46.658231],[21.425493,46.662011],[21.436241,46.673741],[21.463527,46.677049],[21.483577,46.684852],[21.501767,46.703507],[21.505178,46.723247],[21.478203,46.735934],[21.475206,46.737846],[21.472622,46.740197],[21.470451,46.743014],[21.471381,46.749034],[21.473655,46.754873],[21.477066,46.760222],[21.48151,46.764976],[21.502904,46.80531],[21.51572,46.821588],[21.536597,46.835023],[21.573081,46.841767],[21.583416,46.847943],[21.591788,46.860707],[21.591477,46.871533],[21.588067,46.882204],[21.587137,46.8944],[21.588687,46.906182],[21.589927,46.908869],[21.594371,46.910006],[21.640053,46.935689],[21.648528,46.942976],[21.667545,46.992378],[21.671369,46.99336],[21.670749,46.994394],[21.661757,47.006072],[21.654833,47.009948],[21.645221,47.01124],[21.636643,47.014082],[21.63427,47.019422],[21.632819,47.022686],[21.671886,47.054726],[21.69421,47.069169],[21.74351,47.091597],[21.763767,47.105214],[21.770485,47.114025],[21.775446,47.131672],[21.77989,47.140741],[21.789398,47.150301],[21.811516,47.164693],[21.819887,47.172729],[21.825985,47.185054],[21.825675,47.194278],[21.823298,47.203321],[21.823608,47.214923],[21.827742,47.226007],[21.839318,47.240839],[21.844589,47.249934],[21.856061,47.285745],[21.862159,47.297424],[21.900813,47.335742],[21.919003,47.349669],[21.936986,47.357162],[21.981531,47.366102],[22.001582,47.393827],[22.000238,47.427184],[21.991453,47.461807],[21.988869,47.492942],[22.007886,47.517411],[22.037445,47.539322],[22.09956,47.570948],[22.148549,47.579345],[22.154177,47.582213],[22.162089,47.586244],[22.16736,47.593789],[22.167608,47.594862],[22.169117,47.601385],[22.16984,47.608775],[22.172837,47.615389],[22.197642,47.639315],[22.200743,47.647945],[22.204153,47.666291],[22.207874,47.673732],[22.215212,47.679933],[22.232162,47.688253],[22.23981,47.693472],[22.261721,47.715848],[22.27309,47.723755],[22.29159,47.730705],[22.309366,47.735046],[22.322079,47.735873],[22.368278,47.73117],[22.382644,47.732023],[22.395873,47.735692],[22.407345,47.743082],[22.423675,47.782563],[22.454371,47.787394],[22.528475,47.761039],[22.562994,47.757215],[22.601235,47.760936],[22.637719,47.771555],[22.666967,47.78879],[22.691669,47.8107],[22.703864,47.817186],[22.724225,47.82349],[22.745826,47.824989],[22.75182,47.827676],[22.760295,47.838916],[22.758331,47.846228],[22.753267,47.852687],[22.752854,47.86124],[22.763602,47.874753],[22.779622,47.882298],[22.819723,47.892323],[22.836053,47.902452],[22.861167,47.933819],[22.877601,47.946739]]]}},{"type":"Feature","properties":{"name":"Moldavi\u00eb","country":"MDA"},"geometry":{"type":"Polygon","coordinates":[[[26.617889,48.258968],[26.618613,48.267184],[26.625124,48.282894],[26.636079,48.294883],[26.6691,48.30881],[26.67401,48.321703],[26.679797,48.330178],[26.699434,48.325113],[26.712974,48.314907],[26.723619,48.302582],[26.735918,48.291834],[26.754573,48.286149],[26.774365,48.287183],[26.785734,48.294108],[26.790075,48.307053],[26.789351,48.32594],[26.78408,48.345164],[26.778189,48.357204],[26.777518,48.36617],[26.78806,48.375963],[26.793589,48.376273],[26.810074,48.371881],[26.816947,48.371726],[26.825628,48.377772],[26.828419,48.385136],[26.831933,48.391363],[26.842785,48.39374],[26.875961,48.383999],[26.908724,48.36524],[26.943244,48.351262],[26.981071,48.35568],[26.990579,48.362372],[26.997814,48.361545],[27.004635,48.358755],[27.015591,48.359401],[27.027683,48.357747],[27.033057,48.360202],[27.031817,48.36524],[27.02851,48.370795],[27.027786,48.374774],[27.0282,48.381389],[27.025409,48.389864],[27.02634,48.397099],[27.037398,48.399683],[27.048044,48.397667],[27.068818,48.388882],[27.175788,48.361804],[27.208551,48.360615],[27.246481,48.373741],[27.25193,48.37831],[27.306012,48.42366],[27.342186,48.436114],[27.36141,48.432807],[27.389832,48.415005],[27.403474,48.411491],[27.420217,48.417149],[27.480885,48.451411],[27.50383,48.472365],[27.545171,48.472365],[27.557057,48.474355],[27.582998,48.486034],[27.604806,48.484122],[27.606873,48.457819],[27.627026,48.451256],[27.751773,48.451979],[27.78526,48.441566],[27.849855,48.40963],[27.864841,48.398907],[27.885371,48.378444],[27.896674,48.367178],[27.904529,48.362475],[27.92644,48.339428],[27.967057,48.328886],[28.003177,48.325883],[28.055941,48.321496],[28.076405,48.314933],[28.092838,48.302066],[28.098315,48.284108],[28.078678,48.244912],[28.093251,48.237444],[28.115575,48.236747],[28.131078,48.239589],[28.162084,48.257185],[28.178517,48.258864],[28.185752,48.242379],[28.189369,48.223052],[28.199911,48.211735],[28.216965,48.208144],[28.240322,48.211632],[28.261716,48.219952],[28.277529,48.229124],[28.294479,48.236488],[28.340575,48.240106],[28.357731,48.238607],[28.36817,48.230623],[28.37003,48.211632],[28.363364,48.191013],[28.352253,48.181866],[28.337887,48.175484],[28.322178,48.163211],[28.315563,48.149284],[28.317424,48.135358],[28.328586,48.127012],[28.349566,48.129725],[28.364966,48.141507],[28.37556,48.156648],[28.388634,48.168586],[28.411578,48.170704],[28.427288,48.163366],[28.436899,48.149853],[28.435659,48.134686],[28.419019,48.122232],[28.447441,48.082751],[28.459379,48.074457],[28.479584,48.064923],[28.490023,48.065491],[28.493744,48.074819],[28.494157,48.091846],[28.49979,48.108914],[28.501082,48.112827],[28.519323,48.149129],[28.541596,48.155951],[28.573635,48.154969],[28.665619,48.129337],[28.735072,48.128691],[28.771246,48.124454],[28.799255,48.111793],[28.805921,48.103809],[28.80835,48.096574],[28.809176,48.089779],[28.811554,48.082906],[28.827573,48.057016],[28.830777,48.030868],[28.832534,48.024822],[28.839252,48.018285],[28.855685,48.007923],[28.862085,48.000502],[28.882557,47.976763],[28.914803,47.953146],[28.936087,47.942164],[28.950356,47.934801],[28.980846,47.926378],[29.017226,47.931081],[29.061047,47.96976],[29.092725,47.980173],[29.110037,47.979656],[29.123989,47.975987],[29.136288,47.968184],[29.147967,47.955369],[29.155822,47.939866],[29.164607,47.905604],[29.172565,47.891006],[29.186621,47.883642],[29.225999,47.87558],[29.236024,47.870723],[29.232768,47.85708],[29.21742,47.842895],[29.19892,47.829485],[29.186724,47.818219],[29.177733,47.800701],[29.177836,47.78972],[29.187448,47.783209],[29.221968,47.774811],[29.234732,47.766801],[29.238608,47.756001],[29.22667,47.743237],[29.196956,47.717502],[29.191479,47.686264],[29.192409,47.650917],[29.182074,47.613219],[29.156184,47.582781],[29.130501,47.55963],[29.117426,47.533327],[29.130397,47.4932],[29.130501,47.493097],[29.130604,47.493045],[29.130656,47.492942],[29.137189,47.484008],[29.140009,47.480152],[29.155615,47.449999],[29.163884,47.439379],[29.182074,47.429871],[29.192409,47.435814],[29.201866,47.446588],[29.21835,47.451601],[29.232613,47.44633],[29.2507,47.425375],[29.281396,47.411474],[29.288217,47.400777],[29.292713,47.388866],[29.300826,47.378194],[29.314675,47.372717],[29.330385,47.370495],[29.345836,47.365844],[29.35891,47.352718],[29.364078,47.336879],[29.364491,47.322436],[29.367592,47.308225],[29.370882,47.304434],[29.380821,47.29298],[29.394464,47.284712],[29.409553,47.279751],[29.425573,47.278666],[29.441696,47.282128],[29.459163,47.293497],[29.466087,47.307449],[29.470635,47.322746],[29.480867,47.338274],[29.501072,47.339825],[29.520968,47.33892],[29.539881,47.334218],[29.556573,47.324038],[29.57006,47.306778],[29.579259,47.283601],[29.580189,47.26045],[29.568717,47.243138],[29.544015,47.23425],[29.540398,47.212546],[29.55063,47.160172],[29.544842,47.135574],[29.530373,47.123688],[29.508669,47.119399],[29.480867,47.117487],[29.478593,47.114645],[29.47787,47.111544],[29.478696,47.108469],[29.480867,47.10524],[29.511459,47.066017],[29.520141,47.059919],[29.530993,47.066017],[29.539726,47.078885],[29.551353,47.090202],[29.570164,47.091442],[29.583393,47.085215],[29.594865,47.074595],[29.6021,47.061005],[29.60303,47.04576],[29.595433,47.032143],[29.583393,47.02279],[29.572489,47.011757],[29.564996,46.974498],[29.560626,46.961256],[29.559828,46.95884],[29.558691,46.94574],[29.567476,46.934656],[29.573161,46.933725],[29.598482,46.935379],[29.607577,46.93202],[29.623287,46.91954],[29.631865,46.914398],[29.648092,46.910419],[29.680855,46.908559],[29.696151,46.904683],[29.712481,46.893444],[29.735838,46.867192],[29.754132,46.85802],[29.785758,46.854661],[29.815213,46.856624],[29.843635,46.854144],[29.872212,46.837711],[29.876915,46.830786],[29.884873,46.812673],[29.889627,46.80717],[29.898516,46.806653],[29.907714,46.810942],[29.917429,46.813965],[29.928178,46.809754],[29.930658,46.803087],[29.930452,46.781642],[29.931795,46.772443],[29.935671,46.765157],[29.946678,46.750739],[29.951122,46.743117],[29.952621,46.724694],[29.944404,46.662476],[29.94027,46.650797],[29.935413,46.641857],[29.931899,46.632374],[29.931279,46.619171],[29.934948,46.608836],[29.947402,46.588346],[29.949675,46.578863],[29.9381,46.55734],[29.916086,46.554369],[29.898826,46.553129],[29.901926,46.53083],[29.916086,46.518815],[29.960217,46.505948],[29.962078,46.503442],[29.967039,46.493856],[29.970553,46.491737],[29.977064,46.493184],[29.989259,46.498687],[29.994944,46.498532],[30.00285,46.494217],[30.009413,46.488068],[30.021712,46.470653],[30.014064,46.462023],[30.060005,46.436805],[30.077006,46.422826],[30.086928,46.428873],[30.102017,46.430733],[30.118244,46.428692],[30.131576,46.422826],[30.107185,46.391898],[30.08114,46.374199],[30.037267,46.368928],[29.918669,46.373656],[29.902546,46.371176],[29.884666,46.3642],[29.847769,46.341462],[29.828132,46.339395],[29.808185,46.354691],[29.80617,46.361564],[29.806738,46.380891],[29.805085,46.389986],[29.80033,46.398358],[29.779557,46.421095],[29.72695,46.455796],[29.714134,46.47117],[29.713824,46.443058],[29.702869,46.42833],[29.682715,46.42293],[29.654396,46.422697],[29.647988,46.416393],[29.652949,46.391898],[29.645508,46.375594],[29.632072,46.36606],[29.615639,46.361822],[29.598586,46.363063],[29.582979,46.369651],[29.56944,46.382286],[29.555643,46.404197],[29.541432,46.413034],[29.527479,46.416651],[29.49606,46.420811],[29.480867,46.425152],[29.475079,46.432257],[29.473322,46.439802],[29.475286,46.447554],[29.480867,46.455512],[29.486241,46.462488],[29.488205,46.469361],[29.486448,46.475872],[29.480867,46.482048],[29.457612,46.484709],[29.456724,46.484366],[29.436838,46.476699],[29.418235,46.462488],[29.374723,46.416186],[29.362114,46.415928],[29.344234,46.434169],[29.320773,46.468741],[29.306717,46.471997],[29.289147,46.451636],[29.285943,46.439492],[29.290697,46.419261],[29.290077,46.410243],[29.283256,46.397427],[29.278192,46.395877],[29.27137,46.397427],[29.259175,46.394353],[29.222898,46.366473],[29.200677,46.35712],[29.183727,46.367171],[29.183417,46.37761],[29.190342,46.387196],[29.199282,46.396497],[29.205638,46.406109],[29.207602,46.417891],[29.206775,46.502511],[29.200212,46.523983],[29.184244,46.538039],[29.183059,46.538042],[29.162747,46.538091],[29.074948,46.503674],[29.055915,46.49874],[29.020326,46.489515],[28.945809,46.454788],[28.925448,46.432774],[28.919247,46.404662],[28.927309,46.368024],[28.944879,46.32074],[28.945809,46.304978],[28.939918,46.286995],[28.93289,46.272629],[28.93351,46.258986],[28.950615,46.243122],[28.95077,46.24307],[28.984112,46.221221],[29.009836,46.204364],[29.015365,46.182609],[29.00348,46.158941],[28.980846,46.132121],[28.946429,46.105094],[28.938781,46.089281],[28.941158,46.064683],[28.958935,46.021016],[28.956868,46.001379],[28.93196,45.993163],[28.757603,45.961175],[28.74024,45.953217],[28.729181,45.938644],[28.728406,45.921953],[28.742307,45.887329],[28.746441,45.870586],[28.745046,45.850484],[28.738276,45.837565],[28.725564,45.82878],[28.706392,45.821132],[28.677298,45.816584],[28.669753,45.812037],[28.669392,45.806301],[28.671924,45.797257],[28.673267,45.78687],[28.669753,45.77731],[28.643605,45.76651],[28.576684,45.761911],[28.560613,45.743204],[28.563525,45.735494],[28.567641,45.7246],[28.56144,45.71659],[28.532501,45.710079],[28.515241,45.702018],[28.504182,45.693698],[28.480928,45.669462],[28.474003,45.657938],[28.482891,45.650755],[28.498498,45.644295],[28.511314,45.635045],[28.516895,45.620989],[28.518755,45.607036],[28.523096,45.593239],[28.536893,45.579803],[28.510435,45.571018],[28.504596,45.567246],[28.503743,45.566102],[28.498239,45.558719],[28.497981,45.556445],[28.500048,45.554585],[28.506456,45.520582],[28.502012,45.508748],[28.480928,45.501978],[28.416849,45.503787],[28.341918,45.517636],[28.270501,45.521512],[28.270423,45.521471],[28.217275,45.493348],[28.217171,45.493193],[28.20849,45.481411],[28.201565,45.468854],[28.199498,45.461774],[28.172936,45.484357],[28.165908,45.494589],[28.165391,45.528282],[28.164048,45.530607],[28.161567,45.532726],[28.157743,45.538927],[28.140949,45.560218],[28.118004,45.572723],[28.062142,45.593601],[28.074751,45.604866],[28.091184,45.615976],[28.107721,45.6244],[28.120846,45.627707],[28.153713,45.6275],[28.167975,45.632461],[28.161774,45.645432],[28.163738,45.661503],[28.154953,45.761807],[28.146478,45.771161],[28.128908,45.795035],[28.113302,45.825369],[28.110511,45.854308],[28.114955,45.859734],[28.128184,45.8664],[28.131078,45.871361],[28.129115,45.875134],[28.120226,45.887846],[28.117436,45.895236],[28.118779,45.903142],[28.12281,45.910791],[28.124981,45.918387],[28.120846,45.926293],[28.114852,45.933218],[28.112371,45.939213],[28.110511,45.950426],[28.08612,46.000552],[28.082709,46.014712],[28.084466,46.024582],[28.096869,46.05967],[28.096558,46.065045],[28.090461,46.06799],[28.090151,46.073365],[28.092838,46.078377],[28.100796,46.081995],[28.107823,46.096103],[28.110506,46.101491],[28.127358,46.135325],[28.133249,46.159974],[28.144721,46.183229],[28.141517,46.191962],[28.135626,46.198835],[28.129321,46.204674],[28.110976,46.225603],[28.108961,46.23413],[28.120846,46.237851],[28.132112,46.239918],[28.134489,46.245344],[28.131078,46.262397],[28.135212,46.269322],[28.144928,46.272939],[28.156296,46.275368],[28.165753,46.27883],[28.177794,46.287047],[28.191333,46.307769],[28.192883,46.311231],[28.191953,46.323504],[28.187922,46.343787],[28.190351,46.351074],[28.202392,46.353916],[28.207146,46.358153],[28.212934,46.388694],[28.219548,46.393345],[28.226796,46.395548],[28.228643,46.39611],[28.233294,46.401768],[28.22606,46.415359],[28.240219,46.420268],[28.246058,46.427865],[28.247247,46.436185],[28.247144,46.467191],[28.2458,46.475511],[28.242338,46.476518],[28.2381,46.475588],[28.234121,46.478069],[28.221099,46.495768],[28.219032,46.503726],[28.221099,46.541191],[28.224768,46.548736],[28.234121,46.553129],[28.225439,46.569562],[28.230504,46.583902],[28.240529,46.596382],[28.247144,46.607156],[28.24735,46.620825],[28.245085,46.631451],[28.24425,46.635372],[28.234121,46.662424],[28.178104,46.739836],[28.178156,46.758646],[28.137796,46.80624],[28.121518,46.8343],[28.122615,46.84227],[28.124257,46.854195],[28.124257,46.861637],[28.113095,46.87143],[28.114335,46.883393],[28.11356,46.894761],[28.096869,46.902616],[28.105447,46.91768],[28.104994,46.920185],[28.102295,46.935121],[28.082709,46.971527],[28.069067,46.988503],[28.038146,47.015483],[28.037027,47.016459],[28.028036,47.03297],[28.008295,47.026304],[27.986591,47.033228],[27.96313,47.043383],[27.938739,47.046638],[27.938429,47.061056],[27.925923,47.068756],[27.897604,47.081417],[27.867012,47.104645],[27.85771,47.109322],[27.848202,47.111415],[27.843757,47.114386],[27.849855,47.121724],[27.849855,47.12852],[27.80655,47.144617],[27.794665,47.155831],[27.805879,47.158234],[27.807687,47.162471],[27.804793,47.168492],[27.802106,47.176346],[27.800349,47.176966],[27.788309,47.204277],[27.763039,47.226317],[27.752393,47.238926],[27.753634,47.251432],[27.733273,47.275617],[27.722835,47.283317],[27.697823,47.287502],[27.689865,47.290887],[27.68232,47.295254],[27.671727,47.299853],[27.6447,47.303987],[27.636948,47.306674],[27.624029,47.321428],[27.599948,47.360728],[27.588724,47.367389],[27.586409,47.368764],[27.572353,47.375197],[27.580311,47.405996],[27.562534,47.416538],[27.565531,47.428269],[27.569356,47.438553],[27.574782,47.446252],[27.582998,47.450671],[27.575867,47.460412],[27.563154,47.468344],[27.548168,47.474261],[27.534526,47.477982],[27.532975,47.477413],[27.50724,47.477982],[27.501453,47.479945],[27.497525,47.482426],[27.492564,47.484545],[27.483676,47.485423],[27.473134,47.491779],[27.466726,47.506352],[27.459491,47.533224],[27.456908,47.533896],[27.446056,47.534877],[27.442128,47.536634],[27.440061,47.541027],[27.440268,47.550096],[27.438976,47.553713],[27.435824,47.55994],[27.431342,47.572638],[27.429404,47.57813],[27.428382,47.581024],[27.397066,47.589086],[27.369161,47.60831],[27.304049,47.666549],[27.281104,47.693007],[27.272009,47.71497],[27.295057,47.718174],[27.295057,47.724427],[27.289579,47.731687],[27.29113,47.74241],[27.288114,47.75068],[27.287512,47.752332],[27.282448,47.755691],[27.264671,47.764553],[27.260847,47.769075],[27.256196,47.77755],[27.244879,47.792588],[27.231082,47.807083],[27.219196,47.813775],[27.253406,47.828089],[27.245809,47.83659],[27.234906,47.840208],[27.222813,47.842662],[27.212375,47.847933],[27.213202,47.854134],[27.211548,47.885011],[27.212375,47.889507],[27.194185,47.904054],[27.17155,47.912632],[27.160698,47.921727],[27.178268,47.937928],[27.178268,47.942096],[27.178268,47.944129],[27.171964,47.946429],[27.150983,47.957797],[27.162869,47.965006],[27.169793,47.973791],[27.16876,47.983067],[27.157184,47.991955],[27.143748,47.986839],[27.134602,48.000456],[27.121476,48.013194],[27.095793,48.005598],[27.093364,48.00844],[27.091452,48.011851],[27.090005,48.015623],[27.088971,48.019809],[27.109332,48.026088],[27.109332,48.033503],[27.083184,48.043658],[27.059206,48.05805],[27.041739,48.077273],[27.034298,48.101768],[27.036882,48.107349],[27.047424,48.116496],[27.047955,48.121409],[27.048044,48.122232],[27.042773,48.127296],[27.033678,48.132386],[27.025099,48.135048],[27.012697,48.128123],[26.99399,48.132412],[26.966602,48.143367],[26.966602,48.149594],[26.986239,48.150421],[26.997607,48.15794],[26.997607,48.16657],[26.963088,48.175381],[26.955646,48.186],[26.950582,48.197524],[26.938128,48.204811],[26.929085,48.199049],[26.917716,48.187964],[26.908001,48.184528],[26.90397,48.201452],[26.897665,48.208971],[26.855497,48.237832],[26.844749,48.23331],[26.821908,48.252534],[26.804906,48.25827],[26.76372,48.252741],[26.744031,48.255583],[26.733127,48.27075],[26.722379,48.259769],[26.711475,48.261319],[26.688531,48.274832],[26.665741,48.274212],[26.617889,48.258968]]]}}]}