{"type":"FeatureCollection","features":[{"type":"Feature","properties":{"name":"Castilla-Leon","country":"ES"},"geometry":{"type":"MultiPolygon","coordinates":[[[[-4.893577,43.238479],[-4.839201,43.18976],[-4.851426,43.125945],[-4.743985,43.05645],[-4.739274,43.022276],[-4.638131,43.016673],[-4.606084,43.035767],[-4.558449,43.019515],[-4.447551,43.05854],[-4.348485,42.972581],[-4.240249,42.956533],[-4.224679,42.85677],[-4.199694,42.844571],[-4.14426,42.868615],[-4.128477,42.846267],[-4.178566,42.826247],[-4.185429,42.817297],[-4.182704,42.810346],[-4.098486,42.791182],[-4.07173,42.760537],[-4.007441,42.831112],[-3.999652,42.768979],[-3.978885,42.758081],[-3.910953,42.768386],[-3.894446,42.804538],[-3.863375,42.786458],[-3.822211,42.799638],[-3.826742,42.870857],[-3.863736,42.88981],[-3.880189,42.851386],[-3.914832,42.860084],[-3.897473,42.880285],[-3.924349,42.889221],[-3.892934,42.887363],[-3.907819,42.914523],[-3.868605,42.899076],[-3.833546,42.917986],[-3.839539,42.93978],[-3.887383,42.948767],[-3.933543,42.899602],[-3.987171,42.94054],[-3.945465,43.005773],[-3.890746,43.041826],[-3.850786,43.039248],[-3.831769,43.063826],[-3.846961,43.084399],[-3.764569,43.081034],[-3.651753,43.180792],[-3.603544,43.149637],[-3.444756,43.131533],[-3.253417,43.198581],[-3.224093,43.170132],[-3.148292,43.174001],[-3.181786,43.120879],[-3.133941,43.097234],[-3.158187,43.074016],[-3.14186,43.029814],[-3.177802,43.021984],[-3.060257,43.00351],[-2.981262,42.93912],[-3.018906,42.908512],[-3.092102,42.898779],[-3.224729,42.949692],[-3.282609,42.875514],[-3.205533,42.827401],[-3.222176,42.838636],[-3.190686,42.869463],[-3.162823,42.856737],[-3.11494,42.889249],[-3.159229,42.804591],[-3.123255,42.789326],[-3.147913,42.756697],[-3.049654,42.765606],[-2.980631,42.703819],[-2.902502,42.693603],[-2.89606,42.655033],[-2.858093,42.638205],[-2.916008,42.619521],[-2.946451,42.639317],[-3.084152,42.640687],[-3.05983,42.589188],[-3.134271,42.542053],[-3.072572,42.528923],[-3.094695,42.488074],[-3.046004,42.445154],[-3.056881,42.370273],[-3.078179,42.41575],[-3.101347,42.416777],[-3.10527,42.386369],[-3.063462,42.356697],[-3.109668,42.351448],[-3.088589,42.245725],[-3.129368,42.198494],[-3.034373,42.085963],[-2.935333,42.089408],[-2.913624,42.022852],[-2.883826,42.009487],[-2.797986,42.046844],[-2.774851,42.123536],[-2.734666,42.124954],[-2.705947,42.103556],[-2.757377,42.033102],[-2.746961,42.009275],[-2.579909,41.996264],[-2.51488,42.068861],[-2.514676,42.114542],[-2.318205,42.145181],[-2.28216,42.131703],[-2.269589,42.088555],[-2.127324,42.097169],[-2.161913,42.066734],[-2.107632,42.002774],[-2.124072,41.995309],[-2.109961,41.957868],[-2.028314,41.953386],[-1.970298,41.919142],[-1.855916,41.966297],[-1.857281,41.909515],[-1.817601,41.85338],[-1.852918,41.789564],[-1.775372,41.724789],[-1.786862,41.699431],[-1.812074,41.686454],[-1.806224,41.664263],[-1.858991,41.66153],[-1.9231,41.598335],[-1.993238,41.60051],[-1.967335,41.546067],[-1.981112,41.486435],[-1.937295,41.407854],[-2.02927,41.384158],[-2.035623,41.426889],[-2.10152,41.445789],[-2.116033,41.382047],[-2.163137,41.35535],[-2.173671,41.288085],[-2.146242,41.184395],[-2.051693,41.146849],[-2.065622,41.095789],[-2.048179,41.078378],[-2.07169,41.07249],[-2.131855,41.118098],[-2.175298,41.083755],[-2.232147,41.097011],[-2.323407,41.056508],[-2.355329,41.086454],[-2.41891,41.057706],[-2.469466,41.07811],[-2.53651,41.162525],[-2.595314,41.150253],[-2.577493,41.178663],[-2.622066,41.187988],[-2.589486,41.224538],[-2.629198,41.215215],[-2.646015,41.24021],[-2.709546,41.251981],[-2.716772,41.275671],[-2.822245,41.256615],[-2.866888,41.274465],[-2.866846,41.313072],[-2.888425,41.325238],[-3.061901,41.273427],[-3.199755,41.304429],[-3.254264,41.258383],[-3.415147,41.273197],[-3.402486,41.213619],[-3.444154,41.21534],[-3.516222,41.1623],[-3.613703,41.149053],[-3.781366,41.000312],[-3.907197,40.955303],[-3.952276,40.893632],[-3.979676,40.784555],[-4.0767,40.788881],[-4.171567,40.680626],[-4.161183,40.623465],[-4.245439,40.602447],[-4.290709,40.627823],[-4.289262,40.564194],[-4.328218,40.533757],[-4.315679,40.464766],[-4.341252,40.428678],[-4.321089,40.410309],[-4.42173,40.406229],[-4.455762,40.319351],[-4.502898,40.314893],[-4.546225,40.341825],[-4.529379,40.293125],[-4.569479,40.257298],[-4.565676,40.218188],[-4.654235,40.198067],[-4.687258,40.212002],[-4.698141,40.282192],[-4.76159,40.260902],[-4.804253,40.275091],[-4.807675,40.235319],[-4.924675,40.169984],[-4.925454,40.136036],[-5.005785,40.109746],[-5.018542,40.159053],[-5.171616,40.08482],[-5.203518,40.083434],[-5.215311,40.107847],[-5.318845,40.107496],[-5.367911,40.163039],[-5.34374,40.264429],[-5.429097,40.252607],[-5.47091,40.207853],[-5.541145,40.195874],[-5.61452,40.218298],[-5.692662,40.292106],[-5.793144,40.286705],[-5.7991,40.353711],[-5.885048,40.326134],[-5.917174,40.277697],[-5.968485,40.28956],[-6.016428,40.316521],[-6.016017,40.340292],[-6.105716,40.356795],[-6.064959,40.396605],[-6.129484,40.420788],[-6.116127,40.441585],[-6.147017,40.436118],[-6.230476,40.486602],[-6.344643,40.442776],[-6.371396,40.401874],[-6.536284,40.347244],[-6.587022,40.270721],[-6.671753,40.263232],[-6.690137,40.242662],[-6.718225,40.269239],[-6.755603,40.238923],[-6.846804,40.254431],[-6.862937,40.297435],[-6.794182,40.328793],[-6.780997,40.364672],[-6.834799,40.408152],[-6.849694,40.452576],[-6.795028,40.511915],[-6.80083,40.550628],[-6.84482,40.565876],[-6.793894,40.66168],[-6.831198,40.752637],[-6.826117,40.843239],[-6.800304,40.848273],[-6.930088,41.030068],[-6.80836,41.036476],[-6.753989,41.102779],[-6.767418,41.13521],[-6.647766,41.247566],[-6.57339,41.238753],[-6.521825,41.275998],[-6.497037,41.265605],[-6.416763,41.347514],[-6.379573,41.357232],[-6.389928,41.385367],[-6.318303,41.386116],[-6.332814,41.411497],[-6.18935,41.575024],[-6.302172,41.662738],[-6.444493,41.684833],[-6.498515,41.657129],[-6.548245,41.685617],[-6.568989,41.743498],[-6.515768,41.870726],[-6.571185,41.883621],[-6.54585,41.935933],[-6.573802,41.960666],[-6.699273,41.933328],[-6.750622,41.943393],[-6.785607,41.988896],[-6.811484,41.992523],[-6.82115,41.946313],[-6.844417,41.942303],[-6.94169,41.944294],[-6.98454,41.973634],[-6.961098,42.027906],[-6.974792,42.055157],[-7.033585,42.074235],[-6.878245,42.219519],[-6.78714,42.215724],[-6.803175,42.238667],[-6.741146,42.298663],[-6.733953,42.359111],[-6.842307,42.403617],[-6.814273,42.427354],[-6.826694,42.492958],[-6.932196,42.520544],[-6.978542,42.493253],[-7.077054,42.50819],[-7.069671,42.553949],[-7.033562,42.58409],[-7.047005,42.6327],[-7.004357,42.642872],[-7.045192,42.694765],[-6.86743,42.787174],[-6.840321,42.823365],[-6.871279,42.873841],[-6.814892,42.87082],[-6.847994,42.914325],[-6.776929,42.901433],[-6.771515,42.882551],[-6.689905,42.922464],[-6.48977,42.920249],[-6.433102,42.939757],[-6.433638,42.96416],[-6.473011,42.967752],[-6.478136,42.991205],[-6.424081,42.987875],[-6.359088,43.059577],[-6.226808,43.008913],[-6.21556,43.0472],[-6.136667,43.020993],[-6.095964,43.031278],[-6.081878,43.075716],[-5.975035,43.065418],[-5.956745,43.018593],[-5.914618,42.992698],[-5.804006,42.962615],[-5.763858,42.97013],[-5.728376,43.042513],[-5.693349,43.056481],[-5.493752,43.021351],[-5.478523,43.054909],[-5.390451,43.049337],[-5.369136,43.094577],[-5.282121,43.077428],[-5.147803,43.115119],[-5.101735,43.101846],[-5.075859,43.181532],[-4.996858,43.173097],[-4.963916,43.21244],[-4.893577,43.238479]],[[-4.322224,40.651124],[-4.256039,40.651461],[-4.253876,40.661891],[-4.289967,40.680563],[-4.322224,40.651124]]],[[[-2.827707,42.787973],[-2.731553,42.794513],[-2.602347,42.770631],[-2.589366,42.750323],[-2.558302,42.762733],[-2.608979,42.695962],[-2.577768,42.668213],[-2.522024,42.684032],[-2.517397,42.646332],[-2.7679,42.666011],[-2.784503,42.698942],[-2.868464,42.739921],[-2.827707,42.787973]]],[[[-4.113077,42.81669],[-4.087709,42.805595],[-4.101042,42.793968],[-4.113077,42.81669]]],[[[-2.922629,42.600829],[-2.945214,42.603886],[-2.9345,42.614075],[-2.922629,42.600829]]],[[[-4.163076,42.820948],[-4.174558,42.811618],[-4.182344,42.820346],[-4.163076,42.820948]]],[[[-2.982857,42.610797],[-2.994525,42.615491],[-2.985222,42.61422],[-2.982857,42.610797]]]]}},{"type":"Feature","properties":{"name":"Catalu\u00f1a","country":"ES"},"geometry":{"type":"MultiPolygon","coordinates":[[[[0.716037,42.858321],[0.926413,42.789312],[0.960161,42.805903],[0.983896,42.786703],[1.078887,42.788336],[1.166144,42.708916],[1.229105,42.727756],[1.357325,42.719722],[1.351079,42.702718],[1.389244,42.687025],[1.443022,42.602761],[1.426482,42.582802],[1.444947,42.568013],[1.413638,42.535353],[1.450545,42.539892],[1.468366,42.510016],[1.419139,42.483945],[1.455183,42.436052],[1.551997,42.432591],[1.561074,42.458646],[1.657021,42.468216],[1.669978,42.504189],[1.725622,42.504373],[1.891953,42.447721],[1.936683,42.454414],[1.965429,42.380925],[2.015187,42.347378],[2.084593,42.361742],[2.148252,42.420429],[2.256929,42.438736],[2.432719,42.39375],[2.480908,42.340955],[2.532807,42.332926],[2.571007,42.358059],[2.671646,42.340748],[2.651376,42.386304],[2.673665,42.404517],[2.753164,42.426241],[2.777171,42.411832],[2.839618,42.459256],[2.918422,42.456199],[2.947093,42.482119],[3.040317,42.473518],[3.085185,42.42585],[3.174592,42.435368],[3.152713,42.393643],[3.153597,42.391264],[3.159686,42.388964],[3.166941,42.389887],[3.155162,42.379981],[3.162947,42.36046],[3.19653,42.334969],[3.229268,42.351561],[3.238223,42.348983],[3.249758,42.329774],[3.267695,42.340439],[3.322274,42.3195],[3.286913,42.303665],[3.286273,42.293259],[3.299292,42.284513],[3.290556,42.282006],[3.276202,42.287089],[3.2769,42.279867],[3.287864,42.265727],[3.25371,42.252497],[3.264373,42.237871],[3.229516,42.251533],[3.218135,42.232323],[3.162617,42.264225],[3.111736,42.205902],[3.12387,42.128472],[3.176814,42.111536],[3.212266,42.068804],[3.196758,42.042607],[3.195936,42.012506],[3.233601,41.950483],[3.225959,41.945454],[3.225156,41.945498],[3.221579,41.94418],[3.217842,41.942331],[3.21506,41.929133],[3.220382,41.922273],[3.209571,41.901967],[3.202946,41.89157],[3.182253,41.886875],[3.18193,41.882671],[3.183237,41.881737],[3.178298,41.878997],[3.176902,41.866426],[3.129211,41.841141],[3.102193,41.844935],[3.056324,41.787567],[3.046203,41.788786],[3.048706,41.782677],[3.043679,41.781655],[3.043633,41.778489],[3.02968,41.779477],[3.030164,41.77081],[3.011126,41.772181],[2.977548,41.757664],[2.934871,41.720358],[2.934766,41.715188],[2.902569,41.709966],[2.887693,41.701271],[2.853645,41.699614],[2.819472,41.688861],[2.789119,41.669983],[2.774188,41.647404],[2.555437,41.579365],[2.266465,41.459137],[2.115852,41.290482],[1.51333,41.17799],[1.394896,41.131624],[1.297926,41.127772],[1.220765,41.083572],[1.249113,41.108642],[1.207562,41.100264],[1.170341,41.054633],[1.123944,41.074758],[0.987094,41.040862],[0.699406,40.803957],[0.736751,40.766838],[0.780552,40.768281],[0.730246,40.789211],[0.765872,40.792285],[0.830866,40.732983],[0.87238,40.734738],[0.867066,40.692915],[0.757675,40.64105],[0.70254,40.580865],[0.669296,40.560017],[0.617954,40.553461],[0.594986,40.578091],[0.648944,40.572938],[0.708682,40.59089],[0.745234,40.636115],[0.601331,40.622103],[0.514702,40.523047],[0.44899,40.541291],[0.443944,40.578223],[0.402757,40.601979],[0.27883,40.630058],[0.267831,40.659001],[0.29184,40.688553],[0.236523,40.701683],[0.226115,40.733164],[0.197291,40.724169],[0.159404,40.750062],[0.229967,40.767433],[0.278225,40.821035],[0.238908,40.884704],[0.293501,40.970561],[0.258635,41.01463],[0.279658,41.020167],[0.217744,41.043655],[0.200941,41.12608],[0.291988,41.156356],[0.322404,41.225241],[0.381311,41.23643],[0.385664,41.278844],[0.348436,41.328871],[0.373968,41.351539],[0.320036,41.394183],[0.355329,41.451759],[0.342024,41.484],[0.396712,41.490303],[0.446923,41.542236],[0.428494,41.602376],[0.349613,41.599464],[0.357982,41.63172],[0.328211,41.681072],[0.395436,41.731981],[0.398676,41.757811],[0.468601,41.764976],[0.483232,41.801463],[0.60716,41.871798],[0.607487,41.919315],[0.56188,41.938219],[0.657288,42.001598],[0.713966,42.163424],[0.702619,42.19004],[0.764623,42.322481],[0.74036,42.336873],[0.771307,42.350643],[0.722224,42.36742],[0.746097,42.384776],[0.690486,42.487622],[0.73976,42.50515],[0.721162,42.524539],[0.749547,42.534881],[0.767525,42.611236],[0.698954,42.628569],[0.659875,42.688638],[0.680164,42.723252],[0.642581,42.753746],[0.667006,42.775322],[0.645041,42.782966],[0.670071,42.801938],[0.65975,42.838978],[0.716037,42.858321]],[[0.735671,40.63783],[0.736285,40.638864],[0.734714,40.63932],[0.735671,40.63783]],[[3.286857,42.33223],[3.285789,42.33344],[3.286085,42.332155],[3.286857,42.33223]],[[3.205729,42.074227],[3.205034,42.073419],[3.206103,42.073361],[3.205729,42.074227]],[[3.243088,42.339815],[3.241772,42.339761],[3.243353,42.339306],[3.243088,42.339815]],[[3.197423,42.084309],[3.197684,42.084997],[3.197308,42.084864],[3.197423,42.084309]],[[3.218334,41.924877],[3.21724,41.924793],[3.217001,41.924563],[3.218334,41.924877]],[[3.081389,41.82407],[3.080876,41.823863],[3.081449,41.823941],[3.081389,41.82407]],[[3.047324,41.783326],[3.046738,41.783492],[3.046735,41.783204],[3.047324,41.783326]],[[3.166509,42.11347],[3.166275,42.114041],[3.166308,42.113517],[3.166509,42.11347]],[[3.153566,41.861068],[3.153012,41.861061],[3.153761,41.860967],[3.153566,41.861068]],[[3.298362,42.328274],[3.298456,42.328125],[3.298695,42.328337],[3.298362,42.328274]],[[2.886606,41.701336],[2.886575,41.701518],[2.886229,41.701418],[2.886606,41.701336]],[[3.217637,41.924042],[3.218258,41.92435],[3.217274,41.924143],[3.217637,41.924042]],[[3.271193,42.338654],[3.270676,42.338457],[3.271261,42.338605],[3.271193,42.338654]],[[0.70732,40.635233],[0.707528,40.635569],[0.707279,40.635342],[0.70732,40.635233]],[[3.047568,41.784132],[3.047161,41.784271],[3.046966,41.784119],[3.047568,41.784132]],[[3.298813,42.327331],[3.298902,42.327614],[3.29851,42.327573],[3.298813,42.327331]],[[3.059471,41.791721],[3.059279,41.791983],[3.059331,41.791647],[3.059471,41.791721]],[[3.208927,41.90563],[3.209154,41.905852],[3.20879,41.905826],[3.208927,41.90563]],[[3.297867,42.284447],[3.297306,42.284775],[3.297547,42.284519],[3.297867,42.284447]],[[3.284853,42.332331],[3.28515,42.332387],[3.284742,42.332553],[3.284853,42.332331]],[[3.196849,42.084619],[3.196603,42.084695],[3.196395,42.084545],[3.196849,42.084619]],[[3.298823,42.328042],[3.298495,42.327907],[3.298881,42.327886],[3.298823,42.328042]],[[3.209928,41.902911],[3.209857,41.90305],[3.209385,41.902905],[3.209928,41.902911]],[[3.20973,42.06536],[3.209416,42.065485],[3.209649,42.065274],[3.20973,42.06536]],[[3.047183,41.783108],[3.047714,41.783251],[3.047138,41.783138],[3.047183,41.783108]],[[3.141088,41.848245],[3.140755,41.84829],[3.140945,41.848136],[3.141088,41.848245]],[[3.140735,41.848462],[3.140674,41.8487],[3.140478,41.848539],[3.140735,41.848462]],[[3.084953,41.825961],[3.084591,41.826145],[3.084338,41.825975],[3.084953,41.825961]],[[3.260962,42.334966],[3.261051,42.335249],[3.260905,42.335239],[3.260962,42.334966]],[[3.208549,41.906821],[3.208661,41.906977],[3.208385,41.906992],[3.208549,41.906821]],[[3.060104,41.793082],[3.060307,41.793063],[3.060252,41.79312],[3.060104,41.793082]],[[3.22645,41.946039],[3.226196,41.946152],[3.226179,41.946099],[3.22645,41.946039]],[[3.2063,41.899678],[3.206326,41.899821],[3.206155,41.899794],[3.2063,41.899678]],[[3.094389,41.83599],[3.09459,41.835892],[3.094652,41.835978],[3.094389,41.83599]],[[3.218094,41.921677],[3.217619,41.921748],[3.218129,41.92154],[3.218094,41.921677]],[[3.171353,42.432523],[3.171133,42.432508],[3.171393,42.43243],[3.171353,42.432523]],[[3.141635,41.848684],[3.141827,41.8488],[3.141595,41.848767],[3.141635,41.848684]],[[3.193249,41.892195],[3.192971,41.892066],[3.193281,41.892157],[3.193249,41.892195]],[[3.162074,42.11523],[3.162303,42.11547],[3.161824,42.115262],[3.162074,42.11523]],[[3.297032,42.284097],[3.296982,42.284325],[3.296798,42.284425],[3.297032,42.284097]],[[3.165555,41.86215],[3.165676,41.862405],[3.165614,41.86239],[3.165555,41.86215]],[[3.045634,41.786701],[3.045452,41.786809],[3.045421,41.786613],[3.045634,41.786701]],[[3.079029,41.822404],[3.079205,41.822359],[3.079188,41.822432],[3.079029,41.822404]],[[3.208649,41.90822],[3.208567,41.908116],[3.208916,41.908115],[3.208649,41.90822]],[[3.193245,41.892285],[3.193392,41.89243],[3.193191,41.892342],[3.193245,41.892285]],[[3.079959,41.823831],[3.08009,41.82395],[3.079803,41.823965],[3.079959,41.823831]],[[3.046062,41.78729],[3.046225,41.787354],[3.046138,41.787457],[3.046062,41.78729]],[[3.241989,42.337913],[3.241522,42.337974],[3.241468,42.337914],[3.241989,42.337913]],[[3.301047,42.326866],[3.301038,42.327019],[3.300925,42.326981],[3.301047,42.326866]],[[3.197729,41.892186],[3.19791,41.892185],[3.197776,41.892291],[3.197729,41.892186]],[[3.0474,41.784645],[3.047559,41.784538],[3.047563,41.784583],[3.0474,41.784645]],[[3.2183,41.973964],[3.218442,41.974064],[3.218255,41.974119],[3.2183,41.973964]],[[3.2268,41.946281],[3.226476,41.946299],[3.226781,41.946219],[3.2268,41.946281]],[[3.151774,41.861092],[3.151944,41.861227],[3.15176,41.861192],[3.151774,41.861092]],[[3.078172,41.822504],[3.078378,41.82252],[3.078329,41.822639],[3.078172,41.822504]],[[3.297679,42.284746],[3.297574,42.284914],[3.297467,42.284928],[3.297679,42.284746]],[[3.280096,42.333043],[3.279742,42.333143],[3.280093,42.333016],[3.280096,42.333043]],[[3.084585,41.827607],[3.084767,41.827559],[3.084681,41.827677],[3.084585,41.827607]],[[3.079399,41.82351],[3.079173,41.82354],[3.079153,41.82346],[3.079399,41.82351]],[[3.143369,41.85482],[3.143535,41.854919],[3.143341,41.854902],[3.143369,41.85482]],[[3.209652,41.903421],[3.209529,41.903518],[3.209451,41.903459],[3.209652,41.903421]],[[3.179306,42.102995],[3.179411,42.103079],[3.179249,42.103151],[3.179306,42.102995]],[[3.313027,42.316429],[3.312791,42.316496],[3.313055,42.316346],[3.313027,42.316429]],[[3.045764,41.786298],[3.045623,41.786332],[3.04549,41.786195],[3.045764,41.786298]],[[3.193433,41.89024],[3.193253,41.89025],[3.193457,41.890122],[3.193433,41.89024]],[[3.216634,41.921162],[3.216817,41.921188],[3.216881,41.921347],[3.216634,41.921162]],[[3.20973,41.905217],[3.20945,41.905305],[3.20986,41.905183],[3.20973,41.905217]],[[3.029444,41.77786],[3.029744,41.777853],[3.029424,41.777906],[3.029444,41.77786]],[[3.175587,42.111594],[3.17567,42.111697],[3.17551,42.11167],[3.175587,42.111594]],[[3.271604,42.338757],[3.27141,42.338876],[3.271332,42.338826],[3.271604,42.338757]],[[3.085917,41.825704],[3.086055,41.82565],[3.085984,41.825815],[3.085917,41.825704]],[[3.046803,41.783669],[3.046903,41.783582],[3.046945,41.783643],[3.046803,41.783669]],[[3.045976,41.787016],[3.046058,41.787119],[3.045919,41.787046],[3.045976,41.787016]],[[3.143076,41.85516],[3.142923,41.855321],[3.14285,41.855316],[3.143076,41.85516]],[[3.208167,41.908102],[3.207779,41.908195],[3.207765,41.908177],[3.208167,41.908102]],[[3.216475,41.937833],[3.216262,41.937754],[3.216506,41.937786],[3.216475,41.937833]],[[3.299198,42.327184],[3.299242,42.327254],[3.299053,42.327309],[3.299198,42.327184]],[[3.20424,41.896082],[3.204106,41.896188],[3.204077,41.896144],[3.20424,41.896082]],[[3.184934,42.100719],[3.184922,42.100846],[3.184797,42.100799],[3.184934,42.100719]],[[3.167385,41.863141],[3.1675,41.863216],[3.167422,41.863283],[3.167385,41.863141]],[[3.239753,42.340321],[3.239729,42.34044],[3.239622,42.340347],[3.239753,42.340321]],[[2.88571,41.702039],[2.885781,41.702162],[2.885667,41.702095],[2.88571,41.702039]],[[3.166978,41.863172],[3.167062,41.863293],[3.167005,41.863323],[3.166978,41.863172]],[[3.206153,41.900028],[3.206098,41.89995],[3.206232,41.89997],[3.206153,41.900028]],[[3.166557,42.425148],[3.166644,42.425288],[3.166597,42.425308],[3.166557,42.425148]],[[3.199334,41.891595],[3.199388,41.891655],[3.199274,41.891715],[3.199334,41.891595]],[[3.169442,41.862868],[3.169432,41.863021],[3.169372,41.863025],[3.169442,41.862868]],[[3.090301,41.832195],[3.090205,41.832291],[3.090209,41.832226],[3.090301,41.832195]],[[3.239499,42.340452],[3.239639,42.340517],[3.239506,42.340515],[3.239499,42.340452]],[[3.169799,41.862704],[3.169694,41.862863],[3.169631,41.862831],[3.169799,41.862704]],[[3.23004,41.954521],[3.229919,41.95451],[3.230045,41.954449],[3.23004,41.954521]],[[3.167244,41.863175],[3.167344,41.863215],[3.167324,41.863261],[3.167244,41.863175]],[[3.094024,41.835888],[3.093946,41.835957],[3.09391,41.835929],[3.094024,41.835888]],[[3.165459,41.862272],[3.16542,41.862374],[3.1654,41.862285],[3.165459,41.862272]],[[3.191704,41.889686],[3.191796,41.889762],[3.191754,41.889827],[3.191704,41.889686]],[[3.169347,41.862765],[3.169285,41.862867],[3.169235,41.862852],[3.169347,41.862765]],[[3.094652,41.835891],[3.094766,41.835932],[3.094738,41.835952],[3.094652,41.835891]],[[3.227425,42.249621],[3.227383,42.249687],[3.227355,42.249643],[3.227425,42.249621]],[[3.152776,41.861371],[3.152823,41.861477],[3.152777,41.861506],[3.152776,41.861371]],[[3.082444,41.825701],[3.082522,41.825773],[3.082414,41.825721],[3.082444,41.825701]],[[3.216036,41.935687],[3.215982,41.935753],[3.21587,41.935714],[3.216036,41.935687]],[[3.204451,41.895773],[3.204527,41.895814],[3.204496,41.89587],[3.204451,41.895773]],[[3.20472,41.896434],[3.204805,41.896438],[3.20478,41.896556],[3.20472,41.896434]],[[3.228739,41.948489],[3.228714,41.948598],[3.22865,41.948557],[3.228739,41.948489]],[[3.240153,42.339463],[3.240137,42.339544],[3.240075,42.33953],[3.240153,42.339463]],[[3.165483,41.861902],[3.165552,41.861988],[3.165426,41.861932],[3.165483,41.861902]],[[3.170695,42.104684],[3.170728,42.104781],[3.170641,42.10475],[3.170695,42.104684]],[[3.193526,41.890334],[3.193574,41.890332],[3.193654,41.890408],[3.193526,41.890334]],[[3.138593,41.848469],[3.138601,41.84855],[3.138558,41.84848],[3.138593,41.848469]],[[3.156354,42.117699],[3.156421,42.117767],[3.156376,42.117797],[3.156354,42.117699]],[[3.122425,42.136417],[3.122336,42.136493],[3.122306,42.136441],[3.122425,42.136417]],[[3.193344,41.892054],[3.193442,41.892076],[3.193437,41.892148],[3.193344,41.892054]],[[3.228708,41.94841],[3.228805,41.948422],[3.228785,41.94846],[3.228708,41.94841]],[[3.184439,42.099855],[3.184535,42.09985],[3.184514,42.099887],[3.184439,42.099855]],[[3.238476,42.344199],[3.238378,42.344195],[3.238482,42.344136],[3.238476,42.344199]],[[3.204665,41.897112],[3.204561,41.897153],[3.204568,41.897108],[3.204665,41.897112]],[[3.091492,41.83198],[3.091573,41.832038],[3.091518,41.83204],[3.091492,41.83198]],[[3.184485,42.100077],[3.184571,42.1001],[3.184538,42.100128],[3.184485,42.100077]],[[3.193317,41.889922],[3.193405,41.889954],[3.193363,41.890019],[3.193317,41.889922]],[[3.091819,41.832286],[3.091922,41.832275],[3.091917,41.832327],[3.091819,41.832286]],[[3.193053,41.892286],[3.193143,41.892344],[3.19312,41.892355],[3.193053,41.892286]],[[3.290684,42.306698],[3.290567,42.306741],[3.29062,42.306666],[3.290684,42.306698]],[[3.094047,41.836866],[3.094059,41.836951],[3.094024,41.836917],[3.094047,41.836866]],[[3.162424,42.115463],[3.162489,42.115514],[3.162402,42.115492],[3.162424,42.115463]],[[3.208501,41.912773],[3.208461,41.912857],[3.208412,41.912841],[3.208501,41.912773]],[[3.16781,41.863181],[3.167757,41.863256],[3.167736,41.863158],[3.16781,41.863181]],[[3.207299,41.908095],[3.207387,41.908135],[3.20728,41.90815],[3.207299,41.908095]],[[3.297948,42.284407],[3.298001,42.284449],[3.29794,42.284452],[3.297948,42.284407]],[[3.166632,41.863199],[3.166675,41.863269],[3.166612,41.863245],[3.166632,41.863199]],[[3.163954,41.861651],[3.16388,41.861637],[3.163957,41.861561],[3.163954,41.861651]],[[3.163918,41.861527],[3.163847,41.86154],[3.163886,41.861448],[3.163918,41.861527]],[[3.311082,42.320857],[3.311132,42.320872],[3.311088,42.32092],[3.311082,42.320857]],[[3.208779,41.906709],[3.208696,41.906723],[3.208835,41.906661],[3.208779,41.906709]],[[3.094571,41.835737],[3.094507,41.835774],[3.094485,41.835761],[3.094571,41.835737]],[[3.298889,42.327723],[3.298917,42.327767],[3.29887,42.327778],[3.298889,42.327723]],[[3.094239,41.836577],[3.094293,41.836597],[3.094249,41.836635],[3.094239,41.836577]],[[3.216144,41.935429],[3.216185,41.935481],[3.216148,41.935474],[3.216144,41.935429]],[[3.183568,41.887272],[3.183633,41.887323],[3.183614,41.887369],[3.183568,41.887272]],[[3.085675,41.828313],[3.08572,41.82836],[3.085665,41.82834],[3.085675,41.828313]],[[3.23002,41.95517],[3.230002,41.955234],[3.229958,41.955156],[3.23002,41.95517]],[[3.094053,41.836592],[3.094107,41.836589],[3.094097,41.836636],[3.094053,41.836592]],[[3.226896,41.946771],[3.226826,41.946802],[3.226809,41.946749],[3.226896,41.946771]],[[3.113617,41.848218],[3.113682,41.848248],[3.113634,41.848253],[3.113617,41.848218]],[[3.183687,41.887626],[3.183705,41.887688],[3.183665,41.887654],[3.183687,41.887626]],[[3.27971,42.333181],[3.279798,42.333212],[3.279664,42.33321],[3.27971,42.333181]],[[3.230155,41.954461],[3.230213,41.954431],[3.230214,41.954449],[3.230155,41.954461]],[[3.084784,41.827586],[3.08484,41.827619],[3.084791,41.827621],[3.084784,41.827586]],[[3.230115,41.955525],[3.230131,41.955569],[3.230093,41.955553],[3.230115,41.955525]],[[3.227044,41.947051],[3.226983,41.947045],[3.227041,41.947024],[3.227044,41.947051]],[[3.216563,41.918339],[3.216592,41.918383],[3.216543,41.918377],[3.216563,41.918339]],[[3.193053,41.891791],[3.193044,41.891828],[3.192983,41.891813],[3.193053,41.891791]],[[3.181261,41.880862],[3.181277,41.880906],[3.181226,41.880873],[3.181261,41.880862]],[[3.182204,41.886248],[3.182137,41.886297],[3.182131,41.886243],[3.182204,41.886248]],[[3.21504,41.936596],[3.215031,41.936633],[3.214994,41.936617],[3.21504,41.936596]],[[3.297651,42.328448],[3.297716,42.32849],[3.297641,42.328467],[3.297651,42.328448]],[[3.1807,41.880542],[3.180667,41.88057],[3.180604,41.880547],[3.1807,41.880542]],[[3.165805,41.862371],[3.165748,41.862401],[3.165766,41.862337],[3.165805,41.862371]],[[3.259153,42.335191],[3.259205,42.335233],[3.259207,42.335251],[3.259153,42.335191]],[[3.162437,42.115976],[3.162453,42.116011],[3.162429,42.116012],[3.162437,42.115976]],[[3.161772,41.860626],[3.161721,41.860602],[3.161741,41.860556],[3.161772,41.860626]],[[3.300218,42.326831],[3.300167,42.326806],[3.300217,42.326813],[3.300218,42.326831]],[[3.147311,41.857749],[3.147325,41.857776],[3.147299,41.85775],[3.147311,41.857749]],[[3.18183,41.881138],[3.181768,41.881123],[3.18184,41.881119],[3.18183,41.881138]],[[3.285588,42.332155],[3.285591,42.332182],[3.285566,42.332175],[3.285588,42.332155]],[[3.160023,42.116511],[3.159963,42.116514],[3.159973,42.116496],[3.160023,42.116511]],[[3.208951,41.906745],[3.208928,41.906755],[3.20889,41.906739],[3.208951,41.906745]]],[[[1.978844,42.494775],[1.986659,42.471458],[2.012768,42.448347],[1.956747,42.457687],[1.978844,42.494775]]],[[[3.220048,42.049227],[3.22334,42.044862],[3.219233,42.047192],[3.220048,42.049227]],[[3.219581,42.047173],[3.219646,42.047215],[3.219545,42.047175],[3.219581,42.047173]]],[[[3.293099,42.292892],[3.29733,42.293253],[3.296557,42.289893],[3.293099,42.292892]],[[3.297021,42.292829],[3.297111,42.292887],[3.296956,42.292914],[3.297021,42.292829]]],[[[3.318452,42.323834],[3.320246,42.323096],[3.324503,42.321285],[3.321372,42.321512],[3.32151,42.322153],[3.318452,42.323834]]],[[[0.648974,40.584347],[0.654291,40.584368],[0.65573,40.581296],[0.648974,40.584347]]],[[[0.633496,40.57991],[0.634162,40.578907],[0.634883,40.577389],[0.633496,40.57991]]],[[[3.223767,42.043669],[3.22715,42.043935],[3.225403,42.043364],[3.225045,42.042915],[3.225254,42.04258],[3.223767,42.043669]]],[[[3.291747,42.281184],[3.293659,42.28152],[3.293373,42.27987],[3.291747,42.281184]]],[[[0.64611,40.584672],[0.647983,40.58328],[0.645868,40.583698],[0.64611,40.584672]]],[[[0.6445,40.576789],[0.647376,40.575599],[0.643932,40.576554],[0.6445,40.576789]]],[[[3.304198,42.327682],[3.306675,42.32759],[3.304052,42.327195],[3.304198,42.327682]]],[[[0.64933,40.580031],[0.648312,40.578911],[0.648126,40.580267],[0.64933,40.580031]]],[[[0.648574,40.576345],[0.648328,40.575074],[0.647628,40.576095],[0.648574,40.576345]]],[[[0.649687,40.577264],[0.649054,40.576266],[0.64898,40.577061],[0.649687,40.577264]]],[[[3.165182,42.401648],[3.166556,42.401168],[3.165272,42.400707],[3.165182,42.401648]]],[[[0.642506,40.57596],[0.642895,40.575074],[0.641629,40.577204],[0.642506,40.57596]]],[[[0.646386,40.582592],[0.645018,40.58241],[0.644954,40.583187],[0.646386,40.582592]]],[[[0.642587,40.578101],[0.643814,40.576126],[0.641871,40.578619],[0.642587,40.578101]]],[[[3.295315,42.294804],[3.296821,42.294469],[3.296688,42.293865],[3.295315,42.294804]]],[[[0.646608,40.578847],[0.645506,40.578567],[0.645381,40.579301],[0.646608,40.578847]]],[[[0.63506,40.581743],[0.635776,40.582315],[0.635962,40.581831],[0.63506,40.581743]]],[[[0.615839,40.577304],[0.614935,40.57654],[0.614651,40.576972],[0.615839,40.577304]]],[[[3.331367,42.319824],[3.332554,42.31993],[3.331928,42.319019],[3.331367,42.319824]]],[[[0.644626,40.574975],[0.645564,40.575278],[0.646476,40.574024],[0.644626,40.574975]]],[[[0.639191,40.582126],[0.638116,40.581682],[0.638571,40.582461],[0.639191,40.582126]]],[[[3.308532,42.291321],[3.308961,42.292089],[3.309307,42.291305],[3.308532,42.291321]]],[[[0.643725,40.583604],[0.642782,40.583219],[0.64272,40.583599],[0.643725,40.583604]]],[[[0.648192,40.574952],[0.647805,40.574136],[0.647166,40.574768],[0.648192,40.574952]]],[[[0.642349,40.582638],[0.641407,40.582479],[0.641716,40.582938],[0.642349,40.582638]]],[[[3.055497,41.787349],[3.056215,41.786672],[3.054936,41.787136],[3.055497,41.787349]]],[[[0.63391,40.58123],[0.633043,40.58159],[0.633906,40.581806],[0.63391,40.58123]]],[[[0.643624,40.578492],[0.643749,40.579055],[0.644208,40.578149],[0.643624,40.578492]]],[[[0.642524,40.580634],[0.642678,40.579773],[0.642392,40.580809],[0.642524,40.580634]]],[[[3.228007,42.041962],[3.22833,42.04144],[3.227891,42.041761],[3.228007,42.041962]]],[[[2.940355,41.720155],[2.93964,41.720093],[2.939894,41.720494],[2.940355,41.720155]]],[[[0.638524,40.579841],[0.638027,40.579398],[0.637971,40.580093],[0.638524,40.579841]]],[[[3.308828,42.292574],[3.309409,42.292209],[3.309803,42.291539],[3.308828,42.292574]]],[[[0.859289,40.735737],[0.85981,40.735332],[0.858833,40.735428],[0.859289,40.735737]]],[[[0.644371,40.584196],[0.645088,40.583903],[0.644103,40.584042],[0.644371,40.584196]]],[[[3.217671,41.937867],[3.218429,41.937726],[3.21787,41.937559],[3.217671,41.937867]]],[[[0.646357,40.5751],[0.646313,40.574498],[0.646134,40.575341],[0.646357,40.5751]]],[[[3.263989,42.237541],[3.264351,42.237287],[3.263344,42.237271],[3.263989,42.237541]]],[[[0.649336,40.583399],[0.64951,40.582907],[0.649266,40.583194],[0.649336,40.583399]]],[[[3.22694,42.041921],[3.227699,42.042149],[3.227634,42.041856],[3.22694,42.041921]]],[[[3.178833,41.868212],[3.179146,41.867718],[3.178534,41.86749],[3.178833,41.868212]]],[[[3.178534,41.867364],[3.179301,41.867322],[3.178523,41.867121],[3.178534,41.867364]]],[[[3.032574,41.772655],[3.032602,41.772185],[3.032062,41.771691],[3.032574,41.772655]]],[[[0.636926,40.581963],[0.636695,40.581628],[0.636603,40.582108],[0.636926,40.581963]]],[[[3.18525,41.862599],[3.185998,41.862739],[3.186444,41.862489],[3.18525,41.862599]]],[[[2.91153,41.707739],[2.912337,41.707626],[2.912425,41.707405],[2.91153,41.707739]]],[[[2.826952,41.69029],[2.826938,41.689877],[2.826627,41.689892],[2.826952,41.69029]]],[[[0.641355,40.581733],[0.641966,40.581246],[0.641046,40.581914],[0.641355,40.581733]]],[[[3.187038,41.862781],[3.187532,41.862413],[3.187157,41.862271],[3.187038,41.862781]]],[[[3.323968,42.322359],[3.323795,42.321846],[3.323483,42.321998],[3.323968,42.322359]]],[[[2.895878,41.703811],[2.896091,41.703521],[2.895726,41.703594],[2.895878,41.703811]]],[[[2.945824,41.725632],[2.946239,41.725836],[2.946309,41.725553],[2.945824,41.725632]]],[[[3.291528,42.302889],[3.291693,42.30297],[3.292157,42.302756],[3.291528,42.302889]]],[[[3.291146,42.27966],[3.291693,42.279432],[3.291189,42.27936],[3.291146,42.27966]]],[[[0.644826,40.581038],[0.644698,40.580655],[0.644597,40.581181],[0.644826,40.581038]]],[[[3.131341,42.128954],[3.131801,42.12883],[3.131958,42.128578],[3.131341,42.128954]]],[[[3.283268,42.273829],[3.283769,42.273756],[3.283375,42.273571],[3.283268,42.273829]]],[[[3.234206,41.962341],[3.234063,41.962106],[3.23349,41.96229],[3.234206,41.962341]]],[[[2.965493,41.745151],[2.965049,41.745291],[2.965496,41.745321],[2.965493,41.745151]]],[[[2.803196,41.67324],[2.803801,41.673165],[2.803112,41.67311],[2.803196,41.67324]]],[[[3.165592,42.361938],[3.1654,42.361831],[3.164714,42.362507],[3.165592,42.361938]]],[[[1.360874,41.129156],[1.360442,41.12911],[1.36064,41.129399],[1.360874,41.129156]]],[[[3.094285,41.834979],[3.094622,41.834759],[3.094133,41.834738],[3.094285,41.834979]]],[[[3.322143,42.318796],[3.322523,42.318595],[3.321706,42.318676],[3.322143,42.318796]]],[[[2.792463,41.670453],[2.792139,41.67019],[2.792384,41.670772],[2.792463,41.670453]]],[[[3.192388,42.240877],[3.192836,42.240871],[3.192461,42.24063],[3.192388,42.240877]]],[[[3.28692,42.281405],[3.286961,42.281078],[3.286655,42.281293],[3.28692,42.281405]]],[[[3.310646,42.312042],[3.310105,42.31209],[3.309805,42.312358],[3.310646,42.312042]]],[[[3.300819,42.305104],[3.301067,42.305397],[3.301179,42.305184],[3.300819,42.305104]]],[[[3.290742,42.298549],[3.290862,42.29829],[3.290669,42.298544],[3.290742,42.298549]]],[[[3.260602,42.336345],[3.260602,42.336588],[3.260861,42.336628],[3.260602,42.336345]]],[[[3.277306,42.337535],[3.277807,42.337336],[3.27726,42.337447],[3.277306,42.337535]]],[[[3.210416,42.062991],[3.210413,42.062712],[3.210181,42.062932],[3.210416,42.062991]]],[[[3.046259,41.779683],[3.045496,41.779498],[3.045442,41.779564],[3.046259,41.779683]]],[[[0.639818,40.57736],[0.640233,40.576951],[0.639723,40.577336],[0.639818,40.57736]]],[[[3.29168,42.279541],[3.292081,42.279554],[3.292088,42.279383],[3.29168,42.279541]]],[[[3.164839,42.400136],[3.165239,42.400006],[3.164637,42.399931],[3.164839,42.400136]]],[[[3.309729,42.290562],[3.309832,42.290259],[3.30933,42.290449],[3.309729,42.290562]]],[[[3.123847,42.136736],[3.123752,42.136381],[3.123585,42.13666],[3.123847,42.136736]]],[[[3.315995,42.313745],[3.316343,42.313824],[3.316695,42.313706],[3.315995,42.313745]]],[[[3.234383,42.350399],[3.234797,42.350287],[3.234316,42.350214],[3.234383,42.350399]]],[[[3.221994,42.05183],[3.221773,42.051671],[3.221711,42.052026],[3.221994,42.05183]]],[[[3.123704,42.132765],[3.123784,42.132338],[3.123545,42.132495],[3.123704,42.132765]]],[[[3.028289,41.770819],[3.027998,41.770663],[3.027945,41.770747],[3.028289,41.770819]]],[[[2.945811,41.726272],[2.945399,41.725969],[2.945307,41.726019],[2.945811,41.726272]]],[[[3.129695,41.840917],[3.129472,41.840848],[3.129496,41.841099],[3.129695,41.840917]]],[[[3.165613,42.411598],[3.165952,42.411589],[3.165756,42.411446],[3.165613,42.411598]]],[[[3.044218,41.778953],[3.04411,41.778707],[3.043786,41.778841],[3.044218,41.778953]]],[[[2.87006,41.699557],[2.869946,41.69923],[2.869801,41.699354],[2.87006,41.699557]]],[[[3.227096,41.944627],[3.227403,41.944439],[3.226811,41.944552],[3.227096,41.944627]]],[[[3.167659,42.368892],[3.167844,42.368675],[3.167309,42.368794],[3.167659,42.368892]]],[[[3.316246,42.313461],[3.316603,42.313396],[3.316813,42.313312],[3.316246,42.313461]]],[[[2.982228,41.759121],[2.982617,41.758911],[2.982027,41.759158],[2.982228,41.759121]]],[[[3.04522,41.780017],[3.045129,41.779814],[3.04476,41.779861],[3.04522,41.780017]]],[[[3.048597,41.782287],[3.048905,41.782234],[3.049043,41.782047],[3.048597,41.782287]]],[[[3.308999,42.312187],[3.309353,42.312086],[3.309352,42.311951],[3.308999,42.312187]]],[[[3.171157,42.424234],[3.170838,42.424206],[3.170733,42.424491],[3.171157,42.424234]]],[[[3.193579,42.240542],[3.193388,42.240328],[3.193318,42.24035],[3.193579,42.240542]]],[[[3.040752,41.77829],[3.041179,41.778223],[3.040441,41.778181],[3.040752,41.77829]]],[[[3.092868,41.832192],[3.092864,41.831887],[3.092732,41.83221],[3.092868,41.832192]]],[[[3.19774,42.242324],[3.197961,42.242483],[3.198068,42.242333],[3.19774,42.242324]]],[[[3.167362,42.389729],[3.167288,42.389337],[3.167223,42.389664],[3.167362,42.389729]]],[[[3.198129,42.242096],[3.197872,42.242065],[3.197764,42.242206],[3.198129,42.242096]]],[[[2.842426,41.69339],[2.842059,41.693319],[2.842463,41.693542],[2.842426,41.69339]]],[[[3.219144,41.9254],[3.219178,41.925255],[3.218908,41.925332],[3.219144,41.9254]]],[[[3.226699,42.041187],[3.226918,42.041328],[3.227018,42.041232],[3.226699,42.041187]]],[[[3.179808,41.877043],[3.179845,41.876933],[3.179613,41.877027],[3.179808,41.877043]]],[[[2.814131,41.681985],[2.81382,41.681991],[2.814123,41.68203],[2.814131,41.681985]]],[[[3.176039,42.355108],[3.175798,42.354878],[3.175907,42.355124],[3.176039,42.355108]]],[[[2.838908,41.692607],[2.838573,41.692489],[2.838967,41.692865],[2.838908,41.692607]]],[[[3.229814,41.970205],[3.230161,41.970177],[3.229629,41.97017],[3.229814,41.970205]]],[[[2.975541,41.753808],[2.975333,41.753639],[2.975264,41.753796],[2.975541,41.753808]]],[[[2.816551,41.681925],[2.816453,41.681768],[2.816355,41.681881],[2.816551,41.681925]]],[[[2.807323,41.676803],[2.807079,41.676626],[2.80708,41.67677],[2.807323,41.676803]]],[[[3.190135,41.887664],[3.18989,41.887498],[3.190092,41.887838],[3.190135,41.887664]]],[[[3.169468,42.419293],[3.16961,42.419259],[3.169845,42.419048],[3.169468,42.419293]]],[[[3.190687,41.887517],[3.19043,41.887477],[3.190656,41.88769],[3.190687,41.887517]]],[[[3.225764,42.042363],[3.22565,42.042189],[3.225609,42.04238],[3.225764,42.042363]]],[[[3.309189,42.290862],[3.309088,42.290696],[3.308982,42.290846],[3.309189,42.290862]]],[[[3.294626,42.281007],[3.295053,42.280795],[3.294568,42.280912],[3.294626,42.281007]]],[[[3.16471,42.363209],[3.164901,42.363055],[3.164665,42.363005],[3.16471,42.363209]]],[[[3.154314,42.391396],[3.154144,42.391144],[3.154053,42.391212],[3.154314,42.391396]]],[[[2.967146,41.747036],[2.967178,41.746863],[2.966846,41.746907],[2.967146,41.747036]]],[[[3.218133,42.350268],[3.218313,42.350123],[3.217996,42.350104],[3.218133,42.350268]]],[[[2.803779,41.674255],[2.803579,41.674031],[2.803685,41.674269],[2.803779,41.674255]]],[[[3.218102,41.939067],[3.218107,41.938869],[3.217897,41.938944],[3.218102,41.939067]]],[[[3.291051,42.279431],[3.290974,42.279273],[3.290871,42.279576],[3.291051,42.279431]]],[[[3.279964,42.277647],[3.279869,42.277544],[3.279713,42.277688],[3.279964,42.277647]]],[[[2.966451,41.746667],[2.966299,41.746585],[2.966629,41.746775],[2.966451,41.746667]]],[[[3.183069,41.881368],[3.18306,41.881152],[3.182945,41.881212],[3.183069,41.881368]]],[[[2.980934,41.757883],[2.98079,41.757756],[2.980675,41.757816],[2.980934,41.757883]]],[[[3.20495,42.347519],[3.204965,42.34742],[3.204565,42.347423],[3.20495,42.347519]]],[[[3.179411,41.877929],[3.179407,41.877758],[3.179232,41.877812],[3.179411,41.877929]]],[[[3.164873,42.362895],[3.164735,42.362722],[3.164644,42.36279],[3.164873,42.362895]]],[[[2.822914,41.689595],[2.822768,41.689441],[2.822689,41.689499],[2.822914,41.689595]]],[[[3.324414,42.322685],[3.324683,42.322715],[3.324537,42.322588],[3.324414,42.322685]]],[[[3.197562,42.241992],[3.197849,42.241832],[3.197497,42.24195],[3.197562,42.241992]]],[[[3.124964,42.130664],[3.1249,42.13037],[3.124848,42.130715],[3.124964,42.130664]]],[[[3.191914,42.33873],[3.192197,42.338778],[3.192277,42.33872],[3.191914,42.33873]]],[[[3.232038,41.957194],[3.232128,41.957],[3.231904,41.957057],[3.232038,41.957194]]],[[[3.192171,42.241132],[3.192402,42.241011],[3.19213,42.24108],[3.192171,42.241132]]],[[[2.827276,41.690553],[2.827534,41.69035],[2.827181,41.690431],[2.827276,41.690553]]],[[[3.175229,42.435113],[3.175032,42.435078],[3.175038,42.435141],[3.175229,42.435113]]],[[[3.217667,41.938812],[3.217636,41.938616],[3.217563,41.938737],[3.217667,41.938812]]],[[[2.980695,41.758409],[2.980887,41.758282],[2.980679,41.758239],[2.980695,41.758409]]],[[[3.21877,41.926267],[3.219002,41.926173],[3.218775,41.926069],[3.21877,41.926267]]],[[[2.808257,41.677035],[2.80822,41.676893],[2.808158,41.677004],[2.808257,41.677035]]],[[[3.294023,42.280789],[3.293999,42.280556],[3.293955,42.280594],[3.294023,42.280789]]],[[[2.826263,41.690109],[2.826048,41.690129],[2.826284,41.690207],[2.826263,41.690109]]],[[[3.285951,42.28153],[3.286194,42.281535],[3.286143,42.281393],[3.285951,42.28153]]],[[[2.943251,41.725226],[2.943062,41.725262],[2.943287,41.72535],[2.943251,41.725226]]],[[[3.169648,42.418158],[3.169792,42.418024],[3.169527,42.418165],[3.169648,42.418158]]],[[[2.959283,41.740802],[2.959108,41.740856],[2.959248,41.740939],[2.959283,41.740802]]],[[[3.187641,41.862047],[3.187568,41.861916],[3.187414,41.862068],[3.187641,41.862047]]],[[[3.220724,41.974453],[3.220535,41.974247],[3.22047,41.974197],[3.220724,41.974453]]],[[[3.301087,42.305108],[3.300903,42.304974],[3.300836,42.305031],[3.301087,42.305108]]],[[[2.864904,41.699002],[2.86504,41.698905],[2.864821,41.69888],[2.864904,41.699002]]],[[[3.183534,41.88145],[3.183362,41.881289],[3.183473,41.881562],[3.183534,41.88145]]],[[[3.18259,42.353854],[3.182723,42.353846],[3.182514,42.353696],[3.18259,42.353854]]],[[[3.190283,42.341519],[3.190147,42.341364],[3.190149,42.341508],[3.190283,42.341519]]],[[[3.212049,42.054001],[3.212319,42.054049],[3.212329,42.053895],[3.212049,42.054001]]],[[[3.179364,41.877562],[3.179305,41.877448],[3.179133,41.877539],[3.179364,41.877562]]],[[[2.845554,41.695436],[2.845401,41.695336],[2.845377,41.695472],[2.845554,41.695436]]],[[[3.30944,42.290821],[3.309663,42.290745],[3.309373,42.290761],[3.30944,42.290821]]],[[[3.289677,42.304143],[3.289493,42.304126],[3.289524,42.304197],[3.289677,42.304143]]],[[[3.230883,41.968319],[3.23112,41.96827],[3.230854,41.968267],[3.230883,41.968319]]],[[[3.045762,41.780024],[3.045628,41.779878],[3.045583,41.779907],[3.045762,41.780024]]],[[[3.225382,41.972993],[3.225377,41.972814],[3.225287,41.972882],[3.225382,41.972993]]],[[[2.82209,41.688989],[2.822029,41.688848],[2.821917,41.688935],[2.82209,41.688989]]],[[[3.169105,42.420303],[3.169229,42.420197],[3.169054,42.420279],[3.169105,42.420303]]],[[[2.809644,41.676712],[2.809514,41.676602],[2.809499,41.676702],[2.809644,41.676712]]],[[[3.213127,42.058722],[3.21315,42.058585],[3.212962,42.05864],[3.213127,42.058722]]],[[[3.185881,42.34462],[3.185943,42.344518],[3.185872,42.34453],[3.185881,42.34462]]],[[[2.97204,41.75274],[2.972263,41.752809],[2.972292,41.752735],[2.97204,41.75274]]],[[[3.154925,42.391057],[3.154773,42.390993],[3.154685,42.391088],[3.154925,42.391057]]],[[[2.803477,41.674099],[2.803318,41.674062],[2.803486,41.674198],[2.803477,41.674099]]],[[[2.639841,41.604903],[2.639618,41.604824],[2.639611,41.604878],[2.639841,41.604903]]],[[[2.828723,41.690614],[2.828569,41.690514],[2.828534,41.69066],[2.828723,41.690614]]],[[[2.980982,41.758007],[2.980786,41.757972],[2.980929,41.758091],[2.980982,41.758007]]],[[[3.186598,41.862841],[3.186429,41.862715],[3.186456,41.862867],[3.186598,41.862841]]],[[[3.156096,42.378113],[3.15629,42.378111],[3.156253,42.377978],[3.156096,42.378113]]],[[[3.183318,41.881084],[3.183133,41.88104],[3.183401,41.881188],[3.183318,41.881084]]],[[[3.161821,42.398471],[3.162036,42.39855],[3.162043,42.398504],[3.161821,42.398471]]],[[[2.945653,41.725992],[2.945592,41.725851],[2.945526,41.725918],[2.945653,41.725992]]],[[[3.164541,42.36285],[3.164448,42.362765],[3.164293,42.362917],[3.164541,42.36285]]],[[[3.320773,42.322067],[3.321017,42.322081],[3.32082,42.32193],[3.320773,42.322067]]],[[[3.001824,41.765557],[3.001856,41.765511],[3.001742,41.765445],[3.001824,41.765557]]],[[[3.003933,41.7674],[3.003861,41.767278],[3.003752,41.767401],[3.003933,41.7674]]],[[[3.001879,41.764852],[3.002051,41.764762],[3.00186,41.764781],[3.001879,41.764852]]],[[[3.231641,41.95708],[3.231816,41.957143],[3.231835,41.957088],[3.231641,41.95708]]],[[[3.190362,41.887769],[3.190542,41.887759],[3.19039,41.887686],[3.190362,41.887769]]],[[[3.17194,42.3565],[3.172127,42.356427],[3.17211,42.356374],[3.17194,42.3565]]],[[[3.292367,42.300125],[3.292629,42.300074],[3.292615,42.300057],[3.292367,42.300125]]],[[[3.229749,41.963007],[3.229705,41.962928],[3.229484,41.963013],[3.229749,41.963007]]],[[[3.281652,42.274034],[3.281771,42.274136],[3.281735,42.274021],[3.281652,42.274034]]],[[[3.226227,41.945484],[3.226304,41.945408],[3.226145,41.945507],[3.226227,41.945484]]],[[[2.952844,41.731622],[2.952818,41.731471],[2.952741,41.731556],[2.952844,41.731622]]],[[[3.183132,42.352942],[3.183334,42.352895],[3.183059,42.352937],[3.183132,42.352942]]],[[[3.308905,42.290562],[3.308786,42.290461],[3.30881,42.290585],[3.308905,42.290562]]],[[[3.167089,42.36643],[3.167151,42.366318],[3.167005,42.366308],[3.167089,42.36643]]],[[[3.292099,42.299509],[3.292224,42.299547],[3.292362,42.299468],[3.292099,42.299509]]],[[[3.093161,41.832654],[3.093108,41.832487],[3.093114,41.832705],[3.093161,41.832654]]],[[[3.178605,41.871338],[3.178396,41.871296],[3.178494,41.871434],[3.178605,41.871338]]],[[[3.002736,41.766815],[3.002556,41.766689],[3.002511,41.766728],[3.002736,41.766815]]],[[[3.225008,41.944849],[3.224812,41.944823],[3.224842,41.944885],[3.225008,41.944849]]],[[[3.167752,42.388997],[3.167646,42.388903],[3.167616,42.388968],[3.167752,42.388997]]],[[[2.939921,41.720655],[2.939826,41.720542],[2.939796,41.720607],[2.939921,41.720655]]],[[[2.826707,41.690239],[2.826538,41.69023],[2.826726,41.69032],[2.826707,41.690239]]],[[[3.231594,41.968802],[3.231422,41.96865],[3.231272,41.968595],[3.231594,41.968802]]],[[[3.22205,41.944191],[3.222209,41.944092],[3.222066,41.944109],[3.22205,41.944191]]],[[[3.298126,42.330285],[3.298039,42.330137],[3.29796,42.330196],[3.298126,42.330285]]],[[[3.292167,42.299947],[3.292424,42.299842],[3.292127,42.299904],[3.292167,42.299947]]],[[[2.860568,41.698864],[2.860473,41.698752],[2.8605,41.698912],[2.860568,41.698864]]],[[[3.211104,42.34606],[3.211272,42.346042],[3.211382,42.345928],[3.211104,42.34606]]],[[[3.211657,42.054562],[3.211563,42.054468],[3.211574,42.054575],[3.211657,42.054562]]],[[[3.16451,42.363148],[3.164411,42.36301],[3.164461,42.363151],[3.16451,42.363148]]],[[[3.178409,41.872294],[3.178279,41.872193],[3.17826,41.872248],[3.178409,41.872294]]],[[[3.297938,42.288548],[3.297913,42.288423],[3.297866,42.288552],[3.297938,42.288548]]],[[[3.217914,42.350505],[3.217808,42.350412],[3.217753,42.350469],[3.217914,42.350505]]],[[[3.18694,42.099845],[3.187004,42.099887],[3.18707,42.09982],[3.18694,42.099845]]],[[[3.123743,42.136787],[3.123537,42.136789],[3.123712,42.136843],[3.123743,42.136787]]],[[[3.225788,41.944815],[3.225885,41.944693],[3.225729,41.944701],[3.225788,41.944815]]],[[[3.167192,42.414555],[3.167113,42.414497],[3.166958,42.414649],[3.167192,42.414555]]],[[[3.188372,42.349832],[3.188495,42.349726],[3.18834,42.349753],[3.188372,42.349832]]],[[[3.234613,41.957746],[3.234722,41.957632],[3.234585,41.957712],[3.234613,41.957746]]],[[[3.166843,42.366641],[3.16667,42.366605],[3.166639,42.366661],[3.166843,42.366641]]],[[[3.216229,41.93024],[3.2161,41.930157],[3.215864,41.930206],[3.216229,41.93024]]],[[[3.165397,42.41323],[3.165484,42.413126],[3.165324,42.413108],[3.165397,42.41323]]],[[[3.166355,42.390107],[3.166274,42.390022],[3.1663,42.390164],[3.166355,42.390107]]],[[[3.161413,42.398142],[3.161257,42.398043],[3.161204,42.397992],[3.161211,42.398063],[3.161413,42.398142]]],[[[3.178332,42.353616],[3.178309,42.353509],[3.178143,42.353545],[3.178332,42.353616]]],[[[3.223063,41.944189],[3.223051,41.944073],[3.222988,41.944167],[3.223063,41.944189]]],[[[2.939969,41.720787],[2.939863,41.720676],[2.939851,41.720685],[2.939969,41.720787]]],[[[3.222197,42.045276],[3.222139,42.045171],[3.22215,42.045287],[3.222197,42.045276]]],[[[3.186588,41.887604],[3.186576,41.887488],[3.186503,41.8876],[3.186588,41.887604]]],[[[3.169376,42.423052],[3.169464,42.422957],[3.169314,42.423037],[3.169376,42.423052]]],[[[3.177698,41.869299],[3.177616,41.869205],[3.177626,41.869303],[3.177698,41.869299]]],[[[3.301056,42.30456],[3.301035,42.304471],[3.300945,42.304539],[3.301056,42.30456]]],[[[2.861326,41.699149],[2.86139,41.699056],[2.861226,41.6991],[2.861326,41.699149]]],[[[3.166098,42.414056],[3.166136,42.413946],[3.166019,42.413998],[3.166098,42.414056]]],[[[2.845133,41.694765],[2.844992,41.694673],[2.845075,41.694795],[2.845133,41.694765]]],[[[2.948264,41.728494],[2.948392,41.728451],[2.948365,41.728417],[2.948264,41.728494]]],[[[3.166443,42.369858],[3.166318,42.369829],[3.166348,42.369881],[3.166443,42.369858]]],[[[3.223907,42.044606],[3.223799,42.044621],[3.223899,42.044652],[3.223907,42.044606]]],[[[3.179265,41.871933],[3.179138,41.871868],[3.17916,41.871966],[3.179265,41.871933]]],[[[3.190028,41.887805],[3.189894,41.887785],[3.18995,41.887863],[3.190028,41.887805]]],[[[3.182498,41.885674],[3.182419,41.885732],[3.182493,41.885746],[3.182498,41.885674]]],[[[3.136728,42.125523],[3.136661,42.125455],[3.136552,42.125578],[3.136728,42.125523]]],[[[3.161744,42.410295],[3.161834,42.410227],[3.161727,42.410251],[3.161744,42.410295]]],[[[3.169648,42.423226],[3.16974,42.423293],[3.169746,42.42323],[3.169648,42.423226]]],[[[3.231542,41.968886],[3.23146,41.968792],[3.231376,41.968796],[3.231542,41.968886]]],[[[3.179412,41.879432],[3.179391,41.879334],[3.179263,41.879386],[3.179412,41.879432]]],[[[3.229086,42.243626],[3.228947,42.243562],[3.228927,42.243608],[3.229086,42.243626]]],[[[3.229626,41.962735],[3.22944,41.962691],[3.229704,41.962794],[3.229626,41.962735]]],[[[3.165356,42.39044],[3.165309,42.390335],[3.165241,42.390384],[3.165356,42.39044]]],[[[3.177968,41.869105],[3.17788,41.869064],[3.177923,41.869143],[3.177968,41.869105]]],[[[3.178623,41.868781],[3.178487,41.868743],[3.178566,41.868811],[3.178623,41.868781]]],[[[2.976183,41.755926],[2.976239,41.755878],[2.976094,41.755868],[2.976183,41.755926]]],[[[3.225447,42.042821],[3.225474,42.04273],[3.225397,42.042806],[3.225447,42.042821]]],[[[2.862121,41.69891],[2.862052,41.698806],[2.862045,41.69886],[2.862121,41.69891]]],[[[3.169488,42.423694],[3.169641,42.42365],[3.169638,42.423614],[3.169488,42.423694]]],[[[3.156989,42.390811],[3.156879,42.390799],[3.156862,42.390881],[3.156989,42.390811]]],[[[3.226514,41.945703],[3.226482,41.945624],[3.226425,41.945654],[3.226514,41.945703]]],[[[3.225459,42.042947],[3.225403,42.042869],[3.225351,42.042953],[3.225459,42.042947]]],[[[3.303914,42.327761],[3.303821,42.327676],[3.303879,42.327772],[3.303914,42.327761]]],[[[3.318435,42.315455],[3.318285,42.315409],[3.318241,42.315457],[3.318435,42.315455]]],[[[3.297022,42.29381],[3.29711,42.293724],[3.297009,42.293802],[3.297022,42.29381]]],[[[3.219383,41.935019],[3.219279,41.934944],[3.219349,41.935048],[3.219383,41.935019]]],[[[3.172364,41.863826],[3.17233,41.863729],[3.172272,41.86375],[3.172364,41.863826]]],[[[3.231728,41.968444],[3.231707,41.968355],[3.231628,41.968404],[3.231728,41.968444]]],[[[3.225519,41.944776],[3.225513,41.944713],[3.225372,41.944748],[3.225519,41.944776]]],[[[3.167627,42.369182],[3.167501,42.369135],[3.167606,42.369219],[3.167627,42.369182]]],[[[3.225484,42.043323],[3.225381,42.043266],[3.225449,42.043343],[3.225484,42.043323]]],[[[3.23129,41.956451],[3.23133,41.956359],[3.231199,41.956384],[3.23129,41.956451]]],[[[3.159471,42.373412],[3.159428,42.373342],[3.15935,42.373409],[3.159471,42.373412]]],[[[3.136208,42.127144],[3.136295,42.127041],[3.136148,42.127147],[3.136208,42.127144]]],[[[3.226759,41.945491],[3.226764,41.945428],[3.226723,41.945493],[3.226759,41.945491]]],[[[3.178795,41.87131],[3.178682,41.871262],[3.178703,41.871351],[3.178795,41.87131]]],[[[3.163634,42.364492],[3.163488,42.364491],[3.163519,42.364561],[3.163634,42.364492]]],[[[3.224867,41.945135],[3.225002,41.945164],[3.225011,41.945128],[3.224867,41.945135]]],[[[3.17913,41.878628],[3.179258,41.878585],[3.179078,41.878586],[3.17913,41.878628]]],[[[3.166596,42.369931],[3.166518,42.369881],[3.166504,42.36999],[3.166596,42.369931]]],[[[3.165993,42.361934],[3.165881,42.361913],[3.165886,42.361958],[3.165993,42.361934]]],[[[3.217584,41.938087],[3.217648,41.938003],[3.217539,41.937991],[3.217584,41.938087]]],[[[3.183045,41.883358],[3.182936,41.883355],[3.183044,41.883475],[3.183045,41.883358]]],[[[3.224616,41.944915],[3.224559,41.944819],[3.224553,41.944882],[3.224616,41.944915]]],[[[3.228698,41.969896],[3.228674,41.969772],[3.228624,41.969882],[3.228698,41.969896]]],[[[3.219059,41.942823],[3.219187,41.942771],[3.219022,41.942816],[3.219059,41.942823]]],[[[3.168997,42.41994],[3.168881,42.419874],[3.168873,42.419919],[3.168997,42.41994]]],[[[3.230257,42.244561],[3.230122,42.244542],[3.230124,42.244568],[3.230257,42.244561]]],[[[3.161561,42.398413],[3.161467,42.398329],[3.161513,42.398425],[3.161561,42.398413]]],[[[3.231688,41.956943],[3.231612,41.956902],[3.231633,41.956991],[3.231688,41.956943]]],[[[3.180637,41.877025],[3.180591,41.876929],[3.180564,41.87702],[3.180637,41.877025]]],[[[3.231757,41.969361],[3.231634,41.969331],[3.231761,41.969396],[3.231757,41.969361]]],[[[3.226466,41.971125],[3.226521,41.971068],[3.226438,41.971091],[3.226466,41.971125]]],[[[3.231466,41.968602],[3.231558,41.968552],[3.231451,41.968576],[3.231466,41.968602]]],[[[3.221048,41.943318],[3.22114,41.943268],[3.221034,41.943292],[3.221048,41.943318]]],[[[3.230745,41.968138],[3.230789,41.96809],[3.23073,41.968102],[3.230745,41.968138]]],[[[3.156122,42.378255],[3.156031,42.378197],[3.155987,42.378235],[3.156122,42.378255]]],[[[3.216932,41.930157],[3.216876,41.930079],[3.216865,41.930088],[3.216932,41.930157]]],[[[3.231262,41.969604],[3.231243,41.969524],[3.231207,41.969535],[3.231262,41.969604]]],[[[3.230809,41.956333],[3.230695,41.956286],[3.230787,41.956362],[3.230809,41.956333]]],[[[3.166083,42.413904],[3.166029,42.413853],[3.165997,42.4139],[3.166083,42.413904]]],[[[3.231387,41.969399],[3.231331,41.969321],[3.231284,41.969332],[3.231387,41.969399]]],[[[3.226689,41.945648],[3.226588,41.9456],[3.226582,41.945663],[3.226689,41.945648]]],[[[3.190802,41.887835],[3.190706,41.88784],[3.190721,41.887867],[3.190802,41.887835]]],[[[3.311713,42.325458],[3.3116,42.325419],[3.31174,42.325483],[3.311713,42.325458]]],[[[3.224731,41.945224],[3.224666,41.945173],[3.224671,41.945227],[3.224731,41.945224]]],[[[3.16544,42.362738],[3.165399,42.362686],[3.165365,42.362715],[3.16544,42.362738]]],[[[3.323977,42.322565],[3.324077,42.322596],[3.324122,42.322557],[3.323977,42.322565]]],[[[3.320783,42.323858],[3.320695,42.323818],[3.320663,42.323865],[3.320783,42.323858]]],[[[3.217496,41.938047],[3.217439,41.93796],[3.217433,41.938015],[3.217496,41.938047]]],[[[3.212835,42.058701],[3.212818,42.058648],[3.212748,42.05867],[3.212835,42.058701]]],[[[3.231616,41.956694],[3.231539,41.956654],[3.231596,41.956741],[3.231616,41.956694]]],[[[3.159149,42.118088],[3.159178,42.118141],[3.159239,42.118146],[3.159149,42.118088]]],[[[3.224921,41.945069],[3.225,41.94502],[3.224906,41.945043],[3.224921,41.945069]]],[[[3.211551,42.054586],[3.211453,42.054573],[3.211494,42.054625],[3.211551,42.054586]]],[[[3.260952,42.340467],[3.2609,42.340433],[3.260857,42.34049],[3.260952,42.340467]]],[[[3.321658,42.318436],[3.321581,42.318395],[3.321562,42.31845],[3.321658,42.318436]]],[[[3.164757,42.365547],[3.164825,42.365499],[3.164754,42.365512],[3.164757,42.365547]]],[[[3.230682,41.968231],[3.230713,41.968184],[3.230604,41.968172],[3.230682,41.968231]]],[[[3.1977,42.242902],[3.197657,42.242842],[3.197638,42.242888],[3.1977,42.242902]]],[[[3.182979,41.88293],[3.183082,41.882879],[3.182904,41.882907],[3.182979,41.88293]]],[[[3.296731,42.330524],[3.296654,42.330484],[3.296684,42.330536],[3.296731,42.330524]]],[[[3.211169,42.055255],[3.211226,42.055215],[3.21114,42.055202],[3.211169,42.055255]]],[[[3.22636,41.971032],[3.226354,41.970969],[3.226335,41.971015],[3.22636,41.971032]]],[[[3.23204,41.956968],[3.231997,41.956899],[3.231941,41.956938],[3.23204,41.956968]]],[[[3.183295,41.881463],[3.183312,41.88139],[3.183254,41.881421],[3.183295,41.881463]]],[[[3.260832,42.340599],[3.260924,42.340549],[3.260803,42.340556],[3.260832,42.340599]]],[[[3.23168,41.969437],[3.231594,41.969414],[3.231585,41.969451],[3.23168,41.969437]]],[[[3.231804,41.95726],[3.231741,41.957237],[3.231747,41.957299],[3.231804,41.95726]]],[[[3.178774,41.871833],[3.178779,41.871761],[3.178721,41.871791],[3.178774,41.871833]]],[[[3.182301,41.886378],[3.182232,41.886409],[3.182304,41.886405],[3.182301,41.886378]]],[[[3.231216,41.969372],[3.231166,41.969357],[3.231247,41.969442],[3.231216,41.969372]]],[[[3.178576,41.871538],[3.17857,41.871466],[3.178525,41.871505],[3.178576,41.871538]]],[[[3.178393,41.868649],[3.178447,41.868584],[3.178389,41.868605],[3.178393,41.868649]]],[[[3.287696,42.282379],[3.287644,42.282337],[3.287663,42.282408],[3.287696,42.282379]]],[[[3.21134,42.055272],[3.211298,42.055212],[3.211268,42.055276],[3.21134,42.055272]]],[[[3.222492,41.944275],[3.222438,41.944214],[3.222427,41.944224],[3.222492,41.944275]]],[[[3.210443,42.053143],[3.210509,42.053193],[3.210518,42.053166],[3.210443,42.053143]]],[[[3.232111,41.956947],[3.232057,41.956895],[3.232049,41.956932],[3.232111,41.956947]]],[[[3.218261,41.942425],[3.218175,41.942412],[3.218178,41.942439],[3.218261,41.942425]]],[[[3.179476,41.872002],[3.179397,41.871926],[3.179352,41.871964],[3.179476,41.872002]]],[[[3.279317,42.337145],[3.279276,42.337102],[3.279208,42.337151],[3.279317,42.337145]]],[[[3.211536,42.054433],[3.211494,42.054373],[3.211511,42.054426],[3.211536,42.054433]]],[[[3.219066,42.048452],[3.219137,42.04843],[3.219062,42.048408],[3.219066,42.048452]]],[[[3.231914,41.957029],[3.231919,41.956957],[3.231856,41.95705],[3.231914,41.957029]]],[[[3.172167,41.863531],[3.172186,41.863485],[3.172126,41.863488],[3.172167,41.863531]]],[[[3.210698,42.053282],[3.210657,42.05323],[3.210623,42.05325],[3.210698,42.053282]]],[[[3.228625,41.970017],[3.228538,41.969986],[3.22853,41.970031],[3.228625,41.970017]]],[[[3.261835,42.339707],[3.261864,42.339633],[3.261821,42.33969],[3.261835,42.339707]]],[[[3.311425,42.32524],[3.311395,42.325187],[3.311351,42.325235],[3.311425,42.32524]]],[[[3.217849,41.939072],[3.217856,41.939018],[3.217807,41.939011],[3.217849,41.939072]]],[[[3.1823,41.885001],[3.182249,41.884967],[3.18223,41.885022],[3.1823,41.885001]]],[[[3.250856,42.33191],[3.250796,42.331922],[3.250846,42.331929],[3.250856,42.33191]]],[[[3.183099,41.882059],[3.183059,41.882016],[3.183024,41.882027],[3.183099,41.882059]]],[[[3.178996,41.878491],[3.178968,41.878448],[3.178891,41.878524],[3.178996,41.878491]]],[[[3.211124,42.053556],[3.211119,42.053502],[3.211083,42.053513],[3.211124,42.053556]]],[[[3.231342,41.956736],[3.231301,41.956685],[3.231282,41.956731],[3.231342,41.956736]]],[[[3.231719,41.956761],[3.231701,41.956708],[3.231665,41.95671],[3.231719,41.956761]]],[[[3.219419,41.942686],[3.21938,41.942653],[3.219374,41.942716],[3.219419,41.942686]]],[[[3.293641,42.306436],[3.293647,42.306373],[3.293603,42.30642],[3.293641,42.306436]]],[[[3.166448,42.370164],[3.166479,42.370099],[3.166423,42.370147],[3.166448,42.370164]]],[[[3.226833,41.970682],[3.226817,41.970647],[3.226762,41.970695],[3.226833,41.970682]]],[[[3.209911,42.053136],[3.209968,42.053097],[3.209908,42.0531],[3.209911,42.053136]]],[[[3.216041,41.930052],[3.215989,41.93001],[3.215981,41.930046],[3.216041,41.930052]]],[[[3.227062,41.970805],[3.227006,41.970727],[3.227027,41.970815],[3.227062,41.970805]]],[[[3.23136,41.96949],[3.231331,41.969438],[3.231299,41.969485],[3.23136,41.96949]]],[[[3.178754,41.87151],[3.178736,41.871439],[3.178704,41.871486],[3.178754,41.87151]]],[[[3.31297,42.32456],[3.313014,42.324522],[3.312967,42.324533],[3.31297,42.32456]]],[[[3.221647,42.045458],[3.221608,42.045425],[3.221624,42.045469],[3.221647,42.045458]]],[[[3.231131,41.96962],[3.231163,41.969573],[3.231128,41.969584],[3.231131,41.96962]]],[[[3.260857,42.340364],[3.260817,42.34033],[3.260795,42.340349],[3.260857,42.340364]]],[[[3.232543,41.958534],[3.232577,41.958505],[3.232513,41.958473],[3.232543,41.958534]]],[[[3.183052,41.883682],[3.183009,41.883612],[3.182974,41.883623],[3.183052,41.883682]]],[[[3.292995,42.301917],[3.292979,42.301882],[3.29297,42.30191],[3.292995,42.301917]]],[[[3.210861,42.053336],[3.210808,42.053294],[3.210799,42.053321],[3.210861,42.053336]]],[[[3.16135,42.398245],[3.161396,42.398215],[3.161358,42.398208],[3.16135,42.398245]]],[[[3.219522,42.046942],[3.219518,42.046898],[3.219483,42.046908],[3.219522,42.046942]]],[[[3.182843,41.883387],[3.182875,41.883349],[3.182816,41.883362],[3.182843,41.883387]]],[[[3.212978,42.058685],[3.213031,42.058727],[3.213042,42.058717],[3.212978,42.058685]]],[[[3.183074,41.88242],[3.183095,41.882383],[3.183002,41.882424],[3.183074,41.88242]]],[[[3.093106,41.832184],[3.093077,41.832143],[3.093067,41.832149],[3.093106,41.832184]]],[[[3.211337,42.054993],[3.211285,42.05496],[3.211301,42.054995],[3.211337,42.054993]]],[[[3.292993,42.30117],[3.292918,42.301147],[3.293006,42.301179],[3.292993,42.30117]]],[[[3.225085,41.945142],[3.225045,41.945108],[3.225037,41.945153],[3.225085,41.945142]]],[[[3.186463,41.862317],[3.186423,41.862275],[3.186404,41.86233],[3.186463,41.862317]]],[[[3.220435,42.046398],[3.220467,42.046351],[3.220409,42.046381],[3.220435,42.046398]]],[[[3.183214,41.881999],[3.183152,41.881984],[3.183265,41.882023],[3.183214,41.881999]]],[[[3.178678,41.871713],[3.17866,41.871659],[3.178615,41.871689],[3.178678,41.871713]]],[[[3.161483,42.398238],[3.16149,42.398192],[3.161466,42.398194],[3.161483,42.398238]]],[[[3.161689,42.398362],[3.161698,42.398325],[3.161652,42.398355],[3.161689,42.398362]]],[[[3.186228,41.862375],[3.186177,41.862351],[3.186144,41.86238],[3.186228,41.862375]]],[[[3.178387,41.871197],[3.178338,41.871191],[3.178354,41.871235],[3.178387,41.871197]]],[[[3.182984,41.883478],[3.182935,41.883472],[3.182999,41.883505],[3.182984,41.883478]]],[[[3.228976,41.969782],[3.228974,41.969764],[3.228919,41.969812],[3.228976,41.969782]]]]}},{"type":"Feature","properties":{"name":"Ceuta","country":"ES"},"geometry":{"type":"MultiPolygon","coordinates":[[[[-5.344965,35.87106],[-5.378861,35.916206],[-5.316963,35.889401],[-5.278731,35.900136],[-5.344965,35.87106]]],[[[-5.416358,35.912584],[-5.420259,35.914849],[-5.417806,35.916519],[-5.416358,35.912584]]],[[[-4.295745,35.169661],[-4.300362,35.170054],[-4.300297,35.170893],[-4.295745,35.169661]]]]}},{"type":"Feature","properties":{"name":"Murcia","country":"ES"},"geometry":{"type":"MultiPolygon","coordinates":[[[[-1.149852,38.746067],[-1.026069,38.65453],[-1.001569,38.572675],[-1.026062,38.522819],[-1.013645,38.49673],[-1.094162,38.437929],[-1.077206,38.43147],[-1.084384,38.346216],[-0.989153,38.320877],[-0.967677,38.27564],[-0.988546,38.199531],[-1.036762,38.13772],[-1.022599,38.07569],[-0.90018,37.923129],[-0.750861,37.82181],[-0.75221,37.788205],[-0.775764,37.819111],[-0.796275,37.810504],[-0.857033,37.713363],[-0.802771,37.658204],[-0.727675,37.634792],[-0.745737,37.705987],[-0.745623,37.748248],[-0.733543,37.746539],[-0.745476,37.748967],[-0.757946,37.77987],[-0.746475,37.780751],[-0.721418,37.740033],[-0.738242,37.734608],[-0.731456,37.678489],[-0.709719,37.641311],[-0.688294,37.632756],[-0.702217,37.630262],[-0.731849,37.601503],[-0.919248,37.55394],[-0.960414,37.558669],[-0.949765,37.567623],[-0.992002,37.601532],[-0.98413,37.584301],[-1.017991,37.572754],[-1.031173,37.579121],[-1.074017,37.584154],[-1.10866,37.569367],[-1.12714,37.552124],[-1.111057,37.534077],[-1.213477,37.575345],[-1.326179,37.56273],[-1.45968,37.48657],[-1.48622,37.422921],[-1.51901,37.431782],[-1.62676,37.373903],[-1.737075,37.442633],[-1.811756,37.451556],[-1.808946,37.433474],[-2.011814,37.672248],[-2.008836,37.774951],[-1.974502,37.868469],[-2.100385,37.877198],[-2.123204,37.900552],[-2.172012,37.888689],[-2.341632,38.026001],[-2.329902,38.065402],[-2.26165,38.112959],[-2.212939,38.203022],[-2.113728,38.238203],[-2.048992,38.305783],[-1.98263,38.281371],[-1.907536,38.297962],[-1.745118,38.381235],[-1.687557,38.365825],[-1.670246,38.311649],[-1.558198,38.325203],[-1.478547,38.376383],[-1.498733,38.532056],[-1.452001,38.58146],[-1.447698,38.649518],[-1.421665,38.676995],[-1.366666,38.704002],[-1.344069,38.677102],[-1.249594,38.738692],[-1.149852,38.746067]],[[-1.468561,37.470949],[-1.467799,37.471155],[-1.467879,37.471652],[-1.468561,37.470949]],[[-1.118795,37.561661],[-1.118881,37.561825],[-1.118962,37.561763],[-1.118795,37.561661]],[[-1.623316,37.378163],[-1.623078,37.378259],[-1.62329,37.378352],[-1.623316,37.378163]],[[-1.011814,37.57639],[-1.011619,37.576486],[-1.011844,37.576526],[-1.011814,37.57639]],[[-1.468487,37.472895],[-1.468248,37.472964],[-1.468496,37.473003],[-1.468487,37.472895]],[[-1.502158,37.429533],[-1.502022,37.42954],[-1.501985,37.42972],[-1.502158,37.429533]],[[-0.999466,37.584184],[-0.999249,37.584252],[-0.999293,37.584334],[-0.999466,37.584184]],[[-1.01478,37.574295],[-1.014621,37.574283],[-1.014675,37.574401],[-1.01478,37.574295]]],[[[-0.776148,37.695679],[-0.764605,37.693712],[-0.768486,37.690235],[-0.776148,37.695679]]],[[[-0.799964,37.703723],[-0.79755,37.696009],[-0.804373,37.701525],[-0.799964,37.703723]]],[[[-0.709271,37.730281],[-0.704773,37.728229],[-0.708537,37.725374],[-0.709271,37.730281]]],[[[-0.756721,37.783596],[-0.756043,37.78762],[-0.753621,37.783591],[-0.756721,37.783596]]],[[[-1.26909,37.557103],[-1.266586,37.554759],[-1.270007,37.555143],[-1.26909,37.557103]]],[[[-1.54731,37.409601],[-1.543675,37.408853],[-1.548409,37.407667],[-1.54731,37.409601]]],[[[-0.969558,37.560016],[-0.96773,37.558552],[-0.97175,37.559342],[-0.969558,37.560016]]],[[[-0.760511,37.784795],[-0.759871,37.786071],[-0.757365,37.784816],[-0.760511,37.784795]]],[[[-0.761472,37.788706],[-0.759126,37.790436],[-0.759017,37.790281],[-0.761472,37.788706]]],[[[-0.759139,37.784354],[-0.757647,37.784127],[-0.75957,37.782488],[-0.759139,37.784354]]],[[[-0.75743,37.782303],[-0.756887,37.780364],[-0.759075,37.780847],[-0.75743,37.782303]]],[[[-0.740326,37.670504],[-0.74092,37.668506],[-0.741346,37.669416],[-0.740326,37.670504]]],[[[-0.747648,37.665688],[-0.7497,37.664952],[-0.750063,37.665689],[-0.747648,37.665688]]],[[[-1.042019,37.570136],[-1.040897,37.57101],[-1.040642,37.570375],[-1.042019,37.570136]]],[[[-1.207943,37.57235],[-1.207561,37.57083],[-1.208737,37.570902],[-1.207943,37.57235]]],[[[-0.649067,37.65605],[-0.648208,37.655969],[-0.649554,37.655005],[-0.649067,37.65605]]],[[[-0.745892,37.782722],[-0.745398,37.781794],[-0.746127,37.781735],[-0.745892,37.782722]]],[[[-0.747674,37.788731],[-0.747848,37.787887],[-0.747996,37.78935],[-0.747674,37.788731]]],[[[-0.759187,37.787284],[-0.757864,37.786727],[-0.758134,37.786416],[-0.759187,37.787284]]],[[[-0.745719,37.784323],[-0.745661,37.783249],[-0.746181,37.784061],[-0.745719,37.784323]]],[[[-0.758326,37.786078],[-0.757129,37.785118],[-0.758492,37.785856],[-0.758326,37.786078]]],[[[-1.327737,37.556858],[-1.32839,37.556543],[-1.327956,37.557186],[-1.327737,37.556858]]],[[[-0.745586,37.781608],[-0.744686,37.781311],[-0.745661,37.781384],[-0.745586,37.781608]]],[[[-0.708414,37.619226],[-0.709317,37.619334],[-0.70916,37.619646],[-0.708414,37.619226]]],[[[-0.759148,37.787058],[-0.759208,37.786581],[-0.759313,37.786871],[-0.759148,37.787058]]],[[[-0.718332,37.66462],[-0.71891,37.664613],[-0.71824,37.665024],[-0.718332,37.66462]]],[[[-0.74406,37.779876],[-0.744522,37.779623],[-0.744315,37.780448],[-0.74406,37.779876]]],[[[-0.697609,37.731685],[-0.698282,37.731924],[-0.697608,37.731721],[-0.697609,37.731685]]],[[[-0.758782,37.779389],[-0.758317,37.779478],[-0.758066,37.779434],[-0.758782,37.779389]]],[[[-0.758426,37.79291],[-0.758317,37.792386],[-0.758552,37.792868],[-0.758426,37.79291]]],[[[-0.746598,37.786403],[-0.747132,37.786008],[-0.747213,37.786334],[-0.746598,37.786403]]],[[[-0.703295,37.624326],[-0.702632,37.62452],[-0.702534,37.624392],[-0.703295,37.624326]]],[[[-0.744295,37.781124],[-0.744592,37.78067],[-0.744775,37.781007],[-0.744295,37.781124]]],[[[-0.694029,37.629759],[-0.69452,37.629661],[-0.694093,37.629887],[-0.694029,37.629759]]],[[[-1.041422,37.570009],[-1.042049,37.569839],[-1.041396,37.570144],[-1.041422,37.570009]]],[[[-0.693045,37.629722],[-0.693471,37.629856],[-0.693114,37.630048],[-0.693045,37.629722]]],[[[-0.762187,37.793604],[-0.762479,37.793321],[-0.762344,37.79403],[-0.762187,37.793604]]],[[[-1.529207,37.422419],[-1.529293,37.42205],[-1.529738,37.422407],[-1.529207,37.422419]]],[[[-0.760603,37.84607],[-0.760742,37.845545],[-0.760842,37.846094],[-0.760603,37.84607]]],[[[-0.761888,37.792228],[-0.761552,37.791681],[-0.761968,37.792194],[-0.761888,37.792228]]],[[[-0.705571,37.624019],[-0.705605,37.623632],[-0.705868,37.623916],[-0.705571,37.624019]]],[[[-0.653294,37.652115],[-0.653469,37.652335],[-0.653167,37.652211],[-0.653294,37.652115]]],[[[-0.687627,37.633067],[-0.687909,37.632748],[-0.687917,37.632848],[-0.687627,37.633067]]],[[[-0.687854,37.635982],[-0.688268,37.635765],[-0.688241,37.635918],[-0.687854,37.635982]]],[[[-0.747815,37.787463],[-0.747605,37.787288],[-0.747922,37.787303],[-0.747815,37.787463]]],[[[-0.708384,37.618369],[-0.708639,37.618185],[-0.708505,37.618498],[-0.708384,37.618369]]],[[[-0.758937,37.786522],[-0.759137,37.7863],[-0.759348,37.786467],[-0.758937,37.786522]]],[[[-0.75531,37.722192],[-0.755676,37.722019],[-0.755678,37.722204],[-0.75531,37.722192]]],[[[-0.759178,37.792474],[-0.759391,37.79255],[-0.759264,37.792629],[-0.759178,37.792474]]],[[[-0.756939,37.791774],[-0.757001,37.791603],[-0.757259,37.791717],[-0.756939,37.791774]]],[[[-0.743938,37.778675],[-0.74425,37.778473],[-0.744234,37.778644],[-0.743938,37.778675]]],[[[-0.702581,37.625817],[-0.702925,37.62567],[-0.702635,37.625899],[-0.702581,37.625817]]],[[[-0.757918,37.792441],[-0.757992,37.792262],[-0.75818,37.792419],[-0.757918,37.792441]]],[[[-0.762353,37.792994],[-0.762232,37.792469],[-0.762442,37.79305],[-0.762353,37.792994]]],[[[-0.688958,37.636554],[-0.688918,37.636382],[-0.689098,37.636421],[-0.688958,37.636554]]],[[[-1.094233,37.569892],[-1.094473,37.569805],[-1.094481,37.569941],[-1.094233,37.569892]]],[[[-0.689281,37.631991],[-0.689308,37.631839],[-0.689419,37.631922],[-0.689281,37.631991]]],[[[-0.971888,37.575143],[-0.972062,37.574983],[-0.972114,37.575128],[-0.971888,37.575143]]],[[[-0.687968,37.63338],[-0.688141,37.633294],[-0.688082,37.633383],[-0.687968,37.63338]]],[[[-1.022365,37.573035],[-1.022614,37.573048],[-1.022375,37.573107],[-1.022365,37.573035]]],[[[-0.702015,37.62395],[-0.701723,37.623881],[-0.702062,37.623914],[-0.702015,37.62395]]],[[[-0.70185,37.624145],[-0.702055,37.624113],[-0.701971,37.624264],[-0.70185,37.624145]]],[[[-0.689482,37.631355],[-0.68978,37.631235],[-0.68948,37.631391],[-0.689482,37.631355]]],[[[-0.689226,37.631558],[-0.689445,37.631436],[-0.689488,37.631518],[-0.689226,37.631558]]],[[[-0.690996,37.631836],[-0.690979,37.631664],[-0.691135,37.631739],[-0.690996,37.631836]]],[[[-1.494889,37.422311],[-1.494869,37.422157],[-1.495059,37.42225],[-1.494889,37.422311]]],[[[-0.688462,37.633922],[-0.688591,37.633771],[-0.68868,37.633809],[-0.688462,37.633922]]],[[[-1.022643,37.573247],[-1.022703,37.573094],[-1.022781,37.573159],[-1.022643,37.573247]]],[[[-0.977247,37.580849],[-0.977398,37.580735],[-0.977429,37.580834],[-0.977247,37.580849]]],[[[-0.977947,37.581357],[-0.978063,37.581269],[-0.97806,37.581359],[-0.977947,37.581357]]],[[[-0.758646,37.78639],[-0.758684,37.786256],[-0.758762,37.786302],[-0.758646,37.78639]]],[[[-0.746338,37.785614],[-0.746478,37.785509],[-0.746476,37.785581],[-0.746338,37.785614]]],[[[-0.686865,37.63353],[-0.687014,37.633461],[-0.686876,37.633539],[-0.686865,37.63353]]],[[[-0.760887,37.847157],[-0.760864,37.846998],[-0.760971,37.847137],[-0.760887,37.847157]]],[[[-0.687238,37.633546],[-0.687388,37.63345],[-0.687236,37.633609],[-0.687238,37.633546]]],[[[-0.688712,37.632052],[-0.688824,37.63209],[-0.688675,37.632151],[-0.688712,37.632052]]],[[[-0.689493,37.632077],[-0.68961,37.631971],[-0.689653,37.632026],[-0.689493,37.632077]]],[[[-0.689749,37.632244],[-0.689809,37.632128],[-0.689795,37.632218],[-0.689749,37.632244]]],[[[-1.021978,37.573569],[-1.022049,37.573453],[-1.02208,37.573535],[-1.021978,37.573569]]],[[[-0.757563,37.792164],[-0.757657,37.792058],[-0.757677,37.792157],[-0.757563,37.792164]]],[[[-0.6886,37.636772],[-0.688547,37.636663],[-0.688671,37.636665],[-0.6886,37.636772]]],[[[-0.967178,37.559696],[-0.967215,37.559588],[-0.967303,37.559689],[-0.967178,37.559696]]],[[[-0.976421,37.580844],[-0.976503,37.580737],[-0.976535,37.580828],[-0.976421,37.580844]]],[[[-0.759307,37.786322],[-0.759366,37.786242],[-0.759399,37.786278],[-0.759307,37.786322]]],[[[-0.688636,37.63233],[-0.688662,37.632204],[-0.688693,37.632295],[-0.688636,37.63233]]],[[[-0.977864,37.581085],[-0.977752,37.581029],[-0.977865,37.58104],[-0.977864,37.581085]]],[[[-0.690886,37.631365],[-0.690845,37.631247],[-0.69092,37.631366],[-0.690886,37.631365]]],[[[-0.688275,37.632269],[-0.6884,37.632244],[-0.68833,37.632324],[-0.688275,37.632269]]],[[[-1.022519,37.573235],[-1.022486,37.573172],[-1.022565,37.573209],[-1.022519,37.573235]]],[[[-0.757891,37.787313],[-0.757847,37.787285],[-0.757949,37.787287],[-0.757891,37.787313]]],[[[-0.756719,37.791544],[-0.756788,37.791509],[-0.756775,37.791554],[-0.756719,37.791544]]]]}},{"type":"Feature","properties":{"name":"La Rioja","country":"ES"},"geometry":{"type":"Polygon","coordinates":[[[-3.084152,42.640687],[-2.916008,42.619521],[-2.852975,42.636182],[-2.8418,42.608599],[-2.818771,42.612716],[-2.840847,42.581192],[-2.822972,42.554742],[-2.740772,42.622552],[-2.680542,42.594518],[-2.705687,42.517162],[-2.675781,42.525727],[-2.647749,42.483262],[-2.605426,42.503523],[-2.596993,42.472936],[-2.568259,42.494148],[-2.53048,42.483571],[-2.509741,42.520057],[-2.514721,42.490115],[-2.415616,42.49057],[-2.345838,42.451369],[-2.288012,42.46736],[-2.175037,42.407766],[-2.111902,42.419956],[-2.07864,42.368126],[-2.089961,42.346971],[-2.016015,42.369298],[-1.971058,42.353467],[-1.870658,42.288966],[-1.872276,42.252669],[-1.680124,42.191574],[-1.700897,42.173124],[-1.679659,42.151689],[-1.719895,42.13344],[-1.832417,42.148231],[-1.909239,42.059123],[-1.901577,42.02968],[-1.847185,42.007999],[-1.856541,41.966402],[-1.970298,41.919142],[-2.028314,41.953386],[-2.114356,41.961144],[-2.124072,41.995309],[-2.107632,42.002774],[-2.161913,42.066734],[-2.12724,42.080462],[-2.133377,42.101142],[-2.269589,42.088555],[-2.28216,42.131703],[-2.318205,42.145181],[-2.514676,42.114542],[-2.51488,42.068861],[-2.579909,41.996264],[-2.746961,42.009275],[-2.757377,42.033102],[-2.705947,42.103556],[-2.734666,42.124954],[-2.791608,42.108752],[-2.797986,42.046844],[-2.889512,42.010402],[-2.913624,42.022852],[-2.931176,42.086775],[-3.034373,42.085963],[-3.129453,42.198962],[-3.088589,42.245725],[-3.109668,42.351448],[-3.063462,42.356697],[-3.10527,42.386369],[-3.101347,42.416777],[-3.078179,42.41575],[-3.056881,42.370273],[-3.046004,42.445154],[-3.094695,42.488074],[-3.072572,42.528923],[-3.134271,42.542053],[-3.05983,42.589188],[-3.084152,42.640687]],[[-2.9345,42.614075],[-2.939177,42.594292],[-2.922629,42.600829],[-2.9345,42.614075]],[[-2.994525,42.615491],[-2.986248,42.607051],[-2.985222,42.61422],[-2.994525,42.615491]]]}},{"type":"Feature","properties":{"name":"Baleares","country":"ES"},"geometry":{"type":"MultiPolygon","coordinates":[[[[3.213645,39.957514],[3.080042,39.902273],[3.105639,39.857654],[3.190364,39.892422],[3.20446,39.888812],[3.178545,39.84058],[3.120768,39.832087],[3.135069,39.782669],[3.252588,39.729367],[3.34812,39.789369],[3.461318,39.748104],[3.452687,39.722487],[3.478685,39.715805],[3.456705,39.705505],[3.436287,39.63427],[3.396889,39.628311],[3.385017,39.592797],[3.404074,39.579442],[3.291845,39.494288],[3.274859,39.415928],[3.260961,39.424034],[3.232232,39.361642],[3.146396,39.329974],[3.068761,39.266718],[3.050121,39.265601],[3.013546,39.31044],[2.986055,39.31591],[2.990796,39.33677],[2.957816,39.362479],[2.913509,39.352417],[2.787342,39.363059],[2.742029,39.406237],[2.721996,39.475724],[2.748414,39.510664],[2.669532,39.562458],[2.632714,39.568431],[2.632465,39.5452],[2.541043,39.524834],[2.521742,39.456601],[2.476083,39.466261],[2.456183,39.504771],[2.479606,39.51761],[2.456745,39.534292],[2.41944,39.522894],[2.413662,39.539012],[2.386928,39.52088],[2.363015,39.532799],[2.390511,39.546209],[2.346497,39.564604],[2.356013,39.605564],[2.462224,39.652011],[2.527873,39.701554],[2.585511,39.71628],[2.619828,39.755952],[2.663196,39.772403],[2.66943,39.792225],[2.694452,39.791329],[2.778374,39.85559],[2.845008,39.861744],[2.950365,39.920076],[2.982663,39.908246],[3.028138,39.935084],[3.060299,39.919836],[3.120499,39.931385],[3.165672,39.959917],[3.213645,39.957514]],[[3.187625,39.754583],[3.188337,39.754618],[3.188175,39.755024],[3.187625,39.754583]],[[3.162202,39.873761],[3.161908,39.873248],[3.162329,39.873247],[3.162202,39.873761]],[[2.422068,39.537099],[2.422443,39.536776],[2.422498,39.537128],[2.422068,39.537099]],[[3.003652,39.312531],[3.003524,39.312982],[3.003327,39.312594],[3.003652,39.312531]],[[3.375702,39.564886],[3.375761,39.565202],[3.375365,39.565068],[3.375702,39.564886]],[[3.185751,39.869076],[3.186102,39.869076],[3.186091,39.869346],[3.185751,39.869076]],[[2.603708,39.735355],[2.604046,39.735356],[2.603916,39.735716],[2.603708,39.735355]],[[2.916975,39.356736],[2.916731,39.357006],[2.916533,39.356816],[2.916975,39.356736]],[[3.18842,39.755096],[3.188794,39.755203],[3.188362,39.755177],[3.18842,39.755096]],[[3.177025,39.881127],[3.177329,39.88119],[3.177177,39.881316],[3.177025,39.881127]],[[3.175744,39.951838],[3.175873,39.952027],[3.175627,39.951902],[3.175744,39.951838]],[[2.651466,39.766971],[2.651688,39.766936],[2.651547,39.767043],[2.651466,39.766971]],[[2.44016,39.533123],[2.440428,39.533134],[2.440357,39.533232],[2.44016,39.533123]],[[2.933087,39.902688],[2.93318,39.902886],[2.932993,39.902859],[2.933087,39.902688]],[[2.654119,39.768781],[2.654224,39.768664],[2.654247,39.768736],[2.654119,39.768781]],[[2.96324,39.912522],[2.963451,39.912531],[2.963275,39.912567],[2.96324,39.912522]],[[2.598044,39.729867],[2.597927,39.730037],[2.597857,39.729956],[2.598044,39.729867]],[[2.965815,39.910495],[2.965944,39.910594],[2.965815,39.910612],[2.965815,39.910495]],[[2.965183,39.910666],[2.965207,39.910801],[2.965101,39.910756],[2.965183,39.910666]],[[2.415156,39.538488],[2.415236,39.53865],[2.415073,39.538595],[2.415156,39.538488]],[[2.615223,39.744377],[2.615292,39.74453],[2.615094,39.744484],[2.615223,39.744377]],[[2.598228,39.730336],[2.598403,39.730363],[2.598333,39.730435],[2.598228,39.730336]],[[3.175628,39.952379],[3.175617,39.952532],[3.175547,39.952469],[3.175628,39.952379]],[[2.652453,39.767893],[2.652616,39.767966],[2.652418,39.767938],[2.652453,39.767893]],[[2.631147,39.758899],[2.631286,39.758998],[2.63117,39.759025],[2.631147,39.758899]],[[2.615999,39.745325],[2.616139,39.745299],[2.616093,39.745335],[2.615999,39.745325]],[[2.55207,39.700749],[2.552233,39.70075],[2.552209,39.700786],[2.55207,39.700749]],[[2.553304,39.701042],[2.553385,39.701142],[2.55328,39.701141],[2.553304,39.701042]],[[3.174866,39.951704],[3.174889,39.951831],[3.174784,39.951795],[3.174866,39.951704]],[[2.554022,39.701865],[2.55415,39.70191],[2.554045,39.701937],[2.554022,39.701865]],[[2.543756,39.700356],[2.543813,39.700465],[2.54372,39.700464],[2.543756,39.700356]],[[2.596761,39.72788],[2.596889,39.72788],[2.596807,39.727979],[2.596761,39.72788]],[[3.17523,39.952145],[3.175253,39.952262],[3.175136,39.952245],[3.17523,39.952145]],[[2.55363,39.701224],[2.553711,39.701305],[2.553582,39.701295],[2.55363,39.701224]],[[2.652128,39.767622],[2.652268,39.767685],[2.652128,39.767658],[2.652128,39.767622]],[[2.557415,39.702112],[2.557438,39.702211],[2.557391,39.702139],[2.557415,39.702112]],[[2.651674,39.767323],[2.651802,39.767369],[2.651709,39.767377],[2.651674,39.767323]],[[2.592805,39.723911],[2.592922,39.723902],[2.59291,39.723956],[2.592805,39.723911]],[[2.607111,39.738097],[2.607181,39.738169],[2.607123,39.738187],[2.607111,39.738097]],[[2.537527,39.700422],[2.537643,39.700467],[2.537515,39.700458],[2.537527,39.700422]],[[3.177617,39.951619],[3.17771,39.951682],[3.177546,39.951655],[3.177617,39.951619]],[[2.596984,39.727673],[2.596948,39.72779],[2.596925,39.727709],[2.596984,39.727673]],[[2.578232,39.71429],[2.578349,39.714263],[2.578337,39.714317],[2.578232,39.71429]],[[2.650314,39.766031],[2.650419,39.766094],[2.650349,39.766103],[2.650314,39.766031]],[[2.606565,39.737788],[2.606517,39.737896],[2.606471,39.737851],[2.606565,39.737788]],[[3.176501,39.95481],[3.176443,39.954901],[3.176431,39.954837],[3.176501,39.95481]],[[2.642653,39.761971],[2.64277,39.762016],[2.642699,39.762061],[2.642653,39.761971]],[[2.645265,39.76261],[2.645311,39.7627],[2.645218,39.762645],[2.645265,39.76261]],[[2.619855,39.755258],[2.619784,39.75533],[2.619761,39.755267],[2.619855,39.755258]],[[2.558428,39.702395],[2.558509,39.702441],[2.558439,39.702449],[2.558428,39.702395]],[[2.524334,39.698792],[2.524427,39.698846],[2.52438,39.698855],[2.524334,39.698792]],[[2.590938,39.721949],[2.590961,39.722039],[2.590891,39.72203],[2.590938,39.721949]],[[2.649884,39.765678],[2.649977,39.765714],[2.649861,39.765732],[2.649884,39.765678]],[[2.545907,39.699635],[2.545988,39.699689],[2.545906,39.69968],[2.545907,39.699635]],[[3.20013,39.956168],[3.200178,39.956285],[3.200143,39.956322],[3.20013,39.956168]],[[3.177041,39.955278],[3.177053,39.955368],[3.176982,39.955368],[3.177041,39.955278]]],[[[4.094163,40.087967],[4.092853,40.0596],[4.103361,40.044482],[4.133528,40.063246],[4.126597,40.02615],[4.140811,40.035921],[4.136546,40.067081],[4.155486,40.067912],[4.17272,40.060189],[4.1608,40.033479],[4.195306,40.032209],[4.194108,40.009843],[4.205282,39.993033],[4.207555,40.013019],[4.220458,39.996694],[4.269853,39.996541],[4.254767,39.963939],[4.309713,39.880355],[4.327785,39.876961],[4.310347,39.870041],[4.310279,39.878178],[4.296119,39.89186],[4.256495,39.897107],[4.30743,39.865425],[4.287539,39.815185],[4.269178,39.80908],[4.218797,39.829126],[4.211018,39.829342],[4.208193,39.824831],[3.959509,39.938351],[3.820976,39.925603],[3.835955,40.002447],[3.799009,39.99778],[3.790786,40.016126],[3.822352,40.051151],[3.898611,40.059828],[3.921268,40.045343],[3.933945,40.062918],[3.978731,40.051097],[4.016172,40.055595],[4.032115,40.065563],[4.041056,40.055942],[4.053726,40.051872],[4.089391,40.068975],[4.094163,40.087967]],[[4.168008,40.056822],[4.168162,40.057595],[4.167628,40.057249],[4.168008,40.056822]],[[4.029724,39.915874],[4.030375,39.916381],[4.030088,39.916735],[4.029724,39.915874]],[[4.16886,40.02911],[4.169339,40.029042],[4.169318,40.029204],[4.16886,40.02911]],[[3.948813,40.05786],[3.949223,40.057785],[3.949283,40.057892],[3.948813,40.05786]],[[3.946722,40.057562],[3.947003,40.05756],[3.946911,40.05766],[3.946722,40.057562]],[[4.169326,40.03033],[4.169515,40.030437],[4.169246,40.030493],[4.169326,40.03033]],[[3.894871,40.058992],[3.895107,40.059045],[3.894825,40.05902],[3.894871,40.058992]],[[4.194427,40.024822],[4.194559,40.024965],[4.194405,40.024876],[4.194427,40.024822]],[[4.164975,40.052231],[4.165036,40.052356],[4.164895,40.052322],[4.164975,40.052231]]],[[[1.532527,39.118387],[1.604238,39.090894],[1.598463,39.082418],[1.609911,39.079302],[1.587976,39.063324],[1.621538,39.027702],[1.585215,39.015724],[1.577885,39.001065],[1.581341,38.989339],[1.527381,38.982445],[1.528849,38.94497],[1.510187,38.946797],[1.476825,38.913018],[1.455067,38.917048],[1.457178,38.903722],[1.421282,38.903603],[1.403164,38.874847],[1.406329,38.83172],[1.371199,38.830416],[1.343264,38.871058],[1.320421,38.855783],[1.31476,38.868082],[1.297393,38.862208],[1.295872,38.877161],[1.267713,38.878035],[1.255296,38.859739],[1.248051,38.855801],[1.224169,38.870812],[1.213314,38.901994],[1.236481,38.938793],[1.214939,38.958163],[1.229176,38.974544],[1.306531,38.972412],[1.284463,38.993859],[1.298936,39.009532],[1.293926,39.031543],[1.358838,39.074065],[1.366083,39.064166],[1.375164,39.062265],[1.426283,39.092537],[1.440526,39.080511],[1.462697,39.103548],[1.488428,39.110543],[1.492376,39.101656],[1.494941,39.101788],[1.498358,39.098778],[1.532527,39.118387]],[[1.299127,38.870667],[1.299659,38.871558],[1.299056,38.87172],[1.299127,38.870667]],[[1.218309,38.889906],[1.219217,38.890037],[1.2186,38.890253],[1.218309,38.889906]],[[1.231439,38.973587],[1.232018,38.973551],[1.232042,38.973966],[1.231439,38.973587]],[[1.40332,39.07761],[1.403834,39.077374],[1.403868,39.07742],[1.40332,39.07761]],[[1.243551,38.861185],[1.243699,38.860818],[1.24389,38.86146],[1.243551,38.861185]],[[1.298215,38.870275],[1.298171,38.870671],[1.298069,38.870579],[1.298215,38.870275]],[[1.604687,39.079862],[1.605184,39.079859],[1.605402,39.079942],[1.604687,39.079862]],[[1.369175,38.834289],[1.369445,38.834545],[1.369069,38.834378],[1.369175,38.834289]],[[1.478294,39.105852],[1.478733,39.10583],[1.478778,39.105921],[1.478294,39.105852]],[[1.4969,39.099345],[1.497106,39.099455],[1.497034,39.099599],[1.4969,39.099345]],[[1.406359,39.076652],[1.406624,39.076683],[1.4066,39.076718],[1.406359,39.076652]],[[1.47569,38.915427],[1.475872,38.91552],[1.475697,38.915625],[1.47569,38.915427]],[[1.599438,39.023068],[1.59954,39.023178],[1.599319,39.023256],[1.599438,39.023068]],[[1.321164,38.859939],[1.321277,38.860058],[1.321217,38.860147],[1.321164,38.859939]],[[1.455589,38.907855],[1.455644,38.908],[1.455471,38.907971],[1.455589,38.907855]],[[1.29838,38.870088],[1.298503,38.870243],[1.298229,38.870158],[1.29838,38.870088]],[[1.224857,38.870967],[1.225016,38.871032],[1.22498,38.871113],[1.224857,38.870967]],[[1.261886,38.872092],[1.261964,38.872237],[1.261883,38.872227],[1.261886,38.872092]],[[1.407114,39.077023],[1.407264,39.077043],[1.407262,39.077115],[1.407114,39.077023]],[[1.279665,38.878113],[1.279661,38.878248],[1.279559,38.878201],[1.279665,38.878113]],[[1.262493,38.872254],[1.262642,38.872301],[1.262583,38.872345],[1.262493,38.872254]],[[1.29821,38.869987],[1.298312,38.870051],[1.298209,38.870032],[1.29821,38.869987]],[[1.240064,38.868953],[1.240166,38.869027],[1.240063,38.868998],[1.240064,38.868953]],[[1.262185,38.87215],[1.262159,38.872258],[1.262092,38.872185],[1.262185,38.87215]],[[1.236033,38.871596],[1.236147,38.871643],[1.236044,38.871623],[1.236033,38.871596]],[[1.262369,38.872144],[1.262437,38.872217],[1.26231,38.872197],[1.262369,38.872144]],[[1.259755,38.868762],[1.259833,38.868844],[1.259752,38.868852],[1.259755,38.868762]],[[1.222441,38.880022],[1.222534,38.880005],[1.222499,38.880031],[1.222441,38.880022]],[[1.222472,38.879698],[1.222527,38.879798],[1.222435,38.879787],[1.222472,38.879698]],[[1.262798,38.87206],[1.262842,38.872142],[1.262773,38.872114],[1.262798,38.87206]],[[1.258255,38.867379],[1.258288,38.867479],[1.258208,38.867432],[1.258255,38.867379]],[[1.219596,38.892386],[1.219664,38.89245],[1.219583,38.89244],[1.219596,38.892386]],[[1.262823,38.872457],[1.262882,38.872395],[1.262892,38.872458],[1.262823,38.872457]],[[1.260206,38.869625],[1.260273,38.869716],[1.260193,38.869679],[1.260206,38.869625]],[[1.235519,38.872345],[1.235599,38.872391],[1.235518,38.87239],[1.235519,38.872345]],[[1.262446,38.872325],[1.262525,38.872381],[1.262433,38.872388],[1.262446,38.872325]],[[1.225801,38.875171],[1.225893,38.875181],[1.225823,38.875207],[1.225801,38.875171]],[[1.225107,38.871106],[1.225163,38.871161],[1.225083,38.871141],[1.225107,38.871106]],[[1.321111,38.859253],[1.321087,38.859307],[1.321076,38.859271],[1.321111,38.859253]]],[[[1.435889,38.761761],[1.496472,38.688241],[1.530291,38.672812],[1.569056,38.691622],[1.58472,38.662796],[1.524134,38.653009],[1.447185,38.684993],[1.385532,38.641337],[1.38027,38.719309],[1.396575,38.735483],[1.41925,38.722509],[1.433267,38.771647],[1.435889,38.761761]],[[1.431174,38.753695],[1.429987,38.753796],[1.430896,38.753259],[1.431174,38.753695]],[[1.430651,38.751318],[1.431554,38.751069],[1.431512,38.751411],[1.430651,38.751318]],[[1.457278,38.726217],[1.45603,38.726489],[1.455955,38.726235],[1.457278,38.726217]],[[1.452693,38.730283],[1.45317,38.730578],[1.452611,38.730877],[1.452693,38.730283]],[[1.459502,38.724444],[1.45962,38.724851],[1.459368,38.724812],[1.459502,38.724444]],[[1.430009,38.755392],[1.430382,38.755694],[1.429845,38.755552],[1.430009,38.755392]],[[1.431068,38.750116],[1.431283,38.750299],[1.430986,38.750214],[1.431068,38.750116]],[[1.457028,38.728223],[1.456704,38.728291],[1.456683,38.728209],[1.457028,38.728223]],[[1.4586,38.726288],[1.458782,38.726381],[1.458506,38.726368],[1.4586,38.726288]],[[1.456713,38.728444],[1.456951,38.728582],[1.456744,38.728607],[1.456713,38.728444]],[[1.45228,38.731269],[1.452461,38.731407],[1.452312,38.731396],[1.45228,38.731269]],[[1.436219,38.678566],[1.436526,38.678696],[1.436103,38.678618],[1.436219,38.678566]],[[1.450097,38.731673],[1.450256,38.731774],[1.450061,38.731762],[1.450097,38.731673]],[[1.459327,38.725081],[1.459428,38.725191],[1.459245,38.725161],[1.459327,38.725081]],[[1.384948,38.713327],[1.384946,38.713435],[1.38482,38.713407],[1.384948,38.713327]],[[1.459586,38.725878],[1.45963,38.725986],[1.459561,38.725959],[1.459586,38.725878]],[[1.391928,38.726742],[1.392007,38.726815],[1.391915,38.726795],[1.391928,38.726742]]],[[[2.931679,39.143329],[2.976595,39.158026],[2.956648,39.147567],[2.957933,39.126914],[2.919499,39.128948],[2.916892,39.161621],[2.931679,39.143329]],[[2.923474,39.132538],[2.922791,39.132898],[2.922595,39.132573],[2.923474,39.132538]],[[2.937628,39.128347],[2.937582,39.128536],[2.937466,39.128356],[2.937628,39.128347]],[[2.956621,39.134826],[2.956737,39.134853],[2.956633,39.13488],[2.956621,39.134826]],[[2.917662,39.156044],[2.917604,39.156089],[2.917604,39.156053],[2.917662,39.156044]]],[[[2.33858,39.597699],[2.31866,39.576734],[2.30319,39.572822],[2.309709,39.583466],[2.33858,39.597699]]],[[[2.955017,39.18235],[2.972962,39.186654],[2.96162,39.175441],[2.955017,39.18235]]],[[[1.419366,38.779299],[1.431624,38.784141],[1.432215,38.773967],[1.426489,38.782063],[1.419366,38.779299]]],[[[1.206234,38.98943],[1.218922,38.978398],[1.214078,38.975927],[1.206234,38.98943]]],[[[1.195571,38.869923],[1.203,38.864658],[1.188427,38.862604],[1.195571,38.869923]]],[[[4.273555,39.964347],[4.284031,39.959808],[4.272956,39.956713],[4.273555,39.964347]]],[[[1.639828,39.034756],[1.646432,39.040464],[1.650436,39.032221],[1.639828,39.034756]]],[[[1.47777,38.805054],[1.482408,38.799239],[1.480299,38.787966],[1.474099,38.797401],[1.47777,38.805054]]],[[[4.290021,39.802319],[4.296114,39.800269],[4.281971,39.800966],[4.290021,39.802319]]],[[[4.301209,39.881496],[4.30574,39.87558],[4.307249,39.871329],[4.301209,39.881496]]],[[[1.192961,38.959753],[1.198723,38.956418],[1.189767,38.95782],[1.192961,38.959753]]],[[[1.215096,38.9726],[1.220136,38.96818],[1.21576,38.966852],[1.215096,38.9726]]],[[[1.211383,38.870004],[1.213861,38.865879],[1.206632,38.868264],[1.211383,38.870004]]],[[[3.145526,39.923031],[3.150036,39.919989],[3.144086,39.922618],[3.145526,39.923031]]],[[[2.974508,39.167785],[2.978606,39.167876],[2.977287,39.166389],[2.974508,39.167785]]],[[[2.450999,39.499908],[2.451979,39.499489],[2.447604,39.495378],[2.450999,39.499908]]],[[[4.075488,40.094574],[4.076203,40.090811],[4.072921,40.092472],[4.075488,40.094574]]],[[[4.208701,40.016845],[4.21203,40.016287],[4.208149,40.014112],[4.208701,40.016845]]],[[[1.40918,38.817494],[1.412308,38.814635],[1.411462,38.813804],[1.40918,38.817494]]],[[[3.01061,39.305782],[3.011967,39.303511],[3.008175,39.304665],[3.01061,39.305782]]],[[[1.416834,38.794863],[1.420086,38.792555],[1.419854,38.791615],[1.416834,38.794863]]],[[[2.971081,39.197755],[2.974,39.195846],[2.970955,39.195854],[2.971081,39.197755]]],[[[2.54519,39.502585],[2.546472,39.503951],[2.547073,39.502773],[2.54519,39.502585]]],[[[4.209922,40.019625],[4.208389,40.019127],[4.208734,40.02207],[4.210646,40.020194],[4.209922,40.019625]]],[[[2.587616,39.530794],[2.588711,39.528653],[2.58584,39.528093],[2.587616,39.530794]]],[[[1.583007,38.985152],[1.584867,38.982165],[1.583805,38.98217],[1.583007,38.985152]]],[[[4.288796,39.886788],[4.286102,39.88598],[4.286564,39.888146],[4.288796,39.886788]]],[[[4.031119,40.0695],[4.03325,40.068499],[4.031026,40.066446],[4.031119,40.0695]]],[[[2.710859,39.81705],[2.708898,39.816703],[2.709682,39.819146],[2.710859,39.81705]]],[[[1.164933,38.97165],[1.166377,38.972935],[1.167086,38.971846],[1.164933,38.97165]]],[[[3.132146,39.944941],[3.129944,39.94425],[3.132207,39.946049],[3.132146,39.944941]]],[[[2.972087,39.201008],[2.973895,39.199621],[2.971323,39.200468],[2.972087,39.201008]]],[[[4.137551,40.046413],[4.136015,40.046383],[4.136782,40.048087],[4.137551,40.046413]]],[[[2.958397,39.124409],[2.959935,39.125933],[2.960445,39.125185],[2.958397,39.124409]]],[[[3.000868,39.311216],[3.001529,39.309432],[2.999789,39.310243],[3.000868,39.311216]]],[[[2.348529,39.577626],[2.347166,39.576384],[2.347305,39.577682],[2.348529,39.577626]]],[[[3.169425,39.834702],[3.171427,39.835924],[3.171659,39.835266],[3.169425,39.834702]]],[[[1.161237,38.981116],[1.160299,38.979002],[1.158655,38.979634],[1.161237,38.981116]]],[[[4.221455,39.824134],[4.221309,39.821838],[4.219803,39.821908],[4.221455,39.824134]]],[[[1.432747,39.091976],[1.431531,39.091554],[1.432537,39.093081],[1.432747,39.091976]]],[[[2.97871,39.207777],[2.97827,39.20657],[2.977992,39.207245],[2.97871,39.207777]]],[[[1.422337,38.799615],[1.423737,38.798264],[1.421229,38.798689],[1.422337,38.799615]]],[[[3.010064,39.29988],[3.00974,39.298087],[3.009821,39.300015],[3.010064,39.29988]]],[[[1.404471,38.816916],[1.404095,38.815668],[1.402388,38.815807],[1.404471,38.816916]]],[[[1.16474,38.968395],[1.166516,38.968459],[1.164937,38.967452],[1.16474,38.968395]]],[[[1.417171,38.774944],[1.417243,38.773765],[1.416052,38.773505],[1.417171,38.774944]]],[[[1.481352,38.787682],[1.4833,38.787582],[1.484325,38.787036],[1.481352,38.787682]]],[[[1.315274,39.049568],[1.316022,39.048749],[1.316416,39.050647],[1.315274,39.049568]]],[[[4.043336,40.058588],[4.043568,40.057649],[4.041505,40.057677],[4.043336,40.058588]]],[[[2.454826,39.502828],[2.45631,39.501889],[2.454641,39.502701],[2.454826,39.502828]]],[[[4.298371,39.882924],[4.298321,39.881501],[4.297951,39.882947],[4.298371,39.882924]]],[[[2.940072,39.124969],[2.939551,39.125969],[2.940338,39.125429],[2.940072,39.124969]]],[[[4.290717,39.912552],[4.289385,39.911981],[4.289588,39.912834],[4.290717,39.912552]]],[[[2.573386,39.528769],[2.573938,39.529852],[2.574221,39.529286],[2.573386,39.528769]]],[[[1.189343,38.957714],[1.189351,38.956462],[1.188191,38.956696],[1.189343,38.957714]]],[[[1.42303,38.897031],[1.424261,38.896633],[1.422966,38.895777],[1.42303,38.897031]]],[[[1.587575,39.00157],[1.586366,39.001412],[1.586879,39.002346],[1.587575,39.00157]]],[[[1.578079,38.98274],[1.57898,38.982147],[1.577485,38.981823],[1.578079,38.98274]]],[[[4.026812,40.065358],[4.028408,40.065415],[4.027219,40.064381],[4.026812,40.065358]]],[[[1.593592,39.098317],[1.592304,39.097986],[1.592121,39.099038],[1.593592,39.098317]]],[[[2.591853,39.534503],[2.593162,39.533454],[2.591355,39.534078],[2.591853,39.534503]]],[[[1.293279,39.011874],[1.292995,39.010716],[1.293002,39.011852],[1.293279,39.011874]]],[[[1.43908,38.888155],[1.437987,38.88805],[1.438872,38.888693],[1.43908,38.888155]]],[[[2.984185,39.326407],[2.981946,39.325109],[2.981528,39.325334],[2.984185,39.326407]]],[[[2.474714,39.465895],[2.47463,39.464705],[2.474021,39.465225],[2.474714,39.465895]]],[[[4.080681,40.090634],[4.082382,40.089906],[4.082842,40.090064],[4.080681,40.090634]]],[[[4.203835,40.014021],[4.20448,40.014042],[4.205317,40.013664],[4.203835,40.014021]]],[[[4.280602,39.951089],[4.27952,39.950821],[4.280452,39.951216],[4.280602,39.951089]]],[[[4.131664,40.064687],[4.131825,40.063785],[4.130874,40.064416],[4.131664,40.064687]]],[[[1.611381,39.080978],[1.610826,39.081602],[1.611344,39.081716],[1.611381,39.080978]]],[[[1.403798,38.814546],[1.405173,38.813835],[1.402816,38.814145],[1.403798,38.814546]]],[[[2.942351,39.125628],[2.94345,39.125836],[2.944098,39.125394],[2.942351,39.125628]]],[[[2.471941,39.462116],[2.471751,39.462629],[2.472435,39.462821],[2.471941,39.462116]]],[[[1.425567,38.776833],[1.426812,38.776769],[1.427297,38.776162],[1.425567,38.776833]]],[[[2.976082,39.202622],[2.977391,39.202541],[2.975932,39.201613],[2.976082,39.202622]]],[[[1.4948,39.102967],[1.493739,39.102818],[1.494868,39.103562],[1.4948,39.102967]]],[[[1.434631,38.88441],[1.434059,38.883681],[1.434018,38.883951],[1.434631,38.88441]]],[[[4.199669,40.006929],[4.198913,40.006577],[4.198686,40.006993],[4.199669,40.006929]]],[[[1.19625,38.871366],[1.195602,38.871464],[1.19689,38.872007],[1.19625,38.871366]]],[[[2.960819,39.138549],[2.962208,39.13854],[2.96274,39.138225],[2.960819,39.138549]]],[[[4.13772,40.044573],[4.137061,40.044418],[4.137362,40.044883],[4.13772,40.044573]]],[[[4.044207,40.055742],[4.044686,40.055648],[4.043838,40.056115],[4.044207,40.055742]]],[[[3.405734,39.769702],[3.406846,39.770103],[3.406915,39.769932],[3.405734,39.769702]]],[[[2.938058,39.126184],[2.939412,39.125951],[2.937758,39.125986],[2.938058,39.126184]]],[[[4.034803,40.065719],[4.033787,40.065259],[4.033615,40.065477],[4.034803,40.065719]]],[[[2.983282,39.317747],[2.982505,39.317738],[2.983015,39.318432],[2.983282,39.317747]]],[[[3.035754,39.279519],[3.036206,39.278987],[3.035603,39.279231],[3.035754,39.279519]]],[[[2.935563,39.12184],[2.936859,39.12202],[2.936986,39.121786],[2.935563,39.12184]]],[[[1.406546,38.871559],[1.405622,38.87161],[1.406582,38.872001],[1.406546,38.871559]]],[[[2.965512,39.19524],[2.965373,39.194708],[2.964678,39.195501],[2.965512,39.19524]]],[[[1.606234,39.047037],[1.607057,39.046884],[1.606068,39.04662],[1.606234,39.047037]]],[[[4.214615,39.825899],[4.213946,39.825726],[4.214366,39.826379],[4.214615,39.825899]]],[[[1.201607,38.958751],[1.20118,38.958303],[1.200961,38.95875],[1.201607,38.958751]]],[[[1.441046,38.902634],[1.441103,38.903184],[1.441558,38.902929],[1.441046,38.902634]]],[[[2.341876,39.585491],[2.34134,39.585524],[2.341917,39.586014],[2.341876,39.585491]]],[[[1.217866,38.965262],[1.21743,38.964688],[1.217194,38.964901],[1.217866,38.965262]]],[[[1.609666,39.080606],[1.609827,39.080094],[1.609133,39.080068],[1.609666,39.080606]]],[[[2.978745,39.205164],[2.979394,39.204741],[2.978792,39.204867],[2.978745,39.205164]]],[[[2.964112,39.148309],[2.963498,39.148282],[2.963498,39.148714],[2.964112,39.148309]]],[[[4.224197,39.823916],[4.223954,39.823423],[4.223429,39.824131],[4.224197,39.823916]]],[[[1.405566,38.830295],[1.405267,38.830786],[1.406058,38.830455],[1.405566,38.830295]]],[[[2.541034,39.478286],[2.540456,39.477896],[2.541157,39.47907],[2.541034,39.478286]]],[[[4.213181,40.015068],[4.212842,40.014459],[4.212186,40.014502],[4.213181,40.015068]]],[[[1.407525,38.827168],[1.407481,38.826572],[1.407073,38.826774],[1.407525,38.827168]]],[[[2.989776,39.333841],[2.988917,39.334004],[2.989857,39.333941],[2.989776,39.333841]]],[[[1.216143,38.987933],[1.215497,38.987923],[1.215624,38.988358],[1.216143,38.987933]]],[[[4.311315,39.88895],[4.311129,39.888385],[4.310699,39.888552],[4.311315,39.88895]]],[[[2.987262,39.312378],[2.987053,39.311972],[2.986496,39.311972],[2.987262,39.312378]]],[[[3.915329,40.050967],[3.915125,40.050581],[3.914816,40.051142],[3.915329,40.050967]]],[[[2.707251,39.534598],[2.706599,39.534615],[2.707132,39.53513],[2.707251,39.534598]]],[[[4.30893,39.892077],[4.308347,39.891534],[4.308639,39.892134],[4.30893,39.892077]]],[[[4.215103,39.827083],[4.214477,39.827342],[4.215058,39.827147],[4.215103,39.827083]]],[[[4.006862,40.059496],[4.007279,40.059132],[4.006644,40.058994],[4.006862,40.059496]]],[[[3.260691,39.404499],[3.260226,39.404536],[3.260948,39.405003],[3.260691,39.404499]]],[[[1.43492,38.901146],[1.434956,38.900552],[1.434782,38.901154],[1.43492,38.901146]]],[[[4.100634,40.052796],[4.10129,40.052718],[4.100348,40.052493],[4.100634,40.052796]]],[[[1.373839,39.063616],[1.373362,39.063736],[1.373788,39.063832],[1.373839,39.063616]]],[[[1.427001,38.873864],[1.426269,38.87362],[1.426139,38.873762],[1.427001,38.873864]]],[[[1.165617,38.969733],[1.165258,38.969349],[1.165323,38.969494],[1.165617,38.969733]]],[[[3.973717,40.054653],[3.974347,40.054423],[3.973758,40.054176],[3.973717,40.054653]]],[[[3.184147,39.937797],[3.183923,39.93741],[3.183713,39.93759],[3.184147,39.937797]]],[[[4.28803,39.926501],[4.287507,39.92666],[4.288046,39.92669],[4.28803,39.926501]]],[[[1.573224,38.987051],[1.572777,38.986883],[1.572808,38.987091],[1.573224,38.987051]]],[[[1.584873,39.000438],[1.584502,38.99992],[1.584768,39.000491],[1.584873,39.000438]]],[[[2.940515,39.12086],[2.93981,39.120878],[2.93974,39.121067],[2.940515,39.12086]]],[[[1.161558,38.982554],[1.16109,38.982348],[1.161497,38.98267],[1.161558,38.982554]]],[[[4.282151,39.929341],[4.281469,39.929204],[4.282175,39.929386],[4.282151,39.929341]]],[[[2.475921,39.466135],[2.475456,39.466105],[2.475746,39.466224],[2.475921,39.466135]]],[[[4.312185,39.88922],[4.311391,39.889274],[4.312245,39.889282],[4.312185,39.88922]]],[[[3.928667,40.061078],[3.929191,40.060839],[3.928651,40.060781],[3.928667,40.061078]]],[[[4.1029,40.04791],[4.102904,40.047441],[4.102573,40.047949],[4.1029,40.04791]]],[[[3.008743,39.303466],[3.008221,39.303205],[3.008186,39.303295],[3.008743,39.303466]]],[[[1.4238,38.797517],[1.423643,38.797289],[1.423467,38.797449],[1.4238,38.797517]]],[[[2.964065,39.149625],[2.964111,39.149174],[2.963718,39.149309],[2.964065,39.149625]]],[[[4.019643,40.060313],[4.019943,40.060004],[4.019369,40.060063],[4.019643,40.060313]]],[[[3.11906,39.86429],[3.118791,39.864227],[3.118814,39.864344],[3.11906,39.86429]]],[[[4.273481,39.963537],[4.273184,39.963306],[4.273109,39.963685],[4.273481,39.963537]]],[[[1.502178,38.933178],[1.501765,38.933083],[1.50206,38.933285],[1.502178,38.933178]]],[[[4.294538,39.916023],[4.294044,39.915875],[4.293742,39.915996],[4.294538,39.916023]]],[[[1.232012,38.977011],[1.231686,38.977141],[1.231845,38.977234],[1.232012,38.977011]]],[[[4.24191,39.81288],[4.241488,39.812758],[4.241834,39.813187],[4.24191,39.81288]]],[[[2.43592,39.645804],[2.435686,39.645956],[2.435976,39.646111],[2.43592,39.645804]]],[[[4.027117,40.063832],[4.027443,40.06364],[4.026833,40.06361],[4.027117,40.063832]]],[[[1.610228,39.04075],[1.610026,39.040396],[1.610087,39.040848],[1.610228,39.04075]]],[[[2.335869,39.590133],[2.335522,39.589942],[2.335971,39.59044],[2.335869,39.590133]]],[[[1.451788,38.890144],[1.451383,38.890202],[1.451911,38.890335],[1.451788,38.890144]]],[[[2.458652,39.531427],[2.458325,39.531542],[2.458615,39.531652],[2.458652,39.531427]]],[[[1.219624,38.964199],[1.219103,38.964245],[1.219623,38.964244],[1.219624,38.964199]]],[[[1.168515,38.984943],[1.168374,38.984598],[1.16837,38.984733],[1.168515,38.984943]]],[[[1.434989,38.885406],[1.435509,38.885377],[1.435203,38.885147],[1.434989,38.885406]]],[[[2.451403,39.649618],[2.450972,39.649588],[2.451262,39.649788],[2.451403,39.649618]]],[[[3.475497,39.708746],[3.475611,39.708313],[3.475309,39.708512],[3.475497,39.708746]]],[[[2.456186,39.504429],[2.455826,39.504418],[2.456266,39.504564],[2.456186,39.504429]]],[[[2.575201,39.530713],[2.574947,39.53046],[2.575026,39.530784],[2.575201,39.530713]]],[[[3.459401,39.721487],[3.45904,39.721516],[3.459344,39.721677],[3.459401,39.721487]]],[[[4.295346,39.903004],[4.295142,39.902754],[4.295206,39.903015],[4.295346,39.903004]]],[[[2.334761,39.589072],[2.334529,39.589044],[2.335201,39.589309],[2.334761,39.589072]]],[[[2.983245,39.327425],[2.982908,39.327335],[2.983384,39.327542],[2.983245,39.327425]]],[[[1.59038,39.101107],[1.59027,39.100845],[1.590196,39.101042],[1.59038,39.101107]]],[[[1.218696,38.966699],[1.218411,38.966532],[1.218405,38.966775],[1.218696,38.966699]]],[[[4.296337,39.904696],[4.296463,39.904532],[4.296252,39.904535],[4.296337,39.904696]]],[[[1.447026,39.090942],[1.446856,39.090777],[1.446724,39.090992],[1.447026,39.090942]]],[[[3.019041,39.302122],[3.019134,39.30187],[3.018821,39.302068],[3.019041,39.302122]]],[[[1.371244,38.82892],[1.370903,38.828735],[1.371286,38.829119],[1.371244,38.82892]]],[[[2.364186,39.553781],[2.363942,39.553681],[2.36394,39.553951],[2.364186,39.553781]]],[[[1.484948,38.786405],[1.484721,38.786275],[1.48454,38.786643],[1.484948,38.786405]]],[[[3.00531,39.311234],[3.004777,39.311108],[3.005322,39.311279],[3.00531,39.311234]]],[[[1.314186,39.049182],[1.313886,39.049151],[1.313974,39.049333],[1.314186,39.049182]]],[[[1.582992,39.003236],[1.583183,39.002932],[1.582855,39.003189],[1.582992,39.003236]]],[[[4.291785,39.912089],[4.291676,39.911865],[4.291466,39.911904],[4.291785,39.912089]]],[[[2.363501,39.553516],[2.363802,39.553725],[2.363873,39.553608],[2.363501,39.553516]]],[[[1.408154,38.826347],[1.407897,38.826488],[1.408164,38.826392],[1.408154,38.826347]]],[[[1.590265,39.100511],[1.590269,39.100286],[1.590128,39.100402],[1.590265,39.100511]]],[[[4.258129,39.999165],[4.258219,39.998984],[4.258022,39.999076],[4.258129,39.999165]]],[[[1.291869,39.028693],[1.291639,39.028681],[1.291681,39.028835],[1.291869,39.028693]]],[[[4.281322,39.929467],[4.281014,39.92929],[4.280935,39.929417],[4.281322,39.929467]]],[[[3.461126,39.721057],[3.4611,39.72067],[3.460962,39.721031],[3.461126,39.721057]]],[[[2.472885,39.46331],[2.472549,39.463182],[2.472827,39.463354],[2.472885,39.46331]]],[[[4.139016,40.038623],[4.138708,40.038437],[4.138758,40.038653],[4.139016,40.038623]]],[[[1.583794,39.003597],[1.583776,39.003308],[1.583634,39.003496],[1.583794,39.003597]]],[[[2.706286,39.534236],[2.70596,39.534298],[2.706286,39.534335],[2.706286,39.534236]]],[[[4.241429,39.813426],[4.241355,39.813201],[4.241275,39.813256],[4.241429,39.813426]]],[[[3.928554,40.060556],[3.928423,40.060377],[3.928354,40.060495],[3.928554,40.060556]]],[[[3.985993,40.053045],[3.985827,40.052902],[3.985559,40.05304],[3.985993,40.053045]]],[[[4.081486,40.089608],[4.081342,40.089439],[4.081237,40.089476],[4.081486,40.089608]]],[[[1.201488,38.870681],[1.201309,38.870489],[1.201271,38.870624],[1.201488,38.870681]]],[[[1.436066,38.885222],[1.435818,38.884966],[1.43577,38.88502],[1.436066,38.885222]]],[[[4.307117,39.898845],[4.30692,39.898928],[4.307145,39.899106],[4.307117,39.898845]]],[[[4.250202,40.001944],[4.250165,40.001827],[4.250036,40.001838],[4.250202,40.001944]]],[[[2.586126,39.532825],[2.586486,39.532943],[2.586486,39.532898],[2.586126,39.532825]]],[[[4.099608,40.084519],[4.099302,40.08445],[4.099281,40.084549],[4.099608,40.084519]]],[[[1.427976,38.775667],[1.427854,38.77544],[1.427836,38.775764],[1.427976,38.775667]]],[[[4.095234,40.05965],[4.095031,40.059408],[4.095189,40.05974],[4.095234,40.05965]]],[[[4.10112,40.04944],[4.101105,40.049242],[4.100884,40.04938],[4.10112,40.04944]]],[[[1.454094,38.888553],[1.454052,38.888336],[1.453934,38.888479],[1.454094,38.888553]]],[[[1.401786,38.825197],[1.401733,38.825016],[1.40159,38.825221],[1.401786,38.825197]]],[[[1.646477,39.032067],[1.646318,39.031876],[1.646236,39.031956],[1.646477,39.032067]]],[[[4.108254,40.051291],[4.108043,40.05132],[4.108268,40.051471],[4.108254,40.051291]]],[[[4.293355,39.916559],[4.293386,39.916333],[4.2932,39.916425],[4.293355,39.916559]]],[[[4.2108,40.014931],[4.210761,40.01476],[4.21068,40.014824],[4.2108,40.014931]]],[[[4.214984,39.827634],[4.214736,39.827466],[4.214904,39.827716],[4.214984,39.827634]]],[[[1.221451,38.920166],[1.221298,38.920299],[1.221481,38.920356],[1.221451,38.920166]]],[[[4.078437,40.071078],[4.078294,40.070917],[4.078202,40.071071],[4.078437,40.071078]]],[[[4.294159,39.916396],[4.294074,39.916217],[4.293994,39.916317],[4.294159,39.916396]]],[[[3.961592,40.061151],[3.961345,40.061045],[3.961358,40.061135],[3.961592,40.061151]]],[[[1.203366,38.866619],[1.20319,38.866716],[1.20335,38.866772],[1.203366,38.866619]]],[[[1.204049,38.867387],[1.203973,38.867214],[1.203878,38.867321],[1.204049,38.867387]]],[[[1.428566,38.775531],[1.428489,38.775358],[1.428416,38.775538],[1.428566,38.775531]]],[[[3.828924,39.993533],[3.8287,39.993436],[3.828572,39.9935],[3.828924,39.993533]]],[[[3.006749,39.310864],[3.006737,39.310693],[3.006644,39.310819],[3.006749,39.310864]]],[[[3.980089,40.05423],[3.979877,40.054133],[3.979926,40.054268],[3.980089,40.05423]]],[[[4.204122,40.014982],[4.204026,40.014875],[4.20389,40.015129],[4.204122,40.014982]]],[[[1.492536,38.928144],[1.492247,38.928167],[1.492524,38.928179],[1.492536,38.928144]]],[[[4.287428,39.92185],[4.287193,39.921789],[4.287336,39.921914],[4.287428,39.92185]]],[[[1.202456,38.870245],[1.202287,38.870108],[1.202227,38.870197],[1.202456,38.870245]]],[[[4.294081,39.909127],[4.293914,39.908984],[4.293928,39.909101],[4.294081,39.909127]]],[[[2.512988,39.691762],[2.512931,39.691546],[2.512883,39.691735],[2.512988,39.691762]]],[[[2.975353,39.201252],[2.975087,39.201189],[2.97533,39.201298],[2.975353,39.201252]]],[[[4.296028,39.908177],[4.295967,39.907997],[4.295828,39.90808],[4.296028,39.908177]]],[[[1.489589,38.924078],[1.489418,38.923958],[1.489381,38.924075],[1.489589,38.924078]]],[[[1.480785,38.787846],[1.480556,38.787789],[1.480656,38.787935],[1.480785,38.787846]]],[[[4.082036,40.089558],[4.08226,40.089601],[4.082271,40.089556],[4.082036,40.089558]]],[[[4.308274,39.897562],[4.308194,39.897671],[4.308453,39.897722],[4.308274,39.897562]]],[[[4.255779,40.000046],[4.255659,39.99993],[4.255543,39.999977],[4.255779,40.000046]]],[[[4.252437,40.000542],[4.252073,40.000483],[4.252074,40.000519],[4.252437,40.000542]]],[[[4.094878,40.074014],[4.094746,40.073871],[4.094713,40.073952],[4.094878,40.074014]]],[[[1.502499,38.933264],[1.502291,38.933306],[1.502486,38.933345],[1.502499,38.933264]]],[[[1.291724,38.875641],[1.291542,38.87553],[1.291562,38.875656],[1.291724,38.875641]]],[[[3.152735,39.92331],[3.152571,39.92322],[3.152782,39.923508],[3.152735,39.92331]]],[[[3.457639,39.703772],[3.457475,39.703673],[3.457522,39.703772],[3.457639,39.703772]]],[[[1.422498,38.663684],[1.422421,38.66353],[1.422374,38.663593],[1.422498,38.663684]]],[[[2.578233,39.531607],[2.578058,39.531669],[2.578267,39.531742],[2.578233,39.531607]]],[[[1.188236,38.9563],[1.188017,38.956288],[1.18813,38.956389],[1.188236,38.9563]]],[[[2.436371,39.646302],[2.43622,39.646148],[2.436277,39.646338],[2.436371,39.646302]]],[[[1.479185,38.710825],[1.479003,38.710741],[1.47908,38.710895],[1.479185,38.710825]]],[[[1.438383,38.888911],[1.438129,38.888917],[1.438381,38.888992],[1.438383,38.888911]]],[[[1.203143,38.869499],[1.20332,38.869358],[1.203052,38.869444],[1.203143,38.869499]]],[[[2.512341,39.690885],[2.512389,39.690633],[2.512282,39.690858],[2.512341,39.690885]]],[[[4.285313,39.923216],[4.285205,39.923073],[4.285171,39.923163],[4.285313,39.923216]]],[[[3.142878,39.949541],[3.142784,39.94937],[3.14275,39.949541],[3.142878,39.949541]]],[[[4.295534,39.802942],[4.295415,39.802835],[4.295276,39.802918],[4.295534,39.802942]]],[[[3.013927,39.303403],[3.013707,39.30334],[3.013776,39.303466],[3.013927,39.303403]]],[[[4.286726,39.920605],[4.286689,39.920471],[4.286597,39.920553],[4.286726,39.920605]]],[[[2.961921,39.175297],[2.961817,39.175207],[2.961725,39.175324],[2.961921,39.175297]]],[[[4.212525,40.015084],[4.212324,40.015005],[4.212349,40.015095],[4.212525,40.015084]]],[[[4.307719,39.895424],[4.307541,39.895318],[4.307544,39.895453],[4.307719,39.895424]]],[[[3.456732,39.704217],[3.456626,39.704109],[3.456545,39.704182],[3.456732,39.704217]]],[[[2.527011,39.701326],[2.526847,39.701343],[2.527046,39.701371],[2.527011,39.701326]]],[[[1.4234,38.797881],[1.423287,38.797762],[1.42324,38.797843],[1.4234,38.797881]]],[[[2.987839,39.329084],[2.987874,39.328939],[2.987642,39.329011],[2.987839,39.329084]]],[[[2.528033,39.701997],[2.527753,39.701923],[2.528056,39.702051],[2.528033,39.701997]]],[[[4.19595,40.030131],[4.195901,40.030014],[4.195832,40.030105],[4.19595,40.030131]]],[[[1.419634,38.805742],[1.419741,38.80559],[1.419566,38.805687],[1.419634,38.805742]]],[[[4.251285,40.001617],[4.251224,40.001465],[4.251143,40.001502],[4.251285,40.001617]]],[[[1.370811,38.829743],[1.370699,38.829598],[1.370671,38.829823],[1.370811,38.829743]]],[[[4.289748,39.918247],[4.289513,39.918196],[4.289502,39.918241],[4.289748,39.918247]]],[[[1.215253,38.868297],[1.21507,38.868249],[1.215068,38.868295],[1.215253,38.868297]]],[[[1.438625,38.888888],[1.438444,38.888759],[1.438476,38.888886],[1.438625,38.888888]]],[[[1.157977,38.978596],[1.157814,38.978674],[1.157964,38.978659],[1.157977,38.978596]]],[[[4.275505,39.935703],[4.275467,39.935568],[4.275409,39.935605],[4.275505,39.935703]]],[[[1.432117,38.771622],[1.432222,38.771525],[1.432037,38.771567],[1.432117,38.771622]]],[[[1.304433,38.862761],[1.304413,38.862616],[1.304318,38.862741],[1.304433,38.862761]]],[[[1.408007,38.810759],[1.408011,38.810588],[1.407939,38.810731],[1.408007,38.810759]]],[[[1.508871,38.93968],[1.50884,38.939544],[1.508768,38.939651],[1.508871,38.93968]]],[[[2.412535,39.537339],[2.412373,39.537275],[2.412616,39.537412],[2.412535,39.537339]]],[[[2.365105,39.534612],[2.364942,39.534638],[2.364988,39.534711],[2.365105,39.534612]]],[[[1.465832,38.913649],[1.465777,38.913522],[1.465729,38.913594],[1.465832,38.913649]]],[[[4.170657,40.036885],[4.170678,40.036785],[4.170573,40.036823],[4.170657,40.036885]]],[[[1.285804,38.876383],[1.285762,38.876229],[1.285656,38.876309],[1.285804,38.876383]]],[[[1.478783,38.711883],[1.478739,38.711765],[1.47868,38.711836],[1.478783,38.711883]]],[[[2.584522,39.53263],[2.584382,39.532593],[2.584474,39.532729],[2.584522,39.53263]]],[[[1.427361,38.775911],[1.427421,38.775785],[1.42727,38.775847],[1.427361,38.775911]]],[[[1.42974,38.775006],[1.429662,38.774887],[1.429626,38.774986],[1.42974,38.775006]]],[[[2.848231,39.868731],[2.848184,39.868605],[2.848125,39.868749],[2.848231,39.868731]]],[[[1.191709,38.959499],[1.191585,38.959407],[1.191605,38.959497],[1.191709,38.959499]]],[[[4.29116,39.911835],[4.291064,39.911719],[4.291018,39.911764],[4.29116,39.911835]]],[[[1.478004,38.807076],[1.477867,38.806984],[1.477842,38.807083],[1.478004,38.807076]]],[[[1.198129,38.8709],[1.197922,38.870869],[1.197886,38.870914],[1.198129,38.8709]]],[[[2.424277,39.638755],[2.424161,39.638656],[2.424137,39.638746],[2.424277,39.638755]]],[[[2.526861,39.701073],[2.526815,39.700964],[2.526757,39.700991],[2.526861,39.701073]]],[[[1.481489,38.78827],[1.481423,38.788143],[1.481375,38.788259],[1.481489,38.78827]]],[[[1.431914,38.771944],[1.431962,38.771855],[1.431858,38.77188],[1.431914,38.771944]]],[[[4.024846,40.062483],[4.024844,40.062375],[4.024763,40.062439],[4.024846,40.062483]]],[[[2.413355,39.5381],[2.413309,39.538028],[2.413216,39.53809],[2.413355,39.5381]]],[[[4.210315,40.019323],[4.21015,40.019298],[4.210292,40.019387],[4.210315,40.019323]]],[[[2.337255,39.598665],[2.337186,39.598565],[2.337139,39.598637],[2.337255,39.598665]]],[[[1.309087,38.864297],[1.309068,38.864143],[1.309041,38.864296],[1.309087,38.864297]]],[[[1.297477,38.862047],[1.297376,38.861964],[1.297374,38.862018],[1.297477,38.862047]]],[[[1.157297,38.978585],[1.157277,38.978468],[1.157241,38.978521],[1.157297,38.978585]]],[[[1.221209,38.919243],[1.221166,38.919126],[1.221106,38.919206],[1.221209,38.919243]]],[[[2.577802,39.53165],[2.577768,39.531542],[2.577732,39.53165],[2.577802,39.53165]]],[[[2.584836,39.532514],[2.584814,39.532406],[2.584709,39.532495],[2.584836,39.532514]]],[[[4.188056,40.035852],[4.187961,40.035763],[4.187915,40.035835],[4.188056,40.035852]]],[[[2.599416,39.732863],[2.599276,39.73288],[2.599404,39.732917],[2.599416,39.732863]]],[[[1.1994,38.870757],[1.199251,38.870746],[1.19941,38.870838],[1.1994,38.870757]]],[[[4.187597,40.035739],[4.187642,40.03564],[4.187595,40.03564],[4.187597,40.035739]]],[[[1.207055,38.868866],[1.206989,38.868756],[1.206952,38.868846],[1.207055,38.868866]]],[[[2.411281,39.537099],[2.411188,39.536999],[2.411223,39.537098],[2.411281,39.537099]]],[[[2.957181,39.146297],[2.957204,39.146216],[2.957077,39.14627],[2.957181,39.146297]]],[[[1.435239,38.885067],[1.435322,38.884969],[1.435241,38.884977],[1.435239,38.885067]]],[[[4.201229,40.022409],[4.201121,40.022293],[4.201182,40.022419],[4.201229,40.022409]]],[[[1.427663,38.776293],[1.4277,38.776186],[1.427595,38.776238],[1.427663,38.776293]]],[[[2.970547,39.17438],[2.970477,39.174272],[2.970466,39.174308],[2.970547,39.17438]]],[[[1.203099,38.869904],[1.20309,38.869805],[1.203007,38.869876],[1.203099,38.869904]]],[[[1.210598,38.870055],[1.210577,38.869992],[1.21053,38.870018],[1.210598,38.870055]]],[[[2.963626,39.147903],[2.963638,39.147795],[2.96358,39.147849],[2.963626,39.147903]]],[[[1.199784,38.959182],[1.199787,38.959074],[1.199703,38.959208],[1.199784,38.959182]]],[[[1.214551,38.897246],[1.214437,38.897227],[1.214459,38.897272],[1.214551,38.897246]]],[[[1.284932,38.876217],[1.284877,38.876117],[1.284829,38.876206],[1.284932,38.876217]]],[[[4.308047,39.899159],[4.308128,39.899104],[4.308035,39.899132],[4.308047,39.899159]]],[[[1.427875,38.776062],[1.427865,38.77599],[1.427761,38.776033],[1.427875,38.776062]]],[[[2.944469,39.124683],[2.944399,39.124728],[2.944469,39.124737],[2.944469,39.124683]]],[[[1.215327,38.868551],[1.215283,38.868478],[1.215235,38.868531],[1.215327,38.868551]]],[[[4.183088,40.033227],[4.183018,40.033237],[4.183089,40.033317],[4.183088,40.033227]]],[[[4.182483,40.032792],[4.182481,40.03271],[4.182412,40.032747],[4.182483,40.032792]]],[[[2.958964,39.164843],[2.958906,39.164789],[2.958906,39.164861],[2.958964,39.164843]]]]}},{"type":"Feature","properties":{"name":"Cantabria","country":"ES"},"geometry":{"type":"MultiPolygon","coordinates":[[[[-3.590244,43.513559],[-3.546344,43.507707],[-3.497832,43.472243],[-3.430884,43.461995],[-3.429784,43.44101],[-3.464968,43.444601],[-3.491682,43.424797],[-3.463569,43.43128],[-3.46472,43.403938],[-3.450051,43.436061],[-3.425241,43.413248],[-3.32379,43.419161],[-3.320764,43.40279],[-3.221292,43.393903],[-3.225887,43.387609],[-3.211891,43.37484],[-3.153287,43.353315],[-3.151522,43.306852],[-3.209506,43.283538],[-3.225228,43.308937],[-3.279447,43.290052],[-3.332405,43.301878],[-3.340126,43.27803],[-3.449059,43.23591],[-3.417646,43.133427],[-3.603544,43.149637],[-3.651017,43.18104],[-3.764569,43.081034],[-3.846961,43.084399],[-3.831769,43.063826],[-3.849866,43.040218],[-3.890746,43.041826],[-3.952997,43.000101],[-3.990978,42.931088],[-3.929642,42.914699],[-3.933543,42.899602],[-3.867095,42.954829],[-3.830572,42.929201],[-3.866807,42.899234],[-3.907819,42.914523],[-3.892934,42.887363],[-3.924349,42.889221],[-3.897473,42.880285],[-3.914832,42.860084],[-3.879821,42.851326],[-3.863736,42.88981],[-3.834788,42.877363],[-3.816032,42.810561],[-3.862043,42.786522],[-3.894446,42.804538],[-3.910953,42.768386],[-3.999652,42.768979],[-4.003555,42.831407],[-4.054688,42.763027],[-4.10517,42.793027],[-4.149915,42.789309],[-4.185429,42.817297],[-4.158091,42.837659],[-4.140447,42.829002],[-4.12612,42.856637],[-4.149901,42.871134],[-4.214234,42.847173],[-4.240249,42.956533],[-4.348485,42.972581],[-4.447551,43.05854],[-4.558449,43.019515],[-4.606084,43.035767],[-4.722822,43.017239],[-4.743985,43.05645],[-4.851426,43.125945],[-4.848068,43.178136],[-4.734156,43.189879],[-4.730945,43.257336],[-4.631883,43.267653],[-4.606552,43.300554],[-4.547773,43.268687],[-4.523513,43.27817],[-4.538809,43.355926],[-4.511499,43.393659],[-4.389356,43.389921],[-4.340665,43.405872],[-4.280254,43.387997],[-4.175226,43.401054],[-4.081232,43.438322],[-3.978686,43.440875],[-3.957098,43.455817],[-3.945545,43.471148],[-3.894935,43.470826],[-3.785204,43.491766],[-3.763286,43.467196],[-3.814332,43.449475],[-3.825338,43.451674],[-3.803722,43.426615],[-3.816016,43.40181],[-3.779137,43.420967],[-3.776114,43.449406],[-3.746131,43.451532],[-3.777179,43.458215],[-3.734618,43.459278],[-3.590244,43.513559]],[[-4.1106,42.823846],[-4.104376,42.797196],[-4.089064,42.799891],[-4.088522,42.818492],[-4.1106,42.823846]],[[-4.163076,42.820948],[-4.174558,42.811618],[-4.161095,42.813115],[-4.163076,42.820948]],[[-3.771602,43.464871],[-3.770231,43.465925],[-3.772014,43.465201],[-3.771602,43.464871]],[[-3.942031,43.470988],[-3.943288,43.470744],[-3.941852,43.470576],[-3.942031,43.470988]],[[-3.531173,43.493092],[-3.530591,43.493022],[-3.531051,43.493236],[-3.531173,43.493092]],[[-3.33501,43.415176],[-3.334764,43.415374],[-3.335281,43.415202],[-3.33501,43.415176]],[[-3.509094,43.478001],[-3.509171,43.478388],[-3.509393,43.478234],[-3.509094,43.478001]],[[-3.624,43.498254],[-3.62373,43.498463],[-3.623855,43.498597],[-3.624,43.498254]],[[-3.508418,43.478508],[-3.508544,43.478787],[-3.508692,43.478687],[-3.508418,43.478508]],[[-3.630196,43.498148],[-3.630083,43.498032],[-3.630059,43.498095],[-3.630196,43.498148]],[[-3.77718,43.472731],[-3.777008,43.47284],[-3.777551,43.4728],[-3.77718,43.472731]],[[-3.509848,43.478025],[-3.509764,43.47834],[-3.509937,43.478313],[-3.509848,43.478025]],[[-3.574005,43.507635],[-3.573831,43.507573],[-3.573746,43.507691],[-3.574005,43.507635]],[[-3.631017,43.497369],[-3.630684,43.497524],[-3.6306,43.497723],[-3.631017,43.497369]],[[-3.631143,43.497675],[-3.630886,43.49791],[-3.630912,43.498018],[-3.631143,43.497675]],[[-3.628298,43.497645],[-3.628459,43.49768],[-3.628606,43.497509],[-3.628298,43.497645]]],[[[-3.260215,43.263579],[-3.26519,43.205767],[-3.285809,43.197902],[-3.304598,43.258689],[-3.260215,43.263579]]],[[[-3.731778,43.472866],[-3.727457,43.471345],[-3.730471,43.470074],[-3.731778,43.472866]]],[[[-4.026444,43.453072],[-4.021996,43.453184],[-4.020964,43.452815],[-4.026444,43.453072]]],[[[-4.49939,43.397339],[-4.500806,43.396176],[-4.501436,43.397186],[-4.49939,43.397339]]],[[[-3.528288,43.497022],[-3.527568,43.495197],[-3.529246,43.496162],[-3.528288,43.497022]]],[[[-3.755477,43.47355],[-3.755424,43.472272],[-3.756854,43.472911],[-3.755477,43.47355]]],[[[-4.482707,43.396331],[-4.482037,43.39571],[-4.484417,43.395544],[-4.482707,43.396331]]],[[[-3.313292,43.405044],[-3.313864,43.405889],[-3.312979,43.406584],[-3.313292,43.405044]]],[[[-3.934139,43.473124],[-3.932868,43.47327],[-3.932834,43.472712],[-3.934139,43.473124]]],[[[-4.022332,43.451146],[-4.020827,43.450574],[-4.022654,43.451188],[-4.022332,43.451146]]],[[[-3.914861,43.475423],[-3.91606,43.475405],[-3.914582,43.475795],[-3.914861,43.475423]]],[[[-3.256845,43.403383],[-3.256003,43.402871],[-3.257437,43.403336],[-3.256845,43.403383]]],[[[-3.918918,43.473932],[-3.920163,43.473661],[-3.918305,43.474225],[-3.918918,43.473932]]],[[[-3.794596,43.418457],[-3.795245,43.41802],[-3.795421,43.41828],[-3.794596,43.418457]]],[[[-3.932637,43.473551],[-3.932033,43.472871],[-3.932743,43.47319],[-3.932637,43.473551]]],[[[-3.916876,43.474633],[-3.917216,43.474981],[-3.916608,43.474851],[-3.916876,43.474633]]],[[[-4.013093,43.452957],[-4.013902,43.452545],[-4.013905,43.452716],[-4.013093,43.452957]]],[[[-3.926575,43.474122],[-3.925608,43.47395],[-3.926521,43.473825],[-3.926575,43.474122]]],[[[-3.792057,43.430316],[-3.791891,43.429876],[-3.79239,43.430277],[-3.792057,43.430316]]],[[[-3.217772,43.38667],[-3.219093,43.386667],[-3.217661,43.386742],[-3.217772,43.38667]]],[[[-3.939224,43.47256],[-3.939675,43.472142],[-3.939471,43.472549],[-3.939224,43.47256]]],[[[-3.405563,43.417599],[-3.405151,43.417326],[-3.405767,43.417361],[-3.405563,43.417599]]],[[[-3.917354,43.476781],[-3.917729,43.47703],[-3.917122,43.476972],[-3.917354,43.476781]]],[[[-4.01594,43.453184],[-4.016143,43.452786],[-4.016173,43.453119],[-4.01594,43.453184]]],[[[-3.521946,43.495853],[-3.521239,43.495695],[-3.521705,43.495233],[-3.521946,43.495853]]],[[[-3.524837,43.49693],[-3.525043,43.496443],[-3.52522,43.496856],[-3.524837,43.49693]]],[[[-3.315351,43.406731],[-3.315237,43.4062],[-3.315522,43.40637],[-3.315351,43.406731]]],[[[-3.946095,43.47073],[-3.946598,43.4705],[-3.946432,43.470934],[-3.946095,43.47073]]],[[[-4.475772,43.395822],[-4.476339,43.395728],[-4.47633,43.396044],[-4.475772,43.395822]]],[[[-3.408642,43.417189],[-3.40885,43.416909],[-3.409162,43.417448],[-3.408642,43.417189]]],[[[-3.913837,43.476413],[-3.914191,43.476086],[-3.914194,43.476311],[-3.913837,43.476413]]],[[[-3.499843,43.476304],[-3.499507,43.476008],[-3.499892,43.47616],[-3.499843,43.476304]]],[[[-4.021031,43.452382],[-4.021697,43.452286],[-4.022142,43.452345],[-4.021031,43.452382]]],[[[-3.653969,43.494594],[-3.653791,43.494163],[-3.654025,43.494053],[-3.653969,43.494594]]],[[[-3.938617,43.471683],[-3.938724,43.471385],[-3.938839,43.471618],[-3.938617,43.471683]]],[[[-3.41017,43.418507],[-3.410502,43.418218],[-3.410343,43.418515],[-3.41017,43.418507]]],[[[-4.016136,43.452345],[-4.015737,43.452141],[-4.016195,43.4522],[-4.016136,43.452345]]],[[[-3.829504,43.487897],[-3.829949,43.487867],[-3.829617,43.488068],[-3.829504,43.487897]]],[[[-3.796699,43.433768],[-3.796819,43.433497],[-3.797068,43.433622],[-3.796699,43.433768]]],[[[-3.409734,43.417914],[-3.409336,43.417556],[-3.40982,43.417851],[-3.409734,43.417914]]],[[[-3.812874,43.494671],[-3.813316,43.494479],[-3.812899,43.494752],[-3.812874,43.494671]]],[[[-3.674838,43.484839],[-3.674922,43.484577],[-3.675221,43.484801],[-3.674838,43.484839]]],[[[-3.293049,43.407474],[-3.293308,43.407357],[-3.293383,43.407518],[-3.293049,43.407474]]],[[[-3.952053,43.462792],[-3.952471,43.462645],[-3.952437,43.462852],[-3.952053,43.462792]]],[[[-3.247046,43.399109],[-3.247181,43.398901],[-3.247219,43.399036],[-3.247046,43.399109]]],[[[-4.389074,43.394904],[-4.389491,43.394755],[-4.389164,43.395029],[-4.389074,43.394904]]],[[[-3.94758,43.470051],[-3.947925,43.469985],[-3.947744,43.470248],[-3.94758,43.470051]]],[[[-3.419802,43.414402],[-3.419848,43.413988],[-3.419913,43.414393],[-3.419802,43.414402]]],[[[-3.77934,43.485944],[-3.779785,43.485878],[-3.779316,43.486007],[-3.77934,43.485944]]],[[[-3.924364,43.474284],[-3.924646,43.474156],[-3.9246,43.474372],[-3.924364,43.474284]]],[[[-3.655317,43.49347],[-3.655377,43.493253],[-3.655416,43.493487],[-3.655317,43.49347]]],[[[-3.503017,43.477307],[-3.503164,43.477181],[-3.503399,43.477207],[-3.503017,43.477307]]],[[[-4.389742,43.39495],[-4.389848,43.394732],[-4.390035,43.394784],[-4.389742,43.39495]]],[[[-3.500574,43.475004],[-3.500932,43.474921],[-3.500612,43.475076],[-3.500574,43.475004]]],[[[-3.524562,43.498057],[-3.524758,43.497867],[-3.524785,43.498137],[-3.524562,43.498057]]],[[[-3.314685,43.406958],[-3.314758,43.406769],[-3.314907,43.406957],[-3.314685,43.406958]]],[[[-3.672432,43.486438],[-3.672454,43.486239],[-3.672628,43.486301],[-3.672432,43.486438]]],[[[-3.655068,43.494417],[-3.655139,43.494173],[-3.655167,43.494443],[-3.655068,43.494417]]],[[[-3.753736,43.473715],[-3.753771,43.473553],[-3.75386,43.473714],[-3.753736,43.473715]]],[[[-3.523787,43.495728],[-3.523626,43.495612],[-3.523737,43.49562],[-3.523787,43.495728]]],[[[-3.672849,43.486138],[-3.672797,43.485949],[-3.672897,43.486039],[-3.672849,43.486138]]],[[[-3.247615,43.39927],[-3.247577,43.399135],[-3.247664,43.399162],[-3.247615,43.39927]]],[[[-3.768308,43.464425],[-3.768504,43.464306],[-3.768432,43.46446],[-3.768308,43.464425]]],[[[-4.463727,43.393348],[-4.463936,43.393301],[-4.463772,43.393496],[-4.463727,43.393348]]],[[[-3.675803,43.483735],[-3.675901,43.483662],[-3.675976,43.483743],[-3.675803,43.483735]]]]}},{"type":"Feature","properties":{"name":"Andalucia","country":"ES"},"geometry":{"type":"MultiPolygon","coordinates":[[[[-5.035409,38.726189],[-5.0046,38.695095],[-4.87697,38.686094],[-4.860171,38.613979],[-4.707366,38.571946],[-4.593691,38.486382],[-4.512691,38.463854],[-4.452988,38.400871],[-4.28733,38.342761],[-4.257784,38.401577],[-3.91512,38.368814],[-3.854284,38.375141],[-3.830056,38.412796],[-3.785612,38.425269],[-3.598236,38.398474],[-3.583076,38.451469],[-3.541888,38.445385],[-3.528443,38.408641],[-3.451698,38.400318],[-3.376684,38.439596],[-3.375012,38.475235],[-3.326492,38.482121],[-3.138288,38.438577],[-3.064966,38.478248],[-3.001713,38.408321],[-2.963586,38.471454],[-2.88149,38.452645],[-2.767698,38.532907],[-2.679692,38.496921],[-2.593717,38.511291],[-2.566624,38.490466],[-2.573555,38.416252],[-2.483398,38.397858],[-2.485206,38.300256],[-2.43539,38.265022],[-2.446277,38.185194],[-2.551296,38.084092],[-2.340713,38.025545],[-2.172012,37.888689],[-2.123204,37.900552],[-2.100385,37.877198],[-1.974502,37.868469],[-2.012651,37.700601],[-1.976807,37.618728],[-1.845261,37.454827],[-1.808946,37.433474],[-1.811756,37.451556],[-1.737075,37.442633],[-1.630752,37.373607],[-1.677081,37.352845],[-1.689015,37.339242],[-1.708299,37.304113],[-1.758812,37.263083],[-1.773482,37.245849],[-1.774776,37.243186],[-1.775175,37.239485],[-1.797564,37.229611],[-1.849476,37.068349],[-1.900761,36.987757],[-1.903742,36.93737],[-1.940529,36.936523],[-1.992083,36.89373],[-1.999607,36.840024],[-2.060022,36.809723],[-2.060277,36.777823],[-2.12428,36.732003],[-2.193406,36.721097],[-2.29123,36.820069],[-2.361489,36.841598],[-2.426547,36.81074],[-2.475125,36.837026],[-2.464122,36.825853],[-2.561925,36.816131],[-2.619649,36.726958],[-2.70033,36.682999],[-2.849482,36.695471],[-2.926716,36.751781],[-3.258896,36.753406],[-3.338861,36.738285],[-3.419913,36.69389],[-3.5537,36.714948],[-3.602012,36.744642],[-3.727498,36.719175],[-3.835478,36.754039],[-3.957186,36.726088],[-4.066865,36.748756],[-4.18078,36.71468],[-4.413815,36.718397],[-4.511655,36.593144],[-4.602807,36.562956],[-4.638245,36.507029],[-4.740536,36.482632],[-4.913148,36.50539],[-5.176942,36.41427],[-5.316646,36.229872],[-5.338646,36.15346],[-5.426873,36.175624],[-5.447285,36.140282],[-5.440448,36.124009],[-5.43001,36.140752],[-5.429343,36.071146],[-5.610249,36.000104],[-5.652501,36.053156],[-5.797244,36.078273],[-5.9149,36.184767],[-6.034284,36.181014],[-6.102765,36.284108],[-6.143001,36.296564],[-6.309601,36.5286],[-6.279357,36.543004],[-6.292294,36.532871],[-6.268631,36.531999],[-6.257597,36.473114],[-6.229836,36.462604],[-6.173174,36.521312],[-6.242062,36.506194],[-6.257973,36.52919],[-6.229118,36.525073],[-6.232817,36.584915],[-6.249382,36.572281],[-6.238218,36.58448],[-6.265933,36.579831],[-6.299819,36.61786],[-6.394508,36.633811],[-6.442679,36.738246],[-6.3424,36.794612],[-6.397195,36.807276],[-6.449265,36.907787],[-6.521884,36.977163],[-6.916335,37.176159],[-6.83214,37.107998],[-7.04365,37.207459],[-7.406254,37.181023],[-7.463774,37.486906],[-7.522846,37.5534],[-7.503855,37.604463],[-7.444146,37.664732],[-7.421107,37.759122],[-7.324127,37.815766],[-7.283459,37.869079],[-7.248505,37.954481],[-7.263192,37.979852],[-7.132847,37.999948],[-7.09878,38.043845],[-7.059303,38.017437],[-7.002398,38.02266],[-6.987363,38.103896],[-6.952111,38.152783],[-6.968876,38.166188],[-6.931656,38.208317],[-6.795092,38.178541],[-6.815815,38.120138],[-6.758217,38.092711],[-6.622104,38.097008],[-6.580526,38.052772],[-6.582329,38.020845],[-6.47656,38.007834],[-6.452439,38.055959],[-6.413902,38.058563],[-6.367246,38.048919],[-6.352706,38.007398],[-6.303625,37.978337],[-6.18024,37.941026],[-6.115307,37.981767],[-5.953688,37.995346],[-5.908982,38.062846],[-5.926378,38.105013],[-5.851523,38.171906],[-5.69473,38.186521],[-5.684243,38.157064],[-5.705786,38.169382],[-5.694711,38.150346],[-5.740737,38.126539],[-5.7349,38.086255],[-5.710426,38.081047],[-5.632501,38.138557],[-5.584789,38.131706],[-5.539673,38.160685],[-5.522497,38.238401],[-5.575648,38.329106],[-5.56892,38.432591],[-5.418617,38.51273],[-5.371748,38.583572],[-5.308514,38.577619],[-5.208485,38.667697],[-5.184233,38.659728],[-5.167322,38.680469],[-5.184505,38.719695],[-5.09919,38.707653],[-5.035409,38.726189]],[[-2.194034,36.722084],[-2.193574,36.722225],[-2.193886,36.722344],[-2.194034,36.722084]],[[-1.819863,37.178133],[-1.819609,37.178527],[-1.819538,37.178734],[-1.819863,37.178133]],[[-1.820347,37.17528],[-1.820126,37.175702],[-1.820136,37.175801],[-1.820347,37.17528]],[[-2.567268,36.811012],[-2.566671,36.811452],[-2.566479,36.811676],[-2.567268,36.811012]],[[-1.718526,37.2965],[-1.718309,37.296705],[-1.718615,37.296582],[-1.718526,37.2965]],[[-1.719297,37.296319],[-1.719048,37.296343],[-1.719058,37.296415],[-1.719297,37.296319]],[[-1.720674,37.295604],[-1.720604,37.295729],[-1.720808,37.295704],[-1.720674,37.295604]],[[-1.709177,37.303573],[-1.709174,37.303708],[-1.709243,37.303664],[-1.709177,37.303573]],[[-1.719443,37.296311],[-1.719532,37.296411],[-1.719545,37.296312],[-1.719443,37.296311]],[[-1.717919,37.297088],[-1.717793,37.297159],[-1.717906,37.29716],[-1.717919,37.297088]],[[-1.719334,37.29613],[-1.719343,37.296229],[-1.719401,37.296158],[-1.719334,37.29613]]],[[[-6.472051,36.737246],[-6.468314,36.737074],[-6.468499,36.732253],[-6.472051,36.737246]]],[[[-6.220778,36.381135],[-6.219786,36.378954],[-6.225345,36.396178],[-6.220778,36.381135]]],[[[-3.033687,35.93985],[-3.037492,35.938938],[-3.031083,35.941429],[-3.033687,35.93985]]],[[[-6.317795,36.527874],[-6.312785,36.528212],[-6.312322,36.527828],[-6.317795,36.527874]]],[[[-6.220328,36.386977],[-6.219125,36.384541],[-6.218927,36.383798],[-6.220328,36.386977]]],[[[-1.886298,36.992498],[-1.885268,36.992994],[-1.885046,36.992063],[-1.886298,36.992498]]],[[[-1.652163,37.347805],[-1.651797,37.346827],[-1.653012,37.347049],[-1.652163,37.347805]]],[[[-6.220704,36.387977],[-6.221298,36.387249],[-6.221491,36.390046],[-6.220704,36.387977]]],[[[-6.214801,36.383207],[-6.216343,36.38248],[-6.215445,36.383964],[-6.214801,36.383207]]],[[[-5.294276,36.245988],[-5.295034,36.245271],[-5.29542,36.245525],[-5.294276,36.245988]]],[[[-1.648957,37.359738],[-1.64831,37.359325],[-1.649077,37.359334],[-1.648957,37.359738]]],[[[-5.435113,36.065278],[-5.43428,36.06489],[-5.43521,36.064826],[-5.435113,36.065278]]],[[[-2.049044,36.812674],[-2.049098,36.811971],[-2.049597,36.812426],[-2.049044,36.812674]]],[[[-6.457232,36.735864],[-6.458096,36.735407],[-6.458107,36.735644],[-6.457232,36.735864]]],[[[-6.008906,36.181601],[-6.008475,36.181377],[-6.009246,36.181493],[-6.008906,36.181601]]],[[[-2.190622,36.720721],[-2.191027,36.72054],[-2.190687,36.72088],[-2.190622,36.720721]]],[[[-2.002465,36.836712],[-2.002738,36.836408],[-2.00288,36.836671],[-2.002465,36.836712]]],[[[-6.005928,36.18145],[-6.006204,36.18129],[-6.006665,36.181432],[-6.005928,36.18145]]],[[[-3.389449,36.708363],[-3.389852,36.708398],[-3.389674,36.708678],[-3.389449,36.708363]]],[[[-5.423973,36.077411],[-5.423962,36.077069],[-5.424082,36.077355],[-5.423973,36.077411]]],[[[-1.699832,37.317459],[-1.70013,37.317228],[-1.700195,37.317355],[-1.699832,37.317459]]],[[[-5.423768,36.076514],[-5.423659,36.076228],[-5.423902,36.076538],[-5.423768,36.076514]]],[[[-1.697553,37.322013],[-1.697825,37.321917],[-1.69758,37.32241],[-1.697553,37.322013]]],[[[-1.712454,37.299967],[-1.712784,37.299808],[-1.712599,37.300086],[-1.712454,37.299967]]],[[[-2.174957,36.722665],[-2.174939,36.722322],[-2.175092,36.72263],[-2.174957,36.722665]]],[[[-3.030174,35.942251],[-3.030274,35.94198],[-3.030362,35.942016],[-3.030174,35.942251]]],[[[-1.723841,37.290473],[-1.724015,37.290177],[-1.724069,37.290286],[-1.723841,37.290473]]],[[[-1.773276,37.245351],[-1.77337,37.245073],[-1.773502,37.245291],[-1.773276,37.245351]]],[[[-2.191008,36.720215],[-2.1912,36.72],[-2.191289,36.720127],[-2.191008,36.720215]]],[[[-1.725312,37.288839],[-1.725294,37.288569],[-1.72545,37.288697],[-1.725312,37.288839]]],[[[-1.699017,37.320235],[-1.699122,37.320029],[-1.699166,37.32012],[-1.699017,37.320235]]],[[[-1.772752,37.244958],[-1.77307,37.244808],[-1.772751,37.24503],[-1.772752,37.244958]]],[[[-1.773957,37.243646],[-1.773696,37.24376],[-1.773755,37.243581],[-1.773957,37.243646]]],[[[-1.773313,37.24445],[-1.773519,37.244254],[-1.773574,37.244327],[-1.773313,37.24445]]],[[[-1.723146,37.290853],[-1.723372,37.29082],[-1.723166,37.290998],[-1.723146,37.290853]]],[[[-1.698222,37.321813],[-1.698395,37.321635],[-1.698414,37.321833],[-1.698222,37.321813]]],[[[-5.436033,36.065602],[-5.436196,36.065464],[-5.436213,36.065653],[-5.436033,36.065602]]],[[[-1.769331,37.248718],[-1.769435,37.248529],[-1.769524,37.248638],[-1.769331,37.248718]]],[[[-1.698766,37.320413],[-1.69887,37.320243],[-1.698935,37.320424],[-1.698766,37.320413]]],[[[-1.773241,37.244684],[-1.773391,37.244496],[-1.773503,37.244534],[-1.773241,37.244684]]],[[[-1.699651,37.31752],[-1.699733,37.317332],[-1.699718,37.317512],[-1.699651,37.31752]]],[[[-1.698394,37.320346],[-1.698656,37.320213],[-1.698655,37.320276],[-1.698394,37.320346]]],[[[-1.765957,37.25163],[-1.765696,37.251717],[-1.765722,37.251546],[-1.765957,37.25163]]],[[[-1.697288,37.323001],[-1.697064,37.322864],[-1.697189,37.322829],[-1.697288,37.323001]]],[[[-1.763626,37.254219],[-1.763991,37.253953],[-1.764036,37.253971],[-1.763626,37.254219]]],[[[-5.436315,36.065732],[-5.436363,36.065496],[-5.436427,36.065774],[-5.436315,36.065732]]],[[[-1.698895,37.319423],[-1.698875,37.319296],[-1.699054,37.319397],[-1.698895,37.319423]]],[[[-1.70413,37.31099],[-1.704311,37.310956],[-1.704118,37.311062],[-1.70413,37.31099]]],[[[-1.744548,37.272424],[-1.744665,37.272182],[-1.744721,37.272201],[-1.744548,37.272424]]],[[[-1.768925,37.249407],[-1.769075,37.249202],[-1.769131,37.24922],[-1.768925,37.249407]]],[[[-1.703966,37.311321],[-1.704003,37.311169],[-1.704113,37.311314],[-1.703966,37.311321]]],[[[-5.436537,36.065358],[-5.436464,36.06517],[-5.436598,36.065203],[-5.436537,36.065358]]],[[[-1.76371,37.253878],[-1.763937,37.253808],[-1.763675,37.253959],[-1.76371,37.253878]]],[[[-1.750716,37.266378],[-1.750719,37.266234],[-1.750774,37.266316],[-1.750716,37.266378]]],[[[-1.741404,37.275681],[-1.741485,37.275528],[-1.741516,37.275682],[-1.741404,37.275681]]],[[[-1.739125,37.278406],[-1.739283,37.278389],[-1.739,37.278449],[-1.739125,37.278406]]],[[[-1.773875,37.243861],[-1.774056,37.243827],[-1.773919,37.243934],[-1.773875,37.243861]]],[[[-1.722612,37.291722],[-1.722512,37.29163],[-1.722625,37.291641],[-1.722612,37.291722]]],[[[-1.723609,37.290164],[-1.72378,37.290049],[-1.723756,37.290139],[-1.723609,37.290164]]],[[[-1.773051,37.245313],[-1.772929,37.245195],[-1.773142,37.24526],[-1.773051,37.245313]]],[[[-1.725088,37.289432],[-1.725146,37.289297],[-1.725144,37.28946],[-1.725088,37.289432]]],[[[-1.765175,37.251892],[-1.765357,37.251804],[-1.7654,37.251894],[-1.765175,37.251892]]],[[[-1.769629,37.247711],[-1.769507,37.247602],[-1.769619,37.247612],[-1.769629,37.247711]]],[[[-1.723397,37.290667],[-1.723411,37.290522],[-1.723513,37.290524],[-1.723397,37.290667]]],[[[-1.732256,37.283073],[-1.732225,37.282947],[-1.732281,37.282965],[-1.732256,37.283073]]],[[[-1.764497,37.253318],[-1.764578,37.253202],[-1.76468,37.253212],[-1.764497,37.253318]]],[[[-1.76314,37.254935],[-1.763188,37.254792],[-1.763301,37.254793],[-1.76314,37.254935]]],[[[-1.697844,37.322133],[-1.697971,37.321963],[-1.698016,37.321991],[-1.697844,37.322133]]],[[[-1.728528,37.286801],[-1.72852,37.286612],[-1.728584,37.286793],[-1.728528,37.286801]]],[[[-1.731976,37.282962],[-1.732091,37.282873],[-1.732203,37.282892],[-1.731976,37.282962]]],[[[-1.723985,37.289961],[-1.724043,37.289817],[-1.724042,37.289916],[-1.723985,37.289961]]],[[[-1.699592,37.319611],[-1.699639,37.319503],[-1.699626,37.319602],[-1.699592,37.319611]]],[[[-1.696721,37.325086],[-1.696667,37.324932],[-1.696745,37.324987],[-1.696721,37.325086]]],[[[-1.761302,37.257043],[-1.761472,37.256991],[-1.761346,37.257089],[-1.761302,37.257043]]],[[[-5.437331,36.064494],[-5.437295,36.064387],[-5.437407,36.064411],[-5.437331,36.064494]]],[[[-1.699668,37.317809],[-1.699781,37.317792],[-1.699746,37.317891],[-1.699668,37.317809]]],[[[-1.762962,37.254798],[-1.763099,37.254701],[-1.763132,37.254737],[-1.762962,37.254798]]],[[[-1.765782,37.25198],[-1.765727,37.251889],[-1.765885,37.251927],[-1.765782,37.25198]]],[[[-5.437468,36.064239],[-5.437399,36.064159],[-5.437532,36.064166],[-5.437468,36.064239]]],[[[-1.745511,37.271533],[-1.745693,37.271427],[-1.745715,37.271454],[-1.745511,37.271533]]],[[[-1.698589,37.320844],[-1.69867,37.320736],[-1.698691,37.320809],[-1.698589,37.320844]]],[[[-1.730542,37.283722],[-1.730521,37.283632],[-1.730588,37.283668],[-1.730542,37.283722]]],[[[-1.765069,37.252846],[-1.76507,37.252756],[-1.765149,37.252793],[-1.765069,37.252846]]],[[[-1.698537,37.319933],[-1.69865,37.319916],[-1.698581,37.320014],[-1.698537,37.319933]]],[[[-1.7133,37.299976],[-1.713347,37.299869],[-1.713391,37.299932],[-1.7133,37.299976]]],[[[-1.699615,37.318944],[-1.699729,37.318873],[-1.699728,37.318918],[-1.699615,37.318944]]],[[[-1.769694,37.248559],[-1.769696,37.248424],[-1.769763,37.248497],[-1.769694,37.248559]]],[[[-1.773341,37.245496],[-1.77332,37.245397],[-1.773387,37.245452],[-1.773341,37.245496]]],[[[-1.707585,37.304294],[-1.707643,37.304205],[-1.707653,37.304277],[-1.707585,37.304294]]],[[[-1.703159,37.31234],[-1.703206,37.31225],[-1.703227,37.312314],[-1.703159,37.31234]]],[[[-1.72325,37.290683],[-1.723218,37.290593],[-1.723319,37.290621],[-1.72325,37.290683]]],[[[-1.697415,37.322841],[-1.697394,37.322741],[-1.697461,37.322751],[-1.697415,37.322841]]],[[[-1.704349,37.310731],[-1.704407,37.310641],[-1.704405,37.310731],[-1.704349,37.310731]]],[[[-1.701372,37.315205],[-1.701407,37.315142],[-1.701429,37.315178],[-1.701372,37.315205]]],[[[-1.765168,37.252325],[-1.765225,37.252244],[-1.765247,37.252289],[-1.765168,37.252325]]],[[[-1.707397,37.304716],[-1.707353,37.304643],[-1.707443,37.304653],[-1.707397,37.304716]]],[[[-1.741615,37.275872],[-1.741616,37.2758],[-1.741661,37.275828],[-1.741615,37.275872]]],[[[-1.740012,37.277964],[-1.739923,37.2779],[-1.740013,37.277901],[-1.740012,37.277964]]],[[[-1.69903,37.320767],[-1.698975,37.320695],[-1.699054,37.320695],[-1.69903,37.320767]]],[[[-1.703294,37.312369],[-1.703351,37.312306],[-1.703362,37.312351],[-1.703294,37.312369]]],[[[-1.7743,37.243388],[-1.774357,37.243308],[-1.774367,37.243389],[-1.7743,37.243388]]]]}},{"type":"Feature","properties":{"name":"Asturias","country":"ES"},"geometry":{"type":"MultiPolygon","coordinates":[[[[-5.840833,43.660619],[-5.830022,43.640116],[-5.783099,43.631301],[-5.790972,43.614201],[-5.755584,43.583366],[-5.711967,43.568617],[-5.676112,43.570976],[-5.701257,43.566152],[-5.679164,43.541237],[-5.617565,43.559016],[-5.413247,43.554871],[-5.388224,43.529744],[-5.295404,43.535157],[-5.216229,43.474898],[-5.123517,43.484608],[-5.037041,43.460682],[-4.982897,43.454925],[-4.926067,43.462389],[-4.69931,43.40479],[-4.680871,43.409231],[-4.567442,43.392023],[-4.518727,43.395814],[-4.539457,43.34396],[-4.521713,43.280625],[-4.547773,43.268687],[-4.606552,43.300554],[-4.631883,43.267653],[-4.730945,43.257336],[-4.719682,43.235823],[-4.745806,43.184119],[-4.841023,43.18078],[-4.871239,43.228131],[-4.911425,43.237363],[-4.996858,43.173097],[-5.075859,43.181532],[-5.101735,43.101846],[-5.147803,43.115119],[-5.282121,43.077428],[-5.369136,43.094577],[-5.390451,43.049337],[-5.478523,43.054909],[-5.493752,43.021351],[-5.693349,43.056481],[-5.728376,43.042513],[-5.763858,42.97013],[-5.804006,42.962615],[-5.914618,42.992698],[-5.956745,43.018593],[-5.975035,43.065418],[-6.081878,43.075716],[-6.095964,43.031278],[-6.136667,43.020993],[-6.21556,43.0472],[-6.226808,43.008913],[-6.359088,43.059577],[-6.424081,42.987875],[-6.478136,42.991205],[-6.473011,42.967752],[-6.433638,42.96416],[-6.433102,42.939757],[-6.541234,42.912508],[-6.72266,42.917485],[-6.772849,42.882543],[-6.770671,42.898624],[-6.835796,42.916347],[-6.836091,42.957764],[-6.871074,42.988584],[-6.910321,42.990138],[-6.957104,43.036778],[-6.961956,42.990718],[-6.997172,43.019483],[-6.938689,43.086512],[-6.915595,43.073422],[-6.827604,43.123187],[-6.838912,43.166143],[-6.868246,43.190022],[-6.885405,43.156801],[-6.957362,43.135477],[-6.980773,43.166546],[-6.971019,43.20425],[-7.061591,43.244048],[-7.059785,43.305335],[-7.100933,43.30381],[-7.131208,43.331348],[-7.127533,43.372599],[-7.182489,43.392459],[-7.172988,43.430413],[-7.101657,43.42748],[-7.04827,43.477076],[-7.047179,43.508986],[-7.023223,43.559576],[-7.017324,43.555939],[-7.005972,43.555015],[-7.003185,43.557426],[-7.000181,43.55412],[-6.97406,43.556752],[-6.925379,43.574985],[-6.910249,43.566447],[-6.876261,43.562412],[-6.828313,43.566381],[-6.811092,43.55446],[-6.722053,43.555976],[-6.709504,43.56411],[-6.684755,43.558663],[-6.626309,43.572905],[-6.598485,43.554032],[-6.533299,43.545228],[-6.474497,43.550255],[-6.470226,43.571156],[-6.445488,43.562749],[-6.445026,43.56116],[-6.444449,43.561033],[-6.444613,43.560209],[-6.443893,43.559538],[-6.442663,43.559016],[-6.439066,43.558909],[-6.438834,43.556143],[-6.429753,43.55276],[-6.355771,43.55115],[-6.303642,43.563366],[-6.295748,43.566637],[-6.29706,43.571164],[-6.296365,43.569545],[-6.285429,43.569968],[-6.267739,43.578984],[-6.255946,43.57779],[-6.244508,43.595178],[-6.186366,43.563897],[-6.154469,43.570734],[-6.154245,43.568346],[-6.147428,43.567498],[-6.147365,43.563682],[-6.112989,43.555432],[-6.092512,43.55832],[-6.078188,43.564658],[-6.077367,43.570407],[-6.077935,43.564296],[-6.06603,43.565895],[-6.017272,43.588262],[-5.997097,43.574117],[-5.956332,43.579762],[-5.914993,43.608025],[-5.914785,43.623714],[-5.887246,43.623216],[-5.866673,43.631324],[-5.840833,43.660619]],[[-5.591254,43.548883],[-5.591257,43.549811],[-5.591668,43.549873],[-5.591254,43.548883]],[[-6.932652,43.571061],[-6.932104,43.571575],[-6.933095,43.571586],[-6.932652,43.571061]],[[-5.597608,43.548946],[-5.598151,43.549483],[-5.5985,43.54925],[-5.597608,43.548946]],[[-4.89389,43.449321],[-4.89332,43.449295],[-4.893121,43.449658],[-4.89389,43.449321]],[[-5.607122,43.556405],[-5.607188,43.556791],[-5.607733,43.556517],[-5.607122,43.556405]],[[-6.251416,43.584276],[-6.250935,43.584083],[-6.250863,43.584355],[-6.251416,43.584276]],[[-4.615337,43.39666],[-4.615298,43.397048],[-4.615479,43.396892],[-4.615337,43.39666]],[[-6.451965,43.563642],[-6.452049,43.564036],[-6.452229,43.563716],[-6.451965,43.563642]],[[-4.62825,43.399773],[-4.628913,43.399628],[-4.628186,43.399675],[-4.62825,43.399773]],[[-6.448193,43.562631],[-6.447675,43.562881],[-6.447771,43.563049],[-6.448193,43.562631]],[[-4.629199,43.399246],[-4.628397,43.399257],[-4.628338,43.399375],[-4.629199,43.399246]],[[-4.629676,43.399086],[-4.629387,43.399333],[-4.629645,43.399303],[-4.629676,43.399086]],[[-5.605688,43.550599],[-5.605294,43.550653],[-5.605329,43.550886],[-5.605688,43.550599]],[[-4.625761,43.399052],[-4.625396,43.399264],[-4.625789,43.399159],[-4.625761,43.399052]],[[-6.459872,43.566581],[-6.459456,43.566882],[-6.460051,43.566684],[-6.459872,43.566581]],[[-6.45297,43.562811],[-6.452705,43.563152],[-6.452897,43.563263],[-6.45297,43.562811]],[[-6.447604,43.561208],[-6.447254,43.561363],[-6.447327,43.561559],[-6.447604,43.561208]],[[-7.024111,43.556915],[-7.023905,43.557175],[-7.02418,43.55703],[-7.024111,43.556915]],[[-6.251541,43.583147],[-6.251086,43.583223],[-6.251102,43.583285],[-6.251541,43.583147]],[[-6.932974,43.570492],[-6.932531,43.570525],[-6.932984,43.570636],[-6.932974,43.570492]],[[-4.896488,43.450998],[-4.896107,43.451067],[-4.896136,43.451202],[-4.896488,43.450998]],[[-6.460136,43.567303],[-6.459803,43.567331],[-6.459797,43.567439],[-6.460136,43.567303]],[[-6.454895,43.565292],[-6.454556,43.565428],[-6.454586,43.565517],[-6.454895,43.565292]],[[-7.026005,43.547638],[-7.025517,43.547565],[-7.025384,43.547606],[-7.026005,43.547638]],[[-4.860523,43.44498],[-4.860266,43.445074],[-4.860331,43.445154],[-4.860523,43.44498]],[[-6.454193,43.563413],[-6.45416,43.563711],[-6.45435,43.56357],[-6.454193,43.563413]],[[-5.602592,43.549985],[-5.60233,43.550225],[-5.602609,43.550111],[-5.602592,43.549985]],[[-6.446626,43.562723],[-6.446335,43.562831],[-6.446538,43.562924],[-6.446626,43.562723]],[[-6.454444,43.564117],[-6.454127,43.564207],[-6.454085,43.564335],[-6.454444,43.564117]],[[-5.615936,43.557415],[-5.61567,43.557556],[-5.615868,43.55756],[-5.615936,43.557415]],[[-6.012736,43.583006],[-6.012443,43.583086],[-6.012562,43.583254],[-6.012736,43.583006]],[[-4.913606,43.45454],[-4.913441,43.454794],[-4.91365,43.454746],[-4.913606,43.45454]],[[-6.454207,43.564952],[-6.453999,43.565211],[-6.454349,43.565056],[-6.454207,43.564952]],[[-6.149179,43.56546],[-6.149006,43.565717],[-6.149143,43.565731],[-6.149179,43.56546]],[[-6.009191,43.580966],[-6.009053,43.581186],[-6.009245,43.581055],[-6.009191,43.580966]],[[-6.451418,43.563173],[-6.451219,43.563377],[-6.451448,43.563271],[-6.451418,43.563173]],[[-6.456058,43.564842],[-6.45569,43.564907],[-6.456076,43.564941],[-6.456058,43.564842]],[[-6.455227,43.565038],[-6.455088,43.565214],[-6.455294,43.565135],[-6.455227,43.565038]],[[-6.935935,43.570696],[-6.93562,43.570815],[-6.935965,43.570785],[-6.935935,43.570696]],[[-6.448614,43.562852],[-6.448675,43.563058],[-6.44874,43.562885],[-6.448614,43.562852]],[[-6.01665,43.585496],[-6.016488,43.585473],[-6.016431,43.585565],[-6.01665,43.585496]],[[-6.456161,43.564488],[-6.456109,43.564652],[-6.456206,43.564622],[-6.456161,43.564488]],[[-6.450916,43.563485],[-6.450925,43.563647],[-6.451044,43.563553],[-6.450916,43.563485]],[[-6.452118,43.562413],[-6.452013,43.562543],[-6.452235,43.562518],[-6.452118,43.562413]],[[-6.455557,43.564533],[-6.45547,43.564743],[-6.455623,43.564612],[-6.455557,43.564533]],[[-6.447469,43.562095],[-6.447456,43.562302],[-6.447582,43.562127],[-6.447469,43.562095]],[[-6.451378,43.562697],[-6.451175,43.562811],[-6.451336,43.562815],[-6.451378,43.562697]],[[-6.451754,43.562118],[-6.451588,43.562249],[-6.451772,43.562217],[-6.451754,43.562118]],[[-6.45361,43.563611],[-6.453467,43.563705],[-6.453591,43.563719],[-6.45361,43.563611]],[[-6.453522,43.563802],[-6.453493,43.563956],[-6.453591,43.563926],[-6.453522,43.563802]],[[-6.455838,43.564687],[-6.45568,43.564728],[-6.45577,43.564797],[-6.455838,43.564687]],[[-6.451704,43.562318],[-6.45166,43.562427],[-6.45177,43.562397],[-6.451704,43.562318]],[[-6.456345,43.565545],[-6.456302,43.565654],[-6.4564,43.565633],[-6.456345,43.565545]],[[-6.456183,43.565298],[-6.456139,43.565398],[-6.456209,43.565324],[-6.456183,43.565298]],[[-6.45597,43.564602],[-6.455888,43.564685],[-6.455972,43.564638],[-6.45597,43.564602]],[[-6.456309,43.565132],[-6.456266,43.565232],[-6.456336,43.565158],[-6.456309,43.565132]],[[-6.119754,43.556976],[-6.119879,43.557],[-6.1197,43.556887],[-6.119754,43.556976]],[[-6.452395,43.563368],[-6.452402,43.563494],[-6.452486,43.563447],[-6.452395,43.563368]],[[-6.455762,43.565517],[-6.455817,43.565615],[-6.455849,43.565524],[-6.455762,43.565517]],[[-6.456132,43.565056],[-6.4561,43.565147],[-6.456146,43.565083],[-6.456132,43.565056]]],[[[-6.033535,43.591442],[-6.031712,43.589194],[-6.034767,43.588861],[-6.033535,43.591442]]],[[[-4.791233,43.435425],[-4.789331,43.432951],[-4.791349,43.433919],[-4.791233,43.435425]]],[[[-4.575368,43.400117],[-4.57405,43.39783],[-4.576473,43.397968],[-4.575368,43.400117]]],[[[-5.863603,43.664543],[-5.863596,43.661788],[-5.865976,43.663322],[-5.863603,43.664543]]],[[[-4.811168,43.437245],[-4.80851,43.438449],[-4.808364,43.437685],[-4.811168,43.437245]]],[[[-6.987101,43.561141],[-6.986054,43.559719],[-6.987761,43.559506],[-6.987101,43.561141]]],[[[-6.752319,43.564691],[-6.752234,43.567512],[-6.751361,43.567216],[-6.752319,43.564691]]],[[[-6.988957,43.559248],[-6.987448,43.55795],[-6.989481,43.558366],[-6.988957,43.559248]]],[[[-6.659309,43.569412],[-6.659636,43.567664],[-6.661338,43.568771],[-6.659309,43.569412]]],[[[-6.292592,43.572805],[-6.29227,43.571896],[-6.295028,43.571817],[-6.292592,43.572805]]],[[[-6.191748,43.582088],[-6.193492,43.580868],[-6.193041,43.581943],[-6.191748,43.582088]]],[[[-4.7316,43.418478],[-4.730476,43.417172],[-4.731609,43.417497],[-4.7316,43.418478]]],[[[-6.417309,43.560804],[-6.417639,43.558976],[-6.418706,43.559889],[-6.417309,43.560804]]],[[[-6.874922,43.566626],[-6.873049,43.56696],[-6.874341,43.565863],[-6.874922,43.566626]]],[[[-4.821949,43.438271],[-4.823819,43.438386],[-4.822495,43.43874],[-4.821949,43.438271]]],[[[-4.826652,43.438908],[-4.826872,43.43759],[-4.827334,43.438176],[-4.826652,43.438908]]],[[[-6.09523,43.560389],[-6.096947,43.559352],[-6.095985,43.560873],[-6.09523,43.560389]]],[[[-6.244623,43.595481],[-6.242731,43.596197],[-6.243098,43.595198],[-6.244623,43.595481]]],[[[-5.766653,43.606248],[-5.76678,43.605497],[-5.767739,43.607239],[-5.766653,43.606248]]],[[[-4.775235,43.433855],[-4.776364,43.432766],[-4.776631,43.433005],[-4.775235,43.433855]]],[[[-4.709454,43.415489],[-4.708674,43.414978],[-4.710217,43.414946],[-4.709454,43.415489]]],[[[-4.79634,43.434318],[-4.797781,43.434143],[-4.798076,43.434534],[-4.79634,43.434318]]],[[[-6.227376,43.591123],[-6.226302,43.590877],[-6.226741,43.589931],[-6.227376,43.591123]]],[[[-6.949863,43.570665],[-6.950108,43.569675],[-6.950596,43.570693],[-6.949863,43.570665]]],[[[-6.871353,43.568314],[-6.870195,43.569172],[-6.870732,43.568083],[-6.871353,43.568314]]],[[[-6.069601,43.567942],[-6.07413,43.568846],[-6.074362,43.569038],[-6.069601,43.567942]]],[[[-6.231359,43.592394],[-6.232509,43.59165],[-6.23205,43.592735],[-6.231359,43.592394]]],[[[-5.855382,43.657519],[-5.856296,43.657712],[-5.855791,43.65831],[-5.855382,43.657519]]],[[[-6.765702,43.569229],[-6.764866,43.569932],[-6.764542,43.569294],[-6.765702,43.569229]]],[[[-6.889933,43.571094],[-6.891211,43.570177],[-6.889874,43.571717],[-6.889933,43.571094]]],[[[-6.766204,43.573903],[-6.767977,43.57434],[-6.768223,43.57471],[-6.766204,43.573903]]],[[[-6.461726,43.570631],[-6.461798,43.569728],[-6.462431,43.570177],[-6.461726,43.570631]]],[[[-6.48648,43.552402],[-6.485632,43.55187],[-6.486575,43.551904],[-6.48648,43.552402]]],[[[-4.737712,43.417953],[-4.738033,43.417066],[-4.738375,43.417826],[-4.737712,43.417953]]],[[[-6.320812,43.564875],[-6.320678,43.563574],[-6.321433,43.563786],[-6.320812,43.564875]]],[[[-6.380774,43.558614],[-6.379885,43.557767],[-6.38068,43.557609],[-6.380774,43.558614]]],[[[-7.019599,43.559622],[-7.018433,43.559024],[-7.020134,43.559108],[-7.019599,43.559622]]],[[[-6.872838,43.565787],[-6.873891,43.565599],[-6.87308,43.566473],[-6.872838,43.565787]]],[[[-4.859385,43.446574],[-4.859938,43.44607],[-4.860119,43.446328],[-4.859385,43.446574]]],[[[-6.307654,43.569246],[-6.308399,43.569278],[-6.308461,43.569745],[-6.307654,43.569246]]],[[[-6.946755,43.574067],[-6.947689,43.574143],[-6.946856,43.574856],[-6.946755,43.574067]]],[[[-6.958094,43.565131],[-6.957508,43.564683],[-6.958483,43.56464],[-6.958094,43.565131]]],[[[-6.87449,43.567613],[-6.875754,43.567048],[-6.874521,43.5679],[-6.87449,43.567613]]],[[[-6.032664,43.592608],[-6.032607,43.591709],[-6.033226,43.591702],[-6.032664,43.592608]]],[[[-4.72857,43.416624],[-4.729152,43.417093],[-4.728211,43.417035],[-4.72857,43.416624]]],[[[-6.398528,43.564993],[-6.399353,43.565131],[-6.398581,43.565496],[-6.398528,43.564993]]],[[[-6.272611,43.583418],[-6.271394,43.583813],[-6.271131,43.583767],[-6.272611,43.583418]]],[[[-6.400069,43.565767],[-6.400947,43.565515],[-6.401009,43.565964],[-6.400069,43.565767]]],[[[-6.283623,43.573189],[-6.284537,43.572929],[-6.283904,43.573578],[-6.283623,43.573189]]],[[[-6.280537,43.575646],[-6.280777,43.574829],[-6.281278,43.574941],[-6.280537,43.575646]]],[[[-6.891404,43.56991],[-6.890933,43.569322],[-6.891531,43.569383],[-6.891404,43.56991]]],[[[-6.378916,43.559714],[-6.379613,43.559117],[-6.379336,43.559692],[-6.378916,43.559714]]],[[[-5.742927,43.581222],[-5.743863,43.58138],[-5.742905,43.581556],[-5.742927,43.581222]]],[[[-6.512824,43.552846],[-6.513849,43.55195],[-6.514143,43.552112],[-6.512824,43.552846]]],[[[-6.267347,43.579761],[-6.267639,43.579203],[-6.267898,43.579871],[-6.267347,43.579761]]],[[[-6.794203,43.560515],[-6.794765,43.56019],[-6.794936,43.560743],[-6.794203,43.560515]]],[[[-6.949639,43.576128],[-6.949452,43.575532],[-6.94993,43.57565],[-6.949639,43.576128]]],[[[-4.949853,43.461698],[-4.948986,43.462028],[-4.949691,43.461259],[-4.949853,43.461698]]],[[[-6.338732,43.560229],[-6.339462,43.560442],[-6.338814,43.560371],[-6.338732,43.560229]]],[[[-4.803982,43.435756],[-4.803135,43.435958],[-4.803172,43.435516],[-4.803982,43.435756]]],[[[-6.418181,43.55914],[-6.418791,43.559418],[-6.418172,43.559203],[-6.418181,43.55914]]],[[[-6.409359,43.558368],[-6.41067,43.558113],[-6.410986,43.558238],[-6.409359,43.558368]]],[[[-6.327898,43.562688],[-6.328667,43.562486],[-6.328172,43.562941],[-6.327898,43.562688]]],[[[-4.729382,43.417792],[-4.729639,43.417292],[-4.730025,43.417395],[-4.729382,43.417792]]],[[[-6.270519,43.584811],[-6.271241,43.584196],[-6.271363,43.584607],[-6.270519,43.584811]]],[[[-4.818984,43.439948],[-4.819472,43.43931],[-4.819537,43.439831],[-4.818984,43.439948]]],[[[-6.876405,43.56446],[-6.876872,43.564012],[-6.876983,43.564197],[-6.876405,43.56446]]],[[[-6.755077,43.564645],[-6.755852,43.564368],[-6.755263,43.564855],[-6.755077,43.564645]]],[[[-6.8058,43.560255],[-6.806463,43.559774],[-6.805955,43.560349],[-6.8058,43.560255]]],[[[-6.1693,43.569955],[-6.168727,43.569403],[-6.169326,43.569495],[-6.1693,43.569955]]],[[[-6.359798,43.554327],[-6.360282,43.553691],[-6.3605,43.55382],[-6.359798,43.554327]]],[[[-6.792628,43.559156],[-6.791781,43.559085],[-6.792675,43.558722],[-6.792628,43.559156]]],[[[-6.234026,43.591943],[-6.233937,43.591155],[-6.234284,43.591173],[-6.234026,43.591943]]],[[[-6.81599,43.56438],[-6.816811,43.564245],[-6.81592,43.564644],[-6.81599,43.56438]]],[[[-6.325163,43.562948],[-6.32588,43.563143],[-6.324938,43.563351],[-6.325163,43.562948]]],[[[-4.624001,43.402507],[-4.62336,43.402093],[-4.624638,43.4023],[-4.624001,43.402507]]],[[[-6.301818,43.566002],[-6.30274,43.565895],[-6.301686,43.566303],[-6.301818,43.566002]]],[[[-6.475747,43.564668],[-6.475991,43.564165],[-6.476269,43.564481],[-6.475747,43.564668]]],[[[-6.399961,43.558792],[-6.401012,43.558329],[-6.399922,43.558973],[-6.399961,43.558792]]],[[[-6.399546,43.56526],[-6.400034,43.565354],[-6.399359,43.565689],[-6.399546,43.56526]]],[[[-6.332159,43.562276],[-6.332587,43.561732],[-6.332856,43.561896],[-6.332159,43.562276]]],[[[-6.472906,43.571021],[-6.472019,43.571102],[-6.471838,43.570972],[-6.472906,43.571021]]],[[[-4.848669,43.446109],[-4.847903,43.445734],[-4.848846,43.445827],[-4.848669,43.446109]]],[[[-6.294665,43.572655],[-6.295404,43.572805],[-6.294756,43.572959],[-6.294665,43.572655]]],[[[-5.783664,43.611597],[-5.784347,43.611625],[-5.783396,43.611954],[-5.783664,43.611597]]],[[[-6.507709,43.550896],[-6.507709,43.55132],[-6.506988,43.551486],[-6.507709,43.550896]]],[[[-6.491191,43.549962],[-6.491867,43.550085],[-6.491634,43.550336],[-6.491191,43.549962]]],[[[-5.837912,43.664689],[-5.838262,43.663969],[-5.838452,43.664324],[-5.837912,43.664689]]],[[[-6.913269,43.572349],[-6.91335,43.571689],[-6.913775,43.571935],[-6.913269,43.572349]]],[[[-6.62599,43.575229],[-6.62568,43.5746],[-6.626454,43.575124],[-6.62599,43.575229]]],[[[-6.938066,43.572054],[-6.938918,43.572015],[-6.938168,43.572284],[-6.938066,43.572054]]],[[[-6.307417,43.567857],[-6.308001,43.567669],[-6.307896,43.568005],[-6.307417,43.567857]]],[[[-6.359476,43.553211],[-6.359192,43.552571],[-6.359836,43.552786],[-6.359476,43.553211]]],[[[-6.851443,43.565602],[-6.85194,43.565631],[-6.850982,43.566338],[-6.851443,43.565602]]],[[[-6.499812,43.551976],[-6.499785,43.5515],[-6.500389,43.551463],[-6.499812,43.551976]]],[[[-4.775372,43.43433],[-4.776149,43.434255],[-4.776106,43.434481],[-4.775372,43.43433]]],[[[-6.424478,43.555341],[-6.425062,43.554954],[-6.424971,43.555749],[-6.424478,43.555341]]],[[[-6.935314,43.571816],[-6.936067,43.571781],[-6.935632,43.572138],[-6.935314,43.571816]]],[[[-5.221834,43.480731],[-5.222359,43.480226],[-5.22261,43.480662],[-5.221834,43.480731]]],[[[-6.357461,43.55571],[-6.357943,43.555921],[-6.357427,43.55599],[-6.357461,43.55571]]],[[[-6.78258,43.566087],[-6.782465,43.565631],[-6.783122,43.565844],[-6.78258,43.566087]]],[[[-6.190887,43.581499],[-6.191397,43.581773],[-6.191148,43.581978],[-6.190887,43.581499]]],[[[-6.497676,43.554635],[-6.498197,43.554222],[-6.498188,43.554493],[-6.497676,43.554635]]],[[[-6.411967,43.558938],[-6.412509,43.55867],[-6.412194,43.559013],[-6.411967,43.558938]]],[[[-6.472944,43.570821],[-6.47326,43.570506],[-6.473755,43.570932],[-6.472944,43.570821]]],[[[-4.824842,43.440764],[-4.825373,43.440369],[-4.825654,43.440652],[-4.824842,43.440764]]],[[[-6.316943,43.564313],[-6.31722,43.563953],[-6.317437,43.564289],[-6.316943,43.564313]]],[[[-6.79297,43.56079],[-6.792217,43.560626],[-6.792809,43.560399],[-6.79297,43.56079]]],[[[-6.783595,43.566071],[-6.783981,43.565716],[-6.784262,43.56586],[-6.783595,43.566071]]],[[[-6.885504,43.567887],[-6.886152,43.567955],[-6.885224,43.568356],[-6.885504,43.567887]]],[[[-4.830246,43.440507],[-4.83068,43.440149],[-4.830953,43.440568],[-4.830246,43.440507]]],[[[-6.482406,43.55475],[-6.483103,43.554387],[-6.482647,43.554842],[-6.482406,43.55475]]],[[[-6.876523,43.563781],[-6.877087,43.563509],[-6.876992,43.563963],[-6.876523,43.563781]]],[[[-6.987941,43.562228],[-6.988441,43.562111],[-6.988671,43.562598],[-6.987941,43.562228]]],[[[-6.34121,43.56049],[-6.341454,43.559979],[-6.341632,43.560289],[-6.34121,43.56049]]],[[[-6.138124,43.564783],[-6.13758,43.56505],[-6.13755,43.564952],[-6.138124,43.564783]]],[[[-5.780651,43.613705],[-5.779939,43.613047],[-5.780785,43.613657],[-5.780651,43.613705]]],[[[-6.475903,43.556407],[-6.475067,43.556513],[-6.475906,43.556029],[-6.475903,43.556407]]],[[[-6.787271,43.566841],[-6.787744,43.566492],[-6.787871,43.566731],[-6.787271,43.566841]]],[[[-6.77182,43.568262],[-6.772278,43.568066],[-6.772426,43.568251],[-6.77182,43.568262]]],[[[-6.29162,43.574274],[-6.29225,43.574238],[-6.291678,43.574434],[-6.29162,43.574274]]],[[[-6.751468,43.568338],[-6.751722,43.567844],[-6.751636,43.56845],[-6.751468,43.568338]]],[[[-6.704467,43.563733],[-6.705227,43.563609],[-6.704489,43.563894],[-6.704467,43.563733]]],[[[-6.444166,43.563671],[-6.444853,43.563344],[-6.44376,43.564142],[-6.444166,43.563671]]],[[[-5.864692,43.66475],[-5.865313,43.664248],[-5.864758,43.664829],[-5.864692,43.66475]]],[[[-5.861052,43.666183],[-5.861509,43.666414],[-5.860991,43.666481],[-5.861052,43.666183]]],[[[-6.852552,43.567852],[-6.852921,43.567425],[-6.853095,43.567626],[-6.852552,43.567852]]],[[[-6.384398,43.557679],[-6.384884,43.557502],[-6.384679,43.557824],[-6.384398,43.557679]]],[[[-6.508707,43.549965],[-6.509315,43.549776],[-6.508324,43.550391],[-6.508707,43.549965]]],[[[-6.149859,43.570898],[-6.150174,43.570304],[-6.150269,43.570922],[-6.149859,43.570898]]],[[[-6.856368,43.569055],[-6.856799,43.568627],[-6.856891,43.568713],[-6.856368,43.569055]]],[[[-6.659463,43.567669],[-6.659144,43.567302],[-6.659564,43.567495],[-6.659463,43.567669]]],[[[-6.381703,43.557741],[-6.38239,43.55763],[-6.381835,43.55789],[-6.381703,43.557741]]],[[[-4.556201,43.395229],[-4.556365,43.394876],[-4.556744,43.395204],[-4.556201,43.395229]]],[[[-6.773649,43.568597],[-6.774088,43.568493],[-6.774226,43.568911],[-6.773649,43.568597]]],[[[-6.39857,43.559806],[-6.399209,43.559724],[-6.398413,43.56009],[-6.39857,43.559806]]],[[[-6.483261,43.553905],[-6.483204,43.553564],[-6.48361,43.553516],[-6.483261,43.553905]]],[[[-5.889455,43.628967],[-5.889981,43.629089],[-5.889449,43.629112],[-5.889455,43.628967]]],[[[-4.776991,43.433081],[-4.777042,43.432702],[-4.777528,43.432838],[-4.776991,43.433081]]],[[[-6.323914,43.563651],[-6.324255,43.563317],[-6.324215,43.563948],[-6.323914,43.563651]]],[[[-6.746701,43.567342],[-6.747099,43.566969],[-6.747004,43.567629],[-6.746701,43.567342]]],[[[-6.871029,43.567127],[-6.871497,43.567075],[-6.871122,43.567223],[-6.871029,43.567127]]],[[[-6.957982,43.567953],[-6.958244,43.567601],[-6.958395,43.568208],[-6.957982,43.567953]]],[[[-6.085848,43.563596],[-6.08638,43.563339],[-6.086035,43.563861],[-6.085848,43.563596]]],[[[-6.191274,43.582497],[-6.190884,43.582148],[-6.191467,43.582158],[-6.191274,43.582497]]],[[[-6.764383,43.571109],[-6.764839,43.571085],[-6.764209,43.571511],[-6.764383,43.571109]]],[[[-6.780524,43.569432],[-6.781021,43.569263],[-6.781181,43.569446],[-6.780524,43.569432]]],[[[-6.287668,43.572875],[-6.288004,43.572451],[-6.288058,43.572774],[-6.287668,43.572875]]],[[[-6.208626,43.585546],[-6.208624,43.584874],[-6.208974,43.58519],[-6.208626,43.585546]]],[[[-6.782838,43.570796],[-6.78335,43.570662],[-6.783252,43.570872],[-6.782838,43.570796]]],[[[-6.292396,43.575341],[-6.292653,43.574829],[-6.292859,43.575192],[-6.292396,43.575341]]],[[[-6.663203,43.567676],[-6.663553,43.567322],[-6.663666,43.567553],[-6.663203,43.567676]]],[[[-6.32706,43.562992],[-6.327633,43.563056],[-6.327108,43.56318],[-6.32706,43.562992]]],[[[-6.748554,43.566471],[-6.748791,43.566697],[-6.748586,43.566785],[-6.748554,43.566471]]],[[[-6.30485,43.564843],[-6.305215,43.564499],[-6.305293,43.564803],[-6.30485,43.564843]]],[[[-6.344622,43.558616],[-6.345092,43.558369],[-6.345228,43.55859],[-6.344622,43.558616]]],[[[-6.807396,43.559644],[-6.806764,43.55944],[-6.807461,43.559497],[-6.807396,43.559644]]],[[[-4.575361,43.395525],[-4.5758,43.395807],[-4.575492,43.395838],[-4.575361,43.395525]]],[[[-4.763578,43.426013],[-4.763435,43.425772],[-4.763909,43.425936],[-4.763578,43.426013]]],[[[-6.476222,43.571631],[-6.476292,43.571341],[-6.476499,43.571496],[-6.476222,43.571631]]],[[[-6.942718,43.574063],[-6.943218,43.574136],[-6.942911,43.574362],[-6.942718,43.574063]]],[[[-6.807819,43.5589],[-6.808481,43.558401],[-6.80866,43.558485],[-6.807819,43.5589]]],[[[-6.398824,43.566299],[-6.399222,43.565882],[-6.399234,43.566098],[-6.398824,43.566299]]],[[[-6.321709,43.5652],[-6.322065,43.564929],[-6.322212,43.565123],[-6.321709,43.5652]]],[[[-6.266483,43.581649],[-6.266917,43.58143],[-6.266838,43.581783],[-6.266483,43.581649]]],[[[-5.880341,43.63098],[-5.880052,43.630645],[-5.880397,43.630601],[-5.880341,43.63098]]],[[[-4.846532,43.446143],[-4.84662,43.445809],[-4.846836,43.445985],[-4.846532,43.446143]]],[[[-6.44071,43.561245],[-6.440293,43.561096],[-6.440874,43.560871],[-6.44071,43.561245]]],[[[-6.43202,43.554952],[-6.432111,43.555246],[-6.431769,43.555329],[-6.43202,43.554952]]],[[[-6.872471,43.566439],[-6.872827,43.566193],[-6.872823,43.566715],[-6.872471,43.566439]]],[[[-6.391504,43.559656],[-6.392181,43.559357],[-6.391517,43.559872],[-6.391504,43.559656]]],[[[-6.807316,43.557981],[-6.807821,43.557748],[-6.807836,43.55799],[-6.807316,43.557981]]],[[[-6.866424,43.5712],[-6.86683,43.571159],[-6.866423,43.571371],[-6.866424,43.5712]]],[[[-4.562738,43.393969],[-4.563039,43.393677],[-4.563266,43.393881],[-4.562738,43.393969]]],[[[-6.89154,43.572588],[-6.892004,43.572491],[-6.891447,43.572879],[-6.89154,43.572588]]],[[[-6.942363,43.573751],[-6.942609,43.573347],[-6.942931,43.573723],[-6.942363,43.573751]]],[[[-6.398496,43.560699],[-6.398901,43.560399],[-6.398803,43.560645],[-6.398496,43.560699]]],[[[-5.786085,43.616256],[-5.786766,43.616239],[-5.786103,43.616372],[-5.786085,43.616256]]],[[[-4.783362,43.433342],[-4.782443,43.433158],[-4.783509,43.433294],[-4.783362,43.433342]]],[[[-6.300432,43.567609],[-6.300977,43.567611],[-6.300503,43.567778],[-6.300432,43.567609]]],[[[-6.776088,43.568598],[-6.776363,43.568444],[-6.776603,43.568707],[-6.776088,43.568598]]],[[[-6.037509,43.580324],[-6.037643,43.57979],[-6.037636,43.580393],[-6.037509,43.580324]]],[[[-4.565564,43.393931],[-4.565604,43.393552],[-4.565837,43.393963],[-4.565564,43.393931]]],[[[-6.626862,43.574292],[-6.62695,43.573902],[-6.627209,43.574281],[-6.626862,43.574292]]],[[[-6.40822,43.557925],[-6.408569,43.557743],[-6.408687,43.557857],[-6.40822,43.557925]]],[[[-6.948111,43.577757],[-6.948574,43.577633],[-6.948144,43.577882],[-6.948111,43.577757]]],[[[-6.803895,43.560075],[-6.804221,43.559758],[-6.804367,43.559916],[-6.803895,43.560075]]],[[[-6.390255,43.559891],[-6.390585,43.559386],[-6.390739,43.559471],[-6.390255,43.559891]]],[[[-4.642188,43.404661],[-4.64218,43.404346],[-4.642632,43.404636],[-4.642188,43.404661]]],[[[-6.800689,43.559034],[-6.800766,43.558482],[-6.800789,43.559048],[-6.800689,43.559034]]],[[[-4.845312,43.446676],[-4.845325,43.446271],[-4.845589,43.446446],[-4.845312,43.446676]]],[[[-6.160638,43.569825],[-6.160919,43.569521],[-6.161033,43.569797],[-6.160638,43.569825]]],[[[-6.795606,43.558794],[-6.796365,43.558661],[-6.795562,43.558885],[-6.795606,43.558794]]],[[[-6.392103,43.560178],[-6.392488,43.559762],[-6.392186,43.560329],[-6.392103,43.560178]]],[[[-6.794651,43.55897],[-6.794942,43.558672],[-6.79512,43.558945],[-6.794651,43.55897]]],[[[-6.777246,43.568496],[-6.777566,43.56827],[-6.777462,43.568777],[-6.777246,43.568496]]],[[[-6.407826,43.559719],[-6.407879,43.559339],[-6.408154,43.55961],[-6.407826,43.559719]]],[[[-6.295211,43.570866],[-6.295547,43.570451],[-6.295589,43.57054],[-6.295211,43.570866]]],[[[-6.833494,43.567827],[-6.833879,43.567643],[-6.833591,43.567986],[-6.833494,43.567827]]],[[[-6.781389,43.567225],[-6.781704,43.567115],[-6.781644,43.567351],[-6.781389,43.567225]]],[[[-6.367122,43.552463],[-6.367459,43.552516],[-6.367163,43.552759],[-6.367122,43.552463]]],[[[-4.568372,43.393613],[-4.568599,43.393331],[-4.568937,43.393497],[-4.568372,43.393613]]],[[[-6.166232,43.570706],[-6.166682,43.570801],[-6.166321,43.570992],[-6.166232,43.570706]]],[[[-4.559971,43.393926],[-4.559987,43.393602],[-4.560401,43.393857],[-4.559971,43.393926]]],[[[-7.021655,43.561125],[-7.021796,43.560823],[-7.022087,43.561092],[-7.021655,43.561125]]],[[[-6.395404,43.560755],[-6.395771,43.560456],[-6.395761,43.560718],[-6.395404,43.560755]]],[[[-6.433146,43.557133],[-6.433394,43.55691],[-6.433365,43.55728],[-6.433146,43.557133]]],[[[-4.575152,43.397023],[-4.575904,43.396949],[-4.575081,43.397123],[-4.575152,43.397023]]],[[[-6.396777,43.561174],[-6.397003,43.560789],[-6.397286,43.56097],[-6.396777,43.561174]]],[[[-6.29549,43.571668],[-6.295684,43.571365],[-6.295882,43.571585],[-6.29549,43.571668]]],[[[-7.022173,43.560531],[-7.022436,43.560207],[-7.022547,43.560392],[-7.022173,43.560531]]],[[[-6.476172,43.558938],[-6.476251,43.558575],[-6.47643,43.558678],[-6.476172,43.558938]]],[[[-6.02451,43.587368],[-6.024814,43.587],[-6.02497,43.58714],[-6.02451,43.587368]]],[[[-4.572156,43.394813],[-4.572075,43.394517],[-4.572536,43.394691],[-4.572156,43.394813]]],[[[-6.141895,43.566111],[-6.142186,43.565752],[-6.141983,43.56637],[-6.141895,43.566111]]],[[[-6.809285,43.558194],[-6.809588,43.557887],[-6.809633,43.558011],[-6.809285,43.558194]]],[[[-6.002743,43.580073],[-6.003066,43.57984],[-6.002868,43.580097],[-6.002743,43.580073]]],[[[-6.88599,43.56832],[-6.886425,43.568153],[-6.886009,43.568428],[-6.88599,43.56832]]],[[[-6.399462,43.560473],[-6.39953,43.560138],[-6.399826,43.560336],[-6.399462,43.560473]]],[[[-6.410696,43.559904],[-6.411071,43.559739],[-6.410941,43.560076],[-6.410696,43.559904]]],[[[-6.781577,43.566084],[-6.781693,43.565756],[-6.781803,43.565932],[-6.781577,43.566084]]],[[[-6.410982,43.559265],[-6.411397,43.559153],[-6.411139,43.559404],[-6.410982,43.559265]]],[[[-6.036794,43.583099],[-6.037158,43.582945],[-6.037052,43.583317],[-6.036794,43.583099]]],[[[-6.035256,43.583797],[-6.03566,43.583714],[-6.035733,43.583928],[-6.035256,43.583797]]],[[[-5.993285,43.57717],[-5.993078,43.576743],[-5.993522,43.576939],[-5.993285,43.57717]]],[[[-6.301229,43.567469],[-6.301511,43.567182],[-6.301611,43.567431],[-6.301229,43.567469]]],[[[-6.386208,43.558147],[-6.386498,43.557806],[-6.386536,43.558039],[-6.386208,43.558147]]],[[[-6.38096,43.558186],[-6.381114,43.557839],[-6.381176,43.558053],[-6.38096,43.558186]]],[[[-6.409152,43.559085],[-6.409306,43.558748],[-6.409381,43.558971],[-6.409152,43.559085]]],[[[-6.870015,43.568107],[-6.870585,43.567728],[-6.870082,43.568186],[-6.870015,43.568107]]],[[[-6.406723,43.557285],[-6.407261,43.55717],[-6.40739,43.557256],[-6.406723,43.557285]]],[[[-6.499401,43.553429],[-6.499633,43.553161],[-6.499704,43.553321],[-6.499401,43.553429]]],[[[-6.750794,43.568054],[-6.75109,43.568035],[-6.750828,43.568197],[-6.750794,43.568054]]],[[[-7.008383,43.558225],[-7.008797,43.55812],[-7.008823,43.558336],[-7.008383,43.558225]]],[[[-6.758881,43.566681],[-6.758606,43.566636],[-6.758806,43.566476],[-6.758881,43.566681]]],[[[-6.808261,43.55884],[-6.808638,43.558927],[-6.80827,43.558975],[-6.808261,43.55884]]],[[[-5.767103,43.599313],[-5.767052,43.599008],[-5.767328,43.599361],[-5.767103,43.599313]]],[[[-6.948611,43.576506],[-6.948895,43.576676],[-6.948466,43.576745],[-6.948611,43.576506]]],[[[-6.74486,43.567205],[-6.745229,43.566967],[-6.744958,43.567381],[-6.74486,43.567205]]],[[[-6.877803,43.564439],[-6.878082,43.564349],[-6.878225,43.564461],[-6.877803,43.564439]]],[[[-5.012837,43.460642],[-5.012951,43.460361],[-5.013128,43.460484],[-5.012837,43.460642]]],[[[-6.801186,43.557168],[-6.801595,43.556974],[-6.801664,43.557089],[-6.801186,43.557168]]],[[[-6.432584,43.55552],[-6.433007,43.555328],[-6.432594,43.5557],[-6.432584,43.55552]]],[[[-6.81588,43.559167],[-6.816347,43.559116],[-6.815877,43.559329],[-6.81588,43.559167]]],[[[-5.839118,43.662399],[-5.839572,43.662298],[-5.839086,43.662508],[-5.839118,43.662399]]],[[[-6.443529,43.563573],[-6.443521,43.563222],[-6.443754,43.563395],[-6.443529,43.563573]]],[[[-6.394386,43.560489],[-6.394821,43.560287],[-6.394794,43.560467],[-6.394386,43.560489]]],[[[-6.770812,43.567989],[-6.771107,43.567754],[-6.77119,43.567886],[-6.770812,43.567989]]],[[[-6.363976,43.553105],[-6.364206,43.553017],[-6.364124,43.553326],[-6.363976,43.553105]]],[[[-6.789654,43.558262],[-6.790042,43.55833],[-6.789638,43.558398],[-6.789654,43.558262]]],[[[-6.295988,43.570808],[-6.296056,43.570463],[-6.296223,43.57081],[-6.295988,43.570808]]],[[[-6.308317,43.567111],[-6.308464,43.566845],[-6.308632,43.566976],[-6.308317,43.567111]]],[[[-6.783476,43.562204],[-6.784054,43.562148],[-6.784123,43.562254],[-6.783476,43.562204]]],[[[-6.310576,43.567883],[-6.31086,43.56764],[-6.310932,43.567827],[-6.310576,43.567883]]],[[[-7.009937,43.556739],[-7.010374,43.556616],[-7.010419,43.55674],[-7.009937,43.556739]]],[[[-6.783697,43.562971],[-6.784021,43.562807],[-6.784164,43.562901],[-6.783697,43.562971]]],[[[-6.80847,43.557438],[-6.80906,43.557373],[-6.808489,43.557536],[-6.80847,43.557438]]],[[[-6.308528,43.567564],[-6.308933,43.567507],[-6.308658,43.567686],[-6.308528,43.567564]]],[[[-4.570594,43.394573],[-4.570921,43.394317],[-4.570987,43.394496],[-4.570594,43.394573]]],[[[-6.338795,43.559804],[-6.33927,43.559664],[-6.338488,43.560074],[-6.338795,43.559804]]],[[[-6.291185,43.572423],[-6.291554,43.572376],[-6.291477,43.572567],[-6.291185,43.572423]]],[[[-6.445558,43.563116],[-6.44602,43.562967],[-6.446052,43.563083],[-6.445558,43.563116]]],[[[-6.171318,43.569935],[-6.171219,43.569478],[-6.171471,43.569552],[-6.171318,43.569935]]],[[[-6.139422,43.566188],[-6.139802,43.566105],[-6.13958,43.566355],[-6.139422,43.566188]]],[[[-6.37929,43.558567],[-6.379678,43.558421],[-6.37966,43.55853],[-6.37929,43.558567]]],[[[-6.022395,43.586929],[-6.0226,43.586572],[-6.022521,43.586962],[-6.022395,43.586929]]],[[[-6.106879,43.563494],[-6.107118,43.563074],[-6.106981,43.563546],[-6.106879,43.563494]]],[[[-6.194521,43.577139],[-6.194801,43.57705],[-6.19475,43.577259],[-6.194521,43.577139]]],[[[-6.784192,43.564935],[-6.784401,43.564712],[-6.784477,43.564943],[-6.784192,43.564935]]],[[[-6.301469,43.565958],[-6.301703,43.565717],[-6.301762,43.565896],[-6.301469,43.565958]]],[[[-6.433231,43.556446],[-6.433559,43.556328],[-6.433441,43.556656],[-6.433231,43.556446]]],[[[-6.322358,43.56619],[-6.322571,43.566013],[-6.322606,43.56621],[-6.322358,43.56619]]],[[[-6.756115,43.56462],[-6.756442,43.564501],[-6.756386,43.564791],[-6.756115,43.56462]]],[[[-6.145398,43.565141],[-6.145716,43.564826],[-6.145524,43.565183],[-6.145398,43.565141]]],[[[-6.789797,43.558753],[-6.789927,43.558469],[-6.790169,43.558578],[-6.789797,43.558753]]],[[[-6.749212,43.5659],[-6.749531,43.565665],[-6.749612,43.56577],[-6.749212,43.5659]]],[[[-6.942623,43.574886],[-6.942958,43.574712],[-6.94269,43.574964],[-6.942623,43.574886]]],[[[-6.382079,43.558486],[-6.38235,43.558244],[-6.382337,43.558451],[-6.382079,43.558486]]],[[[-6.445365,43.562338],[-6.444858,43.562336],[-6.444779,43.562257],[-6.445365,43.562338]]],[[[-6.419082,43.560409],[-6.419079,43.56013],[-6.419316,43.560384],[-6.419082,43.560409]]],[[[-6.796663,43.559461],[-6.796819,43.559186],[-6.79687,43.559409],[-6.796663,43.559461]]],[[[-6.430141,43.553487],[-6.430564,43.553294],[-6.430195,43.553566],[-6.430141,43.553487]]],[[[-4.836181,43.442645],[-4.836573,43.442531],[-4.836613,43.44262],[-4.836181,43.442645]]],[[[-6.309032,43.567954],[-6.309316,43.567721],[-6.309396,43.567818],[-6.309032,43.567954]]],[[[-6.389921,43.560126],[-6.389743,43.559816],[-6.390061,43.559969],[-6.389921,43.560126]]],[[[-6.397641,43.560464],[-6.397999,43.560219],[-6.398127,43.560296],[-6.397641,43.560464]]],[[[-6.125206,43.561608],[-6.125154,43.561321],[-6.125385,43.561477],[-6.125206,43.561608]]],[[[-7.019995,43.558879],[-7.020516,43.558888],[-7.01995,43.558944],[-7.019995,43.558879]]],[[[-7.01373,43.556822],[-7.013854,43.556637],[-7.013949,43.55676],[-7.01373,43.556822]]],[[[-6.053238,43.575581],[-6.053153,43.575247],[-6.05355,43.575582],[-6.053238,43.575581]]],[[[-5.878487,43.630316],[-5.878647,43.630024],[-5.878721,43.630283],[-5.878487,43.630316]]],[[[-6.400028,43.56394],[-6.4001,43.563668],[-6.400246,43.563853],[-6.400028,43.56394]]],[[[-6.440197,43.559415],[-6.440637,43.559095],[-6.440129,43.559534],[-6.440197,43.559415]]],[[[-6.948068,43.577281],[-6.948441,43.577115],[-6.948122,43.57736],[-6.948068,43.577281]]],[[[-6.036995,43.584381],[-6.036732,43.584091],[-6.036967,43.584075],[-6.036995,43.584381]]],[[[-6.394291,43.560113],[-6.394298,43.559798],[-6.394509,43.560017],[-6.394291,43.560113]]],[[[-6.037319,43.581239],[-6.037169,43.580955],[-6.03758,43.581241],[-6.037319,43.581239]]],[[[-4.744065,43.418082],[-4.744231,43.417845],[-4.744287,43.418078],[-4.744065,43.418082]]],[[[-6.807329,43.558385],[-6.807551,43.55818],[-6.80778,43.558271],[-6.807329,43.558385]]],[[[-6.020565,43.587725],[-6.020945,43.587652],[-6.020448,43.587881],[-6.020565,43.587725]]],[[[-6.77131,43.569017],[-6.771553,43.568937],[-6.771611,43.56907],[-6.77131,43.569017]]],[[[-4.561902,43.393648],[-4.562194,43.393491],[-4.5622,43.393698],[-4.561902,43.393648]]],[[[-6.908934,43.5685],[-6.909161,43.568195],[-6.909203,43.568266],[-6.908934,43.5685]]],[[[-6.884905,43.567817],[-6.88504,43.567615],[-6.885261,43.567778],[-6.884905,43.567817]]],[[[-4.575828,43.396401],[-4.576305,43.396241],[-4.576332,43.396331],[-4.575828,43.396401]]],[[[-6.855763,43.569661],[-6.855891,43.569341],[-6.855999,43.569482],[-6.855763,43.569661]]],[[[-6.268628,43.582371],[-6.268915,43.582174],[-6.268931,43.582245],[-6.268628,43.582371]]],[[[-6.956268,43.564474],[-6.956632,43.564353],[-6.956693,43.564531],[-6.956268,43.564474]]],[[[-6.420139,43.554579],[-6.420377,43.554419],[-6.420373,43.554563],[-6.420139,43.554579]]],[[[-6.872292,43.565959],[-6.872464,43.566133],[-6.872263,43.566086],[-6.872292,43.565959]]],[[[-6.818001,43.561333],[-6.818231,43.561046],[-6.818311,43.561143],[-6.818001,43.561333]]],[[[-6.339907,43.561113],[-6.340018,43.560885],[-6.340167,43.561106],[-6.339907,43.561113]]],[[[-6.396197,43.561641],[-6.396356,43.561393],[-6.396513,43.561542],[-6.396197,43.561641]]],[[[-6.819049,43.564575],[-6.819134,43.564356],[-6.81932,43.564566],[-6.819049,43.564575]]],[[[-6.190591,43.58293],[-6.190864,43.582688],[-6.190716,43.582945],[-6.190591,43.58293]]],[[[-5.880504,43.631264],[-5.880933,43.631172],[-5.880508,43.631354],[-5.880504,43.631264]]],[[[-5.890263,43.629019],[-5.890305,43.628604],[-5.890419,43.628664],[-5.890263,43.629019]]],[[[-6.127122,43.560592],[-6.127362,43.560216],[-6.127176,43.56069],[-6.127122,43.560592]]],[[[-6.371543,43.558932],[-6.371829,43.558951],[-6.371616,43.559119],[-6.371543,43.558932]]],[[[-6.153362,43.569225],[-6.153611,43.569002],[-6.153464,43.569276],[-6.153362,43.569225]]],[[[-5.915193,43.623452],[-5.915511,43.623354],[-5.915201,43.623605],[-5.915193,43.623452]]],[[[-4.77793,43.433048],[-4.778136,43.432928],[-4.778424,43.433058],[-4.77793,43.433048]]],[[[-6.605949,43.565843],[-6.605738,43.565616],[-6.606072,43.565821],[-6.605949,43.565843]]],[[[-6.162208,43.569773],[-6.162463,43.569685],[-6.162194,43.56998],[-6.162208,43.569773]]],[[[-5.837207,43.664743],[-5.837584,43.66458],[-5.837286,43.66484],[-5.837207,43.664743]]],[[[-6.284995,43.572916],[-6.285411,43.572823],[-6.285478,43.572911],[-6.284995,43.572916]]],[[[-6.397708,43.560768],[-6.398097,43.560639],[-6.398128,43.560746],[-6.397708,43.560768]]],[[[-6.947492,43.574726],[-6.947925,43.574531],[-6.947535,43.574815],[-6.947492,43.574726]]],[[[-4.739089,43.416852],[-4.739367,43.416659],[-4.739287,43.416885],[-4.739089,43.416852]]],[[[-6.860447,43.568359],[-6.860953,43.568324],[-6.860453,43.568449],[-6.860447,43.568359]]],[[[-6.846808,43.565551],[-6.847086,43.565434],[-6.846881,43.565711],[-6.846808,43.565551]]],[[[-6.381639,43.557481],[-6.381848,43.557241],[-6.381883,43.557411],[-6.381639,43.557481]]],[[[-6.784332,43.563814],[-6.784332,43.563607],[-6.784505,43.563808],[-6.784332,43.563814]]],[[[-6.831795,43.566624],[-6.832044,43.566444],[-6.832077,43.566569],[-6.831795,43.566624]]],[[[-6.036547,43.58017],[-6.036792,43.579857],[-6.036917,43.579881],[-6.036547,43.58017]]],[[[-6.322121,43.564819],[-6.322331,43.564579],[-6.322342,43.564777],[-6.322121,43.564819]]],[[[-6.762404,43.56679],[-6.762672,43.566709],[-6.762434,43.566861],[-6.762404,43.56679]]],[[[-6.35005,43.553118],[-6.350086,43.552883],[-6.350289,43.553183],[-6.35005,43.553118]]],[[[-6.418392,43.560907],[-6.418544,43.56074],[-6.418653,43.560917],[-6.418392,43.560907]]],[[[-5.86863,43.633634],[-5.868811,43.633269],[-5.868924,43.633311],[-5.86863,43.633634]]],[[[-6.747473,43.567011],[-6.747494,43.566758],[-6.747635,43.567024],[-6.747473,43.567011]]],[[[-6.166306,43.573063],[-6.166488,43.57277],[-6.166524,43.572967],[-6.166306,43.573063]]],[[[-6.320686,43.565959],[-6.320912,43.565791],[-6.32092,43.565944],[-6.320686,43.565959]]],[[[-6.819539,43.564298],[-6.819731,43.56421],[-6.819919,43.564438],[-6.819539,43.564298]]],[[[-6.372103,43.558763],[-6.372353,43.558584],[-6.372291,43.558802],[-6.372103,43.558763]]],[[[-5.859409,43.659795],[-5.859636,43.659628],[-5.859658,43.659816],[-5.859409,43.659795]]],[[[-6.027838,43.586785],[-6.028116,43.586894],[-6.02768,43.586852],[-6.027838,43.586785]]],[[[-6.357957,43.556397],[-6.358257,43.556227],[-6.358146,43.556455],[-6.357957,43.556397]]],[[[-6.106241,43.562638],[-6.106448,43.562579],[-6.106425,43.56284],[-6.106241,43.562638]]],[[[-6.171807,43.569588],[-6.171879,43.569298],[-6.171931,43.569584],[-6.171807,43.569588]]],[[[-6.019968,43.588191],[-6.020381,43.588018],[-6.019986,43.588289],[-6.019968,43.588191]]],[[[-5.968294,43.581217],[-5.968511,43.581094],[-5.968103,43.581375],[-5.968294,43.581217]]],[[[-6.627575,43.572964],[-6.627746,43.572724],[-6.627849,43.572784],[-6.627575,43.572964]]],[[[-6.855958,43.569222],[-6.856302,43.569175],[-6.856031,43.5694],[-6.855958,43.569222]]],[[[-6.188655,43.580274],[-6.188927,43.580032],[-6.188768,43.580307],[-6.188655,43.580274]]],[[[-5.834246,43.650572],[-5.83448,43.650278],[-5.834374,43.650659],[-5.834246,43.650572]]],[[[-6.988335,43.557514],[-6.988689,43.557439],[-6.988432,43.557673],[-6.988335,43.557514]]],[[[-6.331615,43.562508],[-6.331875,43.562284],[-6.331901,43.56232],[-6.331615,43.562508]]],[[[-6.410886,43.558664],[-6.411199,43.558493],[-6.411254,43.55859],[-6.410886,43.558664]]],[[[-6.870218,43.56973],[-6.870402,43.569507],[-6.870413,43.569678],[-6.870218,43.56973]]],[[[-6.419749,43.559075],[-6.419897,43.558845],[-6.41994,43.558952],[-6.419749,43.559075]]],[[[-6.35936,43.553799],[-6.359649,43.553665],[-6.359377,43.553889],[-6.35936,43.553799]]],[[[-6.408086,43.559063],[-6.408309,43.55884],[-6.40832,43.559047],[-6.408086,43.559063]]],[[[-6.153797,43.57114],[-6.153997,43.570936],[-6.153923,43.571191],[-6.153797,43.57114]]],[[[-6.853977,43.568056],[-6.854302,43.567919],[-6.853922,43.568166],[-6.853977,43.568056]]],[[[-6.439947,43.559368],[-6.440019,43.559114],[-6.440164,43.559281],[-6.439947,43.559368]]],[[[-6.626534,43.573366],[-6.626632,43.573138],[-6.626707,43.57336],[-6.626534,43.573366]]],[[[-6.173013,43.568258],[-6.173283,43.567989],[-6.173408,43.568004],[-6.173013,43.568258]]],[[[-6.418843,43.556626],[-6.419108,43.556492],[-6.419117,43.556645],[-6.418843,43.556626]]],[[[-6.371934,43.558164],[-6.372268,43.558164],[-6.371891,43.558283],[-6.371934,43.558164]]],[[[-6.290759,43.573254],[-6.291084,43.573299],[-6.290843,43.573423],[-6.290759,43.573254]]],[[[-6.302766,43.565228],[-6.303148,43.56519],[-6.302746,43.565318],[-6.302766,43.565228]]],[[[-6.024952,43.58778],[-6.025014,43.587535],[-6.025146,43.587684],[-6.024952,43.58778]]],[[[-6.027922,43.58771],[-6.028175,43.587577],[-6.028289,43.587637],[-6.027922,43.58771]]],[[[-6.291276,43.571376],[-6.291505,43.571252],[-6.291354,43.571436],[-6.291276,43.571376]]],[[[-6.089493,43.564173],[-6.089527,43.563866],[-6.089615,43.564134],[-6.089493,43.564173]]],[[[-6.275925,43.576472],[-6.275949,43.576237],[-6.276144,43.576402],[-6.275925,43.576472]]],[[[-6.034922,43.583815],[-6.034906,43.583491],[-6.035043,43.583757],[-6.034922,43.583815]]],[[[-6.397981,43.561219],[-6.398266,43.561012],[-6.398252,43.561202],[-6.397981,43.561219]]],[[[-6.338129,43.562084],[-6.338346,43.561987],[-6.338361,43.562041],[-6.338129,43.562084]]],[[[-5.770676,43.608599],[-5.771008,43.608546],[-5.770968,43.608745],[-5.770676,43.608599]]],[[[-6.02894,43.586782],[-6.028712,43.586672],[-6.029022,43.58669],[-6.02894,43.586782]]],[[[-6.409992,43.56015],[-6.410258,43.560025],[-6.410289,43.56015],[-6.409992,43.56015]]],[[[-6.951131,43.571107],[-6.951365,43.570901],[-6.951384,43.570999],[-6.951131,43.571107]]],[[[-5.862009,43.649268],[-5.862424,43.649132],[-5.861976,43.649368],[-5.862009,43.649268]]],[[[-6.424262,43.555905],[-6.424435,43.555675],[-6.424495,43.555862],[-6.424262,43.555905]]],[[[-6.08998,43.564016],[-6.090118,43.563796],[-6.090128,43.564003],[-6.08998,43.564016]]],[[[-6.277168,43.575185],[-6.277498,43.575103],[-6.27754,43.575201],[-6.277168,43.575185]]],[[[-6.784381,43.56419],[-6.784454,43.563972],[-6.784541,43.564185],[-6.784381,43.56419]]],[[[-5.879049,43.630653],[-5.879423,43.630445],[-5.879489,43.630534],[-5.879049,43.630653]]],[[[-6.03796,43.581906],[-6.038087,43.581723],[-6.038206,43.581881],[-6.03796,43.581906]]],[[[-6.811223,43.556131],[-6.811006,43.556228],[-6.810978,43.555977],[-6.811223,43.556131]]],[[[-6.784375,43.563308],[-6.784635,43.563309],[-6.784452,43.563549],[-6.784375,43.563308]]],[[[-6.19442,43.578745],[-6.19463,43.578505],[-6.194721,43.578583],[-6.19442,43.578745]]],[[[-6.86781,43.569829],[-6.868019,43.569813],[-6.867684,43.569996],[-6.86781,43.569829]]],[[[-6.367542,43.558897],[-6.36777,43.558765],[-6.36762,43.558958],[-6.367542,43.558897]]],[[[-6.275673,43.577983],[-6.275886,43.577805],[-6.275945,43.577975],[-6.275673,43.577983]]],[[[-6.388643,43.559183],[-6.388854,43.558969],[-6.388897,43.559076],[-6.388643,43.559183]]],[[[-6.440424,43.559714],[-6.440506,43.559415],[-6.44062,43.559456],[-6.440424,43.559714]]],[[[-6.62788,43.572684],[-6.628179,43.572503],[-6.628222,43.572592],[-6.62788,43.572684]]],[[[-5.834606,43.650059],[-5.834719,43.649822],[-5.834725,43.649957],[-5.834606,43.650059]]],[[[-5.012921,43.459839],[-5.013001,43.459613],[-5.013176,43.4597],[-5.012921,43.459839]]],[[[-6.087642,43.564295],[-6.087406,43.564031],[-6.087555,43.564045],[-6.087642,43.564295]]],[[[-6.816785,43.560932],[-6.817046,43.560744],[-6.81716,43.560794],[-6.816785,43.560932]]],[[[-6.812371,43.557452],[-6.812692,43.55745],[-6.812403,43.557577],[-6.812371,43.557452]]],[[[-6.433359,43.555857],[-6.433524,43.555717],[-6.433657,43.555884],[-6.433359,43.555857]]],[[[-5.896927,43.626869],[-5.89706,43.626542],[-5.897091,43.62691],[-5.896927,43.626869]]],[[[-5.866901,43.662957],[-5.86714,43.662762],[-5.866972,43.663135],[-5.866901,43.662957]]],[[[-5.863368,43.649702],[-5.863597,43.649561],[-5.863615,43.649669],[-5.863368,43.649702]]],[[[-6.149537,43.571618],[-6.149663,43.571425],[-6.149685,43.571614],[-6.149537,43.571618]]],[[[-6.149707,43.57227],[-6.149947,43.57212],[-6.149738,43.572377],[-6.149707,43.57227]]],[[[-6.462182,43.569735],[-6.462516,43.569724],[-6.462185,43.569789],[-6.462182,43.569735]]],[[[-6.361594,43.553679],[-6.361755,43.553468],[-6.361823,43.553574],[-6.361594,43.553679]]],[[[-6.413247,43.559242],[-6.413471,43.559046],[-6.413373,43.559283],[-6.413247,43.559242]]],[[[-6.018509,43.58849],[-6.018609,43.588245],[-6.0187,43.588332],[-6.018509,43.58849]]],[[[-6.036052,43.580408],[-6.036251,43.580196],[-6.036341,43.580256],[-6.036052,43.580408]]],[[[-6.167524,43.569383],[-6.167674,43.569162],[-6.167799,43.569195],[-6.167524,43.569383]]],[[[-5.915163,43.608723],[-5.915451,43.608526],[-5.915156,43.608831],[-5.915163,43.608723]]],[[[-5.872081,43.633745],[-5.872156,43.633491],[-5.872165,43.633689],[-5.872081,43.633745]]],[[[-6.089708,43.563537],[-6.08977,43.563292],[-6.089937,43.563414],[-6.089708,43.563537]]],[[[-6.369923,43.559403],[-6.37006,43.559192],[-6.370072,43.559417],[-6.369923,43.559403]]],[[[-6.166965,43.572414],[-6.166967,43.572207],[-6.167105,43.572248],[-6.166965,43.572414]]],[[[-6.192316,43.582522],[-6.192627,43.582306],[-6.192418,43.582573],[-6.192316,43.582522]]],[[[-5.904492,43.625147],[-5.904736,43.625069],[-5.904486,43.625273],[-5.904492,43.625147]]],[[[-6.432615,43.555195],[-6.432578,43.554971],[-6.432748,43.555128],[-6.432615,43.555195]]],[[[-5.862769,43.663169],[-5.862858,43.662968],[-5.862966,43.663155],[-5.862769,43.663169]]],[[[-5.775742,43.609349],[-5.775896,43.609202],[-5.775901,43.60931],[-5.775742,43.609349]]],[[[-6.812315,43.556958],[-6.812686,43.556766],[-6.812295,43.557031],[-6.812315,43.556958]]],[[[-6.3719,43.559777],[-6.371962,43.559559],[-6.372077,43.559619],[-6.3719,43.559777]]],[[[-6.623356,43.571585],[-6.623556,43.571408],[-6.62367,43.571449],[-6.623356,43.571585]]],[[[-6.87438,43.564736],[-6.874566,43.564549],[-6.874647,43.564655],[-6.87438,43.564736]]],[[[-6.787825,43.557522],[-6.787959,43.557679],[-6.787741,43.557759],[-6.787825,43.557522]]],[[[-6.18077,43.566016],[-6.180986,43.565884],[-6.180745,43.566242],[-6.18077,43.566016]]],[[[-6.399642,43.559279],[-6.399819,43.559112],[-6.399849,43.559219],[-6.399642,43.559279]]],[[[-6.162127,43.570829],[-6.162112,43.570541],[-6.162236,43.570556],[-6.162127,43.570829]]],[[[-6.872478,43.565773],[-6.872603,43.565606],[-6.872676,43.565766],[-6.872478,43.565773]]],[[[-6.371947,43.557732],[-6.372137,43.557591],[-6.37218,43.557689],[-6.371947,43.557732]]],[[[-6.167537,43.569616],[-6.167716,43.569494],[-6.167794,43.569564],[-6.167537,43.569616]]],[[[-6.441839,43.560851],[-6.442028,43.560692],[-6.442046,43.5608],[-6.441839,43.560851]]],[[[-6.409646,43.559944],[-6.409956,43.559728],[-6.409973,43.559817],[-6.409646,43.559944]]],[[[-6.865225,43.570844],[-6.865323,43.570634],[-6.865347,43.570822],[-6.865225,43.570844]]],[[[-5.862522,43.643889],[-5.862585,43.643662],[-5.862735,43.643668],[-5.862522,43.643889]]],[[[-6.395952,43.56191],[-6.396078,43.561726],[-6.396108,43.561824],[-6.395952,43.56191]]],[[[-6.444918,43.563603],[-6.445271,43.563502],[-6.444896,43.563658],[-6.444918,43.563603]]],[[[-6.871883,43.566342],[-6.87204,43.566094],[-6.872093,43.566146],[-6.871883,43.566342]]],[[[-6.877666,43.564804],[-6.877628,43.564607],[-6.87782,43.564709],[-6.877666,43.564804]]],[[[-6.277657,43.574837],[-6.277735,43.574682],[-6.277777,43.57478],[-6.277657,43.574837]]],[[[-5.866257,43.643949],[-5.866445,43.643737],[-5.866491,43.643916],[-5.866257,43.643949]]],[[[-6.37052,43.559899],[-6.370658,43.559715],[-6.370714,43.55983],[-6.37052,43.559899]]],[[[-6.08016,43.566667],[-6.080134,43.566398],[-6.080271,43.566412],[-6.08016,43.566667]]],[[[-6.019702,43.588567],[-6.019728,43.588341],[-6.019855,43.588392],[-6.019702,43.588567]]],[[[-6.104958,43.562493],[-6.105091,43.562192],[-6.105082,43.562499],[-6.104958,43.562493]]],[[[-6.756532,43.564948],[-6.756715,43.564897],[-6.756549,43.565029],[-6.756532,43.564948]]],[[[-6.853452,43.567785],[-6.85354,43.567611],[-6.853669,43.567706],[-6.853452,43.567785]]],[[[-6.41886,43.559759],[-6.418986,43.559593],[-6.419077,43.559671],[-6.41886,43.559759]]],[[[-5.889744,43.627763],[-5.889991,43.627738],[-5.889699,43.627863],[-5.889744,43.627763]]],[[[-6.852312,43.566329],[-6.852485,43.566135],[-6.852494,43.566278],[-6.852312,43.566329]]],[[[-6.854577,43.571051],[-6.8548,43.570873],[-6.854725,43.571055],[-6.854577,43.571051]]],[[[-5.867154,43.662545],[-5.867167,43.662284],[-5.86725,43.662471],[-5.867154,43.662545]]],[[[-6.174852,43.569089],[-6.175073,43.569056],[-6.174883,43.569214],[-6.174852,43.569089]]],[[[-6.443896,43.561545],[-6.443984,43.561353],[-6.444063,43.561423],[-6.443896,43.561545]]],[[[-6.87552,43.56494],[-6.875724,43.564843],[-6.875587,43.565019],[-6.87552,43.56494]]],[[[-6.432112,43.554625],[-6.432313,43.554457],[-6.432355,43.554537],[-6.432112,43.554625]]],[[[-6.437485,43.559623],[-6.437499,43.559433],[-6.43768,43.559563],[-6.437485,43.559623]]],[[[-6.167162,43.569798],[-6.167268,43.569687],[-6.167533,43.569787],[-6.167162,43.569798]]],[[[-6.29614,43.571091],[-6.296278,43.570907],[-6.296346,43.571022],[-6.29614,43.571091]]],[[[-6.379335,43.558126],[-6.379459,43.557897],[-6.379535,43.55794],[-6.379335,43.558126]]],[[[-6.43741,43.559175],[-6.437638,43.559042],[-6.437622,43.559204],[-6.43741,43.559175]]],[[[-6.380229,43.559817],[-6.380181,43.55962],[-6.380371,43.559696],[-6.380229,43.559817]]],[[[-6.416944,43.558943],[-6.417093,43.558731],[-6.417135,43.55882],[-6.416944,43.558943]]],[[[-6.8477,43.564972],[-6.847888,43.565011],[-6.847689,43.56518],[-6.8477,43.564972]]],[[[-5.860304,43.655145],[-5.860507,43.654987],[-5.860561,43.655067],[-5.860304,43.655145]]],[[[-6.439799,43.560471],[-6.440056,43.560418],[-6.439881,43.560604],[-6.439799,43.560471]]],[[[-5.834726,43.649705],[-5.834654,43.649509],[-5.834845,43.649603],[-5.834726,43.649705]]],[[[-6.107561,43.562783],[-6.107703,43.562653],[-6.107663,43.562852],[-6.107561,43.562783]]],[[[-6.182773,43.565024],[-6.182996,43.564784],[-6.182825,43.565068],[-6.182773,43.565024]]],[[[-6.444403,43.561305],[-6.444645,43.561207],[-6.444431,43.561367],[-6.444403,43.561305]]],[[[-5.792918,43.633484],[-5.793072,43.633318],[-5.793081,43.633525],[-5.792918,43.633484]]],[[[-6.020749,43.587945],[-6.021021,43.587938],[-6.020976,43.588029],[-6.020749,43.587945]]],[[[-6.023294,43.588067],[-6.023398,43.58792],[-6.02342,43.588108],[-6.023294,43.588067]]],[[[-6.762954,43.568662],[-6.763021,43.568345],[-6.763004,43.56867],[-6.762954,43.568662]]],[[[-6.291387,43.573632],[-6.291603,43.573518],[-6.291562,43.573672],[-6.291387,43.573632]]],[[[-6.092359,43.561376],[-6.092358,43.561133],[-6.092455,43.56132],[-6.092359,43.561376]]],[[[-6.17081,43.569697],[-6.171027,43.569583],[-6.170876,43.569776],[-6.17081,43.569697]]],[[[-6.179475,43.567754],[-6.179472,43.567475],[-6.179597,43.567489],[-6.179475,43.567754]]],[[[-6.369317,43.558971],[-6.369444,43.558814],[-6.369499,43.558903],[-6.369317,43.558971]]],[[[-6.947788,43.575085],[-6.947678,43.574918],[-6.94789,43.574947],[-6.947788,43.575085]]],[[[-6.370439,43.560216],[-6.370553,43.560051],[-6.370608,43.560139],[-6.370439,43.560216]]],[[[-6.139886,43.565815],[-6.139876,43.565617],[-6.140013,43.565631],[-6.139886,43.565815]]],[[[-6.8715,43.566355],[-6.871676,43.566394],[-6.871567,43.566443],[-6.8715,43.566355]]],[[[-5.863704,43.64946],[-5.863694,43.649253],[-5.863832,43.649276],[-5.863704,43.64946]]],[[[-6.434495,43.557336],[-6.434702,43.557275],[-6.434647,43.557403],[-6.434495,43.557336]]],[[[-5.863733,43.661533],[-5.863563,43.661357],[-5.863803,43.66145],[-5.863733,43.661533]]],[[[-6.16703,43.570117],[-6.167238,43.570066],[-6.16706,43.570206],[-6.16703,43.570117]]],[[[-5.864677,43.66548],[-5.864484,43.665331],[-5.864735,43.665397],[-5.864677,43.66548]]],[[[-6.091756,43.562176],[-6.091805,43.561923],[-6.091864,43.562119],[-6.091756,43.562176]]],[[[-6.105775,43.5632],[-6.105618,43.563051],[-6.105857,43.563126],[-6.105775,43.5632]]],[[[-6.034598,43.585003],[-6.034524,43.584762],[-6.034669,43.584938],[-6.034598,43.585003]]],[[[-6.166978,43.571487],[-6.166867,43.571247],[-6.167035,43.571386],[-6.166978,43.571487]]],[[[-6.032726,43.584728],[-6.032629,43.584524],[-6.032834,43.584653],[-6.032726,43.584728]]],[[[-6.440726,43.559795],[-6.440929,43.559663],[-6.440935,43.559771],[-6.440726,43.559795]]],[[[-6.443648,43.560013],[-6.443812,43.559846],[-6.443867,43.559943],[-6.443648,43.560013]]],[[[-6.867053,43.570575],[-6.867141,43.570401],[-6.867222,43.570516],[-6.867053,43.570575]]],[[[-6.175507,43.568603],[-6.175702,43.568543],[-6.175549,43.568692],[-6.175507,43.568603]]],[[[-5.859246,43.6569],[-5.859461,43.656724],[-5.859587,43.656757],[-5.859246,43.6569]]],[[[-6.089484,43.56375],[-6.089513,43.563587],[-6.089727,43.563672],[-6.089484,43.56375]]],[[[-6.1772,43.568763],[-6.17744,43.568621],[-6.177589,43.568635],[-6.1772,43.568763]]],[[[-6.444123,43.560962],[-6.444389,43.560855],[-6.444126,43.561007],[-6.444123,43.560962]]],[[[-5.865302,43.66559],[-5.865219,43.665403],[-5.865398,43.665507],[-5.865302,43.66559]]],[[[-6.439271,43.559245],[-6.439078,43.559124],[-6.439429,43.559186],[-6.439271,43.559245]]],[[[-6.444931,43.562747],[-6.445146,43.562615],[-6.444911,43.562838],[-6.444931,43.562747]]],[[[-6.106813,43.558841],[-6.106889,43.558632],[-6.106937,43.558838],[-6.106813,43.558841]]],[[[-6.023675,43.587264],[-6.023742,43.587118],[-6.023866,43.587124],[-6.023675,43.587264]]],[[[-6.371229,43.559509],[-6.371294,43.559345],[-6.371348,43.559424],[-6.371229,43.559509]]],[[[-6.358695,43.553864],[-6.358786,43.553717],[-6.358925,43.553776],[-6.358695,43.553864]]],[[[-6.370325,43.559725],[-6.370267,43.559582],[-6.370441,43.559586],[-6.370325,43.559725]]],[[[-6.431164,43.553843],[-6.431342,43.553712],[-6.431398,43.553809],[-6.431164,43.553843]]],[[[-5.701096,43.574178],[-5.701298,43.574264],[-5.701138,43.574294],[-5.701096,43.574178]]],[[[-6.111434,43.558652],[-6.111495,43.558399],[-6.11153,43.558596],[-6.111434,43.558652]]],[[[-5.854794,43.6582],[-5.854698,43.658004],[-5.854835,43.65801],[-5.854794,43.6582]]],[[[-6.019094,43.588034],[-6.019059,43.587836],[-6.019196,43.58786],[-6.019094,43.588034]]],[[[-6.175933,43.569158],[-6.17586,43.568944],[-6.175985,43.568977],[-6.175933,43.569158]]],[[[-5.860517,43.660668],[-5.860749,43.660599],[-5.860766,43.660698],[-5.860517,43.660668]]],[[[-6.440287,43.561645],[-6.440491,43.56154],[-6.440498,43.561657],[-6.440287,43.561645]]],[[[-5.858386,43.656021],[-5.858539,43.655847],[-5.858617,43.655926],[-5.858386,43.656021]]],[[[-6.444113,43.563384],[-6.444001,43.563163],[-6.444143,43.563266],[-6.444113,43.563384]]],[[[-5.833676,43.654584],[-5.833478,43.654428],[-5.833687,43.654455],[-5.833676,43.654584]]],[[[-6.099737,43.560645],[-6.099653,43.560449],[-6.099802,43.560454],[-6.099737,43.560645]]],[[[-5.900311,43.628917],[-5.900402,43.628753],[-5.900401,43.628987],[-5.900311,43.628917]]],[[[-6.291002,43.57385],[-6.29122,43.573754],[-6.291178,43.57389],[-6.291002,43.57385]]],[[[-5.8811,43.631042],[-5.881142,43.63087],[-5.881266,43.630885],[-5.8811,43.631042]]],[[[-6.36966,43.559573],[-6.369787,43.559407],[-6.369686,43.559599],[-6.36966,43.559573]]],[[[-5.858059,43.656696],[-5.858138,43.656541],[-5.858264,43.656583],[-5.858059,43.656696]]],[[[-6.191087,43.580125],[-6.191265,43.579976],[-6.191189,43.580185],[-6.191087,43.580125]]],[[[-5.865128,43.664001],[-5.865094,43.663822],[-5.865258,43.66388],[-5.865128,43.664001]]],[[[-5.859047,43.655312],[-5.858988,43.655115],[-5.859125,43.65513],[-5.859047,43.655312]]],[[[-6.175147,43.569279],[-6.175349,43.56912],[-6.175176,43.569368],[-6.175147,43.569279]]],[[[-6.434272,43.557117],[-6.434479,43.557048],[-6.434424,43.557185],[-6.434272,43.557117]]],[[[-6.853175,43.570829],[-6.853335,43.570607],[-6.85328,43.570915],[-6.853175,43.570829]]],[[[-6.440189,43.56036],[-6.440406,43.560255],[-6.440255,43.56043],[-6.440189,43.56036]]],[[[-6.437581,43.560232],[-6.437499,43.560081],[-6.437665,43.560175],[-6.437581,43.560232]]],[[[-6.41734,43.558949],[-6.41749,43.558746],[-6.417531,43.558808],[-6.41734,43.558949]]],[[[-6.420077,43.558741],[-6.420117,43.558577],[-6.420246,43.558655],[-6.420077,43.558741]]],[[[-6.119042,43.558301],[-6.119133,43.558127],[-6.119178,43.558288],[-6.119042,43.558301]]],[[[-6.17789,43.568707],[-6.177905,43.568518],[-6.17803,43.568541],[-6.17789,43.568707]]],[[[-6.41902,43.561491],[-6.419133,43.561317],[-6.419199,43.561378],[-6.41902,43.561491]]],[[[-6.369716,43.559914],[-6.36987,43.559783],[-6.369878,43.559927],[-6.369716,43.559914]]],[[[-5.700728,43.573701],[-5.70087,43.573553],[-5.70096,43.573632],[-5.700728,43.573701]]],[[[-6.438258,43.560157],[-6.438224,43.559987],[-6.438354,43.560101],[-6.438258,43.560157]]],[[[-5.866887,43.663696],[-5.866902,43.663506],[-5.867004,43.663567],[-5.866887,43.663696]]],[[[-6.874656,43.564411],[-6.874821,43.56428],[-6.874876,43.564368],[-6.874656,43.564411]]],[[[-6.41157,43.558923],[-6.411573,43.55877],[-6.411655,43.558894],[-6.41157,43.558923]]],[[[-6.030361,43.589923],[-6.030503,43.589775],[-6.030544,43.589864],[-6.030361,43.589923]]],[[[-5.896628,43.627093],[-5.896682,43.626912],[-5.896725,43.627037],[-5.896628,43.627093]]],[[[-5.880648,43.63091],[-5.880625,43.630703],[-5.880751,43.630727],[-5.880648,43.63091]]],[[[-6.138946,43.565364],[-6.139142,43.565322],[-6.138851,43.565438],[-6.138946,43.565364]]],[[[-6.43868,43.559515],[-6.438866,43.559527],[-6.438649,43.559624],[-6.43868,43.559515]]],[[[-5.697196,43.573919],[-5.696924,43.573944],[-5.696922,43.573899],[-5.697196,43.573919]]],[[[-6.190738,43.580081],[-6.190917,43.579959],[-6.190828,43.580141],[-6.190738,43.580081]]],[[[-6.412711,43.558961],[-6.412752,43.558807],[-6.41283,43.558876],[-6.412711,43.558961]]],[[[-5.86313,43.653553],[-5.863245,43.653361],[-5.863335,43.653431],[-5.86313,43.653553]]],[[[-6.370889,43.559195],[-6.371006,43.559074],[-6.371012,43.559182],[-6.370889,43.559195]]],[[[-6.872193,43.566548],[-6.872246,43.566411],[-6.872274,43.566455],[-6.872193,43.566548]]],[[[-6.87472,43.564625],[-6.874862,43.564521],[-6.874797,43.564677],[-6.87472,43.564625]]],[[[-6.139123,43.565665],[-6.139178,43.565528],[-6.139304,43.56557],[-6.139123,43.565665]]],[[[-6.080691,43.566383],[-6.080808,43.566262],[-6.080801,43.566362],[-6.080691,43.566383]]],[[[-5.861419,43.66557],[-5.86141,43.665381],[-5.861556,43.665576],[-5.861419,43.66557]]],[[[-6.024681,43.586571],[-6.024723,43.586426],[-6.024872,43.586431],[-6.024681,43.586571]]],[[[-6.105079,43.562922],[-6.105056,43.562716],[-6.105182,43.562757],[-6.105079,43.562922]]],[[[-6.444278,43.56021],[-6.444267,43.560012],[-6.444333,43.560091],[-6.444278,43.56021]]],[[[-6.033647,43.588512],[-6.033776,43.588356],[-6.033877,43.588407],[-6.033647,43.588512]]],[[[-6.127988,43.561063],[-6.128117,43.560925],[-6.12809,43.561115],[-6.127988,43.561063]]],[[[-6.019399,43.587701],[-6.019503,43.587555],[-6.019618,43.587615],[-6.019399,43.587701]]],[[[-6.397777,43.561117],[-6.397894,43.560996],[-6.397933,43.561031],[-6.397777,43.561117]]],[[[-6.080833,43.566505],[-6.080976,43.566384],[-6.081078,43.566444],[-6.080833,43.566505]]],[[[-6.083206,43.567134],[-6.083062,43.566985],[-6.083188,43.567036],[-6.083206,43.567134]]],[[[-6.415601,43.561909],[-6.41568,43.561762],[-6.415734,43.561842],[-6.415601,43.561909]]],[[[-6.438043,43.559858],[-6.437922,43.55969],[-6.438059,43.559704],[-6.438043,43.559858]]],[[[-6.438239,43.5596],[-6.438318,43.559471],[-6.438361,43.559578],[-6.438239,43.5596]]],[[[-5.897294,43.626752],[-5.897465,43.626712],[-5.897186,43.626827],[-5.897294,43.626752]]],[[[-6.11176,43.558247],[-6.11189,43.558136],[-6.111862,43.558317],[-6.11176,43.558247]]],[[[-6.39134,43.560039],[-6.391457,43.559918],[-6.391499,43.560007],[-6.39134,43.560039]]],[[[-6.418342,43.558919],[-6.418383,43.558782],[-6.418485,43.558833],[-6.418342,43.558919]]],[[[-6.38158,43.557978],[-6.381724,43.557893],[-6.381719,43.558028],[-6.38158,43.557978]]],[[[-6.442709,43.560266],[-6.442689,43.560123],[-6.44283,43.560218],[-6.442709,43.560266]]],[[[-6.439352,43.561097],[-6.43927,43.560973],[-6.439396,43.560997],[-6.439352,43.561097]]],[[[-5.013255,43.460211],[-5.013164,43.460078],[-5.013316,43.460165],[-5.013255,43.460211]]],[[[-6.367616,43.556662],[-6.367785,43.556594],[-6.367731,43.556722],[-6.367616,43.556662]]],[[[-5.865511,43.664495],[-5.865602,43.664322],[-5.865607,43.66443],[-5.865511,43.664495]]],[[[-6.874982,43.56485],[-6.875074,43.564748],[-6.875104,43.564828],[-6.874982,43.56485]]],[[[-6.44484,43.562678],[-6.444844,43.562525],[-6.444937,43.562639],[-6.44484,43.562678]]],[[[-6.100079,43.56078],[-6.100245,43.560649],[-6.100168,43.560841],[-6.100079,43.56078]]],[[[-6.13547,43.564955],[-6.135617,43.564915],[-6.135361,43.565003],[-6.13547,43.564955]]],[[[-6.10669,43.558602],[-6.106734,43.558492],[-6.10687,43.558498],[-6.10669,43.558602]]],[[[-6.118708,43.558058],[-6.118844,43.558054],[-6.118676,43.558167],[-6.118708,43.558058]]],[[[-6.138727,43.565667],[-6.138882,43.565563],[-6.138863,43.565663],[-6.138727,43.565667]]],[[[-6.100863,43.560867],[-6.100829,43.560688],[-6.100907,43.560757],[-6.100863,43.560867]]],[[[-6.123338,43.560452],[-6.123341,43.560272],[-6.123396,43.560361],[-6.123338,43.560452]]],[[[-5.861881,43.64919],[-5.862023,43.649052],[-5.862112,43.649103],[-5.861881,43.64919]]],[[[-6.127938,43.561524],[-6.128054,43.561386],[-6.128027,43.561576],[-6.127938,43.561524]]],[[[-6.442364,43.560079],[-6.442282,43.559937],[-6.442422,43.560014],[-6.442364,43.560079]]],[[[-6.438764,43.559044],[-6.43882,43.558934],[-6.438877,43.559058],[-6.438764,43.559044]]],[[[-6.358985,43.553954],[-6.358965,43.55382],[-6.359079,43.553861],[-6.358985,43.553954]]],[[[-6.114949,43.557674],[-6.114993,43.557556],[-6.115073,43.557671],[-6.114949,43.557674]]],[[[-6.438761,43.559206],[-6.438832,43.559141],[-6.438884,43.559184],[-6.438761,43.559206]]],[[[-6.107518,43.562189],[-6.107388,43.562067],[-6.107513,43.562091],[-6.107518,43.562189]]],[[[-5.862849,43.66277],[-5.862743,43.66262],[-5.862856,43.662662],[-5.862849,43.66277]]],[[[-6.433434,43.557395],[-6.433564,43.557292],[-6.433544,43.557382],[-6.433434,43.557395]]],[[[-5.861791,43.66557],[-5.861873,43.66546],[-5.861916,43.665576],[-5.861791,43.66557]]],[[[-6.08298,43.566843],[-6.082923,43.566701],[-6.083026,43.566761],[-6.08298,43.566843]]],[[[-6.429847,43.553973],[-6.429901,43.553827],[-6.429967,43.553897],[-6.429847,43.553973]]],[[[-6.126451,43.560781],[-6.126332,43.56065],[-6.126445,43.560674],[-6.126451,43.560781]]],[[[-6.438581,43.559301],[-6.438765,43.559269],[-6.438767,43.559314],[-6.438581,43.559301]]],[[[-6.128008,43.560721],[-6.1281,43.560601],[-6.12811,43.56079],[-6.128008,43.560721]]],[[[-6.443929,43.562994],[-6.44391,43.562877],[-6.444023,43.562901],[-6.443929,43.562994]]],[[[-6.41716,43.558828],[-6.417308,43.558806],[-6.41719,43.558917],[-6.41716,43.558828]]],[[[-6.438673,43.557867],[-6.438652,43.557724],[-6.438743,43.557793],[-6.438673,43.557867]]],[[[-6.114926,43.557459],[-6.114981,43.557331],[-6.115047,43.557411],[-6.114926,43.557459]]],[[[-6.438633,43.557607],[-6.438626,43.557481],[-6.438704,43.557551],[-6.438633,43.557607]]],[[[-6.033386,43.588726],[-6.033428,43.588581],[-6.033481,43.588661],[-6.033386,43.588726]]],[[[-6.137649,43.565895],[-6.137607,43.565797],[-6.137775,43.565945],[-6.137649,43.565895]]],[[[-6.359146,43.553959],[-6.359295,43.553963],[-6.359163,43.554048],[-6.359146,43.553959]]],[[[-6.439059,43.559431],[-6.439064,43.559305],[-6.439129,43.559357],[-6.439059,43.559431]]],[[[-6.135447,43.565217],[-6.13538,43.565119],[-6.135517,43.565134],[-6.135447,43.565217]]],[[[-5.970282,43.580841],[-5.970302,43.580741],[-5.970404,43.580802],[-5.970282,43.580841]]],[[[-6.438614,43.559453],[-6.438523,43.559375],[-6.438663,43.559443],[-6.438614,43.559453]]],[[[-6.106411,43.562337],[-6.106529,43.562225],[-6.106547,43.562324],[-6.106411,43.562337]]],[[[-6.442877,43.559307],[-6.442983,43.559214],[-6.442964,43.559304],[-6.442877,43.559307]]],[[[-6.111603,43.55809],[-6.111546,43.557938],[-6.111623,43.557999],[-6.111603,43.55809]]],[[[-6.444364,43.560406],[-6.44442,43.560314],[-6.444437,43.560385],[-6.444364,43.560406]]],[[[-6.119154,43.558064],[-6.119174,43.557964],[-6.119276,43.558024],[-6.119154,43.558064]]],[[[-6.110339,43.557818],[-6.110458,43.557734],[-6.110463,43.557833],[-6.110339,43.557818]]],[[[-6.4403,43.560573],[-6.440295,43.560483],[-6.440357,43.56049],[-6.4403,43.560573]]],[[[-6.440136,43.560731],[-6.440204,43.56063],[-6.440246,43.560719],[-6.440136,43.560731]]],[[[-6.438872,43.559419],[-6.438867,43.55932],[-6.438932,43.559372],[-6.438872,43.559419]]],[[[-6.443055,43.559392],[-6.443063,43.559301],[-6.443103,43.559354],[-6.443055,43.559392]]],[[[-6.130585,43.560533],[-6.130556,43.560444],[-6.130694,43.560485],[-6.130585,43.560533]]],[[[-6.128432,43.561267],[-6.128377,43.56117],[-6.128503,43.561193],[-6.128432,43.561267]]],[[[-6.440173,43.560955],[-6.440244,43.560899],[-6.440247,43.560944],[-6.440173,43.560955]]],[[[-6.114831,43.557786],[-6.114915,43.557729],[-6.114944,43.557818],[-6.114831,43.557786]]],[[[-6.440205,43.560864],[-6.440251,43.560809],[-6.440292,43.560862],[-6.440205,43.560864]]]]}},{"type":"Feature","properties":{"name":"Valencia","country":"ES"},"geometry":{"type":"MultiPolygon","coordinates":[[[[-0.164957,40.788631],[-0.064699,40.727407],[0.015738,40.72843],[0.042175,40.691006],[0.112501,40.727137],[0.226115,40.733164],[0.236523,40.701683],[0.29184,40.688553],[0.267831,40.659001],[0.27883,40.630058],[0.401962,40.602381],[0.443944,40.578223],[0.437964,40.54706],[0.514702,40.523047],[0.417827,40.400591],[0.408446,40.357348],[0.264005,40.208554],[0.193657,40.173751],[0.147554,40.082915],[0.04806,40.033437],[-0.005156,39.91517],[-0.120805,39.814783],[-0.190217,39.719973],[-0.208146,39.643295],[-0.254326,39.620822],[-0.315716,39.523874],[-0.321261,39.463399],[-0.301967,39.449312],[-0.302212,39.433931],[-0.331347,39.459803],[-0.316616,39.443337],[-0.334426,39.433659],[-0.310093,39.428088],[-0.335721,39.424689],[-0.313287,39.353743],[-0.216281,39.186341],[-0.239464,39.174317],[-0.236341,39.136414],[-0.144286,38.995276],[-0.161136,38.992367],[-0.019756,38.874585],[0.1258,38.848596],[0.109504,38.845527],[0.197001,38.80447],[0.190243,38.773467],[0.224766,38.764284],[0.221653,38.758253],[0.223996,38.748964],[0.233986,38.737111],[0.182412,38.720781],[0.148607,38.679257],[0.098461,38.672841],[0.083863,38.631029],[-0.015885,38.626663],[-0.097558,38.523471],[-0.149821,38.535649],[-0.312168,38.477432],[-0.386648,38.43142],[-0.40384,38.352477],[-0.444264,38.36325],[-0.505697,38.332552],[-0.509724,38.202538],[-0.614815,38.172715],[-0.655702,37.983201],[-0.696742,37.969468],[-0.719825,37.911381],[-0.750021,37.898364],[-0.762393,37.846951],[-0.781708,37.844807],[-0.90018,37.923129],[-1.022599,38.07569],[-1.036762,38.13772],[-0.988546,38.199531],[-0.967677,38.27564],[-0.989153,38.320877],[-1.084384,38.346216],[-1.088062,38.367768],[-1.077206,38.43147],[-1.094162,38.437929],[-1.013645,38.49673],[-1.026062,38.522819],[-1.001569,38.572675],[-1.026933,38.655517],[-0.962466,38.656925],[-0.915793,38.695965],[-0.961429,38.774792],[-0.928938,38.783834],[-0.924537,38.891752],[-0.95941,38.944582],[-1.146654,38.929353],[-1.263903,39.045094],[-1.25572,39.10617],[-1.180826,39.211822],[-1.161889,39.305418],[-1.336645,39.333996],[-1.414679,39.380298],[-1.455104,39.360849],[-1.452737,39.398669],[-1.473305,39.391147],[-1.483252,39.42246],[-1.52172,39.432677],[-1.499153,39.50045],[-1.520665,39.549965],[-1.462082,39.576621],[-1.417932,39.654936],[-1.368535,39.689615],[-1.312827,39.670484],[-1.267904,39.691148],[-1.275409,39.738641],[-1.200044,39.858706],[-1.20362,39.949573],[-0.989381,39.981827],[-0.918505,39.962675],[-0.912788,39.873053],[-0.888574,39.852111],[-0.797695,39.881067],[-0.840423,39.92495],[-0.837795,39.976808],[-0.777646,39.998407],[-0.753621,40.046608],[-0.613589,40.070013],[-0.628533,40.102578],[-0.57864,40.137335],[-0.544187,40.251659],[-0.494515,40.228732],[-0.428072,40.243803],[-0.383626,40.264848],[-0.388637,40.306937],[-0.282026,40.36529],[-0.347355,40.44394],[-0.27264,40.473762],[-0.301837,40.515404],[-0.293286,40.611041],[-0.370483,40.613592],[-0.381126,40.66423],[-0.328818,40.680279],[-0.306998,40.659497],[-0.235991,40.691108],[-0.224034,40.754158],[-0.164957,40.788631]],[[-0.721554,37.920957],[-0.72107,37.921497],[-0.721342,37.921539],[-0.721554,37.920957]],[[0.086268,38.659488],[0.086537,38.659859],[0.086076,38.659547],[0.086268,38.659488]],[[-0.721011,37.920052],[-0.720743,37.920492],[-0.721101,37.92027],[-0.721011,37.920052]],[[0.231898,38.736457],[0.231714,38.736706],[0.23162,38.736663],[0.231898,38.736457]],[[0.155768,38.691811],[0.155944,38.691896],[0.155888,38.691916],[0.155768,38.691811]]],[[[-1.296524,40.210748],[-1.244592,40.115803],[-1.148034,40.114497],[-1.071772,40.051109],[-1.24683,39.995181],[-1.37686,40.016499],[-1.407597,40.101404],[-1.457235,40.135057],[-1.354597,40.129473],[-1.316589,40.149656],[-1.32299,40.184856],[-1.296524,40.210748]]],[[[-0.484339,38.166422],[-0.472034,38.166473],[-0.464887,38.163228],[-0.484339,38.166422]],[[-0.476769,38.166179],[-0.476419,38.166081],[-0.476469,38.166262],[-0.476769,38.166179]]],[[[0.683726,39.897287],[0.684474,39.89684],[0.686174,39.893444],[0.683726,39.897287]]],[[[0.228042,38.754183],[0.23157,38.75638],[0.23013,38.753481],[0.228042,38.754183]]],[[[-0.131267,38.504058],[-0.12903,38.501201],[-0.133016,38.502155],[-0.131267,38.504058]]],[[[0.216277,38.7277],[0.218131,38.726216],[0.215068,38.727409],[0.216277,38.7277]]],[[[0.670528,39.874802],[0.67244,39.875372],[0.671807,39.874248],[0.670528,39.874802]]],[[[0.669013,39.891972],[0.668192,39.891277],[0.668066,39.891984],[0.669013,39.891972]]],[[[-0.486331,38.16624],[-0.485117,38.1667],[-0.484581,38.166364],[-0.486331,38.16624]]],[[[-0.072954,38.537138],[-0.072585,38.536336],[-0.073445,38.536619],[-0.072954,38.537138]]],[[[-0.474718,38.161125],[-0.473591,38.161362],[-0.473694,38.16103],[-0.474718,38.161125]]],[[[0.691076,39.895666],[0.690527,39.8959],[0.690962,39.896372],[0.691076,39.895666]]],[[[-0.019184,38.617161],[-0.019966,38.616587],[-0.019685,38.617282],[-0.019184,38.617161]]],[[[-0.459192,38.161943],[-0.459611,38.161357],[-0.459858,38.161813],[-0.459192,38.161943]]],[[[0.671844,39.851938],[0.672448,39.85209],[0.672206,39.851494],[0.671844,39.851938]]],[[[0.689539,39.89513],[0.689083,39.894703],[0.689153,39.895124],[0.689539,39.89513]]],[[[0.672851,39.874972],[0.672559,39.874315],[0.672392,39.874473],[0.672851,39.874972]]],[[[0.670278,39.891797],[0.671108,39.891788],[0.670664,39.891361],[0.670278,39.891797]]],[[[0.667598,39.889117],[0.667855,39.889559],[0.667943,39.889241],[0.667598,39.889117]]],[[[-0.538296,38.186201],[-0.538458,38.186474],[-0.538253,38.18647],[-0.538296,38.186201]]],[[[-0.231053,39.159791],[-0.230477,39.160074],[-0.230151,39.159838],[-0.231053,39.159791]]],[[[0.67946,39.850795],[0.679232,39.851343],[0.679688,39.85113],[0.67946,39.850795]]],[[[-0.484574,38.164896],[-0.484758,38.164512],[-0.484965,38.164805],[-0.484574,38.164896]]],[[[0.234175,38.742809],[0.233826,38.742476],[0.233866,38.742853],[0.234175,38.742809]]],[[[0.224495,38.761571],[0.224126,38.761311],[0.224121,38.761455],[0.224495,38.761571]]],[[[0.670322,39.890435],[0.670265,39.890032],[0.670106,39.890334],[0.670322,39.890435]]],[[[0.679373,39.850474],[0.679132,39.850121],[0.679036,39.850295],[0.679373,39.850474]]],[[[-0.464613,38.162916],[-0.464411,38.163146],[-0.464241,38.162791],[-0.464613,38.162916]]],[[[-0.454632,38.162114],[-0.454947,38.161905],[-0.454938,38.162166],[-0.454632,38.162114]]],[[[0.231688,38.752369],[0.231203,38.752265],[0.231693,38.752486],[0.231688,38.752369]]],[[[0.670137,39.879093],[0.670083,39.878734],[0.669907,39.878938],[0.670137,39.879093]]],[[[0.674071,39.851201],[0.673899,39.850828],[0.673906,39.851179],[0.674071,39.851201]]],[[[-0.753303,37.872123],[-0.753547,37.871791],[-0.753469,37.872141],[-0.753303,37.872123]]],[[[-0.456656,38.161987],[-0.45696,38.161786],[-0.456897,38.161956],[-0.456656,38.161987]]],[[[0.673477,39.850796],[0.673437,39.85114],[0.673682,39.851132],[0.673477,39.850796]]],[[[-0.013878,38.624107],[-0.014218,38.623945],[-0.014212,38.624071],[-0.013878,38.624107]]],[[[0.671334,39.891655],[0.67127,39.891981],[0.671426,39.891832],[0.671334,39.891655]]],[[[-0.456041,38.161631],[-0.456158,38.161886],[-0.455923,38.161746],[-0.456041,38.161631]]],[[[0.197713,38.800005],[0.19751,38.800225],[0.197752,38.800194],[0.197713,38.800005]]],[[[0.690185,39.895397],[0.690537,39.895467],[0.690325,39.895177],[0.690185,39.895397]]],[[[0.673717,39.851293],[0.673877,39.851504],[0.674022,39.851373],[0.673717,39.851293]]],[[[0.674372,39.851137],[0.674582,39.851139],[0.674488,39.850899],[0.674372,39.851137]]],[[[0.672587,39.851851],[0.6728,39.851898],[0.67274,39.851657],[0.672587,39.851851]]],[[[-0.761119,37.849235],[-0.761239,37.849321],[-0.761152,37.849363],[-0.761119,37.849235]]],[[[0.674194,39.851305],[0.674329,39.851436],[0.674437,39.851261],[0.674194,39.851305]]],[[[-0.761061,37.848087],[-0.761151,37.847952],[-0.761136,37.848059],[-0.761061,37.848087]]],[[[-0.761021,37.848794],[-0.761047,37.848946],[-0.760976,37.848862],[-0.761021,37.848794]]],[[[-0.761177,37.848529],[-0.761197,37.84869],[-0.761131,37.848606],[-0.761177,37.848529]]]]}},{"type":"Feature","properties":{"name":"Melilla","country":"ES"},"geometry":{"type":"Polygon","coordinates":[[[-2.950577,35.265458],[-2.970316,35.288651],[-2.952625,35.320288],[-2.923292,35.290191],[-2.950577,35.265458]]]}},{"type":"Feature","properties":{"name":"Navarra","country":"ES"},"geometry":{"type":"MultiPolygon","coordinates":[[[[-1.783243,43.28682],[-1.624464,43.305768],[-1.60871,43.251993],[-1.575656,43.249939],[-1.564076,43.288783],[-1.535528,43.294932],[-1.384323,43.253673],[-1.381409,43.18968],[-1.414084,43.128303],[-1.473407,43.086635],[-1.441208,43.046354],[-1.354169,43.028124],[-1.332571,43.10762],[-1.270036,43.118262],[-1.308971,43.071173],[-1.262745,43.044023],[-1.212593,43.051687],[-1.141858,43.007372],[-1.114678,43.023929],[-0.945101,42.953445],[-0.755934,42.968054],[-0.72395,42.922363],[-0.819095,42.900669],[-0.818533,42.869367],[-0.856833,42.846885],[-0.847533,42.78592],[-0.865552,42.762854],[-0.900535,42.760466],[-0.948676,42.711452],[-1.027981,42.70006],[-1.051926,42.642594],[-1.152046,42.647884],[-1.157116,42.610891],[-1.179775,42.610624],[-1.158035,42.599154],[-1.20192,42.578239],[-1.202791,42.54966],[-1.270712,42.548941],[-1.293476,42.510955],[-1.27278,42.481899],[-1.341508,42.423938],[-1.359905,42.378039],[-1.329083,42.355385],[-1.399082,42.2913],[-1.41753,42.212368],[-1.391906,42.181418],[-1.398881,42.126219],[-1.352277,42.07307],[-1.310593,42.072313],[-1.304822,42.042949],[-1.418245,41.913583],[-1.559256,41.913944],[-1.654146,41.965351],[-1.715221,41.956963],[-1.766896,41.995789],[-1.833703,41.995065],[-1.901577,42.02968],[-1.902301,42.073863],[-1.832417,42.148231],[-1.719895,42.13344],[-1.679659,42.151689],[-1.700897,42.173124],[-1.679528,42.191144],[-1.872276,42.252669],[-1.870658,42.288966],[-1.99552,42.363608],[-2.089961,42.346971],[-2.07864,42.368126],[-2.111902,42.419956],[-2.175037,42.407766],[-2.288012,42.46736],[-2.345036,42.451301],[-2.400172,42.471785],[-2.423751,42.509632],[-2.392202,42.516952],[-2.396754,42.5991],[-2.421121,42.607124],[-2.453242,42.567108],[-2.499314,42.610475],[-2.415797,42.66268],[-2.37626,42.65071],[-2.381949,42.634296],[-2.288481,42.655069],[-2.324008,42.723772],[-2.262167,42.748461],[-2.281011,42.785134],[-2.233707,42.840506],[-2.25307,42.892774],[-2.235566,42.926608],[-2.210258,42.949912],[-2.117632,42.942246],[-2.095235,42.972553],[-2.038338,42.980994],[-2.022824,43.065193],[-1.901952,43.135854],[-1.920688,43.15063],[-1.914152,43.225171],[-1.881908,43.206788],[-1.867694,43.230502],[-1.860575,43.212089],[-1.794975,43.246929],[-1.783243,43.28682]]],[[[-1.096228,42.485665],[-1.054361,42.448804],[-1.05645,42.434323],[-1.129364,42.446722],[-1.096228,42.485665]]],[[[-1.148586,42.441036],[-1.158358,42.410017],[-1.187799,42.40303],[-1.182826,42.424591],[-1.148586,42.441036]]]]}},{"type":"Feature","properties":{"name":"Galicia","country":"ES"},"geometry":{"type":"MultiPolygon","coordinates":[[[[-7.681311,43.787267],[-7.66231,43.774811],[-7.701352,43.735614],[-7.636393,43.752974],[-7.606092,43.717768],[-7.614371,43.68127],[-7.598804,43.663431],[-7.576276,43.692995],[-7.584502,43.711841],[-7.523992,43.736781],[-7.514528,43.718926],[-7.468237,43.724206],[-7.478408,43.70879],[-7.448941,43.692649],[-7.436426,43.701104],[-7.357097,43.671212],[-7.294399,43.592338],[-7.245526,43.575171],[-7.271097,43.562576],[-7.255804,43.546906],[-7.236101,43.569148],[-7.034506,43.550003],[-7.04827,43.477076],[-7.101657,43.42748],[-7.172988,43.430413],[-7.182489,43.392459],[-7.127533,43.372599],[-7.131208,43.331348],[-7.100933,43.30381],[-7.059785,43.305335],[-7.061591,43.244048],[-6.971019,43.20425],[-6.980773,43.166546],[-6.957362,43.135477],[-6.885405,43.156801],[-6.868246,43.190022],[-6.821554,43.143243],[-6.871348,43.091209],[-6.938689,43.086512],[-6.997172,43.019483],[-6.961956,42.990718],[-6.957104,43.036778],[-6.910321,42.990138],[-6.864303,42.983483],[-6.836091,42.957764],[-6.824189,42.915061],[-6.847994,42.914325],[-6.814892,42.87082],[-6.871279,42.873841],[-6.840321,42.823365],[-6.86743,42.787174],[-7.045192,42.694765],[-7.004357,42.642872],[-7.047005,42.6327],[-7.033562,42.58409],[-7.069671,42.553949],[-7.077054,42.50819],[-6.978542,42.493253],[-6.932196,42.520544],[-6.822782,42.490856],[-6.814273,42.427354],[-6.842307,42.403617],[-6.733953,42.359111],[-6.741146,42.298663],[-6.803175,42.238667],[-6.78714,42.215724],[-6.878245,42.219519],[-7.033585,42.074235],[-6.974792,42.055157],[-6.961098,42.027906],[-7.006233,41.950511],[-7.073515,41.95031],[-7.140567,41.99083],[-7.177107,41.980031],[-7.18992,41.941755],[-7.173502,41.919537],[-7.19729,41.880058],[-7.315809,41.842838],[-7.367275,41.851684],[-7.427291,41.807478],[-7.4528,41.865141],[-7.502141,41.869633],[-7.521085,41.841921],[-7.613587,41.829276],[-7.586268,41.882027],[-7.653848,41.881373],[-7.701158,41.908055],[-7.844977,41.881534],[-7.876485,41.849469],[-7.892667,41.927261],[-7.920975,41.879024],[-7.980862,41.872366],[-8.013264,41.828817],[-8.16511,41.818272],[-8.170605,41.879047],[-8.199723,41.874019],[-8.217023,41.913629],[-8.082844,42.036065],[-8.118517,42.082111],[-8.182317,42.06686],[-8.199042,42.15441],[-8.331899,42.084204],[-8.523552,42.07845],[-8.556736,42.051402],[-8.637038,42.047069],[-8.663502,42.002209],[-8.871577,41.866326],[-8.87683,42.00244],[-8.88978,42.02616],[-8.88396,42.038288],[-8.885952,42.05041],[-8.896751,42.066814],[-8.891587,42.082248],[-8.900677,42.112287],[-8.851643,42.128282],[-8.826037,42.115079],[-8.820134,42.141377],[-8.850199,42.156514],[-8.82251,42.157081],[-8.81595,42.187464],[-8.797041,42.197876],[-8.779419,42.203621],[-8.777824,42.219941],[-8.775227,42.222134],[-8.712736,42.241054],[-8.661195,42.284884],[-8.610865,42.287513],[-8.612119,42.346196],[-8.628824,42.351082],[-8.660171,42.315866],[-8.660231,42.290756],[-8.731481,42.286692],[-8.792562,42.246345],[-8.813845,42.259443],[-8.855193,42.26141],[-8.873022,42.249981],[-8.873954,42.254137],[-8.868558,42.256053],[-8.862535,42.268946],[-8.855847,42.309798],[-8.831602,42.27809],[-8.816868,42.278688],[-8.818436,42.313518],[-8.839162,42.339125],[-8.791129,42.32704],[-8.755015,42.339918],[-8.73686,42.376605],[-8.651929,42.428369],[-8.68116,42.421068],[-8.695183,42.437681],[-8.70359,42.426963],[-8.741388,42.413646],[-8.748743,42.40323],[-8.757262,42.402351],[-8.76167,42.394396],[-8.770386,42.394362],[-8.774713,42.387662],[-8.813316,42.40117],[-8.838902,42.384274],[-8.880938,42.414848],[-8.871187,42.435262],[-8.883382,42.455528],[-8.897305,42.460868],[-8.913261,42.462339],[-8.928517,42.451025],[-8.941667,42.46343],[-8.936079,42.469121],[-8.937316,42.479337],[-8.890834,42.486542],[-8.889838,42.480994],[-8.891114,42.494809],[-8.884301,42.496862],[-8.881921,42.49937],[-8.87162,42.501205],[-8.869431,42.448054],[-8.819644,42.45177],[-8.830887,42.484334],[-8.80532,42.500797],[-8.826294,42.515328],[-8.81347,42.528944],[-8.828922,42.518453],[-8.825504,42.538836],[-8.836354,42.558671],[-8.818596,42.559272],[-8.834868,42.564788],[-8.772215,42.59324],[-8.779003,42.614151],[-8.741205,42.649005],[-8.723898,42.678018],[-8.725552,42.687623],[-8.74698,42.650794],[-8.769996,42.653081],[-8.800101,42.636405],[-8.844604,42.68704],[-8.861103,42.646432],[-8.837742,42.63229],[-8.858931,42.626605],[-8.857394,42.606375],[-8.887678,42.610525],[-8.873495,42.632383],[-8.898921,42.644556],[-8.937292,42.607091],[-8.919883,42.587003],[-8.988298,42.565837],[-8.995907,42.529566],[-9.042797,42.517336],[-9.029734,42.54802],[-9.039259,42.565556],[-9.091423,42.576485],[-9.091003,42.578046],[-9.08949,42.577389],[-9.081864,42.578003],[-9.079257,42.580122],[-9.079206,42.598083],[-9.064513,42.60034],[-9.04053,42.637358],[-9.033804,42.695198],[-8.990929,42.74053],[-8.954214,42.748501],[-8.924577,42.788292],[-8.903925,42.788444],[-8.875721,42.828914],[-8.908848,42.825151],[-8.908957,42.796348],[-8.931338,42.807313],[-8.963117,42.77857],[-8.974836,42.791352],[-9.017839,42.780972],[-9.020175,42.800714],[-9.06388,42.786906],[-9.047886,42.769679],[-9.089433,42.738421],[-9.115756,42.754207],[-9.134566,42.790697],[-9.140589,42.796098],[-9.15105,42.798046],[-9.112177,42.81299],[-9.108191,42.8355],[-9.138238,42.849856],[-9.145617,42.867201],[-9.150222,42.872155],[-9.125483,42.905613],[-9.160775,42.911877],[-9.17278,42.944299],[-9.190993,42.951899],[-9.189053,42.915314],[-9.23317,42.941005],[-9.281005,42.88952],[-9.297909,42.923171],[-9.257228,43.002382],[-9.279154,43.012312],[-9.299299,43.056333],[-9.261916,43.048581],[-9.249545,43.071458],[-9.257758,43.090685],[-9.221015,43.088429],[-9.220198,43.113993],[-9.198407,43.103982],[-9.19038,43.090079],[-9.167341,43.105217],[-9.164522,43.152709],[-9.192733,43.122087],[-9.215596,43.151529],[-9.187433,43.161028],[-9.174489,43.191597],[-9.161358,43.18327],[-9.150129,43.195372],[-9.130238,43.198343],[-9.110932,43.185922],[-9.078235,43.181234],[-9.039849,43.196201],[-9.009882,43.224592],[-9.012934,43.233442],[-8.99599,43.216268],[-8.980904,43.229348],[-8.939755,43.226873],[-8.952759,43.263471],[-8.976855,43.261994],[-8.991289,43.274739],[-8.984814,43.282308],[-8.956794,43.293741],[-8.927722,43.281979],[-8.906396,43.294185],[-8.911459,43.303042],[-8.906565,43.306077],[-8.911805,43.320919],[-8.875531,43.312497],[-8.848326,43.319558],[-8.841195,43.345283],[-8.785,43.303859],[-8.747723,43.294303],[-8.725914,43.298929],[-8.711589,43.289971],[-8.607177,43.32234],[-8.56811,43.311778],[-8.535033,43.315963],[-8.505873,43.330626],[-8.493298,43.360391],[-8.456739,43.359815],[-8.439757,43.381502],[-8.40886,43.369262],[-8.40077,43.389973],[-8.374294,43.365054],[-8.404019,43.363685],[-8.378441,43.357269],[-8.38704,43.33948],[-8.356071,43.343541],[-8.337794,43.37695],[-8.355293,43.390353],[-8.306863,43.405671],[-8.208817,43.327838],[-8.223046,43.386892],[-8.173697,43.419895],[-8.25937,43.417856],[-8.279704,43.436623],[-8.316563,43.44501],[-8.254919,43.46618],[-8.201467,43.46007],[-8.151374,43.517495],[-8.200478,43.477175],[-8.248593,43.476185],[-8.247325,43.493331],[-8.266188,43.467713],[-8.341093,43.458367],[-8.332271,43.513038],[-8.296325,43.535024],[-8.322068,43.565234],[-8.260084,43.557904],[-8.192462,43.603083],[-8.18843,43.621127],[-8.155512,43.615284],[-8.093293,43.666623],[-8.053869,43.648941],[-8.07589,43.66027],[-8.075791,43.682879],[-8.066627,43.682621],[-8.068399,43.69583],[-8.063441,43.697509],[-8.064142,43.704058],[-8.000395,43.705107],[-7.946571,43.744059],[-7.922735,43.743227],[-7.92207,43.747531],[-7.904462,43.76986],[-7.86835,43.77355],[-7.872034,43.735447],[-7.849267,43.710309],[-7.876024,43.723285],[-7.892,43.684754],[-7.87186,43.671986],[-7.904477,43.671353],[-7.846972,43.668203],[-7.860483,43.706735],[-7.814926,43.695145],[-7.829565,43.710074],[-7.81257,43.726583],[-7.725448,43.746754],[-7.681311,43.787267]],[[-8.82349,42.555871],[-8.824411,42.554654],[-8.822702,42.554336],[-8.82349,42.555871]],[[-8.349347,43.348699],[-8.351184,43.348406],[-8.349938,43.347708],[-8.349347,43.348699]],[[-7.977618,43.720013],[-7.976358,43.720536],[-7.977948,43.7207],[-7.977618,43.720013]],[[-8.822591,42.557853],[-8.823641,42.558402],[-8.823797,42.557332],[-8.822591,42.557853]],[[-8.109198,43.648014],[-8.109618,43.649022],[-8.110275,43.64829],[-8.109198,43.648014]],[[-9.214256,43.110294],[-9.21351,43.109713],[-9.213536,43.110099],[-9.214256,43.110294]],[[-8.474687,43.356911],[-8.47339,43.357918],[-8.473603,43.358026],[-8.474687,43.356911]],[[-7.975385,43.720029],[-7.975875,43.719197],[-7.975103,43.719474],[-7.975385,43.720029]],[[-8.818537,42.512384],[-8.817576,42.512649],[-8.817764,42.512972],[-8.818537,42.512384]],[[-8.860473,42.403585],[-8.85942,42.403243],[-8.860195,42.403996],[-8.860473,42.403585]],[[-7.139031,43.558018],[-7.138552,43.55754],[-7.138581,43.558142],[-7.139031,43.558018]],[[-9.046594,42.570496],[-9.046321,42.571069],[-9.046578,42.571082],[-9.046594,42.570496]],[[-9.260416,42.994196],[-9.260086,42.994925],[-9.260682,42.995234],[-9.260416,42.994196]],[[-7.871456,43.772328],[-7.870599,43.772184],[-7.870174,43.772301],[-7.871456,43.772328]],[[-8.926714,42.479105],[-8.926109,42.479397],[-8.927135,42.47983],[-8.926714,42.479105]],[[-8.094727,43.66042],[-8.093948,43.660445],[-8.093929,43.660518],[-8.094727,43.66042]],[[-9.091541,42.742603],[-9.091093,42.743014],[-9.091385,42.743124],[-9.091541,42.742603]],[[-8.28328,43.386844],[-8.284044,43.386683],[-8.282982,43.386678],[-8.28328,43.386844]],[[-9.117383,42.84211],[-9.118137,42.842195],[-9.117416,42.841703],[-9.117383,42.84211]],[[-9.274707,42.963859],[-9.275325,42.963672],[-9.274972,42.963214],[-9.274707,42.963859]],[[-8.688914,42.433411],[-8.688303,42.433514],[-8.688303,42.433784],[-8.688914,42.433411]],[[-8.777716,42.214131],[-8.777107,42.213964],[-8.777272,42.214307],[-8.777716,42.214131]],[[-8.962421,43.290179],[-8.962054,43.29045],[-8.962095,43.290493],[-8.962421,43.290179]],[[-9.145096,43.195238],[-9.144696,43.195539],[-9.145061,43.195627],[-9.145096,43.195238]],[[-8.277841,43.558676],[-8.277275,43.55899],[-8.277348,43.559122],[-8.277841,43.558676]],[[-7.98913,43.711866],[-7.989268,43.712481],[-7.989445,43.712366],[-7.98913,43.711866]],[[-8.301486,43.561503],[-8.302111,43.561708],[-8.30223,43.561514],[-8.301486,43.561503]],[[-9.18182,43.172998],[-9.181462,43.173468],[-9.181865,43.173446],[-9.18182,43.172998]],[[-8.094321,43.664111],[-8.09369,43.664274],[-8.094394,43.664387],[-8.094321,43.664111]],[[-9.134181,43.196933],[-9.134036,43.197328],[-9.134382,43.197219],[-9.134181,43.196933]],[[-7.879846,43.765973],[-7.879405,43.766199],[-7.879755,43.766229],[-7.879846,43.765973]],[[-8.887993,42.486716],[-8.888498,42.487176],[-8.888646,42.486934],[-8.887993,42.486716]],[[-9.215167,43.110424],[-9.214917,43.110753],[-9.215191,43.110909],[-9.215167,43.110424]],[[-8.235923,43.572754],[-8.236493,43.57262],[-8.236162,43.572374],[-8.235923,43.572754]],[[-8.913765,42.47604],[-8.913732,42.476465],[-8.914106,42.476563],[-8.913765,42.47604]],[[-8.956576,42.581278],[-8.956152,42.581561],[-8.956546,42.581468],[-8.956576,42.581278]],[[-7.979165,43.71936],[-7.978999,43.719745],[-7.979353,43.719523],[-7.979165,43.71936]],[[-8.874363,42.11573],[-8.873802,42.115813],[-8.873799,42.115912],[-8.874363,42.11573]],[[-8.985566,43.270917],[-8.98529,43.270733],[-8.985206,43.271008],[-8.985566,43.270917]],[[-8.868297,42.118778],[-8.868186,42.119009],[-8.868424,42.118969],[-8.868297,42.118778]],[[-8.875129,42.115132],[-8.874754,42.11526],[-8.875267,42.11544],[-8.875129,42.115132]],[[-7.435994,43.694423],[-7.435386,43.694591],[-7.436065,43.694537],[-7.435994,43.694423]],[[-9.290774,42.936653],[-9.29039,42.936728],[-9.290748,42.936997],[-9.290774,42.936653]],[[-8.981999,43.267206],[-8.982448,43.267264],[-8.982366,43.267061],[-8.981999,43.267206]],[[-8.269542,43.429306],[-8.269585,43.428944],[-8.269314,43.428956],[-8.269542,43.429306]],[[-8.875452,42.114567],[-8.875139,42.114844],[-8.875465,42.11471],[-8.875452,42.114567]],[[-8.912156,42.47561],[-8.911792,42.475881],[-8.912333,42.475817],[-8.912156,42.47561]],[[-9.117368,42.843074],[-9.117035,42.84329],[-9.117405,42.843324],[-9.117368,42.843074]],[[-9.277492,42.962211],[-9.277149,42.962455],[-9.277412,42.962504],[-9.277492,42.962211]],[[-8.237854,43.572602],[-8.237396,43.572894],[-8.237886,43.572691],[-8.237854,43.572602]],[[-8.237182,43.572282],[-8.236894,43.57253],[-8.237086,43.572602],[-8.237182,43.572282]],[[-8.688225,42.432653],[-8.688524,42.432332],[-8.688154,42.432405],[-8.688225,42.432653]],[[-7.988854,43.712572],[-7.989191,43.71289],[-7.98931,43.712687],[-7.988854,43.712572]],[[-7.973856,43.7197],[-7.973535,43.719876],[-7.97359,43.719936],[-7.973856,43.7197]],[[-8.856325,42.122677],[-8.855839,42.122657],[-8.855882,42.122862],[-8.856325,42.122677]],[[-7.689374,43.751375],[-7.689306,43.751612],[-7.689533,43.751495],[-7.689374,43.751375]],[[-8.3013,43.562061],[-8.301204,43.562381],[-8.301488,43.562368],[-8.3013,43.562061]],[[-8.914462,42.478525],[-8.914066,42.478716],[-8.914638,42.478587],[-8.914462,42.478525]],[[-7.179064,43.562455],[-7.178877,43.562255],[-7.178792,43.562465],[-7.179064,43.562455]],[[-8.230669,43.576272],[-8.230427,43.576482],[-8.230693,43.57655],[-8.230669,43.576272]],[[-8.877307,42.112671],[-8.876965,42.112887],[-8.877351,42.112885],[-8.877307,42.112671]],[[-8.985857,43.270235],[-8.985413,43.270358],[-8.985479,43.270525],[-8.985857,43.270235]],[[-8.806389,42.191434],[-8.806071,42.191531],[-8.806203,42.191785],[-8.806389,42.191434]],[[-7.934995,43.743273],[-7.934733,43.743563],[-7.935039,43.743514],[-7.934995,43.743273]],[[-8.886008,42.113151],[-8.885976,42.113584],[-8.886271,42.113506],[-8.886008,42.113151]],[[-8.218235,43.584269],[-8.218133,43.58395],[-8.217872,43.584079],[-8.218235,43.584269]],[[-7.989909,43.71257],[-7.989528,43.712623],[-7.989628,43.712781],[-7.989909,43.71257]],[[-8.075447,43.67337],[-8.075085,43.673494],[-8.075435,43.673524],[-8.075447,43.67337]],[[-8.066337,43.69124],[-8.066206,43.691453],[-8.066362,43.691392],[-8.066337,43.69124]],[[-7.935255,43.742965],[-7.934963,43.743184],[-7.935339,43.743078],[-7.935255,43.742965]],[[-7.940917,43.74326],[-7.940661,43.743469],[-7.940885,43.743477],[-7.940917,43.74326]],[[-9.135313,43.197178],[-9.134978,43.197268],[-9.135355,43.197347],[-9.135313,43.197178]],[[-7.380062,43.677436],[-7.380394,43.677396],[-7.380061,43.677256],[-7.380062,43.677436]],[[-8.807145,42.190837],[-8.806965,42.191116],[-8.807173,42.191142],[-8.807145,42.190837]],[[-8.915778,42.476494],[-8.915585,42.476774],[-8.915827,42.476762],[-8.915778,42.476494]],[[-8.242559,43.568614],[-8.242932,43.568489],[-8.24238,43.568406],[-8.242559,43.568614]],[[-8.889134,42.487863],[-8.888811,42.48779],[-8.888771,42.488008],[-8.889134,42.487863]],[[-9.118097,42.844385],[-9.117995,42.844588],[-9.118216,42.844468],[-9.118097,42.844385]],[[-8.303656,43.562114],[-8.304031,43.562006],[-8.303624,43.56189],[-8.303656,43.562114]],[[-8.924658,42.479868],[-8.924372,42.480054],[-8.924677,42.480066],[-8.924658,42.479868]],[[-8.875769,42.115775],[-8.87541,42.115937],[-8.875757,42.116036],[-8.875769,42.115775]],[[-9.14202,42.882823],[-9.141699,42.882795],[-9.141728,42.882965],[-9.14202,42.882823]],[[-8.900126,42.48112],[-8.899927,42.481329],[-8.900098,42.481338],[-8.900126,42.48112]],[[-8.875954,42.115414],[-8.875748,42.115677],[-8.87593,42.115685],[-8.875954,42.115414]],[[-8.087296,43.6595],[-8.086931,43.659588],[-8.086953,43.659696],[-8.087296,43.6595]],[[-7.97613,43.718835],[-7.975795,43.718985],[-7.976146,43.719024],[-7.97613,43.718835]],[[-8.933736,42.479163],[-8.933437,42.479341],[-8.933788,42.479322],[-8.933736,42.479163]],[[-8.302939,43.561697],[-8.302713,43.561942],[-8.303073,43.561808],[-8.302939,43.561697]],[[-7.941433,43.743048],[-7.941352,43.743268],[-7.941495,43.743189],[-7.941433,43.743048]],[[-8.889634,42.113657],[-8.889439,42.113901],[-8.889615,42.113973],[-8.889634,42.113657]],[[-8.943393,42.580605],[-8.943067,42.580758],[-8.94334,42.580815],[-8.943393,42.580605]],[[-8.926294,42.480576],[-8.925826,42.480519],[-8.925787,42.48062],[-8.926294,42.480576]],[[-8.901095,42.479792],[-8.900835,42.480004],[-8.900959,42.480024],[-8.901095,42.479792]],[[-7.919464,43.749525],[-7.919207,43.749717],[-7.919495,43.749749],[-7.919464,43.749525]],[[-8.827111,42.325472],[-8.82681,42.32537],[-8.826801,42.325532],[-8.827111,42.325472]],[[-9.07809,42.590266],[-9.077801,42.590425],[-9.078095,42.590436],[-9.07809,42.590266]],[[-9.155749,43.185949],[-9.155758,43.186165],[-9.155849,43.186088],[-9.155749,43.185949]],[[-8.915063,42.476783],[-8.915257,42.476521],[-8.91504,42.476667],[-8.915063,42.476783]],[[-8.280525,43.55893],[-8.280252,43.559059],[-8.280343,43.559109],[-8.280525,43.55893]],[[-7.979104,43.718921],[-7.978915,43.719038],[-7.979195,43.719116],[-7.979104,43.718921]],[[-7.910115,43.761523],[-7.910378,43.761548],[-7.910172,43.761314],[-7.910115,43.761523]],[[-9.072237,42.598958],[-9.071944,42.599072],[-9.072267,42.599136],[-9.072237,42.598958]],[[-8.600123,43.319923],[-8.599827,43.320054],[-8.599922,43.320149],[-8.600123,43.319923]],[[-7.876966,43.767222],[-7.87676,43.767438],[-7.877048,43.767317],[-7.876966,43.767222]],[[-9.11818,42.840771],[-9.117911,42.840902],[-9.118249,42.840857],[-9.11818,42.840771]],[[-9.175567,43.188757],[-9.175315,43.188816],[-9.175365,43.188948],[-9.175567,43.188757]],[[-7.163385,43.555556],[-7.163137,43.555736],[-7.163429,43.555653],[-7.163385,43.555556]],[[-8.828456,42.327555],[-8.82819,42.327694],[-8.82855,42.327649],[-8.828456,42.327555]],[[-8.862729,42.121845],[-8.862418,42.121879],[-8.862765,42.121969],[-8.862729,42.121845]],[[-9.262735,42.988677],[-9.262536,42.988769],[-9.262811,42.988817],[-9.262735,42.988677]],[[-8.861161,42.403802],[-8.860822,42.403811],[-8.860834,42.403945],[-8.861161,42.403802]],[[-8.082338,43.651907],[-8.082056,43.651938],[-8.082275,43.652045],[-8.082338,43.651907]],[[-8.914417,42.476376],[-8.914409,42.476547],[-8.914735,42.47653],[-8.914417,42.476376]],[[-7.145425,43.556309],[-7.145214,43.556479],[-7.145542,43.556395],[-7.145425,43.556309]],[[-9.078029,42.587136],[-9.077915,42.58734],[-9.078142,42.587292],[-9.078029,42.587136]],[[-8.816626,42.172837],[-8.816331,42.17305],[-8.816714,42.172878],[-8.816626,42.172837]],[[-9.153427,43.187569],[-9.153128,43.187531],[-9.153525,43.187807],[-9.153427,43.187569]],[[-8.228909,43.576254],[-8.228665,43.576301],[-8.228702,43.576435],[-8.228909,43.576254]],[[-8.943153,42.581284],[-8.942915,42.581468],[-8.943144,42.581447],[-8.943153,42.581284]],[[-8.861224,42.404348],[-8.8615,42.404442],[-8.861462,42.404291],[-8.861224,42.404348]],[[-8.916184,42.477319],[-8.916096,42.47754],[-8.91632,42.477474],[-8.916184,42.477319]],[[-8.793131,42.396443],[-8.793046,42.396708],[-8.793189,42.396674],[-8.793131,42.396443]],[[-8.827122,42.32494],[-8.826872,42.325124],[-8.82711,42.325067],[-8.827122,42.32494]],[[-7.99022,43.712287],[-7.989923,43.712291],[-7.989918,43.712381],[-7.99022,43.712287]],[[-8.934238,42.479452],[-8.934005,42.479563],[-8.934238,42.479578],[-8.934238,42.479452]],[[-8.818229,42.169218],[-8.81804,42.169399],[-8.81815,42.169411],[-8.818229,42.169218]],[[-9.282314,43.026171],[-9.282103,43.026263],[-9.282409,43.026381],[-9.282314,43.026171]],[[-9.278161,42.958079],[-9.278425,42.958019],[-9.278578,42.957957],[-9.278161,42.958079]],[[-8.987218,43.277185],[-8.987009,43.277313],[-8.987206,43.277438],[-8.987218,43.277185]],[[-8.916384,42.477633],[-8.916128,42.477754],[-8.916456,42.477746],[-8.916384,42.477633]],[[-8.928677,42.478391],[-8.9289,42.478307],[-8.928671,42.478328],[-8.928677,42.478391]],[[-8.603724,43.320862],[-8.603463,43.320848],[-8.603508,43.320936],[-8.603724,43.320862]],[[-8.954992,42.580001],[-8.954684,42.580089],[-8.955049,42.580088],[-8.954992,42.580001]],[[-8.816344,42.172537],[-8.816338,42.172735],[-8.816573,42.172651],[-8.816344,42.172537]],[[-8.968904,43.22535],[-8.969141,43.225509],[-8.969209,43.225325],[-8.968904,43.22535]],[[-8.229196,43.576286],[-8.229432,43.576293],[-8.229274,43.576183],[-8.229196,43.576286]],[[-9.118113,42.840342],[-9.117865,42.840437],[-9.118043,42.840508],[-9.118113,42.840342]],[[-9.274764,42.962136],[-9.274552,42.96222],[-9.274846,42.962222],[-9.274764,42.962136]],[[-8.954904,42.580483],[-8.954615,42.580516],[-8.95454,42.580619],[-8.954904,42.580483]],[[-8.910735,42.476143],[-8.910878,42.475992],[-8.910657,42.475967],[-8.910735,42.476143]],[[-8.815818,42.171555],[-8.816049,42.171435],[-8.815781,42.171413],[-8.815818,42.171555]],[[-8.984552,43.269746],[-8.984271,43.269896],[-8.984325,43.269947],[-8.984552,43.269746]],[[-8.923004,42.478451],[-8.922925,42.478644],[-8.923093,42.478617],[-8.923004,42.478451]],[[-9.067915,42.572588],[-9.067715,42.572661],[-9.067942,42.572739],[-9.067915,42.572588]],[[-8.916223,42.476705],[-8.916109,42.476909],[-8.916352,42.476779],[-8.916223,42.476705]],[[-8.826385,42.325626],[-8.826137,42.325566],[-8.826172,42.325682],[-8.826385,42.325626]],[[-8.926032,42.480373],[-8.92635,42.480393],[-8.92607,42.480263],[-8.926032,42.480373]],[[-8.979813,43.28383],[-8.979537,43.283899],[-8.979849,43.283937],[-8.979813,43.28383]],[[-8.87872,42.111347],[-8.878575,42.111481],[-8.878751,42.111418],[-8.87872,42.111347]],[[-8.956322,43.264509],[-8.956119,43.264448],[-8.95611,43.26461],[-8.956322,43.264509]],[[-8.807362,42.190826],[-8.807585,42.190878],[-8.807489,42.190757],[-8.807362,42.190826]],[[-8.915429,42.478331],[-8.915638,42.478356],[-8.915442,42.478213],[-8.915429,42.478331]],[[-8.818293,42.168333],[-8.818523,42.16833],[-8.818286,42.168252],[-8.818293,42.168333]],[[-8.914596,42.477239],[-8.914778,42.477104],[-8.914573,42.477124],[-8.914596,42.477239]],[[-9.259557,42.9931],[-9.259469,42.993204],[-9.259614,42.993178],[-9.259557,42.9931]],[[-8.93293,42.479511],[-8.932676,42.47965],[-8.932936,42.479574],[-8.93293,42.479511]],[[-8.086746,43.657256],[-8.086497,43.657393],[-8.086863,43.657323],[-8.086746,43.657256]],[[-9.260192,42.992354],[-9.259964,42.992402],[-9.260019,42.992462],[-9.260192,42.992354]],[[-8.764648,42.225125],[-8.764614,42.22528],[-8.764793,42.225253],[-8.764648,42.225125]],[[-9.261745,42.984851],[-9.261644,42.984704],[-9.261436,42.984832],[-9.261745,42.984851]],[[-9.28243,42.947438],[-9.282168,42.947515],[-9.28239,42.94753],[-9.28243,42.947438]],[[-9.274414,42.964478],[-9.27419,42.964562],[-9.274401,42.964587],[-9.274414,42.964478]],[[-9.078873,42.582681],[-9.078679,42.582808],[-9.078877,42.582842],[-9.078873,42.582681]],[[-8.777028,42.214418],[-8.777044,42.214597],[-8.777211,42.214562],[-8.777028,42.214418]],[[-9.2611,42.986588],[-9.261091,42.986742],[-9.261238,42.986734],[-9.2611,42.986588]],[[-8.913873,42.476674],[-8.913744,42.476851],[-8.913944,42.476778],[-8.913873,42.476674]],[[-8.861252,42.403996],[-8.861121,42.404155],[-8.861308,42.404074],[-8.861252,42.403996]],[[-8.230287,43.575156],[-8.230586,43.575322],[-8.230243,43.575077],[-8.230287,43.575156]],[[-9.142014,42.883012],[-9.141848,42.883183],[-9.14196,42.883204],[-9.142014,42.883012]],[[-9.285454,43.038023],[-9.285376,43.038334],[-9.285466,43.038374],[-9.285454,43.038023]],[[-9.278341,42.959959],[-9.278152,42.960032],[-9.278306,42.960096],[-9.278341,42.959959]],[[-8.914404,42.47688],[-8.914275,42.477058],[-8.914519,42.476946],[-8.914404,42.47688]],[[-8.879437,42.111256],[-8.879154,42.111334],[-8.879456,42.111336],[-8.879437,42.111256]],[[-8.827289,42.324778],[-8.827447,42.324905],[-8.827485,42.324795],[-8.827289,42.324778]],[[-8.915655,42.477383],[-8.915881,42.477452],[-8.915832,42.477319],[-8.915655,42.477383]],[[-7.119438,43.55608],[-7.119374,43.556235],[-7.119546,43.55622],[-7.119438,43.55608]],[[-8.776988,42.214645],[-8.776842,42.214769],[-8.777006,42.214707],[-8.776988,42.214645]],[[-9.077377,42.587324],[-9.077196,42.58746],[-9.077353,42.587451],[-9.077377,42.587324]],[[-8.970392,43.224714],[-8.970283,43.224855],[-8.970542,43.224733],[-8.970392,43.224714]],[[-8.928127,42.478491],[-8.928274,42.478367],[-8.928128,42.478365],[-8.928127,42.478491]],[[-9.262677,42.980768],[-9.262507,42.980903],[-9.262762,42.98088],[-9.262677,42.980768]],[[-9.180416,43.176378],[-9.180532,43.176552],[-9.180586,43.176486],[-9.180416,43.176378]],[[-9.262304,42.9842],[-9.262079,42.984158],[-9.262238,42.984275],[-9.262304,42.9842]],[[-8.885677,42.113231],[-8.885479,42.113178],[-8.88544,42.113279],[-8.885677,42.113231]],[[-8.082921,43.653222],[-8.083071,43.653099],[-8.082874,43.653107],[-8.082921,43.653222]],[[-9.018954,42.709809],[-9.019112,42.710052],[-9.018975,42.709772],[-9.018954,42.709809]],[[-9.261912,42.984446],[-9.26172,42.984484],[-9.261913,42.984572],[-9.261912,42.984446]],[[-9.262621,42.983948],[-9.262509,42.984044],[-9.26266,42.98409],[-9.262621,42.983948]],[[-8.928606,42.478412],[-8.928486,42.478554],[-8.92864,42.47851],[-8.928606,42.478412]],[[-9.279687,42.956815],[-9.279577,42.956947],[-9.279769,42.956901],[-9.279687,42.956815]],[[-7.821331,43.715257],[-7.821401,43.715047],[-7.821288,43.715034],[-7.821331,43.715257]],[[-8.986894,43.22366],[-8.986682,43.223626],[-8.986818,43.223763],[-8.986894,43.22366]],[[-8.239132,43.57149],[-8.238972,43.571507],[-8.239031,43.571612],[-8.239132,43.57149]],[[-8.876165,42.113657],[-8.876286,42.113525],[-8.876115,42.113506],[-8.876165,42.113657]],[[-9.261591,42.979126],[-9.261522,42.979292],[-9.261626,42.979358],[-9.261591,42.979126]],[[-8.238694,43.571439],[-8.238534,43.571599],[-8.238695,43.571592],[-8.238694,43.571439]],[[-9.260787,42.991691],[-9.26061,42.991764],[-9.260784,42.99179],[-9.260787,42.991691]],[[-8.228568,43.578034],[-8.228542,43.578162],[-8.228675,43.578128],[-8.228568,43.578034]],[[-9.067649,42.572989],[-9.067504,42.573123],[-9.067605,42.573153],[-9.067649,42.572989]],[[-8.230702,43.574947],[-8.230998,43.575069],[-8.2307,43.574921],[-8.230702,43.574947]],[[-9.07849,42.582998],[-9.078329,42.582971],[-9.078311,42.583035],[-9.07849,42.582998]],[[-9.277071,42.961091],[-9.277323,42.961158],[-9.277091,42.961045],[-9.277071,42.961091]],[[-8.098168,43.655377],[-8.097995,43.655529],[-8.098206,43.655385],[-8.098168,43.655377]],[[-8.229213,43.575475],[-8.229408,43.575448],[-8.229209,43.57543],[-8.229213,43.575475]],[[-9.261259,42.978883],[-9.261091,42.978919],[-9.261087,42.979001],[-9.261259,42.978883]],[[-8.228025,43.576205],[-8.227898,43.57631],[-8.228036,43.57633],[-8.228025,43.576205]],[[-9.259996,42.991879],[-9.259846,42.991968],[-9.259986,42.992014],[-9.259996,42.991879]],[[-8.973503,43.225307],[-8.973192,43.22527],[-8.973487,43.225389],[-8.973503,43.225307]],[[-9.262968,42.981931],[-9.262836,42.981965],[-9.26286,42.982081],[-9.262968,42.981931]],[[-8.878779,42.498812],[-8.878659,42.498953],[-8.878788,42.49891],[-8.878779,42.498812]],[[-8.977439,43.262666],[-8.977578,43.262703],[-8.977523,43.262643],[-8.977439,43.262666]],[[-9.066545,42.575028],[-9.066472,42.575158],[-9.066589,42.575107],[-9.066545,42.575028]],[[-8.230957,43.574738],[-8.231021,43.574627],[-8.230943,43.574585],[-8.230957,43.574738]],[[-8.22935,43.576918],[-8.229259,43.577003],[-8.229387,43.57706],[-8.22935,43.576918]],[[-8.827381,42.332317],[-8.827268,42.332413],[-8.82739,42.332416],[-8.827381,42.332317]],[[-9.277461,42.96143],[-9.277325,42.961536],[-9.27746,42.961538],[-9.277461,42.96143]],[[-9.28302,43.024079],[-9.283008,43.024206],[-9.283086,43.024121],[-9.28302,43.024079]],[[-9.274185,42.961871],[-9.274072,42.961967],[-9.274237,42.961895],[-9.274185,42.961871]],[[-8.827174,42.332436],[-8.827224,42.332586],[-8.827286,42.332466],[-8.827174,42.332436]],[[-8.782276,42.395156],[-8.782176,42.395251],[-8.782263,42.395274],[-8.782276,42.395156]],[[-8.956475,42.578051],[-8.956348,42.57813],[-8.956509,42.578149],[-8.956475,42.578051]],[[-9.280078,43.015708],[-9.280218,43.015637],[-9.28009,43.01559],[-9.280078,43.015708]],[[-9.282922,43.022168],[-9.283037,43.022089],[-9.282873,43.022044],[-9.282922,43.022168]],[[-8.243234,43.568547],[-8.24313,43.568633],[-8.243229,43.568637],[-8.243234,43.568547]],[[-8.231599,43.575005],[-8.231804,43.575086],[-8.231583,43.574961],[-8.231599,43.575005]],[[-8.23105,43.576525],[-8.231,43.576662],[-8.231074,43.576659],[-8.23105,43.576525]],[[-9.065774,42.573737],[-9.065647,42.573815],[-9.06583,42.573815],[-9.065774,42.573737]],[[-8.957976,42.578333],[-8.958047,42.578446],[-8.958101,42.578372],[-8.957976,42.578333]],[[-9.262377,42.989975],[-9.262288,42.99006],[-9.262411,42.990063],[-9.262377,42.989975]],[[-8.229745,43.462369],[-8.229771,43.462241],[-8.229688,43.462281],[-8.229745,43.462369]],[[-8.879118,42.111597],[-8.87907,42.111473],[-8.879017,42.111548],[-8.879118,42.111597]],[[-8.987691,43.276737],[-8.987656,43.276631],[-8.987576,43.276698],[-8.987691,43.276737]],[[-9.260294,42.992636],[-9.260161,42.992653],[-9.260252,42.992702],[-9.260294,42.992636]],[[-8.230738,43.462278],[-8.230842,43.462192],[-8.230721,43.462216],[-8.230738,43.462278]],[[-8.860654,42.403702],[-8.860567,42.403815],[-8.860681,42.403737],[-8.860654,42.403702]],[[-8.234883,43.462898],[-8.234899,43.462798],[-8.234841,43.462846],[-8.234883,43.462898]],[[-8.827132,42.325174],[-8.827006,42.325261],[-8.82716,42.325217],[-8.827132,42.325174]],[[-8.231357,43.462286],[-8.23141,43.462184],[-8.231352,43.462223],[-8.231357,43.462286]],[[-8.233884,43.462638],[-8.233988,43.462552],[-8.23388,43.462593],[-8.233884,43.462638]],[[-8.954338,42.579909],[-8.954219,42.579942],[-8.954288,42.58002],[-8.954338,42.579909]],[[-9.275426,42.962505],[-9.275319,42.962538],[-9.275419,42.96255],[-9.275426,42.962505]],[[-8.233395,43.462417],[-8.233305,43.462511],[-8.233367,43.462517],[-8.233395,43.462417]],[[-8.957833,42.577989],[-8.957782,42.578091],[-8.95789,42.578077],[-8.957833,42.577989]],[[-9.110637,42.820786],[-9.110667,42.820713],[-9.110633,42.820742],[-9.110637,42.820786]],[[-9.281395,43.024988],[-9.281399,43.024907],[-9.281355,43.024954],[-9.281395,43.024988]],[[-8.975134,43.225618],[-8.975179,43.225697],[-8.975196,43.225624],[-8.975134,43.225618]],[[-8.237435,43.572487],[-8.23738,43.572417],[-8.237387,43.572507],[-8.237435,43.572487]]],[[[-8.891915,42.568466],[-8.855878,42.56599],[-8.871754,42.524135],[-8.875341,42.529793],[-8.881804,42.530189],[-8.870013,42.560907],[-8.891915,42.568466]],[[-8.875425,42.534964],[-8.874183,42.535604],[-8.874245,42.536258],[-8.875425,42.534964]],[[-8.877528,42.536612],[-8.876841,42.536809],[-8.877208,42.537483],[-8.877528,42.536612]],[[-8.87197,42.535367],[-8.871108,42.535259],[-8.871729,42.53565],[-8.87197,42.535367]],[[-8.874006,42.547694],[-8.873863,42.548503],[-8.874319,42.548434],[-8.874006,42.547694]],[[-8.875024,42.547777],[-8.874641,42.548102],[-8.874853,42.548155],[-8.875024,42.547777]],[[-8.865384,42.544041],[-8.864888,42.543815],[-8.864813,42.543927],[-8.865384,42.544041]]],[[[-8.921711,42.399699],[-8.936552,42.3568],[-8.944219,42.355087],[-8.945072,42.380401],[-8.932115,42.398241],[-8.921711,42.399699]],[[-8.934677,42.390141],[-8.934168,42.390536],[-8.934661,42.390745],[-8.934677,42.390141]],[[-8.931301,42.373429],[-8.93085,42.373533],[-8.931349,42.373678],[-8.931301,42.373429]],[[-8.940228,42.36949],[-8.939813,42.369719],[-8.939971,42.369855],[-8.940228,42.36949]],[[-8.929836,42.376683],[-8.930259,42.376661],[-8.929961,42.376469],[-8.929836,42.376683]],[[-8.93289,42.367882],[-8.932766,42.36824],[-8.933011,42.368011],[-8.93289,42.367882]],[[-8.944009,42.374551],[-8.943763,42.374654],[-8.943795,42.374733],[-8.944009,42.374551]],[[-8.934346,42.389465],[-8.934094,42.389622],[-8.934358,42.38959],[-8.934346,42.389465]],[[-8.930069,42.377994],[-8.92985,42.378122],[-8.930014,42.378186],[-8.930069,42.377994]],[[-8.930405,42.377436],[-8.930115,42.377451],[-8.930222,42.377563],[-8.930405,42.377436]]],[[[-8.913968,42.251462],[-8.895472,42.227401],[-8.913917,42.211343],[-8.903507,42.22434],[-8.917597,42.248429],[-8.913968,42.251462]],[[-8.91199,42.243534],[-8.911437,42.24359],[-8.911988,42.243642],[-8.91199,42.243534]],[[-8.909397,42.239527],[-8.909133,42.239676],[-8.909406,42.239617],[-8.909397,42.239527]],[[-8.906916,42.237603],[-8.906721,42.237721],[-8.906866,42.237723],[-8.906916,42.237603]],[[-8.910268,42.24275],[-8.910202,42.242943],[-8.910355,42.242899],[-8.910268,42.24275]]],[[[-9.012899,42.483556],[-8.99936,42.468803],[-9.010435,42.462964],[-9.020368,42.474341],[-9.012899,42.483556]],[[-9.002866,42.471382],[-9.002682,42.471491],[-9.002784,42.47154],[-9.002866,42.471382]]],[[[-8.907402,42.205388],[-8.892017,42.196334],[-8.889655,42.191126],[-8.91268,42.195546],[-8.907402,42.205388]],[[-8.91146,42.196473],[-8.911248,42.196664],[-8.911572,42.196503],[-8.91146,42.196473]],[[-8.911842,42.196543],[-8.911816,42.196788],[-8.911992,42.196599],[-8.911842,42.196543]],[[-8.910325,42.197027],[-8.91016,42.197206],[-8.910326,42.197162],[-8.910325,42.197027]],[[-8.911008,42.196694],[-8.910868,42.196882],[-8.911,42.196866],[-8.911008,42.196694]]],[[[-8.852902,42.489293],[-8.844116,42.485476],[-8.852396,42.482973],[-8.852902,42.489293]]],[[[-8.844546,43.361075],[-8.844103,43.355249],[-8.849707,43.361238],[-8.844546,43.361075]]],[[[-8.786998,42.620965],[-8.786296,42.614069],[-8.790441,42.616569],[-8.786998,42.620965]]],[[[-8.708051,42.414696],[-8.708175,42.407641],[-8.712418,42.412623],[-8.708051,42.414696]]],[[[-8.93556,42.348993],[-8.932723,42.345161],[-8.938057,42.342922],[-8.93556,42.348993]]],[[[-8.904154,42.541179],[-8.900764,42.537376],[-8.902925,42.537957],[-8.904154,42.541179]]],[[[-8.835862,43.357681],[-8.830753,43.358438],[-8.834135,43.356149],[-8.835862,43.357681]]],[[[-7.634502,43.758875],[-7.627986,43.758609],[-7.633081,43.756557],[-7.634502,43.758875]]],[[[-8.833936,42.491335],[-8.836964,42.489893],[-8.833716,42.497197],[-8.833936,42.491335]]],[[[-7.491659,43.732793],[-7.49023,43.729626],[-7.494171,43.731352],[-7.491659,43.732793]]],[[[-8.85725,42.146161],[-8.853717,42.146801],[-8.853337,42.145047],[-8.85725,42.146161]]],[[[-8.80026,42.203006],[-8.80173,42.199367],[-8.804842,42.200298],[-8.80026,42.203006]]],[[[-9.007094,42.49947],[-9.003983,42.499877],[-9.003441,42.495882],[-9.006004,42.496602],[-9.00571,42.497851],[-9.007094,42.49947]]],[[[-8.835229,43.353411],[-8.831466,43.354684],[-8.831476,43.352991],[-8.835229,43.353411]]],[[[-8.966494,42.775315],[-8.963295,42.776355],[-8.963104,42.773098],[-8.966494,42.775315]]],[[[-8.917052,42.54549],[-8.913354,42.545645],[-8.914059,42.543574],[-8.914603,42.544563],[-8.917052,42.54549]]],[[[-8.86652,42.146991],[-8.862756,42.145402],[-8.866055,42.144972],[-8.86652,42.146991]]],[[[-8.858508,42.465376],[-8.855801,42.461788],[-8.860594,42.465971],[-8.858508,42.465376]]],[[[-9.148424,42.812689],[-9.145659,42.813414],[-9.148037,42.80991],[-9.148424,42.812689]]],[[[-9.050615,42.508604],[-9.048172,42.509382],[-9.04909,42.507047],[-9.050615,42.508604]]],[[[-8.449247,43.381346],[-8.445973,43.381449],[-8.447848,43.379514],[-8.449247,43.381346]]],[[[-7.441134,43.717945],[-7.440748,43.716592],[-7.442469,43.717029],[-7.441134,43.717945]]],[[[-8.45062,43.378085],[-8.449607,43.379862],[-8.448051,43.378892],[-8.45062,43.378085]]],[[[-8.940807,42.550125],[-8.93832,42.549066],[-8.93889,42.548028],[-8.940807,42.550125]]],[[[-8.452489,43.375808],[-8.450947,43.377745],[-8.450217,43.377447],[-8.452489,43.375808]]],[[[-8.907137,42.546462],[-8.905994,42.543767],[-8.908191,42.54666],[-8.907137,42.546462]]],[[[-7.444403,43.701244],[-7.440898,43.700336],[-7.444217,43.700414],[-7.444403,43.701244]]],[[[-8.338209,43.510383],[-8.337068,43.511751],[-8.336032,43.510665],[-8.338209,43.510383]]],[[[-9.152484,43.19664],[-9.151289,43.195525],[-9.153303,43.198297],[-9.152484,43.19664]]],[[[-8.997188,42.489531],[-8.996146,42.487542],[-8.998305,42.488365],[-8.997188,42.489531]]],[[[-9.169909,42.865657],[-9.168341,42.865848],[-9.168381,42.864423],[-9.170402,42.865155],[-9.170292,42.866633],[-9.169909,42.865657]]],[[[-8.83889,42.552331],[-8.837802,42.550199],[-8.83941,42.550603],[-8.83889,42.552331]]],[[[-9.151218,42.803789],[-9.149667,42.80552],[-9.150331,42.803468],[-9.151218,42.803789]]],[[[-8.909492,42.533783],[-8.907272,42.533087],[-8.909085,42.532435],[-8.909492,42.533783]]],[[[-8.855114,42.457169],[-8.854419,42.455459],[-8.854946,42.455765],[-8.855114,42.457169]]],[[[-8.838059,42.483122],[-8.836787,42.480567],[-8.838754,42.482618],[-8.838059,42.483122]]],[[[-8.629268,42.3083],[-8.627906,42.306908],[-8.628985,42.306081],[-8.629268,42.3083]]],[[[-8.819484,42.498508],[-8.818721,42.497242],[-8.820412,42.49658],[-8.819484,42.498508]]],[[[-8.942333,43.233373],[-8.94353,43.232392],[-8.943738,43.234146],[-8.942333,43.233373]]],[[[-8.815908,42.4959],[-8.814809,42.497549],[-8.814152,42.496899],[-8.815908,42.4959]]],[[[-7.04836,43.556886],[-7.049664,43.5562],[-7.050048,43.557501],[-7.04836,43.556886]]],[[[-7.441657,43.714954],[-7.439118,43.715197],[-7.436981,43.714992],[-7.441657,43.714954]]],[[[-9.04921,42.510803],[-9.046895,42.510638],[-9.0473,42.509923],[-9.04921,42.510803]]],[[[-8.877283,43.320409],[-8.87648,43.321027],[-8.874514,43.319058],[-8.877283,43.320409]]],[[[-8.795725,42.610224],[-8.797854,42.609666],[-8.797155,42.611583],[-8.795725,42.610224]]],[[[-9.213849,43.164325],[-9.213447,43.162556],[-9.214466,43.164355],[-9.213849,43.164325]]],[[[-9.009744,42.516533],[-9.008246,42.517269],[-9.008583,42.515847],[-9.009744,42.516533]]],[[[-9.115691,43.197198],[-9.114179,43.196721],[-9.114812,43.195553],[-9.115691,43.197198]]],[[[-9.186995,43.168721],[-9.185488,43.169631],[-9.185172,43.168937],[-9.186995,43.168721]]],[[[-7.869112,43.777883],[-7.869145,43.776604],[-7.870952,43.778201],[-7.869112,43.777883]]],[[[-8.947762,42.367523],[-8.949311,42.366704],[-8.949304,42.36765],[-8.947762,42.367523]]],[[[-7.04166,43.555737],[-7.041052,43.556812],[-7.040696,43.555933],[-7.04166,43.555737]]],[[[-9.18616,42.880518],[-9.184436,42.879919],[-9.185997,42.879744],[-9.18616,42.880518]]],[[[-8.731023,42.667007],[-8.733265,42.666193],[-8.730679,42.668834],[-8.731023,42.667007]]],[[[-8.906927,42.541531],[-8.905431,42.541167],[-8.905777,42.539934],[-8.906927,42.541531]]],[[[-8.326349,43.528493],[-8.324555,43.528766],[-8.324594,43.52781],[-8.326349,43.528493]]],[[[-8.944196,42.463433],[-8.942073,42.463859],[-8.942882,42.462646],[-8.944196,42.463433]]],[[[-8.943835,42.477936],[-8.945425,42.476755],[-8.944619,42.478507],[-8.943835,42.477936]]],[[[-8.264109,43.417818],[-8.262179,43.418771],[-8.260766,43.418575],[-8.264109,43.417818]]],[[[-8.831509,42.542527],[-8.831591,42.541181],[-8.832828,42.541919],[-8.831509,42.542527]]],[[[-9.001786,42.491945],[-9.002704,42.490736],[-9.002553,42.492337],[-9.001786,42.491945]]],[[[-8.891286,42.042538],[-8.889057,42.042203],[-8.891348,42.042301],[-8.891286,42.042538]]],[[[-8.911802,42.545329],[-8.912835,42.544151],[-8.912618,42.545584],[-8.911802,42.545329]]],[[[-8.75431,42.350522],[-8.753085,42.34999],[-8.754421,42.34895],[-8.75431,42.350522]]],[[[-7.867063,43.77897],[-7.86761,43.780189],[-7.866628,43.779574],[-7.867063,43.77897]]],[[[-8.793881,42.612542],[-8.792456,42.612416],[-8.792187,42.611493],[-8.793881,42.612542]]],[[[-9.225109,43.099944],[-9.226363,43.100919],[-9.226043,43.101279],[-9.225109,43.099944]]],[[[-9.141344,42.806157],[-9.142175,42.805176],[-9.142773,42.806152],[-9.141344,42.806157]]],[[[-8.876588,42.601995],[-8.87783,42.601985],[-8.876865,42.602863],[-8.876588,42.601995]]],[[[-9.136716,42.847462],[-9.135315,42.847646],[-9.135353,42.846311],[-9.136716,42.847462]]],[[[-9.138403,42.809664],[-9.137382,42.808117],[-9.138952,42.808545],[-9.138403,42.809664]]],[[[-8.877267,42.146133],[-8.876001,42.147089],[-8.875853,42.146665],[-8.877267,42.146133]]],[[[-7.859518,43.766526],[-7.857847,43.765841],[-7.859676,43.766177],[-7.859518,43.766526]]],[[[-9.04399,42.661551],[-9.042506,42.66171],[-9.041884,42.661086],[-9.04399,42.661551]]],[[[-8.850804,42.464385],[-8.849472,42.464957],[-8.851279,42.466089],[-8.850804,42.464385]]],[[[-9.16965,42.799589],[-9.168793,42.798105],[-9.169825,42.798157],[-9.16965,42.799589]]],[[[-8.828857,42.537585],[-8.830069,42.53701],[-8.829494,42.538543],[-8.828857,42.537585]]],[[[-8.916532,42.217293],[-8.915516,42.216265],[-8.917339,42.216981],[-8.916532,42.217293]]],[[[-8.874315,42.555636],[-8.874643,42.554467],[-8.874649,42.555565],[-8.874315,42.555636]]],[[[-8.898177,42.114774],[-8.899445,42.113727],[-8.899459,42.114267],[-8.898177,42.114774]]],[[[-8.851893,42.46693],[-8.848675,42.466717],[-8.847655,42.465428],[-8.851893,42.46693]]],[[[-8.899,42.215246],[-8.897459,42.214174],[-8.898218,42.213621],[-8.899,42.215246]]],[[[-8.053586,43.709559],[-8.053406,43.710512],[-8.052853,43.7097],[-8.053586,43.709559]]],[[[-8.224653,43.385333],[-8.22342,43.384921],[-8.224907,43.384853],[-8.224653,43.385333]]],[[[-8.827054,42.534958],[-8.827998,42.534514],[-8.827214,42.535238],[-8.827054,42.534958]]],[[[-7.86727,43.780294],[-7.865631,43.780147],[-7.865695,43.779713],[-7.86727,43.780294]]],[[[-8.341848,43.375194],[-8.340879,43.375968],[-8.340282,43.375357],[-8.341848,43.375194]]],[[[-8.886648,42.497119],[-8.887614,42.496907],[-8.886542,42.498187],[-8.886648,42.497119]]],[[[-7.603455,43.712356],[-7.603716,43.713327],[-7.603043,43.713606],[-7.603455,43.712356]]],[[[-9.102263,43.190266],[-9.100826,43.190415],[-9.100552,43.189151],[-9.102263,43.190266]]],[[[-8.191699,43.613335],[-8.190592,43.612711],[-8.191405,43.612224],[-8.191699,43.613335]]],[[[-8.447345,43.382706],[-8.446387,43.38331],[-8.44546,43.382058],[-8.447345,43.382706]]],[[[-8.211134,43.595947],[-8.209581,43.596036],[-8.209498,43.595373],[-8.211134,43.595947]]],[[[-7.516516,43.730335],[-7.517577,43.731076],[-7.516776,43.731477],[-7.516516,43.730335]]],[[[-8.629317,42.309936],[-8.63008,42.309106],[-8.630139,42.309904],[-8.629317,42.309936]]],[[[-9.032681,43.216033],[-9.032324,43.216403],[-9.031484,43.21625],[-9.032681,43.216033]]],[[[-7.58348,43.698783],[-7.584341,43.698199],[-7.584897,43.698816],[-7.58348,43.698783]]],[[[-9.170169,42.80038],[-9.169721,42.801403],[-9.169618,42.801229],[-9.170169,42.80038]]],[[[-8.827242,42.531397],[-8.827978,42.531647],[-8.827273,42.532078],[-8.827242,42.531397]]],[[[-8.737153,42.664305],[-8.736183,42.664102],[-8.738076,42.66334],[-8.737153,42.664305]]],[[[-8.969767,42.566258],[-8.970178,42.565201],[-8.970439,42.56526],[-8.969767,42.566258]]],[[[-8.880386,42.430081],[-8.879062,42.429699],[-8.880477,42.4295],[-8.880386,42.430081]]],[[[-8.84339,42.626357],[-8.8433,42.625398],[-8.843609,42.625446],[-8.84339,42.626357]]],[[[-9.046205,42.518353],[-9.045541,42.517776],[-9.046491,42.517528],[-9.046205,42.518353]]],[[[-8.978085,42.784124],[-8.978728,42.783307],[-8.978576,42.784773],[-8.978085,42.784124]]],[[[-8.335612,43.406157],[-8.336498,43.406404],[-8.335425,43.406976],[-8.335612,43.406157]]],[[[-9.18693,42.880134],[-9.187145,42.878989],[-9.18797,42.879277],[-9.18693,42.880134]]],[[[-9.007554,42.515523],[-9.007679,42.514409],[-9.008431,42.51464],[-9.007554,42.515523]]],[[[-7.490393,43.72898],[-7.491376,43.728176],[-7.491986,43.728864],[-7.490393,43.72898]]],[[[-8.829399,42.122973],[-8.828442,42.123481],[-8.828216,42.122862],[-8.829399,42.122973]]],[[[-9.146794,42.817206],[-9.145754,42.817442],[-9.146072,42.816461],[-9.146794,42.817206]]],[[[-8.871797,42.560842],[-8.872765,42.560648],[-8.872349,42.561012],[-8.871797,42.560842]]],[[[-8.903433,42.117077],[-8.902216,42.117122],[-8.901665,42.116269],[-8.903433,42.117077]]],[[[-8.934614,42.581917],[-8.935361,42.582086],[-8.933945,42.582573],[-8.934614,42.581917]]],[[[-9.143199,42.804032],[-9.143803,42.802856],[-9.143914,42.804471],[-9.143199,42.804032]]],[[[-8.837002,42.493825],[-8.837801,42.493136],[-8.837691,42.494429],[-8.837002,42.493825]]],[[[-8.89715,42.088659],[-8.898103,42.087997],[-8.897574,42.088799],[-8.89715,42.088659]]],[[[-8.197687,43.611946],[-8.1981,43.612278],[-8.19707,43.612686],[-8.197687,43.611946]]],[[[-8.877125,42.52754],[-8.878155,42.527623],[-8.877761,42.528219],[-8.877125,42.52754]]],[[[-9.041501,43.211884],[-9.040342,43.211487],[-9.040266,43.210843],[-9.041501,43.211884]]],[[[-8.936665,42.342571],[-8.937841,42.342429],[-8.936169,42.343227],[-8.936665,42.342571]]],[[[-8.830691,42.470481],[-8.832078,42.469969],[-8.832201,42.470377],[-8.830691,42.470481]]],[[[-8.909138,43.306169],[-8.908058,43.305964],[-8.909688,43.305744],[-8.909138,43.306169]]],[[[-9.098325,43.193456],[-9.097123,43.193494],[-9.097596,43.192928],[-9.098325,43.193456]]],[[[-8.920493,42.400824],[-8.921319,42.400439],[-8.921164,42.401113],[-8.920493,42.400824]]],[[[-8.777217,42.223896],[-8.778293,42.223482],[-8.777978,42.224146],[-8.777217,42.223896]]],[[[-9.168943,42.86719],[-9.169401,42.866249],[-9.169899,42.866918],[-9.168943,42.86719]]],[[[-9.117233,43.199572],[-9.117873,43.199448],[-9.117401,43.200022],[-9.117233,43.199572]]],[[[-8.989871,42.775962],[-8.990733,42.775647],[-8.990588,42.776303],[-8.989871,42.775962]]],[[[-8.624734,42.341039],[-8.625481,42.34057],[-8.625122,42.341443],[-8.624734,42.341039]]],[[[-8.827755,42.323909],[-8.828029,42.322805],[-8.828581,42.322876],[-8.827755,42.323909]]],[[[-8.945401,42.38041],[-8.945859,42.380243],[-8.944905,42.38094],[-8.945401,42.38041]]],[[[-8.87491,41.869969],[-8.875923,41.869071],[-8.875195,41.870188],[-8.87491,41.869969]]],[[[-9.036489,43.206758],[-9.0365,43.205875],[-9.037336,43.205741],[-9.036489,43.206758]]],[[[-9.186343,42.882093],[-9.187013,42.881453],[-9.187326,42.882012],[-9.186343,42.882093]]],[[[-8.903584,42.116881],[-8.904335,42.116635],[-8.903706,42.117675],[-8.903584,42.116881]]],[[[-8.825648,42.495332],[-8.824867,42.494912],[-8.825451,42.494793],[-8.825648,42.495332]]],[[[-7.750195,43.748283],[-7.751121,43.747587],[-7.751379,43.747864],[-7.750195,43.748283]]],[[[-8.758952,43.301604],[-8.757872,43.301397],[-8.758373,43.300832],[-8.758952,43.301604]]],[[[-8.090438,43.666292],[-8.090273,43.665813],[-8.091579,43.666583],[-8.090438,43.666292]]],[[[-8.751674,42.35142],[-8.750912,42.352107],[-8.751106,42.351314],[-8.751674,42.35142]]],[[[-7.604848,43.698157],[-7.604735,43.697324],[-7.60527,43.6975],[-7.604848,43.698157]]],[[[-8.076077,43.669525],[-8.076863,43.668995],[-8.077129,43.669793],[-8.076077,43.669525]]],[[[-8.828517,42.250486],[-8.827682,42.250105],[-8.828415,42.24978],[-8.828517,42.250486]]],[[[-7.755259,43.742922],[-7.755899,43.742391],[-7.75565,43.743005],[-7.755259,43.742922]]],[[[-8.623138,42.340154],[-8.62356,42.33944],[-8.623419,42.340311],[-8.623138,42.340154]]],[[[-8.553231,43.315024],[-8.554353,43.315032],[-8.553431,43.315464],[-8.553231,43.315024]]],[[[-9.17365,42.79876],[-9.172835,42.798192],[-9.173884,42.798415],[-9.17365,42.79876]]],[[[-8.895028,42.490773],[-8.89585,42.49046],[-8.895033,42.491213],[-8.895028,42.490773]]],[[[-9.006369,42.514838],[-9.006992,42.513725],[-9.007116,42.513872],[-9.006369,42.514838]]],[[[-8.887219,42.544898],[-8.887934,42.5446],[-8.887339,42.545396],[-8.887219,42.544898]]],[[[-9.138937,42.806917],[-9.139776,42.807241],[-9.139062,42.807432],[-9.138937,42.806917]]],[[[-9.04659,42.511392],[-9.045504,42.511486],[-9.045877,42.510809],[-9.04659,42.511392]]],[[[-9.298305,42.922132],[-9.298601,42.921675],[-9.29882,42.922257],[-9.298305,42.922132]]],[[[-9.128912,42.808509],[-9.129304,42.807777],[-9.129662,42.80819],[-9.128912,42.808509]]],[[[-8.86574,42.5188],[-8.866117,42.519186],[-8.864938,42.519462],[-8.86574,42.5188]]],[[[-9.061742,42.61994],[-9.060372,42.619896],[-9.061795,42.619613],[-9.061742,42.61994]]],[[[-8.909279,42.178843],[-8.910223,42.178587],[-8.909875,42.179127],[-8.909279,42.178843]]],[[[-8.875657,42.147296],[-8.875076,42.147938],[-8.874435,42.147548],[-8.875657,42.147296]]],[[[-8.855692,42.626123],[-8.855039,42.626444],[-8.855077,42.625803],[-8.855692,42.626123]]],[[[-8.833807,42.544579],[-8.833174,42.543927],[-8.833634,42.543903],[-8.833807,42.544579]]],[[[-8.877835,43.321785],[-8.878263,43.321115],[-8.878475,43.321518],[-8.877835,43.321785]]],[[[-8.893804,42.059269],[-8.894856,42.059413],[-8.895053,42.059709],[-8.893804,42.059269]]],[[[-9.169295,42.864154],[-9.170214,42.863883],[-9.170281,42.864421],[-9.169295,42.864154]]],[[[-9.13577,42.790641],[-9.13702,42.790547],[-9.13724,42.790796],[-9.13577,42.790641]]],[[[-8.99207,42.777602],[-8.990955,42.777184],[-8.992018,42.777065],[-8.99207,42.777602]]],[[[-8.222517,43.375346],[-8.221545,43.375296],[-8.2225,43.374991],[-8.222517,43.375346]]],[[[-9.081308,42.733022],[-9.081497,42.732589],[-9.082995,42.732671],[-9.081308,42.733022]]],[[[-9.185313,42.878656],[-9.184651,42.879016],[-9.18386,42.878816],[-9.185313,42.878656]]],[[[-9.152477,42.802065],[-9.153256,42.801906],[-9.153211,42.802439],[-9.152477,42.802065]]],[[[-8.890487,42.027276],[-8.889783,42.026592],[-8.890821,42.02698],[-8.890487,42.027276]]],[[[-8.900601,42.11536],[-8.901006,42.114781],[-8.900973,42.11598],[-8.900601,42.11536]]],[[[-8.867937,42.146216],[-8.868889,42.14605],[-8.8681,42.146676],[-8.867937,42.146216]]],[[[-8.903223,42.459545],[-8.904002,42.459172],[-8.903981,42.459722],[-8.903223,42.459545]]],[[[-9.005932,42.49269],[-9.004683,42.492855],[-9.004711,42.492511],[-9.005932,42.49269]]],[[[-8.993172,42.486204],[-8.992562,42.485048],[-8.993557,42.485914],[-8.993172,42.486204]]],[[[-8.905936,42.460467],[-8.906232,42.461028],[-8.905701,42.460551],[-8.905936,42.460467]]],[[[-8.7565,43.299666],[-8.757233,43.299854],[-8.756616,43.299975],[-8.7565,43.299666]]],[[[-8.614191,42.346094],[-8.61497,42.346254],[-8.613888,42.34637],[-8.614191,42.346094]]],[[[-9.128774,42.772204],[-9.129844,42.772147],[-9.128624,42.772419],[-9.128774,42.772204]]],[[[-9.288744,42.889427],[-9.289563,42.889301],[-9.289698,42.889779],[-9.288744,42.889427]]],[[[-7.752757,43.745979],[-7.751929,43.7465],[-7.751866,43.74571],[-7.752757,43.745979]]],[[[-8.835984,42.550283],[-8.836615,42.549998],[-8.836552,42.550632],[-8.835984,42.550283]]],[[[-8.904903,42.117542],[-8.904775,42.118115],[-8.904407,42.11754],[-8.904903,42.117542]]],[[[-8.193889,43.613587],[-8.194524,43.613621],[-8.194042,43.61421],[-8.193889,43.613587]]],[[[-8.436714,43.382386],[-8.437344,43.381699],[-8.437149,43.382419],[-8.436714,43.382386]]],[[[-8.839475,42.547386],[-8.840381,42.547177],[-8.840427,42.547418],[-8.839475,42.547386]]],[[[-8.884792,41.882991],[-8.885446,41.882633],[-8.885242,41.883301],[-8.884792,41.882991]]],[[[-9.146477,42.815611],[-9.146725,42.814788],[-9.146831,42.81561],[-9.146477,42.815611]]],[[[-8.851736,42.471881],[-8.852563,42.471361],[-8.852151,42.47203],[-8.851736,42.471881]]],[[[-9.169911,42.863052],[-9.170143,42.863687],[-9.169816,42.86323],[-9.169911,42.863052]]],[[[-9.039252,43.21366],[-9.038667,43.214087],[-9.038598,43.213515],[-9.039252,43.21366]]],[[[-7.774103,43.738795],[-7.77474,43.738841],[-7.77427,43.739184],[-7.774103,43.738795]]],[[[-9.145309,42.815431],[-9.14568,42.81461],[-9.145701,42.81568],[-9.145309,42.815431]]],[[[-8.905697,42.116979],[-8.90484,42.117131],[-8.904846,42.116932],[-8.905697,42.116979]]],[[[-8.842851,43.362594],[-8.841925,43.362721],[-8.841932,43.362417],[-8.842851,43.362594]]],[[[-8.869659,42.521398],[-8.870332,42.521823],[-8.869597,42.521509],[-8.869659,42.521398]]],[[[-9.140416,42.853555],[-9.141134,42.853139],[-9.14045,42.853769],[-9.140416,42.853555]]],[[[-8.844093,42.483272],[-8.844786,42.483012],[-8.844672,42.483738],[-8.844093,42.483272]]],[[[-9.13228,42.845793],[-9.132637,42.844945],[-9.132684,42.846158],[-9.13228,42.845793]]],[[[-9.137045,43.200578],[-9.136344,43.200579],[-9.136012,43.199967],[-9.137045,43.200578]]],[[[-9.198379,43.161171],[-9.198777,43.160735],[-9.199033,43.161198],[-9.198379,43.161171]]],[[[-7.609032,43.676627],[-7.609754,43.676015],[-7.60977,43.676313],[-7.609032,43.676627]]],[[[-7.802371,43.745711],[-7.802857,43.745276],[-7.802926,43.745823],[-7.802371,43.745711]]],[[[-8.647056,42.317721],[-8.647957,42.317487],[-8.647172,42.317796],[-8.647056,42.317721]]],[[[-8.31518,43.550441],[-8.315937,43.550036],[-8.315766,43.550485],[-8.31518,43.550441]]],[[[-8.413827,43.388966],[-8.413373,43.389276],[-8.412688,43.389074],[-8.413827,43.388966]]],[[[-8.914755,42.544366],[-8.915184,42.543759],[-8.915441,42.54416],[-8.914755,42.544366]]],[[[-9.06449,42.61938],[-9.063784,42.61976],[-9.06361,42.619598],[-9.06449,42.61938]]],[[[-8.777933,42.221007],[-8.777282,42.221562],[-8.777506,42.220974],[-8.777933,42.221007]]],[[[-8.251221,43.366719],[-8.25095,43.367155],[-8.250652,43.366989],[-8.251221,43.366719]]],[[[-8.196469,43.603575],[-8.195977,43.603904],[-8.196001,43.603462],[-8.196469,43.603575]]],[[[-8.79097,42.611384],[-8.791589,42.611091],[-8.791636,42.611332],[-8.79097,42.611384]]],[[[-8.148119,43.623739],[-8.148332,43.622604],[-8.148494,43.62247],[-8.148119,43.623739]]],[[[-9.150404,42.870048],[-9.150803,42.870369],[-9.150265,42.870623],[-9.150404,42.870048]]],[[[-8.86884,42.604995],[-8.869419,42.60493],[-8.869044,42.605219],[-8.86884,42.604995]]],[[[-8.885295,42.036014],[-8.886094,42.035775],[-8.885473,42.036239],[-8.885295,42.036014]]],[[[-9.153034,42.797714],[-9.153631,42.797205],[-9.153352,42.797958],[-9.153034,42.797714]]],[[[-8.052036,43.711932],[-8.051299,43.712172],[-8.051264,43.711759],[-8.052036,43.711932]]],[[[-8.765962,42.226778],[-8.7665,42.226445],[-8.766221,42.227233],[-8.765962,42.226778]]],[[[-8.347521,43.36228],[-8.348157,43.36207],[-8.347886,43.362641],[-8.347521,43.36228]]],[[[-8.929059,42.44943],[-8.929815,42.44958],[-8.929239,42.449916],[-8.929059,42.44943]]],[[[-8.877424,42.436985],[-8.878185,42.437063],[-8.877592,42.437345],[-8.877424,42.436985]]],[[[-8.911367,43.304001],[-8.911706,43.303425],[-8.911942,43.303827],[-8.911367,43.304001]]],[[[-8.153373,43.617947],[-8.154217,43.617674],[-8.153992,43.618225],[-8.153373,43.617947]]],[[[-9.014154,42.490277],[-9.014093,42.490658],[-9.013256,42.490432],[-9.014154,42.490277]]],[[[-9.183798,42.88052],[-9.184421,42.880388],[-9.184202,42.88076],[-9.183798,42.88052]]],[[[-8.521304,43.325243],[-8.521884,43.325386],[-8.521081,43.325641],[-8.521304,43.325243]]],[[[-9.187053,42.882711],[-9.187701,42.882334],[-9.187768,42.882636],[-9.187053,42.882711]]],[[[-8.413494,43.384409],[-8.412574,43.384056],[-8.413516,43.384237],[-8.413494,43.384409]]],[[[-8.839913,43.345569],[-8.839644,43.346363],[-8.839499,43.345635],[-8.839913,43.345569]]],[[[-8.892717,42.489749],[-8.892075,42.49016],[-8.89196,42.489968],[-8.892717,42.489749]]],[[[-9.141369,42.794841],[-9.141961,42.794773],[-9.141355,42.795067],[-9.141369,42.794841]]],[[[-8.780628,43.305188],[-8.780943,43.304227],[-8.780883,43.305274],[-8.780628,43.305188]]],[[[-9.184302,42.879683],[-9.184645,42.879196],[-9.184915,42.879695],[-9.184302,42.879683]]],[[[-7.747984,43.746871],[-7.748506,43.746399],[-7.748147,43.746883],[-7.747984,43.746871]]],[[[-9.000443,42.495319],[-8.999542,42.494925],[-9.000576,42.495051],[-9.000443,42.495319]]],[[[-9.184471,43.184232],[-9.183997,43.183808],[-9.184382,43.183355],[-9.184471,43.184232]]],[[[-8.96077,42.775515],[-8.961215,42.774934],[-8.961411,42.775193],[-8.96077,42.775515]]],[[[-9.161356,42.894071],[-9.161828,42.893597],[-9.162029,42.894179],[-9.161356,42.894071]]],[[[-8.997751,42.527857],[-8.997286,42.527198],[-8.998042,42.527725],[-8.997751,42.527857]]],[[[-9.042742,42.535135],[-9.04327,42.535053],[-9.04312,42.535385],[-9.042742,42.535135]]],[[[-9.151623,42.873934],[-9.150924,42.873918],[-9.151253,42.873288],[-9.151623,42.873934]]],[[[-7.869056,43.774753],[-7.868369,43.774089],[-7.869384,43.774658],[-7.869056,43.774753]]],[[[-9.148105,42.794235],[-9.148845,42.793934],[-9.148866,42.794149],[-9.148105,42.794235]]],[[[-8.918427,42.586169],[-8.917677,42.585965],[-8.918387,42.585874],[-8.918427,42.586169]]],[[[-9.184809,42.882419],[-9.185004,42.881922],[-9.185058,42.882468],[-9.184809,42.882419]]],[[[-8.899347,42.115272],[-8.89987,42.115038],[-8.899765,42.11534],[-8.899347,42.115272]]],[[[-9.038838,42.517914],[-9.039239,42.517407],[-9.039478,42.517611],[-9.038838,42.517914]]],[[[-9.185067,42.879623],[-9.185472,42.879151],[-9.185491,42.879582],[-9.185067,42.879623]]],[[[-7.436287,43.719205],[-7.437046,43.718726],[-7.436482,43.719495],[-7.436287,43.719205]]],[[[-9.146512,42.863165],[-9.146829,42.862292],[-9.14667,42.863282],[-9.146512,42.863165]]],[[[-9.041167,42.514947],[-9.04137,42.514153],[-9.041533,42.514198],[-9.041167,42.514947]]],[[[-9.14809,42.878517],[-9.148226,42.878897],[-9.147306,42.878749],[-9.14809,42.878517]]],[[[-9.014586,42.498059],[-9.015087,42.497708],[-9.015171,42.498073],[-9.014586,42.498059]]],[[[-8.867596,42.606788],[-8.868123,42.606301],[-8.867989,42.606821],[-8.867596,42.606788]]],[[[-8.802444,42.614582],[-8.802963,42.614268],[-8.803036,42.614786],[-8.802444,42.614582]]],[[[-8.875605,42.501405],[-8.876224,42.500878],[-8.87581,42.501647],[-8.875605,42.501405]]],[[[-8.900038,42.094892],[-8.899301,42.094768],[-8.899876,42.09445],[-8.900038,42.094892]]],[[[-8.807941,42.583471],[-8.808638,42.583499],[-8.808133,42.58383],[-8.807941,42.583471]]],[[[-9.139855,42.851965],[-9.139618,42.852419],[-9.139604,42.851907],[-9.139855,42.851965]]],[[[-9.188267,42.880773],[-9.18745,42.880925],[-9.187222,42.880245],[-9.188267,42.880773]]],[[[-8.877552,41.874208],[-8.877516,41.874867],[-8.877136,41.874274],[-8.877552,41.874208]]],[[[-8.91319,42.202415],[-8.912665,42.203144],[-8.912938,42.20205],[-8.91319,42.202415]]],[[[-8.83777,43.364145],[-8.838319,43.363798],[-8.83819,43.364295],[-8.83777,43.364145]]],[[[-8.92301,42.45204],[-8.923603,42.452018],[-8.923569,42.452173],[-8.92301,42.45204]]],[[[-9.004808,42.493775],[-9.005321,42.493289],[-9.005448,42.493985],[-9.004808,42.493775]]],[[[-8.998455,42.489428],[-8.998734,42.489801],[-8.997968,42.489679],[-8.998455,42.489428]]],[[[-8.880133,41.875822],[-8.879211,41.876139],[-8.880038,41.875701],[-8.880133,41.875822]]],[[[-9.136386,43.198057],[-9.136605,43.197424],[-9.137066,43.197966],[-9.136386,43.198057]]],[[[-8.626125,42.304889],[-8.62662,42.30446],[-8.626412,42.304974],[-8.626125,42.304889]]],[[[-8.863347,42.24613],[-8.863798,42.246296],[-8.863108,42.246817],[-8.863347,42.24613]]],[[[-8.935519,42.480772],[-8.935873,42.480276],[-8.935641,42.480783],[-8.935519,42.480772]]],[[[-8.06649,43.701874],[-8.066942,43.701494],[-8.066773,43.701997],[-8.06649,43.701874]]],[[[-8.407769,43.388858],[-8.40792,43.388616],[-8.408066,43.388727],[-8.407769,43.388858]]],[[[-8.520011,43.326755],[-8.520536,43.327108],[-8.520146,43.327298],[-8.520011,43.326755]]],[[[-8.04806,43.715124],[-8.047307,43.71532],[-8.047255,43.714998],[-8.04806,43.715124]]],[[[-8.197846,43.610913],[-8.198326,43.610873],[-8.198009,43.611364],[-8.197846,43.610913]]],[[[-8.84254,42.25825],[-8.842299,42.258919],[-8.842095,42.258416],[-8.84254,42.25825]]],[[[-8.13532,43.636118],[-8.135793,43.635845],[-8.135841,43.635978],[-8.13532,43.636118]]],[[[-9.29251,43.059067],[-9.292803,43.058816],[-9.293074,43.05918],[-9.29251,43.059067]]],[[[-9.054202,42.507325],[-9.054635,42.507023],[-9.054636,42.507662],[-9.054202,42.507325]]],[[[-8.041189,43.7146],[-8.041564,43.714187],[-8.041591,43.714654],[-8.041189,43.7146]]],[[[-8.834926,43.356163],[-8.835747,43.355851],[-8.83581,43.356118],[-8.834926,43.356163]]],[[[-8.017302,43.713628],[-8.017736,43.713321],[-8.017478,43.7138],[-8.017302,43.713628]]],[[[-8.759933,42.258544],[-8.760522,42.258488],[-8.760311,42.258831],[-8.759933,42.258544]]],[[[-8.559941,43.316281],[-8.56043,43.31596],[-8.560343,43.316361],[-8.559941,43.316281]]],[[[-8.916581,43.29399],[-8.917035,43.293588],[-8.917198,43.293877],[-8.916581,43.29399]]],[[[-8.812944,42.25848],[-8.813443,42.258761],[-8.813174,42.259],[-8.812944,42.25848]]],[[[-8.900801,42.104782],[-8.901044,42.104409],[-8.901225,42.104796],[-8.900801,42.104782]]],[[[-8.956997,42.573829],[-8.95741,42.573304],[-8.957589,42.573393],[-8.956997,42.573829]]],[[[-8.983391,43.265954],[-8.982809,43.2663],[-8.982723,43.266052],[-8.983391,43.265954]]],[[[-8.022178,43.71272],[-8.021427,43.712492],[-8.022175,43.712378],[-8.022178,43.71272]]],[[[-9.144576,42.884153],[-9.144903,42.883991],[-9.1441,42.884655],[-9.144576,42.884153]]],[[[-8.738239,42.375744],[-8.738768,42.37542],[-8.738612,42.375977],[-8.738239,42.375744]]],[[[-8.81649,42.495222],[-8.816969,42.494883],[-8.816959,42.495162],[-8.81649,42.495222]]],[[[-9.266987,43.053407],[-9.266928,43.052708],[-9.267385,43.053097],[-9.266987,43.053407]]],[[[-8.890761,42.0262],[-8.891321,42.026117],[-8.890765,42.026371],[-8.890761,42.0262]]],[[[-8.933603,42.452354],[-8.934312,42.452398],[-8.933602,42.452606],[-8.933603,42.452354]]],[[[-8.83957,42.465689],[-8.840189,42.465549],[-8.839804,42.465848],[-8.83957,42.465689]]],[[[-9.138945,42.79012],[-9.139614,42.790093],[-9.139824,42.790477],[-9.138945,42.79012]]],[[[-9.258024,43.08968],[-9.258196,43.089202],[-9.25849,43.089672],[-9.258024,43.08968]]],[[[-9.215875,43.151369],[-9.216309,43.15104],[-9.216352,43.151469],[-9.215875,43.151369]]],[[[-8.94537,42.355324],[-8.945898,42.355009],[-8.945896,42.355243],[-8.94537,42.355324]]],[[[-8.881233,42.423826],[-8.881794,42.423464],[-8.881824,42.423517],[-8.881233,42.423826]]],[[[-7.546779,43.733715],[-7.547237,43.733372],[-7.547138,43.733862],[-7.546779,43.733715]]],[[[-8.90957,43.305039],[-8.910262,43.304931],[-8.909599,43.305082],[-8.90957,43.305039]]],[[[-9.079851,42.59632],[-9.080658,42.596232],[-9.080852,42.596591],[-9.079851,42.59632]]],[[[-9.005977,42.497711],[-9.006437,42.497443],[-9.006673,42.497872],[-9.005977,42.497711]]],[[[-9.045426,42.512183],[-9.044832,42.511953],[-9.044993,42.51136],[-9.045426,42.512183]]],[[[-9.13741,43.197966],[-9.136883,43.197373],[-9.137552,43.197904],[-9.13741,43.197966]]],[[[-9.179578,43.183418],[-9.179983,43.183405],[-9.179755,43.184308],[-9.179578,43.183418]]],[[[-9.296668,42.926246],[-9.296971,42.925852],[-9.296964,42.926383],[-9.296668,42.926246]]],[[[-8.87741,41.875421],[-8.87779,41.875096],[-8.877828,41.875634],[-8.87741,41.875421]]],[[[-8.304696,43.541287],[-8.305042,43.541001],[-8.305094,43.541449],[-8.304696,43.541287]]],[[[-7.79801,43.732031],[-7.798456,43.731706],[-7.7985,43.7321],[-7.79801,43.732031]]],[[[-8.891831,42.057408],[-8.89195,42.056997],[-8.892257,42.057179],[-8.891831,42.057408]]],[[[-9.054146,42.520812],[-9.05461,42.520446],[-9.054641,42.520642],[-9.054146,42.520812]]],[[[-8.930323,42.451093],[-8.930832,42.450949],[-8.930577,42.451341],[-8.930323,42.451093]]],[[[-7.862955,43.76755],[-7.863426,43.767224],[-7.863129,43.767858],[-7.862955,43.76755]]],[[[-7.063354,43.559486],[-7.063776,43.559138],[-7.063623,43.55963],[-7.063354,43.559486]]],[[[-7.118401,43.561564],[-7.117798,43.561631],[-7.11837,43.561484],[-7.118401,43.561564]]],[[[-9.18774,43.182624],[-9.188197,43.182527],[-9.187982,43.18307],[-9.18774,43.182624]]],[[[-8.89001,42.564666],[-8.8895,42.564684],[-8.889508,42.564251],[-8.89001,42.564666]]],[[[-8.877427,42.554674],[-8.877984,42.554772],[-8.877867,42.555084],[-8.877427,42.554674]]],[[[-8.817108,42.189259],[-8.817569,42.189011],[-8.817744,42.189596],[-8.817108,42.189259]]],[[[-9.052961,42.507193],[-9.052903,42.506593],[-9.053163,42.507146],[-9.052961,42.507193]]],[[[-8.305574,43.540571],[-8.304675,43.540343],[-8.305727,43.540483],[-8.305574,43.540571]]],[[[-8.849644,43.335863],[-8.850259,43.335693],[-8.850372,43.336024],[-8.849644,43.335863]]],[[[-8.838613,43.363292],[-8.838165,43.362808],[-8.838759,43.363077],[-8.838613,43.363292]]],[[[-8.008718,43.707731],[-8.009241,43.707609],[-8.009259,43.708121],[-8.008718,43.707731]]],[[[-8.832933,42.470403],[-8.833585,42.470216],[-8.833203,42.47056],[-8.832933,42.470403]]],[[[-9.171501,42.800137],[-9.171884,42.800296],[-9.171486,42.80084],[-9.171501,42.800137]]],[[[-8.941775,42.461876],[-8.9422,42.461737],[-8.942113,42.462236],[-8.941775,42.461876]]],[[[-8.009058,43.709579],[-8.00963,43.709446],[-8.009665,43.709859],[-8.009058,43.709579]]],[[[-9.014802,42.498659],[-9.014553,42.498222],[-9.01499,42.498343],[-9.014802,42.498659]]],[[[-8.595338,43.321382],[-8.595196,43.320912],[-8.59565,43.321151],[-8.595338,43.321382]]],[[[-8.817503,42.493424],[-8.817926,42.493529],[-8.817707,42.493792],[-8.817503,42.493424]]],[[[-9.146668,42.794042],[-9.14716,42.794079],[-9.146813,42.794647],[-9.146668,42.794042]]],[[[-8.961239,42.571312],[-8.961309,42.570769],[-8.961509,42.571208],[-8.961239,42.571312]]],[[[-8.891261,42.492101],[-8.89179,42.491912],[-8.891733,42.492212],[-8.891261,42.492101]]],[[[-8.848754,43.362548],[-8.849229,43.362226],[-8.849069,43.362613],[-8.848754,43.362548]]],[[[-7.854886,43.72668],[-7.855259,43.726385],[-7.855556,43.726832],[-7.854886,43.72668]]],[[[-9.191372,43.161678],[-9.191565,43.16128],[-9.191766,43.161683],[-9.191372,43.161678]]],[[[-8.590327,43.321196],[-8.590566,43.320842],[-8.590768,43.32103],[-8.590327,43.321196]]],[[[-9.025507,42.489327],[-9.025772,42.488917],[-9.025907,42.489054],[-9.025507,42.489327]]],[[[-8.182744,43.622151],[-8.182274,43.62202],[-8.182917,43.621711],[-8.182744,43.622151]]],[[[-7.69057,43.792351],[-7.69093,43.79203],[-7.69097,43.792217],[-7.69057,43.792351]]],[[[-9.074019,42.566115],[-9.074231,42.565663],[-9.074395,42.566095],[-9.074019,42.566115]]],[[[-8.918641,42.250518],[-8.919138,42.250384],[-8.919216,42.250704],[-8.918641,42.250518]]],[[[-8.937823,42.34198],[-8.938325,42.341774],[-8.938034,42.342158],[-8.937823,42.34198]]],[[[-9.130694,42.844104],[-9.131043,42.843807],[-9.13119,42.844177],[-9.130694,42.844104]]],[[[-8.966239,43.229316],[-8.966838,43.229149],[-8.96673,43.229425],[-8.966239,43.229316]]],[[[-8.32651,43.404863],[-8.32696,43.404923],[-8.326481,43.405234],[-8.32651,43.404863]]],[[[-8.307791,43.56942],[-8.308276,43.569164],[-8.308449,43.5693],[-8.307791,43.56942]]],[[[-8.826851,42.58104],[-8.826167,42.581021],[-8.826296,42.580709],[-8.826851,42.58104]]],[[[-8.834105,43.350444],[-8.834692,43.350522],[-8.834089,43.350535],[-8.834105,43.350444]]],[[[-9.014794,42.488587],[-9.015421,42.488527],[-9.014948,42.488795],[-9.014794,42.488587]]],[[[-8.925621,42.448285],[-8.925963,42.448565],[-8.925704,42.44865],[-8.925621,42.448285]]],[[[-8.902835,42.536233],[-8.903158,42.536307],[-8.902621,42.536551],[-8.902835,42.536233]]],[[[-8.873427,42.438298],[-8.873469,42.437836],[-8.873687,42.438212],[-8.873427,42.438298]]],[[[-8.181023,43.622455],[-8.181416,43.622707],[-8.180915,43.622649],[-8.181023,43.622455]]],[[[-8.872796,42.555795],[-8.872998,42.555352],[-8.873158,42.555758],[-8.872796,42.555795]]],[[[-8.780302,42.219501],[-8.780396,42.219073],[-8.780553,42.219191],[-8.780302,42.219501]]],[[[-8.873918,42.147457],[-8.873692,42.148018],[-8.87345,42.147887],[-8.873918,42.147457]]],[[[-8.833883,42.28649],[-8.833977,42.286197],[-8.834345,42.286376],[-8.833883,42.28649]]],[[[-8.901291,42.111346],[-8.901554,42.111053],[-8.901798,42.111338],[-8.901291,42.111346]]],[[[-9.171807,42.86357],[-9.171789,42.863199],[-9.172284,42.863379],[-9.171807,42.86357]]],[[[-9.162492,42.912882],[-9.162831,42.912603],[-9.16272,42.913329],[-9.162492,42.912882]]],[[[-8.844094,43.362379],[-8.844275,43.361909],[-8.844581,43.362183],[-8.844094,43.362379]]],[[[-8.010017,43.709771],[-8.010426,43.709609],[-8.010406,43.709817],[-8.010017,43.709771]]],[[[-9.150987,42.872582],[-9.151585,42.872073],[-9.151032,42.872787],[-9.150987,42.872582]]],[[[-8.82721,42.386374],[-8.827532,42.386051],[-8.827514,42.386376],[-8.82721,42.386374]]],[[[-8.901717,42.112152],[-8.902387,42.112081],[-8.902466,42.112284],[-8.901717,42.112152]]],[[[-8.944668,42.355091],[-8.945003,42.354785],[-8.944814,42.355605],[-8.944668,42.355091]]],[[[-8.282449,43.561388],[-8.283109,43.561439],[-8.282434,43.561506],[-8.282449,43.561388]]],[[[-8.889498,41.971218],[-8.88941,41.970791],[-8.889946,41.970844],[-8.889498,41.971218]]],[[[-9.142273,42.854751],[-9.141527,42.85463],[-9.141871,42.854278],[-9.142273,42.854751]]],[[[-9.116,43.196974],[-9.116425,43.197032],[-9.116108,43.197553],[-9.116,43.196974]]],[[[-7.771469,43.742209],[-7.77098,43.741843],[-7.771323,43.741621],[-7.771469,43.742209]]],[[[-8.891744,42.043838],[-8.89218,42.04359],[-8.892289,42.043855],[-8.891744,42.043838]]],[[[-8.88227,42.557621],[-8.882775,42.557676],[-8.882842,42.558005],[-8.88227,42.557621]]],[[[-7.513085,43.724997],[-7.513416,43.724939],[-7.512692,43.725219],[-7.513085,43.724997]]],[[[-8.86455,42.306759],[-8.863865,42.306956],[-8.863742,42.3068],[-8.86455,42.306759]]],[[[-9.11439,43.194774],[-9.114841,43.194615],[-9.114709,43.195018],[-9.11439,43.194774]]],[[[-9.145493,42.736541],[-9.14605,42.736367],[-9.146012,42.736603],[-9.145493,42.736541]]],[[[-8.889763,42.045911],[-8.890391,42.045915],[-8.890335,42.046098],[-8.889763,42.045911]]],[[[-9.144855,42.820704],[-9.145307,42.820454],[-9.145352,42.820776],[-9.144855,42.820704]]],[[[-9.089989,42.578506],[-9.089396,42.578429],[-9.089341,42.577982],[-9.089989,42.578506]]],[[[-8.306714,43.569146],[-8.307335,43.568883],[-8.307407,43.568997],[-8.306714,43.569146]]],[[[-9.130073,42.770271],[-9.130519,42.770085],[-9.130542,42.770318],[-9.130073,42.770271]]],[[[-9.151495,43.194398],[-9.151944,43.19458],[-9.151606,43.194761],[-9.151495,43.194398]]],[[[-9.00974,42.499151],[-9.009426,42.498798],[-9.009982,42.498886],[-9.00974,42.499151]]],[[[-8.212363,43.593118],[-8.212882,43.593112],[-8.213067,43.593383],[-8.212363,43.593118]]],[[[-8.884555,42.010145],[-8.885057,42.009966],[-8.884904,42.010271],[-8.884555,42.010145]]],[[[-9.04433,42.510792],[-9.044751,42.510994],[-9.044505,42.511215],[-9.04433,42.510792]]],[[[-8.983237,43.265647],[-8.983447,43.265276],[-8.983577,43.265719],[-8.983237,43.265647]]],[[[-8.888165,42.544597],[-8.888567,42.544469],[-8.888425,42.544773],[-8.888165,42.544597]]],[[[-8.994693,42.487484],[-8.994954,42.487038],[-8.995084,42.487121],[-8.994693,42.487484]]],[[[-8.946437,42.380069],[-8.946599,42.379601],[-8.946623,42.380113],[-8.946437,42.380069]]],[[[-9.02532,42.48862],[-9.025611,42.48832],[-9.025703,42.488611],[-9.02532,42.48862]]],[[[-9.14669,42.739123],[-9.147048,42.738915],[-9.147048,42.739167],[-9.14669,42.739123]]],[[[-9.020612,43.218697],[-9.021079,43.21869],[-9.02082,43.218929],[-9.020612,43.218697]]],[[[-8.767962,42.337015],[-8.767338,42.337083],[-8.767531,42.336677],[-8.767962,42.337015]]],[[[-8.825053,42.461641],[-8.825235,42.461236],[-8.825557,42.461435],[-8.825053,42.461641]]],[[[-8.747306,42.650624],[-8.747644,42.650463],[-8.747702,42.650694],[-8.747306,42.650624]]],[[[-8.013918,43.711301],[-8.014315,43.711005],[-8.01435,43.711273],[-8.013918,43.711301]]],[[[-9.138567,42.789879],[-9.138122,42.789462],[-9.138653,42.789766],[-9.138567,42.789879]]],[[[-8.827482,42.324238],[-8.827944,42.324511],[-8.827475,42.324292],[-8.827482,42.324238]]],[[[-8.06544,43.701498],[-8.065918,43.701279],[-8.065771,43.701591],[-8.06544,43.701498]]],[[[-8.922468,42.450942],[-8.922673,42.450788],[-8.922622,42.451412],[-8.922468,42.450942]]],[[[-8.984522,43.267686],[-8.985318,43.267635],[-8.98454,43.267748],[-8.984522,43.267686]]],[[[-9.003465,42.736054],[-9.003899,42.735753],[-9.004068,42.735978],[-9.003465,42.736054]]],[[[-8.708623,42.275125],[-8.708912,42.274841],[-8.708711,42.275301],[-8.708623,42.275125]]],[[[-9.187329,42.88338],[-9.187673,42.883155],[-9.18792,42.88342],[-9.187329,42.88338]]],[[[-8.327189,43.404723],[-8.327373,43.404292],[-8.327543,43.404536],[-8.327189,43.404723]]],[[[-7.771157,43.741259],[-7.771607,43.741141],[-7.771209,43.741437],[-7.771157,43.741259]]],[[[-9.01478,42.486922],[-9.014302,42.487011],[-9.01431,42.486839],[-9.01478,42.486922]]],[[[-8.892342,42.490803],[-8.892606,42.490501],[-8.892604,42.490736],[-8.892342,42.490803]]],[[[-8.332679,43.511209],[-8.333128,43.510972],[-8.332977,43.511357],[-8.332679,43.511209]]],[[[-9.145492,42.859808],[-9.146114,42.859783],[-9.145513,42.859888],[-9.145492,42.859808]]],[[[-8.942417,42.465569],[-8.942807,42.465702],[-8.942429,42.465686],[-8.942417,42.465569]]],[[[-8.833407,43.356142],[-8.832813,43.356253],[-8.832706,43.356169],[-8.833407,43.356142]]],[[[-9.143197,42.856052],[-9.142853,42.855791],[-9.143292,42.855894],[-9.143197,42.856052]]],[[[-7.751926,43.747562],[-7.752122,43.747374],[-7.752151,43.74758],[-7.751926,43.747562]]],[[[-8.806808,42.50126],[-8.807714,42.5008],[-8.806779,42.501334],[-8.806808,42.50126]]],[[[-8.334807,43.511074],[-8.335032,43.510685],[-8.335254,43.510819],[-8.334807,43.511074]]],[[[-8.798439,42.337777],[-8.798099,42.338173],[-8.797981,42.33781],[-8.798439,42.337777]]],[[[-9.082763,42.733664],[-9.08297,42.733293],[-9.083099,42.733358],[-9.082763,42.733664]]],[[[-7.868592,43.77958],[-7.869082,43.779496],[-7.869224,43.779715],[-7.868592,43.77958]]],[[[-8.943236,42.465734],[-8.94362,42.465561],[-8.943465,42.465974],[-8.943236,42.465734]]],[[[-8.796022,43.312931],[-8.796367,43.31267],[-8.796317,43.313051],[-8.796022,43.312931]]],[[[-8.868303,42.520298],[-8.868729,42.520303],[-8.868576,42.520617],[-8.868303,42.520298]]],[[[-8.902103,42.104489],[-8.902258,42.104202],[-8.902484,42.104425],[-8.902103,42.104489]]],[[[-9.257139,43.088954],[-9.25741,43.08884],[-9.257584,43.089344],[-9.257139,43.088954]]],[[[-8.763858,42.257734],[-8.7644,42.257698],[-8.763945,42.257883],[-8.763858,42.257734]]],[[[-8.067366,43.697262],[-8.067649,43.696935],[-8.067726,43.69712],[-8.067366,43.697262]]],[[[-8.763102,42.258205],[-8.763512,42.258058],[-8.763251,42.258512],[-8.763102,42.258205]]],[[[-9.150384,42.796381],[-9.150534,42.795922],[-9.150699,42.796355],[-9.150384,42.796381]]],[[[-8.887888,42.545665],[-8.888157,42.545417],[-8.888202,42.54564],[-8.887888,42.545665]]],[[[-8.764999,42.226053],[-8.765482,42.225767],[-8.765297,42.226137],[-8.764999,42.226053]]],[[[-9.19219,43.173263],[-9.192596,43.173142],[-9.192563,43.173549],[-9.19219,43.173263]]],[[[-8.554534,43.313907],[-8.555018,43.313946],[-8.554408,43.314147],[-8.554534,43.313907]]],[[[-8.885753,42.00705],[-8.885327,42.006621],[-8.88582,42.006992],[-8.885753,42.00705]]],[[[-9.145626,42.865823],[-9.145986,42.86538],[-9.145719,42.866016],[-9.145626,42.865823]]],[[[-9.182696,42.879176],[-9.182716,42.878635],[-9.18284,42.879267],[-9.182696,42.879176]]],[[[-8.940008,42.476443],[-8.940303,42.476859],[-8.939827,42.476704],[-8.940008,42.476443]]],[[[-8.981766,42.53975],[-8.981279,42.539875],[-8.981426,42.539624],[-8.981766,42.53975]]],[[[-8.215141,43.594017],[-8.214659,43.593607],[-8.215356,43.593926],[-8.215141,43.594017]]],[[[-8.820995,42.28045],[-8.821503,42.280307],[-8.821132,42.280749],[-8.820995,42.28045]]],[[[-9.04335,42.534878],[-9.043494,42.534474],[-9.043714,42.535111],[-9.04335,42.534878]]],[[[-8.047206,43.714415],[-8.046855,43.714079],[-8.047523,43.714347],[-8.047206,43.714415]]],[[[-8.031787,43.715114],[-8.032038,43.714851],[-8.032224,43.71514],[-8.031787,43.715114]]],[[[-9.020663,43.223204],[-9.020858,43.222933],[-9.02118,43.22333],[-9.020663,43.223204]]],[[[-8.566725,43.315509],[-8.56732,43.315543],[-8.566547,43.315716],[-8.566725,43.315509]]],[[[-9.131082,42.77749],[-9.13166,42.777288],[-9.131785,42.777434],[-9.131082,42.77749]]],[[[-8.411735,43.387517],[-8.411606,43.387874],[-8.411231,43.387541],[-8.411735,43.387517]]],[[[-8.726697,42.678585],[-8.726584,42.678942],[-8.72629,42.678668],[-8.726697,42.678585]]],[[[-7.866291,43.770847],[-7.866723,43.770963],[-7.866275,43.771108],[-7.866291,43.770847]]],[[[-8.211367,43.595207],[-8.210788,43.594963],[-8.210804,43.594854],[-8.211367,43.595207]]],[[[-9.062424,42.619562],[-9.062943,42.619255],[-9.062966,42.619371],[-9.062424,42.619562]]],[[[-7.73731,43.74835],[-7.737437,43.747769],[-7.737589,43.747961],[-7.73731,43.74835]]],[[[-9.111377,43.192577],[-9.111705,43.192172],[-9.111614,43.192735],[-9.111377,43.192577]]],[[[-8.091963,43.667025],[-8.092273,43.666876],[-8.092345,43.667143],[-8.091963,43.667025]]],[[[-8.913542,42.20462],[-8.913738,42.204394],[-8.913785,42.204634],[-8.913542,42.20462]]],[[[-9.076275,42.599004],[-9.07659,42.598744],[-9.076618,42.599031],[-9.076275,42.599004]]],[[[-8.906509,42.543038],[-8.906858,42.542867],[-8.906653,42.543147],[-8.906509,42.543038]]],[[[-8.891188,42.56709],[-8.891481,42.566832],[-8.891517,42.566956],[-8.891188,42.56709]]],[[[-8.918289,42.248051],[-8.918162,42.248373],[-8.918111,42.248096],[-8.918289,42.248051]]],[[[-8.898845,42.115334],[-8.898539,42.115161],[-8.898839,42.115136],[-8.898845,42.115334]]],[[[-8.823029,42.302329],[-8.822633,42.302502],[-8.822584,42.302234],[-8.823029,42.302329]]],[[[-8.903845,42.118514],[-8.904071,42.118215],[-8.904079,42.118565],[-8.903845,42.118514]]],[[[-8.120933,43.644166],[-8.121226,43.644261],[-8.121019,43.644594],[-8.120933,43.644166]]],[[[-8.986529,42.55501],[-8.986305,42.55522],[-8.985976,42.555219],[-8.986529,42.55501]]],[[[-8.606869,43.322886],[-8.607405,43.322941],[-8.606902,43.323101],[-8.606869,43.322886]]],[[[-9.188744,43.18355],[-9.189272,43.183666],[-9.189167,43.183842],[-9.188744,43.18355]]],[[[-8.819656,42.523363],[-8.820051,42.523289],[-8.819698,42.52355],[-8.819656,42.523363]]],[[[-8.01691,43.713096],[-8.017114,43.712862],[-8.017128,43.713177],[-8.01691,43.713096]]],[[[-8.210523,43.595335],[-8.20973,43.595048],[-8.209727,43.595003],[-8.210523,43.595335]]],[[[-9.091078,42.73764],[-9.091456,42.737386],[-9.091512,42.737581],[-9.091078,42.73764]]],[[[-8.010155,43.709342],[-8.01041,43.709124],[-8.010596,43.709422],[-8.010155,43.709342]]],[[[-9.042628,42.525527],[-9.042148,42.525472],[-9.042846,42.52539],[-9.042628,42.525527]]],[[[-9.149045,42.807012],[-9.149562,42.807047],[-9.149101,42.807333],[-9.149045,42.807012]]],[[[-8.202395,43.598029],[-8.201921,43.597853],[-8.201889,43.597764],[-8.202395,43.598029]]],[[[-9.143447,42.81564],[-9.143898,42.815624],[-9.143528,42.815833],[-9.143447,42.81564]]],[[[-8.849003,42.495209],[-8.849363,42.495155],[-8.849013,42.495308],[-8.849003,42.495209]]],[[[-9.146782,42.737957],[-9.147045,42.737655],[-9.147168,42.738035],[-9.146782,42.737957]]],[[[-8.9121,42.196719],[-8.912474,42.196448],[-8.912479,42.196762],[-8.9121,42.196719]]],[[[-8.867667,42.14605],[-8.867839,42.14569],[-8.868064,42.145769],[-8.867667,42.14605]]],[[[-8.998766,42.494066],[-8.999108,42.493949],[-8.999275,42.4943],[-8.998766,42.494066]]],[[[-7.060754,43.559678],[-7.060573,43.559369],[-7.06104,43.559505],[-7.060754,43.559678]]],[[[-8.940219,42.467898],[-8.940549,42.467656],[-8.940599,42.467932],[-8.940219,42.467898]]],[[[-9.048885,42.518004],[-9.0486,42.517695],[-9.048939,42.517929],[-9.048885,42.518004]]],[[[-8.899836,42.100124],[-8.900122,42.099821],[-8.900179,42.100052],[-8.899836,42.100124]]],[[[-9.147036,42.86572],[-9.147684,42.865964],[-9.147723,42.866106],[-9.147036,42.86572]]],[[[-7.790165,43.735628],[-7.790371,43.735565],[-7.790225,43.735761],[-7.790165,43.735628]]],[[[-8.812487,42.496524],[-8.812787,42.496482],[-8.812491,42.496569],[-8.812487,42.496524]]],[[[-9.145888,42.792959],[-9.14618,42.792574],[-9.145987,42.793098],[-9.145888,42.792959]]],[[[-9.019409,42.459314],[-9.019801,42.459095],[-9.019798,42.459311],[-9.019409,42.459314]]],[[[-8.991407,42.528461],[-8.991546,42.528003],[-8.991676,42.528347],[-8.991407,42.528461]]],[[[-8.921447,42.453255],[-8.921818,42.452938],[-8.921835,42.453109],[-8.921447,42.453255]]],[[[-7.86994,43.776759],[-7.870439,43.776782],[-7.8705,43.776924],[-7.86994,43.776759]]],[[[-8.340814,43.510324],[-8.341245,43.510592],[-8.340634,43.510396],[-8.340814,43.510324]]],[[[-8.920918,42.39992],[-8.921382,42.400076],[-8.920899,42.399975],[-8.920918,42.39992]]],[[[-9.000694,42.49121],[-9.000511,42.49095],[-9.001058,42.490948],[-9.000694,42.49121]]],[[[-9.021385,42.474044],[-9.021712,42.474027],[-9.021501,42.474362],[-9.021385,42.474044]]],[[[-8.030295,43.713902],[-8.030713,43.713847],[-8.030593,43.714051],[-8.030295,43.713902]]],[[[-8.906198,42.17812],[-8.906625,42.1779],[-8.906577,42.178164],[-8.906198,42.17812]]],[[[-8.336244,43.406884],[-8.33667,43.40681],[-8.336262,43.407081],[-8.336244,43.406884]]],[[[-8.939407,42.459983],[-8.939708,42.459688],[-8.939592,42.460135],[-8.939407,42.459983]]],[[[-9.146986,42.73755],[-9.147416,42.737338],[-9.147537,42.737448],[-9.146986,42.73755]]],[[[-9.092579,43.189758],[-9.092861,43.189617],[-9.092853,43.189914],[-9.092579,43.189758]]],[[[-8.911622,42.206619],[-8.91188,42.206398],[-8.911954,42.2068],[-8.911622,42.206619]]],[[[-8.958353,42.573236],[-8.958776,42.573196],[-8.958391,42.573378],[-8.958353,42.573236]]],[[[-8.142643,43.630279],[-8.142723,43.629915],[-8.143065,43.630143],[-8.142643,43.630279]]],[[[-8.857949,42.567297],[-8.858265,42.567542],[-8.857984,42.567664],[-8.857949,42.567297]]],[[[-9.149627,42.79688],[-9.149925,42.796684],[-9.149874,42.796912],[-9.149627,42.79688]]],[[[-8.339009,43.400984],[-8.338805,43.400633],[-8.339415,43.400686],[-8.339009,43.400984]]],[[[-9.020436,42.47404],[-9.020535,42.473549],[-9.020575,42.47397],[-9.020436,42.47404]]],[[[-9.047284,42.518053],[-9.047164,42.517573],[-9.047571,42.517749],[-9.047284,42.518053]]],[[[-9.04854,42.518589],[-9.04827,42.518189],[-9.048767,42.518415],[-9.04854,42.518589]]],[[[-8.137032,43.635411],[-8.136712,43.635579],[-8.136532,43.635209],[-8.137032,43.635411]]],[[[-9.140545,42.79331],[-9.140953,42.793117],[-9.140556,42.793426],[-9.140545,42.79331]]],[[[-9.196334,43.161624],[-9.196618,43.161267],[-9.196516,43.161713],[-9.196334,43.161624]]],[[[-8.904804,42.109859],[-8.904515,42.110135],[-8.904387,42.109935],[-8.904804,42.109859]]],[[[-8.861299,42.306098],[-8.861587,42.30593],[-8.8616,42.306199],[-8.861299,42.306098]]],[[[-9.005051,42.511001],[-9.005074,42.51073],[-9.005338,42.51095],[-9.005051,42.511001]]],[[[-8.022819,43.712665],[-8.023133,43.712408],[-8.023024,43.712737],[-8.022819,43.712665]]],[[[-7.797452,43.732819],[-7.797829,43.732713],[-7.797688,43.733133],[-7.797452,43.732819]]],[[[-8.876158,42.558656],[-8.875741,42.558623],[-8.875968,42.558449],[-8.876158,42.558656]]],[[[-8.343689,43.398892],[-8.34413,43.398709],[-8.343979,43.398959],[-8.343689,43.398892]]],[[[-8.826206,42.342027],[-8.825986,42.341886],[-8.8268,42.341898],[-8.826206,42.342027]]],[[[-8.897208,42.095137],[-8.897658,42.094907],[-8.897224,42.095307],[-8.897208,42.095137]]],[[[-8.868627,42.499523],[-8.868874,42.499294],[-8.86893,42.499372],[-8.868627,42.499523]]],[[[-8.836372,43.344653],[-8.835944,43.344567],[-8.836035,43.344355],[-8.836372,43.344653]]],[[[-8.856319,42.309531],[-8.856837,42.309621],[-8.856342,42.309646],[-8.856319,42.309531]]],[[[-9.007149,42.499152],[-9.007571,42.499112],[-9.007173,42.499277],[-9.007149,42.499152]]],[[[-8.954296,43.2579],[-8.954659,43.25771],[-8.954336,43.258177],[-8.954296,43.2579]]],[[[-9.021907,43.218602],[-9.022126,43.21832],[-9.02226,43.21843],[-9.021907,43.218602]]],[[[-9.143603,42.857794],[-9.143436,42.857587],[-9.143522,42.858087],[-9.143603,42.857794]]],[[[-8.210183,43.594838],[-8.210403,43.594666],[-8.210566,43.594829],[-8.210183,43.594838]]],[[[-9.042775,42.525916],[-9.043,42.525724],[-9.043022,42.525822],[-9.042775,42.525916]]],[[[-9.081542,42.733666],[-9.081725,42.733414],[-9.082034,42.733703],[-9.081542,42.733666]]],[[[-8.912735,42.194058],[-8.913086,42.194184],[-8.912758,42.194308],[-8.912735,42.194058]]],[[[-9.014411,42.489786],[-9.014777,42.489803],[-9.014682,42.489952],[-9.014411,42.489786]]],[[[-9.172216,42.800071],[-9.172429,42.799754],[-9.17247,42.800418],[-9.172216,42.800071]]],[[[-8.945317,42.381702],[-8.945902,42.381465],[-8.945956,42.381525],[-8.945317,42.381702]]],[[[-8.064247,43.702361],[-8.064661,43.702262],[-8.064736,43.702411],[-8.064247,43.702361]]],[[[-8.772059,42.224715],[-8.771565,42.224344],[-8.772192,42.224573],[-8.772059,42.224715]]],[[[-9.042495,42.532952],[-9.042276,42.53308],[-9.042048,42.532867],[-9.042495,42.532952]]],[[[-8.936241,42.480572],[-8.936485,42.480317],[-8.936453,42.480624],[-8.936241,42.480572]]],[[[-9.0144,43.234832],[-9.01381,43.235088],[-9.014015,43.234798],[-9.0144,43.234832]]],[[[-8.014355,43.711777],[-8.014761,43.711732],[-8.014771,43.711858],[-8.014355,43.711777]]],[[[-9.001353,42.46715],[-9.001063,42.467039],[-9.001548,42.466897],[-9.001353,42.46715]]],[[[-9.131657,42.845061],[-9.131918,42.844975],[-9.132068,42.845381],[-9.131657,42.845061]]],[[[-9.07067,42.572117],[-9.070989,42.571884],[-9.071094,42.571969],[-9.07067,42.572117]]],[[[-9.145265,42.816703],[-9.145514,42.816509],[-9.145715,42.816679],[-9.145265,42.816703]]],[[[-9.024959,42.492975],[-9.025149,42.492677],[-9.025236,42.492951],[-9.024959,42.492975]]],[[[-8.903163,42.115741],[-8.903483,42.115545],[-8.903359,42.115893],[-8.903163,42.115741]]],[[[-9.14729,42.863114],[-9.147186,42.862804],[-9.147553,42.862928],[-9.14729,42.863114]]],[[[-8.925868,42.449875],[-8.926123,42.449619],[-8.926061,42.449982],[-8.925868,42.449875]]],[[[-8.93913,42.455901],[-8.939559,42.455816],[-8.939173,42.455971],[-8.93913,42.455901]]],[[[-9.151051,42.870283],[-9.151441,42.870136],[-9.151128,42.870441],[-9.151051,42.870283]]],[[[-8.591615,43.32179],[-8.591873,43.321507],[-8.59201,43.321662],[-8.591615,43.32179]]],[[[-9.019099,42.492879],[-9.019124,42.492635],[-9.019613,42.492915],[-9.019099,42.492879]]],[[[-9.047047,42.508947],[-9.047224,42.50864],[-9.047324,42.508788],[-9.047047,42.508947]]],[[[-8.332804,43.51277],[-8.333034,43.51257],[-8.333116,43.512791],[-8.332804,43.51277]]],[[[-8.901448,42.112904],[-8.901878,42.11272],[-8.901944,42.112905],[-8.901448,42.112904]]],[[[-9.047101,42.511887],[-9.047335,42.511794],[-9.047386,42.511944],[-9.047101,42.511887]]],[[[-9.140963,42.787545],[-9.141215,42.787252],[-9.141318,42.787426],[-9.140963,42.787545]]],[[[-9.010797,42.486358],[-9.011044,42.486147],[-9.010869,42.486471],[-9.010797,42.486358]]],[[[-9.021289,43.218319],[-9.021815,43.218165],[-9.021294,43.218373],[-9.021289,43.218319]]],[[[-8.946969,42.381715],[-8.947236,42.381584],[-8.947052,42.382071],[-8.946969,42.381715]]],[[[-8.902625,42.458361],[-8.902985,42.458306],[-8.902678,42.458538],[-8.902625,42.458361]]],[[[-9.189555,43.184884],[-9.189856,43.184813],[-9.189825,43.184995],[-9.189555,43.184884]]],[[[-8.761857,42.256386],[-8.76208,42.256177],[-8.762088,42.256392],[-8.761857,42.256386]]],[[[-8.917707,42.595784],[-8.917995,42.595608],[-8.918118,42.596132],[-8.917707,42.595784]]],[[[-9.169179,42.861921],[-9.169029,42.862287],[-9.168858,42.862076],[-9.169179,42.861921]]],[[[-8.901934,42.114751],[-8.901886,42.114493],[-8.902101,42.11459],[-8.901934,42.114751]]],[[[-8.809153,42.193328],[-8.809235,42.193035],[-8.80956,42.193271],[-8.809153,42.193328]]],[[[-9.091715,42.574363],[-9.091964,42.574169],[-9.092174,42.57432],[-9.091715,42.574363]]],[[[-8.189825,43.618048],[-8.190053,43.618245],[-8.18994,43.61852],[-8.189825,43.618048]]],[[[-8.935617,42.451799],[-8.936134,42.451619],[-8.936183,42.451743],[-8.935617,42.451799]]],[[[-8.774969,42.222633],[-8.774556,42.222879],[-8.77465,42.222586],[-8.774969,42.222633]]],[[[-8.882163,41.879813],[-8.88179,41.880084],[-8.881782,41.87986],[-8.882163,41.879813]]],[[[-8.58369,43.317389],[-8.58416,43.317411],[-8.583737,43.317504],[-8.58369,43.317389]]],[[[-8.823646,42.297589],[-8.823872,42.297281],[-8.823902,42.297603],[-8.823646,42.297589]]],[[[-9.161698,42.912421],[-9.161891,42.912383],[-9.161907,42.912796],[-9.161698,42.912421]]],[[[-9.047608,42.508206],[-9.04773,42.50783],[-9.047826,42.508194],[-9.047608,42.508206]]],[[[-9.04803,42.505267],[-9.04784,42.504944],[-9.048174,42.505124],[-9.04803,42.505267]]],[[[-9.1838,42.879557],[-9.184124,42.879621],[-9.184126,42.879764],[-9.1838,42.879557]]],[[[-8.047828,43.715765],[-8.047419,43.715621],[-8.047706,43.715491],[-8.047828,43.715765]]],[[[-9.0596,42.611835],[-9.059879,42.611694],[-9.060041,42.611983],[-9.0596,42.611835]]],[[[-9.125018,43.197939],[-9.124939,43.197646],[-9.125289,43.197825],[-9.125018,43.197939]]],[[[-7.904731,43.77344],[-7.905042,43.773301],[-7.905001,43.773555],[-7.904731,43.77344]]],[[[-8.798603,42.33614],[-8.798938,42.335952],[-8.799075,42.336125],[-8.798603,42.33614]]],[[[-8.849595,43.361667],[-8.849917,43.361687],[-8.849598,43.361703],[-8.849595,43.361667]]],[[[-9.11975,42.840326],[-9.11981,42.839945],[-9.119915,42.840381],[-9.11975,42.840326]]],[[[-8.141465,43.632168],[-8.141855,43.632088],[-8.141468,43.632348],[-8.141465,43.632168]]],[[[-8.310879,43.545168],[-8.311306,43.545103],[-8.310758,43.545335],[-8.310879,43.545168]]],[[[-8.890874,42.495749],[-8.891373,42.495624],[-8.890947,42.495871],[-8.890874,42.495749]]],[[[-9.090113,42.738628],[-9.090344,42.738373],[-9.090369,42.738497],[-9.090113,42.738628]]],[[[-8.816795,42.1877],[-8.817127,42.187494],[-8.817058,42.187795],[-8.816795,42.1877]]],[[[-8.942815,42.475901],[-8.943142,42.475892],[-8.942868,42.476078],[-8.942815,42.475901]]],[[[-8.86211,42.305687],[-8.862392,42.305456],[-8.862429,42.305725],[-8.86211,42.305687]]],[[[-8.884655,42.003784],[-8.884359,42.003854],[-8.884317,42.003793],[-8.884655,42.003784]]],[[[-9.015087,42.464186],[-9.015377,42.464162],[-9.015363,42.464397],[-9.015087,42.464186]]],[[[-9.047586,42.512375],[-9.047724,42.512043],[-9.047903,42.512259],[-9.047586,42.512375]]],[[[-8.999223,42.778658],[-8.999349,42.778444],[-8.999622,42.77861],[-8.999223,42.778658]]],[[[-8.880357,41.998676],[-8.880582,41.998377],[-8.880703,41.998767],[-8.880357,41.998676]]],[[[-8.910119,42.179538],[-8.910235,42.179361],[-8.91054,42.179516],[-8.910119,42.179538]]],[[[-9.119964,42.838785],[-9.120251,42.838589],[-9.120347,42.838692],[-9.119964,42.838785]]],[[[-9.175814,43.189977],[-9.175773,43.189691],[-9.176053,43.18991],[-9.175814,43.189977]]],[[[-9.19503,43.162946],[-9.195371,43.162793],[-9.195244,43.163115],[-9.19503,43.162946]]],[[[-9.18755,43.171526],[-9.187824,43.171322],[-9.187797,43.17154],[-9.18755,43.171526]]],[[[-9.144035,42.795102],[-9.144106,42.794712],[-9.144203,42.795192],[-9.144035,42.795102]]],[[[-8.841203,42.498426],[-8.841605,42.498433],[-8.841276,42.498566],[-8.841203,42.498426]]],[[[-8.752459,42.347933],[-8.752137,42.347994],[-8.752267,42.347817],[-8.752459,42.347933]]],[[[-9.002537,42.490141],[-9.002298,42.489803],[-9.002769,42.490147],[-9.002537,42.490141]]],[[[-9.152057,42.805832],[-9.151732,42.805759],[-9.151713,42.805689],[-9.152057,42.805832]]],[[[-8.436589,43.383058],[-8.436619,43.382705],[-8.436785,43.382904],[-8.436589,43.383058]]],[[[-7.54771,43.734866],[-7.547969,43.734675],[-7.548008,43.734863],[-7.54771,43.734866]]],[[[-8.841836,42.158445],[-8.842069,42.158217],[-8.842022,42.158499],[-8.841836,42.158445]]],[[[-9.081662,42.597403],[-9.081955,42.597279],[-9.082161,42.59752],[-9.081662,42.597403]]],[[[-8.339629,43.401153],[-8.339387,43.401209],[-8.339957,43.401092],[-8.339629,43.401153]]],[[[-9.13576,43.199054],[-9.135218,43.199164],[-9.135804,43.198997],[-9.13576,43.199054]]],[[[-9.064609,42.609715],[-9.064322,42.609892],[-9.06406,42.609708],[-9.064609,42.609715]]],[[[-9.151025,42.797057],[-9.150662,42.797086],[-9.15074,42.796892],[-9.151025,42.797057]]],[[[-8.898739,42.102494],[-8.898965,42.102329],[-8.898908,42.102629],[-8.898739,42.102494]]],[[[-9.130624,42.777803],[-9.13103,42.777709],[-9.130642,42.777982],[-9.130624,42.777803]]],[[[-8.014475,43.712474],[-8.014755,43.712255],[-8.014845,43.71244],[-8.014475,43.712474]]],[[[-9.094784,42.576972],[-9.094948,42.576657],[-9.095064,42.576849],[-9.094784,42.576972]]],[[[-8.965436,42.567448],[-8.965142,42.567175],[-8.965413,42.56708],[-8.965436,42.567448]]],[[[-9.017702,42.487588],[-9.017906,42.487307],[-9.017854,42.487652],[-9.017702,42.487588]]],[[[-8.92566,42.450372],[-8.925889,42.450099],[-8.92595,42.450231],[-8.92566,42.450372]]],[[[-9.100138,43.188327],[-9.100458,43.188328],[-9.100256,43.188528],[-9.100138,43.188327]]],[[[-8.851514,43.325651],[-8.851695,43.325354],[-8.851758,43.325495],[-8.851514,43.325651]]],[[[-8.121308,43.645517],[-8.12166,43.645286],[-8.121556,43.645515],[-8.121308,43.645517]]],[[[-8.886998,42.048916],[-8.887123,42.048703],[-8.887404,42.048868],[-8.886998,42.048916]]],[[[-8.952068,43.293934],[-8.952371,43.293756],[-8.9526,43.293834],[-8.952068,43.293934]]],[[[-9.157331,42.910874],[-9.156994,42.910685],[-9.157537,42.910728],[-9.157331,42.910874]]],[[[-9.163053,42.913104],[-9.163211,42.912978],[-9.163156,42.913404],[-9.163053,42.913104]]],[[[-8.895953,42.492975],[-8.89624,42.493185],[-8.896071,42.493329],[-8.895953,42.492975]]],[[[-9.014998,42.487928],[-9.015321,42.487875],[-9.015219,42.488079],[-9.014998,42.487928]]],[[[-8.889064,41.980225],[-8.88931,41.980014],[-8.889411,41.980198],[-8.889064,41.980225]]],[[[-9.131241,42.844687],[-9.131391,42.844472],[-9.131554,42.84476],[-9.131241,42.844687]]],[[[-8.893412,42.492215],[-8.893733,42.49201],[-8.89378,42.492115],[-8.893412,42.492215]]],[[[-7.345742,43.663421],[-7.346002,43.663628],[-7.345567,43.663536],[-7.345742,43.663421]]],[[[-9.127652,42.843404],[-9.127917,42.843246],[-9.12782,42.843494],[-9.127652,42.843404]]],[[[-8.199631,43.603899],[-8.199954,43.603902],[-8.199792,43.604036],[-8.199631,43.603899]]],[[[-8.839365,42.338169],[-8.839715,42.338025],[-8.839676,42.338252],[-8.839365,42.338169]]],[[[-8.3346,43.401523],[-8.334099,43.401583],[-8.334569,43.401462],[-8.3346,43.401523]]],[[[-9.042067,42.524882],[-9.041735,42.524593],[-9.041997,42.524661],[-9.042067,42.524882]]],[[[-8.595782,43.320712],[-8.596164,43.320576],[-8.59621,43.320673],[-8.595782,43.320712]]],[[[-8.874568,42.438149],[-8.8747,42.437872],[-8.874827,42.438064],[-8.874568,42.438149]]],[[[-8.933587,42.481052],[-8.933955,42.480952],[-8.93352,42.481245],[-8.933587,42.481052]]],[[[-8.991124,43.273433],[-8.990502,43.273502],[-8.990456,43.273414],[-8.991124,43.273433]]],[[[-7.0552,43.557903],[-7.054812,43.557836],[-7.054973,43.55765],[-7.0552,43.557903]]],[[[-8.875396,41.865299],[-8.875723,41.865192],[-8.875712,41.865328],[-8.875396,41.865299]]],[[[-8.916903,42.4507],[-8.916926,42.450429],[-8.917142,42.45066],[-8.916903,42.4507]]],[[[-8.943163,42.466377],[-8.943283,42.466109],[-8.943365,42.46633],[-8.943163,42.466377]]],[[[-8.824082,42.314113],[-8.824321,42.313812],[-8.824291,42.314138],[-8.824082,42.314113]]],[[[-8.895784,42.093473],[-8.896164,42.093391],[-8.896239,42.093549],[-8.895784,42.093473]]],[[[-8.901344,42.114386],[-8.901513,42.114125],[-8.901694,42.114242],[-8.901344,42.114386]]],[[[-9.204774,43.137455],[-9.205003,43.137289],[-9.205033,43.137342],[-9.204774,43.137455]]],[[[-9.062605,42.609776],[-9.06289,42.609581],[-9.062912,42.609805],[-9.062605,42.609776]]],[[[-8.196726,43.61416],[-8.197002,43.614048],[-8.19682,43.614236],[-8.196726,43.61416]]],[[[-8.778714,42.218816],[-8.7791,42.21867],[-8.778736,42.218923],[-8.778714,42.218816]]],[[[-8.920459,42.401492],[-8.92075,42.40136],[-8.920664,42.401607],[-8.920459,42.401492]]],[[[-8.887766,42.021889],[-8.888093,42.021764],[-8.88806,42.021928],[-8.887766,42.021889]]],[[[-8.888661,41.96595],[-8.888934,41.965765],[-8.888987,41.965952],[-8.888661,41.96595]]],[[[-9.197846,43.161497],[-9.197989,43.16121],[-9.19813,43.161382],[-9.197846,43.161497]]],[[[-8.93812,42.456539],[-8.938377,42.456679],[-8.938142,42.456772],[-8.93812,42.456539]]],[[[-9.152368,42.805392],[-9.152075,42.805525],[-9.151984,42.805341],[-9.152368,42.805392]]],[[[-9.151542,42.8714],[-9.151838,42.87142],[-9.151673,42.871609],[-9.151542,42.8714]]],[[[-9.023646,42.481495],[-9.023467,42.481271],[-9.023769,42.481381],[-9.023646,42.481495]]],[[[-8.12109,43.644852],[-8.121491,43.644753],[-8.1211,43.644969],[-8.12109,43.644852]]],[[[-8.890379,42.566123],[-8.890604,42.565932],[-8.890672,42.566009],[-8.890379,42.566123]]],[[[-9.008567,42.515425],[-9.008958,42.515188],[-9.008599,42.515504],[-9.008567,42.515425]]],[[[-8.808464,42.339519],[-8.808157,42.339741],[-8.808105,42.339573],[-8.808464,42.339519]]],[[[-8.998738,42.468656],[-8.999032,42.468559],[-8.999007,42.468669],[-8.998738,42.468656]]],[[[-9.284264,42.953404],[-9.284415,42.953197],[-9.284511,42.953417],[-9.284264,42.953404]]],[[[-9.002389,42.497719],[-9.002756,42.497745],[-9.00241,42.497808],[-9.002389,42.497719]]],[[[-8.040287,43.714199],[-8.040421,43.714022],[-8.040515,43.714108],[-8.040287,43.714199]]],[[[-8.864011,42.499202],[-8.864309,42.499006],[-8.864168,42.49932],[-8.864011,42.499202]]],[[[-8.86658,42.146331],[-8.866609,42.146122],[-8.86689,42.146279],[-8.86658,42.146331]]],[[[-9.148423,42.810592],[-9.1486,42.810402],[-9.148707,42.810621],[-9.148423,42.810592]]],[[[-9.082427,42.579899],[-9.082688,42.579831],[-9.08271,42.580055],[-9.082427,42.579899]]],[[[-8.740085,42.270138],[-8.740231,42.269879],[-8.740331,42.270054],[-8.740085,42.270138]]],[[[-7.768231,43.740067],[-7.768369,43.739773],[-7.768477,43.739877],[-7.768231,43.740067]]],[[[-7.766971,43.739526],[-7.767168,43.739652],[-7.76686,43.739836],[-7.766971,43.739526]]],[[[-8.76564,42.25814],[-8.765882,42.258001],[-8.765794,42.258231],[-8.76564,42.25814]]],[[[-9.000118,42.471509],[-9.000085,42.471295],[-9.00048,42.471355],[-9.000118,42.471509]]],[[[-9.018649,42.470759],[-9.019065,42.470656],[-9.018603,42.470788],[-9.018649,42.470759]]],[[[-9.261421,43.000325],[-9.261708,43.000129],[-9.261602,43.000414],[-9.261421,43.000325]]],[[[-9.015442,42.491784],[-9.015571,42.491481],[-9.015569,42.491841],[-9.015442,42.491784]]],[[[-9.137663,43.198762],[-9.137329,43.198753],[-9.137444,43.198549],[-9.137663,43.198762]]],[[[-9.077694,43.185566],[-9.077888,43.185285],[-9.078012,43.185423],[-9.077694,43.185566]]],[[[-8.991444,42.534175],[-8.991685,42.533892],[-8.991533,42.534215],[-8.991444,42.534175]]],[[[-9.1468,42.86188],[-9.146514,42.861958],[-9.146469,42.861628],[-9.1468,42.86188]]],[[[-8.015662,43.712863],[-8.015952,43.712922],[-8.015724,43.713013],[-8.015662,43.712863]]],[[[-8.925381,42.447299],[-8.925655,42.447104],[-8.925602,42.447323],[-8.925381,42.447299]]],[[[-8.942726,42.476877],[-8.942689,42.477181],[-8.94255,42.476964],[-8.942726,42.476877]]],[[[-8.900277,42.110066],[-8.900541,42.109908],[-8.900611,42.110013],[-8.900277,42.110066]]],[[[-8.198417,43.610635],[-8.198634,43.610427],[-8.198622,43.610859],[-8.198417,43.610635]]],[[[-8.950874,43.24607],[-8.951151,43.246002],[-8.950982,43.246298],[-8.950874,43.24607]]],[[[-9.022835,42.482332],[-9.023062,42.482032],[-9.022898,42.482356],[-9.022835,42.482332]]],[[[-8.056944,43.7095],[-8.057217,43.709344],[-8.057246,43.70955],[-8.056944,43.7095]]],[[[-8.605129,43.322999],[-8.605393,43.322923],[-8.605228,43.323138],[-8.605129,43.322999]]],[[[-8.88816,42.498706],[-8.888533,42.498399],[-8.888199,42.498731],[-8.88816,42.498706]]],[[[-8.878113,43.320448],[-8.878386,43.320344],[-8.878218,43.32064],[-8.878113,43.320448]]],[[[-8.82407,42.314635],[-8.824214,42.314358],[-8.82429,42.314651],[-8.82407,42.314635]]],[[[-9.042816,42.533376],[-9.042981,42.533196],[-9.043101,42.533433],[-9.042816,42.533376]]],[[[-9.097145,43.194078],[-9.097353,43.193823],[-9.097244,43.194333],[-9.097145,43.194078]]],[[[-8.999442,42.489701],[-8.99964,42.489483],[-8.999776,42.489629],[-8.999442,42.489701]]],[[[-8.930614,42.452374],[-8.930929,42.452484],[-8.930595,42.452555],[-8.930614,42.452374]]],[[[-8.865785,42.26454],[-8.866019,42.264321],[-8.86602,42.264456],[-8.865785,42.26454]]],[[[-8.907042,42.179256],[-8.907253,42.179047],[-8.907408,42.179147],[-8.907042,42.179256]]],[[[-8.014905,43.712419],[-8.015093,43.712294],[-8.015084,43.712483],[-8.014905,43.712419]]],[[[-9.140188,42.849904],[-9.140499,42.849959],[-9.140292,42.850087],[-9.140188,42.849904]]],[[[-8.890938,42.404395],[-8.890725,42.404577],[-8.890648,42.40441],[-8.890938,42.404395]]],[[[-8.885344,41.881792],[-8.885048,41.881843],[-8.884968,41.881631],[-8.885344,41.881792]]],[[[-8.44967,43.381938],[-8.449894,43.381819],[-8.449982,43.381968],[-8.44967,43.381938]]],[[[-7.771142,43.740125],[-7.771315,43.739803],[-7.771355,43.740153],[-7.771142,43.740125]]],[[[-8.900944,42.11022],[-8.901074,42.110052],[-8.901139,42.110237],[-8.900944,42.11022]]],[[[-9.129107,42.809003],[-9.129334,42.808828],[-9.129409,42.808968],[-9.129107,42.809003]]],[[[-9.08677,42.5791],[-9.087062,42.578968],[-9.087069,42.579165],[-9.08677,42.5791]]],[[[-8.824625,42.300186],[-8.824814,42.299996],[-8.824824,42.30023],[-8.824625,42.300186]]],[[[-9.180166,43.180595],[-9.180392,43.18052],[-9.180312,43.180695],[-9.180166,43.180595]]],[[[-8.92381,42.451242],[-8.923527,42.451338],[-8.923455,42.451215],[-8.92381,42.451242]]],[[[-8.839026,42.340788],[-8.838507,42.340823],[-8.838497,42.340716],[-8.839026,42.340788]]],[[[-8.833907,42.550596],[-8.833578,42.550595],[-8.833812,42.550367],[-8.833907,42.550596]]],[[[-9.137566,42.848884],[-9.137813,42.84878],[-9.137713,42.849002],[-9.137566,42.848884]]],[[[-8.936223,42.451525],[-8.936473,42.45135],[-8.93654,42.451409],[-8.936223,42.451525]]],[[[-8.859059,42.297274],[-8.859338,42.297142],[-8.859321,42.29735],[-8.859059,42.297274]]],[[[-8.068802,43.689285],[-8.068922,43.689091],[-8.06907,43.689228],[-8.068802,43.689285]]],[[[-8.917555,42.450396],[-8.917869,42.450254],[-8.917611,42.450474],[-8.917555,42.450396]]],[[[-8.774112,42.388394],[-8.774144,42.388078],[-8.774301,42.388196],[-8.774112,42.388394]]],[[[-8.858212,42.306805],[-8.858265,42.306982],[-8.85805,42.306894],[-8.858212,42.306805]]],[[[-9.003892,42.511593],[-9.004111,42.511347],[-9.004038,42.511594],[-9.003892,42.511593]]],[[[-9.016584,42.485072],[-9.01684,42.485203],[-9.016732,42.485343],[-9.016584,42.485072]]],[[[-9.044928,42.533192],[-9.045365,42.533061],[-9.045387,42.533159],[-9.044928,42.533192]]],[[[-8.827076,42.340813],[-8.827235,42.340571],[-8.827278,42.340766],[-8.827076,42.340813]]],[[[-8.878221,42.500767],[-8.87852,42.500589],[-8.878307,42.500906],[-8.878221,42.500767]]],[[[-8.94178,42.460516],[-8.942057,42.460367],[-8.941907,42.460573],[-8.94178,42.460516]]],[[[-8.901516,42.110002],[-8.901696,42.109849],[-8.901798,42.110041],[-8.901516,42.110002]]],[[[-8.016577,43.712526],[-8.016521,43.712744],[-8.016252,43.712504],[-8.016577,43.712526]]],[[[-8.860438,42.29371],[-8.860734,42.293767],[-8.860498,42.293833],[-8.860438,42.29371]]],[[[-8.917987,42.454586],[-8.918088,42.454365],[-8.918248,42.454645],[-8.917987,42.454586]]],[[[-9.152132,42.798969],[-9.151687,42.798912],[-9.151735,42.798783],[-9.152132,42.798969]]],[[[-8.877983,42.146159],[-8.878212,42.146013],[-8.878205,42.146202],[-8.877983,42.146159]]],[[[-8.016055,43.712819],[-8.016346,43.712734],[-8.016245,43.712864],[-8.016055,43.712819]]],[[[-8.918506,42.458151],[-8.918771,42.458119],[-8.918503,42.45825],[-8.918506,42.458151]]],[[[-9.168651,42.797915],[-9.168891,42.79774],[-9.168818,42.797996],[-9.168651,42.797915]]],[[[-7.762974,43.741259],[-7.762817,43.741464],[-7.7626,43.741239],[-7.762974,43.741259]]],[[[-7.773179,43.740292],[-7.773374,43.740095],[-7.773543,43.740187],[-7.773179,43.740292]]],[[[-9.047447,42.534697],[-9.047768,42.534617],[-9.047717,42.534845],[-9.047447,42.534697]]],[[[-8.59038,43.318682],[-8.590589,43.31841],[-8.590666,43.318578],[-8.59038,43.318682]]],[[[-8.897924,42.238482],[-8.898058,42.238223],[-8.898123,42.238408],[-8.897924,42.238482]]],[[[-9.095951,43.193826],[-9.096094,43.194026],[-9.095818,43.193977],[-9.095951,43.193826]]],[[[-7.861474,43.765984],[-7.86168,43.765768],[-7.861837,43.76586],[-7.861474,43.765984]]],[[[-8.518641,43.328235],[-8.518446,43.328398],[-8.518462,43.328163],[-8.518641,43.328235]]],[[[-9.148859,42.812026],[-9.149076,42.811871],[-9.149156,42.812064],[-9.148859,42.812026]]],[[[-9.009289,43.234814],[-9.008809,43.235064],[-9.008535,43.235033],[-9.009289,43.234814]]],[[[-8.836802,42.257274],[-8.837118,42.257014],[-8.837125,42.257095],[-8.836802,42.257274]]],[[[-9.007459,42.513134],[-9.007696,42.513067],[-9.007668,42.513285],[-9.007459,42.513134]]],[[[-8.915194,42.460276],[-8.915281,42.460038],[-8.91539,42.460167],[-8.915194,42.460276]]],[[[-9.019451,42.484408],[-9.019413,42.48414],[-9.01961,42.484283],[-9.019451,42.484408]]],[[[-7.750132,43.747484],[-7.750378,43.747303],[-7.750493,43.747505],[-7.750132,43.747484]]],[[[-8.764902,42.225382],[-8.765185,42.225431],[-8.764948,42.225497],[-8.764902,42.225382]]],[[[-7.735127,43.748234],[-7.735101,43.747902],[-7.735292,43.748119],[-7.735127,43.748234]]],[[[-8.842306,43.344785],[-8.842633,43.344723],[-8.84241,43.344968],[-8.842306,43.344785]]],[[[-8.941212,42.460942],[-8.941476,42.460775],[-8.941596,42.460886],[-8.941212,42.460942]]],[[[-8.217001,43.592329],[-8.21707,43.592119],[-8.217239,43.592219],[-8.217001,43.592329]]],[[[-8.212468,43.418768],[-8.21277,43.418547],[-8.212825,43.418608],[-8.212468,43.418768]]],[[[-8.999776,42.489503],[-9.000128,42.489368],[-8.999992,42.4896],[-8.999776,42.489503]]],[[[-8.802237,42.609876],[-8.802491,42.609728],[-8.802527,42.609852],[-8.802237,42.609876]]],[[[-7.31838,43.625632],[-7.318396,43.625863],[-7.318077,43.625772],[-7.31838,43.625632]]],[[[-9.119991,42.839548],[-9.120108,42.839371],[-9.120245,42.839517],[-9.119991,42.839548]]],[[[-8.038012,43.714452],[-8.0383,43.714332],[-8.038256,43.71455],[-8.038012,43.714452]]],[[[-8.810622,42.196791],[-8.810859,42.196869],[-8.810567,42.196992],[-8.810622,42.196791]]],[[[-8.573578,43.316561],[-8.573821,43.316387],[-8.573953,43.316488],[-8.573578,43.316561]]],[[[-9.011839,42.487455],[-9.012118,42.48745],[-9.011913,42.487596],[-9.011839,42.487455]]],[[[-8.826346,42.341579],[-8.826638,42.341456],[-8.826646,42.341546],[-8.826346,42.341579]]],[[[-8.194968,43.608856],[-8.195279,43.608878],[-8.195199,43.608954],[-8.194968,43.608856]]],[[[-8.936662,42.341509],[-8.936892,42.341371],[-8.936839,42.34159],[-8.936662,42.341509]]],[[[-9.151819,42.795817],[-9.151582,42.79565],[-9.151833,42.795708],[-9.151819,42.795817]]],[[[-8.951053,43.245764],[-8.951245,43.245583],[-8.951229,43.245799],[-8.951053,43.245764]]],[[[-8.919453,42.587736],[-8.919624,42.58762],[-8.919681,42.587698],[-8.919453,42.587736]]],[[[-8.76839,42.336516],[-8.768565,42.33631],[-8.768529,42.336572],[-8.76839,42.336516]]],[[[-8.92227,42.596484],[-8.922569,42.596424],[-8.92262,42.596583],[-8.92227,42.596484]]],[[[-8.903842,43.321827],[-8.903559,43.321959],[-8.903571,43.321706],[-8.903842,43.321827]]],[[[-8.838861,42.340454],[-8.839064,42.340282],[-8.839131,42.340486],[-8.838861,42.340454]]],[[[-8.928838,42.451197],[-8.929155,42.451217],[-8.928882,42.451285],[-8.928838,42.451197]]],[[[-9.018523,43.22347],[-9.018758,43.223476],[-9.018647,43.223725],[-9.018523,43.22347]]],[[[-8.926401,42.448308],[-8.926613,42.448108],[-8.926645,42.448196],[-8.926401,42.448308]]],[[[-8.887665,41.985842],[-8.887848,41.985733],[-8.887964,41.985943],[-8.887665,41.985842]]],[[[-8.834335,43.345139],[-8.834597,43.345035],[-8.834586,43.34518],[-8.834335,43.345139]]],[[[-7.750969,43.74708],[-7.75132,43.746966],[-7.750907,43.747245],[-7.750969,43.74708]]],[[[-8.91891,42.451109],[-8.919213,42.450967],[-8.919009,42.451248],[-8.91891,42.451109]]],[[[-8.903398,43.322201],[-8.90336,43.322446],[-8.90313,43.322368],[-8.903398,43.322201]]],[[[-8.144152,43.627492],[-8.144112,43.627746],[-8.144006,43.627669],[-8.144152,43.627492]]],[[[-8.971892,42.56873],[-8.972072,42.568577],[-8.972169,42.568698],[-8.971892,42.56873]]],[[[-9.292457,42.940053],[-9.292772,42.940017],[-9.29256,42.940218],[-9.292457,42.940053]]],[[[-8.81008,42.191561],[-8.81022,42.191239],[-8.810194,42.191609],[-8.81008,42.191561]]],[[[-9.052477,42.50748],[-9.052457,42.507643],[-9.052293,42.507588],[-9.052477,42.50748]]],[[[-8.942603,42.460735],[-8.942873,42.460505],[-8.942911,42.460647],[-8.942603,42.460735]]],[[[-8.919599,42.452216],[-8.919802,42.452053],[-8.919847,42.452141],[-8.919599,42.452216]]],[[[-8.876035,41.872647],[-8.876198,41.87245],[-8.876225,41.872611],[-8.876035,41.872647]]],[[[-8.304959,43.542301],[-8.305254,43.542144],[-8.305276,43.542251],[-8.304959,43.542301]]],[[[-9.050065,42.53634],[-9.050206,42.536162],[-9.050265,42.536276],[-9.050065,42.53634]]],[[[-8.864849,42.49906],[-8.864523,42.49895],[-8.864871,42.498905],[-8.864849,42.49906]]],[[[-8.858792,42.307828],[-8.859093,42.307669],[-8.859164,42.307782],[-8.858792,42.307828]]],[[[-8.832832,43.345161],[-8.833168,43.345144],[-8.83285,43.345281],[-8.832832,43.345161]]],[[[-8.919942,42.455844],[-8.919685,42.455705],[-8.919899,42.455649],[-8.919942,42.455844]]],[[[-7.75056,43.748502],[-7.750936,43.748387],[-7.750579,43.748582],[-7.75056,43.748502]]],[[[-8.936814,42.452376],[-8.937099,42.452181],[-8.937106,42.452253],[-8.936814,42.452376]]],[[[-9.082825,42.733175],[-9.082806,42.732987],[-9.082986,42.733076],[-9.082825,42.733175]]],[[[-8.760041,42.257999],[-8.760267,42.257951],[-8.760151,42.258137],[-8.760041,42.257999]]],[[[-9.022352,42.481942],[-9.022566,42.481768],[-9.0225,42.48197],[-9.022352,42.481942]]],[[[-8.792191,42.241242],[-8.792352,42.241018],[-8.792418,42.241203],[-8.792191,42.241242]]],[[[-8.019332,43.712522],[-8.019127,43.712738],[-8.019068,43.712479],[-8.019332,43.712522]]],[[[-9.129129,42.843378],[-9.129214,42.843248],[-9.129456,42.843469],[-9.129129,42.843378]]],[[[-9.038853,42.563498],[-9.038611,42.563394],[-9.039052,42.563415],[-9.038853,42.563498]]],[[[-9.096384,43.193605],[-9.09669,43.193346],[-9.09644,43.193674],[-9.096384,43.193605]]],[[[-8.902137,42.536197],[-8.90238,42.536059],[-8.902403,42.536175],[-8.902137,42.536197]]],[[[-8.939901,42.460191],[-8.940273,42.46001],[-8.940282,42.460108],[-8.939901,42.460191]]],[[[-9.013017,42.48427],[-9.013061,42.484475],[-9.012858,42.484386],[-9.013017,42.48427]]],[[[-8.902094,42.115166],[-8.902294,42.114976],[-8.902386,42.115052],[-8.902094,42.115166]]],[[[-8.874076,42.437562],[-8.8741,42.4373],[-8.874271,42.437444],[-8.874076,42.437562]]],[[[-9.16816,42.798751],[-9.168324,42.798553],[-9.16834,42.798841],[-9.16816,42.798751]]],[[[-9.143653,42.891962],[-9.14394,42.891892],[-9.143896,42.892066],[-9.143653,42.891962]]],[[[-9.144055,42.815976],[-9.144285,42.815954],[-9.144144,42.816133],[-9.144055,42.815976]]],[[[-8.016349,43.712914],[-8.016653,43.712846],[-8.016438,43.71309],[-8.016349,43.712914]]],[[[-8.840111,42.338887],[-8.840466,42.338788],[-8.840463,42.338887],[-8.840111,42.338887]]],[[[-8.216897,43.591551],[-8.217104,43.591658],[-8.216845,43.59167],[-8.216897,43.591551]]],[[[-8.92087,42.451394],[-8.920952,42.451228],[-8.921141,42.451299],[-8.92087,42.451394]]],[[[-8.834229,42.570843],[-8.834492,42.570667],[-8.83463,42.570705],[-8.834229,42.570843]]],[[[-8.887397,42.047888],[-8.887532,42.047647],[-8.887599,42.04785],[-8.887397,42.047888]]],[[[-8.887767,42.047184],[-8.887934,42.047032],[-8.88801,42.047199],[-8.887767,42.047184]]],[[[-8.937714,42.456875],[-8.937903,42.456685],[-8.937911,42.456892],[-8.937714,42.456875]]],[[[-9.023421,42.480958],[-9.023587,42.481186],[-9.023317,42.481035],[-9.023421,42.480958]]],[[[-8.831486,42.251153],[-8.831819,42.251082],[-8.831762,42.251247],[-8.831486,42.251153]]],[[[-9.022264,42.481514],[-9.022326,42.481277],[-9.022426,42.481425],[-9.022264,42.481514]]],[[[-9.018677,42.471423],[-9.018922,42.47132],[-9.018834,42.471541],[-9.018677,42.471423]]],[[[-7.764677,43.740189],[-7.764393,43.740209],[-7.764536,43.740131],[-7.764677,43.740189]]],[[[-8.939651,42.468189],[-8.939473,42.468369],[-8.939379,42.468275],[-8.939651,42.468189]]],[[[-8.901684,42.458184],[-8.901457,42.458349],[-8.901435,42.458242],[-8.901684,42.458184]]],[[[-9.051825,42.508531],[-9.05207,42.508545],[-9.051809,42.508613],[-9.051825,42.508531]]],[[[-8.938776,42.455254],[-8.939002,42.455071],[-8.938938,42.45529],[-8.938776,42.455254]]],[[[-7.737435,43.746635],[-7.737486,43.746975],[-7.737333,43.746918],[-7.737435,43.746635]]],[[[-8.86523,42.499877],[-8.865312,42.499711],[-8.86544,42.499776],[-8.86523,42.499877]]],[[[-9.091865,42.578135],[-9.092027,42.577929],[-9.092059,42.578134],[-9.091865,42.578135]]],[[[-9.017896,42.780294],[-9.017948,42.780075],[-9.018037,42.780241],[-9.017896,42.780294]]],[[[-9.140245,42.791517],[-9.140461,42.791352],[-9.140485,42.791477],[-9.140245,42.791517]]],[[[-9.148387,42.880752],[-9.148674,42.880691],[-9.148423,42.880876],[-9.148387,42.880752]]],[[[-9.137817,43.199195],[-9.137407,43.199037],[-9.137849,43.199148],[-9.137817,43.199195]]],[[[-8.017386,43.7124],[-8.017615,43.712318],[-8.017714,43.712467],[-8.017386,43.7124]]],[[[-8.076051,43.673766],[-8.076239,43.673641],[-8.076321,43.673736],[-8.076051,43.673766]]],[[[-8.3274,43.403894],[-8.327631,43.403713],[-8.327664,43.40381],[-8.3274,43.403894]]],[[[-8.850378,42.154264],[-8.850196,42.153994],[-8.850437,42.153981],[-8.850378,42.154264]]],[[[-8.825834,42.142068],[-8.826056,42.141984],[-8.826049,42.142039],[-8.825834,42.142068]]],[[[-8.916053,42.459205],[-8.916296,42.459076],[-8.916284,42.459202],[-8.916053,42.459205]]],[[[-8.746276,42.264129],[-8.746391,42.263934],[-8.746557,42.264025],[-8.746276,42.264129]]],[[[-8.911063,42.200769],[-8.911263,42.200579],[-8.911304,42.200757],[-8.911063,42.200769]]],[[[-8.859412,42.294807],[-8.859613,42.294626],[-8.859564,42.294745],[-8.859412,42.294807]]],[[[-9.057267,42.693154],[-9.057585,42.693164],[-9.057299,42.693233],[-9.057267,42.693154]]],[[[-8.91039,42.178948],[-8.910588,42.179118],[-8.910265,42.179035],[-8.91039,42.178948]]],[[[-8.898346,42.102559],[-8.898539,42.102432],[-8.89863,42.102625],[-8.898346,42.102559]]],[[[-8.859224,42.147095],[-8.859074,42.147301],[-8.859003,42.147188],[-8.859224,42.147095]]],[[[-8.935402,42.453638],[-8.935206,42.453756],[-8.935232,42.453511],[-8.935402,42.453638]]],[[[-9.28463,42.953023],[-9.284822,42.952869],[-9.284794,42.953068],[-9.28463,42.953023]]],[[[-8.891892,42.45644],[-8.892046,42.456261],[-8.892132,42.4564],[-8.891892,42.45644]]],[[[-9.135147,42.790279],[-9.135249,42.790066],[-9.135372,42.790204],[-9.135147,42.790279]]],[[[-8.903224,42.458654],[-8.902991,42.458765],[-8.903093,42.458553],[-8.903224,42.458654]]],[[[-9.283111,42.95543],[-9.283408,42.955341],[-9.283516,42.955434],[-9.283111,42.95543]]],[[[-9.146266,42.861306],[-9.14649,42.861221],[-9.146375,42.861426],[-9.146266,42.861306]]],[[[-9.187862,43.184435],[-9.187533,43.184228],[-9.187495,43.184095],[-9.187862,43.184435]]],[[[-8.999614,42.779033],[-8.99928,42.778988],[-8.999395,42.77891],[-8.999614,42.779033]]],[[[-8.874512,42.147985],[-8.874773,42.147801],[-8.874659,42.148005],[-8.874512,42.147985]]],[[[-9.020855,42.475485],[-9.02106,42.475349],[-9.021127,42.475408],[-9.020855,42.475485]]],[[[-8.928046,42.447718],[-8.928348,42.447694],[-8.928087,42.447887],[-8.928046,42.447718]]],[[[-8.966327,43.229716],[-8.966696,43.229706],[-8.966393,43.229884],[-8.966327,43.229716]]],[[[-8.998078,42.487648],[-8.998279,42.487466],[-8.998274,42.487665],[-8.998078,42.487648]]],[[[-9.198663,43.161912],[-9.198392,43.161782],[-9.198531,43.161703],[-9.198663,43.161912]]],[[[-9.147211,42.883695],[-9.147495,42.88359],[-9.147198,42.883813],[-9.147211,42.883695]]],[[[-8.900854,42.108992],[-8.900919,42.108781],[-8.901038,42.108892],[-8.900854,42.108992]]],[[[-8.812947,42.496627],[-8.813161,42.496445],[-8.813174,42.496579],[-8.812947,42.496627]]],[[[-7.870533,43.781451],[-7.870717,43.781263],[-7.870774,43.781359],[-7.870533,43.781451]]],[[[-9.142844,42.857907],[-9.143114,42.857794],[-9.143115,42.857929],[-9.142844,42.857907]]],[[[-9.006248,42.494582],[-9.006275,42.494355],[-9.006448,42.494517],[-9.006248,42.494582]]],[[[-8.834667,42.287107],[-8.834873,42.287232],[-8.834672,42.287287],[-8.834667,42.287107]]],[[[-8.875504,42.147079],[-8.875661,42.146945],[-8.875743,42.147049],[-8.875504,42.147079]]],[[[-8.985432,42.555383],[-8.985802,42.555309],[-8.985402,42.555456],[-8.985432,42.555383]]],[[[-8.823713,42.579661],[-8.824088,42.579633],[-8.824136,42.579757],[-8.823713,42.579661]]],[[[-9.052793,42.525061],[-9.052907,42.524848],[-9.053029,42.524985],[-9.052793,42.525061]]],[[[-9.093102,43.189694],[-9.093264,43.189838],[-9.093064,43.189804],[-9.093102,43.189694]]],[[[-8.797537,42.336941],[-8.797724,42.336733],[-8.797752,42.336903],[-8.797537,42.336941]]],[[[-8.774174,42.222943],[-8.774286,42.222703],[-8.774357,42.222952],[-8.774174,42.222943]]],[[[-9.013261,42.498453],[-9.013485,42.498252],[-9.01348,42.498324],[-9.013261,42.498453]]],[[[-8.858309,42.298986],[-8.858524,42.298822],[-8.858574,42.298964],[-8.858309,42.298986]]],[[[-7.763318,43.741362],[-7.763134,43.741549],[-7.76325,43.741292],[-7.763318,43.741362]]],[[[-9.001757,42.4673],[-9.00192,42.467102],[-9.001951,42.467173],[-9.001757,42.4673]]],[[[-9.092337,42.576859],[-9.092086,42.576908],[-9.092111,42.57679],[-9.092337,42.576859]]],[[[-8.892226,42.496282],[-8.892184,42.496482],[-8.892059,42.496318],[-8.892226,42.496282]]],[[[-8.998558,42.487839],[-8.998719,42.487614],[-8.998787,42.487818],[-8.998558,42.487839]]],[[[-9.142849,42.788577],[-9.142992,42.788416],[-9.143076,42.78852],[-9.142849,42.788577]]],[[[-8.803941,42.637056],[-8.804116,42.63684],[-8.804229,42.637005],[-8.803941,42.637056]]],[[[-9.147854,42.882896],[-9.148039,42.882787],[-9.147922,42.88309],[-9.147854,42.882896]]],[[[-8.882889,41.880244],[-8.883068,41.880091],[-8.883125,41.880196],[-8.882889,41.880244]]],[[[-8.898037,42.100405],[-8.898344,42.100336],[-8.898334,42.100489],[-8.898037,42.100405]]],[[[-8.931172,42.801632],[-8.930888,42.801476],[-8.931143,42.801454],[-8.931172,42.801632]]],[[[-7.923339,43.744686],[-7.923589,43.744558],[-7.923575,43.744685],[-7.923339,43.744686]]],[[[-8.219592,43.585639],[-8.219824,43.585457],[-8.219707,43.58567],[-8.219592,43.585639]]],[[[-8.862756,42.3065],[-8.862963,42.306381],[-8.862932,42.306572],[-8.862756,42.3065]]],[[[-9.080635,42.592372],[-9.080703,42.592197],[-9.080749,42.592293],[-9.080635,42.592372]]],[[[-8.914744,42.46066],[-8.91499,42.460566],[-8.915038,42.460689],[-8.914744,42.46066]]],[[[-8.91755,42.45009],[-8.917582,42.449908],[-8.917714,42.450028],[-8.91755,42.45009]]],[[[-9.142323,42.788074],[-9.142478,42.787913],[-9.142597,42.788006],[-9.142323,42.788074]]],[[[-8.91201,42.19459],[-8.9118,42.194799],[-8.91174,42.194685],[-8.91201,42.19459]]],[[[-8.945123,42.385295],[-8.945361,42.38512],[-8.945294,42.385304],[-8.945123,42.385295]]],[[[-9.129552,42.842582],[-9.129693,42.842403],[-9.129716,42.84251],[-9.129552,42.842582]]],[[[-9.008106,42.497464],[-9.008343,42.497523],[-9.00815,42.497542],[-9.008106,42.497464]]],[[[-9.147937,42.737418],[-9.147941,42.73721],[-9.148136,42.737335],[-9.147937,42.737418]]],[[[-8.892537,42.494808],[-8.892808,42.494839],[-8.892565,42.494969],[-8.892537,42.494808]]],[[[-8.015399,43.712091],[-8.015436,43.712234],[-8.015144,43.712157],[-8.015399,43.712091]]],[[[-8.863573,42.306287],[-8.863813,42.306131],[-8.863811,42.306239],[-8.863573,42.306287]]],[[[-8.938857,42.457005],[-8.939105,42.456929],[-8.939112,42.457126],[-8.938857,42.457005]]],[[[-9.148046,42.867142],[-9.148257,42.867049],[-9.148151,42.867217],[-9.148046,42.867142]]],[[[-9.092521,42.573888],[-9.092651,42.573719],[-9.092679,42.573879],[-9.092521,42.573888]]],[[[-9.146766,42.877634],[-9.147005,42.877576],[-9.146895,42.877699],[-9.146766,42.877634]]],[[[-9.092769,42.558599],[-9.092972,42.558435],[-9.093004,42.558631],[-9.092769,42.558599]]],[[[-9.02293,42.48192],[-9.023026,42.481761],[-9.023181,42.481871],[-9.02293,42.48192]]],[[[-8.947364,42.38011],[-8.947555,42.379947],[-8.94748,42.380185],[-8.947364,42.38011]]],[[[-9.145467,42.816035],[-9.145551,42.815769],[-9.145597,42.815992],[-9.145467,42.816035]]],[[[-8.939843,42.474957],[-8.94006,42.474811],[-8.940086,42.474953],[-8.939843,42.474957]]],[[[-9.148495,42.81021],[-9.148748,42.810052],[-9.148818,42.810138],[-9.148495,42.81021]]],[[[-9.080131,42.566348],[-9.080332,42.566166],[-9.080337,42.566337],[-9.080131,42.566348]]],[[[-9.1428,42.855623],[-9.143022,42.855521],[-9.14307,42.855627],[-9.1428,42.855623]]],[[[-8.828424,42.305726],[-8.828669,42.305615],[-8.828701,42.305703],[-8.828424,42.305726]]],[[[-8.195278,43.609292],[-8.19544,43.609159],[-8.195346,43.60937],[-8.195278,43.609292]]],[[[-8.858861,42.297617],[-8.859024,42.297419],[-8.858972,42.297638],[-8.858861,42.297617]]],[[[-8.919757,42.454666],[-8.919873,42.45448],[-8.919956,42.454583],[-8.919757,42.454666]]],[[[-8.77857,43.302736],[-8.778738,43.302556],[-8.778776,43.302698],[-8.77857,43.302736]]],[[[-8.86179,42.284009],[-8.861982,42.283855],[-8.86196,42.284009],[-8.86179,42.284009]]],[[[-9.048197,42.566937],[-9.048411,42.566754],[-9.048423,42.56688],[-9.048197,42.566937]]],[[[-8.902871,42.458006],[-8.903212,42.458015],[-8.903285,42.458138],[-8.902871,42.458006]]],[[[-8.835383,43.352575],[-8.835658,43.35248],[-8.835692,43.352577],[-8.835383,43.352575]]],[[[-8.885136,41.881497],[-8.885401,41.881366],[-8.885411,41.881474],[-8.885136,41.881497]]],[[[-9.015959,43.230168],[-9.015689,43.230056],[-9.015722,43.230009],[-9.015959,43.230168]]],[[[-8.888747,41.982671],[-8.888854,41.982522],[-8.888949,41.982634],[-8.888747,41.982671]]],[[[-9.020376,42.479732],[-9.020606,42.479603],[-9.020654,42.479718],[-9.020376,42.479732]]],[[[-9.152018,42.805195],[-9.152197,42.805023],[-9.152166,42.805205],[-9.152018,42.805195]]],[[[-7.850253,43.725887],[-7.85057,43.725811],[-7.850359,43.725964],[-7.850253,43.725887]]],[[[-9.180616,43.177996],[-9.18074,43.177882],[-9.180751,43.177989],[-9.180616,43.177996]]],[[[-8.217076,43.591903],[-8.216791,43.591907],[-8.21676,43.591836],[-8.217076,43.591903]]],[[[-8.896356,42.490929],[-8.89619,42.491109],[-8.896129,42.490968],[-8.896356,42.490929]]],[[[-8.957333,42.574415],[-8.957567,42.574439],[-8.957337,42.574577],[-8.957333,42.574415]]],[[[-8.893163,42.457022],[-8.893309,42.456898],[-8.893405,42.45701],[-8.893163,42.457022]]],[[[-9.020457,43.220244],[-9.020236,43.220121],[-9.020506,43.220116],[-9.020457,43.220244]]],[[[-9.01875,42.484958],[-9.018875,42.484735],[-9.01888,42.484915],[-9.01875,42.484958]]],[[[-8.092635,43.666905],[-8.092694,43.666722],[-8.092869,43.666885],[-8.092635,43.666905]]],[[[-8.865087,42.498867],[-8.865216,42.49869],[-8.865271,42.498759],[-8.865087,42.498867]]],[[[-8.921461,42.401809],[-8.92171,42.401751],[-8.921624,42.401863],[-8.921461,42.401809]]],[[[-9.018915,42.459745],[-9.019188,42.459676],[-9.019127,42.459797],[-9.018915,42.459745]]],[[[-7.750609,43.746933],[-7.750826,43.746996],[-7.750592,43.747024],[-7.750609,43.746933]]],[[[-9.0815,42.579516],[-9.081824,42.579463],[-9.081847,42.57957],[-9.0815,42.579516]]],[[[-7.855767,43.727597],[-7.855571,43.727632],[-7.85557,43.727461],[-7.855767,43.727597]]],[[[-9.047761,42.50953],[-9.047975,42.509609],[-9.047838,42.509697],[-9.047761,42.50953]]],[[[-8.912458,42.394822],[-8.912714,42.394826],[-8.912482,42.394946],[-8.912458,42.394822]]],[[[-8.91996,42.451928],[-8.920244,42.451976],[-8.920008,42.452051],[-8.91996,42.451928]]],[[[-8.894315,42.494698],[-8.894615,42.49453],[-8.894603,42.494656],[-8.894315,42.494698]]],[[[-8.092678,43.66756],[-8.092868,43.667462],[-8.09296,43.667665],[-8.092678,43.66756]]],[[[-8.897606,42.086934],[-8.897401,42.08707],[-8.897435,42.086916],[-8.897606,42.086934]]],[[[-8.935544,42.454494],[-8.935274,42.454472],[-8.935318,42.454416],[-8.935544,42.454494]]],[[[-8.868651,42.147269],[-8.868436,42.147298],[-8.868397,42.147138],[-8.868651,42.147269]]],[[[-8.928644,42.447354],[-8.928456,42.447427],[-8.928385,42.447314],[-8.928644,42.447354]]],[[[-8.998848,42.526477],[-8.999066,42.526339],[-8.999075,42.526564],[-8.998848,42.526477]]],[[[-8.939803,42.477101],[-8.939916,42.476879],[-8.939983,42.476939],[-8.939803,42.477101]]],[[[-9.087682,43.18839],[-9.087915,43.188261],[-9.087882,43.188425],[-9.087682,43.18839]]],[[[-8.191917,43.606384],[-8.192077,43.606368],[-8.191947,43.606446],[-8.191917,43.606384]]],[[[-9.146819,42.863418],[-9.147003,42.863426],[-9.14685,42.863488],[-9.146819,42.863418]]],[[[-8.817951,42.189748],[-8.818047,42.189608],[-8.818226,42.189707],[-8.817951,42.189748]]],[[[-8.918693,42.45473],[-8.91895,42.454617],[-8.918948,42.454726],[-8.918693,42.45473]]],[[[-8.82618,42.341228],[-8.826387,42.341109],[-8.826425,42.341251],[-8.82618,42.341228]]],[[[-8.917384,42.450261],[-8.917229,42.450422],[-8.917247,42.450232],[-8.917384,42.450261]]],[[[-8.832987,42.569673],[-8.832632,42.56979],[-8.832618,42.569764],[-8.832987,42.569673]]],[[[-8.939969,42.459755],[-8.940098,42.459578],[-8.940068,42.459768],[-8.939969,42.459755]]],[[[-8.803786,42.199344],[-8.804048,42.199294],[-8.803945,42.199497],[-8.803786,42.199344]]],[[[-8.842114,42.158971],[-8.842139,42.158718],[-8.842208,42.158939],[-8.842114,42.158971]]],[[[-8.917014,42.458444],[-8.917105,42.458242],[-8.917202,42.458372],[-8.917014,42.458444]]],[[[-8.873783,42.148734],[-8.873494,42.148622],[-8.873523,42.14854],[-8.873783,42.148734]]],[[[-8.833784,43.353008],[-8.833916,43.352839],[-8.834013,43.352951],[-8.833784,43.353008]]],[[[-8.897621,42.238083],[-8.897978,42.23802],[-8.897983,42.238074],[-8.897621,42.238083]]],[[[-9.05087,42.508096],[-9.051073,42.507932],[-9.051095,42.50803],[-9.05087,42.508096]]],[[[-9.084443,43.186376],[-9.084695,43.186317],[-9.084571,43.186558],[-9.084443,43.186376]]],[[[-9.142989,42.793556],[-9.143181,42.793393],[-9.143153,42.793602],[-9.142989,42.793556]]],[[[-8.015735,43.712545],[-8.01597,43.71239],[-8.015959,43.712553],[-8.015735,43.712545]]],[[[-8.877353,41.873489],[-8.877133,41.873581],[-8.877073,41.873458],[-8.877353,41.873489]]],[[[-8.863721,42.307486],[-8.863879,42.307361],[-8.863914,42.307485],[-8.863721,42.307486]]],[[[-8.196323,43.603456],[-8.196475,43.60335],[-8.196597,43.603479],[-8.196323,43.603456]]],[[[-8.029968,43.713547],[-8.030212,43.7135],[-8.0301,43.713649],[-8.029968,43.713547]]],[[[-8.898863,42.115009],[-8.899043,42.114864],[-8.899125,42.114959],[-8.898863,42.115009]]],[[[-8.802745,42.34197],[-8.802924,42.341808],[-8.802872,42.342035],[-8.802745,42.34197]]],[[[-8.901808,42.115604],[-8.902025,42.115467],[-8.902076,42.115617],[-8.901808,42.115604]]],[[[-8.903801,42.243939],[-8.904004,42.244037],[-8.903836,42.244055],[-8.903801,42.243939]]],[[[-8.311504,43.545102],[-8.311823,43.545061],[-8.311509,43.545156],[-8.311504,43.545102]]],[[[-9.090129,42.572962],[-9.090296,42.5728],[-9.090332,42.572924],[-9.090129,42.572962]]],[[[-9.086893,42.737927],[-9.087092,42.737835],[-9.087079,42.737953],[-9.086893,42.737927]]],[[[-9.057365,42.692906],[-9.057456,42.692712],[-9.057609,42.692785],[-9.057365,42.692906]]],[[[-8.997172,42.49406],[-8.99723,42.493904],[-8.997417,42.493948],[-8.997172,42.49406]]],[[[-8.82656,42.304057],[-8.826754,42.303921],[-8.826849,42.304033],[-8.82656,42.304057]]],[[[-8.008701,43.707533],[-8.008886,43.707372],[-8.008894,43.707462],[-8.008701,43.707533]]],[[[-8.887078,41.943851],[-8.887249,41.943744],[-8.88738,41.943854],[-8.887078,41.943851]]],[[[-8.971872,42.567003],[-8.972044,42.567012],[-8.972015,42.567221],[-8.971872,42.567003]]],[[[-8.887716,41.935087],[-8.887972,41.934993],[-8.88784,41.935125],[-8.887716,41.935087]]],[[[-9.044068,42.51789],[-9.044311,42.517769],[-9.044124,42.517968],[-9.044068,42.51789]]],[[[-8.810889,42.191664],[-8.810683,42.191405],[-8.810715,42.191358],[-8.810889,42.191664]]],[[[-8.896677,42.489688],[-8.896548,42.489866],[-8.896459,42.4897],[-8.896677,42.489688]]],[[[-9.089147,43.19013],[-9.089363,43.190074],[-9.089439,43.190214],[-9.089147,43.19013]]],[[[-8.902076,42.45847],[-8.902208,42.458319],[-8.902274,42.458379],[-8.902076,42.45847]]],[[[-8.905555,42.12065],[-8.905758,42.120495],[-8.90574,42.120694],[-8.905555,42.12065]]],[[[-9.014578,42.489373],[-9.014709,42.489222],[-9.014779,42.489317],[-9.014578,42.489373]]],[[[-8.937332,42.456301],[-8.937473,42.456123],[-8.93755,42.45629],[-8.937332,42.456301]]],[[[-8.896254,42.097482],[-8.896423,42.097356],[-8.896426,42.097509],[-8.896254,42.097482]]],[[[-8.945369,42.384175],[-8.945521,42.383987],[-8.945545,42.384112],[-8.945369,42.384175]]],[[[-8.939234,42.455338],[-8.939452,42.4552],[-8.939424,42.455292],[-8.939234,42.455338]]],[[[-9.098566,43.192417],[-9.098775,43.192415],[-9.098573,43.192489],[-9.098566,43.192417]]],[[[-8.966715,43.228769],[-8.966966,43.228692],[-8.96682,43.228835],[-8.966715,43.228769]]],[[[-8.813593,42.578764],[-8.813775,42.578628],[-8.813845,42.578724],[-8.813593,42.578764]]],[[[-9.024268,42.709222],[-9.024361,42.709055],[-9.02449,42.709129],[-9.024268,42.709222]]],[[[-9.018628,42.493039],[-9.018804,42.49285],[-9.018764,42.493068],[-9.018628,42.493039]]],[[[-8.858592,42.298765],[-8.858836,42.298653],[-8.858824,42.29878],[-8.858592,42.298765]]],[[[-9.080161,42.59201],[-9.08002,42.592188],[-9.079935,42.592067],[-9.080161,42.59201]]],[[[-8.877543,42.557594],[-8.877712,42.557441],[-8.877737,42.557584],[-8.877543,42.557594]]],[[[-8.867306,42.261734],[-8.867451,42.261601],[-8.867429,42.261755],[-8.867306,42.261734]]],[[[-8.776769,42.220993],[-8.77693,42.220895],[-8.776937,42.221102],[-8.776769,42.220993]]],[[[-8.604604,43.322124],[-8.604816,43.322015],[-8.604758,43.322189],[-8.604604,43.322124]]],[[[-9.043984,42.511359],[-9.044123,42.511289],[-9.044129,42.511477],[-9.043984,42.511359]]],[[[-8.970191,42.566362],[-8.970306,42.566158],[-8.970406,42.566315],[-8.970191,42.566362]]],[[[-9.082054,42.578947],[-9.082215,42.578848],[-9.082253,42.57899],[-9.082054,42.578947]]],[[[-9.146476,42.736722],[-9.146669,42.736577],[-9.146589,42.736752],[-9.146476,42.736722]]],[[[-9.035623,42.508318],[-9.035594,42.508139],[-9.035806,42.508326],[-9.035623,42.508318]]],[[[-8.604079,43.322573],[-8.604199,43.322405],[-8.604275,43.322564],[-8.604079,43.322573]]],[[[-9.035279,42.519246],[-9.03526,42.519049],[-9.035435,42.51922],[-9.035279,42.519246]]],[[[-7.736489,43.746773],[-7.73642,43.747154],[-7.736422,43.746704],[-7.736489,43.746773]]],[[[-9.021857,43.223078],[-9.022104,43.223083],[-9.021912,43.223264],[-9.021857,43.223078]]],[[[-9.138723,42.849443],[-9.138752,42.849243],[-9.138875,42.849371],[-9.138723,42.849443]]],[[[-8.933334,42.480687],[-8.933464,42.480527],[-8.933598,42.480656],[-8.933334,42.480687]]],[[[-8.849674,42.1579],[-8.849853,42.157738],[-8.84989,42.15788],[-8.849674,42.1579]]],[[[-9.005333,42.510644],[-9.005377,42.510462],[-9.00549,42.510627],[-9.005333,42.510644]]],[[[-9.000304,42.467493],[-9.000032,42.467571],[-9.000016,42.467527],[-9.000304,42.467493]]],[[[-8.935937,42.455176],[-8.936077,42.454989],[-8.93616,42.455093],[-8.935937,42.455176]]],[[[-9.080367,42.56665],[-9.080549,42.566515],[-9.080569,42.566595],[-9.080367,42.56665]]],[[[-7.817662,43.723199],[-7.817585,43.723022],[-7.817862,43.723227],[-7.817662,43.723199]]],[[[-8.886855,41.947184],[-8.887024,41.94705],[-8.887067,41.947255],[-8.886855,41.947184]]],[[[-8.0931,43.667415],[-8.092935,43.667513],[-8.092898,43.66737],[-8.0931,43.667415]]],[[[-8.8506,43.325374],[-8.85043,43.32541],[-8.850484,43.325326],[-8.8506,43.325374]]],[[[-9.022666,42.481182],[-9.022562,42.481347],[-9.022452,42.481199],[-9.022666,42.481182]]],[[[-9.141825,42.884553],[-9.142001,42.884471],[-9.141928,42.884601],[-9.141825,42.884553]]],[[[-9.187831,43.183771],[-9.187549,43.18366],[-9.187595,43.183622],[-9.187831,43.183771]]],[[[-9.020518,42.479446],[-9.020772,42.479423],[-9.020746,42.479542],[-9.020518,42.479446]]],[[[-9.146059,42.739166],[-9.146264,42.73902],[-9.146303,42.739162],[-9.146059,42.739166]]],[[[-8.936939,42.48113],[-8.937022,42.480982],[-8.937076,42.481042],[-8.936939,42.48113]]],[[[-9.001836,42.466855],[-9.00204,42.4667],[-9.002047,42.466781],[-9.001836,42.466855]]],[[[-8.902152,42.240037],[-8.902364,42.240098],[-8.902136,42.240128],[-8.902152,42.240037]]],[[[-9.000751,42.467713],[-9.000629,42.467836],[-9.00058,42.467578],[-9.000751,42.467713]]],[[[-8.941511,42.465886],[-8.941716,42.465867],[-8.941591,42.465954],[-8.941511,42.465886]]],[[[-9.016658,42.464338],[-9.016533,42.464434],[-9.016449,42.464313],[-9.016658,42.464338]]],[[[-8.819025,42.657029],[-8.819193,42.656867],[-8.819234,42.657045],[-8.819025,42.657029]]],[[[-7.767946,43.739908],[-7.768045,43.740066],[-7.7678,43.740103],[-7.767946,43.739908]]],[[[-8.860779,42.294386],[-8.861011,42.294266],[-8.860997,42.294384],[-8.860779,42.294386]]],[[[-8.743024,42.270071],[-8.742823,42.270001],[-8.742906,42.269978],[-8.743024,42.270071]]],[[[-8.306552,43.543956],[-8.306751,43.54382],[-8.306772,43.543919],[-8.306552,43.543956]]],[[[-9.007962,42.497993],[-9.008051,42.497782],[-9.008148,42.497903],[-9.007962,42.497993]]],[[[-9.009301,42.483439],[-9.009452,42.483242],[-9.009454,42.483395],[-9.009301,42.483439]]],[[[-8.87349,42.147398],[-8.873715,42.147351],[-8.873605,42.147474],[-8.87349,42.147398]]],[[[-8.849824,42.157425],[-8.849743,42.1576],[-8.849594,42.157427],[-8.849824,42.157425]]],[[[-9.044507,42.524825],[-9.044597,42.524622],[-9.044624,42.524774],[-9.044507,42.524825]]],[[[-8.740315,42.270541],[-8.740461,42.270407],[-8.740519,42.270512],[-8.740315,42.270541]]],[[[-8.189456,43.617075],[-8.189621,43.616968],[-8.189539,43.61717],[-8.189456,43.617075]]],[[[-9.137976,43.1987],[-9.137782,43.198603],[-9.137885,43.198525],[-9.137976,43.1987]]],[[[-8.803085,42.61022],[-8.802878,42.60996],[-8.802926,42.609949],[-8.803085,42.61022]]],[[[-8.917318,43.29397],[-8.91753,43.293869],[-8.91765,43.293961],[-8.917318,43.29397]]],[[[-9.021612,43.218725],[-9.021799,43.218625],[-9.021821,43.218723],[-9.021612,43.218725]]],[[[-9.198898,43.16144],[-9.199166,43.161416],[-9.199247,43.161484],[-9.198898,43.16144]]],[[[-8.828862,42.323159],[-8.829043,42.323024],[-8.829038,42.323096],[-8.828862,42.323159]]],[[[-8.945742,42.382733],[-8.945559,42.382851],[-8.945558,42.382707],[-8.945742,42.382733]]],[[[-8.763372,42.254932],[-8.76315,42.255024],[-8.763142,42.254935],[-8.763372,42.254932]]],[[[-8.920267,43.295644],[-8.920101,43.295842],[-8.920032,43.295764],[-8.920267,43.295644]]],[[[-9.197111,43.161033],[-9.197204,43.160866],[-9.197295,43.161032],[-9.197111,43.161033]]],[[[-9.045837,42.511909],[-9.045878,42.5117],[-9.045996,42.511793],[-9.045837,42.511909]]],[[[-8.934835,42.482032],[-8.934977,42.481853],[-8.934971,42.482051],[-8.934835,42.482032]]],[[[-9.014357,42.490239],[-9.014411,42.490038],[-9.014506,42.490142],[-9.014357,42.490239]]],[[[-8.937746,42.477712],[-8.937884,42.477507],[-8.937944,42.47763],[-8.937746,42.477712]]],[[[-9.04849,42.507511],[-9.048681,42.507348],[-9.048557,42.50757],[-9.04849,42.507511]]],[[[-9.141656,42.789236],[-9.141778,42.789112],[-9.141836,42.789325],[-9.141656,42.789236]]],[[[-8.913332,42.204064],[-8.91345,42.203896],[-8.913485,42.204011],[-8.913332,42.204064]]],[[[-8.903182,42.112824],[-8.903303,42.112565],[-8.903363,42.112697],[-8.903182,42.112824]]],[[[-8.092506,43.667136],[-8.09236,43.666872],[-8.092482,43.666849],[-8.092506,43.667136]]],[[[-9.024992,42.708014],[-9.025173,42.707986],[-9.025065,42.708127],[-9.024992,42.708014]]],[[[-8.800355,42.338814],[-8.800536,42.338679],[-8.800546,42.338787],[-8.800355,42.338814]]],[[[-8.938521,42.478194],[-8.938348,42.478293],[-8.938341,42.478096],[-8.938521,42.478194]]],[[[-8.914026,43.306626],[-8.914051,43.306499],[-8.914104,43.306541],[-8.914026,43.306626]]],[[[-8.807531,42.195832],[-8.807673,42.195662],[-8.807616,42.195836],[-8.807531,42.195832]]],[[[-9.036898,42.507152],[-9.037091,42.507142],[-9.036981,42.507256],[-9.036898,42.507152]]],[[[-9.144988,42.811461],[-9.145193,42.811432],[-9.145155,42.811542],[-9.144988,42.811461]]],[[[-9.001643,42.490332],[-9.001771,42.490145],[-9.001844,42.490268],[-9.001643,42.490332]]],[[[-8.939526,42.476612],[-8.9397,42.476396],[-8.939693,42.476576],[-8.939526,42.476612]]],[[[-8.196927,43.608596],[-8.197002,43.608457],[-8.197142,43.608496],[-8.196927,43.608596]]],[[[-9.111227,43.193539],[-9.111432,43.193492],[-9.111428,43.1937],[-9.111227,43.193539]]],[[[-9.015231,43.231521],[-9.015137,43.23157],[-9.015113,43.231329],[-9.015231,43.231521]]],[[[-9.010738,43.2339],[-9.010795,43.233726],[-9.010882,43.233856],[-9.010738,43.2339]]],[[[-8.9038,42.458831],[-8.903986,42.458741],[-8.903974,42.458876],[-8.9038,42.458831]]],[[[-9.083218,43.18618],[-9.083047,43.186324],[-9.08299,43.186246],[-9.083218,43.18618]]],[[[-8.777594,42.226173],[-8.777808,42.226252],[-8.777605,42.226289],[-8.777594,42.226173]]],[[[-9.008796,42.500058],[-9.008849,42.499882],[-9.00897,42.50007],[-9.008796,42.500058]]],[[[-8.748416,42.267658],[-8.748159,42.26777],[-8.748151,42.26768],[-8.748416,42.267658]]],[[[-7.87018,43.774516],[-7.870316,43.774357],[-7.87035,43.774464],[-7.87018,43.774516]]],[[[-9.048392,42.5119],[-9.048129,42.51195],[-9.048132,42.51186],[-9.048392,42.5119]]],[[[-8.778369,42.228411],[-8.778601,42.228436],[-8.778463,42.228515],[-8.778369,42.228411]]],[[[-8.893414,42.456847],[-8.893658,42.456727],[-8.893653,42.456808],[-8.893414,42.456847]]],[[[-9.183619,42.877146],[-9.183812,42.877117],[-9.183747,42.877202],[-9.183619,42.877146]]],[[[-9.093029,42.575715],[-9.093174,42.575581],[-9.093175,42.575716],[-9.093029,42.575715]]],[[[-9.017842,42.492585],[-9.017987,42.492451],[-9.018004,42.492622],[-9.017842,42.492585]]],[[[-8.829427,42.323103],[-8.829136,42.323109],[-8.829118,42.323038],[-8.829427,42.323103]]],[[[-8.862623,42.282931],[-8.862781,42.282797],[-8.862791,42.282913],[-8.862623,42.282931]]],[[[-9.009404,42.505659],[-9.009622,42.505512],[-9.00954,42.505679],[-9.009404,42.505659]]],[[[-9.015491,43.223432],[-9.015734,43.223401],[-9.015514,43.223539],[-9.015491,43.223432]]],[[[-8.946065,42.382932],[-8.946195,42.382773],[-8.946209,42.382916],[-8.946065,42.382932]]],[[[-8.892256,42.456556],[-8.892471,42.456644],[-8.892314,42.456661],[-8.892256,42.456556]]],[[[-8.77839,42.217266],[-8.778574,42.217157],[-8.778525,42.217286],[-8.77839,42.217266]]],[[[-9.168702,42.800135],[-9.168792,42.800301],[-9.168628,42.800256],[-9.168702,42.800135]]],[[[-8.910002,42.177897],[-8.910238,42.177839],[-8.910284,42.177945],[-8.910002,42.177897]]],[[[-9.030195,43.216534],[-9.03039,43.216389],[-9.03031,43.216573],[-9.030195,43.216534]]],[[[-8.631692,42.310458],[-8.631452,42.310479],[-8.631454,42.31037],[-8.631692,42.310458]]],[[[-9.091878,42.57728],[-9.091944,42.577078],[-9.091969,42.577212],[-9.091878,42.57728]]],[[[-8.849354,43.328697],[-8.849546,43.328651],[-8.849363,43.328795],[-8.849354,43.328697]]],[[[-8.834455,42.341616],[-8.834664,42.341515],[-8.834686,42.341622],[-8.834455,42.341616]]],[[[-9.148784,42.797259],[-9.148865,42.797084],[-9.148965,42.797231],[-9.148784,42.797259]]],[[[-8.89149,42.49596],[-8.891769,42.495946],[-8.891507,42.496013],[-8.89149,42.49596]]],[[[-9.035576,42.508959],[-9.035762,42.508877],[-9.035785,42.508984],[-9.035576,42.508959]]],[[[-9.037185,42.506723],[-9.037353,42.506705],[-9.037342,42.506841],[-9.037185,42.506723]]],[[[-8.936612,42.480886],[-8.936817,42.48074],[-8.936869,42.480783],[-8.936612,42.480886]]],[[[-8.93883,42.455566],[-8.938618,42.45564],[-8.938748,42.455471],[-8.93883,42.455566]]],[[[-7.816853,43.723647],[-7.816976,43.723777],[-7.816689,43.723762],[-7.816853,43.723647]]],[[[-9.162343,42.912503],[-9.162447,42.912317],[-9.162434,42.912552],[-9.162343,42.912503]]],[[[-7.768976,43.740684],[-7.76913,43.74075],[-7.768905,43.740885],[-7.768976,43.740684]]],[[[-8.896639,42.493669],[-8.896633,42.493867],[-8.896564,42.493781],[-8.896639,42.493669]]],[[[-9.01741,42.491888],[-9.017505,42.491739],[-9.017536,42.491935],[-9.01741,42.491888]]],[[[-8.965444,42.567789],[-8.965595,42.567709],[-8.965566,42.567918],[-8.965444,42.567789]]],[[[-8.938091,42.478406],[-8.938223,42.478255],[-8.938252,42.478433],[-8.938091,42.478406]]],[[[-9.001522,42.466628],[-9.001718,42.466519],[-9.001569,42.466734],[-9.001522,42.466628]]],[[[-9.044271,42.531309],[-9.044366,42.53116],[-9.044428,42.531301],[-9.044271,42.531309]]],[[[-8.939394,42.476502],[-8.939386,42.476295],[-8.939462,42.476318],[-8.939394,42.476502]]],[[[-9.143014,42.793186],[-9.143233,42.793057],[-9.143225,42.793103],[-9.143014,42.793186]]],[[[-8.833425,42.286396],[-8.833198,42.2863],[-8.833417,42.286307],[-8.833425,42.286396]]],[[[-9.151849,42.792431],[-9.151894,42.792275],[-9.151977,42.79237],[-9.151849,42.792431]]],[[[-7.753348,43.745136],[-7.753397,43.744971],[-7.753616,43.74507],[-7.753348,43.745136]]],[[[-8.83311,43.345481],[-8.833299,43.34539],[-8.83332,43.345488],[-8.83311,43.345481]]],[[[-8.933209,42.480145],[-8.933209,42.48001],[-8.933432,42.480061],[-8.933209,42.480145]]],[[[-8.804364,42.199575],[-8.804184,42.199458],[-8.804387,42.19943],[-8.804364,42.199575]]],[[[-8.866883,42.260973],[-8.867097,42.260926],[-8.867068,42.261008],[-8.866883,42.260973]]],[[[-8.898783,42.085172],[-8.898635,42.085008],[-8.898804,42.085009],[-8.898783,42.085172]]],[[[-8.219936,43.586748],[-8.22012,43.586722],[-8.219966,43.586801],[-8.219936,43.586748]]],[[[-8.891705,42.455999],[-8.891894,42.455944],[-8.891905,42.456061],[-8.891705,42.455999]]],[[[-8.835548,42.341497],[-8.835743,42.34137],[-8.835717,42.341488],[-8.835548,42.341497]]],[[[-8.917648,42.449707],[-8.917597,42.449557],[-8.917759,42.449602],[-8.917648,42.449707]]],[[[-9.044675,42.524924],[-9.044925,42.524866],[-9.044754,42.524983],[-9.044675,42.524924]]],[[[-8.939076,42.476482],[-8.939151,42.476253],[-8.939237,42.476258],[-8.939076,42.476482]]],[[[-8.89433,42.457151],[-8.894536,42.457023],[-8.894486,42.457134],[-8.89433,42.457151]]],[[[-8.921579,42.45079],[-8.921471,42.45094],[-8.921386,42.450809],[-8.921579,42.45079]]],[[[-8.867188,42.261254],[-8.86694,42.261195],[-8.867205,42.261172],[-8.867188,42.261254]]],[[[-8.754601,42.350652],[-8.754761,42.350536],[-8.754842,42.350631],[-8.754601,42.350652]]],[[[-9.024951,42.481786],[-9.025107,42.481634],[-9.025175,42.481712],[-9.024951,42.481786]]],[[[-8.983737,43.283012],[-8.983986,43.283035],[-8.983723,43.283112],[-8.983737,43.283012]]],[[[-8.938682,42.478609],[-8.93848,42.478655],[-8.938471,42.478566],[-8.938682,42.478609]]],[[[-8.860319,42.290737],[-8.860555,42.290805],[-8.860326,42.290817],[-8.860319,42.290737]]],[[[-8.807307,42.195762],[-8.807439,42.19562],[-8.807397,42.19582],[-8.807307,42.195762]]],[[[-8.938996,42.455647],[-8.939187,42.455484],[-8.939046,42.455663],[-8.938996,42.455647]]],[[[-8.847586,42.148654],[-8.847827,42.148651],[-8.847629,42.148724],[-8.847586,42.148654]]],[[[-8.826003,42.342326],[-8.826024,42.342163],[-8.826193,42.34228],[-8.826003,42.342326]]],[[[-9.041647,42.515002],[-9.041593,42.514825],[-9.041722,42.514899],[-9.041647,42.515002]]],[[[-9.009067,42.498862],[-9.009227,42.498755],[-9.009248,42.498844],[-9.009067,42.498862]]],[[[-8.910489,42.178448],[-8.9106,42.178217],[-8.910602,42.178496],[-8.910489,42.178448]]],[[[-8.799902,42.338648],[-8.800091,42.338585],[-8.799969,42.338717],[-8.799902,42.338648]]],[[[-8.918412,42.454843],[-8.918214,42.454935],[-8.918178,42.454802],[-8.918412,42.454843]]],[[[-9.152195,42.804519],[-9.151982,42.804585],[-9.15203,42.804456],[-9.152195,42.804519]]],[[[-8.895627,42.083714],[-8.895698,42.083566],[-8.895741,42.083645],[-8.895627,42.083714]]],[[[-9.150571,42.807235],[-9.150679,42.807094],[-9.150676,42.807185],[-9.150571,42.807235]]],[[[-8.95891,42.569625],[-8.959121,42.569542],[-8.958929,42.569696],[-8.95891,42.569625]]],[[[-8.779087,42.219058],[-8.779119,42.218876],[-8.779236,42.218969],[-8.779087,42.219058]]],[[[-8.896899,42.095846],[-8.897007,42.095705],[-8.897019,42.095831],[-8.896899,42.095846]]],[[[-9.145209,42.814672],[-9.145098,42.814777],[-9.14499,42.814674],[-9.145209,42.814672]]],[[[-9.184787,42.877442],[-9.184882,42.877293],[-9.184952,42.877379],[-9.184787,42.877442]]],[[[-9.007756,42.498256],[-9.007596,42.498103],[-9.007728,42.498087],[-9.007756,42.498256]]],[[[-8.965751,42.567179],[-8.965795,42.566997],[-8.965886,42.567055],[-8.965751,42.567179]]],[[[-8.704263,42.259229],[-8.704372,42.259089],[-8.704452,42.259166],[-8.704263,42.259229]]],[[[-9.089992,43.190706],[-9.090049,43.19091],[-9.089894,43.190829],[-9.089992,43.190706]]],[[[-9.150981,42.801524],[-9.151094,42.801437],[-9.151059,42.801574],[-9.150981,42.801524]]],[[[-9.022501,42.481546],[-9.022823,42.481564],[-9.022456,42.481572],[-9.022501,42.481546]]],[[[-8.925463,43.293826],[-8.925729,43.293776],[-8.925478,43.293852],[-8.925463,43.293826]]],[[[-8.896501,42.490147],[-8.896625,42.490303],[-8.896399,42.490225],[-8.896501,42.490147]]],[[[-8.195935,43.608587],[-8.19611,43.608453],[-8.196074,43.608617],[-8.195935,43.608587]]],[[[-8.894313,42.456846],[-8.894147,42.456764],[-8.894305,42.456765],[-8.894313,42.456846]]],[[[-8.868691,42.148356],[-8.868935,42.148244],[-8.868918,42.148326],[-8.868691,42.148356]]],[[[-8.904339,42.459136],[-8.904487,42.45903],[-8.904509,42.459128],[-8.904339,42.459136]]],[[[-9.077515,42.599982],[-9.077382,42.600115],[-9.077348,42.600018],[-9.077515,42.599982]]],[[[-8.738448,42.376175],[-8.738613,42.376121],[-8.738617,42.376166],[-8.738448,42.376175]]],[[[-9.051193,42.508286],[-9.05101,42.508278],[-9.051059,42.508158],[-9.051193,42.508286]]],[[[-8.938148,42.47888],[-8.937915,42.478982],[-8.937908,42.47891],[-8.938148,42.47888]]],[[[-9.145782,42.821041],[-9.145875,42.820874],[-9.145914,42.821025],[-9.145782,42.821041]]],[[[-8.999402,42.471015],[-8.999584,42.470889],[-8.999594,42.470987],[-8.999402,42.471015]]],[[[-8.213433,43.592466],[-8.213624,43.592376],[-8.213609,43.592494],[-8.213433,43.592466]]],[[[-8.807498,42.339172],[-8.807681,42.339055],[-8.807656,42.339173],[-8.807498,42.339172]]],[[[-9.089189,43.187221],[-9.089051,43.187318],[-9.08902,43.187248],[-9.089189,43.187221]]],[[[-9.168299,42.799284],[-9.168406,42.799134],[-9.168442,42.799249],[-9.168299,42.799284]]],[[[-8.853018,42.145127],[-8.852921,42.145257],[-8.852863,42.145152],[-8.853018,42.145127]]],[[[-8.983178,42.533015],[-8.983253,42.532903],[-8.983361,42.533014],[-8.983178,42.533015]]],[[[-8.013581,43.710983],[-8.013707,43.710851],[-8.013726,43.710941],[-8.013581,43.710983]]],[[[-9.014297,43.229292],[-9.014429,43.229258],[-9.014258,43.229402],[-9.014297,43.229292]]],[[[-8.858203,42.307877],[-8.858385,42.30775],[-8.858384,42.307876],[-8.858203,42.307877]]],[[[-9.008028,42.500067],[-9.008082,42.499868],[-9.008151,42.500088],[-9.008028,42.500067]]],[[[-9.008021,42.50557],[-9.008141,42.505428],[-9.008206,42.50547],[-9.008021,42.50557]]],[[[-8.918475,42.591937],[-8.918718,42.591798],[-8.918745,42.591824],[-8.918475,42.591937]]],[[[-9.017182,43.223604],[-9.017333,43.223632],[-9.01723,43.22371],[-9.017182,43.223604]]],[[[-9.019689,42.493325],[-9.019887,42.49336],[-9.019714,42.493459],[-9.019689,42.493325]]],[[[-8.939894,42.467807],[-8.940064,42.467672],[-8.940018,42.467827],[-8.939894,42.467807]]],[[[-8.864596,42.499343],[-8.864836,42.499438],[-8.864579,42.499425],[-8.864596,42.499343]]],[[[-9.081395,42.59766],[-9.081564,42.597525],[-9.081551,42.597634],[-9.081395,42.59766]]],[[[-8.878683,42.500374],[-8.878541,42.500417],[-8.878551,42.500264],[-8.878683,42.500374]]],[[[-8.79824,42.338643],[-8.798386,42.338518],[-8.798373,42.338645],[-8.79824,42.338643]]],[[[-8.842481,42.627583],[-8.842534,42.627373],[-8.842624,42.627413],[-8.842481,42.627583]]],[[[-8.850189,42.156929],[-8.850079,42.157051],[-8.850008,42.156938],[-8.850189,42.156929]]],[[[-8.860907,42.285206],[-8.861001,42.285039],[-8.861028,42.2852],[-8.860907,42.285206]]],[[[-8.928791,43.293581],[-8.928954,43.293482],[-8.928952,43.29359],[-8.928791,43.293581]]],[[[-8.900893,42.094344],[-8.900676,42.094481],[-8.900667,42.094382],[-8.900893,42.094344]]],[[[-7.739792,43.746447],[-7.739709,43.746657],[-7.739638,43.74639],[-7.739792,43.746447]]],[[[-7.796246,43.734508],[-7.796094,43.734623],[-7.796083,43.734479],[-7.796246,43.734508]]],[[[-8.82408,42.579543],[-8.824179,42.57943],[-8.824157,42.579585],[-8.82408,42.579543]]],[[[-8.937507,42.478022],[-8.937461,42.478177],[-8.937354,42.478075],[-8.937507,42.478022]]],[[[-9.005766,42.476901],[-9.005902,42.476795],[-9.005868,42.47695],[-9.005766,42.476901]]],[[[-9.063083,42.609931],[-9.063193,42.609808],[-9.063284,42.609875],[-9.063083,42.609931]]],[[[-9.029141,42.702466],[-9.028991,42.702564],[-9.028958,42.702475],[-9.029141,42.702466]]],[[[-9.149663,42.796509],[-9.149724,42.796389],[-9.14989,42.796452],[-9.149663,42.796509]]],[[[-9.284364,42.953056],[-9.284492,42.952995],[-9.284554,42.953118],[-9.284364,42.953056]]],[[[-8.850197,42.153616],[-8.850257,42.153478],[-8.850339,42.153572],[-8.850197,42.153616]]],[[[-9.272358,43.009184],[-9.272578,43.009181],[-9.272451,43.009251],[-9.272358,43.009184]]],[[[-9.145894,42.794255],[-9.146116,42.794144],[-9.146168,42.794177],[-9.145894,42.794255]]],[[[-9.088439,43.189565],[-9.088257,43.189467],[-9.088313,43.18941],[-9.088439,43.189565]]],[[[-8.964069,42.568437],[-8.964166,42.568297],[-8.964182,42.568467],[-8.964069,42.568437]]],[[[-9.010178,42.514332],[-9.010304,42.514253],[-9.010267,42.514372],[-9.010178,42.514332]]],[[[-9.015288,43.230104],[-9.015476,43.230013],[-9.015497,43.230102],[-9.015288,43.230104]]],[[[-8.220264,43.586391],[-8.220236,43.586203],[-8.220409,43.58634],[-8.220264,43.586391]]],[[[-8.835839,42.341365],[-8.835986,42.341249],[-8.835972,42.341358],[-8.835839,42.341365]]],[[[-8.842651,42.157971],[-8.842604,42.158118],[-8.842553,42.157958],[-8.842651,42.157971]]],[[[-8.840276,42.338447],[-8.840129,42.338562],[-8.840064,42.338511],[-8.840276,42.338447]]],[[[-9.141238,42.789213],[-9.141362,42.789107],[-9.141413,42.789249],[-9.141238,42.789213]]],[[[-9.006131,42.477152],[-9.005962,42.477044],[-9.006131,42.477026],[-9.006131,42.477152]]],[[[-8.990304,43.273242],[-8.990533,43.273194],[-8.990599,43.273236],[-8.990304,43.273242]]],[[[-8.849463,43.329069],[-8.84962,43.328908],[-8.849605,43.328999],[-8.849463,43.329069]]],[[[-9.046688,42.511774],[-9.046804,42.511714],[-9.04689,42.511844],[-9.046688,42.511774]]],[[[-9.009007,42.505572],[-9.009041,42.505426],[-9.009098,42.505513],[-9.009007,42.505572]]],[[[-7.773337,43.739782],[-7.773151,43.73978],[-7.773142,43.739673],[-7.773337,43.739782]]],[[[-9.140823,42.793403],[-9.140749,42.793641],[-9.140739,42.793417],[-9.140823,42.793403]]],[[[-8.918508,42.454568],[-8.918375,42.454449],[-8.918402,42.454349],[-8.918508,42.454568]]],[[[-9.041315,42.560379],[-9.041229,42.560501],[-9.04119,42.56035],[-9.041315,42.560379]]],[[[-8.915334,43.306765],[-8.915344,43.306612],[-8.915413,43.306689],[-8.915334,43.306765]]],[[[-8.75483,42.350235],[-8.754964,42.350102],[-8.754884,42.350286],[-8.75483,42.350235]]],[[[-8.904655,42.458616],[-8.904803,42.458509],[-8.904845,42.45857],[-8.904655,42.458616]]],[[[-8.794417,42.246089],[-8.794595,42.246053],[-8.794569,42.246162],[-8.794417,42.246089]]],[[[-8.892513,42.45684],[-8.892673,42.456723],[-8.89269,42.456776],[-8.892513,42.45684]]],[[[-8.918766,42.454852],[-8.918683,42.455009],[-8.918634,42.454877],[-8.918766,42.454852]]],[[[-8.858364,42.299839],[-8.858217,42.299954],[-8.858212,42.299892],[-8.858364,42.299839]]],[[[-8.772905,42.223628],[-8.773054,42.22354],[-8.773018,42.223676],[-8.772905,42.223628]]],[[[-8.860445,42.291054],[-8.860594,42.290957],[-8.860627,42.291054],[-8.860445,42.291054]]],[[[-8.821999,42.342197],[-8.822109,42.342074],[-8.822136,42.342109],[-8.821999,42.342197]]],[[[-8.916887,42.458127],[-8.916779,42.458268],[-8.916744,42.458152],[-8.916887,42.458127]]],[[[-8.937771,42.477981],[-8.937928,42.477838],[-8.937949,42.477936],[-8.937771,42.477981]]],[[[-8.902964,42.116201],[-8.903033,42.116027],[-8.903058,42.11617],[-8.902964,42.116201]]],[[[-7.774268,43.739626],[-7.774115,43.739731],[-7.774176,43.739557],[-7.774268,43.739626]]],[[[-8.962593,42.568667],[-8.962809,42.568629],[-8.962772,42.568748],[-8.962593,42.568667]]],[[[-8.842352,43.345385],[-8.842447,43.345218],[-8.842511,43.345242],[-8.842352,43.345385]]],[[[-9.018498,43.222967],[-9.018437,43.223097],[-9.018431,43.223034],[-9.018498,43.222967]]],[[[-8.859232,42.296653],[-8.859096,42.29675],[-8.859074,42.296652],[-8.859232,42.296653]]],[[[-9.00508,42.512061],[-9.004879,42.512117],[-9.004844,42.512011],[-9.00508,42.512061]]],[[[-8.764157,42.258088],[-8.763956,42.258134],[-8.763947,42.258045],[-8.764157,42.258088]]],[[[-8.810189,42.192087],[-8.810411,42.191994],[-8.810207,42.192149],[-8.810189,42.192087]]],[[[-8.800596,42.338928],[-8.800806,42.338846],[-8.800755,42.338947],[-8.800596,42.338928]]],[[[-8.860291,42.291224],[-8.860453,42.291144],[-8.860459,42.291206],[-8.860291,42.291224]]],[[[-7.789749,43.7357],[-7.789892,43.735631],[-7.789755,43.73578],[-7.789749,43.7357]]],[[[-9.002398,42.511239],[-9.002624,42.511191],[-9.002413,42.511275],[-9.002398,42.511239]]],[[[-8.858236,42.300286],[-8.858384,42.30018],[-8.858396,42.300305],[-8.858236,42.300286]]],[[[-8.810217,42.191734],[-8.81011,42.191884],[-8.810065,42.191787],[-8.810217,42.191734]]],[[[-9.02105,43.21889],[-9.021163,43.218794],[-9.021301,43.21894],[-9.02105,43.21889]]],[[[-7.748503,43.746994],[-7.748653,43.746852],[-7.748674,43.746951],[-7.748503,43.746994]]],[[[-7.737725,43.747478],[-7.737577,43.747493],[-7.737677,43.747345],[-7.737725,43.747478]]],[[[-8.132224,43.638031],[-8.132346,43.637873],[-8.132302,43.638082],[-8.132224,43.638031]]],[[[-9.147316,42.816547],[-9.147182,42.816438],[-9.147369,42.816472],[-9.147316,42.816547]]],[[[-8.153598,43.61826],[-8.153732,43.618371],[-8.153559,43.618379],[-8.153598,43.61826]]],[[[-8.893966,42.457287],[-8.894206,42.457256],[-8.893982,42.457331],[-8.893966,42.457287]]],[[[-9.077258,42.600095],[-9.077123,42.60021],[-9.077115,42.60012],[-9.077258,42.600095]]],[[[-9.045953,42.512353],[-9.046036,42.512205],[-9.046102,42.512255],[-9.045953,42.512353]]],[[[-8.09232,43.666694],[-8.092408,43.666564],[-8.092425,43.666761],[-8.09232,43.666694]]],[[[-9.152113,42.792876],[-9.152175,42.792764],[-9.152284,42.792876],[-9.152113,42.792876]]],[[[-8.810567,42.191987],[-8.810673,42.191819],[-8.810675,42.191972],[-8.810567,42.191987]]],[[[-8.849044,43.329964],[-8.849246,43.32989],[-8.84909,43.330061],[-8.849044,43.329964]]],[[[-9.015722,43.232881],[-9.015739,43.233051],[-9.01565,43.232903],[-9.015722,43.232881]]],[[[-9.012331,43.234077],[-9.012371,43.233976],[-9.01254,43.234075],[-9.012331,43.234077]]],[[[-9.142952,42.804261],[-9.142766,42.804235],[-9.142895,42.804174],[-9.142952,42.804261]]],[[[-8.824228,42.579689],[-8.824354,42.57961],[-8.824329,42.579729],[-8.824228,42.579689]]],[[[-7.773381,43.738771],[-7.773347,43.738971],[-7.773264,43.738866],[-7.773381,43.738771]]],[[[-8.253693,43.563546],[-8.253909,43.563464],[-8.253913,43.563509],[-8.253693,43.563546]]],[[[-8.772882,42.224178],[-8.772942,42.22404],[-8.772986,42.224119],[-8.772882,42.224178]]],[[[-9.041306,42.560793],[-9.041366,42.560655],[-9.041439,42.560777],[-9.041306,42.560793]]],[[[-8.895068,42.08485],[-8.894944,42.084821],[-8.895004,42.084682],[-8.895068,42.08485]]],[[[-8.838332,42.292906],[-8.838366,42.293012],[-8.838242,42.292983],[-8.838332,42.292906]]],[[[-8.98304,42.536272],[-8.982912,42.536332],[-8.982817,42.536229],[-8.98304,42.536272]]],[[[-8.966507,43.229536],[-8.966455,43.229637],[-8.966311,43.229546],[-8.966507,43.229536]]],[[[-9.039121,42.518071],[-9.038965,42.518097],[-9.038943,42.517999],[-9.039121,42.518071]]],[[[-7.750561,43.747106],[-7.750821,43.747095],[-7.750754,43.747188],[-7.750561,43.747106]]],[[[-8.776041,42.387838],[-8.776227,42.387747],[-8.776131,42.387896],[-8.776041,42.387838]]],[[[-8.754992,42.647636],[-8.754981,42.64751],[-8.755084,42.647568],[-8.754992,42.647636]]],[[[-9.167963,42.798735],[-9.167863,42.798839],[-9.167861,42.798696],[-9.167963,42.798735]]],[[[-8.945387,42.384489],[-8.945619,42.384378],[-8.945426,42.384523],[-8.945387,42.384489]]],[[[-9.011715,43.233947],[-9.01157,43.233847],[-9.011615,43.233809],[-9.011715,43.233947]]],[[[-9.14611,42.73685],[-9.146063,42.736987],[-9.146021,42.736936],[-9.14611,42.73685]]],[[[-8.934247,42.480064],[-8.934449,42.480008],[-8.934455,42.480071],[-8.934247,42.480064]]],[[[-9.081763,42.734051],[-9.081751,42.734177],[-9.081599,42.734122],[-9.081763,42.734051]]],[[[-8.190051,43.618659],[-8.190195,43.618598],[-8.190118,43.61871],[-8.190051,43.618659]]],[[[-8.985048,42.53767],[-8.984935,42.537757],[-8.984884,42.537606],[-8.985048,42.53767]]],[[[-8.826281,42.303927],[-8.826415,42.30393],[-8.826287,42.30399],[-8.826281,42.303927]]],[[[-8.866405,42.49943],[-8.866529,42.499333],[-8.866524,42.499406],[-8.866405,42.49943]]],[[[-9.114097,43.193818],[-9.114231,43.193684],[-9.114243,43.193801],[-9.114097,43.193818]]],[[[-8.987009,42.531329],[-8.987005,42.531158],[-8.987055,42.531173],[-8.987009,42.531329]]],[[[-9.047098,42.510978],[-9.046985,42.511074],[-9.046985,42.510939],[-9.047098,42.510978]]],[[[-8.810439,42.196521],[-8.810535,42.196642],[-8.810444,42.196701],[-8.810439,42.196521]]],[[[-9.046631,42.532049],[-9.046779,42.531951],[-9.046811,42.53203],[-9.046631,42.532049]]],[[[-8.910088,42.249754],[-8.910196,42.249613],[-8.910129,42.249797],[-8.910088,42.249754]]],[[[-8.77307,42.223845],[-8.772904,42.223889],[-8.772824,42.223803],[-8.77307,42.223845]]],[[[-9.047575,42.518802],[-9.047672,42.518671],[-9.047721,42.518795],[-9.047575,42.518802]]],[[[-8.813085,42.338447],[-8.812917,42.338464],[-8.812996,42.338397],[-8.813085,42.338447]]],[[[-8.855778,43.321786],[-8.855794,43.321957],[-8.855725,43.321879],[-8.855778,43.321786]]],[[[-9.093499,43.189601],[-9.093686,43.18951],[-9.093706,43.189581],[-9.093499,43.189601]]],[[[-7.796273,43.73484],[-7.796173,43.734989],[-7.796151,43.734864],[-7.796273,43.73484]]],[[[-9.039573,42.517462],[-9.039711,42.517382],[-9.039776,42.517424],[-9.039573,42.517462]]],[[[-8.193994,43.613087],[-8.194166,43.613061],[-8.193964,43.61316],[-8.193994,43.613087]]],[[[-8.808634,42.33978],[-8.808509,42.339868],[-8.808464,42.33978],[-8.808634,42.33978]]],[[[-9.102434,43.190743],[-9.102479,43.190578],[-9.102544,43.190611],[-9.102434,43.190743]]],[[[-8.857968,42.300138],[-8.858145,42.300084],[-8.858093,42.300186],[-8.857968,42.300138]]],[[[-9.146413,42.791851],[-9.146563,42.791753],[-9.146548,42.791853],[-9.146413,42.791851]]],[[[-8.943849,42.466179],[-8.94401,42.46608],[-8.944089,42.466148],[-8.943849,42.466179]]],[[[-9.063854,42.609719],[-9.063741,42.609806],[-9.063708,42.609718],[-9.063854,42.609719]]],[[[-8.860059,42.291335],[-8.860208,42.291237],[-8.860196,42.291373],[-8.860059,42.291335]]],[[[-8.833587,42.342587],[-8.833608,42.342424],[-8.833634,42.34245],[-8.833587,42.342587]]],[[[-8.937884,42.478533],[-8.938,42.478473],[-8.937903,42.478604],[-8.937884,42.478533]]],[[[-8.819213,42.304999],[-8.819089,42.305095],[-8.819042,42.30498],[-8.819213,42.304999]]],[[[-9.022504,43.218534],[-9.022605,43.218439],[-9.022676,43.218534],[-9.022504,43.218534]]],[[[-8.6036,43.322066],[-8.603752,43.321968],[-8.603769,43.322021],[-8.6036,43.322066]]],[[[-9.279706,43.013037],[-9.27977,43.013178],[-9.279612,43.013078],[-9.279706,43.013037]]],[[[-8.826521,42.581291],[-8.826609,42.581188],[-8.826692,42.581292],[-8.826521,42.581291]]],[[[-9.150872,42.792565],[-9.150898,42.792455],[-9.151001,42.792513],[-9.150872,42.792565]]],[[[-8.90898,42.218638],[-8.909136,42.218621],[-8.909107,42.218694],[-8.90898,42.218638]]],[[[-9.008477,42.505249],[-9.008574,42.505117],[-9.008639,42.505159],[-9.008477,42.505249]]],[[[-9.172355,42.799263],[-9.172503,42.799156],[-9.17249,42.799264],[-9.172355,42.799263]]],[[[-9.004673,42.512254],[-9.004471,42.512301],[-9.004466,42.512256],[-9.004673,42.512254]]],[[[-9.151913,42.799467],[-9.152063,42.799378],[-9.152061,42.799477],[-9.151913,42.799467]]],[[[-9.0394,42.506993],[-9.039401,42.506876],[-9.039477,42.506908],[-9.0394,42.506993]]],[[[-8.836504,42.291496],[-8.836706,42.29145],[-8.836709,42.291486],[-8.836504,42.291496]]],[[[-9.041456,42.561209],[-9.041569,42.561113],[-9.041594,42.561246],[-9.041456,42.561209]]],[[[-9.011671,42.51518],[-9.011692,42.515026],[-9.011769,42.515067],[-9.011671,42.51518]]],[[[-8.77273,42.388941],[-8.772867,42.388853],[-8.772831,42.388981],[-8.77273,42.388941]]],[[[-8.836478,42.291732],[-8.836645,42.291705],[-8.836458,42.291787],[-8.836478,42.291732]]],[[[-9.041147,42.561288],[-9.041255,42.561147],[-9.041321,42.561198],[-9.041147,42.561288]]],[[[-8.983481,42.532495],[-8.983314,42.532531],[-8.983298,42.532486],[-8.983481,42.532495]]],[[[-8.822911,42.301182],[-8.82305,42.301112],[-8.822974,42.301206],[-8.822911,42.301182]]],[[[-9.089239,43.190431],[-9.089115,43.190407],[-9.089112,43.190371],[-9.089239,43.190431]]],[[[-9.020866,43.222761],[-9.020971,43.222828],[-9.020832,43.222799],[-9.020866,43.222761]]],[[[-8.797405,42.336561],[-8.797478,42.336701],[-8.797377,42.336652],[-8.797405,42.336561]]],[[[-8.962667,42.568924],[-8.96273,42.568822],[-8.962772,42.568874],[-8.962667,42.568924]]],[[[-9.146193,42.738304],[-9.146242,42.738175],[-9.14631,42.738252],[-9.146193,42.738304]]],[[[-8.905215,42.459523],[-8.905254,42.459422],[-8.905298,42.459501],[-8.905215,42.459523]]],[[[-9.008783,43.2343],[-9.008971,43.234209],[-9.008812,43.234344],[-9.008783,43.2343]]],[[[-7.768672,43.740301],[-7.768682,43.740426],[-7.768575,43.740332],[-7.768672,43.740301]]],[[[-9.037185,42.511512],[-9.037376,42.511475],[-9.03744,42.511507],[-9.037185,42.511512]]],[[[-8.195933,43.603249],[-8.196079,43.603215],[-8.195938,43.603302],[-8.195933,43.603249]]],[[[-9.147206,42.815815],[-9.147243,42.815696],[-9.147322,42.815755],[-9.147206,42.815815]]],[[[-8.88137,41.998282],[-8.881356,41.998391],[-8.881288,41.998304],[-8.88137,41.998282]]],[[[-9.00822,43.234204],[-9.008308,43.2341],[-9.0084,43.234158],[-9.00822,43.234204]]],[[[-9.045097,42.50941],[-9.045194,42.509279],[-9.045226,42.509358],[-9.045097,42.50941]]],[[[-9.019123,43.22306],[-9.018866,43.222957],[-9.018862,43.222912],[-9.019051,43.222956],[-9.019123,43.22306]]],[[[-8.939961,42.468001],[-8.94001,42.467873],[-8.940075,42.467923],[-8.939961,42.468001]]],[[[-8.74823,42.268153],[-8.748331,42.268058],[-8.748351,42.268147],[-8.74823,42.268153]]],[[[-8.860054,42.290894],[-8.860185,42.290869],[-8.860142,42.290926],[-8.860054,42.290894]]],[[[-9.039611,42.515974],[-9.039733,42.515851],[-9.03976,42.515876],[-9.039611,42.515974]]],[[[-8.911133,42.179648],[-8.911184,42.179546],[-8.911276,42.179622],[-8.911133,42.179648]]],[[[-8.80356,42.609817],[-8.803686,42.60973],[-8.803702,42.609774],[-8.80356,42.609817]]],[[[-9.040965,42.56092],[-9.041049,42.56078],[-9.041112,42.560804],[-9.040965,42.56092]]],[[[-9.007515,42.498152],[-9.007386,42.498204],[-9.007417,42.498148],[-9.007515,42.498152]]],[[[-8.966172,43.229508],[-8.96602,43.229471],[-8.966155,43.229464],[-8.966172,43.229508]]],[[[-8.604076,43.32161],[-8.604207,43.321559],[-8.604175,43.321614],[-8.604076,43.32161]]],[[[-8.859722,42.147637],[-8.859634,42.14774],[-8.859604,42.14767],[-8.859722,42.147637]]],[[[-8.860185,42.295947],[-8.860249,42.295853],[-8.860292,42.295923],[-8.860185,42.295947]]],[[[-9.152556,42.80261],[-9.152567,42.802474],[-9.152624,42.802561],[-9.152556,42.80261]]],[[[-7.797533,43.733365],[-7.79766,43.733243],[-7.797622,43.733388],[-7.797533,43.733365]]],[[[-8.984333,42.533503],[-8.984385,42.533411],[-8.984465,42.533488],[-8.984333,42.533503]]],[[[-8.910913,42.178327],[-8.910925,42.178452],[-8.910862,42.178428],[-8.910913,42.178327]]],[[[-9.011169,43.22529],[-9.011054,43.225368],[-9.010998,43.225299],[-9.011169,43.22529]]],[[[-8.829673,42.322613],[-8.829823,42.322534],[-8.829825,42.322561],[-8.829673,42.322613]]],[[[-8.202527,43.597699],[-8.20251,43.597781],[-8.202375,43.597661],[-8.202527,43.597699]]],[[[-8.9584,43.228843],[-8.958474,43.228723],[-8.958519,43.228801],[-8.9584,43.228843]]],[[[-8.829241,42.340873],[-8.829344,42.340805],[-8.829447,42.340863],[-8.829241,42.340873]]],[[[-8.790369,43.310527],[-8.790471,43.310432],[-8.790443,43.310532],[-8.790369,43.310527]]],[[[-8.893901,42.457119],[-8.894063,42.45703],[-8.894078,42.457065],[-8.893901,42.457119]]],[[[-8.810575,42.191545],[-8.810511,42.191638],[-8.810483,42.19146],[-8.810575,42.191545]]],[[[-8.839079,42.158721],[-8.839003,42.158815],[-8.838985,42.158753],[-8.839079,42.158721]]],[[[-9.151262,42.802265],[-9.151337,42.802153],[-9.151359,42.802251],[-9.151262,42.802265]]],[[[-8.911413,42.179012],[-8.911376,42.179131],[-8.911299,42.17909],[-8.911413,42.179012]]],[[[-8.93972,42.467636],[-8.939795,42.467533],[-8.939853,42.467629],[-8.93972,42.467636]]],[[[-8.310213,43.545199],[-8.310082,43.54525],[-8.310088,43.545177],[-8.310213,43.545199]]],[[[-9.119898,43.196207],[-9.119818,43.196274],[-9.119833,43.196174],[-9.119898,43.196207]]],[[[-7.816917,43.723203],[-7.816865,43.723332],[-7.816823,43.72327],[-7.816917,43.723203]]],[[[-8.803215,42.609907],[-8.803137,42.609992],[-8.803153,42.609901],[-8.803215,42.609907]]],[[[-8.772485,42.389053],[-8.772598,42.388957],[-8.772536,42.389077],[-8.772485,42.389053]]],[[[-8.825637,42.342435],[-8.825776,42.342364],[-8.825803,42.342399],[-8.825637,42.342435]]],[[[-8.85894,42.293643],[-8.858818,42.293631],[-8.858909,42.293572],[-8.85894,42.293643]]],[[[-9.044859,42.51035],[-9.044975,42.510289],[-9.044947,42.510372],[-9.044859,42.51035]]],[[[-9.117607,43.20011],[-9.117773,43.200047],[-9.117826,43.20009],[-9.117607,43.20011]]],[[[-9.038411,42.563467],[-9.038487,42.563364],[-9.038552,42.563415],[-9.038411,42.563467]]],[[[-7.75242,43.746588],[-7.752394,43.746733],[-7.752349,43.746627],[-7.75242,43.746588]]],[[[-7.752342,43.747959],[-7.752463,43.747918],[-7.752371,43.748003],[-7.752342,43.747959]]],[[[-9.019734,43.223271],[-9.019796,43.223151],[-9.019855,43.223247],[-9.019734,43.223271]]],[[[-9.028174,42.520017],[-9.02829,42.519957],[-9.028306,42.519992],[-9.028174,42.520017]]],[[[-8.953707,43.256409],[-8.953827,43.256502],[-8.953662,43.256448],[-8.953707,43.256409]]],[[[-9.142732,42.788998],[-9.142708,42.789125],[-9.142653,42.789065],[-9.142732,42.788998]]],[[[-8.836818,42.29148],[-8.836944,42.291537],[-8.836836,42.291542],[-8.836818,42.29148]]],[[[-7.752969,43.746151],[-7.752883,43.746163],[-7.752882,43.745992],[-7.752969,43.746151]]],[[[-9.04428,42.534549],[-9.044205,42.534652],[-9.044184,42.534564],[-9.04428,42.534549]]],[[[-9.04134,42.560891],[-9.041443,42.560822],[-9.041439,42.560904],[-9.04134,42.560891]]],[[[-9.098976,43.191846],[-9.099077,43.191742],[-9.099094,43.191795],[-9.098976,43.191846]]],[[[-9.152339,42.802279],[-9.152221,42.802322],[-9.152236,42.802222],[-9.152339,42.802279]]],[[[-9.041959,42.561119],[-9.041854,42.56117],[-9.041849,42.561116],[-9.041959,42.561119]]],[[[-9.27595,43.009526],[-9.275977,43.009435],[-9.276045,43.009494],[-9.27595,43.009526]]],[[[-9.081015,43.184695],[-9.081014,43.184803],[-9.080955,43.184708],[-9.081015,43.184695]]],[[[-8.948235,42.55973],[-8.948317,42.559816],[-8.94821,42.559849],[-8.948235,42.55973]]],[[[-9.089071,43.190476],[-9.088993,43.190553],[-9.088996,43.190462],[-9.089071,43.190476]]],[[[-9.076484,43.18626],[-9.076598,43.186164],[-9.076674,43.186187],[-9.076484,43.18626]]],[[[-9.014263,43.228448],[-9.014337,43.228327],[-9.014411,43.228332],[-9.014263,43.228448]]],[[[-9.144887,42.814869],[-9.144846,42.814952],[-9.144828,42.81489],[-9.144887,42.814869]]],[[[-9.188141,43.185131],[-9.188233,43.185063],[-9.188271,43.185196],[-9.188141,43.185131]]],[[[-8.842402,43.345392],[-8.842506,43.345449],[-8.842368,43.34543],[-8.842402,43.345392]]],[[[-7.773532,43.738639],[-7.773478,43.738749],[-7.773434,43.738661],[-7.773532,43.738639]]],[[[-9.078965,43.184238],[-9.079016,43.184146],[-9.079017,43.184271],[-9.078965,43.184238]]],[[[-8.838586,42.293028],[-8.838482,42.293087],[-8.838466,42.293043],[-8.838586,42.293028]]],[[[-9.145613,42.794009],[-9.145548,42.794094],[-9.145504,42.794015],[-9.145613,42.794009]]],[[[-8.823644,42.579044],[-8.823761,42.578993],[-8.823682,42.57906],[-8.823644,42.579044]]],[[[-8.819219,42.3048],[-8.819164,42.304731],[-8.819296,42.304715],[-8.819219,42.3048]]],[[[-8.948872,42.559769],[-8.948794,42.559845],[-8.948737,42.559749],[-8.948872,42.559769]]],[[[-9.043337,42.512095],[-9.043424,42.511992],[-9.043441,42.512036],[-9.043337,42.512095]]],[[[-9.153529,42.801945],[-9.153542,42.801836],[-9.153623,42.801913],[-9.153529,42.801945]]],[[[-8.189359,43.619969],[-8.189356,43.620077],[-8.189308,43.619953],[-8.189359,43.619969]]],[[[-9.025849,42.708158],[-9.025952,42.708089],[-9.025961,42.708179],[-9.025849,42.708158]]],[[[-8.967145,42.567493],[-8.967054,42.567552],[-8.967038,42.567517],[-8.967145,42.567493]]],[[[-9.118039,43.196811],[-9.118094,43.196871],[-9.117947,43.196879],[-9.118039,43.196811]]],[[[-9.035598,42.518887],[-9.035631,42.518984],[-9.035563,42.518907],[-9.035598,42.518887]]],[[[-8.810308,42.191532],[-8.810386,42.191465],[-8.810359,42.191565],[-8.810308,42.191532]]],[[[-7.765436,43.739887],[-7.765446,43.740012],[-7.765379,43.739952],[-7.765436,43.739887]]],[[[-9.040689,42.514027],[-9.040623,42.514102],[-9.040567,42.514024],[-9.040689,42.514027]]],[[[-7.771656,43.741436],[-7.771633,43.741617],[-7.77157,43.741449],[-7.771656,43.741436]]],[[[-9.075616,43.186685],[-9.075629,43.18681],[-9.07556,43.186742],[-9.075616,43.186685]]],[[[-8.819015,42.656795],[-8.818986,42.656869],[-8.818857,42.656794],[-8.819015,42.656795]]],[[[-9.044807,42.532199],[-9.044709,42.532186],[-9.04475,42.532112],[-9.044807,42.532199]]],[[[-9.032334,42.517601],[-9.032256,42.517677],[-9.032213,42.517608],[-9.032334,42.517601]]],[[[-9.004111,42.511977],[-9.004177,42.511902],[-9.00421,42.51199],[-9.004111,42.511977]]],[[[-7.772775,43.739742],[-7.77276,43.739869],[-7.772719,43.739816],[-7.772775,43.739742]]],[[[-8.836806,42.291742],[-8.836871,42.291657],[-8.83689,42.291737],[-8.836806,42.291742]]],[[[-8.772032,42.389012],[-8.77215,42.388979],[-8.772156,42.389042],[-8.772032,42.389012]]],[[[-8.84939,43.328821],[-8.849376,43.32893],[-8.84933,43.328842],[-8.84939,43.328821]]],[[[-9.096055,43.193272],[-9.096148,43.193213],[-9.096085,43.193324],[-9.096055,43.193272]]],[[[-8.917381,42.620574],[-8.917302,42.620641],[-8.917321,42.620577],[-8.917381,42.620574]]],[[[-9.083753,43.185746],[-9.083833,43.185688],[-9.083867,43.185785],[-9.083753,43.185746]]],[[[-8.989642,42.52236],[-8.989614,42.522452],[-8.989558,42.522373],[-8.989642,42.52236]]],[[[-7.773572,43.738989],[-7.773518,43.73909],[-7.773512,43.739018],[-7.773572,43.738989]]],[[[-9.082434,43.18498],[-9.082408,43.185089],[-9.082373,43.184992],[-9.082434,43.18498]]],[[[-8.971811,42.567123],[-8.971795,42.567214],[-8.971774,42.567125],[-8.971811,42.567123]]],[[[-8.77232,42.388971],[-8.772403,42.388949],[-8.772388,42.389048],[-8.77232,42.388971]]],[[[-7.771779,43.740027],[-7.771773,43.740099],[-7.771624,43.740096],[-7.771779,43.740027]]],[[[-8.972018,42.568139],[-8.972074,42.568217],[-8.971998,42.568185],[-8.972018,42.568139]]],[[[-9.090506,43.190184],[-9.090539,43.190272],[-9.090447,43.190205],[-9.090506,43.190184]]],[[[-7.75311,43.745893],[-7.753035,43.745887],[-7.753088,43.745768],[-7.75311,43.745893]]],[[[-9.014898,43.223409],[-9.014933,43.223516],[-9.014869,43.223492],[-9.014898,43.223409]]],[[[-9.003742,43.230119],[-9.003676,43.230068],[-9.003751,43.230082],[-9.003742,43.230119]]],[[[-9.102631,43.19075],[-9.1027,43.190819],[-9.102638,43.190813],[-9.102631,43.19075]]],[[[-8.830284,42.344664],[-8.830303,42.344735],[-8.830254,42.344729],[-8.830284,42.344664]]],[[[-8.917254,42.620644],[-8.917223,42.6207],[-8.917203,42.62062],[-8.917254,42.620644]]],[[[-9.083589,43.186079],[-9.083546,43.186145],[-9.083528,43.186083],[-9.083589,43.186079]]],[[[-9.102007,43.190784],[-9.101979,43.190875],[-9.101936,43.190806],[-9.102007,43.190784]]],[[[-9.015442,43.223552],[-9.015363,43.223628],[-9.015367,43.223547],[-9.015442,43.223552]]],[[[-7.764352,43.740778],[-7.764365,43.740949],[-7.764353,43.740949],[-7.764352,43.740778]]],[[[-9.002815,43.228709],[-9.002899,43.228687],[-9.002916,43.228731],[-9.002815,43.228709]]],[[[-9.007934,42.498202],[-9.007982,42.498199],[-9.007902,42.498249],[-9.007934,42.498202]]],[[[-9.082364,43.185515],[-9.082333,43.18557],[-9.082304,43.185527],[-9.082364,43.185515]]],[[[-8.877304,41.873609],[-8.877316,41.873608],[-8.877281,41.873619],[-8.877304,41.873609]]]]}},{"type":"Feature","properties":{"name":"Aragon","country":"ES"},"geometry":{"type":"Polygon","coordinates":[[[-0.819095,42.900669],[-0.724485,42.92023],[-0.717581,42.885839],[-0.678752,42.884536],[-0.602023,42.83215],[-0.60047,42.802429],[-0.569138,42.806856],[-0.567586,42.780628],[-0.505268,42.827426],[-0.441704,42.795371],[-0.394747,42.798967],[-0.313264,42.849373],[-0.188663,42.786941],[-0.159987,42.798029],[-0.106406,42.720616],[-0.016661,42.685111],[0.175796,42.737044],[0.260005,42.716015],[0.295266,42.673195],[0.360231,42.724349],[0.42209,42.690458],[0.660068,42.690854],[0.703626,42.623826],[0.767525,42.611236],[0.749547,42.534881],[0.721162,42.524539],[0.73976,42.50515],[0.690486,42.487622],[0.746097,42.384776],[0.723272,42.36563],[0.771307,42.350643],[0.74036,42.336873],[0.764623,42.322481],[0.702619,42.19004],[0.713966,42.163424],[0.65171,42.026251],[0.662873,42.012234],[0.56188,41.938219],[0.607487,41.919315],[0.60716,41.871798],[0.483232,41.801463],[0.468601,41.764976],[0.398676,41.757811],[0.327017,41.67817],[0.357982,41.63172],[0.349613,41.599464],[0.428494,41.602376],[0.446923,41.542236],[0.396712,41.490303],[0.342024,41.484],[0.355329,41.451759],[0.320036,41.394183],[0.373968,41.351539],[0.348436,41.328871],[0.385664,41.278844],[0.381311,41.23643],[0.322404,41.225241],[0.291988,41.156356],[0.200941,41.12608],[0.217744,41.043655],[0.279658,41.020167],[0.258635,41.01463],[0.293501,40.970561],[0.238908,40.884704],[0.278194,40.820901],[0.229967,40.767433],[0.159181,40.750608],[0.163809,40.723607],[0.112501,40.727137],[0.042175,40.691006],[0.015738,40.72843],[-0.064699,40.727407],[-0.164957,40.788631],[-0.224034,40.754158],[-0.235991,40.691108],[-0.306998,40.659497],[-0.328818,40.680279],[-0.377957,40.667536],[-0.370483,40.613592],[-0.293286,40.611041],[-0.301837,40.515404],[-0.27264,40.473762],[-0.347355,40.44394],[-0.281762,40.365698],[-0.388637,40.306937],[-0.383626,40.264848],[-0.428072,40.243803],[-0.494515,40.228732],[-0.544187,40.251659],[-0.57864,40.137335],[-0.628533,40.102578],[-0.613589,40.070013],[-0.753621,40.046608],[-0.777646,39.998407],[-0.837795,39.976808],[-0.840423,39.92495],[-0.797695,39.881067],[-0.86742,39.846778],[-0.912564,39.872355],[-0.920454,39.964404],[-0.989381,39.981827],[-1.142395,39.971841],[-1.165188,40.010096],[-1.084228,40.036208],[-1.072129,40.060484],[-1.148034,40.114497],[-1.244592,40.115803],[-1.297785,40.211533],[-1.32299,40.184856],[-1.319722,40.146395],[-1.357099,40.128887],[-1.433319,40.139475],[-1.439208,40.197014],[-1.540483,40.190804],[-1.690346,40.30966],[-1.72122,40.2787],[-1.72946,40.302908],[-1.697677,40.321292],[-1.80205,40.411339],[-1.692512,40.486824],[-1.701624,40.541096],[-1.678101,40.590952],[-1.598749,40.562054],[-1.545515,40.595195],[-1.564856,40.614742],[-1.535638,40.687019],[-1.562017,40.739752],[-1.539908,40.760733],[-1.542334,40.811219],[-1.621392,40.8804],[-1.617449,40.943733],[-1.803291,41.089895],[-1.932447,41.13859],[-1.959017,41.172486],[-2.051693,41.146849],[-2.146242,41.184395],[-2.173671,41.288085],[-2.163137,41.35535],[-2.116033,41.382047],[-2.10152,41.445789],[-2.035623,41.426889],[-2.02927,41.384158],[-1.937295,41.407854],[-1.981112,41.486435],[-1.967335,41.546067],[-1.993238,41.60051],[-1.9231,41.598335],[-1.858991,41.66153],[-1.806224,41.664263],[-1.812074,41.686454],[-1.786862,41.699431],[-1.775372,41.724789],[-1.852918,41.789564],[-1.817601,41.85338],[-1.857281,41.909515],[-1.847185,42.007999],[-1.766896,41.995789],[-1.715221,41.956963],[-1.654146,41.965351],[-1.559256,41.913944],[-1.410756,41.918955],[-1.304822,42.042949],[-1.310593,42.072313],[-1.352277,42.07307],[-1.398881,42.126219],[-1.391906,42.181418],[-1.41753,42.212368],[-1.399082,42.2913],[-1.329083,42.355385],[-1.359905,42.378039],[-1.341508,42.423938],[-1.27278,42.481899],[-1.288137,42.52279],[-1.264769,42.556803],[-1.202791,42.54966],[-1.20192,42.578239],[-1.158035,42.599154],[-1.179775,42.610624],[-1.157116,42.610891],[-1.152046,42.647884],[-1.051926,42.642594],[-1.027981,42.70006],[-0.948676,42.711452],[-0.900535,42.760466],[-0.864838,42.763354],[-0.847533,42.78592],[-0.856833,42.846885],[-0.818533,42.869367],[-0.819095,42.900669]],[[-1.125577,42.455863],[-1.108017,42.441319],[-1.051014,42.441462],[-1.091664,42.485733],[-1.125577,42.455863]],[[-1.148985,42.432848],[-1.182826,42.424591],[-1.187799,42.40303],[-1.15877,42.409663],[-1.148985,42.432848]]]}},{"type":"Feature","properties":{"name":"Madrid","country":"ES"},"geometry":{"type":"MultiPolygon","coordinates":[[[[-3.536705,41.160576],[-3.488751,41.094294],[-3.425805,41.082899],[-3.438935,41.04267],[-3.39445,41.000278],[-3.460577,40.906659],[-3.440487,40.87535],[-3.47257,40.864217],[-3.511572,40.788496],[-3.444343,40.76158],[-3.434945,40.727986],[-3.468553,40.689937],[-3.404735,40.669637],[-3.393354,40.692458],[-3.345598,40.637743],[-3.316497,40.655177],[-3.338516,40.625849],[-3.284069,40.568977],[-3.297126,40.537521],[-3.249915,40.544316],[-3.199955,40.514449],[-3.198597,40.442252],[-3.155515,40.439425],[-3.130558,40.405185],[-3.194449,40.248037],[-3.173397,40.23417],[-3.101528,40.278092],[-3.067845,40.157914],[-3.096755,40.142389],[-3.056194,40.113743],[-3.060707,40.090564],[-3.11819,40.061429],[-3.161579,40.064928],[-3.178137,40.092207],[-3.200956,40.060488],[-3.275756,40.047276],[-3.332241,40.080482],[-3.37529,40.075393],[-3.401072,40.034181],[-3.506863,40.048674],[-3.519689,40.021072],[-3.637944,39.988352],[-3.634499,39.965892],[-3.74387,39.940802],[-3.804398,39.88472],[-3.868326,39.904859],[-3.87519,39.928736],[-3.727936,39.964545],[-3.746207,39.981089],[-3.636088,40.041626],[-3.607628,40.108967],[-3.667313,40.143291],[-3.770453,40.139399],[-3.804603,40.176841],[-3.834186,40.161353],[-3.872016,40.190153],[-3.950892,40.190335],[-3.952866,40.212797],[-3.991002,40.209478],[-4.072894,40.265451],[-4.145769,40.245177],[-4.190871,40.297355],[-4.20323,40.268818],[-4.247999,40.273481],[-4.306111,40.221778],[-4.348488,40.236747],[-4.356386,40.308621],[-4.38011,40.318341],[-4.437426,40.236698],[-4.527911,40.200093],[-4.574993,40.206642],[-4.568788,40.258712],[-4.529379,40.293125],[-4.546225,40.341825],[-4.502898,40.314893],[-4.455762,40.319351],[-4.42173,40.406229],[-4.321089,40.410309],[-4.341252,40.428678],[-4.315679,40.464766],[-4.328218,40.533757],[-4.289262,40.564194],[-4.290709,40.627823],[-4.245439,40.602447],[-4.161183,40.623465],[-4.171567,40.680626],[-4.0767,40.788881],[-3.979676,40.784555],[-3.952276,40.893632],[-3.907197,40.955303],[-3.781366,41.000312],[-3.613703,41.149053],[-3.536705,41.160576]],[[-3.363665,40.631602],[-3.380257,40.632854],[-3.382135,40.630471],[-3.363665,40.631602]]],[[[-4.255731,40.65317],[-4.31951,40.647644],[-4.324122,40.658029],[-4.284817,40.681221],[-4.255731,40.65317]]]]}},{"type":"Feature","properties":{"name":"Extremadura","country":"ES"},"geometry":{"type":"Polygon","coordinates":[[[-6.230476,40.486602],[-6.065127,40.396934],[-6.105716,40.356795],[-6.016017,40.340292],[-6.005939,40.305805],[-5.937782,40.281067],[-5.917174,40.277697],[-5.884245,40.326604],[-5.799337,40.353751],[-5.793144,40.286705],[-5.692662,40.292106],[-5.61452,40.218298],[-5.548115,40.197243],[-5.47091,40.207853],[-5.429097,40.252607],[-5.343209,40.264052],[-5.367995,40.164109],[-5.335977,40.115818],[-5.369011,40.100085],[-5.365144,39.982919],[-5.40611,39.877729],[-5.323613,39.891727],[-5.284049,39.863875],[-5.312588,39.824275],[-5.308079,39.760025],[-5.254823,39.752342],[-5.206465,39.797559],[-5.1669,39.799882],[-5.173964,39.751255],[-5.137794,39.714999],[-5.161765,39.642437],[-5.206625,39.597232],[-4.950334,39.393462],[-4.870935,39.368313],[-4.687696,39.450295],[-4.669498,39.424537],[-4.70666,39.327726],[-4.761012,39.320789],[-4.708229,39.209868],[-4.647577,39.168727],[-4.810273,39.199416],[-4.874404,39.100434],[-4.826935,39.064119],[-4.832793,39.04616],[-4.879987,39.032425],[-4.962504,39.058727],[-4.918221,38.957045],[-4.832415,38.938907],[-4.847319,38.882403],[-4.91494,38.88744],[-4.989994,38.739758],[-5.09919,38.707653],[-5.184505,38.719695],[-5.167322,38.680469],[-5.184233,38.659728],[-5.208485,38.667697],[-5.308514,38.577619],[-5.371748,38.583572],[-5.418617,38.51273],[-5.56892,38.432591],[-5.575648,38.329106],[-5.522497,38.238401],[-5.539673,38.160685],[-5.584789,38.131706],[-5.632501,38.138557],[-5.710426,38.081047],[-5.7349,38.086255],[-5.740737,38.126539],[-5.694711,38.150346],[-5.705786,38.169382],[-5.684243,38.157064],[-5.69473,38.186521],[-5.851523,38.171906],[-5.926378,38.105013],[-5.908982,38.062846],[-5.953688,37.995346],[-6.115307,37.981767],[-6.18024,37.941026],[-6.303625,37.978337],[-6.352706,38.007398],[-6.367246,38.048919],[-6.413902,38.058563],[-6.452439,38.055959],[-6.47656,38.007834],[-6.583581,38.021285],[-6.580526,38.052772],[-6.622104,38.097008],[-6.732818,38.089954],[-6.80834,38.111238],[-6.795092,38.178541],[-6.855336,38.179027],[-6.93647,38.220523],[-7.085606,38.169395],[-7.280525,38.420346],[-7.335727,38.434668],[-7.295576,38.477767],[-7.32262,38.47823],[-7.303038,38.544913],[-7.244132,38.62363],[-7.269694,38.638792],[-7.255303,38.725894],[-7.039338,38.864778],[-7.052036,38.907164],[-6.951315,39.023998],[-6.995871,39.09926],[-7.039096,39.118384],[-7.143806,39.109254],[-7.134586,39.171095],[-7.241353,39.208544],[-7.231396,39.278361],[-7.308313,39.336829],[-7.323483,39.381934],[-7.296499,39.4589],[-7.381271,39.491807],[-7.391121,39.529879],[-7.495892,39.586444],[-7.545025,39.663485],[-7.332841,39.641171],[-7.25014,39.667197],[-7.149302,39.652901],[-7.015341,39.670792],[-6.976716,39.772703],[-6.986908,39.810098],[-6.903531,39.871307],[-6.90894,39.919155],[-6.864086,40.012452],[-6.941638,40.112872],[-7.0119,40.126873],[-7.028873,40.185314],[-7.012164,40.226483],[-6.865089,40.270634],[-6.755603,40.238923],[-6.718575,40.269201],[-6.690137,40.242662],[-6.671753,40.263232],[-6.587022,40.270721],[-6.536284,40.347244],[-6.371396,40.401874],[-6.344643,40.442776],[-6.230476,40.486602]]]}},{"type":"Feature","properties":{"name":"Castilla-La Mancha","country":"ES"},"geometry":{"type":"MultiPolygon","coordinates":[[[[-2.901019,41.325565],[-2.868988,41.317056],[-2.866888,41.274465],[-2.822245,41.256615],[-2.716772,41.275671],[-2.709546,41.251981],[-2.646015,41.24021],[-2.629198,41.215215],[-2.589486,41.224538],[-2.622066,41.187988],[-2.577493,41.178663],[-2.595314,41.150253],[-2.53651,41.162525],[-2.469466,41.07811],[-2.41891,41.057706],[-2.355329,41.086454],[-2.323407,41.056508],[-2.232147,41.097011],[-2.175298,41.083755],[-2.131855,41.118098],[-2.056434,41.069691],[-2.047617,41.152652],[-1.959017,41.172486],[-1.932447,41.13859],[-1.803291,41.089895],[-1.611852,40.937558],[-1.621392,40.8804],[-1.542334,40.811219],[-1.539908,40.760733],[-1.562017,40.739752],[-1.535638,40.687019],[-1.564856,40.614742],[-1.545515,40.595195],[-1.598749,40.562054],[-1.678101,40.590952],[-1.701624,40.541096],[-1.692512,40.486824],[-1.7486,40.462897],[-1.806359,40.39823],[-1.697677,40.321292],[-1.72946,40.302908],[-1.719274,40.277102],[-1.690346,40.30966],[-1.540483,40.190804],[-1.439208,40.197014],[-1.456213,40.130954],[-1.407597,40.101404],[-1.37686,40.016499],[-1.249456,39.995103],[-1.165188,40.010096],[-1.142395,39.971841],[-1.208184,39.943806],[-1.200044,39.858706],[-1.275409,39.738641],[-1.261995,39.698907],[-1.307852,39.670817],[-1.368535,39.689615],[-1.417932,39.654936],[-1.461796,39.576906],[-1.520542,39.55027],[-1.499153,39.50045],[-1.528916,39.4546],[-1.505175,39.417996],[-1.482662,39.421777],[-1.488138,39.40063],[-1.452737,39.398669],[-1.455104,39.360849],[-1.414679,39.380298],[-1.336645,39.333996],[-1.165003,39.310512],[-1.180826,39.211822],[-1.25572,39.10617],[-1.26675,39.05102],[-1.146654,38.929353],[-0.95941,38.944582],[-0.924537,38.891752],[-0.924879,38.823362],[-0.928938,38.783834],[-0.961429,38.774792],[-0.915793,38.695965],[-0.962466,38.656925],[-1.034104,38.656566],[-1.115601,38.711387],[-1.119672,38.737719],[-1.183635,38.755085],[-1.344069,38.677102],[-1.366666,38.704002],[-1.402218,38.690797],[-1.447698,38.649518],[-1.452001,38.58146],[-1.498733,38.532056],[-1.478547,38.376383],[-1.589539,38.309992],[-1.670246,38.311649],[-1.687557,38.365825],[-1.743514,38.38129],[-1.907536,38.297962],[-1.98263,38.281371],[-2.048992,38.305783],[-2.113728,38.238203],[-2.212939,38.203022],[-2.26165,38.112959],[-2.357922,38.02244],[-2.551296,38.084092],[-2.446277,38.185194],[-2.43539,38.265022],[-2.485206,38.300256],[-2.483398,38.397858],[-2.573555,38.416252],[-2.566624,38.490466],[-2.597094,38.512402],[-2.679692,38.496921],[-2.767698,38.532907],[-2.88149,38.452645],[-2.963586,38.471454],[-3.001713,38.408321],[-3.064966,38.478248],[-3.138288,38.438577],[-3.326492,38.482121],[-3.375012,38.475235],[-3.376684,38.439596],[-3.451698,38.400318],[-3.528443,38.408641],[-3.541888,38.445385],[-3.583076,38.451469],[-3.598236,38.398474],[-3.785612,38.425269],[-3.830056,38.412796],[-3.854284,38.375141],[-3.91512,38.368814],[-4.257784,38.401577],[-4.28733,38.342761],[-4.452988,38.400871],[-4.512691,38.463854],[-4.593691,38.486382],[-4.707366,38.571946],[-4.860171,38.613979],[-4.87697,38.686094],[-5.0046,38.695095],[-5.046948,38.729087],[-4.989994,38.739758],[-4.943484,38.854378],[-4.91494,38.88744],[-4.847319,38.882403],[-4.83113,38.935611],[-4.918221,38.957045],[-4.962504,39.058727],[-4.879987,39.032425],[-4.832793,39.04616],[-4.826935,39.064119],[-4.874404,39.100434],[-4.810273,39.199416],[-4.647893,39.166866],[-4.708229,39.209868],[-4.761012,39.320789],[-4.70666,39.327726],[-4.669498,39.424537],[-4.690277,39.451789],[-4.774614,39.397194],[-4.902002,39.374503],[-5.20207,39.592022],[-5.137794,39.714999],[-5.173964,39.751255],[-5.1669,39.799882],[-5.206465,39.797559],[-5.254823,39.752342],[-5.308079,39.760025],[-5.312588,39.824275],[-5.284049,39.863875],[-5.323613,39.891727],[-5.40611,39.877729],[-5.365144,39.982919],[-5.369011,40.100085],[-5.216372,40.108007],[-5.203518,40.083434],[-5.171616,40.08482],[-5.018542,40.159053],[-5.013344,40.111056],[-4.954546,40.121126],[-4.925454,40.136036],[-4.924675,40.169984],[-4.807675,40.235319],[-4.803469,40.275265],[-4.76159,40.260902],[-4.698141,40.282192],[-4.687258,40.212002],[-4.654235,40.198067],[-4.579076,40.217196],[-4.527911,40.200093],[-4.437426,40.236698],[-4.38011,40.318341],[-4.356386,40.308621],[-4.348488,40.236747],[-4.306111,40.221778],[-4.247999,40.273481],[-4.20323,40.268818],[-4.190871,40.297355],[-4.145769,40.245177],[-4.072894,40.265451],[-3.991002,40.209478],[-3.952866,40.212797],[-3.950892,40.190335],[-3.872016,40.190153],[-3.834186,40.161353],[-3.804603,40.176841],[-3.770453,40.139399],[-3.667313,40.143291],[-3.607628,40.108967],[-3.636088,40.041626],[-3.746207,39.981089],[-3.727936,39.964545],[-3.87519,39.928736],[-3.868938,39.905244],[-3.814894,39.885742],[-3.74387,39.940802],[-3.634499,39.965892],[-3.637944,39.988352],[-3.589995,40.013172],[-3.519689,40.021072],[-3.506544,40.048761],[-3.401072,40.034181],[-3.377708,40.074767],[-3.334418,40.081052],[-3.274866,40.047353],[-3.200956,40.060488],[-3.17795,40.092231],[-3.161426,40.064886],[-3.089719,40.070125],[-3.052983,40.099388],[-3.096755,40.142389],[-3.067845,40.157914],[-3.096751,40.271047],[-3.128241,40.278787],[-3.173397,40.23417],[-3.197205,40.257547],[-3.130558,40.405185],[-3.155515,40.439425],[-3.198597,40.442252],[-3.199955,40.514449],[-3.230455,40.539006],[-3.297126,40.537521],[-3.284069,40.568977],[-3.338516,40.625849],[-3.316497,40.655177],[-3.345598,40.637743],[-3.393354,40.692458],[-3.404735,40.669637],[-3.468553,40.689937],[-3.434945,40.727986],[-3.444343,40.76158],[-3.511572,40.788496],[-3.47257,40.864217],[-3.440487,40.87535],[-3.460577,40.906659],[-3.39445,41.000278],[-3.438935,41.04267],[-3.425805,41.082899],[-3.488751,41.094294],[-3.539722,41.165041],[-3.466915,41.183264],[-3.444154,41.21534],[-3.402486,41.213619],[-3.415147,41.273197],[-3.254264,41.258383],[-3.199755,41.304429],[-3.061901,41.273427],[-2.950131,41.292637],[-2.901019,41.325565]]],[[[-3.382135,40.630471],[-3.363606,40.638421],[-3.371729,40.625769],[-3.382135,40.630471]]]]}},{"type":"Feature","properties":{"name":"Pais Vasco","country":"ES"},"geometry":{"type":"MultiPolygon","coordinates":[[[[-2.751495,43.456648],[-2.695678,43.406763],[-2.646309,43.415941],[-2.61863,43.391864],[-2.509732,43.377366],[-2.502606,43.364224],[-2.459739,43.335567],[-2.352928,43.298704],[-2.202446,43.311725],[-2.130502,43.287455],[-1.923781,43.332035],[-1.86497,43.372381],[-1.79126,43.39591],[-1.789238,43.352983],[-1.737382,43.330155],[-1.729369,43.293823],[-1.783243,43.28682],[-1.794975,43.246929],[-1.860575,43.212089],[-1.867694,43.230502],[-1.881908,43.206788],[-1.914152,43.225171],[-1.920688,43.15063],[-1.901952,43.135854],[-2.022824,43.065193],[-2.038338,42.980994],[-2.095235,42.972553],[-2.117632,42.942246],[-2.199135,42.951176],[-2.232156,42.93179],[-2.25307,42.892774],[-2.235411,42.835304],[-2.281011,42.785134],[-2.262167,42.748461],[-2.324008,42.723772],[-2.288481,42.655069],[-2.381949,42.634296],[-2.37626,42.65071],[-2.415797,42.66268],[-2.500083,42.616476],[-2.453242,42.567108],[-2.421121,42.607124],[-2.396754,42.5991],[-2.392202,42.516952],[-2.423121,42.510709],[-2.420582,42.489235],[-2.514721,42.490115],[-2.510593,42.520042],[-2.52982,42.483937],[-2.568259,42.494148],[-2.594649,42.47237],[-2.604977,42.503359],[-2.646254,42.482951],[-2.675781,42.525727],[-2.705495,42.516765],[-2.681769,42.595395],[-2.76372,42.622836],[-2.777953,42.581339],[-2.824993,42.554944],[-2.840847,42.581192],[-2.818771,42.612716],[-2.895719,42.654637],[-2.902502,42.693603],[-2.980631,42.703819],[-3.049654,42.765606],[-3.147913,42.756697],[-3.123255,42.789326],[-3.159229,42.804591],[-3.11494,42.889249],[-3.162823,42.856737],[-3.190686,42.869463],[-3.222176,42.838636],[-3.205533,42.827401],[-3.279081,42.872353],[-3.277239,42.90158],[-3.224729,42.949692],[-3.092102,42.898779],[-3.018906,42.908512],[-2.981189,42.939435],[-3.060257,43.00351],[-3.177802,43.021984],[-3.14186,43.029814],[-3.158187,43.074016],[-3.133941,43.097234],[-3.181786,43.120879],[-3.148292,43.174001],[-3.224093,43.170132],[-3.253417,43.198581],[-3.417646,43.133427],[-3.449272,43.233145],[-3.340126,43.27803],[-3.332405,43.301878],[-3.279447,43.290052],[-3.225228,43.308937],[-3.209506,43.283538],[-3.157327,43.30132],[-3.153287,43.353315],[-3.114772,43.350476],[-3.109356,43.364673],[-3.085196,43.377714],[-3.104456,43.364668],[-3.081224,43.351856],[-3.075502,43.354795],[-3.072291,43.362712],[-3.047852,43.359348],[-3.074897,43.354156],[-3.020716,43.325544],[-3.012592,43.347741],[-3.039605,43.373308],[-2.946881,43.412138],[-2.946909,43.436027],[-2.806978,43.430489],[-2.751495,43.456648]],[[-2.835474,42.79627],[-2.868464,42.739921],[-2.784503,42.698942],[-2.7679,42.666011],[-2.517397,42.646332],[-2.522024,42.684032],[-2.577768,42.668213],[-2.608979,42.695962],[-2.558302,42.762733],[-2.589366,42.750323],[-2.602347,42.770631],[-2.835474,42.79627]],[[-3.251061,43.248679],[-3.305841,43.253481],[-3.285045,43.197696],[-3.251061,43.248679]],[[-2.269034,43.30052],[-2.268994,43.300718],[-2.269155,43.300719],[-2.269034,43.30052]],[[-1.799154,43.391986],[-1.798869,43.392028],[-1.798781,43.392073],[-1.799154,43.391986]],[[-1.809679,43.38854],[-1.809553,43.388664],[-1.809752,43.388568],[-1.809679,43.38854]]],[[[-2.687259,43.427523],[-2.681412,43.425742],[-2.681439,43.422923],[-2.687259,43.427523]]],[[[-2.496957,43.366856],[-2.494244,43.36652],[-2.496587,43.365315],[-2.496957,43.366856]]],[[[-2.000767,43.321966],[-1.998426,43.321081],[-2.001046,43.320753],[-2.000767,43.321966]]],[[[-2.774725,43.451906],[-2.776606,43.451333],[-2.775871,43.452997],[-2.774725,43.451906]]],[[[-2.935697,43.440055],[-2.934846,43.439253],[-2.935031,43.438821],[-2.935697,43.440055]]],[[[-3.078056,43.354631],[-3.07929,43.354324],[-3.07934,43.354675],[-3.078056,43.354631]]],[[[-2.149843,43.296667],[-2.15029,43.296419],[-2.150905,43.297369],[-2.149843,43.296667]]],[[[-2.815135,43.433682],[-2.815569,43.43334],[-2.815406,43.434006],[-2.815135,43.433682]]],[[[-2.571466,43.391481],[-2.571851,43.391068],[-2.571724,43.391581],[-2.571466,43.391481]]],[[[-2.408383,43.324101],[-2.408693,43.323887],[-2.408813,43.324256],[-2.408383,43.324101]]],[[[-2.418397,43.326809],[-2.418645,43.326702],[-2.419714,43.327095],[-2.418397,43.326809]]],[[[-2.790203,43.443858],[-2.790439,43.44358],[-2.7905,43.443688],[-2.790203,43.443858]]],[[[-2.419472,43.327886],[-2.41929,43.32757],[-2.41966,43.327536],[-2.419472,43.327886]]],[[[-2.844717,43.432889],[-2.844768,43.432538],[-2.845026,43.433042],[-2.844717,43.432889]]],[[[-2.422168,43.329719],[-2.422294,43.329485],[-2.422439,43.329765],[-2.422168,43.329719]]],[[[-2.445226,43.333471],[-2.445101,43.333605],[-2.444855,43.333505],[-2.445226,43.333471]]],[[[-2.753198,43.457183],[-2.753323,43.457003],[-2.753507,43.45721],[-2.753198,43.457183]]],[[[-2.439636,43.333624],[-2.439922,43.333373],[-2.44002,43.333454],[-2.439636,43.333624]]],[[[-2.789996,43.442795],[-2.790108,43.442561],[-2.790157,43.442724],[-2.789996,43.442795]]],[[[-2.400727,43.322485],[-2.400902,43.322225],[-2.400887,43.322477],[-2.400727,43.322485]]],[[[-2.357516,43.304403],[-2.357687,43.304512],[-2.357527,43.30452],[-2.357516,43.304403]]],[[[-2.409387,43.323557],[-2.409378,43.323188],[-2.409547,43.323567],[-2.409387,43.323557]]],[[[-2.451557,43.335843],[-2.451621,43.3356],[-2.451769,43.335646],[-2.451557,43.335843]]],[[[-2.407341,43.32342],[-2.407493,43.323025],[-2.407427,43.323511],[-2.407341,43.32342]]],[[[-2.449442,43.335076],[-2.449456,43.334878],[-2.449617,43.334888],[-2.449442,43.335076]]],[[[-2.449923,43.335177],[-2.45006,43.33498],[-2.450146,43.33507],[-2.449923,43.335177]]],[[[-2.439764,43.333093],[-2.439593,43.332975],[-2.439778,43.332976],[-2.439764,43.333093]]],[[[-2.41918,43.327488],[-2.41907,43.327371],[-2.419193,43.327434],[-2.41918,43.327488]]],[[[-2.439615,43.333182],[-2.439789,43.333147],[-2.439738,43.333255],[-2.439615,43.333182]]],[[[-2.452358,43.335937],[-2.452383,43.335919],[-2.452481,43.336009],[-2.452358,43.335937]]]]}},{"type":"Feature","properties":{"name":"Aveiro","country":"PT"},"geometry":{"type":"Polygon","coordinates":[[[-8.784029,40.520365],[-8.646201,41.01587],[-8.557193,41.015564],[-8.528448,41.040509],[-8.501183,41.009411],[-8.466616,41.030253],[-8.486223,41.052702],[-8.448741,41.053461],[-8.389219,41.00138],[-8.398665,41.052367],[-8.347286,41.040608],[-8.290874,41.080154],[-8.23755,41.058244],[-8.240984,41.02524],[-8.204234,41.010181],[-8.212957,40.994042],[-8.13342,40.978587],[-8.091083,41.00897],[-8.132607,40.947946],[-8.106421,40.855165],[-8.255096,40.855853],[-8.23691,40.82539],[-8.272729,40.756867],[-8.332377,40.739782],[-8.296995,40.692896],[-8.2945,40.635143],[-8.245383,40.616405],[-8.30842,40.596408],[-8.250092,40.5111],[-8.330265,40.492986],[-8.317577,40.441197],[-8.354872,40.408857],[-8.357231,40.348094],[-8.40516,40.352011],[-8.409588,40.323862],[-8.449069,40.31711],[-8.454363,40.279174],[-8.525375,40.292371],[-8.529853,40.31565],[-8.484995,40.315343],[-8.481262,40.385658],[-8.504807,40.42224],[-8.572442,40.40029],[-8.574775,40.464855],[-8.614834,40.485583],[-8.634957,40.426318],[-8.662743,40.4285],[-8.784029,40.520365]]]}},{"type":"Feature","properties":{"name":"Beja","country":"PT"},"geometry":{"type":"Polygon","coordinates":[[[-8.819352,37.598618],[-8.786437,37.714001],[-8.811845,37.744016],[-8.79297,37.819562],[-8.734982,37.814467],[-8.683462,37.753228],[-8.661066,37.768448],[-8.617285,37.749497],[-8.587115,37.756779],[-8.583751,37.79937],[-8.549087,37.815856],[-8.537603,37.853362],[-8.434693,37.870909],[-8.330769,37.847026],[-8.299378,37.899178],[-8.293609,37.993323],[-8.318999,38.026162],[-8.363837,38.021973],[-8.409646,38.07277],[-8.3336,38.155204],[-8.291051,38.138682],[-8.284328,38.186578],[-8.239854,38.179422],[-8.129861,38.223987],[-8.161846,38.327123],[-8.055077,38.32833],[-8.009684,38.299525],[-7.981415,38.318178],[-7.669618,38.200223],[-7.497801,38.188454],[-7.409308,38.267271],[-7.406706,38.298588],[-7.287236,38.331129],[-7.244146,38.263126],[-7.19015,38.246425],[-7.199149,38.224051],[-7.152025,38.15465],[-7.121731,38.186409],[-7.084474,38.169236],[-7.010669,38.204624],[-6.931499,38.208298],[-6.969145,38.166313],[-6.952175,38.152778],[-6.987794,38.10198],[-7.002008,38.022391],[-7.046775,38.014249],[-7.098688,38.043822],[-7.128319,38.029505],[-7.120706,38.004633],[-7.262433,37.979856],[-7.248297,37.954493],[-7.283514,37.86886],[-7.324337,37.81582],[-7.421372,37.758942],[-7.443571,37.664606],[-7.503753,37.604793],[-7.513828,37.525153],[-7.574428,37.529092],[-7.620673,37.489783],[-7.712998,37.501776],[-7.892065,37.434488],[-7.90776,37.404248],[-7.983402,37.40681],[-8.006672,37.378158],[-7.990507,37.363037],[-8.065694,37.318963],[-8.192129,37.343342],[-8.275614,37.387158],[-8.277852,37.425504],[-8.317592,37.439374],[-8.417362,37.419753],[-8.454543,37.373719],[-8.573189,37.411985],[-8.639819,37.375359],[-8.663987,37.400727],[-8.733504,37.395185],[-8.749683,37.431878],[-8.79971,37.444211],[-8.785757,37.535382],[-8.819352,37.598618]]]}},{"type":"Feature","properties":{"name":"Braga","country":"PT"},"geometry":{"type":"Polygon","coordinates":[[[-8.811574,41.611568],[-8.651011,41.631312],[-8.643282,41.65438],[-8.562803,41.623671],[-8.540747,41.631309],[-8.547265,41.663528],[-8.496569,41.740777],[-8.46148,41.732262],[-8.374925,41.770386],[-8.306807,41.761176],[-8.195628,41.812618],[-8.053427,41.820631],[-8.06178,41.76063],[-8.119465,41.689238],[-7.989142,41.684883],[-7.996606,41.603083],[-7.881239,41.587953],[-7.850913,41.615073],[-7.810677,41.573346],[-7.861352,41.511783],[-7.937984,41.477761],[-7.94118,41.430732],[-8.028107,41.319252],[-8.119673,41.34316],[-8.165842,41.400299],[-8.213454,41.411836],[-8.287316,41.341065],[-8.326085,41.376851],[-8.394165,41.361854],[-8.399428,41.384289],[-8.60462,41.338544],[-8.623321,41.382736],[-8.59173,41.393937],[-8.605231,41.412664],[-8.776428,41.471972],[-8.811574,41.611568]]]}},{"type":"Feature","properties":{"name":"Castelo Branco","country":"PT"},"geometry":{"type":"Polygon","coordinates":[[[-8.282425,39.77791],[-8.274311,39.843029],[-8.149169,39.885345],[-8.086329,39.965186],[-8.033528,39.960441],[-8.031788,39.984535],[-8.00527,39.972328],[-8.013584,39.989296],[-7.962491,39.977456],[-7.952809,40.002489],[-7.901961,40.002861],[-7.915913,40.032773],[-7.861784,40.058883],[-7.808312,40.035737],[-7.796538,40.077123],[-7.816928,40.077274],[-7.787336,40.08602],[-7.773657,40.063882],[-7.731755,40.106001],[-7.809045,40.181776],[-7.782392,40.229919],[-7.655888,40.273665],[-7.608762,40.323602],[-7.537197,40.317839],[-7.50927,40.376207],[-7.461636,40.401835],[-7.34493,40.381847],[-7.322349,40.413487],[-7.270393,40.408057],[-7.275788,40.339387],[-7.332556,40.293932],[-7.297027,40.271245],[-7.240171,40.258456],[-7.212582,40.286043],[-7.161244,40.268668],[-7.111867,40.324642],[-7.083457,40.278427],[-7.016385,40.290408],[-6.961566,40.267959],[-6.96245,40.238726],[-7.012691,40.225458],[-7.021217,40.143863],[-6.993012,40.112487],[-6.94087,40.11251],[-6.863785,40.012009],[-6.906584,39.923818],[-6.903591,39.870705],[-6.987204,39.810027],[-6.976833,39.772321],[-7.015516,39.670428],[-7.15135,39.653072],[-7.251522,39.666811],[-7.333676,39.640847],[-7.533761,39.667166],[-7.640063,39.62256],[-7.672844,39.648961],[-7.715175,39.626283],[-7.723046,39.592667],[-7.825104,39.537365],[-7.810358,39.571211],[-7.848053,39.623261],[-7.914736,39.668444],[-7.957756,39.661452],[-7.968398,39.745874],[-8.055177,39.735861],[-8.057219,39.674372],[-8.078836,39.656998],[-8.053572,39.616506],[-8.134585,39.611285],[-8.237372,39.641755],[-8.229035,39.754446],[-8.243099,39.779033],[-8.282425,39.77791]]]}},{"type":"Feature","properties":{"name":"Coimbra","country":"PT"},"geometry":{"type":"Polygon","coordinates":[[[-8.909075,40.186794],[-8.784029,40.520365],[-8.662743,40.4285],[-8.634957,40.426318],[-8.614834,40.485583],[-8.574775,40.464855],[-8.572442,40.40029],[-8.504807,40.42224],[-8.481262,40.385658],[-8.484995,40.315343],[-8.529853,40.31565],[-8.525805,40.29372],[-8.459482,40.278817],[-8.448735,40.317495],[-8.409588,40.323862],[-8.40516,40.352011],[-8.357861,40.347405],[-8.351894,40.370214],[-8.250849,40.323226],[-8.116996,40.338909],[-7.828315,40.498545],[-7.796946,40.457423],[-7.845129,40.414086],[-7.797168,40.405046],[-7.805063,40.349296],[-7.758213,40.331759],[-7.825734,40.265946],[-7.782467,40.230504],[-7.809045,40.181776],[-7.731755,40.106001],[-7.773657,40.063882],[-7.787336,40.08602],[-7.816928,40.077274],[-7.796538,40.077123],[-7.808312,40.035737],[-7.864195,40.058098],[-7.915913,40.032773],[-7.901961,40.002861],[-7.952809,40.002489],[-7.963283,39.977208],[-8.031587,39.984604],[-8.033068,39.960657],[-8.086329,39.965186],[-8.086363,39.943668],[-8.123613,39.932811],[-8.108038,39.962076],[-8.156004,40.02194],[-8.143744,40.072782],[-8.179099,40.089736],[-8.209669,40.052111],[-8.242234,40.067299],[-8.275806,40.045403],[-8.297977,40.009353],[-8.270636,39.98914],[-8.279436,39.959502],[-8.31383,39.988723],[-8.38575,39.923943],[-8.408861,39.931837],[-8.379895,39.955408],[-8.426014,40.026557],[-8.427106,39.997654],[-8.45746,40.017778],[-8.522232,39.984531],[-8.538812,39.948844],[-8.562616,40.028175],[-8.642857,39.990418],[-8.675465,40.030092],[-8.86865,40.023377],[-8.89514,40.046562],[-8.862852,40.140043],[-8.909075,40.186794]]]}},{"type":"Feature","properties":{"name":"Guarda","country":"PT"},"geometry":{"type":"MultiPolygon","coordinates":[[[[-7.849227,40.427527],[-7.796946,40.457423],[-7.827298,40.481816],[-7.822164,40.508557],[-7.580874,40.573448],[-7.535142,40.690302],[-7.591012,40.713814],[-7.570866,40.749155],[-7.628108,40.781503],[-7.561142,40.872286],[-7.514061,40.869337],[-7.453619,40.812451],[-7.403226,40.878537],[-7.379962,40.868736],[-7.374169,40.912509],[-7.336196,40.934058],[-7.325272,40.971961],[-7.378821,40.991222],[-7.379047,41.01336],[-7.337449,41.014364],[-7.345711,41.046414],[-7.304573,41.139525],[-7.163955,41.126086],[-7.116458,41.178825],[-7.130137,41.137638],[-7.083856,41.125999],[-7.101727,41.080289],[-6.991968,41.025005],[-6.931356,41.029411],[-6.859131,40.949726],[-6.848874,40.902502],[-6.808621,40.881688],[-6.830544,40.742769],[-6.794014,40.661297],[-6.845357,40.565954],[-6.800862,40.550353],[-6.795268,40.511369],[-6.849693,40.45152],[-6.834464,40.407706],[-6.780977,40.36433],[-6.794107,40.3284],[-6.861377,40.299611],[-6.876245,40.259989],[-6.951418,40.257573],[-7.016385,40.290408],[-7.083166,40.278332],[-7.111867,40.324642],[-7.161244,40.268668],[-7.212582,40.286043],[-7.240171,40.258456],[-7.297027,40.271245],[-7.332556,40.293932],[-7.275788,40.339387],[-7.270393,40.408057],[-7.292879,40.416131],[-7.34493,40.381847],[-7.487108,40.394793],[-7.537197,40.317839],[-7.608762,40.323602],[-7.655888,40.273665],[-7.782392,40.229919],[-7.825783,40.265771],[-7.759173,40.334949],[-7.805063,40.349296],[-7.797168,40.405046],[-7.849227,40.427527]]],[[[-7.430367,40.89478],[-7.417884,40.921805],[-7.378854,40.901205],[-7.398495,40.880294],[-7.430367,40.89478]]]]}},{"type":"Feature","properties":{"name":"Leiria","country":"PT"},"geometry":{"type":"MultiPolygon","coordinates":[[[[-9.408881,39.359193],[-9.378307,39.375883],[-9.353432,39.3611],[-9.270364,39.404292],[-9.072274,39.583077],[-9.086046,39.614711],[-9.051547,39.718213],[-8.894933,40.045503],[-8.800463,40.012559],[-8.766483,40.040887],[-8.675465,40.030092],[-8.642857,39.990418],[-8.561707,40.027955],[-8.538812,39.948844],[-8.522232,39.984531],[-8.45746,40.017778],[-8.427106,39.997654],[-8.426014,40.026557],[-8.379895,39.955408],[-8.408861,39.931837],[-8.373753,39.923787],[-8.31383,39.988723],[-8.279297,39.959619],[-8.270636,39.98914],[-8.297977,40.009353],[-8.269284,40.050849],[-8.242234,40.067299],[-8.209669,40.052111],[-8.179099,40.089736],[-8.143744,40.072782],[-8.156004,40.02194],[-8.108038,39.962076],[-8.13979,39.89486],[-8.210091,39.850893],[-8.274311,39.843029],[-8.285089,39.795761],[-8.335722,39.803353],[-8.329159,39.761987],[-8.404154,39.760309],[-8.452749,39.730891],[-8.477954,39.838729],[-8.584775,39.779411],[-8.676238,39.774099],[-8.679182,39.708868],[-8.632076,39.69553],[-8.649468,39.660644],[-8.701962,39.639962],[-8.671472,39.561758],[-8.714485,39.520785],[-8.746491,39.529122],[-8.729327,39.480024],[-8.903421,39.466008],[-8.945712,39.391037],[-8.991804,39.375754],[-9.001711,39.292322],[-9.066403,39.309854],[-9.177993,39.211577],[-9.200477,39.302316],[-9.25561,39.317729],[-9.296939,39.283459],[-9.340576,39.291935],[-9.365126,39.354819],[-9.408881,39.359193]]],[[[-9.502177,39.417499],[-9.512973,39.414926],[-9.512143,39.419458],[-9.502177,39.417499]]],[[[-9.340979,39.38485],[-9.341251,39.385326],[-9.340928,39.38533],[-9.340979,39.38485]]],[[[-9.342052,39.380192],[-9.340456,39.381982],[-9.341401,39.379792],[-9.342052,39.380192]]],[[[-9.515707,39.413651],[-9.516209,39.414994],[-9.515371,39.413942],[-9.515707,39.413651]]],[[[-9.501948,39.417694],[-9.501822,39.418264],[-9.501716,39.417724],[-9.501948,39.417694]]],[[[-9.504975,39.418851],[-9.504604,39.419423],[-9.50407,39.418612],[-9.504975,39.418851]]],[[[-9.507734,39.412574],[-9.507959,39.412724],[-9.507779,39.412699],[-9.507734,39.412574]]],[[[-9.514939,39.416234],[-9.514328,39.416758],[-9.51378,39.416218],[-9.514939,39.416234]]],[[[-9.341275,39.37907],[-9.340744,39.37948],[-9.340583,39.37882],[-9.341275,39.37907]]],[[[-9.545053,39.477334],[-9.54656,39.479381],[-9.544246,39.480163],[-9.545053,39.477334]]],[[[-9.503093,39.418428],[-9.502836,39.418794],[-9.502793,39.418345],[-9.503093,39.418428]]],[[[-9.498246,39.418993],[-9.497846,39.420043],[-9.496938,39.41863],[-9.498246,39.418993]]],[[[-9.531883,39.42321],[-9.532552,39.424105],[-9.531891,39.424237],[-9.531883,39.42321]]],[[[-9.542246,39.478631],[-9.54126,39.479663],[-9.540593,39.479152],[-9.542246,39.478631]]],[[[-9.509346,39.412364],[-9.509646,39.412443],[-9.509423,39.412538],[-9.509346,39.412364]]],[[[-9.544527,39.473741],[-9.545532,39.475021],[-9.54454,39.475282],[-9.544527,39.473741]]],[[[-9.502467,39.418088],[-9.502564,39.418286],[-9.502429,39.418163],[-9.502467,39.418088]]],[[[-9.502624,39.418988],[-9.502629,39.419149],[-9.502484,39.419108],[-9.502624,39.418988]]],[[[-9.532557,39.424748],[-9.531899,39.425264],[-9.531895,39.424751],[-9.532557,39.424748]]],[[[-9.546835,39.47219],[-9.54651,39.472962],[-9.546503,39.472191],[-9.546835,39.47219]]],[[[-9.549829,39.473716],[-9.549172,39.47449],[-9.548835,39.473721],[-9.549829,39.473716]]]]}},{"type":"Feature","properties":{"name":"Lisboa","country":"PT"},"geometry":{"type":"Polygon","coordinates":[[[-9.500526,38.780709],[-9.415699,38.944252],[-9.42198,39.074639],[-9.346198,39.204375],[-9.340081,39.292285],[-9.296939,39.283459],[-9.25561,39.317729],[-9.200477,39.302316],[-9.177993,39.211577],[-9.10118,39.289696],[-9.043403,39.311159],[-8.975224,39.287136],[-8.981314,39.249381],[-8.911586,39.234913],[-8.876998,39.251702],[-8.821689,39.206572],[-8.826523,39.185893],[-8.912684,39.170163],[-8.80756,39.104484],[-8.781861,39.058387],[-8.860695,39.028656],[-8.841672,39.016606],[-8.878367,38.971754],[-8.850669,38.959889],[-8.891389,38.94448],[-8.911379,38.888327],[-8.995927,38.793251],[-9.028343,38.859091],[-9.087305,38.79679],[-9.125228,38.709854],[-9.280908,38.698652],[-9.323824,38.673147],[-9.392177,38.702026],[-9.459484,38.694867],[-9.486224,38.708143],[-9.471893,38.749795],[-9.500526,38.780709]]]}},{"type":"Feature","properties":{"name":"Portalegre","country":"PT"},"geometry":{"type":"Polygon","coordinates":[[[-8.34387,39.104357],[-8.298821,39.162875],[-8.183633,39.218582],[-8.134468,39.2874],[-8.078533,39.277924],[-8.030992,39.363657],[-7.939458,39.409954],[-8.008894,39.473207],[-7.955196,39.564834],[-7.851099,39.509869],[-7.722305,39.593268],[-7.704039,39.636244],[-7.671821,39.648874],[-7.637442,39.622724],[-7.54168,39.66368],[-7.499408,39.589607],[-7.390685,39.529717],[-7.381881,39.491237],[-7.294261,39.456828],[-7.322816,39.381294],[-7.307485,39.336109],[-7.231472,39.278258],[-7.24146,39.208255],[-7.134667,39.171198],[-7.144025,39.108633],[-7.038773,39.11839],[-6.996028,39.099293],[-6.95113,39.023598],[-7.052181,38.906953],[-7.039244,38.864681],[-7.203714,38.751497],[-7.232511,38.782701],[-7.207434,38.831097],[-7.244892,38.84778],[-7.304053,38.837415],[-7.328283,38.803897],[-7.391561,38.801334],[-7.424292,38.848013],[-7.404588,38.848651],[-7.422744,38.903217],[-7.466114,38.926037],[-7.452866,38.964445],[-7.533348,39.008438],[-7.553367,38.991878],[-7.542336,38.967996],[-7.60429,38.953782],[-7.637677,38.911466],[-7.683439,38.929373],[-7.698089,38.9124],[-7.732876,38.9392],[-7.767059,38.901721],[-7.851868,38.900882],[-7.924898,38.974737],[-8.022218,38.940813],[-8.013727,38.981382],[-8.07048,39.015652],[-8.103164,38.969157],[-8.12029,39.00399],[-8.103807,39.022734],[-8.174779,39.020591],[-8.218911,38.978216],[-8.290833,39.080432],[-8.34387,39.104357]]]}},{"type":"Feature","properties":{"name":"Porto","country":"PT"},"geometry":{"type":"Polygon","coordinates":[[[-8.788256,41.414087],[-8.776428,41.471972],[-8.668083,41.444604],[-8.590647,41.40008],[-8.623321,41.382736],[-8.60462,41.338544],[-8.399428,41.384289],[-8.394165,41.361854],[-8.326085,41.376851],[-8.287316,41.341065],[-8.213454,41.411836],[-8.165842,41.400299],[-8.119673,41.34316],[-8.030968,41.318886],[-7.974168,41.375196],[-7.947341,41.352632],[-7.963959,41.329585],[-7.907641,41.302667],[-7.916212,41.27262],[-7.875579,41.242048],[-7.889449,41.163144],[-7.911864,41.11989],[-8.052763,41.089678],[-8.204555,41.094086],[-8.268617,41.064184],[-8.294082,41.080126],[-8.349793,41.040211],[-8.398665,41.052367],[-8.383337,41.023151],[-8.389219,41.00138],[-8.448741,41.053461],[-8.486223,41.052702],[-8.466616,41.030253],[-8.501183,41.009411],[-8.528448,41.040509],[-8.557193,41.015564],[-8.644973,41.015969],[-8.667657,41.141176],[-8.708274,41.172634],[-8.739956,41.333329],[-8.788256,41.414087]]]}},{"type":"Feature","properties":{"name":"Viana do Castelo","country":"PT"},"geometry":{"type":"MultiPolygon","coordinates":[[[[-8.881058,41.752693],[-8.87153,41.863901],[-8.662184,42.002549],[-8.631688,42.049562],[-8.546049,42.054185],[-8.519815,42.079549],[-8.331891,42.083835],[-8.198753,42.154311],[-8.182171,42.065109],[-8.121474,42.082785],[-8.088178,42.057588],[-8.086035,42.016492],[-8.163019,41.982692],[-8.216833,41.913453],[-8.200018,41.8737],[-8.161772,41.860975],[-8.167073,41.807789],[-8.306807,41.761176],[-8.374925,41.770386],[-8.46148,41.732262],[-8.501586,41.738585],[-8.54736,41.663275],[-8.540747,41.631309],[-8.643282,41.65438],[-8.651011,41.631312],[-8.696824,41.640689],[-8.801447,41.606481],[-8.881058,41.752693]]],[[[-8.874277,41.858616],[-8.875204,41.860165],[-8.873149,41.860364],[-8.874277,41.858616]]]]}},{"type":"Feature","properties":{"name":"Vila Real","country":"PT"},"geometry":{"type":"Polygon","coordinates":[[[-8.119465,41.689238],[-8.06178,41.76063],[-8.051242,41.81947],[-7.974566,41.87531],[-7.921252,41.877791],[-7.906343,41.927096],[-7.884689,41.924316],[-7.892212,41.859511],[-7.872805,41.844855],[-7.845188,41.881279],[-7.700851,41.907666],[-7.653871,41.881199],[-7.585873,41.881871],[-7.611456,41.829178],[-7.521053,41.841966],[-7.502225,41.869384],[-7.452499,41.865082],[-7.427844,41.807368],[-7.365788,41.852787],[-7.315315,41.842545],[-7.200493,41.879503],[-7.210273,41.813811],[-7.17064,41.767916],[-7.258717,41.591439],[-7.229112,41.522798],[-7.283954,41.515628],[-7.298308,41.464581],[-7.365323,41.440423],[-7.36159,41.364783],[-7.314167,41.34145],[-7.375377,41.314547],[-7.388637,41.242961],[-7.414149,41.24843],[-7.431892,41.210802],[-7.547909,41.188394],[-7.590103,41.156288],[-7.664674,41.162705],[-7.698484,41.14149],[-7.871763,41.157291],[-7.904648,41.118762],[-7.875579,41.242048],[-7.916212,41.27262],[-7.907641,41.302667],[-7.963959,41.329585],[-7.947341,41.352632],[-7.981071,41.394872],[-7.94118,41.430732],[-7.937984,41.477761],[-7.861352,41.511783],[-7.812149,41.578499],[-7.850913,41.615073],[-7.881239,41.587953],[-7.996606,41.603083],[-7.981525,41.678398],[-8.024223,41.697864],[-8.119465,41.689238]]]}},{"type":"Feature","properties":{"name":"Viseu","country":"PT"},"geometry":{"type":"Polygon","coordinates":[[[-8.359447,40.371758],[-8.354872,40.408857],[-8.317577,40.441197],[-8.330265,40.492986],[-8.250085,40.511145],[-8.30842,40.596408],[-8.245383,40.616405],[-8.2945,40.635143],[-8.296995,40.692896],[-8.332377,40.739782],[-8.272729,40.756867],[-8.23691,40.82539],[-8.255096,40.855853],[-8.190513,40.846123],[-8.16744,40.866181],[-8.12844,40.848938],[-8.103044,40.866871],[-8.132607,40.947946],[-8.091083,41.00897],[-8.13342,40.978587],[-8.212957,40.994042],[-8.204165,41.010094],[-8.23471,41.011793],[-8.230688,41.046073],[-8.261793,41.069191],[-8.204555,41.094086],[-8.052763,41.089678],[-7.901696,41.119287],[-7.873175,41.157114],[-7.698176,41.141489],[-7.664674,41.162705],[-7.590103,41.156288],[-7.451241,41.214411],[-7.391149,41.195798],[-7.35725,41.147816],[-7.307167,41.145602],[-7.345711,41.046414],[-7.337449,41.014364],[-7.379047,41.01336],[-7.378821,40.991222],[-7.325272,40.971961],[-7.336196,40.934058],[-7.374169,40.912509],[-7.379962,40.868736],[-7.403226,40.878537],[-7.453619,40.812451],[-7.514061,40.869337],[-7.561142,40.872286],[-7.628108,40.781503],[-7.570866,40.749155],[-7.591012,40.713814],[-7.535142,40.690302],[-7.581264,40.573087],[-7.821968,40.508662],[-7.931198,40.428678],[-8.134179,40.33309],[-8.193026,40.343307],[-8.250849,40.323226],[-8.359447,40.371758]],[[-7.430367,40.89478],[-7.398495,40.880294],[-7.378854,40.901205],[-7.417884,40.921805],[-7.430367,40.89478]]]}},{"type":"Feature","properties":{"name":"Bragan\u00e7a","country":"PT"},"geometry":{"type":"Polygon","coordinates":[[[-7.431892,41.210802],[-7.414245,41.248369],[-7.387379,41.244503],[-7.375377,41.314547],[-7.314704,41.33839],[-7.36159,41.364783],[-7.365323,41.440423],[-7.298308,41.464581],[-7.283954,41.515628],[-7.229112,41.522798],[-7.258717,41.591439],[-7.208896,41.711778],[-7.17204,41.744754],[-7.213594,41.826838],[-7.173492,41.919102],[-7.178213,41.980091],[-7.118996,41.986587],[-7.06832,41.948997],[-7.006204,41.950574],[-6.979365,41.973783],[-6.892014,41.939842],[-6.821607,41.946005],[-6.811348,41.992521],[-6.700006,41.933315],[-6.621386,41.939737],[-6.584764,41.966335],[-6.546512,41.939456],[-6.571179,41.883496],[-6.515514,41.871659],[-6.568898,41.743598],[-6.548274,41.685595],[-6.499567,41.657099],[-6.444272,41.68484],[-6.302297,41.661812],[-6.189159,41.574832],[-6.333269,41.410327],[-6.31766,41.385742],[-6.389647,41.384709],[-6.376837,41.359332],[-6.496288,41.266163],[-6.522598,41.275627],[-6.57133,41.239042],[-6.648377,41.24755],[-6.767871,41.134837],[-6.754557,41.103324],[-6.818147,41.032626],[-6.989013,41.024542],[-7.043531,41.044277],[-7.103371,41.082533],[-7.083856,41.125999],[-7.130137,41.137638],[-7.117357,41.179213],[-7.163752,41.126135],[-7.282884,41.135494],[-7.35725,41.147816],[-7.431892,41.210802]]]}},{"type":"Feature","properties":{"name":"\u00c9vora","country":"PT"},"geometry":{"type":"Polygon","coordinates":[[[-8.658468,38.603149],[-8.501018,38.715495],[-8.490972,38.761311],[-8.546798,38.763436],[-8.523067,38.788921],[-8.500371,38.807479],[-8.471128,38.793941],[-8.377439,38.856371],[-8.341415,38.838867],[-8.301529,38.869109],[-8.250917,38.818464],[-8.222468,38.829547],[-8.141561,38.772979],[-8.12431,38.804968],[-8.159949,38.806588],[-8.187911,38.83813],[-8.158734,38.866396],[-8.272188,38.907392],[-8.241644,38.974497],[-8.174779,39.020591],[-8.103807,39.022734],[-8.12029,39.00399],[-8.103164,38.969157],[-8.079225,39.013811],[-8.047609,39.008288],[-8.013727,38.981382],[-8.022109,38.940767],[-7.924898,38.974737],[-7.875953,38.908358],[-7.789947,38.895793],[-7.732876,38.9392],[-7.698089,38.9124],[-7.683439,38.929373],[-7.637677,38.911466],[-7.60429,38.953782],[-7.542336,38.967996],[-7.553367,38.991878],[-7.533348,39.008438],[-7.452866,38.964445],[-7.466114,38.926037],[-7.422744,38.903217],[-7.404588,38.848651],[-7.424292,38.848013],[-7.391561,38.801334],[-7.326947,38.80435],[-7.325643,38.825193],[-7.2575,38.848022],[-7.207434,38.831097],[-7.232511,38.782701],[-7.203714,38.751497],[-7.267098,38.699746],[-7.272498,38.638406],[-7.243676,38.623768],[-7.314552,38.513876],[-7.321572,38.47827],[-7.298561,38.469605],[-7.335847,38.43582],[-7.279748,38.419677],[-7.150572,38.275847],[-7.107033,38.18835],[-7.15955,38.159891],[-7.199149,38.224051],[-7.19015,38.246425],[-7.244146,38.263126],[-7.287236,38.331129],[-7.406706,38.298588],[-7.409308,38.267271],[-7.497801,38.188454],[-7.669618,38.200223],[-7.981415,38.318178],[-8.009684,38.299525],[-8.055077,38.32833],[-8.170223,38.31941],[-8.322571,38.372183],[-8.284443,38.425603],[-8.323085,38.436845],[-8.310312,38.458504],[-8.36912,38.545744],[-8.475922,38.516767],[-8.504541,38.547508],[-8.52872,38.511155],[-8.575218,38.547921],[-8.639114,38.549491],[-8.658468,38.603149]]]}},{"type":"Feature","properties":{"name":"Santar\u00e9m","country":"PT"},"geometry":{"type":"Polygon","coordinates":[[[-9.001576,39.354436],[-8.9714,39.393216],[-8.945712,39.391037],[-8.903421,39.466008],[-8.729327,39.480024],[-8.746491,39.529122],[-8.714485,39.520785],[-8.671156,39.563331],[-8.701962,39.639962],[-8.649468,39.660644],[-8.632076,39.69553],[-8.679182,39.708868],[-8.664183,39.72506],[-8.679869,39.769375],[-8.63498,39.789888],[-8.584775,39.779411],[-8.477954,39.838729],[-8.452749,39.730891],[-8.404154,39.760309],[-8.329159,39.761987],[-8.335722,39.803353],[-8.285392,39.796191],[-8.265486,39.76872],[-8.242888,39.778919],[-8.237372,39.641755],[-8.134585,39.611285],[-8.053572,39.616506],[-8.078836,39.656998],[-8.057219,39.674372],[-8.055013,39.73599],[-7.964371,39.744673],[-7.957707,39.66139],[-7.914867,39.668479],[-7.864388,39.638162],[-7.808988,39.565783],[-7.851099,39.509869],[-7.95915,39.561499],[-8.008894,39.473207],[-7.939458,39.409954],[-8.030992,39.363657],[-8.078533,39.277924],[-8.134468,39.2874],[-8.183633,39.218582],[-8.298821,39.162875],[-8.34354,39.109785],[-8.221202,38.99592],[-8.272188,38.907392],[-8.158734,38.866396],[-8.187911,38.83813],[-8.159949,38.806588],[-8.12431,38.804968],[-8.14526,38.771788],[-8.222468,38.829547],[-8.250917,38.818464],[-8.301529,38.869109],[-8.310175,38.844938],[-8.377439,38.856371],[-8.409054,38.822991],[-8.430184,38.834263],[-8.471128,38.793941],[-8.500371,38.807479],[-8.54815,38.762749],[-8.612791,38.782507],[-8.59611,38.841277],[-8.647905,38.809493],[-8.685982,38.826556],[-8.696925,38.840391],[-8.708031,38.845423],[-8.753605,38.742824],[-8.791581,38.734122],[-8.839329,38.761778],[-8.910145,38.732622],[-8.967014,38.832166],[-8.891389,38.94448],[-8.850669,38.959889],[-8.878367,38.971754],[-8.841672,39.016606],[-8.860695,39.028656],[-8.781965,39.059831],[-8.80756,39.104484],[-8.912684,39.170163],[-8.826523,39.185893],[-8.832793,39.223194],[-8.876998,39.251702],[-8.911586,39.234913],[-8.981314,39.249381],[-9.001576,39.354436]]]}},{"type":"Feature","properties":{"name":"Set\u00fabal","country":"PT"},"geometry":{"type":"MultiPolygon","coordinates":[[[[-9.263925,38.662548],[-9.146299,38.688414],[-9.146931,38.666215],[-9.099736,38.648283],[-9.04481,38.683875],[-9.018343,38.75624],[-8.986666,38.75098],[-8.953631,38.760109],[-9.010413,38.764936],[-8.953654,38.784531],[-8.988179,38.791862],[-8.96699,38.826142],[-8.942591,38.801606],[-8.923969,38.750649],[-8.903761,38.731494],[-8.839329,38.761778],[-8.791581,38.734122],[-8.753605,38.742824],[-8.708031,38.845423],[-8.647905,38.809493],[-8.59611,38.841277],[-8.60722,38.777363],[-8.490972,38.761311],[-8.501018,38.715495],[-8.65347,38.612272],[-8.639114,38.549491],[-8.575218,38.547921],[-8.52872,38.511155],[-8.504541,38.547508],[-8.475922,38.516767],[-8.36912,38.545744],[-8.310312,38.458504],[-8.323085,38.436845],[-8.284443,38.425603],[-8.322571,38.372183],[-8.197734,38.342585],[-8.129696,38.2663],[-8.129861,38.223987],[-8.239854,38.179422],[-8.284328,38.186578],[-8.291051,38.138682],[-8.3336,38.155204],[-8.363358,38.103901],[-8.394427,38.107169],[-8.40617,38.064104],[-8.293609,37.993323],[-8.299378,37.899178],[-8.330769,37.847026],[-8.434693,37.870909],[-8.537603,37.853362],[-8.549087,37.815856],[-8.583751,37.79937],[-8.587115,37.756779],[-8.617285,37.749497],[-8.661066,37.768448],[-8.68604,37.754372],[-8.735569,37.814729],[-8.782651,37.807177],[-8.809885,37.929791],[-8.849973,37.938047],[-8.845172,37.922265],[-8.865966,37.95333],[-8.890101,37.948867],[-8.791815,38.136993],[-8.783467,38.320374],[-8.824885,38.418137],[-8.912286,38.490388],[-8.825042,38.44487],[-8.832602,38.446909],[-8.793465,38.381852],[-8.802519,38.441873],[-8.768265,38.406536],[-8.661744,38.406012],[-8.722681,38.442595],[-8.72792,38.513561],[-8.715902,38.512234],[-8.706462,38.516568],[-8.737942,38.522041],[-8.733685,38.568265],[-8.771797,38.533974],[-8.801427,38.552499],[-8.801051,38.546766],[-8.807873,38.549065],[-8.810397,38.548837],[-8.811024,38.548262],[-8.783459,38.51736],[-8.824814,38.50914],[-8.784928,38.508888],[-8.769393,38.506407],[-8.755144,38.498743],[-8.785424,38.48998],[-8.776414,38.47234],[-8.898665,38.520226],[-8.933809,38.488376],[-8.981024,38.47901],[-9.028531,38.445913],[-9.107872,38.442609],[-9.219947,38.412542],[-9.183203,38.529901],[-9.263925,38.662548]]],[[[-8.79796,37.831964],[-8.797428,37.835381],[-8.796359,37.833439],[-8.79796,37.831964]]],[[[-8.972167,38.477827],[-8.972831,38.478405],[-8.971963,38.478217],[-8.972167,38.477827]]],[[[-9.068096,38.434748],[-9.068248,38.434795],[-9.068107,38.434931],[-9.068096,38.434748]]],[[[-9.152983,38.429233],[-9.153403,38.429635],[-9.152759,38.429543],[-9.152983,38.429233]]],[[[-8.892055,37.951796],[-8.892648,37.952716],[-8.891707,37.952135],[-8.892055,37.951796]]],[[[-9.064844,38.43506],[-9.065312,38.435371],[-9.064712,38.435173],[-9.064844,38.43506]]]]}},{"type":"Feature","properties":{"name":"Faro","country":"PT"},"geometry":{"type":"MultiPolygon","coordinates":[[[[-8.99706,37.022811],[-8.909309,37.154653],[-8.918177,37.196227],[-8.860583,37.268334],[-8.878049,37.320246],[-8.798415,37.444206],[-8.749683,37.431878],[-8.733504,37.395185],[-8.663987,37.400727],[-8.639819,37.375359],[-8.573189,37.411985],[-8.454543,37.373719],[-8.417362,37.419753],[-8.317592,37.439374],[-8.277852,37.425504],[-8.275614,37.387158],[-8.192129,37.343342],[-8.065847,37.318937],[-7.990507,37.363037],[-8.006672,37.378158],[-7.983402,37.40681],[-7.90776,37.404248],[-7.892065,37.434488],[-7.712998,37.501776],[-7.620673,37.489783],[-7.574428,37.529092],[-7.51585,37.528647],[-7.463795,37.487223],[-7.433532,37.249736],[-7.393305,37.166185],[-7.462501,37.176354],[-7.559435,37.146684],[-7.887104,36.959879],[-8.182437,37.090451],[-8.29815,37.072087],[-8.359946,37.100455],[-8.436663,37.08532],[-8.594272,37.122177],[-8.659546,37.109787],[-8.668222,37.101337],[-8.667603,37.078861],[-8.727515,37.086181],[-8.894354,37.042155],[-8.947177,36.993776],[-8.964721,37.025606],[-8.99706,37.022811]]],[[[-8.666987,37.095733],[-8.667152,37.096054],[-8.666432,37.096026],[-8.666987,37.095733]]]]}}]}