Fri Jun 26 14:30:05 CEST 2026: === ICON-EU update ===
ICON-EU: 61x94 = 5734 punten, 72 batches
Model: icon_eu, forecast_days=5, prefix=icon_eu
  batch 1/72 klaar
  batch 2/72 klaar
  batch 3/72 klaar
  batch 4/72 klaar
  batch 5/72 klaar
  batch 6/72 klaar
  batch 7/72 klaar
  batch 8/72 klaar
  batch 9/72 klaar
  batch 10/72 klaar
  batch 11/72 klaar
  batch 12/72 klaar
  batch 13/72 klaar
  batch 14/72 klaar
  batch 15/72 klaar
  batch 16/72 klaar
  batch 17/72 klaar
  batch 18/72 klaar
  batch 19/72 klaar
  batch 20/72 klaar
  batch 21/72 klaar
  batch 22/72 klaar
  batch 23/72 klaar
  batch 24/72 klaar
  batch 25/72 klaar
  batch 26/72 klaar
  batch 27/72 klaar
  batch 28/72 klaar
  batch 29/72 klaar
  batch 30/72 klaar
  batch 31/72 klaar
  batch 32/72 klaar
  batch 33/72 klaar
  batch 34/72 klaar
  batch 35/72 klaar
  batch 36/72 klaar
  batch 37/72 klaar
  batch 38/72 klaar
  batch 39/72 klaar
  batch 40/72 klaar
  batch 41/72 klaar
  batch 42/72 klaar
  batch 43/72 klaar
  batch 44/72 klaar
  batch 45/72 klaar
  batch 46/72 klaar
  batch 47/72 klaar
  batch 48/72 klaar
  batch 49/72 klaar
  batch 50/72 klaar
  batch 51/72 klaar
  batch 52/72 klaar
  batch 53/72 klaar
  batch 54/72 klaar
  batch 55/72 klaar
  batch 56/72 klaar
  batch 57/72 klaar
  batch 58/72 klaar
  batch 59/72 klaar
  batch 60/72 klaar
  batch 61/72 klaar
  batch 62/72 klaar
  batch 63/72 klaar
  batch 64/72 klaar
  batch 65/72 klaar
  batch 66/72 klaar
  batch 67/72 klaar
  batch 68/72 klaar
  batch 69/72 klaar
  batch 70/72 klaar
  batch 71/72 klaar
  batch 72/72 klaar
  Tijdstappen na trim: 120 (2026-06-26T00:00 t/m 2026-06-30T23:00)
  icon_eu_data_neerslag.bin: 2.6 MB
  icon_eu_data_cumul.bin: 2.6 MB
  icon_eu_data_temp.bin: 2.6 MB
  icon_eu_data_dauwpunt.bin: 2.6 MB
  icon_eu_data_rv.bin: 2.6 MB
  icon_eu_data_bewolking.bin: 7.9 MB
  icon_eu_data_wind.bin: 5.2 MB
  icon_eu_data_windstoten.bin: 5.2 MB
  icon_eu_data_druk.bin: 2.6 MB
  icon_eu_data_cape.bin: 2.6 MB
  icon_eu_data_straling.bin: 2.6 MB
  icon_eu_data_straling_direct.bin: 2.6 MB
  icon_eu_canvas_meta.json: 120 stappen, 2026-06-26T00:00 t/m 2026-06-30T23:00
   R2: icon_eu_canvas_meta.json (0.0 MB)
   R2: icon_eu_data_bewolking.bin (7.9 MB)
   R2: icon_eu_data_cape.bin (2.6 MB)
   R2: icon_eu_data_cumul.bin (2.6 MB)
   R2: icon_eu_data_dauwpunt.bin (2.6 MB)
   R2: icon_eu_data_druk.bin (2.6 MB)
   R2: icon_eu_data_neerslag.bin (2.6 MB)
   R2: icon_eu_data_rv.bin (2.6 MB)
   R2: icon_eu_data_straling.bin (2.6 MB)
   R2: icon_eu_data_straling_direct.bin (2.6 MB)
   R2: icon_eu_data_temp.bin (2.6 MB)
   R2: icon_eu_data_wind.bin (5.2 MB)
   R2: icon_eu_data_windstoten.bin (5.2 MB)
R2 upload klaar.
Klaar.
Fri Jun 26 14:30:29 CEST 2026: === ICON-EU klaar ===
Fri Jun 26 20:30:05 CEST 2026: === ICON-EU update ===
ICON-EU: 61x94 = 5734 punten, 72 batches
Model: icon_eu, forecast_days=5, prefix=icon_eu
  batch 1/72 klaar
  batch 2/72 klaar
  batch 3/72 klaar
  batch 4/72 klaar
  batch 5/72 klaar
  batch 6/72 klaar
  batch 7/72 klaar
  batch 8/72 klaar
  batch 9/72 klaar
  batch 10/72 klaar
  batch 11/72 klaar
  batch 12/72 klaar
  batch 13/72 klaar
  batch 14/72 klaar
  batch 15/72 klaar
  batch 16/72 klaar
  batch 17/72 klaar
  batch 18/72 klaar
  batch 19/72 klaar
  batch 20/72 klaar
  batch 21/72 klaar
  batch 22/72 klaar
  batch 23/72 klaar
  batch 24/72 klaar
  batch 25/72 klaar
  batch 26/72 klaar
  batch 27/72 klaar
  batch 28/72 klaar
  batch 29/72 klaar
  batch 30/72 klaar
  batch 31/72 klaar
  batch 32/72 klaar
  batch 33/72 klaar
  batch 34/72 klaar
  batch 35/72 klaar
  batch 36/72 klaar
  batch 37/72 klaar
  batch 38/72 klaar
  batch 39/72 klaar
  batch 40/72 klaar
  batch 41/72 klaar
  batch 42/72 klaar
  batch 43/72 klaar
  batch 44/72 klaar
  batch 45/72 klaar
  batch 46/72 klaar
  batch 47/72 klaar
  batch 48/72 klaar
  batch 49/72 klaar
  batch 50/72 klaar
  batch 51/72 klaar
  batch 52/72 klaar
  batch 53/72 klaar
  batch 54/72 klaar
  batch 55/72 klaar
  batch 56/72 klaar
  batch 57/72 klaar
  batch 58/72 klaar
  batch 59/72 klaar
  batch 60/72 klaar
  batch 61/72 klaar
  batch 62/72 klaar
  batch 63/72 klaar
  batch 64/72 klaar
  batch 65/72 klaar
  batch 66/72 klaar
  batch 67/72 klaar
  batch 68/72 klaar
  batch 69/72 klaar
  batch 70/72 klaar
  batch 71/72 klaar
  batch 72/72 klaar
  Tijdstappen na trim: 120 (2026-06-26T00:00 t/m 2026-06-30T23:00)
  icon_eu_data_neerslag.bin: 2.6 MB
  icon_eu_data_cumul.bin: 2.6 MB
  icon_eu_data_temp.bin: 2.6 MB
  icon_eu_data_dauwpunt.bin: 2.6 MB
  icon_eu_data_rv.bin: 2.6 MB
  icon_eu_data_bewolking.bin: 7.9 MB
  icon_eu_data_wind.bin: 5.2 MB
  icon_eu_data_windstoten.bin: 5.2 MB
  icon_eu_data_druk.bin: 2.6 MB
  icon_eu_data_cape.bin: 2.6 MB
  icon_eu_data_straling.bin: 2.6 MB
  icon_eu_data_straling_direct.bin: 2.6 MB
  icon_eu_canvas_meta.json: 120 stappen, 2026-06-26T00:00 t/m 2026-06-30T23:00
   R2: icon_eu_canvas_meta.json (0.0 MB)
   R2: icon_eu_data_bewolking.bin (7.9 MB)
   R2: icon_eu_data_cape.bin (2.6 MB)
   R2: icon_eu_data_cumul.bin (2.6 MB)
   R2: icon_eu_data_dauwpunt.bin (2.6 MB)
   R2: icon_eu_data_druk.bin (2.6 MB)
   R2: icon_eu_data_neerslag.bin (2.6 MB)
   R2: icon_eu_data_rv.bin (2.6 MB)
   R2: icon_eu_data_straling.bin (2.6 MB)
   R2: icon_eu_data_straling_direct.bin (2.6 MB)
   R2: icon_eu_data_temp.bin (2.6 MB)
   R2: icon_eu_data_wind.bin (5.2 MB)
   R2: icon_eu_data_windstoten.bin (5.2 MB)
R2 upload klaar.
Klaar.
Fri Jun 26 20:30:32 CEST 2026: === ICON-EU klaar ===
Sat Jun 27 02:30:05 CEST 2026: === ICON-EU update ===
ICON-EU: 61x94 = 5734 punten, 72 batches
Model: icon_eu, forecast_days=5, prefix=icon_eu
  batch 1/72 klaar
  batch 2/72 klaar
  batch 3/72 klaar
  batch 4/72 klaar
  batch 5/72 klaar
  batch 6/72 klaar
  batch 7/72 klaar
  batch 8/72 klaar
  batch 9/72 klaar
  batch 10/72 klaar
  batch 11/72 klaar
  batch 12/72 klaar
  batch 13/72 klaar
  batch 14/72 klaar
  batch 15/72 klaar
  batch 16/72 klaar
  batch 17/72 klaar
  batch 18/72 klaar
  batch 19/72 klaar
  batch 20/72 klaar
  batch 21/72 klaar
  batch 22/72 klaar
  batch 23/72 klaar
  batch 24/72 klaar
  batch 25/72 klaar
  batch 26/72 klaar
  batch 27/72 klaar
  batch 28/72 klaar
  batch 29/72 klaar
  batch 30/72 klaar
  batch 31/72 klaar
  batch 32/72 klaar
  batch 33/72 klaar
  batch 34/72 klaar
  batch 35/72 klaar
  batch 36/72 klaar
  batch 37/72 klaar
  batch 38/72 klaar
  batch 39/72 klaar
  batch 40/72 klaar
  batch 41/72 klaar
  batch 42/72 klaar
  batch 43/72 klaar
  batch 44/72 klaar
  batch 45/72 klaar
  batch 46/72 klaar
  batch 47/72 klaar
  batch 48/72 klaar
  batch 49/72 klaar
  batch 50/72 klaar
  batch 51/72 klaar
  batch 52/72 klaar
  batch 53/72 klaar
  batch 54/72 klaar
  batch 55/72 klaar
  batch 56/72 klaar
  batch 57/72 klaar
  batch 58/72 klaar
  batch 59/72 klaar
  batch 60/72 klaar
  batch 61/72 klaar
  batch 62/72 klaar
  batch 63/72 klaar
  batch 64/72 klaar
  batch 65/72 klaar
  batch 66/72 klaar
  batch 67/72 klaar
  batch 68/72 klaar
  batch 69/72 klaar
  batch 70/72 klaar
  batch 71/72 klaar
  batch 72/72 klaar
  Tijdstappen na trim: 120 (2026-06-27T00:00 t/m 2026-07-01T23:00)
  icon_eu_data_neerslag.bin: 2.6 MB
  icon_eu_data_cumul.bin: 2.6 MB
  icon_eu_data_temp.bin: 2.6 MB
  icon_eu_data_dauwpunt.bin: 2.6 MB
  icon_eu_data_rv.bin: 2.6 MB
  icon_eu_data_bewolking.bin: 7.9 MB
  icon_eu_data_wind.bin: 5.2 MB
  icon_eu_data_windstoten.bin: 5.2 MB
  icon_eu_data_druk.bin: 2.6 MB
  icon_eu_data_cape.bin: 2.6 MB
  icon_eu_data_straling.bin: 2.6 MB
  icon_eu_data_straling_direct.bin: 2.6 MB
  icon_eu_canvas_meta.json: 120 stappen, 2026-06-27T00:00 t/m 2026-07-01T23:00
   R2: icon_eu_canvas_meta.json (0.0 MB)
   R2: icon_eu_data_bewolking.bin (7.9 MB)
   R2: icon_eu_data_cape.bin (2.6 MB)
   R2: icon_eu_data_cumul.bin (2.6 MB)
   R2: icon_eu_data_dauwpunt.bin (2.6 MB)
   R2: icon_eu_data_druk.bin (2.6 MB)
   R2: icon_eu_data_neerslag.bin (2.6 MB)
   R2: icon_eu_data_rv.bin (2.6 MB)
   R2: icon_eu_data_straling.bin (2.6 MB)
   R2: icon_eu_data_straling_direct.bin (2.6 MB)
   R2: icon_eu_data_temp.bin (2.6 MB)
   R2: icon_eu_data_wind.bin (5.2 MB)
   R2: icon_eu_data_windstoten.bin (5.2 MB)
R2 upload klaar.
Klaar.
Sat Jun 27 02:30:28 CEST 2026: === ICON-EU klaar ===
Sat Jun 27 08:30:05 CEST 2026: === ICON-EU update ===
ICON-EU: 61x94 = 5734 punten, 72 batches
Model: icon_eu, forecast_days=5, prefix=icon_eu
  batch 1/72 klaar
  batch 2/72 klaar
  batch 3/72 klaar
  batch 4/72 klaar
  batch 5/72 klaar
  batch 6/72 klaar
  batch 7/72 klaar
  batch 8/72 klaar
  batch 9/72 klaar
  batch 10/72 klaar
  batch 11/72 klaar
  batch 12/72 klaar
  batch 13/72 klaar
  batch 14/72 klaar
  batch 15/72 klaar
  batch 16/72 klaar
  batch 17/72 klaar
  batch 18/72 klaar
  batch 19/72 klaar
  batch 20/72 klaar
  batch 21/72 klaar
  batch 22/72 klaar
  batch 23/72 klaar
  batch 24/72 klaar
  batch 25/72 klaar
  batch 26/72 klaar
  batch 27/72 klaar
  batch 28/72 klaar
  batch 29/72 klaar
  batch 30/72 klaar
  batch 31/72 klaar
  batch 32/72 klaar
  batch 33/72 klaar
  batch 34/72 klaar
  batch 35/72 klaar
  batch 36/72 klaar
  batch 37/72 klaar
  batch 38/72 klaar
  batch 39/72 klaar
  batch 40/72 klaar
  batch 41/72 klaar
  batch 42/72 klaar
  batch 43/72 klaar
  batch 44/72 klaar
  batch 45/72 klaar
  batch 46/72 klaar
  batch 47/72 klaar
  batch 48/72 klaar
  batch 49/72 klaar
  batch 50/72 klaar
  batch 51/72 klaar
  batch 52/72 klaar
  batch 53/72 klaar
  batch 54/72 klaar
  batch 55/72 klaar
  batch 56/72 klaar
  batch 57/72 klaar
  batch 58/72 klaar
  batch 59/72 klaar
  batch 60/72 klaar
  batch 61/72 klaar
  batch 62/72 klaar
  batch 63/72 klaar
  batch 64/72 klaar
  batch 65/72 klaar
  batch 66/72 klaar
  batch 67/72 klaar
  batch 68/72 klaar
  batch 69/72 klaar
  batch 70/72 klaar
  batch 71/72 klaar
  batch 72/72 klaar
  Tijdstappen na trim: 120 (2026-06-27T00:00 t/m 2026-07-01T23:00)
  icon_eu_data_neerslag.bin: 2.6 MB
  icon_eu_data_cumul.bin: 2.6 MB
  icon_eu_data_temp.bin: 2.6 MB
  icon_eu_data_dauwpunt.bin: 2.6 MB
  icon_eu_data_rv.bin: 2.6 MB
  icon_eu_data_bewolking.bin: 7.9 MB
  icon_eu_data_wind.bin: 5.2 MB
  icon_eu_data_windstoten.bin: 5.2 MB
  icon_eu_data_druk.bin: 2.6 MB
  icon_eu_data_cape.bin: 2.6 MB
  icon_eu_data_straling.bin: 2.6 MB
  icon_eu_data_straling_direct.bin: 2.6 MB
  icon_eu_canvas_meta.json: 120 stappen, 2026-06-27T00:00 t/m 2026-07-01T23:00
   R2: icon_eu_canvas_meta.json (0.0 MB)
   R2: icon_eu_data_bewolking.bin (7.9 MB)
   R2: icon_eu_data_cape.bin (2.6 MB)
   R2: icon_eu_data_cumul.bin (2.6 MB)
   R2: icon_eu_data_dauwpunt.bin (2.6 MB)
   R2: icon_eu_data_druk.bin (2.6 MB)
   R2: icon_eu_data_neerslag.bin (2.6 MB)
   R2: icon_eu_data_rv.bin (2.6 MB)
   R2: icon_eu_data_straling.bin (2.6 MB)
   R2: icon_eu_data_straling_direct.bin (2.6 MB)
   R2: icon_eu_data_temp.bin (2.6 MB)
   R2: icon_eu_data_wind.bin (5.2 MB)
   R2: icon_eu_data_windstoten.bin (5.2 MB)
R2 upload klaar.
Klaar.
Sat Jun 27 08:30:30 CEST 2026: === ICON-EU klaar ===
Sat Jun 27 14:30:05 CEST 2026: === ICON-EU update ===
ICON-EU: 61x94 = 5734 punten, 72 batches
Model: icon_eu, forecast_days=5, prefix=icon_eu
  batch 1/72 klaar
  batch 2/72 klaar
  batch 3/72 klaar
  batch 4/72 klaar
  batch 5/72 klaar
  batch 6/72 klaar
  batch 7/72 klaar
  batch 8/72 klaar
  batch 9/72 klaar
  batch 10/72 klaar
  batch 11/72 klaar
  batch 12/72 klaar
  batch 13/72 klaar
  batch 14/72 klaar
  batch 15/72 klaar
  batch 16/72 klaar
  batch 17/72 klaar
  batch 18/72 klaar
  batch 19/72 klaar
  batch 20/72 klaar
  batch 21/72 klaar
  batch 22/72 klaar
  batch 23/72 klaar
  batch 24/72 klaar
  batch 25/72 klaar
  batch 26/72 klaar
  batch 27/72 klaar
  batch 28/72 klaar
  batch 29/72 klaar
  batch 30/72 klaar
  batch 31/72 klaar
  batch 32/72 klaar
  batch 33/72 klaar
  batch 34/72 klaar
  batch 35/72 klaar
  batch 36/72 klaar
  batch 37/72 klaar
  batch 38/72 klaar
  batch 39/72 klaar
  batch 40/72 klaar
  batch 41/72 klaar
  batch 42/72 klaar
  batch 43/72 klaar
  batch 44/72 klaar
  batch 45/72 klaar
  batch 46/72 klaar
  batch 47/72 klaar
  batch 48/72 klaar
  batch 49/72 klaar
  batch 50/72 klaar
  batch 51/72 klaar
  batch 52/72 klaar
  batch 53/72 klaar
  batch 54/72 klaar
  batch 55/72 klaar
  batch 56/72 klaar
  batch 57/72 klaar
  batch 58/72 klaar
  batch 59/72 klaar
  batch 60/72 klaar
  batch 61/72 klaar
  batch 62/72 klaar
  batch 63/72 klaar
  batch 64/72 klaar
  batch 65/72 klaar
  batch 66/72 klaar
  batch 67/72 klaar
  batch 68/72 klaar
  batch 69/72 klaar
  batch 70/72 klaar
  batch 71/72 klaar
  batch 72/72 klaar
  Tijdstappen na trim: 120 (2026-06-27T00:00 t/m 2026-07-01T23:00)
  icon_eu_data_neerslag.bin: 2.6 MB
  icon_eu_data_cumul.bin: 2.6 MB
  icon_eu_data_temp.bin: 2.6 MB
  icon_eu_data_dauwpunt.bin: 2.6 MB
  icon_eu_data_rv.bin: 2.6 MB
  icon_eu_data_bewolking.bin: 7.9 MB
  icon_eu_data_wind.bin: 5.2 MB
  icon_eu_data_windstoten.bin: 5.2 MB
  icon_eu_data_druk.bin: 2.6 MB
  icon_eu_data_cape.bin: 2.6 MB
  icon_eu_data_straling.bin: 2.6 MB
  icon_eu_data_straling_direct.bin: 2.6 MB
  icon_eu_canvas_meta.json: 120 stappen, 2026-06-27T00:00 t/m 2026-07-01T23:00
   R2: icon_eu_canvas_meta.json (0.0 MB)
   R2: icon_eu_data_bewolking.bin (7.9 MB)
   R2: icon_eu_data_cape.bin (2.6 MB)
   R2: icon_eu_data_cumul.bin (2.6 MB)
   R2: icon_eu_data_dauwpunt.bin (2.6 MB)
   R2: icon_eu_data_druk.bin (2.6 MB)
   R2: icon_eu_data_neerslag.bin (2.6 MB)
   R2: icon_eu_data_rv.bin (2.6 MB)
   R2: icon_eu_data_straling.bin (2.6 MB)
   R2: icon_eu_data_straling_direct.bin (2.6 MB)
   R2: icon_eu_data_temp.bin (2.6 MB)
   R2: icon_eu_data_wind.bin (5.2 MB)
   R2: icon_eu_data_windstoten.bin (5.2 MB)
R2 upload klaar.
Klaar.
Sat Jun 27 14:30:30 CEST 2026: === ICON-EU klaar ===
Sat Jun 27 20:30:05 CEST 2026: === ICON-EU update ===
ICON-EU: 61x94 = 5734 punten, 72 batches
Model: icon_eu, forecast_days=5, prefix=icon_eu
  batch 1/72 klaar
  batch 2/72 klaar
  batch 3/72 klaar
  batch 4/72 klaar
  batch 5/72 klaar
  batch 6/72 klaar
  batch 7/72 klaar
  batch 8/72 klaar
  batch 9/72 klaar
  batch 10/72 klaar
  batch 11/72 klaar
  batch 12/72 klaar
  batch 13/72 klaar
  batch 14/72 klaar
  batch 15/72 klaar
  batch 16/72 klaar
  batch 17/72 klaar
  batch 18/72 klaar
  batch 19/72 klaar
  batch 20/72 klaar
  batch 21/72 klaar
  batch 22/72 klaar
  batch 23/72 klaar
  batch 24/72 klaar
  batch 25/72 klaar
  batch 26/72 klaar
  batch 27/72 klaar
  batch 28/72 klaar
  batch 29/72 klaar
  batch 30/72 klaar
  batch 31/72 klaar
  batch 32/72 klaar
  batch 33/72 klaar
  batch 34/72 klaar
  batch 35/72 klaar
  batch 36/72 klaar
  batch 37/72 klaar
  batch 38/72 klaar
  batch 39/72 klaar
  batch 40/72 klaar
  batch 41/72 klaar
  batch 42/72 klaar
  batch 43/72 klaar
  batch 44/72 klaar
  batch 45/72 klaar
  batch 46/72 klaar
  batch 47/72 klaar
  batch 48/72 klaar
  batch 49/72 klaar
  batch 50/72 klaar
  batch 51/72 klaar
  batch 52/72 klaar
  batch 53/72 klaar
  batch 54/72 klaar
  batch 55/72 klaar
  batch 56/72 klaar
  batch 57/72 klaar
  batch 58/72 klaar
  batch 59/72 klaar
  batch 60/72 klaar
  batch 61/72 klaar
  batch 62/72 klaar
  batch 63/72 klaar
  batch 64/72 klaar
  batch 65/72 klaar
  batch 66/72 klaar
  batch 67/72 klaar
  batch 68/72 klaar
  batch 69/72 klaar
  batch 70/72 klaar
  batch 71/72 klaar
  batch 72/72 klaar
  Tijdstappen na trim: 120 (2026-06-27T00:00 t/m 2026-07-01T23:00)
  icon_eu_data_neerslag.bin: 2.6 MB
  icon_eu_data_cumul.bin: 2.6 MB
  icon_eu_data_temp.bin: 2.6 MB
  icon_eu_data_dauwpunt.bin: 2.6 MB
  icon_eu_data_rv.bin: 2.6 MB
  icon_eu_data_bewolking.bin: 7.9 MB
  icon_eu_data_wind.bin: 5.2 MB
  icon_eu_data_windstoten.bin: 5.2 MB
  icon_eu_data_druk.bin: 2.6 MB
  icon_eu_data_cape.bin: 2.6 MB
  icon_eu_data_straling.bin: 2.6 MB
  icon_eu_data_straling_direct.bin: 2.6 MB
  icon_eu_canvas_meta.json: 120 stappen, 2026-06-27T00:00 t/m 2026-07-01T23:00
   R2: icon_eu_canvas_meta.json (0.0 MB)
   R2: icon_eu_data_bewolking.bin (7.9 MB)
   R2: icon_eu_data_cape.bin (2.6 MB)
   R2: icon_eu_data_cumul.bin (2.6 MB)
   R2: icon_eu_data_dauwpunt.bin (2.6 MB)
   R2: icon_eu_data_druk.bin (2.6 MB)
   R2: icon_eu_data_neerslag.bin (2.6 MB)
   R2: icon_eu_data_rv.bin (2.6 MB)
   R2: icon_eu_data_straling.bin (2.6 MB)
   R2: icon_eu_data_straling_direct.bin (2.6 MB)
   R2: icon_eu_data_temp.bin (2.6 MB)
   R2: icon_eu_data_wind.bin (5.2 MB)
   R2: icon_eu_data_windstoten.bin (5.2 MB)
R2 upload klaar.
Klaar.
Sat Jun 27 20:30:27 CEST 2026: === ICON-EU klaar ===
Sun Jun 28 02:30:02 CEST 2026: === ICON-EU update ===
ICON-EU: 61x94 = 5734 punten, 72 batches
Model: icon_eu, forecast_days=5, prefix=icon_eu
  batch 1/72 klaar
  batch 2/72 klaar
  batch 3/72 klaar
  batch 4/72 klaar
  batch 5/72 klaar
  batch 6/72 klaar
  batch 7/72 klaar
  batch 8/72 klaar
  batch 9/72 klaar
  batch 10/72 klaar
  batch 11/72 klaar
  batch 12/72 klaar
  batch 13/72 klaar
  batch 14/72 klaar
  batch 15/72 klaar
  batch 16/72 klaar
  batch 17/72 klaar
  batch 18/72 klaar
  batch 19/72 klaar
  batch 20/72 klaar
  batch 21/72 klaar
  batch 22/72 klaar
  batch 23/72 klaar
  batch 24/72 klaar
  batch 25/72 klaar
  batch 26/72 klaar
  batch 27/72 klaar
  batch 28/72 klaar
  batch 29/72 klaar
  batch 30/72 klaar
  batch 31/72 klaar
  batch 32/72 klaar
  batch 33/72 klaar
  batch 34/72 klaar
  batch 35/72 klaar
  batch 36/72 klaar
  batch 37/72 klaar
  batch 38/72 klaar
  batch 39/72 klaar
  batch 40/72 klaar
  batch 41/72 klaar
  batch 42/72 klaar
  batch 43/72 klaar
  batch 44/72 klaar
  batch 45/72 klaar
  batch 46/72 klaar
  batch 47/72 klaar
  batch 48/72 klaar
  batch 49/72 klaar
  batch 50/72 klaar
  batch 51/72 klaar
  batch 52/72 klaar
  batch 53/72 klaar
  batch 54/72 klaar
  batch 55/72 klaar
  batch 56/72 klaar
  batch 57/72 klaar
  batch 58/72 klaar
  batch 59/72 klaar
  batch 60/72 klaar
  batch 61/72 klaar
  batch 62/72 klaar
  batch 63/72 klaar
  batch 64/72 klaar
  batch 65/72 klaar
  batch 66/72 klaar
  batch 67/72 klaar
  batch 68/72 klaar
  batch 69/72 klaar
  batch 70/72 klaar
  batch 71/72 klaar
  batch 72/72 klaar
  Tijdstappen na trim: 120 (2026-06-28T00:00 t/m 2026-07-02T23:00)
  icon_eu_data_neerslag.bin: 2.6 MB
  icon_eu_data_cumul.bin: 2.6 MB
  icon_eu_data_temp.bin: 2.6 MB
  icon_eu_data_dauwpunt.bin: 2.6 MB
  icon_eu_data_rv.bin: 2.6 MB
  icon_eu_data_bewolking.bin: 7.9 MB
  icon_eu_data_wind.bin: 5.2 MB
  icon_eu_data_windstoten.bin: 5.2 MB
  icon_eu_data_druk.bin: 2.6 MB
  icon_eu_data_cape.bin: 2.6 MB
  icon_eu_data_straling.bin: 2.6 MB
  icon_eu_data_straling_direct.bin: 2.6 MB
  icon_eu_canvas_meta.json: 120 stappen, 2026-06-28T00:00 t/m 2026-07-02T23:00
   R2: icon_eu_canvas_meta.json (0.0 MB)
   R2: icon_eu_data_bewolking.bin (7.9 MB)
   R2: icon_eu_data_cape.bin (2.6 MB)
   R2: icon_eu_data_cumul.bin (2.6 MB)
   R2: icon_eu_data_dauwpunt.bin (2.6 MB)
   R2: icon_eu_data_druk.bin (2.6 MB)
   R2: icon_eu_data_neerslag.bin (2.6 MB)
   R2: icon_eu_data_rv.bin (2.6 MB)
   R2: icon_eu_data_straling.bin (2.6 MB)
   R2: icon_eu_data_straling_direct.bin (2.6 MB)
   R2: icon_eu_data_temp.bin (2.6 MB)
   R2: icon_eu_data_wind.bin (5.2 MB)
   R2: icon_eu_data_windstoten.bin (5.2 MB)
R2 upload klaar.
Klaar.
Sun Jun 28 02:30:23 CEST 2026: === ICON-EU klaar ===
Sun Jun 28 08:30:05 CEST 2026: === ICON-EU update ===
ICON-EU: 61x94 = 5734 punten, 72 batches
Model: icon_eu, forecast_days=5, prefix=icon_eu
  batch 1/72 klaar
  batch 2/72 klaar
  batch 3/72 klaar
  batch 4/72 klaar
  batch 5/72 klaar
  batch 6/72 klaar
  batch 7/72 klaar
  batch 8/72 klaar
  batch 9/72 klaar
  batch 10/72 klaar
  batch 11/72 klaar
  batch 12/72 klaar
  batch 13/72 klaar
  batch 14/72 klaar
  batch 15/72 klaar
  batch 16/72 klaar
  batch 17/72 klaar
  batch 18/72 klaar
  batch 19/72 klaar
  batch 20/72 klaar
  batch 21/72 klaar
  batch 22/72 klaar
  batch 23/72 klaar
  batch 24/72 klaar
  batch 25/72 klaar
  batch 26/72 klaar
  batch 27/72 klaar
  batch 28/72 klaar
  batch 29/72 klaar
  batch 30/72 klaar
  batch 31/72 klaar
  batch 32/72 klaar
  batch 33/72 klaar
  batch 34/72 klaar
  batch 35/72 klaar
  batch 36/72 klaar
  batch 37/72 klaar
  batch 38/72 klaar
  batch 39/72 klaar
  batch 40/72 klaar
  batch 41/72 klaar
  batch 42/72 klaar
  batch 43/72 klaar
  batch 44/72 klaar
  batch 45/72 klaar
  batch 46/72 klaar
  batch 47/72 klaar
  batch 48/72 klaar
  batch 49/72 klaar
  batch 50/72 klaar
  batch 51/72 klaar
  batch 52/72 klaar
  batch 53/72 klaar
  batch 54/72 klaar
  batch 55/72 klaar
  batch 56/72 klaar
  batch 57/72 klaar
  batch 58/72 klaar
  batch 59/72 klaar
  batch 60/72 klaar
  batch 61/72 klaar
  batch 62/72 klaar
  batch 63/72 klaar
  batch 64/72 klaar
  batch 65/72 klaar
  batch 66/72 klaar
  batch 67/72 klaar
  batch 68/72 klaar
  batch 69/72 klaar
  batch 70/72 klaar
  batch 71/72 klaar
  batch 72/72 klaar
  Tijdstappen na trim: 120 (2026-06-28T00:00 t/m 2026-07-02T23:00)
  icon_eu_data_neerslag.bin: 2.6 MB
  icon_eu_data_cumul.bin: 2.6 MB
  icon_eu_data_temp.bin: 2.6 MB
  icon_eu_data_dauwpunt.bin: 2.6 MB
  icon_eu_data_rv.bin: 2.6 MB
  icon_eu_data_bewolking.bin: 7.9 MB
  icon_eu_data_wind.bin: 5.2 MB
  icon_eu_data_windstoten.bin: 5.2 MB
  icon_eu_data_druk.bin: 2.6 MB
  icon_eu_data_cape.bin: 2.6 MB
  icon_eu_data_straling.bin: 2.6 MB
  icon_eu_data_straling_direct.bin: 2.6 MB
  icon_eu_canvas_meta.json: 120 stappen, 2026-06-28T00:00 t/m 2026-07-02T23:00
   R2: icon_eu_canvas_meta.json (0.0 MB)
   R2: icon_eu_data_bewolking.bin (7.9 MB)
   R2: icon_eu_data_cape.bin (2.6 MB)
   R2: icon_eu_data_cumul.bin (2.6 MB)
   R2: icon_eu_data_dauwpunt.bin (2.6 MB)
   R2: icon_eu_data_druk.bin (2.6 MB)
   R2: icon_eu_data_neerslag.bin (2.6 MB)
   R2: icon_eu_data_rv.bin (2.6 MB)
   R2: icon_eu_data_straling.bin (2.6 MB)
   R2: icon_eu_data_straling_direct.bin (2.6 MB)
   R2: icon_eu_data_temp.bin (2.6 MB)
   R2: icon_eu_data_wind.bin (5.2 MB)
   R2: icon_eu_data_windstoten.bin (5.2 MB)
R2 upload klaar.
Klaar.
Sun Jun 28 08:30:26 CEST 2026: === ICON-EU klaar ===
Sun Jun 28 14:30:05 CEST 2026: === ICON-EU update ===
ICON-EU: 61x94 = 5734 punten, 72 batches
Model: icon_eu, forecast_days=5, prefix=icon_eu
  batch 1/72 klaar
  batch 2/72 klaar
  batch 3/72 klaar
  batch 4/72 klaar
  batch 5/72 klaar
  batch 6/72 klaar
  batch 7/72 klaar
  batch 8/72 klaar
  batch 9/72 klaar
  batch 10/72 klaar
  batch 11/72 klaar
  batch 12/72 klaar
  batch 13/72 klaar
  batch 14/72 klaar
  batch 15/72 klaar
  batch 16/72 klaar
  batch 17/72 klaar
  batch 18/72 klaar
  batch 19/72 klaar
  batch 20/72 klaar
  batch 21/72 klaar
  batch 22/72 klaar
  batch 23/72 klaar
  batch 24/72 klaar
  batch 25/72 klaar
  batch 26/72 klaar
  batch 27/72 klaar
  batch 28/72 klaar
  batch 29/72 klaar
  batch 30/72 klaar
  batch 31/72 klaar
  batch 32/72 klaar
  batch 33/72 klaar
  batch 34/72 klaar
  batch 35/72 klaar
  batch 36/72 klaar
  batch 37/72 klaar
  batch 38/72 klaar
  batch 39/72 klaar
  batch 40/72 klaar
  batch 41/72 klaar
  batch 42/72 klaar
  batch 43/72 klaar
  batch 44/72 klaar
  batch 45/72 klaar
  batch 46/72 klaar
  batch 47/72 klaar
  batch 48/72 klaar
  batch 49/72 klaar
  batch 50/72 klaar
  batch 51/72 klaar
  batch 52/72 klaar
  batch 53/72 klaar
  batch 54/72 klaar
  batch 55/72 klaar
  batch 56/72 klaar
  batch 57/72 klaar
  batch 58/72 klaar
  batch 59/72 klaar
  batch 60/72 klaar
  batch 61/72 klaar
  batch 62/72 klaar
  batch 63/72 klaar
  batch 64/72 klaar
  batch 65/72 klaar
  batch 66/72 klaar
  batch 67/72 klaar
  batch 68/72 klaar
  batch 69/72 klaar
  batch 70/72 klaar
  batch 71/72 klaar
  batch 72/72 klaar
  Tijdstappen na trim: 120 (2026-06-28T00:00 t/m 2026-07-02T23:00)
  icon_eu_data_neerslag.bin: 2.6 MB
  icon_eu_data_cumul.bin: 2.6 MB
  icon_eu_data_temp.bin: 2.6 MB
  icon_eu_data_dauwpunt.bin: 2.6 MB
  icon_eu_data_rv.bin: 2.6 MB
  icon_eu_data_bewolking.bin: 7.9 MB
  icon_eu_data_wind.bin: 5.2 MB
  icon_eu_data_windstoten.bin: 5.2 MB
  icon_eu_data_druk.bin: 2.6 MB
  icon_eu_data_cape.bin: 2.6 MB
  icon_eu_data_straling.bin: 2.6 MB
  icon_eu_data_straling_direct.bin: 2.6 MB
  icon_eu_canvas_meta.json: 120 stappen, 2026-06-28T00:00 t/m 2026-07-02T23:00
   R2: icon_eu_canvas_meta.json (0.0 MB)
   R2: icon_eu_data_bewolking.bin (7.9 MB)
   R2: icon_eu_data_cape.bin (2.6 MB)
   R2: icon_eu_data_cumul.bin (2.6 MB)
   R2: icon_eu_data_dauwpunt.bin (2.6 MB)
   R2: icon_eu_data_druk.bin (2.6 MB)
   R2: icon_eu_data_neerslag.bin (2.6 MB)
   R2: icon_eu_data_rv.bin (2.6 MB)
   R2: icon_eu_data_straling.bin (2.6 MB)
   R2: icon_eu_data_straling_direct.bin (2.6 MB)
   R2: icon_eu_data_temp.bin (2.6 MB)
   R2: icon_eu_data_wind.bin (5.2 MB)
   R2: icon_eu_data_windstoten.bin (5.2 MB)
R2 upload klaar.
Klaar.
Sun Jun 28 14:30:39 CEST 2026: === ICON-EU klaar ===
Sun Jun 28 20:30:05 CEST 2026: === ICON-EU update ===
ICON-EU: 61x94 = 5734 punten, 72 batches
Model: icon_eu, forecast_days=5, prefix=icon_eu
  batch 1/72 klaar
  batch 2/72 klaar
  batch 3/72 klaar
  batch 4/72 klaar
  batch 5/72 klaar
  batch 6/72 klaar
  batch 7/72 klaar
  batch 8/72 klaar
  batch 9/72 klaar
  batch 10/72 klaar
  batch 11/72 klaar
  batch 12/72 klaar
  batch 13/72 klaar
  batch 14/72 klaar
  batch 15/72 klaar
  batch 16/72 klaar
  batch 17/72 klaar
  batch 18/72 klaar
  batch 19/72 klaar
  batch 20/72 klaar
  batch 21/72 klaar
  batch 22/72 klaar
  batch 23/72 klaar
  batch 24/72 klaar
  batch 25/72 klaar
  batch 26/72 klaar
  batch 27/72 klaar
  batch 28/72 klaar
  batch 29/72 klaar
  batch 30/72 klaar
  batch 31/72 klaar
  batch 32/72 klaar
  batch 33/72 klaar
  batch 34/72 klaar
  batch 35/72 klaar
  batch 36/72 klaar
  batch 37/72 klaar
  batch 38/72 klaar
  batch 39/72 klaar
  batch 40/72 klaar
  batch 41/72 klaar
  batch 42/72 klaar
  batch 43/72 klaar
  batch 44/72 klaar
  batch 45/72 klaar
  batch 46/72 klaar
  batch 47/72 klaar
  batch 48/72 klaar
  batch 49/72 klaar
  batch 50/72 klaar
  batch 51/72 klaar
  batch 52/72 klaar
  batch 53/72 klaar
  batch 54/72 klaar
  batch 55/72 klaar
  batch 56/72 klaar
  batch 57/72 klaar
  batch 58/72 klaar
  batch 59/72 klaar
  batch 60/72 klaar
  batch 61/72 klaar
  batch 62/72 klaar
  batch 63/72 klaar
  batch 64/72 klaar
  batch 65/72 klaar
  batch 66/72 klaar
  batch 67/72 klaar
  batch 68/72 klaar
  batch 69/72 klaar
  batch 70/72 klaar
  batch 71/72 klaar
  batch 72/72 klaar
  Tijdstappen na trim: 120 (2026-06-28T00:00 t/m 2026-07-02T23:00)
  icon_eu_data_neerslag.bin: 2.6 MB
  icon_eu_data_cumul.bin: 2.6 MB
  icon_eu_data_temp.bin: 2.6 MB
  icon_eu_data_dauwpunt.bin: 2.6 MB
  icon_eu_data_rv.bin: 2.6 MB
  icon_eu_data_bewolking.bin: 7.9 MB
  icon_eu_data_wind.bin: 5.2 MB
  icon_eu_data_windstoten.bin: 5.2 MB
  icon_eu_data_druk.bin: 2.6 MB
  icon_eu_data_cape.bin: 2.6 MB
  icon_eu_data_straling.bin: 2.6 MB
  icon_eu_data_straling_direct.bin: 2.6 MB
  icon_eu_canvas_meta.json: 120 stappen, 2026-06-28T00:00 t/m 2026-07-02T23:00
   R2: icon_eu_canvas_meta.json (0.0 MB)
   R2: icon_eu_data_bewolking.bin (7.9 MB)
   R2: icon_eu_data_cape.bin (2.6 MB)
   R2: icon_eu_data_cumul.bin (2.6 MB)
   R2: icon_eu_data_dauwpunt.bin (2.6 MB)
   R2: icon_eu_data_druk.bin (2.6 MB)
   R2: icon_eu_data_neerslag.bin (2.6 MB)
   R2: icon_eu_data_rv.bin (2.6 MB)
   R2: icon_eu_data_straling.bin (2.6 MB)
   R2: icon_eu_data_straling_direct.bin (2.6 MB)
   R2: icon_eu_data_temp.bin (2.6 MB)
   R2: icon_eu_data_wind.bin (5.2 MB)
   R2: icon_eu_data_windstoten.bin (5.2 MB)
R2 upload klaar.
Klaar.
Sun Jun 28 20:30:26 CEST 2026: === ICON-EU klaar ===
Mon Jun 29 02:30:05 CEST 2026: === ICON-EU update ===
ICON-EU: 61x94 = 5734 punten, 72 batches
Model: icon_eu, forecast_days=5, prefix=icon_eu
  batch 1/72 klaar
  batch 2/72 klaar
  batch 3/72 klaar
  batch 4/72 klaar
  batch 5/72 klaar
  batch 6/72 klaar
  batch 7/72 klaar
  batch 8/72 klaar
  batch 9/72 klaar
  batch 10/72 klaar
  batch 11/72 klaar
  batch 12/72 klaar
  batch 13/72 klaar
  batch 14/72 klaar
  batch 15/72 klaar
  batch 16/72 klaar
  batch 17/72 klaar
  batch 18/72 klaar
  batch 19/72 klaar
  batch 20/72 klaar
  batch 21/72 klaar
  batch 22/72 klaar
  batch 23/72 klaar
  batch 24/72 klaar
  batch 25/72 klaar
  batch 26/72 klaar
  batch 27/72 klaar
  batch 28/72 klaar
  batch 29/72 klaar
  batch 30/72 klaar
  batch 31/72 klaar
  batch 32/72 klaar
  batch 33/72 klaar
  batch 34/72 klaar
  batch 35/72 klaar
  batch 36/72 klaar
  batch 37/72 klaar
  batch 38/72 klaar
  batch 39/72 klaar
  batch 40/72 klaar
  batch 41/72 klaar
  batch 42/72 klaar
  batch 43/72 klaar
  batch 44/72 klaar
  batch 45/72 klaar
  batch 46/72 klaar
  batch 47/72 klaar
  batch 48/72 klaar
  batch 49/72 klaar
  batch 50/72 klaar
  batch 51/72 klaar
  batch 52/72 klaar
  batch 53/72 klaar
  batch 54/72 klaar
  batch 55/72 klaar
  batch 56/72 klaar
  batch 57/72 klaar
  batch 58/72 klaar
  batch 59/72 klaar
  batch 60/72 klaar
  batch 61/72 klaar
  batch 62/72 klaar
  batch 63/72 klaar
  batch 64/72 klaar
  batch 65/72 klaar
  batch 66/72 klaar
  batch 67/72 klaar
  batch 68/72 klaar
  batch 69/72 klaar
  batch 70/72 klaar
  batch 71/72 klaar
  batch 72/72 klaar
  Tijdstappen na trim: 120 (2026-06-29T00:00 t/m 2026-07-03T23:00)
  icon_eu_data_neerslag.bin: 2.6 MB
  icon_eu_data_cumul.bin: 2.6 MB
  icon_eu_data_temp.bin: 2.6 MB
  icon_eu_data_dauwpunt.bin: 2.6 MB
  icon_eu_data_rv.bin: 2.6 MB
  icon_eu_data_bewolking.bin: 7.9 MB
  icon_eu_data_wind.bin: 5.2 MB
  icon_eu_data_windstoten.bin: 5.2 MB
  icon_eu_data_druk.bin: 2.6 MB
  icon_eu_data_cape.bin: 2.6 MB
  icon_eu_data_straling.bin: 2.6 MB
  icon_eu_data_straling_direct.bin: 2.6 MB
  icon_eu_canvas_meta.json: 120 stappen, 2026-06-29T00:00 t/m 2026-07-03T23:00
   R2: icon_eu_canvas_meta.json (0.0 MB)
   R2: icon_eu_data_bewolking.bin (7.9 MB)
   R2: icon_eu_data_cape.bin (2.6 MB)
   R2: icon_eu_data_cumul.bin (2.6 MB)
   R2: icon_eu_data_dauwpunt.bin (2.6 MB)
   R2: icon_eu_data_druk.bin (2.6 MB)
   R2: icon_eu_data_neerslag.bin (2.6 MB)
   R2: icon_eu_data_rv.bin (2.6 MB)
   R2: icon_eu_data_straling.bin (2.6 MB)
   R2: icon_eu_data_straling_direct.bin (2.6 MB)
   R2: icon_eu_data_temp.bin (2.6 MB)
   R2: icon_eu_data_wind.bin (5.2 MB)
   R2: icon_eu_data_windstoten.bin (5.2 MB)
R2 upload klaar.
Klaar.
Mon Jun 29 02:30:28 CEST 2026: === ICON-EU klaar ===
Mon Jun 29 08:30:05 CEST 2026: === ICON-EU update ===
ICON-EU: 61x94 = 5734 punten, 72 batches
Model: icon_eu, forecast_days=5, prefix=icon_eu
  batch 1/72 klaar
  batch 2/72 klaar
  batch 3/72 klaar
  batch 4/72 klaar
  batch 5/72 klaar
  batch 6/72 klaar
  batch 7/72 klaar
  batch 8/72 klaar
  batch 9/72 klaar
  batch 10/72 klaar
  batch 11/72 klaar
  batch 12/72 klaar
  batch 13/72 klaar
  batch 14/72 klaar
  batch 15/72 klaar
  batch 16/72 klaar
  batch 17/72 klaar
  batch 18/72 klaar
  batch 19/72 klaar
  batch 20/72 klaar
  batch 21/72 klaar
  batch 22/72 klaar
  batch 23/72 klaar
  batch 24/72 klaar
  batch 25/72 klaar
  batch 26/72 klaar
  batch 27/72 klaar
  batch 28/72 klaar
  batch 29/72 klaar
  batch 30/72 klaar
  batch 31/72 klaar
  batch 32/72 klaar
  batch 33/72 klaar
  batch 34/72 klaar
  batch 35/72 klaar
  batch 36/72 klaar
  batch 37/72 klaar
  batch 38/72 klaar
  batch 39/72 klaar
  batch 40/72 klaar
  batch 41/72 klaar
  batch 42/72 klaar
  batch 43/72 klaar
  batch 44/72 klaar
  batch 45/72 klaar
  batch 46/72 klaar
  batch 47/72 klaar
  batch 48/72 klaar
  batch 49/72 klaar
  batch 50/72 klaar
  batch 51/72 klaar
  batch 52/72 klaar
  batch 53/72 klaar
  batch 54/72 klaar
  batch 55/72 klaar
  batch 56/72 klaar
  batch 57/72 klaar
  batch 58/72 klaar
  batch 59/72 klaar
  batch 60/72 klaar
  batch 61/72 klaar
  batch 62/72 klaar
  batch 63/72 klaar
  batch 64/72 klaar
  batch 65/72 klaar
  batch 66/72 klaar
  batch 67/72 klaar
  batch 68/72 klaar
  batch 69/72 klaar
  batch 70/72 klaar
  batch 71/72 klaar
  batch 72/72 klaar
  Tijdstappen na trim: 120 (2026-06-29T00:00 t/m 2026-07-03T23:00)
  icon_eu_data_neerslag.bin: 2.6 MB
  icon_eu_data_cumul.bin: 2.6 MB
  icon_eu_data_temp.bin: 2.6 MB
  icon_eu_data_dauwpunt.bin: 2.6 MB
  icon_eu_data_rv.bin: 2.6 MB
  icon_eu_data_bewolking.bin: 7.9 MB
  icon_eu_data_wind.bin: 5.2 MB
  icon_eu_data_windstoten.bin: 5.2 MB
  icon_eu_data_druk.bin: 2.6 MB
  icon_eu_data_cape.bin: 2.6 MB
  icon_eu_data_straling.bin: 2.6 MB
  icon_eu_data_straling_direct.bin: 2.6 MB
  icon_eu_canvas_meta.json: 120 stappen, 2026-06-29T00:00 t/m 2026-07-03T23:00
   R2: icon_eu_canvas_meta.json (0.0 MB)
   R2: icon_eu_data_bewolking.bin (7.9 MB)
   R2: icon_eu_data_cape.bin (2.6 MB)
   R2: icon_eu_data_cumul.bin (2.6 MB)
   R2: icon_eu_data_dauwpunt.bin (2.6 MB)
   R2: icon_eu_data_druk.bin (2.6 MB)
   R2: icon_eu_data_neerslag.bin (2.6 MB)
   R2: icon_eu_data_rv.bin (2.6 MB)
   R2: icon_eu_data_straling.bin (2.6 MB)
   R2: icon_eu_data_straling_direct.bin (2.6 MB)
   R2: icon_eu_data_temp.bin (2.6 MB)
   R2: icon_eu_data_wind.bin (5.2 MB)
   R2: icon_eu_data_windstoten.bin (5.2 MB)
R2 upload klaar.
Klaar.
Mon Jun 29 08:30:26 CEST 2026: === ICON-EU klaar ===
Mon Jun 29 14:30:05 CEST 2026: === ICON-EU update ===
ICON-EU: 61x94 = 5734 punten, 72 batches
Model: icon_eu, forecast_days=5, prefix=icon_eu
  batch 1/72 klaar
  batch 2/72 klaar
  batch 3/72 klaar
  batch 4/72 klaar
  batch 5/72 klaar
  batch 6/72 klaar
  batch 7/72 klaar
  batch 8/72 klaar
  batch 9/72 klaar
  batch 10/72 klaar
  batch 11/72 klaar
  batch 12/72 klaar
  batch 13/72 klaar
  batch 14/72 klaar
  batch 15/72 klaar
  batch 16/72 klaar
  batch 17/72 klaar
  batch 18/72 klaar
  batch 19/72 klaar
  batch 20/72 klaar
  batch 21/72 klaar
  batch 22/72 klaar
  batch 23/72 klaar
  batch 24/72 klaar
  batch 25/72 klaar
  batch 26/72 klaar
  batch 27/72 klaar
  batch 28/72 klaar
  batch 29/72 klaar
  batch 30/72 klaar
  batch 31/72 klaar
  batch 32/72 klaar
  batch 33/72 klaar
  batch 34/72 klaar
  batch 35/72 klaar
  batch 36/72 klaar
  batch 37/72 klaar
  batch 38/72 klaar
  batch 39/72 klaar
  batch 40/72 klaar
  batch 41/72 klaar
  batch 42/72 klaar
  batch 43/72 klaar
  batch 44/72 klaar
  batch 45/72 klaar
  batch 46/72 klaar
  batch 47/72 klaar
  batch 48/72 klaar
  batch 49/72 klaar
  batch 50/72 klaar
  batch 51/72 klaar
  batch 52/72 klaar
  batch 53/72 klaar
  batch 54/72 klaar
  batch 55/72 klaar
  batch 56/72 klaar
  batch 57/72 klaar
  batch 58/72 klaar
  batch 59/72 klaar
  batch 60/72 klaar
  batch 61/72 klaar
  batch 62/72 klaar
  batch 63/72 klaar
  batch 64/72 klaar
  batch 65/72 klaar
  batch 66/72 klaar
  batch 67/72 klaar
  batch 68/72 klaar
  batch 69/72 klaar
  batch 70/72 klaar
  batch 71/72 klaar
  batch 72/72 klaar
  Tijdstappen na trim: 120 (2026-06-29T00:00 t/m 2026-07-03T23:00)
  icon_eu_data_neerslag.bin: 2.6 MB
  icon_eu_data_cumul.bin: 2.6 MB
  icon_eu_data_temp.bin: 2.6 MB
  icon_eu_data_dauwpunt.bin: 2.6 MB
  icon_eu_data_rv.bin: 2.6 MB
  icon_eu_data_bewolking.bin: 7.9 MB
  icon_eu_data_wind.bin: 5.2 MB
  icon_eu_data_windstoten.bin: 5.2 MB
  icon_eu_data_druk.bin: 2.6 MB
  icon_eu_data_cape.bin: 2.6 MB
  icon_eu_data_straling.bin: 2.6 MB
  icon_eu_data_straling_direct.bin: 2.6 MB
  icon_eu_canvas_meta.json: 120 stappen, 2026-06-29T00:00 t/m 2026-07-03T23:00
   R2: icon_eu_canvas_meta.json (0.0 MB)
   R2: icon_eu_data_bewolking.bin (7.9 MB)
   R2: icon_eu_data_cape.bin (2.6 MB)
   R2: icon_eu_data_cumul.bin (2.6 MB)
   R2: icon_eu_data_dauwpunt.bin (2.6 MB)
   R2: icon_eu_data_druk.bin (2.6 MB)
   R2: icon_eu_data_neerslag.bin (2.6 MB)
   R2: icon_eu_data_rv.bin (2.6 MB)
   R2: icon_eu_data_straling.bin (2.6 MB)
   R2: icon_eu_data_straling_direct.bin (2.6 MB)
   R2: icon_eu_data_temp.bin (2.6 MB)
   R2: icon_eu_data_wind.bin (5.2 MB)
   R2: icon_eu_data_windstoten.bin (5.2 MB)
R2 upload klaar.
Klaar.
Mon Jun 29 14:30:27 CEST 2026: === ICON-EU klaar ===
Mon Jun 29 20:30:05 CEST 2026: === ICON-EU update ===
ICON-EU: 61x94 = 5734 punten, 72 batches
Model: icon_eu, forecast_days=5, prefix=icon_eu
  batch 1/72 klaar
  batch 2/72 klaar
  batch 3/72 klaar
  batch 4/72 klaar
  batch 5/72 klaar
  batch 6/72 klaar
  batch 7/72 klaar
  batch 8/72 klaar
  batch 9/72 klaar
  batch 10/72 klaar
  batch 11/72 klaar
  batch 12/72 klaar
  batch 13/72 klaar
  batch 14/72 klaar
  batch 15/72 klaar
  batch 16/72 klaar
  batch 17/72 klaar
  batch 18/72 klaar
  batch 19/72 klaar
  batch 20/72 klaar
  batch 21/72 klaar
  batch 22/72 klaar
  batch 23/72 klaar
  batch 24/72 klaar
  batch 25/72 klaar
  batch 26/72 klaar
  batch 27/72 klaar
  batch 28/72 klaar
  batch 29/72 klaar
  batch 30/72 klaar
  batch 31/72 klaar
  batch 32/72 klaar
  batch 33/72 klaar
  batch 34/72 klaar
  batch 35/72 klaar
  batch 36/72 klaar
  batch 37/72 klaar
  batch 38/72 klaar
  batch 39/72 klaar
  batch 40/72 klaar
  batch 41/72 klaar
  batch 42/72 klaar
  batch 43/72 klaar
  batch 44/72 klaar
  batch 45/72 klaar
  batch 46/72 klaar
  batch 47/72 klaar
  batch 48/72 klaar
  batch 49/72 klaar
  batch 50/72 klaar
  batch 51/72 klaar
  batch 52/72 klaar
  batch 53/72 klaar
  batch 54/72 klaar
  batch 55/72 klaar
  batch 56/72 klaar
  batch 57/72 klaar
  batch 58/72 klaar
  batch 59/72 klaar
  batch 60/72 klaar
  batch 61/72 klaar
  batch 62/72 klaar
  batch 63/72 klaar
  batch 64/72 klaar
  batch 65/72 klaar
  batch 66/72 klaar
  batch 67/72 klaar
  batch 68/72 klaar
  batch 69/72 klaar
  batch 70/72 klaar
  batch 71/72 klaar
  batch 72/72 klaar
  Tijdstappen na trim: 120 (2026-06-29T00:00 t/m 2026-07-03T23:00)
  icon_eu_data_neerslag.bin: 2.6 MB
  icon_eu_data_cumul.bin: 2.6 MB
  icon_eu_data_temp.bin: 2.6 MB
  icon_eu_data_dauwpunt.bin: 2.6 MB
  icon_eu_data_rv.bin: 2.6 MB
  icon_eu_data_bewolking.bin: 7.9 MB
  icon_eu_data_wind.bin: 5.2 MB
  icon_eu_data_windstoten.bin: 5.2 MB
  icon_eu_data_druk.bin: 2.6 MB
  icon_eu_data_cape.bin: 2.6 MB
  icon_eu_data_straling.bin: 2.6 MB
  icon_eu_data_straling_direct.bin: 2.6 MB
  icon_eu_canvas_meta.json: 120 stappen, 2026-06-29T00:00 t/m 2026-07-03T23:00
   R2: icon_eu_canvas_meta.json (0.0 MB)
   R2: icon_eu_data_bewolking.bin (7.9 MB)
   R2: icon_eu_data_cape.bin (2.6 MB)
   R2: icon_eu_data_cumul.bin (2.6 MB)
   R2: icon_eu_data_dauwpunt.bin (2.6 MB)
   R2: icon_eu_data_druk.bin (2.6 MB)
   R2: icon_eu_data_neerslag.bin (2.6 MB)
   R2: icon_eu_data_rv.bin (2.6 MB)
   R2: icon_eu_data_straling.bin (2.6 MB)
   R2: icon_eu_data_straling_direct.bin (2.6 MB)
   R2: icon_eu_data_temp.bin (2.6 MB)
   R2: icon_eu_data_wind.bin (5.2 MB)
   R2: icon_eu_data_windstoten.bin (5.2 MB)
R2 upload klaar.
Klaar.
Mon Jun 29 20:30:35 CEST 2026: === ICON-EU klaar ===
Tue Jun 30 02:30:04 CEST 2026: === ICON-EU update ===
ICON-EU: 61x94 = 5734 punten, 72 batches
Model: icon_eu, forecast_days=5, prefix=icon_eu
  batch 1/72 klaar
  batch 2/72 klaar
  batch 3/72 klaar
  batch 4/72 klaar
  batch 5/72 klaar
  batch 6/72 klaar
  batch 7/72 klaar
  batch 8/72 klaar
  batch 9/72 klaar
  batch 10/72 klaar
  batch 11/72 klaar
  batch 12/72 klaar
  batch 13/72 klaar
  batch 14/72 klaar
  batch 15/72 klaar
  batch 16/72 klaar
  batch 17/72 klaar
  batch 18/72 klaar
  batch 19/72 klaar
  batch 20/72 klaar
  batch 21/72 klaar
  batch 22/72 klaar
  batch 23/72 klaar
  batch 24/72 klaar
  batch 25/72 klaar
  batch 26/72 klaar
  batch 27/72 klaar
  batch 28/72 klaar
  batch 29/72 klaar
  batch 30/72 klaar
  batch 31/72 klaar
  batch 32/72 klaar
  batch 33/72 klaar
  batch 34/72 klaar
  batch 35/72 klaar
  batch 36/72 klaar
  batch 37/72 klaar
  batch 38/72 klaar
  batch 39/72 klaar
  batch 40/72 klaar
  batch 41/72 klaar
  batch 42/72 klaar
  batch 43/72 klaar
  batch 44/72 klaar
  batch 45/72 klaar
  batch 46/72 klaar
  batch 47/72 klaar
  batch 48/72 klaar
  batch 49/72 klaar
  batch 50/72 klaar
  batch 51/72 klaar
  batch 52/72 klaar
  batch 53/72 klaar
  batch 54/72 klaar
  batch 55/72 klaar
  batch 56/72 klaar
  batch 57/72 klaar
  batch 58/72 klaar
  batch 59/72 klaar
  batch 60/72 klaar
  batch 61/72 klaar
  batch 62/72 klaar
  batch 63/72 klaar
  batch 64/72 klaar
  batch 65/72 klaar
  batch 66/72 klaar
  batch 67/72 klaar
  batch 68/72 klaar
  batch 69/72 klaar
  batch 70/72 klaar
  batch 71/72 klaar
  batch 72/72 klaar
  Tijdstappen na trim: 120 (2026-06-30T00:00 t/m 2026-07-04T23:00)
  icon_eu_data_neerslag.bin: 2.6 MB
  icon_eu_data_cumul.bin: 2.6 MB
  icon_eu_data_temp.bin: 2.6 MB
  icon_eu_data_dauwpunt.bin: 2.6 MB
  icon_eu_data_rv.bin: 2.6 MB
  icon_eu_data_bewolking.bin: 7.9 MB
  icon_eu_data_wind.bin: 5.2 MB
  icon_eu_data_windstoten.bin: 5.2 MB
  icon_eu_data_druk.bin: 2.6 MB
  icon_eu_data_cape.bin: 2.6 MB
  icon_eu_data_straling.bin: 2.6 MB
  icon_eu_data_straling_direct.bin: 2.6 MB
  icon_eu_canvas_meta.json: 120 stappen, 2026-06-30T00:00 t/m 2026-07-04T23:00
   R2: icon_eu_canvas_meta.json (0.0 MB)
   R2: icon_eu_data_bewolking.bin (7.9 MB)
   R2: icon_eu_data_cape.bin (2.6 MB)
   R2: icon_eu_data_cumul.bin (2.6 MB)
   R2: icon_eu_data_dauwpunt.bin (2.6 MB)
   R2: icon_eu_data_druk.bin (2.6 MB)
   R2: icon_eu_data_neerslag.bin (2.6 MB)
   R2: icon_eu_data_rv.bin (2.6 MB)
   R2: icon_eu_data_straling.bin (2.6 MB)
   R2: icon_eu_data_straling_direct.bin (2.6 MB)
   R2: icon_eu_data_temp.bin (2.6 MB)
   R2: icon_eu_data_wind.bin (5.2 MB)
   R2: icon_eu_data_windstoten.bin (5.2 MB)
R2 upload klaar.
Klaar.
Tue Jun 30 02:30:33 CEST 2026: === ICON-EU klaar ===
Tue Jun 30 08:30:04 CEST 2026: === ICON-EU update ===
ICON-EU: 61x94 = 5734 punten, 72 batches
Model: icon_eu, forecast_days=5, prefix=icon_eu
  batch 1/72 klaar
  batch 2/72 klaar
  batch 3/72 klaar
  batch 4/72 klaar
  batch 5/72 klaar
  batch 6/72 klaar
  batch 7/72 klaar
  batch 8/72 klaar
  batch 9/72 klaar
  batch 10/72 klaar
  batch 11/72 klaar
  batch 12/72 klaar
  batch 13/72 klaar
  batch 14/72 klaar
  batch 15/72 klaar
  batch 16/72 klaar
  batch 17/72 klaar
  batch 18/72 klaar
  batch 19/72 klaar
  batch 20/72 klaar
  batch 21/72 klaar
  batch 22/72 klaar
  batch 23/72 klaar
  batch 24/72 klaar
  batch 25/72 klaar
  batch 26/72 klaar
  batch 27/72 klaar
  batch 28/72 klaar
  batch 29/72 klaar
  batch 30/72 klaar
  batch 31/72 klaar
  batch 32/72 klaar
  batch 33/72 klaar
  batch 34/72 klaar
  batch 35/72 klaar
  batch 36/72 klaar
  batch 37/72 klaar
  batch 38/72 klaar
  batch 39/72 klaar
  batch 40/72 klaar
  batch 41/72 klaar
  batch 42/72 klaar
  batch 43/72 klaar
  batch 44/72 klaar
  batch 45/72 klaar
  batch 46/72 klaar
  batch 47/72 klaar
  batch 48/72 klaar
  batch 49/72 klaar
  batch 50/72 klaar
  batch 51/72 klaar
  batch 52/72 klaar
  batch 53/72 klaar
  batch 54/72 klaar
  batch 55/72 klaar
  batch 56/72 klaar
  batch 57/72 klaar
  batch 58/72 klaar
  batch 59/72 klaar
  batch 60/72 klaar
  batch 61/72 klaar
  batch 62/72 klaar
  batch 63/72 klaar
  batch 64/72 klaar
  batch 65/72 klaar
  batch 66/72 klaar
  batch 67/72 klaar
  batch 68/72 klaar
  batch 69/72 klaar
  batch 70/72 klaar
  batch 71/72 klaar
  batch 72/72 klaar
  Tijdstappen na trim: 120 (2026-06-30T00:00 t/m 2026-07-04T23:00)
  icon_eu_data_neerslag.bin: 2.6 MB
  icon_eu_data_cumul.bin: 2.6 MB
  icon_eu_data_temp.bin: 2.6 MB
  icon_eu_data_dauwpunt.bin: 2.6 MB
  icon_eu_data_rv.bin: 2.6 MB
  icon_eu_data_bewolking.bin: 7.9 MB
  icon_eu_data_wind.bin: 5.2 MB
  icon_eu_data_windstoten.bin: 5.2 MB
  icon_eu_data_druk.bin: 2.6 MB
  icon_eu_data_cape.bin: 2.6 MB
  icon_eu_data_straling.bin: 2.6 MB
  icon_eu_data_straling_direct.bin: 2.6 MB
  icon_eu_canvas_meta.json: 120 stappen, 2026-06-30T00:00 t/m 2026-07-04T23:00
   R2: icon_eu_canvas_meta.json (0.0 MB)
   R2: icon_eu_data_bewolking.bin (7.9 MB)
   R2: icon_eu_data_cape.bin (2.6 MB)
   R2: icon_eu_data_cumul.bin (2.6 MB)
   R2: icon_eu_data_dauwpunt.bin (2.6 MB)
   R2: icon_eu_data_druk.bin (2.6 MB)
   R2: icon_eu_data_neerslag.bin (2.6 MB)
   R2: icon_eu_data_rv.bin (2.6 MB)
   R2: icon_eu_data_straling.bin (2.6 MB)
   R2: icon_eu_data_straling_direct.bin (2.6 MB)
   R2: icon_eu_data_temp.bin (2.6 MB)
   R2: icon_eu_data_wind.bin (5.2 MB)
   R2: icon_eu_data_windstoten.bin (5.2 MB)
R2 upload klaar.
Klaar.
Tue Jun 30 08:30:26 CEST 2026: === ICON-EU klaar ===
Tue Jun 30 14:30:04 CEST 2026: === ICON-EU update ===
ICON-EU: 61x94 = 5734 punten, 72 batches
Model: icon_eu, forecast_days=5, prefix=icon_eu
  batch 1/72 klaar
  batch 2/72 klaar
  batch 3/72 klaar
  batch 4/72 klaar
  batch 5/72 klaar
  batch 6/72 klaar
  batch 7/72 klaar
  batch 8/72 klaar
  batch 9/72 klaar
  batch 10/72 klaar
  batch 11/72 klaar
  batch 12/72 klaar
  batch 13/72 klaar
  batch 14/72 klaar
  batch 15/72 klaar
  batch 16/72 klaar
  batch 17/72 klaar
  batch 18/72 klaar
  batch 19/72 klaar
  batch 20/72 klaar
  batch 21/72 klaar
  batch 22/72 klaar
  batch 23/72 klaar
  batch 24/72 klaar
  batch 25/72 klaar
  batch 26/72 klaar
  batch 27/72 klaar
  batch 28/72 klaar
  batch 29/72 klaar
  batch 30/72 klaar
  batch 31/72 klaar
  batch 32/72 klaar
  batch 33/72 klaar
  batch 34/72 klaar
  batch 35/72 klaar
  batch 36/72 klaar
  batch 37/72 klaar
  batch 38/72 klaar
  batch 39/72 klaar
  batch 40/72 klaar
  batch 41/72 klaar
  batch 42/72 klaar
  batch 43/72 klaar
  batch 44/72 klaar
  batch 45/72 klaar
  batch 46/72 klaar
  batch 47/72 klaar
  batch 48/72 klaar
  batch 49/72 klaar
  batch 50/72 klaar
  batch 51/72 klaar
  batch 52/72 klaar
  batch 53/72 klaar
  batch 54/72 klaar
  batch 55/72 klaar
  batch 56/72 klaar
  batch 57/72 klaar
  batch 58/72 klaar
  batch 59/72 klaar
  batch 60/72 klaar
  batch 61/72 klaar
  batch 62/72 klaar
  batch 63/72 klaar
  batch 64/72 klaar
  batch 65/72 klaar
  batch 66/72 klaar
  batch 67/72 klaar
  batch 68/72 klaar
  batch 69/72 klaar
  batch 70/72 klaar
  batch 71/72 klaar
  batch 72/72 klaar
  Tijdstappen na trim: 120 (2026-06-30T00:00 t/m 2026-07-04T23:00)
  icon_eu_data_neerslag.bin: 2.6 MB
  icon_eu_data_cumul.bin: 2.6 MB
  icon_eu_data_temp.bin: 2.6 MB
  icon_eu_data_dauwpunt.bin: 2.6 MB
  icon_eu_data_rv.bin: 2.6 MB
  icon_eu_data_bewolking.bin: 7.9 MB
  icon_eu_data_wind.bin: 5.2 MB
  icon_eu_data_windstoten.bin: 5.2 MB
  icon_eu_data_druk.bin: 2.6 MB
  icon_eu_data_cape.bin: 2.6 MB
  icon_eu_data_straling.bin: 2.6 MB
  icon_eu_data_straling_direct.bin: 2.6 MB
  icon_eu_canvas_meta.json: 120 stappen, 2026-06-30T00:00 t/m 2026-07-04T23:00
   R2: icon_eu_canvas_meta.json (0.0 MB)
   R2: icon_eu_data_bewolking.bin (7.9 MB)
   R2: icon_eu_data_cape.bin (2.6 MB)
   R2: icon_eu_data_cumul.bin (2.6 MB)
   R2: icon_eu_data_dauwpunt.bin (2.6 MB)
   R2: icon_eu_data_druk.bin (2.6 MB)
   R2: icon_eu_data_neerslag.bin (2.6 MB)
   R2: icon_eu_data_rv.bin (2.6 MB)
   R2: icon_eu_data_straling.bin (2.6 MB)
   R2: icon_eu_data_straling_direct.bin (2.6 MB)
   R2: icon_eu_data_temp.bin (2.6 MB)
   R2: icon_eu_data_wind.bin (5.2 MB)
   R2: icon_eu_data_windstoten.bin (5.2 MB)
R2 upload klaar.
Klaar.
Tue Jun 30 14:30:39 CEST 2026: === ICON-EU klaar ===
Tue Jun 30 20:30:05 CEST 2026: === ICON-EU update ===
ICON-EU: 61x94 = 5734 punten, 72 batches
Model: icon_eu, forecast_days=5, prefix=icon_eu
  batch 1/72 klaar
  batch 2/72 klaar
  batch 3/72 klaar
  batch 4/72 klaar
  batch 5/72 klaar
  batch 6/72 klaar
  batch 7/72 klaar
  batch 8/72 klaar
  batch 9/72 klaar
  batch 10/72 klaar
  batch 11/72 klaar
  batch 12/72 klaar
  batch 13/72 klaar
  batch 14/72 klaar
  batch 15/72 klaar
  batch 16/72 klaar
  batch 17/72 klaar
  batch 18/72 klaar
  batch 19/72 klaar
  batch 20/72 klaar
  batch 21/72 klaar
  batch 22/72 klaar
  batch 23/72 klaar
  batch 24/72 klaar
  batch 25/72 klaar
  batch 26/72 klaar
  batch 27/72 klaar
  batch 28/72 klaar
  batch 29/72 klaar
  batch 30/72 klaar
  batch 31/72 klaar
  batch 32/72 klaar
  batch 33/72 klaar
  batch 34/72 klaar
  batch 35/72 klaar
  batch 36/72 klaar
  batch 37/72 klaar
  batch 38/72 klaar
  batch 39/72 klaar
  batch 40/72 klaar
  batch 41/72 klaar
  batch 42/72 klaar
  batch 43/72 klaar
  batch 44/72 klaar
  batch 45/72 klaar
  batch 46/72 klaar
  batch 47/72 klaar
  batch 48/72 klaar
  batch 49/72 klaar
  batch 50/72 klaar
  batch 51/72 klaar
  batch 52/72 klaar
  batch 53/72 klaar
  batch 54/72 klaar
  batch 55/72 klaar
  batch 56/72 klaar
  batch 57/72 klaar
  batch 58/72 klaar
  batch 59/72 klaar
  batch 60/72 klaar
  batch 61/72 klaar
  batch 62/72 klaar
  batch 63/72 klaar
  batch 64/72 klaar
  batch 65/72 klaar
  batch 66/72 klaar
  batch 67/72 klaar
  batch 68/72 klaar
  batch 69/72 klaar
  batch 70/72 klaar
  batch 71/72 klaar
  batch 72/72 klaar
  Tijdstappen na trim: 120 (2026-06-30T00:00 t/m 2026-07-04T23:00)
  icon_eu_data_neerslag.bin: 2.6 MB
  icon_eu_data_cumul.bin: 2.6 MB
  icon_eu_data_temp.bin: 2.6 MB
  icon_eu_data_dauwpunt.bin: 2.6 MB
  icon_eu_data_rv.bin: 2.6 MB
  icon_eu_data_bewolking.bin: 7.9 MB
  icon_eu_data_wind.bin: 5.2 MB
  icon_eu_data_windstoten.bin: 5.2 MB
  icon_eu_data_druk.bin: 2.6 MB
  icon_eu_data_cape.bin: 2.6 MB
  icon_eu_data_straling.bin: 2.6 MB
  icon_eu_data_straling_direct.bin: 2.6 MB
  icon_eu_canvas_meta.json: 120 stappen, 2026-06-30T00:00 t/m 2026-07-04T23:00
   R2: icon_eu_canvas_meta.json (0.0 MB)
   R2: icon_eu_data_bewolking.bin (7.9 MB)
   R2: icon_eu_data_cape.bin (2.6 MB)
   R2: icon_eu_data_cumul.bin (2.6 MB)
   R2: icon_eu_data_dauwpunt.bin (2.6 MB)
   R2: icon_eu_data_druk.bin (2.6 MB)
   R2: icon_eu_data_neerslag.bin (2.6 MB)
   R2: icon_eu_data_rv.bin (2.6 MB)
   R2: icon_eu_data_straling.bin (2.6 MB)
   R2: icon_eu_data_straling_direct.bin (2.6 MB)
   R2: icon_eu_data_temp.bin (2.6 MB)
   R2: icon_eu_data_wind.bin (5.2 MB)
   R2: icon_eu_data_windstoten.bin (5.2 MB)
R2 upload klaar.
Klaar.
Tue Jun 30 20:30:38 CEST 2026: === ICON-EU klaar ===
Wed Jul  1 02:30:05 CEST 2026: === ICON-EU update ===
ICON-EU: 61x94 = 5734 punten, 72 batches
Model: icon_eu, forecast_days=5, prefix=icon_eu
  batch 1/72 klaar
  batch 2/72 klaar
  batch 3/72 klaar
  batch 4/72 klaar
  batch 5/72 klaar
  batch 6/72 klaar
  batch 7/72 klaar
  batch 8/72 klaar
  batch 9/72 klaar
  batch 10/72 klaar
  batch 11/72 klaar
  batch 12/72 klaar
  batch 13/72 klaar
  batch 14/72 klaar
  batch 15/72 klaar
  batch 16/72 klaar
  batch 17/72 klaar
  batch 18/72 klaar
  batch 19/72 klaar
  batch 20/72 klaar
  batch 21/72 klaar
  batch 22/72 klaar
  batch 23/72 klaar
  batch 24/72 klaar
  batch 25/72 klaar
  batch 26/72 klaar
  batch 27/72 klaar
  batch 28/72 klaar
  batch 29/72 klaar
  batch 30/72 klaar
  batch 31/72 klaar
  batch 32/72 klaar
  batch 33/72 klaar
  batch 34/72 klaar
  batch 35/72 klaar
  batch 36/72 klaar
  batch 37/72 klaar
  batch 38/72 klaar
  batch 39/72 klaar
  batch 40/72 klaar
  batch 41/72 klaar
  batch 42/72 klaar
  batch 43/72 klaar
  batch 44/72 klaar
  batch 45/72 klaar
  batch 46/72 klaar
  batch 47/72 klaar
  batch 48/72 klaar
  batch 49/72 klaar
  batch 50/72 klaar
  batch 51/72 klaar
  batch 52/72 klaar
  batch 53/72 klaar
  batch 54/72 klaar
  batch 55/72 klaar
  batch 56/72 klaar
  batch 57/72 klaar
  batch 58/72 klaar
  batch 59/72 klaar
  batch 60/72 klaar
  batch 61/72 klaar
  batch 62/72 klaar
  batch 63/72 klaar
  batch 64/72 klaar
  batch 65/72 klaar
  batch 66/72 klaar
  batch 67/72 klaar
  batch 68/72 klaar
  batch 69/72 klaar
  batch 70/72 klaar
  batch 71/72 klaar
  batch 72/72 klaar
  Tijdstappen na trim: 120 (2026-07-01T00:00 t/m 2026-07-05T23:00)
  icon_eu_data_neerslag.bin: 2.6 MB
  icon_eu_data_cumul.bin: 2.6 MB
  icon_eu_data_temp.bin: 2.6 MB
  icon_eu_data_dauwpunt.bin: 2.6 MB
  icon_eu_data_rv.bin: 2.6 MB
  icon_eu_data_bewolking.bin: 7.9 MB
  icon_eu_data_wind.bin: 5.2 MB
  icon_eu_data_windstoten.bin: 5.2 MB
  icon_eu_data_druk.bin: 2.6 MB
  icon_eu_data_cape.bin: 2.6 MB
  icon_eu_data_straling.bin: 2.6 MB
  icon_eu_data_straling_direct.bin: 2.6 MB
  icon_eu_canvas_meta.json: 120 stappen, 2026-07-01T00:00 t/m 2026-07-05T23:00
   R2: icon_eu_canvas_meta.json (0.0 MB)
   R2: icon_eu_data_bewolking.bin (7.9 MB)
   R2: icon_eu_data_cape.bin (2.6 MB)
   R2: icon_eu_data_cumul.bin (2.6 MB)
   R2: icon_eu_data_dauwpunt.bin (2.6 MB)
   R2: icon_eu_data_druk.bin (2.6 MB)
   R2: icon_eu_data_neerslag.bin (2.6 MB)
   R2: icon_eu_data_rv.bin (2.6 MB)
   R2: icon_eu_data_straling.bin (2.6 MB)
   R2: icon_eu_data_straling_direct.bin (2.6 MB)
   R2: icon_eu_data_temp.bin (2.6 MB)
   R2: icon_eu_data_wind.bin (5.2 MB)
   R2: icon_eu_data_windstoten.bin (5.2 MB)
R2 upload klaar.
Klaar.
Wed Jul  1 02:30:32 CEST 2026: === ICON-EU klaar ===
Wed Jul  1 08:30:05 CEST 2026: === ICON-EU update ===
ICON-EU: 61x94 = 5734 punten, 72 batches
Model: icon_eu, forecast_days=5, prefix=icon_eu
  batch 1/72 klaar
  batch 2/72 klaar
  batch 3/72 klaar
  batch 4/72 klaar
  batch 5/72 klaar
  batch 6/72 klaar
  batch 7/72 klaar
  batch 8/72 klaar
  batch 9/72 klaar
  batch 10/72 klaar
  batch 11/72 klaar
  batch 12/72 klaar
  batch 13/72 klaar
  batch 14/72 klaar
  batch 15/72 klaar
  batch 16/72 klaar
  batch 17/72 klaar
  batch 18/72 klaar
  batch 19/72 klaar
  batch 20/72 klaar
  batch 21/72 klaar
  batch 22/72 klaar
  batch 23/72 klaar
  batch 24/72 klaar
  batch 25/72 klaar
  batch 26/72 klaar
  batch 27/72 klaar
  batch 28/72 klaar
  batch 29/72 klaar
  batch 30/72 klaar
  batch 31/72 klaar
  batch 32/72 klaar
  batch 33/72 klaar
  batch 34/72 klaar
  batch 35/72 klaar
  batch 36/72 klaar
  batch 37/72 klaar
  batch 38/72 klaar
  batch 39/72 klaar
  batch 40/72 klaar
  batch 41/72 klaar
  batch 42/72 klaar
  batch 43/72 klaar
  batch 44/72 klaar
  batch 45/72 klaar
  batch 46/72 klaar
  batch 47/72 klaar
  batch 48/72 klaar
  batch 49/72 klaar
  batch 50/72 klaar
  batch 51/72 klaar
  batch 52/72 klaar
  batch 53/72 klaar
  batch 54/72 klaar
  batch 55/72 klaar
  batch 56/72 klaar
  batch 57/72 klaar
  batch 58/72 klaar
  batch 59/72 klaar
  batch 60/72 klaar
  batch 61/72 klaar
  batch 62/72 klaar
  batch 63/72 klaar
  batch 64/72 klaar
  batch 65/72 klaar
  batch 66/72 klaar
  batch 67/72 klaar
  batch 68/72 klaar
  batch 69/72 klaar
  batch 70/72 klaar
  batch 71/72 klaar
  batch 72/72 klaar
  Tijdstappen na trim: 120 (2026-07-01T00:00 t/m 2026-07-05T23:00)
  icon_eu_data_neerslag.bin: 2.6 MB
  icon_eu_data_cumul.bin: 2.6 MB
  icon_eu_data_temp.bin: 2.6 MB
  icon_eu_data_dauwpunt.bin: 2.6 MB
  icon_eu_data_rv.bin: 2.6 MB
  icon_eu_data_bewolking.bin: 7.9 MB
  icon_eu_data_wind.bin: 5.2 MB
  icon_eu_data_windstoten.bin: 5.2 MB
  icon_eu_data_druk.bin: 2.6 MB
  icon_eu_data_cape.bin: 2.6 MB
  icon_eu_data_straling.bin: 2.6 MB
  icon_eu_data_straling_direct.bin: 2.6 MB
  icon_eu_canvas_meta.json: 120 stappen, 2026-07-01T00:00 t/m 2026-07-05T23:00
   R2: icon_eu_canvas_meta.json (0.0 MB)
   R2: icon_eu_data_bewolking.bin (7.9 MB)
   R2: icon_eu_data_cape.bin (2.6 MB)
   R2: icon_eu_data_cumul.bin (2.6 MB)
   R2: icon_eu_data_dauwpunt.bin (2.6 MB)
   R2: icon_eu_data_druk.bin (2.6 MB)
   R2: icon_eu_data_neerslag.bin (2.6 MB)
   R2: icon_eu_data_rv.bin (2.6 MB)
   R2: icon_eu_data_straling.bin (2.6 MB)
   R2: icon_eu_data_straling_direct.bin (2.6 MB)
   R2: icon_eu_data_temp.bin (2.6 MB)
   R2: icon_eu_data_wind.bin (5.2 MB)
   R2: icon_eu_data_windstoten.bin (5.2 MB)
R2 upload klaar.
Klaar.
Wed Jul  1 08:30:33 CEST 2026: === ICON-EU klaar ===
Wed Jul  1 14:30:05 CEST 2026: === ICON-EU update ===
ICON-EU: 61x94 = 5734 punten, 72 batches
Model: icon_eu, forecast_days=5, prefix=icon_eu
  batch 1/72 klaar
  batch 2/72 klaar
  batch 3/72 klaar
  batch 4/72 klaar
  batch 5/72 klaar
  batch 6/72 klaar
  batch 7/72 klaar
  batch 8/72 klaar
  batch 9/72 klaar
  batch 10/72 klaar
  batch 11/72 klaar
  batch 12/72 klaar
  batch 13/72 klaar
  batch 14/72 klaar
  batch 15/72 klaar
  batch 16/72 klaar
  batch 17/72 klaar
  batch 18/72 klaar
  batch 19/72 klaar
  batch 20/72 klaar
  batch 21/72 klaar
  batch 22/72 klaar
  batch 23/72 klaar
  batch 24/72 klaar
  batch 25/72 klaar
  batch 26/72 klaar
  batch 27/72 klaar
  batch 28/72 klaar
  batch 29/72 klaar
  batch 30/72 klaar
  batch 31/72 klaar
  batch 32/72 klaar
  batch 33/72 klaar
  batch 34/72 klaar
  batch 35/72 klaar
  batch 36/72 klaar
  batch 37/72 klaar
  batch 38/72 klaar
  batch 39/72 klaar
  batch 40/72 klaar
  batch 41/72 klaar
  batch 42/72 klaar
  batch 43/72 klaar
  batch 44/72 klaar
  batch 45/72 klaar
  batch 46/72 klaar
  batch 47/72 klaar
  batch 48/72 klaar
  batch 49/72 klaar
  batch 50/72 klaar
  batch 51/72 klaar
  batch 52/72 klaar
  batch 53/72 klaar
  batch 54/72 klaar
  batch 55/72 klaar
  batch 56/72 klaar
  batch 57/72 klaar
  batch 58/72 klaar
  batch 59/72 klaar
  batch 60/72 klaar
  batch 61/72 klaar
  batch 62/72 klaar
  batch 63/72 klaar
  batch 64/72 klaar
  batch 65/72 klaar
  batch 66/72 klaar
  batch 67/72 klaar
  batch 68/72 klaar
  batch 69/72 klaar
  batch 70/72 klaar
  batch 71/72 klaar
  batch 72/72 klaar
  Tijdstappen na trim: 120 (2026-07-01T00:00 t/m 2026-07-05T23:00)
  icon_eu_data_neerslag.bin: 2.6 MB
  icon_eu_data_cumul.bin: 2.6 MB
  icon_eu_data_temp.bin: 2.6 MB
  icon_eu_data_dauwpunt.bin: 2.6 MB
  icon_eu_data_rv.bin: 2.6 MB
  icon_eu_data_bewolking.bin: 7.9 MB
  icon_eu_data_wind.bin: 5.2 MB
  icon_eu_data_windstoten.bin: 5.2 MB
  icon_eu_data_druk.bin: 2.6 MB
  icon_eu_data_cape.bin: 2.6 MB
  icon_eu_data_straling.bin: 2.6 MB
  icon_eu_data_straling_direct.bin: 2.6 MB
  icon_eu_canvas_meta.json: 120 stappen, 2026-07-01T00:00 t/m 2026-07-05T23:00
   R2: icon_eu_canvas_meta.json (0.0 MB)
   R2: icon_eu_data_bewolking.bin (7.9 MB)
   R2: icon_eu_data_cape.bin (2.6 MB)
   R2: icon_eu_data_cumul.bin (2.6 MB)
   R2: icon_eu_data_dauwpunt.bin (2.6 MB)
   R2: icon_eu_data_druk.bin (2.6 MB)
   R2: icon_eu_data_neerslag.bin (2.6 MB)
   R2: icon_eu_data_rv.bin (2.6 MB)
   R2: icon_eu_data_straling.bin (2.6 MB)
   R2: icon_eu_data_straling_direct.bin (2.6 MB)
   R2: icon_eu_data_temp.bin (2.6 MB)
   R2: icon_eu_data_wind.bin (5.2 MB)
   R2: icon_eu_data_windstoten.bin (5.2 MB)
R2 upload klaar.
Klaar.
Wed Jul  1 14:30:34 CEST 2026: === ICON-EU klaar ===
Wed Jul  1 20:30:05 CEST 2026: === ICON-EU update ===
ICON-EU: 61x94 = 5734 punten, 72 batches
Model: icon_eu, forecast_days=5, prefix=icon_eu
  batch 1/72 klaar
  batch 2/72 klaar
  batch 3/72 klaar
  batch 4/72 klaar
  batch 5/72 klaar
  batch 6/72 klaar
  batch 7/72 klaar
  batch 8/72 klaar
  batch 9/72 klaar
  batch 10/72 klaar
  batch 11/72 klaar
  batch 12/72 klaar
  batch 13/72 klaar
  batch 14/72 klaar
  batch 15/72 klaar
  batch 16/72 klaar
  batch 17/72 klaar
  batch 18/72 klaar
  batch 19/72 klaar
  batch 20/72 klaar
  batch 21/72 klaar
  batch 22/72 klaar
  batch 23/72 klaar
  batch 24/72 klaar
  batch 25/72 klaar
  batch 26/72 klaar
  batch 27/72 klaar
  batch 28/72 klaar
  batch 29/72 klaar
  batch 30/72 klaar
  batch 31/72 klaar
  batch 32/72 klaar
  batch 33/72 klaar
  batch 34/72 klaar
  batch 35/72 klaar
  batch 36/72 klaar
  batch 37/72 klaar
  batch 38/72 klaar
  batch 39/72 klaar
  batch 40/72 klaar
  batch 41/72 klaar
  batch 42/72 klaar
  batch 43/72 klaar
  batch 44/72 klaar
  batch 45/72 klaar
  batch 46/72 klaar
  batch 47/72 klaar
  batch 48/72 klaar
  batch 49/72 klaar
  batch 50/72 klaar
  batch 51/72 klaar
  batch 52/72 klaar
  batch 53/72 klaar
  batch 54/72 klaar
  batch 55/72 klaar
  batch 56/72 klaar
  batch 57/72 klaar
  batch 58/72 klaar
  batch 59/72 klaar
  batch 60/72 klaar
  batch 61/72 klaar
  batch 62/72 klaar
  batch 63/72 klaar
  batch 64/72 klaar
  batch 65/72 klaar
  batch 66/72 klaar
  batch 67/72 klaar
  batch 68/72 klaar
  batch 69/72 klaar
  batch 70/72 klaar
  batch 71/72 klaar
  batch 72/72 klaar
  Tijdstappen na trim: 120 (2026-07-01T00:00 t/m 2026-07-05T23:00)
  icon_eu_data_neerslag.bin: 2.6 MB
  icon_eu_data_cumul.bin: 2.6 MB
  icon_eu_data_temp.bin: 2.6 MB
  icon_eu_data_dauwpunt.bin: 2.6 MB
  icon_eu_data_rv.bin: 2.6 MB
  icon_eu_data_bewolking.bin: 7.9 MB
  icon_eu_data_wind.bin: 5.2 MB
  icon_eu_data_windstoten.bin: 5.2 MB
  icon_eu_data_druk.bin: 2.6 MB
  icon_eu_data_cape.bin: 2.6 MB
  icon_eu_data_straling.bin: 2.6 MB
  icon_eu_data_straling_direct.bin: 2.6 MB
  icon_eu_canvas_meta.json: 120 stappen, 2026-07-01T00:00 t/m 2026-07-05T23:00
   R2: icon_eu_canvas_meta.json (0.0 MB)
   R2: icon_eu_data_bewolking.bin (7.9 MB)
   R2: icon_eu_data_cape.bin (2.6 MB)
   R2: icon_eu_data_cumul.bin (2.6 MB)
   R2: icon_eu_data_dauwpunt.bin (2.6 MB)
   R2: icon_eu_data_druk.bin (2.6 MB)
   R2: icon_eu_data_neerslag.bin (2.6 MB)
   R2: icon_eu_data_rv.bin (2.6 MB)
   R2: icon_eu_data_straling.bin (2.6 MB)
   R2: icon_eu_data_straling_direct.bin (2.6 MB)
   R2: icon_eu_data_temp.bin (2.6 MB)
   R2: icon_eu_data_wind.bin (5.2 MB)
   R2: icon_eu_data_windstoten.bin (5.2 MB)
R2 upload klaar.
Klaar.
Wed Jul  1 20:30:31 CEST 2026: === ICON-EU klaar ===
Thu Jul  2 02:30:04 CEST 2026: === ICON-EU update ===
ICON-EU: 61x94 = 5734 punten, 72 batches
Model: icon_eu, forecast_days=5, prefix=icon_eu
  batch 1/72 klaar
  batch 2/72 klaar
  batch 3/72 klaar
  batch 4/72 klaar
  batch 5/72 klaar
  batch 6/72 klaar
  batch 7/72 klaar
  batch 8/72 klaar
  batch 9/72 klaar
  batch 10/72 klaar
  batch 11/72 klaar
  batch 12/72 klaar
  batch 13/72 klaar
  batch 14/72 klaar
  batch 15/72 klaar
  batch 16/72 klaar
  batch 17/72 klaar
  batch 18/72 klaar
  batch 19/72 klaar
  batch 20/72 klaar
  batch 21/72 klaar
  batch 22/72 klaar
  batch 23/72 klaar
  batch 24/72 klaar
  batch 25/72 klaar
  batch 26/72 klaar
  batch 27/72 klaar
  batch 28/72 klaar
  batch 29/72 klaar
  batch 30/72 klaar
  batch 31/72 klaar
  batch 32/72 klaar
  batch 33/72 klaar
  batch 34/72 klaar
  batch 35/72 klaar
  batch 36/72 klaar
  batch 37/72 klaar
  batch 38/72 klaar
  batch 39/72 klaar
  batch 40/72 klaar
  batch 41/72 klaar
  batch 42/72 klaar
  batch 43/72 klaar
  batch 44/72 klaar
  batch 45/72 klaar
  batch 46/72 klaar
  batch 47/72 klaar
  batch 48/72 klaar
  batch 49/72 klaar
  batch 50/72 klaar
  batch 51/72 klaar
  batch 52/72 klaar
  batch 53/72 klaar
  batch 54/72 klaar
  batch 55/72 klaar
  batch 56/72 klaar
  batch 57/72 klaar
  batch 58/72 klaar
  batch 59/72 klaar
  batch 60/72 klaar
  batch 61/72 klaar
  batch 62/72 klaar
  batch 63/72 klaar
  batch 64/72 klaar
  batch 65/72 klaar
  batch 66/72 klaar
  batch 67/72 klaar
  batch 68/72 klaar
  batch 69/72 klaar
  batch 70/72 klaar
  batch 71/72 klaar
  batch 72/72 klaar
  Tijdstappen na trim: 120 (2026-07-02T00:00 t/m 2026-07-06T23:00)
  icon_eu_data_neerslag.bin: 2.6 MB
  icon_eu_data_cumul.bin: 2.6 MB
  icon_eu_data_temp.bin: 2.6 MB
  icon_eu_data_dauwpunt.bin: 2.6 MB
  icon_eu_data_rv.bin: 2.6 MB
  icon_eu_data_bewolking.bin: 7.9 MB
  icon_eu_data_wind.bin: 5.2 MB
  icon_eu_data_windstoten.bin: 5.2 MB
  icon_eu_data_druk.bin: 2.6 MB
  icon_eu_data_cape.bin: 2.6 MB
  icon_eu_data_straling.bin: 2.6 MB
  icon_eu_data_straling_direct.bin: 2.6 MB
  icon_eu_canvas_meta.json: 120 stappen, 2026-07-02T00:00 t/m 2026-07-06T23:00
   R2: icon_eu_canvas_meta.json (0.0 MB)
   R2: icon_eu_data_bewolking.bin (7.9 MB)
   R2: icon_eu_data_cape.bin (2.6 MB)
   R2: icon_eu_data_cumul.bin (2.6 MB)
   R2: icon_eu_data_dauwpunt.bin (2.6 MB)
   R2: icon_eu_data_druk.bin (2.6 MB)
   R2: icon_eu_data_neerslag.bin (2.6 MB)
   R2: icon_eu_data_rv.bin (2.6 MB)
   R2: icon_eu_data_straling.bin (2.6 MB)
   R2: icon_eu_data_straling_direct.bin (2.6 MB)
   R2: icon_eu_data_temp.bin (2.6 MB)
   R2: icon_eu_data_wind.bin (5.2 MB)
   R2: icon_eu_data_windstoten.bin (5.2 MB)
R2 upload klaar.
Klaar.
Thu Jul  2 02:30:31 CEST 2026: === ICON-EU klaar ===
Thu Jul  2 08:30:05 CEST 2026: === ICON-EU update ===
ICON-EU: 61x94 = 5734 punten, 72 batches
Model: icon_eu, forecast_days=5, prefix=icon_eu
  batch 1/72 klaar
  batch 2/72 klaar
  batch 3/72 klaar
  batch 4/72 klaar
  batch 5/72 klaar
  batch 6/72 klaar
  batch 7/72 klaar
  batch 8/72 klaar
  batch 9/72 klaar
  batch 10/72 klaar
  batch 11/72 klaar
  batch 12/72 klaar
  batch 13/72 klaar
  batch 14/72 klaar
  batch 15/72 klaar
  batch 16/72 klaar
  batch 17/72 klaar
  batch 18/72 klaar
  batch 19/72 klaar
  batch 20/72 klaar
  batch 21/72 klaar
  batch 22/72 klaar
  batch 23/72 klaar
  batch 24/72 klaar
  batch 25/72 klaar
  batch 26/72 klaar
  batch 27/72 klaar
  batch 28/72 klaar
  batch 29/72 klaar
  batch 30/72 klaar
  batch 31/72 klaar
  batch 32/72 klaar
  batch 33/72 klaar
  batch 34/72 klaar
  batch 35/72 klaar
  batch 36/72 klaar
  batch 37/72 klaar
  batch 38/72 klaar
  batch 39/72 klaar
  batch 40/72 klaar
  batch 41/72 klaar
  batch 42/72 klaar
  batch 43/72 klaar
  batch 44/72 klaar
  batch 45/72 klaar
  batch 46/72 klaar
  batch 47/72 klaar
  batch 48/72 klaar
  batch 49/72 klaar
  batch 50/72 klaar
  batch 51/72 klaar
  batch 52/72 klaar
  batch 53/72 klaar
  batch 54/72 klaar
  batch 55/72 klaar
  batch 56/72 klaar
  batch 57/72 klaar
  batch 58/72 klaar
  batch 59/72 klaar
  batch 60/72 klaar
  batch 61/72 klaar
  batch 62/72 klaar
  batch 63/72 klaar
  batch 64/72 klaar
  batch 65/72 klaar
  batch 66/72 klaar
  batch 67/72 klaar
  batch 68/72 klaar
  batch 69/72 klaar
  batch 70/72 klaar
  batch 71/72 klaar
  batch 72/72 klaar
  Tijdstappen na trim: 120 (2026-07-02T00:00 t/m 2026-07-06T23:00)
  icon_eu_data_neerslag.bin: 2.6 MB
  icon_eu_data_cumul.bin: 2.6 MB
  icon_eu_data_temp.bin: 2.6 MB
  icon_eu_data_dauwpunt.bin: 2.6 MB
  icon_eu_data_rv.bin: 2.6 MB
  icon_eu_data_bewolking.bin: 7.9 MB
  icon_eu_data_wind.bin: 5.2 MB
  icon_eu_data_windstoten.bin: 5.2 MB
  icon_eu_data_druk.bin: 2.6 MB
  icon_eu_data_cape.bin: 2.6 MB
  icon_eu_data_straling.bin: 2.6 MB
  icon_eu_data_straling_direct.bin: 2.6 MB
  icon_eu_canvas_meta.json: 120 stappen, 2026-07-02T00:00 t/m 2026-07-06T23:00
   R2: icon_eu_canvas_meta.json (0.0 MB)
   R2: icon_eu_data_bewolking.bin (7.9 MB)
   R2: icon_eu_data_cape.bin (2.6 MB)
   R2: icon_eu_data_cumul.bin (2.6 MB)
   R2: icon_eu_data_dauwpunt.bin (2.6 MB)
   R2: icon_eu_data_druk.bin (2.6 MB)
   R2: icon_eu_data_neerslag.bin (2.6 MB)
   R2: icon_eu_data_rv.bin (2.6 MB)
   R2: icon_eu_data_straling.bin (2.6 MB)
   R2: icon_eu_data_straling_direct.bin (2.6 MB)
   R2: icon_eu_data_temp.bin (2.6 MB)
   R2: icon_eu_data_wind.bin (5.2 MB)
   R2: icon_eu_data_windstoten.bin (5.2 MB)
R2 upload klaar.
Klaar.
Thu Jul  2 08:30:34 CEST 2026: === ICON-EU klaar ===
Thu Jul  2 14:30:04 CEST 2026: === ICON-EU update ===
ICON-EU: 61x94 = 5734 punten, 72 batches
Model: icon_eu, forecast_days=5, prefix=icon_eu
  batch 1/72 klaar
  batch 2/72 klaar
  batch 3/72 klaar
  batch 4/72 klaar
  batch 5/72 klaar
  batch 6/72 klaar
  batch 7/72 klaar
  batch 8/72 klaar
  batch 9/72 klaar
  batch 10/72 klaar
  batch 11/72 klaar
  batch 12/72 klaar
  batch 13/72 klaar
  batch 14/72 klaar
  batch 15/72 klaar
  batch 16/72 klaar
  batch 17/72 klaar
  batch 18/72 klaar
  batch 19/72 klaar
  batch 20/72 klaar
  batch 21/72 klaar
  batch 22/72 klaar
  batch 23/72 klaar
  batch 24/72 klaar
  batch 25/72 klaar
  batch 26/72 klaar
  batch 27/72 klaar
  batch 28/72 klaar
  batch 29/72 klaar
  batch 30/72 klaar
  batch 31/72 klaar
  batch 32/72 klaar
  batch 33/72 klaar
  batch 34/72 klaar
  batch 35/72 klaar
  batch 36/72 klaar
  batch 37/72 klaar
  batch 38/72 klaar
  batch 39/72 klaar
  batch 40/72 klaar
  batch 41/72 klaar
  batch 42/72 klaar
  batch 43/72 klaar
  batch 44/72 klaar
  batch 45/72 klaar
  batch 46/72 klaar
  batch 47/72 klaar
  batch 48/72 klaar
  batch 49/72 klaar
  batch 50/72 klaar
  batch 51/72 klaar
  batch 52/72 klaar
  batch 53/72 klaar
  batch 54/72 klaar
  batch 55/72 klaar
  batch 56/72 klaar
  batch 57/72 klaar
  batch 58/72 klaar
  batch 59/72 klaar
  batch 60/72 klaar
  batch 61/72 klaar
  batch 62/72 klaar
  batch 63/72 klaar
  batch 64/72 klaar
  batch 65/72 klaar
  batch 66/72 klaar
  batch 67/72 klaar
  batch 68/72 klaar
  batch 69/72 klaar
  batch 70/72 klaar
  batch 71/72 klaar
  batch 72/72 klaar
  Tijdstappen na trim: 120 (2026-07-02T00:00 t/m 2026-07-06T23:00)
  icon_eu_data_neerslag.bin: 2.6 MB
  icon_eu_data_cumul.bin: 2.6 MB
  icon_eu_data_temp.bin: 2.6 MB
  icon_eu_data_dauwpunt.bin: 2.6 MB
  icon_eu_data_rv.bin: 2.6 MB
  icon_eu_data_bewolking.bin: 7.9 MB
  icon_eu_data_wind.bin: 5.2 MB
  icon_eu_data_windstoten.bin: 5.2 MB
  icon_eu_data_druk.bin: 2.6 MB
  icon_eu_data_cape.bin: 2.6 MB
  icon_eu_data_straling.bin: 2.6 MB
  icon_eu_data_straling_direct.bin: 2.6 MB
  icon_eu_canvas_meta.json: 120 stappen, 2026-07-02T00:00 t/m 2026-07-06T23:00
   R2: icon_eu_canvas_meta.json (0.0 MB)
   R2: icon_eu_data_bewolking.bin (7.9 MB)
   R2: icon_eu_data_cape.bin (2.6 MB)
   R2: icon_eu_data_cumul.bin (2.6 MB)
   R2: icon_eu_data_dauwpunt.bin (2.6 MB)
   R2: icon_eu_data_druk.bin (2.6 MB)
   R2: icon_eu_data_neerslag.bin (2.6 MB)
   R2: icon_eu_data_rv.bin (2.6 MB)
   R2: icon_eu_data_straling.bin (2.6 MB)
   R2: icon_eu_data_straling_direct.bin (2.6 MB)
   R2: icon_eu_data_temp.bin (2.6 MB)
   R2: icon_eu_data_wind.bin (5.2 MB)
   R2: icon_eu_data_windstoten.bin (5.2 MB)
R2 upload klaar.
Klaar.
Thu Jul  2 14:30:31 CEST 2026: === ICON-EU klaar ===
Thu Jul  2 20:30:05 CEST 2026: === ICON-EU update ===
ICON-EU: 61x94 = 5734 punten, 72 batches
Model: icon_eu, forecast_days=5, prefix=icon_eu
  batch 1/72 klaar
  batch 2/72 klaar
  batch 3/72 klaar
  batch 4/72 klaar
  batch 5/72 klaar
  batch 6/72 klaar
  batch 7/72 klaar
  batch 8/72 klaar
  batch 9/72 klaar
  batch 10/72 klaar
  batch 11/72 klaar
  batch 12/72 klaar
  batch 13/72 klaar
  batch 14/72 klaar
  batch 15/72 klaar
  batch 16/72 klaar
  batch 17/72 klaar
  batch 18/72 klaar
  batch 19/72 klaar
  batch 20/72 klaar
  batch 21/72 klaar
  batch 22/72 klaar
  batch 23/72 klaar
  batch 24/72 klaar
  batch 25/72 klaar
  batch 26/72 klaar
  batch 27/72 klaar
  batch 28/72 klaar
  batch 29/72 klaar
  batch 30/72 klaar
  batch 31/72 klaar
  batch 32/72 klaar
  batch 33/72 klaar
  batch 34/72 klaar
  batch 35/72 klaar
  batch 36/72 klaar
  batch 37/72 klaar
  batch 38/72 klaar
  batch 39/72 klaar
  batch 40/72 klaar
  batch 41/72 klaar
  batch 42/72 klaar
  batch 43/72 klaar
  batch 44/72 klaar
  batch 45/72 klaar
  batch 46/72 klaar
  batch 47/72 klaar
  batch 48/72 klaar
  batch 49/72 klaar
  batch 50/72 klaar
  batch 51/72 klaar
  batch 52/72 klaar
  batch 53/72 klaar
  batch 54/72 klaar
  batch 55/72 klaar
  batch 56/72 klaar
  batch 57/72 klaar
  batch 58/72 klaar
  batch 59/72 klaar
  batch 60/72 klaar
  batch 61/72 klaar
  batch 62/72 klaar
  batch 63/72 klaar
  batch 64/72 klaar
  batch 65/72 klaar
  batch 66/72 klaar
  batch 67/72 klaar
  batch 68/72 klaar
  batch 69/72 klaar
  batch 70/72 klaar
  batch 71/72 klaar
  batch 72/72 klaar
  Tijdstappen na trim: 120 (2026-07-02T00:00 t/m 2026-07-06T23:00)
  icon_eu_data_neerslag.bin: 2.6 MB
  icon_eu_data_cumul.bin: 2.6 MB
  icon_eu_data_temp.bin: 2.6 MB
  icon_eu_data_dauwpunt.bin: 2.6 MB
  icon_eu_data_rv.bin: 2.6 MB
  icon_eu_data_bewolking.bin: 7.9 MB
  icon_eu_data_wind.bin: 5.2 MB
  icon_eu_data_windstoten.bin: 5.2 MB
  icon_eu_data_druk.bin: 2.6 MB
  icon_eu_data_cape.bin: 2.6 MB
  icon_eu_data_straling.bin: 2.6 MB
  icon_eu_data_straling_direct.bin: 2.6 MB
  icon_eu_canvas_meta.json: 120 stappen, 2026-07-02T00:00 t/m 2026-07-06T23:00
   R2: icon_eu_canvas_meta.json (0.0 MB)
   R2: icon_eu_data_bewolking.bin (7.9 MB)
   R2: icon_eu_data_cape.bin (2.6 MB)
   R2: icon_eu_data_cumul.bin (2.6 MB)
   R2: icon_eu_data_dauwpunt.bin (2.6 MB)
   R2: icon_eu_data_druk.bin (2.6 MB)
   R2: icon_eu_data_neerslag.bin (2.6 MB)
   R2: icon_eu_data_rv.bin (2.6 MB)
   R2: icon_eu_data_straling.bin (2.6 MB)
   R2: icon_eu_data_straling_direct.bin (2.6 MB)
   R2: icon_eu_data_temp.bin (2.6 MB)
   R2: icon_eu_data_wind.bin (5.2 MB)
   R2: icon_eu_data_windstoten.bin (5.2 MB)
R2 upload klaar.
Klaar.
Thu Jul  2 20:30:36 CEST 2026: === ICON-EU klaar ===
Fri Jul  3 02:30:05 CEST 2026: === ICON-EU update ===
ICON-EU: 61x94 = 5734 punten, 72 batches
Model: icon_eu, forecast_days=5, prefix=icon_eu
  batch 1/72 klaar
  batch 2/72 klaar
  batch 3/72 klaar
  batch 4/72 klaar
  batch 5/72 klaar
  batch 6/72 klaar
  batch 7/72 klaar
  batch 8/72 klaar
  batch 9/72 klaar
  batch 10/72 klaar
  batch 11/72 klaar
  batch 12/72 klaar
  batch 13/72 klaar
  batch 14/72 klaar
  batch 15/72 klaar
  batch 16/72 klaar
  batch 17/72 klaar
  batch 18/72 klaar
  batch 19/72 klaar
  batch 20/72 klaar
  batch 21/72 klaar
  batch 22/72 klaar
  batch 23/72 klaar
  batch 24/72 klaar
  batch 25/72 klaar
  batch 26/72 klaar
  batch 27/72 klaar
  batch 28/72 klaar
  batch 29/72 klaar
  batch 30/72 klaar
  batch 31/72 klaar
  batch 32/72 klaar
  batch 33/72 klaar
  batch 34/72 klaar
  batch 35/72 klaar
  batch 36/72 klaar
  batch 37/72 klaar
  batch 38/72 klaar
  batch 39/72 klaar
  batch 40/72 klaar
  batch 41/72 klaar
  batch 42/72 klaar
  batch 43/72 klaar
  batch 44/72 klaar
  batch 45/72 klaar
  batch 46/72 klaar
  batch 47/72 klaar
  batch 48/72 klaar
  batch 49/72 klaar
  batch 50/72 klaar
  batch 51/72 klaar
  batch 52/72 klaar
  batch 53/72 klaar
  batch 54/72 klaar
  batch 55/72 klaar
  batch 56/72 klaar
  batch 57/72 klaar
  batch 58/72 klaar
  batch 59/72 klaar
  batch 60/72 klaar
  batch 61/72 klaar
  batch 62/72 klaar
  batch 63/72 klaar
  batch 64/72 klaar
  batch 65/72 klaar
  batch 66/72 klaar
  batch 67/72 klaar
  batch 68/72 klaar
  batch 69/72 klaar
  batch 70/72 klaar
  batch 71/72 klaar
  batch 72/72 klaar
  Tijdstappen na trim: 120 (2026-07-03T00:00 t/m 2026-07-07T23:00)
  icon_eu_data_neerslag.bin: 2.6 MB
  icon_eu_data_cumul.bin: 2.6 MB
  icon_eu_data_temp.bin: 2.6 MB
  icon_eu_data_dauwpunt.bin: 2.6 MB
  icon_eu_data_rv.bin: 2.6 MB
  icon_eu_data_bewolking.bin: 7.9 MB
  icon_eu_data_wind.bin: 5.2 MB
  icon_eu_data_windstoten.bin: 5.2 MB
  icon_eu_data_druk.bin: 2.6 MB
  icon_eu_data_cape.bin: 2.6 MB
  icon_eu_data_straling.bin: 2.6 MB
  icon_eu_data_straling_direct.bin: 2.6 MB
  icon_eu_canvas_meta.json: 120 stappen, 2026-07-03T00:00 t/m 2026-07-07T23:00
   R2: icon_eu_canvas_meta.json (0.0 MB)
   R2: icon_eu_data_bewolking.bin (7.9 MB)
   R2: icon_eu_data_cape.bin (2.6 MB)
   R2: icon_eu_data_cumul.bin (2.6 MB)
   R2: icon_eu_data_dauwpunt.bin (2.6 MB)
   R2: icon_eu_data_druk.bin (2.6 MB)
   R2: icon_eu_data_neerslag.bin (2.6 MB)
   R2: icon_eu_data_rv.bin (2.6 MB)
   R2: icon_eu_data_straling.bin (2.6 MB)
   R2: icon_eu_data_straling_direct.bin (2.6 MB)
   R2: icon_eu_data_temp.bin (2.6 MB)
   R2: icon_eu_data_wind.bin (5.2 MB)
   R2: icon_eu_data_windstoten.bin (5.2 MB)
R2 upload klaar.
Klaar.
Fri Jul  3 02:30:30 CEST 2026: === ICON-EU klaar ===
Fri Jul  3 08:30:05 CEST 2026: === ICON-EU update ===
ICON-EU: 61x94 = 5734 punten, 72 batches
Model: icon_eu, forecast_days=5, prefix=icon_eu
  batch 1/72 klaar
  batch 2/72 klaar
  batch 3/72 klaar
  batch 4/72 klaar
  batch 5/72 klaar
  batch 6/72 klaar
  batch 7/72 klaar
  batch 8/72 klaar
  batch 9/72 klaar
  batch 10/72 klaar
  batch 11/72 klaar
  batch 12/72 klaar
  batch 13/72 klaar
  batch 14/72 klaar
  batch 15/72 klaar
  batch 16/72 klaar
  batch 17/72 klaar
  batch 18/72 klaar
  batch 19/72 klaar
  batch 20/72 klaar
  batch 21/72 klaar
  batch 22/72 klaar
  batch 23/72 klaar
  batch 24/72 klaar
  batch 25/72 klaar
  batch 26/72 klaar
  batch 27/72 klaar
  batch 28/72 klaar
  batch 29/72 klaar
  batch 30/72 klaar
  batch 31/72 klaar
  batch 32/72 klaar
  batch 33/72 klaar
  batch 34/72 klaar
  batch 35/72 klaar
  batch 36/72 klaar
  batch 37/72 klaar
  batch 38/72 klaar
  batch 39/72 klaar
  batch 40/72 klaar
  batch 41/72 klaar
  batch 42/72 klaar
  batch 43/72 klaar
  batch 44/72 klaar
  batch 45/72 klaar
  batch 46/72 klaar
  batch 47/72 klaar
  batch 48/72 klaar
  batch 49/72 klaar
  batch 50/72 klaar
  batch 51/72 klaar
  batch 52/72 klaar
  batch 53/72 klaar
  batch 54/72 klaar
  batch 55/72 klaar
  batch 56/72 klaar
  batch 57/72 klaar
  batch 58/72 klaar
  batch 59/72 klaar
  batch 60/72 klaar
  batch 61/72 klaar
  batch 62/72 klaar
  batch 63/72 klaar
  batch 64/72 klaar
  batch 65/72 klaar
  batch 66/72 klaar
  batch 67/72 klaar
  batch 68/72 klaar
  batch 69/72 klaar
  batch 70/72 klaar
  batch 71/72 klaar
  batch 72/72 klaar
  Tijdstappen na trim: 120 (2026-07-03T00:00 t/m 2026-07-07T23:00)
  icon_eu_data_neerslag.bin: 2.6 MB
  icon_eu_data_cumul.bin: 2.6 MB
  icon_eu_data_temp.bin: 2.6 MB
  icon_eu_data_dauwpunt.bin: 2.6 MB
  icon_eu_data_rv.bin: 2.6 MB
  icon_eu_data_bewolking.bin: 7.9 MB
  icon_eu_data_wind.bin: 5.2 MB
  icon_eu_data_windstoten.bin: 5.2 MB
  icon_eu_data_druk.bin: 2.6 MB
  icon_eu_data_cape.bin: 2.6 MB
  icon_eu_data_straling.bin: 2.6 MB
  icon_eu_data_straling_direct.bin: 2.6 MB
  icon_eu_canvas_meta.json: 120 stappen, 2026-07-03T00:00 t/m 2026-07-07T23:00
   R2: icon_eu_canvas_meta.json (0.0 MB)
   R2: icon_eu_data_bewolking.bin (7.9 MB)
   R2: icon_eu_data_cape.bin (2.6 MB)
   R2: icon_eu_data_cumul.bin (2.6 MB)
   R2: icon_eu_data_dauwpunt.bin (2.6 MB)
   R2: icon_eu_data_druk.bin (2.6 MB)
   R2: icon_eu_data_neerslag.bin (2.6 MB)
   R2: icon_eu_data_rv.bin (2.6 MB)
   R2: icon_eu_data_straling.bin (2.6 MB)
   R2: icon_eu_data_straling_direct.bin (2.6 MB)
   R2: icon_eu_data_temp.bin (2.6 MB)
   R2: icon_eu_data_wind.bin (5.2 MB)
   R2: icon_eu_data_windstoten.bin (5.2 MB)
R2 upload klaar.
Klaar.
Fri Jul  3 08:30:37 CEST 2026: === ICON-EU klaar ===
Fri Jul  3 14:30:03 CEST 2026: === ICON-EU update ===
ICON-EU: 61x94 = 5734 punten, 72 batches
Model: icon_eu, forecast_days=5, prefix=icon_eu
  batch 1/72 klaar
  batch 2/72 klaar
  batch 3/72 klaar
  batch 4/72 klaar
  batch 5/72 klaar
  batch 6/72 klaar
  batch 7/72 klaar
  batch 8/72 klaar
  batch 9/72 klaar
  batch 10/72 klaar
  batch 11/72 klaar
  batch 12/72 klaar
  batch 13/72 klaar
  batch 14/72 klaar
  batch 15/72 klaar
  batch 16/72 klaar
  batch 17/72 klaar
  batch 18/72 klaar
  batch 19/72 klaar
  batch 20/72 klaar
  batch 21/72 klaar
  batch 22/72 klaar
  batch 23/72 klaar
  batch 24/72 klaar
  batch 25/72 klaar
  batch 26/72 klaar
  batch 27/72 klaar
  batch 28/72 klaar
  batch 29/72 klaar
  batch 30/72 klaar
  batch 31/72 klaar
  batch 32/72 klaar
  batch 33/72 klaar
  batch 34/72 klaar
  batch 35/72 klaar
  batch 36/72 klaar
  batch 37/72 klaar
  batch 38/72 klaar
  batch 39/72 klaar
  batch 40/72 klaar
  batch 41/72 klaar
  batch 42/72 klaar
  batch 43/72 klaar
  batch 44/72 klaar
  batch 45/72 klaar
  batch 46/72 klaar
  batch 47/72 klaar
  batch 48/72 klaar
  batch 49/72 klaar
  batch 50/72 klaar
  batch 51/72 klaar
  batch 52/72 klaar
  batch 53/72 klaar
  batch 54/72 klaar
  batch 55/72 klaar
  batch 56/72 klaar
  batch 57/72 klaar
  batch 58/72 klaar
  batch 59/72 klaar
  batch 60/72 klaar
  batch 61/72 klaar
  batch 62/72 klaar
  batch 63/72 klaar
  batch 64/72 klaar
  batch 65/72 klaar
  batch 66/72 klaar
  batch 67/72 klaar
  batch 68/72 klaar
  batch 69/72 klaar
  batch 70/72 klaar
  batch 71/72 klaar
  batch 72/72 klaar
  Tijdstappen na trim: 120 (2026-07-03T00:00 t/m 2026-07-07T23:00)
  icon_eu_data_neerslag.bin: 2.6 MB
  icon_eu_data_cumul.bin: 2.6 MB
  icon_eu_data_temp.bin: 2.6 MB
  icon_eu_data_dauwpunt.bin: 2.6 MB
  icon_eu_data_rv.bin: 2.6 MB
  icon_eu_data_bewolking.bin: 7.9 MB
  icon_eu_data_wind.bin: 5.2 MB
  icon_eu_data_windstoten.bin: 5.2 MB
  icon_eu_data_druk.bin: 2.6 MB
  icon_eu_data_cape.bin: 2.6 MB
  icon_eu_data_straling.bin: 2.6 MB
  icon_eu_data_straling_direct.bin: 2.6 MB
  icon_eu_canvas_meta.json: 120 stappen, 2026-07-03T00:00 t/m 2026-07-07T23:00
   R2: icon_eu_canvas_meta.json (0.0 MB)
   R2: icon_eu_data_bewolking.bin (7.9 MB)
   R2: icon_eu_data_cape.bin (2.6 MB)
   R2: icon_eu_data_cumul.bin (2.6 MB)
   R2: icon_eu_data_dauwpunt.bin (2.6 MB)
   R2: icon_eu_data_druk.bin (2.6 MB)
   R2: icon_eu_data_neerslag.bin (2.6 MB)
   R2: icon_eu_data_rv.bin (2.6 MB)
   R2: icon_eu_data_straling.bin (2.6 MB)
   R2: icon_eu_data_straling_direct.bin (2.6 MB)
   R2: icon_eu_data_temp.bin (2.6 MB)
   R2: icon_eu_data_wind.bin (5.2 MB)
   R2: icon_eu_data_windstoten.bin (5.2 MB)
R2 upload klaar.
Klaar.
Fri Jul  3 14:30:31 CEST 2026: === ICON-EU klaar ===
Fri Jul  3 20:30:05 CEST 2026: === ICON-EU update ===
ICON-EU: 61x94 = 5734 punten, 72 batches
Model: icon_eu, forecast_days=5, prefix=icon_eu
  batch 1/72 klaar
  batch 2/72 klaar
  batch 3/72 klaar
  batch 4/72 klaar
  batch 5/72 klaar
  batch 6/72 klaar
  batch 7/72 klaar
  batch 8/72 klaar
  batch 9/72 klaar
  batch 10/72 klaar
  batch 11/72 klaar
  batch 12/72 klaar
  batch 13/72 klaar
  batch 14/72 klaar
  batch 15/72 klaar
  batch 16/72 klaar
  batch 17/72 klaar
  batch 18/72 klaar
  batch 19/72 klaar
  batch 20/72 klaar
  batch 21/72 klaar
  batch 22/72 klaar
  batch 23/72 klaar
  batch 24/72 klaar
  batch 25/72 klaar
  batch 26/72 klaar
  batch 27/72 klaar
  batch 28/72 klaar
  batch 29/72 klaar
  batch 30/72 klaar
  batch 31/72 klaar
  batch 32/72 klaar
  batch 33/72 klaar
  batch 34/72 klaar
  batch 35/72 klaar
  batch 36/72 klaar
  batch 37/72 klaar
  batch 38/72 klaar
  batch 39/72 klaar
  batch 40/72 klaar
  batch 41/72 klaar
  batch 42/72 klaar
  batch 43/72 klaar
  batch 44/72 klaar
  batch 45/72 klaar
  batch 46/72 klaar
  batch 47/72 klaar
  batch 48/72 klaar
  batch 49/72 klaar
  batch 50/72 klaar
  batch 51/72 klaar
  batch 52/72 klaar
  batch 53/72 klaar
  batch 54/72 klaar
  batch 55/72 klaar
  batch 56/72 klaar
  batch 57/72 klaar
  batch 58/72 klaar
  batch 59/72 klaar
  batch 60/72 klaar
  batch 61/72 klaar
  batch 62/72 klaar
  batch 63/72 klaar
  batch 64/72 klaar
  batch 65/72 klaar
  batch 66/72 klaar
  batch 67/72 klaar
  batch 68/72 klaar
  batch 69/72 klaar
  batch 70/72 klaar
  batch 71/72 klaar
  batch 72/72 klaar
  Tijdstappen na trim: 120 (2026-07-03T00:00 t/m 2026-07-07T23:00)
  icon_eu_data_neerslag.bin: 2.6 MB
  icon_eu_data_cumul.bin: 2.6 MB
  icon_eu_data_temp.bin: 2.6 MB
  icon_eu_data_dauwpunt.bin: 2.6 MB
  icon_eu_data_rv.bin: 2.6 MB
  icon_eu_data_bewolking.bin: 7.9 MB
  icon_eu_data_wind.bin: 5.2 MB
  icon_eu_data_windstoten.bin: 5.2 MB
  icon_eu_data_druk.bin: 2.6 MB
  icon_eu_data_cape.bin: 2.6 MB
  icon_eu_data_straling.bin: 2.6 MB
  icon_eu_data_straling_direct.bin: 2.6 MB
  icon_eu_canvas_meta.json: 120 stappen, 2026-07-03T00:00 t/m 2026-07-07T23:00
   R2: icon_eu_canvas_meta.json (0.0 MB)
   R2: icon_eu_data_bewolking.bin (7.9 MB)
   R2: icon_eu_data_cape.bin (2.6 MB)
   R2: icon_eu_data_cumul.bin (2.6 MB)
   R2: icon_eu_data_dauwpunt.bin (2.6 MB)
   R2: icon_eu_data_druk.bin (2.6 MB)
   R2: icon_eu_data_neerslag.bin (2.6 MB)
   R2: icon_eu_data_rv.bin (2.6 MB)
   R2: icon_eu_data_straling.bin (2.6 MB)
   R2: icon_eu_data_straling_direct.bin (2.6 MB)
   R2: icon_eu_data_temp.bin (2.6 MB)
   R2: icon_eu_data_wind.bin (5.2 MB)
   R2: icon_eu_data_windstoten.bin (5.2 MB)
R2 upload klaar.
Klaar.
Fri Jul  3 20:30:36 CEST 2026: === ICON-EU klaar ===
Sat Jul  4 02:30:05 CEST 2026: === ICON-EU update ===
ICON-EU: 61x94 = 5734 punten, 72 batches
Model: icon_eu, forecast_days=5, prefix=icon_eu
  batch 1/72 klaar
  batch 2/72 klaar
  batch 3/72 klaar
  batch 4/72 klaar
  batch 5/72 klaar
  batch 6/72 klaar
  batch 7/72 klaar
  batch 8/72 klaar
  batch 9/72 klaar
  batch 10/72 klaar
  batch 11/72 klaar
  batch 12/72 klaar
  batch 13/72 klaar
  batch 14/72 klaar
  batch 15/72 klaar
  batch 16/72 klaar
  batch 17/72 klaar
  batch 18/72 klaar
  batch 19/72 klaar
  batch 20/72 klaar
  batch 21/72 klaar
  batch 22/72 klaar
  batch 23/72 klaar
  batch 24/72 klaar
  batch 25/72 klaar
  batch 26/72 klaar
  batch 27/72 klaar
  batch 28/72 klaar
  batch 29/72 klaar
  batch 30/72 klaar
  batch 31/72 klaar
  batch 32/72 klaar
  batch 33/72 klaar
  batch 34/72 klaar
  batch 35/72 klaar
  batch 36/72 klaar
  batch 37/72 klaar
  batch 38/72 klaar
  batch 39/72 klaar
  batch 40/72 klaar
  batch 41/72 klaar
  batch 42/72 klaar
  batch 43/72 klaar
  batch 44/72 klaar
  batch 45/72 klaar
  batch 46/72 klaar
  batch 47/72 klaar
  batch 48/72 klaar
  batch 49/72 klaar
  batch 50/72 klaar
  batch 51/72 klaar
  batch 52/72 klaar
  batch 53/72 klaar
  batch 54/72 klaar
  batch 55/72 klaar
  batch 56/72 klaar
  batch 57/72 klaar
  batch 58/72 klaar
  batch 59/72 klaar
  batch 60/72 klaar
  batch 61/72 klaar
  batch 62/72 klaar
  batch 63/72 klaar
  batch 64/72 klaar
  batch 65/72 klaar
  batch 66/72 klaar
  batch 67/72 klaar
  batch 68/72 klaar
  batch 69/72 klaar
  batch 70/72 klaar
  batch 71/72 klaar
  batch 72/72 klaar
  Tijdstappen na trim: 120 (2026-07-04T00:00 t/m 2026-07-08T23:00)
  icon_eu_data_neerslag.bin: 2.6 MB
  icon_eu_data_cumul.bin: 2.6 MB
  icon_eu_data_temp.bin: 2.6 MB
  icon_eu_data_dauwpunt.bin: 2.6 MB
  icon_eu_data_rv.bin: 2.6 MB
  icon_eu_data_bewolking.bin: 7.9 MB
  icon_eu_data_wind.bin: 5.2 MB
  icon_eu_data_windstoten.bin: 5.2 MB
  icon_eu_data_druk.bin: 2.6 MB
  icon_eu_data_cape.bin: 2.6 MB
  icon_eu_data_straling.bin: 2.6 MB
  icon_eu_data_straling_direct.bin: 2.6 MB
  icon_eu_canvas_meta.json: 120 stappen, 2026-07-04T00:00 t/m 2026-07-08T23:00
   R2: icon_eu_canvas_meta.json (0.0 MB)
   R2: icon_eu_data_bewolking.bin (7.9 MB)
   R2: icon_eu_data_cape.bin (2.6 MB)
   R2: icon_eu_data_cumul.bin (2.6 MB)
   R2: icon_eu_data_dauwpunt.bin (2.6 MB)
   R2: icon_eu_data_druk.bin (2.6 MB)
   R2: icon_eu_data_neerslag.bin (2.6 MB)
   R2: icon_eu_data_rv.bin (2.6 MB)
   R2: icon_eu_data_straling.bin (2.6 MB)
   R2: icon_eu_data_straling_direct.bin (2.6 MB)
   R2: icon_eu_data_temp.bin (2.6 MB)
   R2: icon_eu_data_wind.bin (5.2 MB)
   R2: icon_eu_data_windstoten.bin (5.2 MB)
R2 upload klaar.
Klaar.
Sat Jul  4 02:30:31 CEST 2026: === ICON-EU klaar ===
Sat Jul  4 08:30:03 CEST 2026: === ICON-EU update ===
ICON-EU: 61x94 = 5734 punten, 72 batches
Model: icon_eu, forecast_days=5, prefix=icon_eu
  batch 1/72 klaar
  batch 2/72 klaar
  batch 3/72 klaar
  batch 4/72 klaar
  batch 5/72 klaar
  batch 6/72 klaar
  batch 7/72 klaar
  batch 8/72 klaar
  batch 9/72 klaar
  batch 10/72 klaar
  batch 11/72 klaar
  batch 12/72 klaar
  batch 13/72 klaar
  batch 14/72 klaar
  batch 15/72 klaar
  batch 16/72 klaar
  batch 17/72 klaar
  batch 18/72 klaar
  batch 19/72 klaar
  batch 20/72 klaar
  batch 21/72 klaar
  batch 22/72 klaar
  batch 23/72 klaar
  batch 24/72 klaar
  batch 25/72 klaar
  batch 26/72 klaar
  batch 27/72 klaar
  batch 28/72 klaar
  batch 29/72 klaar
  batch 30/72 klaar
  batch 31/72 klaar
  batch 32/72 klaar
  batch 33/72 klaar
  batch 34/72 klaar
  batch 35/72 klaar
  batch 36/72 klaar
  batch 37/72 klaar
  batch 38/72 klaar
  batch 39/72 klaar
  batch 40/72 klaar
  batch 41/72 klaar
  batch 42/72 klaar
  batch 43/72 klaar
  batch 44/72 klaar
  batch 45/72 klaar
  batch 46/72 klaar
  batch 47/72 klaar
  batch 48/72 klaar
  batch 49/72 klaar
  batch 50/72 klaar
  batch 51/72 klaar
  batch 52/72 klaar
  batch 53/72 klaar
  batch 54/72 klaar
  batch 55/72 klaar
  batch 56/72 klaar
  batch 57/72 klaar
  batch 58/72 klaar
  batch 59/72 klaar
  batch 60/72 klaar
  batch 61/72 klaar
  batch 62/72 klaar
  batch 63/72 klaar
  batch 64/72 klaar
  batch 65/72 klaar
  batch 66/72 klaar
  batch 67/72 klaar
  batch 68/72 klaar
  batch 69/72 klaar
  batch 70/72 klaar
  batch 71/72 klaar
  batch 72/72 klaar
  Tijdstappen na trim: 120 (2026-07-04T00:00 t/m 2026-07-08T23:00)
  icon_eu_data_neerslag.bin: 2.6 MB
  icon_eu_data_cumul.bin: 2.6 MB
  icon_eu_data_temp.bin: 2.6 MB
  icon_eu_data_dauwpunt.bin: 2.6 MB
  icon_eu_data_rv.bin: 2.6 MB
  icon_eu_data_bewolking.bin: 7.9 MB
  icon_eu_data_wind.bin: 5.2 MB
  icon_eu_data_windstoten.bin: 5.2 MB
  icon_eu_data_druk.bin: 2.6 MB
  icon_eu_data_cape.bin: 2.6 MB
  icon_eu_data_straling.bin: 2.6 MB
  icon_eu_data_straling_direct.bin: 2.6 MB
  icon_eu_canvas_meta.json: 120 stappen, 2026-07-04T00:00 t/m 2026-07-08T23:00
   R2: icon_eu_canvas_meta.json (0.0 MB)
   R2: icon_eu_data_bewolking.bin (7.9 MB)
   R2: icon_eu_data_cape.bin (2.6 MB)
   R2: icon_eu_data_cumul.bin (2.6 MB)
   R2: icon_eu_data_dauwpunt.bin (2.6 MB)
   R2: icon_eu_data_druk.bin (2.6 MB)
   R2: icon_eu_data_neerslag.bin (2.6 MB)
   R2: icon_eu_data_rv.bin (2.6 MB)
   R2: icon_eu_data_straling.bin (2.6 MB)
   R2: icon_eu_data_straling_direct.bin (2.6 MB)
   R2: icon_eu_data_temp.bin (2.6 MB)
   R2: icon_eu_data_wind.bin (5.2 MB)
   R2: icon_eu_data_windstoten.bin (5.2 MB)
R2 upload klaar.
Klaar.
Sat Jul  4 08:30:29 CEST 2026: === ICON-EU klaar ===
Sat Jul  4 14:30:03 CEST 2026: === ICON-EU update ===
ICON-EU: 61x94 = 5734 punten, 72 batches
Model: icon_eu, forecast_days=5, prefix=icon_eu
  batch 1/72 klaar
  batch 2/72 klaar
  batch 3/72 klaar
  batch 4/72 klaar
  batch 5/72 klaar
  batch 6/72 klaar
  batch 7/72 klaar
  batch 8/72 klaar
  batch 9/72 klaar
  batch 10/72 klaar
  batch 11/72 klaar
  batch 12/72 klaar
  batch 13/72 klaar
  batch 14/72 klaar
  batch 15/72 klaar
  batch 16/72 klaar
  batch 17/72 klaar
  batch 18/72 klaar
  batch 19/72 klaar
  batch 20/72 klaar
  batch 21/72 klaar
  batch 22/72 klaar
  batch 23/72 klaar
  batch 24/72 klaar
  batch 25/72 klaar
  batch 26/72 klaar
  batch 27/72 klaar
  batch 28/72 klaar
  batch 29/72 klaar
  batch 30/72 klaar
  batch 31/72 klaar
  batch 32/72 klaar
  batch 33/72 klaar
  batch 34/72 klaar
  batch 35/72 klaar
  batch 36/72 klaar
  batch 37/72 klaar
  batch 38/72 klaar
  batch 39/72 klaar
  batch 40/72 klaar
  batch 41/72 klaar
  batch 42/72 klaar
  batch 43/72 klaar
  batch 44/72 klaar
  batch 45/72 klaar
  batch 46/72 klaar
  batch 47/72 klaar
  batch 48/72 klaar
  batch 49/72 klaar
  batch 50/72 klaar
  batch 51/72 klaar
  batch 52/72 klaar
  batch 53/72 klaar
  batch 54/72 klaar
  batch 55/72 klaar
  batch 56/72 klaar
  batch 57/72 klaar
  batch 58/72 klaar
  batch 59/72 klaar
  batch 60/72 klaar
  batch 61/72 klaar
  batch 62/72 klaar
  batch 63/72 klaar
  batch 64/72 klaar
  batch 65/72 klaar
  batch 66/72 klaar
  batch 67/72 klaar
  batch 68/72 klaar
  batch 69/72 klaar
  batch 70/72 klaar
  batch 71/72 klaar
  batch 72/72 klaar
  Tijdstappen na trim: 120 (2026-07-04T00:00 t/m 2026-07-08T23:00)
  icon_eu_data_neerslag.bin: 2.6 MB
  icon_eu_data_cumul.bin: 2.6 MB
  icon_eu_data_temp.bin: 2.6 MB
  icon_eu_data_dauwpunt.bin: 2.6 MB
  icon_eu_data_rv.bin: 2.6 MB
  icon_eu_data_bewolking.bin: 7.9 MB
  icon_eu_data_wind.bin: 5.2 MB
  icon_eu_data_windstoten.bin: 5.2 MB
  icon_eu_data_druk.bin: 2.6 MB
  icon_eu_data_cape.bin: 2.6 MB
  icon_eu_data_straling.bin: 2.6 MB
  icon_eu_data_straling_direct.bin: 2.6 MB
  icon_eu_canvas_meta.json: 120 stappen, 2026-07-04T00:00 t/m 2026-07-08T23:00
   R2: icon_eu_canvas_meta.json (0.0 MB)
   R2: icon_eu_data_bewolking.bin (7.9 MB)
   R2: icon_eu_data_cape.bin (2.6 MB)
   R2: icon_eu_data_cumul.bin (2.6 MB)
   R2: icon_eu_data_dauwpunt.bin (2.6 MB)
   R2: icon_eu_data_druk.bin (2.6 MB)
   R2: icon_eu_data_neerslag.bin (2.6 MB)
   R2: icon_eu_data_rv.bin (2.6 MB)
   R2: icon_eu_data_straling.bin (2.6 MB)
   R2: icon_eu_data_straling_direct.bin (2.6 MB)
   R2: icon_eu_data_temp.bin (2.6 MB)
   R2: icon_eu_data_wind.bin (5.2 MB)
   R2: icon_eu_data_windstoten.bin (5.2 MB)
R2 upload klaar.
Klaar.
Sat Jul  4 14:30:31 CEST 2026: === ICON-EU klaar ===
Sat Jul  4 20:30:00 CEST 2026: === ICON-EU update ===
ICON-EU: 61x94 = 5734 punten, 72 batches
Model: icon_eu, forecast_days=5, prefix=icon_eu
  batch 1/72 klaar
  batch 2/72 klaar
  batch 3/72 klaar
  batch 4/72 klaar
  batch 5/72 klaar
  batch 6/72 klaar
  batch 7/72 klaar
  batch 8/72 klaar
  batch 9/72 klaar
  batch 10/72 klaar
  batch 11/72 klaar
  batch 12/72 klaar
  batch 13/72 klaar
  batch 14/72 klaar
  batch 15/72 klaar
  batch 16/72 klaar
  batch 17/72 klaar
  batch 18/72 klaar
  batch 19/72 klaar
  batch 20/72 klaar
  batch 21/72 klaar
  batch 22/72 klaar
  batch 23/72 klaar
  batch 24/72 klaar
  batch 25/72 klaar
  batch 26/72 klaar
  batch 27/72 klaar
  batch 28/72 klaar
  batch 29/72 klaar
  batch 30/72 klaar
  batch 31/72 klaar
  batch 32/72 klaar
  batch 33/72 klaar
  batch 34/72 klaar
  batch 35/72 klaar
  batch 36/72 klaar
  batch 37/72 klaar
  batch 38/72 klaar
  batch 39/72 klaar
  batch 40/72 klaar
  batch 41/72 klaar
  batch 42/72 klaar
  batch 43/72 klaar
  batch 44/72 klaar
  batch 45/72 klaar
  batch 46/72 klaar
  batch 47/72 klaar
  batch 48/72 klaar
  batch 49/72 klaar
  batch 50/72 klaar
  batch 51/72 klaar
  batch 52/72 klaar
  batch 53/72 klaar
  batch 54/72 klaar
  batch 55/72 klaar
  batch 56/72 klaar
  batch 57/72 klaar
  batch 58/72 klaar
  batch 59/72 klaar
  batch 60/72 klaar
  batch 61/72 klaar
  batch 62/72 klaar
  batch 63/72 klaar
  batch 64/72 klaar
  batch 65/72 klaar
  batch 66/72 klaar
  batch 67/72 klaar
  batch 68/72 klaar
  batch 69/72 klaar
  batch 70/72 klaar
  batch 71/72 klaar
  batch 72/72 klaar
  Tijdstappen na trim: 120 (2026-07-04T00:00 t/m 2026-07-08T23:00)
  icon_eu_data_neerslag.bin: 2.6 MB
  icon_eu_data_cumul.bin: 2.6 MB
  icon_eu_data_temp.bin: 2.6 MB
  icon_eu_data_dauwpunt.bin: 2.6 MB
  icon_eu_data_rv.bin: 2.6 MB
  icon_eu_data_bewolking.bin: 7.9 MB
  icon_eu_data_wind.bin: 5.2 MB
  icon_eu_data_windstoten.bin: 5.2 MB
  icon_eu_data_druk.bin: 2.6 MB
  icon_eu_data_cape.bin: 2.6 MB
  icon_eu_data_straling.bin: 2.6 MB
  icon_eu_data_straling_direct.bin: 2.6 MB
  icon_eu_canvas_meta.json: 120 stappen, 2026-07-04T00:00 t/m 2026-07-08T23:00
   R2: icon_eu_canvas_meta.json (0.0 MB)
   R2: icon_eu_data_bewolking.bin (7.9 MB)
   R2: icon_eu_data_cape.bin (2.6 MB)
   R2: icon_eu_data_cumul.bin (2.6 MB)
   R2: icon_eu_data_dauwpunt.bin (2.6 MB)
   R2: icon_eu_data_druk.bin (2.6 MB)
   R2: icon_eu_data_neerslag.bin (2.6 MB)
   R2: icon_eu_data_rv.bin (2.6 MB)
   R2: icon_eu_data_straling.bin (2.6 MB)
   R2: icon_eu_data_straling_direct.bin (2.6 MB)
   R2: icon_eu_data_temp.bin (2.6 MB)
   R2: icon_eu_data_wind.bin (5.2 MB)
   R2: icon_eu_data_windstoten.bin (5.2 MB)
R2 upload klaar.
Klaar.
Sat Jul  4 20:30:29 CEST 2026: === ICON-EU klaar ===
Sun Jul  5 02:30:00 CEST 2026: === ICON-EU update ===
ICON-EU: 61x94 = 5734 punten, 72 batches
Model: icon_eu, forecast_days=5, prefix=icon_eu
  batch 1/72 klaar
  batch 2/72 klaar
  batch 3/72 klaar
  batch 4/72 klaar
  batch 5/72 klaar
  batch 6/72 klaar
  batch 7/72 klaar
  batch 8/72 klaar
  batch 9/72 klaar
  batch 10/72 klaar
  batch 11/72 klaar
  batch 12/72 klaar
  batch 13/72 klaar
  batch 14/72 klaar
  batch 15/72 klaar
  batch 16/72 klaar
  batch 17/72 klaar
  batch 18/72 klaar
  batch 19/72 klaar
  batch 20/72 klaar
  batch 21/72 klaar
  batch 22/72 klaar
  batch 23/72 klaar
  batch 24/72 klaar
  batch 25/72 klaar
  batch 26/72 klaar
  batch 27/72 klaar
  batch 28/72 klaar
  batch 29/72 klaar
  batch 30/72 klaar
  batch 31/72 klaar
  batch 32/72 klaar
  batch 33/72 klaar
  batch 34/72 klaar
  batch 35/72 klaar
  batch 36/72 klaar
  batch 37/72 klaar
  batch 38/72 klaar
  batch 39/72 klaar
  batch 40/72 klaar
  batch 41/72 klaar
  batch 42/72 klaar
  batch 43/72 klaar
  batch 44/72 klaar
  batch 45/72 klaar
  batch 46/72 klaar
  batch 47/72 klaar
  batch 48/72 klaar
  batch 49/72 klaar
  batch 50/72 klaar
  batch 51/72 klaar
  batch 52/72 klaar
  batch 53/72 klaar
  batch 54/72 klaar
  batch 55/72 klaar
  batch 56/72 klaar
  batch 57/72 klaar
  batch 58/72 klaar
  batch 59/72 klaar
  batch 60/72 klaar
  batch 61/72 klaar
  batch 62/72 klaar
  batch 63/72 klaar
  batch 64/72 klaar
  batch 65/72 klaar
  batch 66/72 klaar
  batch 67/72 klaar
  batch 68/72 klaar
  batch 69/72 klaar
  batch 70/72 klaar
  batch 71/72 klaar
  batch 72/72 klaar
  Tijdstappen na trim: 120 (2026-07-05T00:00 t/m 2026-07-09T23:00)
  icon_eu_data_neerslag.bin: 2.6 MB
  icon_eu_data_cumul.bin: 2.6 MB
  icon_eu_data_temp.bin: 2.6 MB
  icon_eu_data_dauwpunt.bin: 2.6 MB
  icon_eu_data_rv.bin: 2.6 MB
  icon_eu_data_bewolking.bin: 7.9 MB
  icon_eu_data_wind.bin: 5.2 MB
  icon_eu_data_windstoten.bin: 5.2 MB
  icon_eu_data_druk.bin: 2.6 MB
  icon_eu_data_cape.bin: 2.6 MB
  icon_eu_data_straling.bin: 2.6 MB
  icon_eu_data_straling_direct.bin: 2.6 MB
  icon_eu_canvas_meta.json: 120 stappen, 2026-07-05T00:00 t/m 2026-07-09T23:00
   R2: icon_eu_canvas_meta.json (0.0 MB)
   R2: icon_eu_data_bewolking.bin (7.9 MB)
   R2: icon_eu_data_cape.bin (2.6 MB)
   R2: icon_eu_data_cumul.bin (2.6 MB)
   R2: icon_eu_data_dauwpunt.bin (2.6 MB)
   R2: icon_eu_data_druk.bin (2.6 MB)
   R2: icon_eu_data_neerslag.bin (2.6 MB)
   R2: icon_eu_data_rv.bin (2.6 MB)
   R2: icon_eu_data_straling.bin (2.6 MB)
   R2: icon_eu_data_straling_direct.bin (2.6 MB)
   R2: icon_eu_data_temp.bin (2.6 MB)
   R2: icon_eu_data_wind.bin (5.2 MB)
   R2: icon_eu_data_windstoten.bin (5.2 MB)
R2 upload klaar.
Klaar.
Sun Jul  5 02:30:28 CEST 2026: === ICON-EU klaar ===
Sun Jul  5 08:30:05 CEST 2026: === ICON-EU update ===
ICON-EU: 61x94 = 5734 punten, 72 batches
Model: icon_eu, forecast_days=5, prefix=icon_eu
  batch 1/72 klaar
  batch 2/72 klaar
  batch 3/72 klaar
  batch 4/72 klaar
  batch 5/72 klaar
  batch 6/72 klaar
  batch 7/72 klaar
  batch 8/72 klaar
  batch 9/72 klaar
  batch 10/72 klaar
  batch 11/72 klaar
  batch 12/72 klaar
  batch 13/72 klaar
  batch 14/72 klaar
  batch 15/72 klaar
  batch 16/72 klaar
  batch 17/72 klaar
  batch 18/72 klaar
  batch 19/72 klaar
  batch 20/72 klaar
  batch 21/72 klaar
  batch 22/72 klaar
  batch 23/72 klaar
  batch 24/72 klaar
  batch 25/72 klaar
  batch 26/72 klaar
  batch 27/72 klaar
  batch 28/72 klaar
  batch 29/72 klaar
  batch 30/72 klaar
  batch 31/72 klaar
  batch 32/72 klaar
  batch 33/72 klaar
  batch 34/72 klaar
  batch 35/72 klaar
  batch 36/72 klaar
  batch 37/72 klaar
  batch 38/72 klaar
  batch 39/72 klaar
  batch 40/72 klaar
  batch 41/72 klaar
  batch 42/72 klaar
  batch 43/72 klaar
  batch 44/72 klaar
  batch 45/72 klaar
  batch 46/72 klaar
  batch 47/72 klaar
  batch 48/72 klaar
  batch 49/72 klaar
  batch 50/72 klaar
  batch 51/72 klaar
  batch 52/72 klaar
  batch 53/72 klaar
  batch 54/72 klaar
  batch 55/72 klaar
  batch 56/72 klaar
  batch 57/72 klaar
  batch 58/72 klaar
  batch 59/72 klaar
  batch 60/72 klaar
  batch 61/72 klaar
  batch 62/72 klaar
  batch 63/72 klaar
  batch 64/72 klaar
  batch 65/72 klaar
  batch 66/72 klaar
  batch 67/72 klaar
  batch 68/72 klaar
  batch 69/72 klaar
  batch 70/72 klaar
  batch 71/72 klaar
  batch 72/72 klaar
  Tijdstappen na trim: 120 (2026-07-05T00:00 t/m 2026-07-09T23:00)
  icon_eu_data_neerslag.bin: 2.6 MB
  icon_eu_data_cumul.bin: 2.6 MB
  icon_eu_data_temp.bin: 2.6 MB
  icon_eu_data_dauwpunt.bin: 2.6 MB
  icon_eu_data_rv.bin: 2.6 MB
  icon_eu_data_bewolking.bin: 7.9 MB
  icon_eu_data_wind.bin: 5.2 MB
  icon_eu_data_windstoten.bin: 5.2 MB
  icon_eu_data_druk.bin: 2.6 MB
  icon_eu_data_cape.bin: 2.6 MB
  icon_eu_data_straling.bin: 2.6 MB
  icon_eu_data_straling_direct.bin: 2.6 MB
  icon_eu_canvas_meta.json: 120 stappen, 2026-07-05T00:00 t/m 2026-07-09T23:00
   R2: icon_eu_canvas_meta.json (0.0 MB)
   R2: icon_eu_data_bewolking.bin (7.9 MB)
   R2: icon_eu_data_cape.bin (2.6 MB)
   R2: icon_eu_data_cumul.bin (2.6 MB)
   R2: icon_eu_data_dauwpunt.bin (2.6 MB)
   R2: icon_eu_data_druk.bin (2.6 MB)
   R2: icon_eu_data_neerslag.bin (2.6 MB)
   R2: icon_eu_data_rv.bin (2.6 MB)
   R2: icon_eu_data_straling.bin (2.6 MB)
   R2: icon_eu_data_straling_direct.bin (2.6 MB)
   R2: icon_eu_data_temp.bin (2.6 MB)
   R2: icon_eu_data_wind.bin (5.2 MB)
   R2: icon_eu_data_windstoten.bin (5.2 MB)
R2 upload klaar.
Klaar.
Sun Jul  5 08:30:36 CEST 2026: === ICON-EU klaar ===
Sun Jul  5 14:30:04 CEST 2026: === ICON-EU update ===
ICON-EU: 61x94 = 5734 punten, 72 batches
Model: icon_eu, forecast_days=5, prefix=icon_eu
  batch 1/72 klaar
  batch 2/72 klaar
  batch 3/72 klaar
  batch 4/72 klaar
  batch 5/72 klaar
  batch 6/72 klaar
  batch 7/72 klaar
  batch 8/72 klaar
  batch 9/72 klaar
  batch 10/72 klaar
  batch 11/72 klaar
  batch 12/72 klaar
  batch 13/72 klaar
  batch 14/72 klaar
  batch 15/72 klaar
  batch 16/72 klaar
  batch 17/72 klaar
  batch 18/72 klaar
  batch 19/72 klaar
  batch 20/72 klaar
  batch 21/72 klaar
  batch 22/72 klaar
  batch 23/72 klaar
  batch 24/72 klaar
  batch 25/72 klaar
  batch 26/72 klaar
  batch 27/72 klaar
  batch 28/72 klaar
  batch 29/72 klaar
  batch 30/72 klaar
  batch 31/72 klaar
  batch 32/72 klaar
  batch 33/72 klaar
  batch 34/72 klaar
  batch 35/72 klaar
  batch 36/72 klaar
  batch 37/72 klaar
  batch 38/72 klaar
  batch 39/72 klaar
  batch 40/72 klaar
  batch 41/72 klaar
  batch 42/72 klaar
  batch 43/72 klaar
  batch 44/72 klaar
  batch 45/72 klaar
  batch 46/72 klaar
  batch 47/72 klaar
  batch 48/72 klaar
  batch 49/72 klaar
  batch 50/72 klaar
  batch 51/72 klaar
  batch 52/72 klaar
  batch 53/72 klaar
  batch 54/72 klaar
  batch 55/72 klaar
  batch 56/72 klaar
  batch 57/72 klaar
  batch 58/72 klaar
  batch 59/72 klaar
  batch 60/72 klaar
  batch 61/72 klaar
  batch 62/72 klaar
  batch 63/72 klaar
  batch 64/72 klaar
  batch 65/72 klaar
  batch 66/72 klaar
  batch 67/72 klaar
  batch 68/72 klaar
  batch 69/72 klaar
  batch 70/72 klaar
  batch 71/72 klaar
  batch 72/72 klaar
  Tijdstappen na trim: 120 (2026-07-05T00:00 t/m 2026-07-09T23:00)
  icon_eu_data_neerslag.bin: 2.6 MB
  icon_eu_data_cumul.bin: 2.6 MB
  icon_eu_data_temp.bin: 2.6 MB
  icon_eu_data_dauwpunt.bin: 2.6 MB
  icon_eu_data_rv.bin: 2.6 MB
  icon_eu_data_bewolking.bin: 7.9 MB
  icon_eu_data_wind.bin: 5.2 MB
  icon_eu_data_windstoten.bin: 5.2 MB
  icon_eu_data_druk.bin: 2.6 MB
  icon_eu_data_cape.bin: 2.6 MB
  icon_eu_data_straling.bin: 2.6 MB
  icon_eu_data_straling_direct.bin: 2.6 MB
  icon_eu_canvas_meta.json: 120 stappen, 2026-07-05T00:00 t/m 2026-07-09T23:00
   R2: icon_eu_canvas_meta.json (0.0 MB)
   R2: icon_eu_data_bewolking.bin (7.9 MB)
   R2: icon_eu_data_cape.bin (2.6 MB)
   R2: icon_eu_data_cumul.bin (2.6 MB)
   R2: icon_eu_data_dauwpunt.bin (2.6 MB)
   R2: icon_eu_data_druk.bin (2.6 MB)
   R2: icon_eu_data_neerslag.bin (2.6 MB)
   R2: icon_eu_data_rv.bin (2.6 MB)
   R2: icon_eu_data_straling.bin (2.6 MB)
   R2: icon_eu_data_straling_direct.bin (2.6 MB)
   R2: icon_eu_data_temp.bin (2.6 MB)
   R2: icon_eu_data_wind.bin (5.2 MB)
   R2: icon_eu_data_windstoten.bin (5.2 MB)
R2 upload klaar.
Klaar.
Sun Jul  5 14:30:33 CEST 2026: === ICON-EU klaar ===
Sun Jul  5 20:30:05 CEST 2026: === ICON-EU update ===
ICON-EU: 61x94 = 5734 punten, 72 batches
Model: icon_eu, forecast_days=5, prefix=icon_eu
  batch 1/72 klaar
  batch 2/72 klaar
  batch 3/72 klaar
  batch 4/72 klaar
  batch 5/72 klaar
  batch 6/72 klaar
  batch 7/72 klaar
  batch 8/72 klaar
  batch 9/72 klaar
  batch 10/72 klaar
  batch 11/72 klaar
  batch 12/72 klaar
  batch 13/72 klaar
  batch 14/72 klaar
  batch 15/72 klaar
  batch 16/72 klaar
  batch 17/72 klaar
  batch 18/72 klaar
  batch 19/72 klaar
  batch 20/72 klaar
  batch 21/72 klaar
  batch 22/72 klaar
  batch 23/72 klaar
  batch 24/72 klaar
  batch 25/72 klaar
  batch 26/72 klaar
  batch 27/72 klaar
  batch 28/72 klaar
  batch 29/72 klaar
  batch 30/72 klaar
  batch 31/72 klaar
  batch 32/72 klaar
  batch 33/72 klaar
  batch 34/72 klaar
  batch 35/72 klaar
  batch 36/72 klaar
  batch 37/72 klaar
  batch 38/72 klaar
  batch 39/72 klaar
  batch 40/72 klaar
  batch 41/72 klaar
  batch 42/72 klaar
  batch 43/72 klaar
  batch 44/72 klaar
  batch 45/72 klaar
  batch 46/72 klaar
  batch 47/72 klaar
  batch 48/72 klaar
  batch 49/72 klaar
  batch 50/72 klaar
  batch 51/72 klaar
  batch 52/72 klaar
  batch 53/72 klaar
  batch 54/72 klaar
  batch 55/72 klaar
  batch 56/72 klaar
  batch 57/72 klaar
  batch 58/72 klaar
  batch 59/72 klaar
  batch 60/72 klaar
  batch 61/72 klaar
  batch 62/72 klaar
  batch 63/72 klaar
  batch 64/72 klaar
  batch 65/72 klaar
  batch 66/72 klaar
  batch 67/72 klaar
  batch 68/72 klaar
  batch 69/72 klaar
  batch 70/72 klaar
  batch 71/72 klaar
  batch 72/72 klaar
  Tijdstappen na trim: 120 (2026-07-05T00:00 t/m 2026-07-09T23:00)
  icon_eu_data_neerslag.bin: 2.6 MB
  icon_eu_data_cumul.bin: 2.6 MB
  icon_eu_data_temp.bin: 2.6 MB
  icon_eu_data_dauwpunt.bin: 2.6 MB
  icon_eu_data_rv.bin: 2.6 MB
  icon_eu_data_bewolking.bin: 7.9 MB
  icon_eu_data_wind.bin: 5.2 MB
  icon_eu_data_windstoten.bin: 5.2 MB
  icon_eu_data_druk.bin: 2.6 MB
  icon_eu_data_cape.bin: 2.6 MB
  icon_eu_data_straling.bin: 2.6 MB
  icon_eu_data_straling_direct.bin: 2.6 MB
  icon_eu_canvas_meta.json: 120 stappen, 2026-07-05T00:00 t/m 2026-07-09T23:00
   R2: icon_eu_canvas_meta.json (0.0 MB)
   R2: icon_eu_data_bewolking.bin (7.9 MB)
   R2: icon_eu_data_cape.bin (2.6 MB)
   R2: icon_eu_data_cumul.bin (2.6 MB)
   R2: icon_eu_data_dauwpunt.bin (2.6 MB)
   R2: icon_eu_data_druk.bin (2.6 MB)
   R2: icon_eu_data_neerslag.bin (2.6 MB)
   R2: icon_eu_data_rv.bin (2.6 MB)
   R2: icon_eu_data_straling.bin (2.6 MB)
   R2: icon_eu_data_straling_direct.bin (2.6 MB)
   R2: icon_eu_data_temp.bin (2.6 MB)
   R2: icon_eu_data_wind.bin (5.2 MB)
   R2: icon_eu_data_windstoten.bin (5.2 MB)
R2 upload klaar.
Klaar.
Sun Jul  5 20:30:34 CEST 2026: === ICON-EU klaar ===
Mon Jul  6 02:30:05 CEST 2026: === ICON-EU update ===
ICON-EU: 61x94 = 5734 punten, 72 batches
Model: icon_eu, forecast_days=5, prefix=icon_eu
  batch 1/72 klaar
  batch 2/72 klaar
  batch 3/72 klaar
  batch 4/72 klaar
  batch 5/72 klaar
  batch 6/72 klaar
  batch 7/72 klaar
  batch 8/72 klaar
  batch 9/72 klaar
  batch 10/72 klaar
  batch 11/72 klaar
  batch 12/72 klaar
  batch 13/72 klaar
  batch 14/72 klaar
  batch 15/72 klaar
  batch 16/72 klaar
  batch 17/72 klaar
  batch 18/72 klaar
  batch 19/72 klaar
  batch 20/72 klaar
  batch 21/72 klaar
  batch 22/72 klaar
  batch 23/72 klaar
  batch 24/72 klaar
  batch 25/72 klaar
  batch 26/72 klaar
  batch 27/72 klaar
  batch 28/72 klaar
  batch 29/72 klaar
  batch 30/72 klaar
  batch 31/72 klaar
  batch 32/72 klaar
  batch 33/72 klaar
  batch 34/72 klaar
  batch 35/72 klaar
  batch 36/72 klaar
  batch 37/72 klaar
  batch 38/72 klaar
  batch 39/72 klaar
  batch 40/72 klaar
  batch 41/72 klaar
  batch 42/72 klaar
  batch 43/72 klaar
  batch 44/72 klaar
  batch 45/72 klaar
  batch 46/72 klaar
  batch 47/72 klaar
  batch 48/72 klaar
  batch 49/72 klaar
  batch 50/72 klaar
  batch 51/72 klaar
  batch 52/72 klaar
  batch 53/72 klaar
  batch 54/72 klaar
  batch 55/72 klaar
  batch 56/72 klaar
  batch 57/72 klaar
  batch 58/72 klaar
  batch 59/72 klaar
  batch 60/72 klaar
  batch 61/72 klaar
  batch 62/72 klaar
  batch 63/72 klaar
  batch 64/72 klaar
  batch 65/72 klaar
  batch 66/72 klaar
  batch 67/72 klaar
  batch 68/72 klaar
  batch 69/72 klaar
  batch 70/72 klaar
  batch 71/72 klaar
  batch 72/72 klaar
  Tijdstappen na trim: 120 (2026-07-06T00:00 t/m 2026-07-10T23:00)
  icon_eu_data_neerslag.bin: 2.6 MB
  icon_eu_data_cumul.bin: 2.6 MB
  icon_eu_data_temp.bin: 2.6 MB
  icon_eu_data_dauwpunt.bin: 2.6 MB
  icon_eu_data_rv.bin: 2.6 MB
  icon_eu_data_bewolking.bin: 7.9 MB
  icon_eu_data_wind.bin: 5.2 MB
  icon_eu_data_windstoten.bin: 5.2 MB
  icon_eu_data_druk.bin: 2.6 MB
  icon_eu_data_cape.bin: 2.6 MB
  icon_eu_data_straling.bin: 2.6 MB
  icon_eu_data_straling_direct.bin: 2.6 MB
  icon_eu_canvas_meta.json: 120 stappen, 2026-07-06T00:00 t/m 2026-07-10T23:00
   R2: icon_eu_canvas_meta.json (0.0 MB)
   R2: icon_eu_data_bewolking.bin (7.9 MB)
   R2: icon_eu_data_cape.bin (2.6 MB)
   R2: icon_eu_data_cumul.bin (2.6 MB)
   R2: icon_eu_data_dauwpunt.bin (2.6 MB)
   R2: icon_eu_data_druk.bin (2.6 MB)
   R2: icon_eu_data_neerslag.bin (2.6 MB)
   R2: icon_eu_data_rv.bin (2.6 MB)
   R2: icon_eu_data_straling.bin (2.6 MB)
   R2: icon_eu_data_straling_direct.bin (2.6 MB)
   R2: icon_eu_data_temp.bin (2.6 MB)
   R2: icon_eu_data_wind.bin (5.2 MB)
   R2: icon_eu_data_windstoten.bin (5.2 MB)
R2 upload klaar.
Klaar.
Mon Jul  6 02:30:33 CEST 2026: === ICON-EU klaar ===
Mon Jul  6 08:30:04 CEST 2026: === ICON-EU update ===
ICON-EU: 61x94 = 5734 punten, 72 batches
Model: icon_eu, forecast_days=5, prefix=icon_eu
  batch 1/72 klaar
  batch 2/72 klaar
  batch 3/72 klaar
  batch 4/72 klaar
  batch 5/72 klaar
  batch 6/72 klaar
  batch 7/72 klaar
  batch 8/72 klaar
  batch 9/72 klaar
  batch 10/72 klaar
  batch 11/72 klaar
  batch 12/72 klaar
  batch 13/72 klaar
  batch 14/72 klaar
  batch 15/72 klaar
  batch 16/72 klaar
  batch 17/72 klaar
  batch 18/72 klaar
  batch 19/72 klaar
  batch 20/72 klaar
  batch 21/72 klaar
  batch 22/72 klaar
  batch 23/72 klaar
  batch 24/72 klaar
  batch 25/72 klaar
  batch 26/72 klaar
  batch 27/72 klaar
  batch 28/72 klaar
  batch 29/72 klaar
  batch 30/72 klaar
  batch 31/72 klaar
  batch 32/72 klaar
  batch 33/72 klaar
  batch 34/72 klaar
  batch 35/72 klaar
  batch 36/72 klaar
  batch 37/72 klaar
  batch 38/72 klaar
  batch 39/72 klaar
  batch 40/72 klaar
  batch 41/72 klaar
  batch 42/72 klaar
  batch 43/72 klaar
  batch 44/72 klaar
  batch 45/72 klaar
  batch 46/72 klaar
  batch 47/72 klaar
  batch 48/72 klaar
  batch 49/72 klaar
  batch 50/72 klaar
  batch 51/72 klaar
  batch 52/72 klaar
  batch 53/72 klaar
  batch 54/72 klaar
  batch 55/72 klaar
  batch 56/72 klaar
  batch 57/72 klaar
  batch 58/72 klaar
  batch 59/72 klaar
  batch 60/72 klaar
  batch 61/72 klaar
  batch 62/72 klaar
  batch 63/72 klaar
  batch 64/72 klaar
  batch 65/72 klaar
  batch 66/72 klaar
  batch 67/72 klaar
  batch 68/72 klaar
  batch 69/72 klaar
  batch 70/72 klaar
  batch 71/72 klaar
  batch 72/72 klaar
  Tijdstappen na trim: 120 (2026-07-06T00:00 t/m 2026-07-10T23:00)
  icon_eu_data_neerslag.bin: 2.6 MB
  icon_eu_data_cumul.bin: 2.6 MB
  icon_eu_data_temp.bin: 2.6 MB
  icon_eu_data_dauwpunt.bin: 2.6 MB
  icon_eu_data_rv.bin: 2.6 MB
  icon_eu_data_bewolking.bin: 7.9 MB
  icon_eu_data_wind.bin: 5.2 MB
  icon_eu_data_windstoten.bin: 5.2 MB
  icon_eu_data_druk.bin: 2.6 MB
  icon_eu_data_cape.bin: 2.6 MB
  icon_eu_data_straling.bin: 2.6 MB
  icon_eu_data_straling_direct.bin: 2.6 MB
  icon_eu_canvas_meta.json: 120 stappen, 2026-07-06T00:00 t/m 2026-07-10T23:00
   R2: icon_eu_canvas_meta.json (0.0 MB)
   R2: icon_eu_data_bewolking.bin (7.9 MB)
   R2: icon_eu_data_cape.bin (2.6 MB)
   R2: icon_eu_data_cumul.bin (2.6 MB)
   R2: icon_eu_data_dauwpunt.bin (2.6 MB)
   R2: icon_eu_data_druk.bin (2.6 MB)
   R2: icon_eu_data_neerslag.bin (2.6 MB)
   R2: icon_eu_data_rv.bin (2.6 MB)
   R2: icon_eu_data_straling.bin (2.6 MB)
   R2: icon_eu_data_straling_direct.bin (2.6 MB)
   R2: icon_eu_data_temp.bin (2.6 MB)
   R2: icon_eu_data_wind.bin (5.2 MB)
   R2: icon_eu_data_windstoten.bin (5.2 MB)
R2 upload klaar.
Klaar.
Mon Jul  6 08:30:31 CEST 2026: === ICON-EU klaar ===
Mon Jul  6 14:30:05 CEST 2026: === ICON-EU update ===
ICON-EU: 61x94 = 5734 punten, 72 batches
Model: icon_eu, forecast_days=5, prefix=icon_eu
  batch 1/72 klaar
  batch 2/72 klaar
  batch 3/72 klaar
  batch 4/72 klaar
  batch 5/72 klaar
  batch 6/72 klaar
  batch 7/72 klaar
  batch 8/72 klaar
  batch 9/72 klaar
  batch 10/72 klaar
  batch 11/72 klaar
  batch 12/72 klaar
  batch 13/72 klaar
  batch 14/72 klaar
  batch 15/72 klaar
  batch 16/72 klaar
  batch 17/72 klaar
  batch 18/72 klaar
  batch 19/72 klaar
  batch 20/72 klaar
  batch 21/72 klaar
  batch 22/72 klaar
  batch 23/72 klaar
  batch 24/72 klaar
  batch 25/72 klaar
  batch 26/72 klaar
  batch 27/72 klaar
  batch 28/72 klaar
  batch 29/72 klaar
  batch 30/72 klaar
  batch 31/72 klaar
  batch 32/72 klaar
  batch 33/72 klaar
  batch 34/72 klaar
  batch 35/72 klaar
  batch 36/72 klaar
  batch 37/72 klaar
  batch 38/72 klaar
  batch 39/72 klaar
  batch 40/72 klaar
  batch 41/72 klaar
  batch 42/72 klaar
  batch 43/72 klaar
  batch 44/72 klaar
  batch 45/72 klaar
  batch 46/72 klaar
  batch 47/72 klaar
  batch 48/72 klaar
  batch 49/72 klaar
  batch 50/72 klaar
  batch 51/72 klaar
  batch 52/72 klaar
  batch 53/72 klaar
  batch 54/72 klaar
  batch 55/72 klaar
  batch 56/72 klaar
  batch 57/72 klaar
  batch 58/72 klaar
  batch 59/72 klaar
  batch 60/72 klaar
  batch 61/72 klaar
  batch 62/72 klaar
  batch 63/72 klaar
  batch 64/72 klaar
  batch 65/72 klaar
  batch 66/72 klaar
  batch 67/72 klaar
  batch 68/72 klaar
  batch 69/72 klaar
  batch 70/72 klaar
  batch 71/72 klaar
  batch 72/72 klaar
  Tijdstappen na trim: 120 (2026-07-06T00:00 t/m 2026-07-10T23:00)
  icon_eu_data_neerslag.bin: 2.6 MB
  icon_eu_data_cumul.bin: 2.6 MB
  icon_eu_data_temp.bin: 2.6 MB
  icon_eu_data_dauwpunt.bin: 2.6 MB
  icon_eu_data_rv.bin: 2.6 MB
  icon_eu_data_bewolking.bin: 7.9 MB
  icon_eu_data_wind.bin: 5.2 MB
  icon_eu_data_windstoten.bin: 5.2 MB
  icon_eu_data_druk.bin: 2.6 MB
  icon_eu_data_cape.bin: 2.6 MB
  icon_eu_data_straling.bin: 2.6 MB
  icon_eu_data_straling_direct.bin: 2.6 MB
  icon_eu_canvas_meta.json: 120 stappen, 2026-07-06T00:00 t/m 2026-07-10T23:00
   R2: icon_eu_canvas_meta.json (0.0 MB)
   R2: icon_eu_data_bewolking.bin (7.9 MB)
   R2: icon_eu_data_cape.bin (2.6 MB)
   R2: icon_eu_data_cumul.bin (2.6 MB)
   R2: icon_eu_data_dauwpunt.bin (2.6 MB)
   R2: icon_eu_data_druk.bin (2.6 MB)
   R2: icon_eu_data_neerslag.bin (2.6 MB)
   R2: icon_eu_data_rv.bin (2.6 MB)
   R2: icon_eu_data_straling.bin (2.6 MB)
   R2: icon_eu_data_straling_direct.bin (2.6 MB)
   R2: icon_eu_data_temp.bin (2.6 MB)
   R2: icon_eu_data_wind.bin (5.2 MB)
   R2: icon_eu_data_windstoten.bin (5.2 MB)
R2 upload klaar.
Klaar.
Mon Jul  6 14:30:34 CEST 2026: === ICON-EU klaar ===
Mon Jul  6 20:30:05 CEST 2026: === ICON-EU update ===
ICON-EU: 61x94 = 5734 punten, 72 batches
Model: icon_eu, forecast_days=5, prefix=icon_eu
  batch 1/72 klaar
  batch 2/72 klaar
  batch 3/72 klaar
  batch 4/72 klaar
  batch 5/72 klaar
  batch 6/72 klaar
  batch 7/72 klaar
  batch 8/72 klaar
  batch 9/72 klaar
  batch 10/72 klaar
  batch 11/72 klaar
  batch 12/72 klaar
  batch 13/72 klaar
  batch 14/72 klaar
  batch 15/72 klaar
  batch 16/72 klaar
  batch 17/72 klaar
  batch 18/72 klaar
  batch 19/72 klaar
  batch 20/72 klaar
  batch 21/72 klaar
  batch 22/72 klaar
  batch 23/72 klaar
  batch 24/72 klaar
  batch 25/72 klaar
  batch 26/72 klaar
  batch 27/72 klaar
  batch 28/72 klaar
  batch 29/72 klaar
  batch 30/72 klaar
  batch 31/72 klaar
  batch 32/72 klaar
  batch 33/72 klaar
  batch 34/72 klaar
  batch 35/72 klaar
  batch 36/72 klaar
  batch 37/72 klaar
  batch 38/72 klaar
  batch 39/72 klaar
  batch 40/72 klaar
  batch 41/72 klaar
  batch 42/72 klaar
  batch 43/72 klaar
  batch 44/72 klaar
  batch 45/72 klaar
  batch 46/72 klaar
  batch 47/72 klaar
  batch 48/72 klaar
  batch 49/72 klaar
  batch 50/72 klaar
  batch 51/72 klaar
  batch 52/72 klaar
  batch 53/72 klaar
  batch 54/72 klaar
  batch 55/72 klaar
  batch 56/72 klaar
  batch 57/72 klaar
  batch 58/72 klaar
  batch 59/72 klaar
  batch 60/72 klaar
  batch 61/72 klaar
  batch 62/72 klaar
  batch 63/72 klaar
  batch 64/72 klaar
  batch 65/72 klaar
  batch 66/72 klaar
  batch 67/72 klaar
  batch 68/72 klaar
  batch 69/72 klaar
  batch 70/72 klaar
  batch 71/72 klaar
  batch 72/72 klaar
  Tijdstappen na trim: 120 (2026-07-06T00:00 t/m 2026-07-10T23:00)
  icon_eu_data_neerslag.bin: 2.6 MB
  icon_eu_data_cumul.bin: 2.6 MB
  icon_eu_data_temp.bin: 2.6 MB
  icon_eu_data_dauwpunt.bin: 2.6 MB
  icon_eu_data_rv.bin: 2.6 MB
  icon_eu_data_bewolking.bin: 7.9 MB
  icon_eu_data_wind.bin: 5.2 MB
  icon_eu_data_windstoten.bin: 5.2 MB
  icon_eu_data_druk.bin: 2.6 MB
  icon_eu_data_cape.bin: 2.6 MB
  icon_eu_data_straling.bin: 2.6 MB
  icon_eu_data_straling_direct.bin: 2.6 MB
  icon_eu_canvas_meta.json: 120 stappen, 2026-07-06T00:00 t/m 2026-07-10T23:00
   R2: icon_eu_canvas_meta.json (0.0 MB)
   R2: icon_eu_data_bewolking.bin (7.9 MB)
   R2: icon_eu_data_cape.bin (2.6 MB)
   R2: icon_eu_data_cumul.bin (2.6 MB)
   R2: icon_eu_data_dauwpunt.bin (2.6 MB)
   R2: icon_eu_data_druk.bin (2.6 MB)
   R2: icon_eu_data_neerslag.bin (2.6 MB)
   R2: icon_eu_data_rv.bin (2.6 MB)
   R2: icon_eu_data_straling.bin (2.6 MB)
   R2: icon_eu_data_straling_direct.bin (2.6 MB)
   R2: icon_eu_data_temp.bin (2.6 MB)
   R2: icon_eu_data_wind.bin (5.2 MB)
   R2: icon_eu_data_windstoten.bin (5.2 MB)
R2 upload klaar.
Klaar.
Mon Jul  6 20:30:35 CEST 2026: === ICON-EU klaar ===
Tue Jul  7 02:30:04 CEST 2026: === ICON-EU update ===
ICON-EU: 61x94 = 5734 punten, 72 batches
Model: icon_eu, forecast_days=5, prefix=icon_eu
  batch 1/72 klaar
  batch 2/72 klaar
  batch 3/72 klaar
  batch 4/72 klaar
  batch 5/72 klaar
  batch 6/72 klaar
  batch 7/72 klaar
  batch 8/72 klaar
  batch 9/72 klaar
  batch 10/72 klaar
  batch 11/72 klaar
  batch 12/72 klaar
  batch 13/72 klaar
  batch 14/72 klaar
  batch 15/72 klaar
  batch 16/72 klaar
  batch 17/72 klaar
  batch 18/72 klaar
  batch 19/72 klaar
  batch 20/72 klaar
  batch 21/72 klaar
  batch 22/72 klaar
  batch 23/72 klaar
  batch 24/72 klaar
  batch 25/72 klaar
  batch 26/72 klaar
  batch 27/72 klaar
  batch 28/72 klaar
  batch 29/72 klaar
  batch 30/72 klaar
  batch 31/72 klaar
  batch 32/72 klaar
  batch 33/72 klaar
  batch 34/72 klaar
  batch 35/72 klaar
  batch 36/72 klaar
  batch 37/72 klaar
  batch 38/72 klaar
  batch 39/72 klaar
  batch 40/72 klaar
  batch 41/72 klaar
  batch 42/72 klaar
  batch 43/72 klaar
  batch 44/72 klaar
  batch 45/72 klaar
  batch 46/72 klaar
  batch 47/72 klaar
  batch 48/72 klaar
  batch 49/72 klaar
  batch 50/72 klaar
  batch 51/72 klaar
  batch 52/72 klaar
  batch 53/72 klaar
  batch 54/72 klaar
  batch 55/72 klaar
  batch 56/72 klaar
  batch 57/72 klaar
  batch 58/72 klaar
  batch 59/72 klaar
  batch 60/72 klaar
  batch 61/72 klaar
  batch 62/72 klaar
  batch 63/72 klaar
  batch 64/72 klaar
  batch 65/72 klaar
  batch 66/72 klaar
  batch 67/72 klaar
  batch 68/72 klaar
  batch 69/72 klaar
  batch 70/72 klaar
  batch 71/72 klaar
  batch 72/72 klaar
  Tijdstappen na trim: 120 (2026-07-07T00:00 t/m 2026-07-11T23:00)
  icon_eu_data_neerslag.bin: 2.6 MB
  icon_eu_data_cumul.bin: 2.6 MB
  icon_eu_data_temp.bin: 2.6 MB
  icon_eu_data_dauwpunt.bin: 2.6 MB
  icon_eu_data_rv.bin: 2.6 MB
  icon_eu_data_bewolking.bin: 7.9 MB
  icon_eu_data_wind.bin: 5.2 MB
  icon_eu_data_windstoten.bin: 5.2 MB
  icon_eu_data_druk.bin: 2.6 MB
  icon_eu_data_cape.bin: 2.6 MB
  icon_eu_data_straling.bin: 2.6 MB
  icon_eu_data_straling_direct.bin: 2.6 MB
  icon_eu_canvas_meta.json: 120 stappen, 2026-07-07T00:00 t/m 2026-07-11T23:00
   R2: icon_eu_canvas_meta.json (0.0 MB)
   R2: icon_eu_data_bewolking.bin (7.9 MB)
   R2: icon_eu_data_cape.bin (2.6 MB)
   R2: icon_eu_data_cumul.bin (2.6 MB)
   R2: icon_eu_data_dauwpunt.bin (2.6 MB)
   R2: icon_eu_data_druk.bin (2.6 MB)
   R2: icon_eu_data_neerslag.bin (2.6 MB)
   R2: icon_eu_data_rv.bin (2.6 MB)
   R2: icon_eu_data_straling.bin (2.6 MB)
   R2: icon_eu_data_straling_direct.bin (2.6 MB)
   R2: icon_eu_data_temp.bin (2.6 MB)
   R2: icon_eu_data_wind.bin (5.2 MB)
   R2: icon_eu_data_windstoten.bin (5.2 MB)
R2 upload klaar.
Klaar.
Tue Jul  7 02:30:33 CEST 2026: === ICON-EU klaar ===
Tue Jul  7 08:30:05 CEST 2026: === ICON-EU update ===
ICON-EU: 61x94 = 5734 punten, 72 batches
Model: icon_eu, forecast_days=5, prefix=icon_eu
  batch 1/72 klaar
  batch 2/72 klaar
  batch 3/72 klaar
  batch 4/72 klaar
  batch 5/72 klaar
  batch 6/72 klaar
  batch 7/72 klaar
  batch 8/72 klaar
  batch 9/72 klaar
  batch 10/72 klaar
  batch 11/72 klaar
  batch 12/72 klaar
  batch 13/72 klaar
  batch 14/72 klaar
  batch 15/72 klaar
  batch 16/72 klaar
  batch 17/72 klaar
  batch 18/72 klaar
  batch 19/72 klaar
  batch 20/72 klaar
  batch 21/72 klaar
  batch 22/72 klaar
  batch 23/72 klaar
  batch 24/72 klaar
  batch 25/72 klaar
  batch 26/72 klaar
  batch 27/72 klaar
  batch 28/72 klaar
  batch 29/72 klaar
  batch 30/72 klaar
  batch 31/72 klaar
  batch 32/72 klaar
  batch 33/72 klaar
  batch 34/72 klaar
  batch 35/72 klaar
  batch 36/72 klaar
  batch 37/72 klaar
  batch 38/72 klaar
  batch 39/72 klaar
  batch 40/72 klaar
  batch 41/72 klaar
  batch 42/72 klaar
  batch 43/72 klaar
  batch 44/72 klaar
  batch 45/72 klaar
  batch 46/72 klaar
  batch 47/72 klaar
  batch 48/72 klaar
  batch 49/72 klaar
  batch 50/72 klaar
  batch 51/72 klaar
  batch 52/72 klaar
  batch 53/72 klaar
  batch 54/72 klaar
  batch 55/72 klaar
  batch 56/72 klaar
  batch 57/72 klaar
  batch 58/72 klaar
  batch 59/72 klaar
  batch 60/72 klaar
  batch 61/72 klaar
  batch 62/72 klaar
  batch 63/72 klaar
  batch 64/72 klaar
  batch 65/72 klaar
  batch 66/72 klaar
  batch 67/72 klaar
  batch 68/72 klaar
  batch 69/72 klaar
  batch 70/72 klaar
  batch 71/72 klaar
  batch 72/72 klaar
  Tijdstappen na trim: 120 (2026-07-07T00:00 t/m 2026-07-11T23:00)
  icon_eu_data_neerslag.bin: 2.6 MB
  icon_eu_data_cumul.bin: 2.6 MB
  icon_eu_data_temp.bin: 2.6 MB
  icon_eu_data_dauwpunt.bin: 2.6 MB
  icon_eu_data_rv.bin: 2.6 MB
  icon_eu_data_bewolking.bin: 7.9 MB
  icon_eu_data_wind.bin: 5.2 MB
  icon_eu_data_windstoten.bin: 5.2 MB
  icon_eu_data_druk.bin: 2.6 MB
  icon_eu_data_cape.bin: 2.6 MB
  icon_eu_data_straling.bin: 2.6 MB
  icon_eu_data_straling_direct.bin: 2.6 MB
  icon_eu_canvas_meta.json: 120 stappen, 2026-07-07T00:00 t/m 2026-07-11T23:00
   R2: icon_eu_canvas_meta.json (0.0 MB)
   R2: icon_eu_data_bewolking.bin (7.9 MB)
   R2: icon_eu_data_cape.bin (2.6 MB)
   R2: icon_eu_data_cumul.bin (2.6 MB)
   R2: icon_eu_data_dauwpunt.bin (2.6 MB)
   R2: icon_eu_data_druk.bin (2.6 MB)
   R2: icon_eu_data_neerslag.bin (2.6 MB)
   R2: icon_eu_data_rv.bin (2.6 MB)
   R2: icon_eu_data_straling.bin (2.6 MB)
   R2: icon_eu_data_straling_direct.bin (2.6 MB)
   R2: icon_eu_data_temp.bin (2.6 MB)
   R2: icon_eu_data_wind.bin (5.2 MB)
   R2: icon_eu_data_windstoten.bin (5.2 MB)
R2 upload klaar.
Klaar.
Tue Jul  7 08:30:33 CEST 2026: === ICON-EU klaar ===
Tue Jul  7 14:30:05 CEST 2026: === ICON-EU update ===
ICON-EU: 61x94 = 5734 punten, 72 batches
Model: icon_eu, forecast_days=5, prefix=icon_eu
  batch 1/72 klaar
  batch 2/72 klaar
  batch 3/72 klaar
  batch 4/72 klaar
  batch 5/72 klaar
  batch 6/72 klaar
  batch 7/72 klaar
  batch 8/72 klaar
  batch 9/72 klaar
  batch 10/72 klaar
  batch 11/72 klaar
  batch 12/72 klaar
  batch 13/72 klaar
  batch 14/72 klaar
  batch 15/72 klaar
  batch 16/72 klaar
  batch 17/72 klaar
  batch 18/72 klaar
  batch 19/72 klaar
  batch 20/72 klaar
  batch 21/72 klaar
  batch 22/72 klaar
  batch 23/72 klaar
  batch 24/72 klaar
  batch 25/72 klaar
  batch 26/72 klaar
  batch 27/72 klaar
  batch 28/72 klaar
  batch 29/72 klaar
  batch 30/72 klaar
  batch 31/72 klaar
  batch 32/72 klaar
  batch 33/72 klaar
  batch 34/72 klaar
  batch 35/72 klaar
  batch 36/72 klaar
  batch 37/72 klaar
  batch 38/72 klaar
  batch 39/72 klaar
  batch 40/72 klaar
  batch 41/72 klaar
  batch 42/72 klaar
  batch 43/72 klaar
  batch 44/72 klaar
  batch 45/72 klaar
  batch 46/72 klaar
  batch 47/72 klaar
  batch 48/72 klaar
  batch 49/72 klaar
  batch 50/72 klaar
  batch 51/72 klaar
  batch 52/72 klaar
  batch 53/72 klaar
  batch 54/72 klaar
  batch 55/72 klaar
  batch 56/72 klaar
  batch 57/72 klaar
  batch 58/72 klaar
  batch 59/72 klaar
  batch 60/72 klaar
  batch 61/72 klaar
  batch 62/72 klaar
  batch 63/72 klaar
  batch 64/72 klaar
  batch 65/72 klaar
  batch 66/72 klaar
  batch 67/72 klaar
  batch 68/72 klaar
  batch 69/72 klaar
  batch 70/72 klaar
  batch 71/72 klaar
  batch 72/72 klaar
  Tijdstappen na trim: 120 (2026-07-07T00:00 t/m 2026-07-11T23:00)
  icon_eu_data_neerslag.bin: 2.6 MB
  icon_eu_data_cumul.bin: 2.6 MB
  icon_eu_data_temp.bin: 2.6 MB
  icon_eu_data_dauwpunt.bin: 2.6 MB
  icon_eu_data_rv.bin: 2.6 MB
  icon_eu_data_bewolking.bin: 7.9 MB
  icon_eu_data_wind.bin: 5.2 MB
  icon_eu_data_windstoten.bin: 5.2 MB
  icon_eu_data_druk.bin: 2.6 MB
  icon_eu_data_cape.bin: 2.6 MB
  icon_eu_data_straling.bin: 2.6 MB
  icon_eu_data_straling_direct.bin: 2.6 MB
  icon_eu_canvas_meta.json: 120 stappen, 2026-07-07T00:00 t/m 2026-07-11T23:00
   R2: icon_eu_canvas_meta.json (0.0 MB)
   R2: icon_eu_data_bewolking.bin (7.9 MB)
   R2: icon_eu_data_cape.bin (2.6 MB)
   R2: icon_eu_data_cumul.bin (2.6 MB)
   R2: icon_eu_data_dauwpunt.bin (2.6 MB)
   R2: icon_eu_data_druk.bin (2.6 MB)
   R2: icon_eu_data_neerslag.bin (2.6 MB)
   R2: icon_eu_data_rv.bin (2.6 MB)
   R2: icon_eu_data_straling.bin (2.6 MB)
   R2: icon_eu_data_straling_direct.bin (2.6 MB)
   R2: icon_eu_data_temp.bin (2.6 MB)
   R2: icon_eu_data_wind.bin (5.2 MB)
   R2: icon_eu_data_windstoten.bin (5.2 MB)
R2 upload klaar.
Klaar.
Tue Jul  7 14:30:32 CEST 2026: === ICON-EU klaar ===
Tue Jul  7 20:30:05 CEST 2026: === ICON-EU update ===
ICON-EU: 61x94 = 5734 punten, 72 batches
Model: icon_eu, forecast_days=5, prefix=icon_eu
  batch 1/72 klaar
  batch 2/72 klaar
  batch 3/72 klaar
  batch 4/72 klaar
  batch 5/72 klaar
  batch 6/72 klaar
  batch 7/72 klaar
  batch 8/72 klaar
  batch 9/72 klaar
  batch 10/72 klaar
  batch 11/72 klaar
  batch 12/72 klaar
  batch 13/72 klaar
  batch 14/72 klaar
  batch 15/72 klaar
  batch 16/72 klaar
  batch 17/72 klaar
  batch 18/72 klaar
  batch 19/72 klaar
  batch 20/72 klaar
  batch 21/72 klaar
  batch 22/72 klaar
  batch 23/72 klaar
  batch 24/72 klaar
  batch 25/72 klaar
  batch 26/72 klaar
  batch 27/72 klaar
  batch 28/72 klaar
  batch 29/72 klaar
  batch 30/72 klaar
  batch 31/72 klaar
  batch 32/72 klaar
  batch 33/72 klaar
  batch 34/72 klaar
  batch 35/72 klaar
  batch 36/72 klaar
  batch 37/72 klaar
  batch 38/72 klaar
  batch 39/72 klaar
  batch 40/72 klaar
  batch 41/72 klaar
  batch 42/72 klaar
  batch 43/72 klaar
  batch 44/72 klaar
  batch 45/72 klaar
  batch 46/72 klaar
  batch 47/72 klaar
  batch 48/72 klaar
  batch 49/72 klaar
  batch 50/72 klaar
  batch 51/72 klaar
  batch 52/72 klaar
  batch 53/72 klaar
  batch 54/72 klaar
  batch 55/72 klaar
  batch 56/72 klaar
  batch 57/72 klaar
  batch 58/72 klaar
  batch 59/72 klaar
  batch 60/72 klaar
  batch 61/72 klaar
  batch 62/72 klaar
  batch 63/72 klaar
  batch 64/72 klaar
  batch 65/72 klaar
  batch 66/72 klaar
  batch 67/72 klaar
  batch 68/72 klaar
  batch 69/72 klaar
  batch 70/72 klaar
  batch 71/72 klaar
  batch 72/72 klaar
  Tijdstappen na trim: 120 (2026-07-07T00:00 t/m 2026-07-11T23:00)
  icon_eu_data_neerslag.bin: 2.6 MB
  icon_eu_data_cumul.bin: 2.6 MB
  icon_eu_data_temp.bin: 2.6 MB
  icon_eu_data_dauwpunt.bin: 2.6 MB
  icon_eu_data_rv.bin: 2.6 MB
  icon_eu_data_bewolking.bin: 7.9 MB
  icon_eu_data_wind.bin: 5.2 MB
  icon_eu_data_windstoten.bin: 5.2 MB
  icon_eu_data_druk.bin: 2.6 MB
  icon_eu_data_cape.bin: 2.6 MB
  icon_eu_data_straling.bin: 2.6 MB
  icon_eu_data_straling_direct.bin: 2.6 MB
  icon_eu_canvas_meta.json: 120 stappen, 2026-07-07T00:00 t/m 2026-07-11T23:00
   R2: icon_eu_canvas_meta.json (0.0 MB)
   R2: icon_eu_data_bewolking.bin (7.9 MB)
   R2: icon_eu_data_cape.bin (2.6 MB)
   R2: icon_eu_data_cumul.bin (2.6 MB)
   R2: icon_eu_data_dauwpunt.bin (2.6 MB)
   R2: icon_eu_data_druk.bin (2.6 MB)
   R2: icon_eu_data_neerslag.bin (2.6 MB)
   R2: icon_eu_data_rv.bin (2.6 MB)
   R2: icon_eu_data_straling.bin (2.6 MB)
   R2: icon_eu_data_straling_direct.bin (2.6 MB)
   R2: icon_eu_data_temp.bin (2.6 MB)
   R2: icon_eu_data_wind.bin (5.2 MB)
   R2: icon_eu_data_windstoten.bin (5.2 MB)
R2 upload klaar.
Klaar.
Tue Jul  7 20:30:32 CEST 2026: === ICON-EU klaar ===
Wed Jul  8 02:31:17 CEST 2026: === ICON-EU update ===
ICON-EU: 61x94 = 5734 punten, 72 batches
Model: icon_eu, forecast_days=5, prefix=icon_eu
  batch 1/72 klaar
  batch 2/72 klaar
  batch 3/72 klaar
  batch 4/72 klaar
  batch 5/72 klaar
  batch 6/72 klaar
  batch 7/72 klaar
  batch 8/72 klaar
  batch 9/72 klaar
  batch 10/72 klaar
  batch 11/72 klaar
  batch 12/72 klaar
  batch 13/72 klaar
  batch 14/72 klaar
  batch 15/72 klaar
  batch 16/72 klaar
  batch 17/72 klaar
  batch 18/72 klaar
  batch 19/72 klaar
  batch 20/72 klaar
  batch 21/72 klaar
  batch 22/72 klaar
  batch 23/72 klaar
  batch 24/72 klaar
  batch 25/72 klaar
  batch 26/72 klaar
  batch 27/72 klaar
  batch 28/72 klaar
  batch 29/72 klaar
  batch 30/72 klaar
  batch 31/72 klaar
  batch 32/72 klaar
  batch 33/72 klaar
  batch 34/72 klaar
  batch 35/72 klaar
  batch 36/72 klaar
  batch 37/72 klaar
  batch 38/72 klaar
  batch 39/72 klaar
  batch 40/72 klaar
  batch 41/72 klaar
  batch 42/72 klaar
  batch 43/72 klaar
  batch 44/72 klaar
  batch 45/72 klaar
  batch 46/72 klaar
  batch 47/72 klaar
  batch 48/72 klaar
  batch 49/72 klaar
  batch 50/72 klaar
  batch 51/72 klaar
  batch 52/72 klaar
  batch 53/72 klaar
  batch 54/72 klaar
  batch 55/72 klaar
  batch 56/72 klaar
  batch 57/72 klaar
  batch 58/72 klaar
  batch 59/72 klaar
  batch 60/72 klaar
  batch 61/72 klaar
  batch 62/72 klaar
  batch 63/72 klaar
  batch 64/72 klaar
  batch 65/72 klaar
  batch 66/72 klaar
  batch 67/72 klaar
  batch 68/72 klaar
  batch 69/72 klaar
  batch 70/72 klaar
  batch 71/72 klaar
  batch 72/72 klaar
  Tijdstappen na trim: 120 (2026-07-08T00:00 t/m 2026-07-12T23:00)
  icon_eu_data_neerslag.bin: 2.6 MB
  icon_eu_data_cumul.bin: 2.6 MB
  icon_eu_data_temp.bin: 2.6 MB
  icon_eu_data_dauwpunt.bin: 2.6 MB
  icon_eu_data_rv.bin: 2.6 MB
  icon_eu_data_bewolking.bin: 7.9 MB
  icon_eu_data_wind.bin: 5.2 MB
  icon_eu_data_windstoten.bin: 5.2 MB
  icon_eu_data_druk.bin: 2.6 MB
  icon_eu_data_cape.bin: 2.6 MB
  icon_eu_data_straling.bin: 2.6 MB
  icon_eu_data_straling_direct.bin: 2.6 MB
  icon_eu_canvas_meta.json: 120 stappen, 2026-07-08T00:00 t/m 2026-07-12T23:00
   R2: icon_eu_canvas_meta.json (0.0 MB)
   R2: icon_eu_data_bewolking.bin (7.9 MB)
   R2: icon_eu_data_cape.bin (2.6 MB)
   R2: icon_eu_data_cumul.bin (2.6 MB)
   R2: icon_eu_data_dauwpunt.bin (2.6 MB)
   R2: icon_eu_data_druk.bin (2.6 MB)
   R2: icon_eu_data_neerslag.bin (2.6 MB)
   R2: icon_eu_data_rv.bin (2.6 MB)
   R2: icon_eu_data_straling.bin (2.6 MB)
   R2: icon_eu_data_straling_direct.bin (2.6 MB)
   R2: icon_eu_data_temp.bin (2.6 MB)
   R2: icon_eu_data_wind.bin (5.2 MB)
   R2: icon_eu_data_windstoten.bin (5.2 MB)
R2 upload klaar.
Klaar.
Wed Jul  8 02:31:51 CEST 2026: === ICON-EU klaar ===
Wed Jul  8 08:30:05 CEST 2026: === ICON-EU update ===
ICON-EU: 61x94 = 5734 punten, 72 batches
Model: icon_eu, forecast_days=5, prefix=icon_eu
  batch 1/72 klaar
  batch 2/72 klaar
  batch 3/72 klaar
  batch 4/72 klaar
  batch 5/72 klaar
  batch 6/72 klaar
  batch 7/72 klaar
  batch 8/72 klaar
  batch 9/72 klaar
  batch 10/72 klaar
  batch 11/72 klaar
  batch 12/72 klaar
  batch 13/72 klaar
  batch 14/72 klaar
  batch 15/72 klaar
  batch 16/72 klaar
  batch 17/72 klaar
  batch 18/72 klaar
  batch 19/72 klaar
  batch 20/72 klaar
  batch 21/72 klaar
  batch 22/72 klaar
  batch 23/72 klaar
  batch 24/72 klaar
  batch 25/72 klaar
  batch 26/72 klaar
  batch 27/72 klaar
  batch 28/72 klaar
  batch 29/72 klaar
  batch 30/72 klaar
  batch 31/72 klaar
  batch 32/72 klaar
  batch 33/72 klaar
  batch 34/72 klaar
  batch 35/72 klaar
  batch 36/72 klaar
  batch 37/72 klaar
  batch 38/72 klaar
  batch 39/72 klaar
  batch 40/72 klaar
  batch 41/72 klaar
  batch 42/72 klaar
  batch 43/72 klaar
  batch 44/72 klaar
  batch 45/72 klaar
  batch 46/72 klaar
  batch 47/72 klaar
  batch 48/72 klaar
  batch 49/72 klaar
  batch 50/72 klaar
  batch 51/72 klaar
  batch 52/72 klaar
  batch 53/72 klaar
  batch 54/72 klaar
  batch 55/72 klaar
  batch 56/72 klaar
  batch 57/72 klaar
  batch 58/72 klaar
  batch 59/72 klaar
  batch 60/72 klaar
  batch 61/72 klaar
  batch 62/72 klaar
  batch 63/72 klaar
  batch 64/72 klaar
  batch 65/72 klaar
  batch 66/72 klaar
  batch 67/72 klaar
  batch 68/72 klaar
  batch 69/72 klaar
  batch 70/72 klaar
  batch 71/72 klaar
  batch 72/72 klaar
  Tijdstappen na trim: 120 (2026-07-08T00:00 t/m 2026-07-12T23:00)
  icon_eu_data_neerslag.bin: 2.6 MB
  icon_eu_data_cumul.bin: 2.6 MB
  icon_eu_data_temp.bin: 2.6 MB
  icon_eu_data_dauwpunt.bin: 2.6 MB
  icon_eu_data_rv.bin: 2.6 MB
  icon_eu_data_bewolking.bin: 7.9 MB
  icon_eu_data_wind.bin: 5.2 MB
  icon_eu_data_windstoten.bin: 5.2 MB
  icon_eu_data_druk.bin: 2.6 MB
  icon_eu_data_cape.bin: 2.6 MB
  icon_eu_data_straling.bin: 2.6 MB
  icon_eu_data_straling_direct.bin: 2.6 MB
  icon_eu_canvas_meta.json: 120 stappen, 2026-07-08T00:00 t/m 2026-07-12T23:00
   R2: icon_eu_canvas_meta.json (0.0 MB)
   R2: icon_eu_data_bewolking.bin (7.9 MB)
   R2: icon_eu_data_cape.bin (2.6 MB)
   R2: icon_eu_data_cumul.bin (2.6 MB)
   R2: icon_eu_data_dauwpunt.bin (2.6 MB)
   R2: icon_eu_data_druk.bin (2.6 MB)
   R2: icon_eu_data_neerslag.bin (2.6 MB)
   R2: icon_eu_data_rv.bin (2.6 MB)
   R2: icon_eu_data_straling.bin (2.6 MB)
   R2: icon_eu_data_straling_direct.bin (2.6 MB)
   R2: icon_eu_data_temp.bin (2.6 MB)
   R2: icon_eu_data_wind.bin (5.2 MB)
   R2: icon_eu_data_windstoten.bin (5.2 MB)
R2 upload klaar.
Klaar.
Wed Jul  8 08:30:35 CEST 2026: === ICON-EU klaar ===
Wed Jul  8 14:30:05 CEST 2026: === ICON-EU update ===
ICON-EU: 61x94 = 5734 punten, 72 batches
Model: icon_eu, forecast_days=5, prefix=icon_eu
  batch 1/72 klaar
  batch 2/72 klaar
  batch 3/72 klaar
  batch 4/72 klaar
  batch 5/72 klaar
  batch 6/72 klaar
  batch 7/72 klaar
  batch 8/72 klaar
  batch 9/72 klaar
  batch 10/72 klaar
  batch 11/72 klaar
  batch 12/72 klaar
  batch 13/72 klaar
  batch 14/72 klaar
  batch 15/72 klaar
  batch 16/72 klaar
  batch 17/72 klaar
  batch 18/72 klaar
  batch 19/72 klaar
  batch 20/72 klaar
  batch 21/72 klaar
  batch 22/72 klaar
  batch 23/72 klaar
  batch 24/72 klaar
  batch 25/72 klaar
  batch 26/72 klaar
  batch 27/72 klaar
  batch 28/72 klaar
  batch 29/72 klaar
  batch 30/72 klaar
  batch 31/72 klaar
  batch 32/72 klaar
  batch 33/72 klaar
  batch 34/72 klaar
  batch 35/72 klaar
  batch 36/72 klaar
  batch 37/72 klaar
  batch 38/72 klaar
  batch 39/72 klaar
  batch 40/72 klaar
  batch 41/72 klaar
  batch 42/72 klaar
  batch 43/72 klaar
  batch 44/72 klaar
  batch 45/72 klaar
  batch 46/72 klaar
  batch 47/72 klaar
  batch 48/72 klaar
  batch 49/72 klaar
  batch 50/72 klaar
  batch 51/72 klaar
  batch 52/72 klaar
  batch 53/72 klaar
  batch 54/72 klaar
  batch 55/72 klaar
  batch 56/72 klaar
  batch 57/72 klaar
  batch 58/72 klaar
  batch 59/72 klaar
  batch 60/72 klaar
  batch 61/72 klaar
  batch 62/72 klaar
  batch 63/72 klaar
  batch 64/72 klaar
  batch 65/72 klaar
  batch 66/72 klaar
  batch 67/72 klaar
  batch 68/72 klaar
  batch 69/72 klaar
  batch 70/72 klaar
  batch 71/72 klaar
  batch 72/72 klaar
  Tijdstappen na trim: 120 (2026-07-08T00:00 t/m 2026-07-12T23:00)
  icon_eu_data_neerslag.bin: 2.6 MB
  icon_eu_data_cumul.bin: 2.6 MB
  icon_eu_data_temp.bin: 2.6 MB
  icon_eu_data_dauwpunt.bin: 2.6 MB
  icon_eu_data_rv.bin: 2.6 MB
  icon_eu_data_bewolking.bin: 7.9 MB
  icon_eu_data_wind.bin: 5.2 MB
  icon_eu_data_windstoten.bin: 5.2 MB
  icon_eu_data_druk.bin: 2.6 MB
  icon_eu_data_cape.bin: 2.6 MB
  icon_eu_data_straling.bin: 2.6 MB
  icon_eu_data_straling_direct.bin: 2.6 MB
  icon_eu_canvas_meta.json: 120 stappen, 2026-07-08T00:00 t/m 2026-07-12T23:00
   R2: icon_eu_canvas_meta.json (0.0 MB)
   R2: icon_eu_data_bewolking.bin (7.9 MB)
   R2: icon_eu_data_cape.bin (2.6 MB)
   R2: icon_eu_data_cumul.bin (2.6 MB)
   R2: icon_eu_data_dauwpunt.bin (2.6 MB)
   R2: icon_eu_data_druk.bin (2.6 MB)
   R2: icon_eu_data_neerslag.bin (2.6 MB)
   R2: icon_eu_data_rv.bin (2.6 MB)
   R2: icon_eu_data_straling.bin (2.6 MB)
   R2: icon_eu_data_straling_direct.bin (2.6 MB)
   R2: icon_eu_data_temp.bin (2.6 MB)
   R2: icon_eu_data_wind.bin (5.2 MB)
   R2: icon_eu_data_windstoten.bin (5.2 MB)
R2 upload klaar.
Klaar.
Wed Jul  8 14:30:33 CEST 2026: === ICON-EU klaar ===
Wed Jul  8 20:30:05 CEST 2026: === ICON-EU update ===
ICON-EU: 61x94 = 5734 punten, 72 batches
Model: icon_eu, forecast_days=5, prefix=icon_eu
  batch 1/72 klaar
  batch 2/72 klaar
  batch 3/72 klaar
  batch 4/72 klaar
  batch 5/72 klaar
  batch 6/72 klaar
  batch 7/72 klaar
  batch 8/72 klaar
  batch 9/72 klaar
  batch 10/72 klaar
  batch 11/72 klaar
  batch 12/72 klaar
  batch 13/72 klaar
  batch 14/72 klaar
  batch 15/72 klaar
  batch 16/72 klaar
  batch 17/72 klaar
  batch 18/72 klaar
  batch 19/72 klaar
  batch 20/72 klaar
  batch 21/72 klaar
  batch 22/72 klaar
  batch 23/72 klaar
  batch 24/72 klaar
  batch 25/72 klaar
  batch 26/72 klaar
  batch 27/72 klaar
  batch 28/72 klaar
  batch 29/72 klaar
  batch 30/72 klaar
  batch 31/72 klaar
  batch 32/72 klaar
  batch 33/72 klaar
  batch 34/72 klaar
  batch 35/72 klaar
  batch 36/72 klaar
  batch 37/72 klaar
  batch 38/72 klaar
  batch 39/72 klaar
  batch 40/72 klaar
  batch 41/72 klaar
  batch 42/72 klaar
  batch 43/72 klaar
  batch 44/72 klaar
  batch 45/72 klaar
  batch 46/72 klaar
  batch 47/72 klaar
  batch 48/72 klaar
  batch 49/72 klaar
  batch 50/72 klaar
  batch 51/72 klaar
  batch 52/72 klaar
  batch 53/72 klaar
  batch 54/72 klaar
  batch 55/72 klaar
  batch 56/72 klaar
  batch 57/72 klaar
  batch 58/72 klaar
  batch 59/72 klaar
  batch 60/72 klaar
  batch 61/72 klaar
  batch 62/72 klaar
  batch 63/72 klaar
  batch 64/72 klaar
  batch 65/72 klaar
  batch 66/72 klaar
  batch 67/72 klaar
  batch 68/72 klaar
  batch 69/72 klaar
  batch 70/72 klaar
  batch 71/72 klaar
  batch 72/72 klaar
  Tijdstappen na trim: 120 (2026-07-08T00:00 t/m 2026-07-12T23:00)
  icon_eu_data_neerslag.bin: 2.6 MB
  icon_eu_data_cumul.bin: 2.6 MB
  icon_eu_data_temp.bin: 2.6 MB
  icon_eu_data_dauwpunt.bin: 2.6 MB
  icon_eu_data_rv.bin: 2.6 MB
  icon_eu_data_bewolking.bin: 7.9 MB
  icon_eu_data_wind.bin: 5.2 MB
  icon_eu_data_windstoten.bin: 5.2 MB
  icon_eu_data_druk.bin: 2.6 MB
  icon_eu_data_cape.bin: 2.6 MB
  icon_eu_data_straling.bin: 2.6 MB
  icon_eu_data_straling_direct.bin: 2.6 MB
  icon_eu_canvas_meta.json: 120 stappen, 2026-07-08T00:00 t/m 2026-07-12T23:00
   R2: icon_eu_canvas_meta.json (0.0 MB)
   R2: icon_eu_data_bewolking.bin (7.9 MB)
   R2: icon_eu_data_cape.bin (2.6 MB)
   R2: icon_eu_data_cumul.bin (2.6 MB)
   R2: icon_eu_data_dauwpunt.bin (2.6 MB)
   R2: icon_eu_data_druk.bin (2.6 MB)
   R2: icon_eu_data_neerslag.bin (2.6 MB)
   R2: icon_eu_data_rv.bin (2.6 MB)
   R2: icon_eu_data_straling.bin (2.6 MB)
   R2: icon_eu_data_straling_direct.bin (2.6 MB)
   R2: icon_eu_data_temp.bin (2.6 MB)
   R2: icon_eu_data_wind.bin (5.2 MB)
   R2: icon_eu_data_windstoten.bin (5.2 MB)
R2 upload klaar.
Klaar.
Wed Jul  8 20:30:34 CEST 2026: === ICON-EU klaar ===
Thu Jul  9 02:30:04 CEST 2026: === ICON-EU update ===
ICON-EU: 61x94 = 5734 punten, 72 batches
Model: icon_eu, forecast_days=5, prefix=icon_eu
  batch 1/72 klaar
  batch 2/72 klaar
  batch 3/72 klaar
  batch 4/72 klaar
  batch 5/72 klaar
  batch 6/72 klaar
  batch 7/72 klaar
  batch 8/72 klaar
  batch 9/72 klaar
  batch 10/72 klaar
  batch 11/72 klaar
  batch 12/72 klaar
  batch 13/72 klaar
  batch 14/72 klaar
  batch 15/72 klaar
  batch 16/72 klaar
  batch 17/72 klaar
  batch 18/72 klaar
  batch 19/72 klaar
  batch 20/72 klaar
  batch 21/72 klaar
  batch 22/72 klaar
  batch 23/72 klaar
  batch 24/72 klaar
  batch 25/72 klaar
  batch 26/72 klaar
  batch 27/72 klaar
  batch 28/72 klaar
  batch 29/72 klaar
  batch 30/72 klaar
  batch 31/72 klaar
  batch 32/72 klaar
  batch 33/72 klaar
  batch 34/72 klaar
  batch 35/72 klaar
  batch 36/72 klaar
  batch 37/72 klaar
  batch 38/72 klaar
  batch 39/72 klaar
  batch 40/72 klaar
  batch 41/72 klaar
  batch 42/72 klaar
  batch 43/72 klaar
  batch 44/72 klaar
  batch 45/72 klaar
  batch 46/72 klaar
  batch 47/72 klaar
  batch 48/72 klaar
  batch 49/72 klaar
  batch 50/72 klaar
  batch 51/72 klaar
  batch 52/72 klaar
  batch 53/72 klaar
  batch 54/72 klaar
  batch 55/72 klaar
  batch 56/72 klaar
  batch 57/72 klaar
  batch 58/72 klaar
  batch 59/72 klaar
  batch 60/72 klaar
  batch 61/72 klaar
  batch 62/72 klaar
  batch 63/72 klaar
  batch 64/72 klaar
  batch 65/72 klaar
  batch 66/72 klaar
  batch 67/72 klaar
  batch 68/72 klaar
  batch 69/72 klaar
  batch 70/72 klaar
  batch 71/72 klaar
  batch 72/72 klaar
  Tijdstappen na trim: 120 (2026-07-09T00:00 t/m 2026-07-13T23:00)
  icon_eu_data_neerslag.bin: 2.6 MB
  icon_eu_data_cumul.bin: 2.6 MB
  icon_eu_data_temp.bin: 2.6 MB
  icon_eu_data_dauwpunt.bin: 2.6 MB
  icon_eu_data_rv.bin: 2.6 MB
  icon_eu_data_bewolking.bin: 7.9 MB
  icon_eu_data_wind.bin: 5.2 MB
  icon_eu_data_windstoten.bin: 5.2 MB
  icon_eu_data_druk.bin: 2.6 MB
  icon_eu_data_cape.bin: 2.6 MB
  icon_eu_data_straling.bin: 2.6 MB
  icon_eu_data_straling_direct.bin: 2.6 MB
  icon_eu_canvas_meta.json: 120 stappen, 2026-07-09T00:00 t/m 2026-07-13T23:00
   R2: icon_eu_canvas_meta.json (0.0 MB)
   R2: icon_eu_data_bewolking.bin (7.9 MB)
   R2: icon_eu_data_cape.bin (2.6 MB)
   R2: icon_eu_data_cumul.bin (2.6 MB)
   R2: icon_eu_data_dauwpunt.bin (2.6 MB)
   R2: icon_eu_data_druk.bin (2.6 MB)
   R2: icon_eu_data_neerslag.bin (2.6 MB)
   R2: icon_eu_data_rv.bin (2.6 MB)
   R2: icon_eu_data_straling.bin (2.6 MB)
   R2: icon_eu_data_straling_direct.bin (2.6 MB)
   R2: icon_eu_data_temp.bin (2.6 MB)
   R2: icon_eu_data_wind.bin (5.2 MB)
   R2: icon_eu_data_windstoten.bin (5.2 MB)
R2 upload klaar.
Klaar.
Thu Jul  9 02:30:32 CEST 2026: === ICON-EU klaar ===
Thu Jul  9 08:30:05 CEST 2026: === ICON-EU update ===
ICON-EU: 61x94 = 5734 punten, 72 batches
Model: icon_eu, forecast_days=5, prefix=icon_eu
  batch 1/72 klaar
  batch 2/72 klaar
  batch 3/72 klaar
  batch 4/72 klaar
  batch 5/72 klaar
  batch 6/72 klaar
  batch 7/72 klaar
  batch 8/72 klaar
  batch 9/72 klaar
  batch 10/72 klaar
  batch 11/72 klaar
  batch 12/72 klaar
  batch 13/72 klaar
  batch 14/72 klaar
  batch 15/72 klaar
  batch 16/72 klaar
  batch 17/72 klaar
  batch 18/72 klaar
  batch 19/72 klaar
  batch 20/72 klaar
  batch 21/72 klaar
  batch 22/72 klaar
  batch 23/72 klaar
  batch 24/72 klaar
  batch 25/72 klaar
  batch 26/72 klaar
  batch 27/72 klaar
  batch 28/72 klaar
  batch 29/72 klaar
  batch 30/72 klaar
  batch 31/72 klaar
  batch 32/72 klaar
  batch 33/72 klaar
  batch 34/72 klaar
  batch 35/72 klaar
  batch 36/72 klaar
  batch 37/72 klaar
  batch 38/72 klaar
  batch 39/72 klaar
  batch 40/72 klaar
  batch 41/72 klaar
  batch 42/72 klaar
  batch 43/72 klaar
  batch 44/72 klaar
  batch 45/72 klaar
  batch 46/72 klaar
  batch 47/72 klaar
  batch 48/72 klaar
  batch 49/72 klaar
  batch 50/72 klaar
  batch 51/72 klaar
  batch 52/72 klaar
  batch 53/72 klaar
  batch 54/72 klaar
  batch 55/72 klaar
  batch 56/72 klaar
  batch 57/72 klaar
  batch 58/72 klaar
  batch 59/72 klaar
  batch 60/72 klaar
  batch 61/72 klaar
  batch 62/72 klaar
  batch 63/72 klaar
  batch 64/72 klaar
  batch 65/72 klaar
  batch 66/72 klaar
  batch 67/72 klaar
  batch 68/72 klaar
  batch 69/72 klaar
  batch 70/72 klaar
  batch 71/72 klaar
  batch 72/72 klaar
  Tijdstappen na trim: 120 (2026-07-09T00:00 t/m 2026-07-13T23:00)
  icon_eu_data_neerslag.bin: 2.6 MB
  icon_eu_data_cumul.bin: 2.6 MB
  icon_eu_data_temp.bin: 2.6 MB
  icon_eu_data_dauwpunt.bin: 2.6 MB
  icon_eu_data_rv.bin: 2.6 MB
  icon_eu_data_bewolking.bin: 7.9 MB
  icon_eu_data_wind.bin: 5.2 MB
  icon_eu_data_windstoten.bin: 5.2 MB
  icon_eu_data_druk.bin: 2.6 MB
  icon_eu_data_cape.bin: 2.6 MB
  icon_eu_data_straling.bin: 2.6 MB
  icon_eu_data_straling_direct.bin: 2.6 MB
  icon_eu_canvas_meta.json: 120 stappen, 2026-07-09T00:00 t/m 2026-07-13T23:00
   R2: icon_eu_canvas_meta.json (0.0 MB)
   R2: icon_eu_data_bewolking.bin (7.9 MB)
   R2: icon_eu_data_cape.bin (2.6 MB)
   R2: icon_eu_data_cumul.bin (2.6 MB)
   R2: icon_eu_data_dauwpunt.bin (2.6 MB)
   R2: icon_eu_data_druk.bin (2.6 MB)
   R2: icon_eu_data_neerslag.bin (2.6 MB)
   R2: icon_eu_data_rv.bin (2.6 MB)
   R2: icon_eu_data_straling.bin (2.6 MB)
   R2: icon_eu_data_straling_direct.bin (2.6 MB)
   R2: icon_eu_data_temp.bin (2.6 MB)
   R2: icon_eu_data_wind.bin (5.2 MB)
   R2: icon_eu_data_windstoten.bin (5.2 MB)
R2 upload klaar.
Klaar.
Thu Jul  9 08:30:31 CEST 2026: === ICON-EU klaar ===
Thu Jul  9 14:30:05 CEST 2026: === ICON-EU update ===
ICON-EU: 61x94 = 5734 punten, 72 batches
Model: icon_eu, forecast_days=5, prefix=icon_eu
  batch 1/72 klaar
  batch 2/72 klaar
  batch 3/72 klaar
  batch 4/72 klaar
  batch 5/72 klaar
  batch 6/72 klaar
  batch 7/72 klaar
  batch 8/72 klaar
  batch 9/72 klaar
  batch 10/72 klaar
  batch 11/72 klaar
  batch 12/72 klaar
  batch 13/72 klaar
  batch 14/72 klaar
  batch 15/72 klaar
  batch 16/72 klaar
  batch 17/72 klaar
  batch 18/72 klaar
  batch 19/72 klaar
  batch 20/72 klaar
  batch 21/72 klaar
  batch 22/72 klaar
  batch 23/72 klaar
  batch 24/72 klaar
  batch 25/72 klaar
  batch 26/72 klaar
  batch 27/72 klaar
  batch 28/72 klaar
  batch 29/72 klaar
  batch 30/72 klaar
  batch 31/72 klaar
  batch 32/72 klaar
  batch 33/72 klaar
  batch 34/72 klaar
  batch 35/72 klaar
  batch 36/72 klaar
  batch 37/72 klaar
  batch 38/72 klaar
  batch 39/72 klaar
  batch 40/72 klaar
  batch 41/72 klaar
  batch 42/72 klaar
  batch 43/72 klaar
  batch 44/72 klaar
  batch 45/72 klaar
  batch 46/72 klaar
  batch 47/72 klaar
  batch 48/72 klaar
  batch 49/72 klaar
  batch 50/72 klaar
  batch 51/72 klaar
  batch 52/72 klaar
  batch 53/72 klaar
  batch 54/72 klaar
  batch 55/72 klaar
  batch 56/72 klaar
  batch 57/72 klaar
  batch 58/72 klaar
  batch 59/72 klaar
  batch 60/72 klaar
  batch 61/72 klaar
  batch 62/72 klaar
  batch 63/72 klaar
  batch 64/72 klaar
  batch 65/72 klaar
  batch 66/72 klaar
  batch 67/72 klaar
  batch 68/72 klaar
  batch 69/72 klaar
  batch 70/72 klaar
  batch 71/72 klaar
  batch 72/72 klaar
  Tijdstappen na trim: 120 (2026-07-09T00:00 t/m 2026-07-13T23:00)
  icon_eu_data_neerslag.bin: 2.6 MB
  icon_eu_data_cumul.bin: 2.6 MB
  icon_eu_data_temp.bin: 2.6 MB
  icon_eu_data_dauwpunt.bin: 2.6 MB
  icon_eu_data_rv.bin: 2.6 MB
  icon_eu_data_bewolking.bin: 7.9 MB
  icon_eu_data_wind.bin: 5.2 MB
  icon_eu_data_windstoten.bin: 5.2 MB
  icon_eu_data_druk.bin: 2.6 MB
  icon_eu_data_cape.bin: 2.6 MB
  icon_eu_data_straling.bin: 2.6 MB
  icon_eu_data_straling_direct.bin: 2.6 MB
  icon_eu_canvas_meta.json: 120 stappen, 2026-07-09T00:00 t/m 2026-07-13T23:00
   R2: icon_eu_canvas_meta.json (0.0 MB)
   R2: icon_eu_data_bewolking.bin (7.9 MB)
   R2: icon_eu_data_cape.bin (2.6 MB)
   R2: icon_eu_data_cumul.bin (2.6 MB)
   R2: icon_eu_data_dauwpunt.bin (2.6 MB)
   R2: icon_eu_data_druk.bin (2.6 MB)
   R2: icon_eu_data_neerslag.bin (2.6 MB)
   R2: icon_eu_data_rv.bin (2.6 MB)
   R2: icon_eu_data_straling.bin (2.6 MB)
   R2: icon_eu_data_straling_direct.bin (2.6 MB)
   R2: icon_eu_data_temp.bin (2.6 MB)
   R2: icon_eu_data_wind.bin (5.2 MB)
   R2: icon_eu_data_windstoten.bin (5.2 MB)
R2 upload klaar.
Klaar.
Thu Jul  9 14:30:35 CEST 2026: === ICON-EU klaar ===
Thu Jul  9 20:30:05 CEST 2026: === ICON-EU update ===
ICON-EU: 61x94 = 5734 punten, 72 batches
Model: icon_eu, forecast_days=5, prefix=icon_eu
  batch 1/72 klaar
  batch 2/72 klaar
  batch 3/72 klaar
  batch 4/72 klaar
  batch 5/72 klaar
  batch 6/72 klaar
  batch 7/72 klaar
  batch 8/72 klaar
  batch 9/72 klaar
  batch 10/72 klaar
  batch 11/72 klaar
  batch 12/72 klaar
  batch 13/72 klaar
  batch 14/72 klaar
  batch 15/72 klaar
  batch 16/72 klaar
  batch 17/72 klaar
  batch 18/72 klaar
  batch 19/72 klaar
  batch 20/72 klaar
  batch 21/72 klaar
  batch 22/72 klaar
  batch 23/72 klaar
  batch 24/72 klaar
  batch 25/72 klaar
  batch 26/72 klaar
  batch 27/72 klaar
  batch 28/72 klaar
  batch 29/72 klaar
  batch 30/72 klaar
  batch 31/72 klaar
  batch 32/72 klaar
  batch 33/72 klaar
  batch 34/72 klaar
  batch 35/72 klaar
  batch 36/72 klaar
  batch 37/72 klaar
  batch 38/72 klaar
  batch 39/72 klaar
  batch 40/72 klaar
  batch 41/72 klaar
  batch 42/72 klaar
  batch 43/72 klaar
  batch 44/72 klaar
  batch 45/72 klaar
  batch 46/72 klaar
  batch 47/72 klaar
  batch 48/72 klaar
  batch 49/72 klaar
  batch 50/72 klaar
  batch 51/72 klaar
  batch 52/72 klaar
  batch 53/72 klaar
  batch 54/72 klaar
  batch 55/72 klaar
  batch 56/72 klaar
  batch 57/72 klaar
  batch 58/72 klaar
  batch 59/72 klaar
  batch 60/72 klaar
  batch 61/72 klaar
  batch 62/72 klaar
  batch 63/72 klaar
  batch 64/72 klaar
  batch 65/72 klaar
  batch 66/72 klaar
  batch 67/72 klaar
  batch 68/72 klaar
  batch 69/72 klaar
  batch 70/72 klaar
  batch 71/72 klaar
  batch 72/72 klaar
  Tijdstappen na trim: 120 (2026-07-09T00:00 t/m 2026-07-13T23:00)
  icon_eu_data_neerslag.bin: 2.6 MB
  icon_eu_data_cumul.bin: 2.6 MB
  icon_eu_data_temp.bin: 2.6 MB
  icon_eu_data_dauwpunt.bin: 2.6 MB
  icon_eu_data_rv.bin: 2.6 MB
  icon_eu_data_bewolking.bin: 7.9 MB
  icon_eu_data_wind.bin: 5.2 MB
  icon_eu_data_windstoten.bin: 5.2 MB
  icon_eu_data_druk.bin: 2.6 MB
  icon_eu_data_cape.bin: 2.6 MB
  icon_eu_data_straling.bin: 2.6 MB
  icon_eu_data_straling_direct.bin: 2.6 MB
  icon_eu_canvas_meta.json: 120 stappen, 2026-07-09T00:00 t/m 2026-07-13T23:00
   R2: icon_eu_canvas_meta.json (0.0 MB)
   R2: icon_eu_data_bewolking.bin (7.9 MB)
   R2: icon_eu_data_cape.bin (2.6 MB)
   R2: icon_eu_data_cumul.bin (2.6 MB)
   R2: icon_eu_data_dauwpunt.bin (2.6 MB)
   R2: icon_eu_data_druk.bin (2.6 MB)
   R2: icon_eu_data_neerslag.bin (2.6 MB)
   R2: icon_eu_data_rv.bin (2.6 MB)
   R2: icon_eu_data_straling.bin (2.6 MB)
   R2: icon_eu_data_straling_direct.bin (2.6 MB)
   R2: icon_eu_data_temp.bin (2.6 MB)
   R2: icon_eu_data_wind.bin (5.2 MB)
   R2: icon_eu_data_windstoten.bin (5.2 MB)
R2 upload klaar.
Klaar.
Thu Jul  9 20:30:33 CEST 2026: === ICON-EU klaar ===
Fri Jul 10 02:30:05 CEST 2026: === ICON-EU update ===
ICON-EU: 61x94 = 5734 punten, 72 batches
Model: icon_eu, forecast_days=5, prefix=icon_eu
  batch 1/72 klaar
  batch 2/72 klaar
  batch 3/72 klaar
  batch 4/72 klaar
  batch 5/72 klaar
  batch 6/72 klaar
  batch 7/72 klaar
  batch 8/72 klaar
  batch 9/72 klaar
  batch 10/72 klaar
  batch 11/72 klaar
  batch 12/72 klaar
  batch 13/72 klaar
  batch 14/72 klaar
  batch 15/72 klaar
  batch 16/72 klaar
  batch 17/72 klaar
  batch 18/72 klaar
  batch 19/72 klaar
  batch 20/72 klaar
  batch 21/72 klaar
  batch 22/72 klaar
  batch 23/72 klaar
  batch 24/72 klaar
  batch 25/72 klaar
  batch 26/72 klaar
  batch 27/72 klaar
  batch 28/72 klaar
  batch 29/72 klaar
  batch 30/72 klaar
  batch 31/72 klaar
  batch 32/72 klaar
  batch 33/72 klaar
  batch 34/72 klaar
  batch 35/72 klaar
  batch 36/72 klaar
  batch 37/72 klaar
  batch 38/72 klaar
  batch 39/72 klaar
  batch 40/72 klaar
  batch 41/72 klaar
  batch 42/72 klaar
  batch 43/72 klaar
  batch 44/72 klaar
  batch 45/72 klaar
  batch 46/72 klaar
  batch 47/72 klaar
  batch 48/72 klaar
  batch 49/72 klaar
  batch 50/72 klaar
  batch 51/72 klaar
  batch 52/72 klaar
  batch 53/72 klaar
  batch 54/72 klaar
  batch 55/72 klaar
  batch 56/72 klaar
  batch 57/72 klaar
  batch 58/72 klaar
  batch 59/72 klaar
  batch 60/72 klaar
  batch 61/72 klaar
  batch 62/72 klaar
  batch 63/72 klaar
  batch 64/72 klaar
  batch 65/72 klaar
  batch 66/72 klaar
  batch 67/72 klaar
  batch 68/72 klaar
  batch 69/72 klaar
  batch 70/72 klaar
  batch 71/72 klaar
  batch 72/72 klaar
  Tijdstappen na trim: 120 (2026-07-10T00:00 t/m 2026-07-14T23:00)
  icon_eu_data_neerslag.bin: 2.6 MB
  icon_eu_data_cumul.bin: 2.6 MB
  icon_eu_data_temp.bin: 2.6 MB
  icon_eu_data_dauwpunt.bin: 2.6 MB
  icon_eu_data_rv.bin: 2.6 MB
  icon_eu_data_bewolking.bin: 7.9 MB
  icon_eu_data_wind.bin: 5.2 MB
  icon_eu_data_windstoten.bin: 5.2 MB
  icon_eu_data_druk.bin: 2.6 MB
  icon_eu_data_cape.bin: 2.6 MB
  icon_eu_data_straling.bin: 2.6 MB
  icon_eu_data_straling_direct.bin: 2.6 MB
  icon_eu_canvas_meta.json: 120 stappen, 2026-07-10T00:00 t/m 2026-07-14T23:00
   R2: icon_eu_canvas_meta.json (0.0 MB)
   R2: icon_eu_data_bewolking.bin (7.9 MB)
   R2: icon_eu_data_cape.bin (2.6 MB)
   R2: icon_eu_data_cumul.bin (2.6 MB)
   R2: icon_eu_data_dauwpunt.bin (2.6 MB)
   R2: icon_eu_data_druk.bin (2.6 MB)
   R2: icon_eu_data_neerslag.bin (2.6 MB)
   R2: icon_eu_data_rv.bin (2.6 MB)
   R2: icon_eu_data_straling.bin (2.6 MB)
   R2: icon_eu_data_straling_direct.bin (2.6 MB)
   R2: icon_eu_data_temp.bin (2.6 MB)
   R2: icon_eu_data_wind.bin (5.2 MB)
   R2: icon_eu_data_windstoten.bin (5.2 MB)
R2 upload klaar.
Klaar.
Fri Jul 10 02:30:31 CEST 2026: === ICON-EU klaar ===
Fri Jul 10 08:30:04 CEST 2026: === ICON-EU update ===
ICON-EU: 61x94 = 5734 punten, 72 batches
Model: icon_eu, forecast_days=5, prefix=icon_eu
  batch 1/72 klaar
  batch 2/72 klaar
  batch 3/72 klaar
  batch 4/72 klaar
  batch 5/72 klaar
  batch 6/72 klaar
  batch 7/72 klaar
  batch 8/72 klaar
  batch 9/72 klaar
  batch 10/72 klaar
  batch 11/72 klaar
  batch 12/72 klaar
  batch 13/72 klaar
  batch 14/72 klaar
  batch 15/72 klaar
  batch 16/72 klaar
  batch 17/72 klaar
  batch 18/72 klaar
  batch 19/72 klaar
  batch 20/72 klaar
  batch 21/72 klaar
  batch 22/72 klaar
  batch 23/72 klaar
  batch 24/72 klaar
  batch 25/72 klaar
  batch 26/72 klaar
  batch 27/72 klaar
  batch 28/72 klaar
  batch 29/72 klaar
  batch 30/72 klaar
  batch 31/72 klaar
  batch 32/72 klaar
  batch 33/72 klaar
  batch 34/72 klaar
  batch 35/72 klaar
  batch 36/72 klaar
  batch 37/72 klaar
  batch 38/72 klaar
  batch 39/72 klaar
  batch 40/72 klaar
  batch 41/72 klaar
  batch 42/72 klaar
  batch 43/72 klaar
  batch 44/72 klaar
  batch 45/72 klaar
  batch 46/72 klaar
  batch 47/72 klaar
  batch 48/72 klaar
  batch 49/72 klaar
  batch 50/72 klaar
  batch 51/72 klaar
  batch 52/72 klaar
  batch 53/72 klaar
  batch 54/72 klaar
  batch 55/72 klaar
  batch 56/72 klaar
  batch 57/72 klaar
  batch 58/72 klaar
  batch 59/72 klaar
  batch 60/72 klaar
  batch 61/72 klaar
  batch 62/72 klaar
  batch 63/72 klaar
  batch 64/72 klaar
  batch 65/72 klaar
  batch 66/72 klaar
  batch 67/72 klaar
  batch 68/72 klaar
  batch 69/72 klaar
  batch 70/72 klaar
  batch 71/72 klaar
  batch 72/72 klaar
  Tijdstappen na trim: 120 (2026-07-10T00:00 t/m 2026-07-14T23:00)
  icon_eu_data_neerslag.bin: 2.6 MB
  icon_eu_data_cumul.bin: 2.6 MB
  icon_eu_data_temp.bin: 2.6 MB
  icon_eu_data_dauwpunt.bin: 2.6 MB
  icon_eu_data_rv.bin: 2.6 MB
  icon_eu_data_bewolking.bin: 7.9 MB
  icon_eu_data_wind.bin: 5.2 MB
  icon_eu_data_windstoten.bin: 5.2 MB
  icon_eu_data_druk.bin: 2.6 MB
  icon_eu_data_cape.bin: 2.6 MB
  icon_eu_data_straling.bin: 2.6 MB
  icon_eu_data_straling_direct.bin: 2.6 MB
  icon_eu_canvas_meta.json: 120 stappen, 2026-07-10T00:00 t/m 2026-07-14T23:00
   R2: icon_eu_canvas_meta.json (0.0 MB)
   R2: icon_eu_data_bewolking.bin (7.9 MB)
   R2: icon_eu_data_cape.bin (2.6 MB)
   R2: icon_eu_data_cumul.bin (2.6 MB)
   R2: icon_eu_data_dauwpunt.bin (2.6 MB)
   R2: icon_eu_data_druk.bin (2.6 MB)
   R2: icon_eu_data_neerslag.bin (2.6 MB)
   R2: icon_eu_data_rv.bin (2.6 MB)
   R2: icon_eu_data_straling.bin (2.6 MB)
   R2: icon_eu_data_straling_direct.bin (2.6 MB)
   R2: icon_eu_data_temp.bin (2.6 MB)
   R2: icon_eu_data_wind.bin (5.2 MB)
   R2: icon_eu_data_windstoten.bin (5.2 MB)
R2 upload klaar.
Klaar.
Fri Jul 10 08:30:32 CEST 2026: === ICON-EU klaar ===
Fri Jul 10 14:30:05 CEST 2026: === ICON-EU update ===
ICON-EU: 61x94 = 5734 punten, 72 batches
Model: icon_eu, forecast_days=5, prefix=icon_eu
  batch 1/72 klaar
  batch 2/72 klaar
  batch 3/72 klaar
  batch 4/72 klaar
  batch 5/72 klaar
  batch 6/72 klaar
  batch 7/72 klaar
  batch 8/72 klaar
  batch 9/72 klaar
  batch 10/72 klaar
  batch 11/72 klaar
  batch 12/72 klaar
  batch 13/72 klaar
  batch 14/72 klaar
  batch 15/72 klaar
  batch 16/72 klaar
  batch 17/72 klaar
  batch 18/72 klaar
  batch 19/72 klaar
  batch 20/72 klaar
  batch 21/72 klaar
  batch 22/72 klaar
  batch 23/72 klaar
  batch 24/72 klaar
  batch 25/72 klaar
  batch 26/72 klaar
  batch 27/72 klaar
  batch 28/72 klaar
  batch 29/72 klaar
  batch 30/72 klaar
  batch 31/72 klaar
  batch 32/72 klaar
  batch 33/72 klaar
  batch 34/72 klaar
  batch 35/72 klaar
  batch 36/72 klaar
  batch 37/72 klaar
  batch 38/72 klaar
  batch 39/72 klaar
  batch 40/72 klaar
  batch 41/72 klaar
  batch 42/72 klaar
  batch 43/72 klaar
  batch 44/72 klaar
  batch 45/72 klaar
  batch 46/72 klaar
  batch 47/72 klaar
  batch 48/72 klaar
  batch 49/72 klaar
  batch 50/72 klaar
  batch 51/72 klaar
  batch 52/72 klaar
  batch 53/72 klaar
  batch 54/72 klaar
  batch 55/72 klaar
  batch 56/72 klaar
  batch 57/72 klaar
  batch 58/72 klaar
  batch 59/72 klaar
  batch 60/72 klaar
  batch 61/72 klaar
  batch 62/72 klaar
  batch 63/72 klaar
  batch 64/72 klaar
  batch 65/72 klaar
  batch 66/72 klaar
  batch 67/72 klaar
  batch 68/72 klaar
  batch 69/72 klaar
  batch 70/72 klaar
  batch 71/72 klaar
  batch 72/72 klaar
  Tijdstappen na trim: 120 (2026-07-10T00:00 t/m 2026-07-14T23:00)
  icon_eu_data_neerslag.bin: 2.6 MB
  icon_eu_data_cumul.bin: 2.6 MB
  icon_eu_data_temp.bin: 2.6 MB
  icon_eu_data_dauwpunt.bin: 2.6 MB
  icon_eu_data_rv.bin: 2.6 MB
  icon_eu_data_bewolking.bin: 7.9 MB
  icon_eu_data_wind.bin: 5.2 MB
  icon_eu_data_windstoten.bin: 5.2 MB
  icon_eu_data_druk.bin: 2.6 MB
  icon_eu_data_cape.bin: 2.6 MB
  icon_eu_data_straling.bin: 2.6 MB
  icon_eu_data_straling_direct.bin: 2.6 MB
  icon_eu_canvas_meta.json: 120 stappen, 2026-07-10T00:00 t/m 2026-07-14T23:00
   R2: icon_eu_canvas_meta.json (0.0 MB)
   R2: icon_eu_data_bewolking.bin (7.9 MB)
   R2: icon_eu_data_cape.bin (2.6 MB)
   R2: icon_eu_data_cumul.bin (2.6 MB)
   R2: icon_eu_data_dauwpunt.bin (2.6 MB)
   R2: icon_eu_data_druk.bin (2.6 MB)
   R2: icon_eu_data_neerslag.bin (2.6 MB)
   R2: icon_eu_data_rv.bin (2.6 MB)
   R2: icon_eu_data_straling.bin (2.6 MB)
   R2: icon_eu_data_straling_direct.bin (2.6 MB)
   R2: icon_eu_data_temp.bin (2.6 MB)
   R2: icon_eu_data_wind.bin (5.2 MB)
   R2: icon_eu_data_windstoten.bin (5.2 MB)
R2 upload klaar.
Klaar.
Fri Jul 10 14:30:33 CEST 2026: === ICON-EU klaar ===
Fri Jul 10 20:30:05 CEST 2026: === ICON-EU update ===
ICON-EU: 61x94 = 5734 punten, 72 batches
Model: icon_eu, forecast_days=5, prefix=icon_eu
  batch 1/72 klaar
  batch 2/72 klaar
  batch 3/72 klaar
  batch 4/72 klaar
  batch 5/72 klaar
  batch 6/72 klaar
  batch 7/72 klaar
  batch 8/72 klaar
  batch 9/72 klaar
  batch 10/72 klaar
  batch 11/72 klaar
  batch 12/72 klaar
  batch 13/72 klaar
  batch 14/72 klaar
  batch 15/72 klaar
  batch 16/72 klaar
  batch 17/72 klaar
  batch 18/72 klaar
  batch 19/72 klaar
  batch 20/72 klaar
  batch 21/72 klaar
  batch 22/72 klaar
  batch 23/72 klaar
  batch 24/72 klaar
  batch 25/72 klaar
  batch 26/72 klaar
  batch 27/72 klaar
  batch 28/72 klaar
  batch 29/72 klaar
  batch 30/72 klaar
  batch 31/72 klaar
  batch 32/72 klaar
  batch 33/72 klaar
  batch 34/72 klaar
  batch 35/72 klaar
  batch 36/72 klaar
  batch 37/72 klaar
  batch 38/72 klaar
  batch 39/72 klaar
  batch 40/72 klaar
  batch 41/72 klaar
  batch 42/72 klaar
  batch 43/72 klaar
  batch 44/72 klaar
  batch 45/72 klaar
  batch 46/72 klaar
  batch 47/72 klaar
  batch 48/72 klaar
  batch 49/72 klaar
  batch 50/72 klaar
  batch 51/72 klaar
  batch 52/72 klaar
  batch 53/72 klaar
  batch 54/72 klaar
  batch 55/72 klaar
  batch 56/72 klaar
  batch 57/72 klaar
  batch 58/72 klaar
  batch 59/72 klaar
  batch 60/72 klaar
  batch 61/72 klaar
  batch 62/72 klaar
  batch 63/72 klaar
  batch 64/72 klaar
  batch 65/72 klaar
  batch 66/72 klaar
  batch 67/72 klaar
  batch 68/72 klaar
  batch 69/72 klaar
  batch 70/72 klaar
  batch 71/72 klaar
  batch 72/72 klaar
  Tijdstappen na trim: 120 (2026-07-10T00:00 t/m 2026-07-14T23:00)
  icon_eu_data_neerslag.bin: 2.6 MB
  icon_eu_data_cumul.bin: 2.6 MB
  icon_eu_data_temp.bin: 2.6 MB
  icon_eu_data_dauwpunt.bin: 2.6 MB
  icon_eu_data_rv.bin: 2.6 MB
  icon_eu_data_bewolking.bin: 7.9 MB
  icon_eu_data_wind.bin: 5.2 MB
  icon_eu_data_windstoten.bin: 5.2 MB
  icon_eu_data_druk.bin: 2.6 MB
  icon_eu_data_cape.bin: 2.6 MB
  icon_eu_data_straling.bin: 2.6 MB
  icon_eu_data_straling_direct.bin: 2.6 MB
  icon_eu_canvas_meta.json: 120 stappen, 2026-07-10T00:00 t/m 2026-07-14T23:00
   R2: icon_eu_canvas_meta.json (0.0 MB)
   R2: icon_eu_data_bewolking.bin (7.9 MB)
   R2: icon_eu_data_cape.bin (2.6 MB)
   R2: icon_eu_data_cumul.bin (2.6 MB)
   R2: icon_eu_data_dauwpunt.bin (2.6 MB)
   R2: icon_eu_data_druk.bin (2.6 MB)
   R2: icon_eu_data_neerslag.bin (2.6 MB)
   R2: icon_eu_data_rv.bin (2.6 MB)
   R2: icon_eu_data_straling.bin (2.6 MB)
   R2: icon_eu_data_straling_direct.bin (2.6 MB)
   R2: icon_eu_data_temp.bin (2.6 MB)
   R2: icon_eu_data_wind.bin (5.2 MB)
   R2: icon_eu_data_windstoten.bin (5.2 MB)
R2 upload klaar.
Klaar.
Fri Jul 10 20:30:32 CEST 2026: === ICON-EU klaar ===
Sat Jul 11 02:30:05 CEST 2026: === ICON-EU update ===
ICON-EU: 61x94 = 5734 punten, 72 batches
Model: icon_eu, forecast_days=5, prefix=icon_eu
  batch 1/72 klaar
  batch 2/72 klaar
  batch 3/72 klaar
  batch 4/72 klaar
  batch 5/72 klaar
  batch 6/72 klaar
  batch 7/72 klaar
  batch 8/72 klaar
  batch 9/72 klaar
  batch 10/72 klaar
  batch 11/72 klaar
  batch 12/72 klaar
  batch 13/72 klaar
  batch 14/72 klaar
  batch 15/72 klaar
  batch 16/72 klaar
  batch 17/72 klaar
  batch 18/72 klaar
  batch 19/72 klaar
  batch 20/72 klaar
  batch 21/72 klaar
  batch 22/72 klaar
  batch 23/72 klaar
  batch 24/72 klaar
  batch 25/72 klaar
  batch 26/72 klaar
  batch 27/72 klaar
  batch 28/72 klaar
  batch 29/72 klaar
  batch 30/72 klaar
  batch 31/72 klaar
  batch 32/72 klaar
  batch 33/72 klaar
  batch 34/72 klaar
  batch 35/72 klaar
  batch 36/72 klaar
  batch 37/72 klaar
  batch 38/72 klaar
  batch 39/72 klaar
  batch 40/72 klaar
  batch 41/72 klaar
  batch 42/72 klaar
  batch 43/72 klaar
  batch 44/72 klaar
  batch 45/72 klaar
  batch 46/72 klaar
  batch 47/72 klaar
  batch 48/72 klaar
  batch 49/72 klaar
  batch 50/72 klaar
  batch 51/72 klaar
  batch 52/72 klaar
  batch 53/72 klaar
  batch 54/72 klaar
  batch 55/72 klaar
  batch 56/72 klaar
  batch 57/72 klaar
  batch 58/72 klaar
  batch 59/72 klaar
  batch 60/72 klaar
  batch 61/72 klaar
  batch 62/72 klaar
  batch 63/72 klaar
  batch 64/72 klaar
  batch 65/72 klaar
  batch 66/72 klaar
  batch 67/72 klaar
  batch 68/72 klaar
  batch 69/72 klaar
  batch 70/72 klaar
  batch 71/72 klaar
  batch 72/72 klaar
  Tijdstappen na trim: 120 (2026-07-11T00:00 t/m 2026-07-15T23:00)
  icon_eu_data_neerslag.bin: 2.6 MB
  icon_eu_data_cumul.bin: 2.6 MB
  icon_eu_data_temp.bin: 2.6 MB
  icon_eu_data_dauwpunt.bin: 2.6 MB
  icon_eu_data_rv.bin: 2.6 MB
  icon_eu_data_bewolking.bin: 7.9 MB
  icon_eu_data_wind.bin: 5.2 MB
  icon_eu_data_windstoten.bin: 5.2 MB
  icon_eu_data_druk.bin: 2.6 MB
  icon_eu_data_cape.bin: 2.6 MB
  icon_eu_data_straling.bin: 2.6 MB
  icon_eu_data_straling_direct.bin: 2.6 MB
  icon_eu_canvas_meta.json: 120 stappen, 2026-07-11T00:00 t/m 2026-07-15T23:00
   R2: icon_eu_canvas_meta.json (0.0 MB)
   R2: icon_eu_data_bewolking.bin (7.9 MB)
   R2: icon_eu_data_cape.bin (2.6 MB)
   R2: icon_eu_data_cumul.bin (2.6 MB)
   R2: icon_eu_data_dauwpunt.bin (2.6 MB)
   R2: icon_eu_data_druk.bin (2.6 MB)
   R2: icon_eu_data_neerslag.bin (2.6 MB)
   R2: icon_eu_data_rv.bin (2.6 MB)
   R2: icon_eu_data_straling.bin (2.6 MB)
   R2: icon_eu_data_straling_direct.bin (2.6 MB)
   R2: icon_eu_data_temp.bin (2.6 MB)
   R2: icon_eu_data_wind.bin (5.2 MB)
   R2: icon_eu_data_windstoten.bin (5.2 MB)
R2 upload klaar.
Klaar.
Sat Jul 11 02:30:31 CEST 2026: === ICON-EU klaar ===
Sat Jul 11 08:30:04 CEST 2026: === ICON-EU update ===
ICON-EU: 61x94 = 5734 punten, 72 batches
Model: icon_eu, forecast_days=5, prefix=icon_eu
  batch 1/72 klaar
  batch 2/72 klaar
  batch 3/72 klaar
  batch 4/72 klaar
  batch 5/72 klaar
  batch 6/72 klaar
  batch 7/72 klaar
  batch 8/72 klaar
  batch 9/72 klaar
  batch 10/72 klaar
  batch 11/72 klaar
  batch 12/72 klaar
  batch 13/72 klaar
  batch 14/72 klaar
  batch 15/72 klaar
  batch 16/72 klaar
  batch 17/72 klaar
  batch 18/72 klaar
  batch 19/72 klaar
  batch 20/72 klaar
  batch 21/72 klaar
  batch 22/72 klaar
  batch 23/72 klaar
  batch 24/72 klaar
  batch 25/72 klaar
  batch 26/72 klaar
  batch 27/72 klaar
  batch 28/72 klaar
  batch 29/72 klaar
  batch 30/72 klaar
  batch 31/72 klaar
  batch 32/72 klaar
  batch 33/72 klaar
  batch 34/72 klaar
  batch 35/72 klaar
  batch 36/72 klaar
  batch 37/72 klaar
  batch 38/72 klaar
  batch 39/72 klaar
  batch 40/72 klaar
  batch 41/72 klaar
  batch 42/72 klaar
  batch 43/72 klaar
  batch 44/72 klaar
  batch 45/72 klaar
  batch 46/72 klaar
  batch 47/72 klaar
  batch 48/72 klaar
  batch 49/72 klaar
  batch 50/72 klaar
  batch 51/72 klaar
  batch 52/72 klaar
  batch 53/72 klaar
  batch 54/72 klaar
  batch 55/72 klaar
  batch 56/72 klaar
  batch 57/72 klaar
  batch 58/72 klaar
  batch 59/72 klaar
  batch 60/72 klaar
  batch 61/72 klaar
  batch 62/72 klaar
  batch 63/72 klaar
  batch 64/72 klaar
  batch 65/72 klaar
  batch 66/72 klaar
  batch 67/72 klaar
  batch 68/72 klaar
  batch 69/72 klaar
  batch 70/72 klaar
  batch 71/72 klaar
  batch 72/72 klaar
  Tijdstappen na trim: 120 (2026-07-11T00:00 t/m 2026-07-15T23:00)
  icon_eu_data_neerslag.bin: 2.6 MB
  icon_eu_data_cumul.bin: 2.6 MB
  icon_eu_data_temp.bin: 2.6 MB
  icon_eu_data_dauwpunt.bin: 2.6 MB
  icon_eu_data_rv.bin: 2.6 MB
  icon_eu_data_bewolking.bin: 7.9 MB
  icon_eu_data_wind.bin: 5.2 MB
  icon_eu_data_windstoten.bin: 5.2 MB
  icon_eu_data_druk.bin: 2.6 MB
  icon_eu_data_cape.bin: 2.6 MB
  icon_eu_data_straling.bin: 2.6 MB
  icon_eu_data_straling_direct.bin: 2.6 MB
  icon_eu_canvas_meta.json: 120 stappen, 2026-07-11T00:00 t/m 2026-07-15T23:00
   R2: icon_eu_canvas_meta.json (0.0 MB)
   R2: icon_eu_data_bewolking.bin (7.9 MB)
   R2: icon_eu_data_cape.bin (2.6 MB)
   R2: icon_eu_data_cumul.bin (2.6 MB)
   R2: icon_eu_data_dauwpunt.bin (2.6 MB)
   R2: icon_eu_data_druk.bin (2.6 MB)
   R2: icon_eu_data_neerslag.bin (2.6 MB)
   R2: icon_eu_data_rv.bin (2.6 MB)
   R2: icon_eu_data_straling.bin (2.6 MB)
   R2: icon_eu_data_straling_direct.bin (2.6 MB)
   R2: icon_eu_data_temp.bin (2.6 MB)
   R2: icon_eu_data_wind.bin (5.2 MB)
   R2: icon_eu_data_windstoten.bin (5.2 MB)
R2 upload klaar.
Klaar.
Sat Jul 11 08:30:30 CEST 2026: === ICON-EU klaar ===
Sat Jul 11 14:30:05 CEST 2026: === ICON-EU update ===
ICON-EU: 61x94 = 5734 punten, 72 batches
Model: icon_eu, forecast_days=5, prefix=icon_eu
  batch 1/72 klaar
  batch 2/72 klaar
  batch 3/72 klaar
  batch 4/72 klaar
  batch 5/72 klaar
  batch 6/72 klaar
  batch 7/72 klaar
  batch 8/72 klaar
  batch 9/72 klaar
  batch 10/72 klaar
  batch 11/72 klaar
  batch 12/72 klaar
  batch 13/72 klaar
  batch 14/72 klaar
  batch 15/72 klaar
  batch 16/72 klaar
  batch 17/72 klaar
  batch 18/72 klaar
  batch 19/72 klaar
  batch 20/72 klaar
  batch 21/72 klaar
  batch 22/72 klaar
  batch 23/72 klaar
  batch 24/72 klaar
  batch 25/72 klaar
  batch 26/72 klaar
  batch 27/72 klaar
  batch 28/72 klaar
  batch 29/72 klaar
  batch 30/72 klaar
  batch 31/72 klaar
  batch 32/72 klaar
  batch 33/72 klaar
  batch 34/72 klaar
  batch 35/72 klaar
  batch 36/72 klaar
  batch 37/72 klaar
  batch 38/72 klaar
  batch 39/72 klaar
  batch 40/72 klaar
  batch 41/72 klaar
  batch 42/72 klaar
  batch 43/72 klaar
  batch 44/72 klaar
  batch 45/72 klaar
  batch 46/72 klaar
  batch 47/72 klaar
  batch 48/72 klaar
  batch 49/72 klaar
  batch 50/72 klaar
  batch 51/72 klaar
  batch 52/72 klaar
  batch 53/72 klaar
  batch 54/72 klaar
  batch 55/72 klaar
  batch 56/72 klaar
  batch 57/72 klaar
  batch 58/72 klaar
  batch 59/72 klaar
  batch 60/72 klaar
  batch 61/72 klaar
  batch 62/72 klaar
  batch 63/72 klaar
  batch 64/72 klaar
  batch 65/72 klaar
  batch 66/72 klaar
  batch 67/72 klaar
  batch 68/72 klaar
  batch 69/72 klaar
  batch 70/72 klaar
  batch 71/72 klaar
  batch 72/72 klaar
  Tijdstappen na trim: 120 (2026-07-11T00:00 t/m 2026-07-15T23:00)
  icon_eu_data_neerslag.bin: 2.6 MB
  icon_eu_data_cumul.bin: 2.6 MB
  icon_eu_data_temp.bin: 2.6 MB
  icon_eu_data_dauwpunt.bin: 2.6 MB
  icon_eu_data_rv.bin: 2.6 MB
  icon_eu_data_bewolking.bin: 7.9 MB
  icon_eu_data_wind.bin: 5.2 MB
  icon_eu_data_windstoten.bin: 5.2 MB
  icon_eu_data_druk.bin: 2.6 MB
  icon_eu_data_cape.bin: 2.6 MB
  icon_eu_data_straling.bin: 2.6 MB
  icon_eu_data_straling_direct.bin: 2.6 MB
  icon_eu_canvas_meta.json: 120 stappen, 2026-07-11T00:00 t/m 2026-07-15T23:00
   R2: icon_eu_canvas_meta.json (0.0 MB)
   R2: icon_eu_data_bewolking.bin (7.9 MB)
   R2: icon_eu_data_cape.bin (2.6 MB)
   R2: icon_eu_data_cumul.bin (2.6 MB)
   R2: icon_eu_data_dauwpunt.bin (2.6 MB)
   R2: icon_eu_data_druk.bin (2.6 MB)
   R2: icon_eu_data_neerslag.bin (2.6 MB)
   R2: icon_eu_data_rv.bin (2.6 MB)
   R2: icon_eu_data_straling.bin (2.6 MB)
   R2: icon_eu_data_straling_direct.bin (2.6 MB)
   R2: icon_eu_data_temp.bin (2.6 MB)
   R2: icon_eu_data_wind.bin (5.2 MB)
   R2: icon_eu_data_windstoten.bin (5.2 MB)
R2 upload klaar.
Klaar.
Sat Jul 11 14:30:31 CEST 2026: === ICON-EU klaar ===
Sat Jul 11 20:30:05 CEST 2026: === ICON-EU update ===
ICON-EU: 61x94 = 5734 punten, 72 batches
Model: icon_eu, forecast_days=5, prefix=icon_eu
  batch 1/72 klaar
  batch 2/72 klaar
  batch 3/72 klaar
  batch 4/72 klaar
  batch 5/72 klaar
  batch 6/72 klaar
  batch 7/72 klaar
  batch 8/72 klaar
  batch 9/72 klaar
  batch 10/72 klaar
  batch 11/72 klaar
  batch 12/72 klaar
  batch 13/72 klaar
  batch 14/72 klaar
  batch 15/72 klaar
  batch 16/72 klaar
  batch 17/72 klaar
  batch 18/72 klaar
  batch 19/72 klaar
  batch 20/72 klaar
  batch 21/72 klaar
  batch 22/72 klaar
  batch 23/72 klaar
  batch 24/72 klaar
  batch 25/72 klaar
  batch 26/72 klaar
  batch 27/72 klaar
  batch 28/72 klaar
  batch 29/72 klaar
  batch 30/72 klaar
  batch 31/72 klaar
  batch 32/72 klaar
  batch 33/72 klaar
  batch 34/72 klaar
  batch 35/72 klaar
  batch 36/72 klaar
  batch 37/72 klaar
  batch 38/72 klaar
  batch 39/72 klaar
  batch 40/72 klaar
  batch 41/72 klaar
  batch 42/72 klaar
  batch 43/72 klaar
  batch 44/72 klaar
  batch 45/72 klaar
  batch 46/72 klaar
  batch 47/72 klaar
  batch 48/72 klaar
  batch 49/72 klaar
  batch 50/72 klaar
  batch 51/72 klaar
  batch 52/72 klaar
  batch 53/72 klaar
  batch 54/72 klaar
  batch 55/72 klaar
  batch 56/72 klaar
  batch 57/72 klaar
  batch 58/72 klaar
  batch 59/72 klaar
  batch 60/72 klaar
  batch 61/72 klaar
  batch 62/72 klaar
  batch 63/72 klaar
  batch 64/72 klaar
  batch 65/72 klaar
  batch 66/72 klaar
  batch 67/72 klaar
  batch 68/72 klaar
  batch 69/72 klaar
  batch 70/72 klaar
  batch 71/72 klaar
  batch 72/72 klaar
  Tijdstappen na trim: 120 (2026-07-11T00:00 t/m 2026-07-15T23:00)
  icon_eu_data_neerslag.bin: 2.6 MB
  icon_eu_data_cumul.bin: 2.6 MB
  icon_eu_data_temp.bin: 2.6 MB
  icon_eu_data_dauwpunt.bin: 2.6 MB
  icon_eu_data_rv.bin: 2.6 MB
  icon_eu_data_bewolking.bin: 7.9 MB
  icon_eu_data_wind.bin: 5.2 MB
  icon_eu_data_windstoten.bin: 5.2 MB
  icon_eu_data_druk.bin: 2.6 MB
  icon_eu_data_cape.bin: 2.6 MB
  icon_eu_data_straling.bin: 2.6 MB
  icon_eu_data_straling_direct.bin: 2.6 MB
  icon_eu_canvas_meta.json: 120 stappen, 2026-07-11T00:00 t/m 2026-07-15T23:00
   R2: icon_eu_canvas_meta.json (0.0 MB)
   R2: icon_eu_data_bewolking.bin (7.9 MB)
   R2: icon_eu_data_cape.bin (2.6 MB)
   R2: icon_eu_data_cumul.bin (2.6 MB)
   R2: icon_eu_data_dauwpunt.bin (2.6 MB)
   R2: icon_eu_data_druk.bin (2.6 MB)
   R2: icon_eu_data_neerslag.bin (2.6 MB)
   R2: icon_eu_data_rv.bin (2.6 MB)
   R2: icon_eu_data_straling.bin (2.6 MB)
   R2: icon_eu_data_straling_direct.bin (2.6 MB)
   R2: icon_eu_data_temp.bin (2.6 MB)
   R2: icon_eu_data_wind.bin (5.2 MB)
   R2: icon_eu_data_windstoten.bin (5.2 MB)
R2 upload klaar.
Klaar.
Sat Jul 11 20:30:33 CEST 2026: === ICON-EU klaar ===
Sun Jul 12 02:30:05 CEST 2026: === ICON-EU update ===
ICON-EU: 61x94 = 5734 punten, 72 batches
Model: icon_eu, forecast_days=5, prefix=icon_eu
  batch 1/72 klaar
  batch 2/72 klaar
  batch 3/72 klaar
  batch 4/72 klaar
  batch 5/72 klaar
  batch 6/72 klaar
  batch 7/72 klaar
  batch 8/72 klaar
  batch 9/72 klaar
  batch 10/72 klaar
  batch 11/72 klaar
  batch 12/72 klaar
  batch 13/72 klaar
  batch 14/72 klaar
  batch 15/72 klaar
  batch 16/72 klaar
  batch 17/72 klaar
  batch 18/72 klaar
  batch 19/72 klaar
  batch 20/72 klaar
  batch 21/72 klaar
  batch 22/72 klaar
  batch 23/72 klaar
  batch 24/72 klaar
  batch 25/72 klaar
  batch 26/72 klaar
  batch 27/72 klaar
  batch 28/72 klaar
  batch 29/72 klaar
  batch 30/72 klaar
  batch 31/72 klaar
  batch 32/72 klaar
  batch 33/72 klaar
  batch 34/72 klaar
  batch 35/72 klaar
  batch 36/72 klaar
  batch 37/72 klaar
  batch 38/72 klaar
  batch 39/72 klaar
  batch 40/72 klaar
  batch 41/72 klaar
  batch 42/72 klaar
  batch 43/72 klaar
  batch 44/72 klaar
  batch 45/72 klaar
  batch 46/72 klaar
  batch 47/72 klaar
  batch 48/72 klaar
  batch 49/72 klaar
  batch 50/72 klaar
  batch 51/72 klaar
  batch 52/72 klaar
  batch 53/72 klaar
  batch 54/72 klaar
  batch 55/72 klaar
  batch 56/72 klaar
  batch 57/72 klaar
  batch 58/72 klaar
  batch 59/72 klaar
  batch 60/72 klaar
  batch 61/72 klaar
  batch 62/72 klaar
  batch 63/72 klaar
  batch 64/72 klaar
  batch 65/72 klaar
  batch 66/72 klaar
  batch 67/72 klaar
  batch 68/72 klaar
  batch 69/72 klaar
  batch 70/72 klaar
  batch 71/72 klaar
  batch 72/72 klaar
  Tijdstappen na trim: 120 (2026-07-12T00:00 t/m 2026-07-16T23:00)
  icon_eu_data_neerslag.bin: 2.6 MB
  icon_eu_data_cumul.bin: 2.6 MB
  icon_eu_data_temp.bin: 2.6 MB
  icon_eu_data_dauwpunt.bin: 2.6 MB
  icon_eu_data_rv.bin: 2.6 MB
  icon_eu_data_bewolking.bin: 7.9 MB
  icon_eu_data_wind.bin: 5.2 MB
  icon_eu_data_windstoten.bin: 5.2 MB
  icon_eu_data_druk.bin: 2.6 MB
  icon_eu_data_cape.bin: 2.6 MB
  icon_eu_data_straling.bin: 2.6 MB
  icon_eu_data_straling_direct.bin: 2.6 MB
  icon_eu_canvas_meta.json: 120 stappen, 2026-07-12T00:00 t/m 2026-07-16T23:00
   R2: icon_eu_canvas_meta.json (0.0 MB)
   R2: icon_eu_data_bewolking.bin (7.9 MB)
   R2: icon_eu_data_cape.bin (2.6 MB)
   R2: icon_eu_data_cumul.bin (2.6 MB)
   R2: icon_eu_data_dauwpunt.bin (2.6 MB)
   R2: icon_eu_data_druk.bin (2.6 MB)
   R2: icon_eu_data_neerslag.bin (2.6 MB)
   R2: icon_eu_data_rv.bin (2.6 MB)
   R2: icon_eu_data_straling.bin (2.6 MB)
   R2: icon_eu_data_straling_direct.bin (2.6 MB)
   R2: icon_eu_data_temp.bin (2.6 MB)
   R2: icon_eu_data_wind.bin (5.2 MB)
   R2: icon_eu_data_windstoten.bin (5.2 MB)
R2 upload klaar.
Klaar.
Sun Jul 12 02:30:30 CEST 2026: === ICON-EU klaar ===
Sun Jul 12 08:30:05 CEST 2026: === ICON-EU update ===
ICON-EU: 61x94 = 5734 punten, 72 batches
Model: icon_eu, forecast_days=5, prefix=icon_eu
  batch 1/72 klaar
  batch 2/72 klaar
  batch 3/72 klaar
  batch 4/72 klaar
  batch 5/72 klaar
  batch 6/72 klaar
  batch 7/72 klaar
  batch 8/72 klaar
  batch 9/72 klaar
  batch 10/72 klaar
  batch 11/72 klaar
  batch 12/72 klaar
  batch 13/72 klaar
  batch 14/72 klaar
  batch 15/72 klaar
  batch 16/72 klaar
  batch 17/72 klaar
  batch 18/72 klaar
  batch 19/72 klaar
  batch 20/72 klaar
  batch 21/72 klaar
  batch 22/72 klaar
  batch 23/72 klaar
  batch 24/72 klaar
  batch 25/72 klaar
  batch 26/72 klaar
  batch 27/72 klaar
  batch 28/72 klaar
  batch 29/72 klaar
  batch 30/72 klaar
  batch 31/72 klaar
  batch 32/72 klaar
  batch 33/72 klaar
  batch 34/72 klaar
  batch 35/72 klaar
  batch 36/72 klaar
  batch 37/72 klaar
  batch 38/72 klaar
  batch 39/72 klaar
  batch 40/72 klaar
  batch 41/72 klaar
  batch 42/72 klaar
  batch 43/72 klaar
  batch 44/72 klaar
  batch 45/72 klaar
  batch 46/72 klaar
  batch 47/72 klaar
  batch 48/72 klaar
  batch 49/72 klaar
  batch 50/72 klaar
  batch 51/72 klaar
  batch 52/72 klaar
  batch 53/72 klaar
  batch 54/72 klaar
  batch 55/72 klaar
  batch 56/72 klaar
  batch 57/72 klaar
  batch 58/72 klaar
  batch 59/72 klaar
  batch 60/72 klaar
  batch 61/72 klaar
  batch 62/72 klaar
  batch 63/72 klaar
  batch 64/72 klaar
  batch 65/72 klaar
  batch 66/72 klaar
  batch 67/72 klaar
  batch 68/72 klaar
  batch 69/72 klaar
  batch 70/72 klaar
  batch 71/72 klaar
  batch 72/72 klaar
  Tijdstappen na trim: 120 (2026-07-12T00:00 t/m 2026-07-16T23:00)
  icon_eu_data_neerslag.bin: 2.6 MB
  icon_eu_data_cumul.bin: 2.6 MB
  icon_eu_data_temp.bin: 2.6 MB
  icon_eu_data_dauwpunt.bin: 2.6 MB
  icon_eu_data_rv.bin: 2.6 MB
  icon_eu_data_bewolking.bin: 7.9 MB
  icon_eu_data_wind.bin: 5.2 MB
  icon_eu_data_windstoten.bin: 5.2 MB
  icon_eu_data_druk.bin: 2.6 MB
  icon_eu_data_cape.bin: 2.6 MB
  icon_eu_data_straling.bin: 2.6 MB
  icon_eu_data_straling_direct.bin: 2.6 MB
  icon_eu_canvas_meta.json: 120 stappen, 2026-07-12T00:00 t/m 2026-07-16T23:00
   R2: icon_eu_canvas_meta.json (0.0 MB)
   R2: icon_eu_data_bewolking.bin (7.9 MB)
   R2: icon_eu_data_cape.bin (2.6 MB)
   R2: icon_eu_data_cumul.bin (2.6 MB)
   R2: icon_eu_data_dauwpunt.bin (2.6 MB)
   R2: icon_eu_data_druk.bin (2.6 MB)
   R2: icon_eu_data_neerslag.bin (2.6 MB)
   R2: icon_eu_data_rv.bin (2.6 MB)
   R2: icon_eu_data_straling.bin (2.6 MB)
   R2: icon_eu_data_straling_direct.bin (2.6 MB)
   R2: icon_eu_data_temp.bin (2.6 MB)
   R2: icon_eu_data_wind.bin (5.2 MB)
   R2: icon_eu_data_windstoten.bin (5.2 MB)
R2 upload klaar.
Klaar.
Sun Jul 12 08:30:31 CEST 2026: === ICON-EU klaar ===
Sun Jul 12 14:30:02 CEST 2026: === ICON-EU update ===
ICON-EU: 61x94 = 5734 punten, 72 batches
Model: icon_eu, forecast_days=5, prefix=icon_eu
  batch 1/72 klaar
  batch 2/72 klaar
  batch 3/72 klaar
  batch 4/72 klaar
  batch 5/72 klaar
  batch 6/72 klaar
  batch 7/72 klaar
  batch 8/72 klaar
  batch 9/72 klaar
  batch 10/72 klaar
  batch 11/72 klaar
  batch 12/72 klaar
  batch 13/72 klaar
  batch 14/72 klaar
  batch 15/72 klaar
  batch 16/72 klaar
  batch 17/72 klaar
  batch 18/72 klaar
  batch 19/72 klaar
  batch 20/72 klaar
  batch 21/72 klaar
  batch 22/72 klaar
  batch 23/72 klaar
  batch 24/72 klaar
  batch 25/72 klaar
  batch 26/72 klaar
  batch 27/72 klaar
  batch 28/72 klaar
  batch 29/72 klaar
  batch 30/72 klaar
  batch 31/72 klaar
  batch 32/72 klaar
  batch 33/72 klaar
  batch 34/72 klaar
  batch 35/72 klaar
  batch 36/72 klaar
  batch 37/72 klaar
  batch 38/72 klaar
  batch 39/72 klaar
  batch 40/72 klaar
  batch 41/72 klaar
  batch 42/72 klaar
  batch 43/72 klaar
  batch 44/72 klaar
  batch 45/72 klaar
  batch 46/72 klaar
  batch 47/72 klaar
  batch 48/72 klaar
  batch 49/72 klaar
  batch 50/72 klaar
  batch 51/72 klaar
  batch 52/72 klaar
  batch 53/72 klaar
  batch 54/72 klaar
  batch 55/72 klaar
  batch 56/72 klaar
  batch 57/72 klaar
  batch 58/72 klaar
  batch 59/72 klaar
  batch 60/72 klaar
  batch 61/72 klaar
  batch 62/72 klaar
  batch 63/72 klaar
  batch 64/72 klaar
  batch 65/72 klaar
  batch 66/72 klaar
  batch 67/72 klaar
  batch 68/72 klaar
  batch 69/72 klaar
  batch 70/72 klaar
  batch 71/72 klaar
  batch 72/72 klaar
  Tijdstappen na trim: 120 (2026-07-12T00:00 t/m 2026-07-16T23:00)
  icon_eu_data_neerslag.bin: 2.6 MB
  icon_eu_data_cumul.bin: 2.6 MB
  icon_eu_data_temp.bin: 2.6 MB
  icon_eu_data_dauwpunt.bin: 2.6 MB
  icon_eu_data_rv.bin: 2.6 MB
  icon_eu_data_bewolking.bin: 7.9 MB
  icon_eu_data_wind.bin: 5.2 MB
  icon_eu_data_windstoten.bin: 5.2 MB
  icon_eu_data_druk.bin: 2.6 MB
  icon_eu_data_cape.bin: 2.6 MB
  icon_eu_data_straling.bin: 2.6 MB
  icon_eu_data_straling_direct.bin: 2.6 MB
  icon_eu_canvas_meta.json: 120 stappen, 2026-07-12T00:00 t/m 2026-07-16T23:00
   R2: icon_eu_canvas_meta.json (0.0 MB)
   R2: icon_eu_data_bewolking.bin (7.9 MB)
   R2: icon_eu_data_cape.bin (2.6 MB)
   R2: icon_eu_data_cumul.bin (2.6 MB)
   R2: icon_eu_data_dauwpunt.bin (2.6 MB)
   R2: icon_eu_data_druk.bin (2.6 MB)
   R2: icon_eu_data_neerslag.bin (2.6 MB)
   R2: icon_eu_data_rv.bin (2.6 MB)
   R2: icon_eu_data_straling.bin (2.6 MB)
   R2: icon_eu_data_straling_direct.bin (2.6 MB)
   R2: icon_eu_data_temp.bin (2.6 MB)
   R2: icon_eu_data_wind.bin (5.2 MB)
   R2: icon_eu_data_windstoten.bin (5.2 MB)
R2 upload klaar.
Klaar.
Sun Jul 12 14:30:28 CEST 2026: === ICON-EU klaar ===
Sun Jul 12 20:30:05 CEST 2026: === ICON-EU update ===
ICON-EU: 61x94 = 5734 punten, 72 batches
Model: icon_eu, forecast_days=5, prefix=icon_eu
  batch 1/72 klaar
  batch 2/72 klaar
  batch 3/72 klaar
  batch 4/72 klaar
  batch 5/72 klaar
  batch 6/72 klaar
  batch 7/72 klaar
  batch 8/72 klaar
  batch 9/72 klaar
  batch 10/72 klaar
  batch 11/72 klaar
  batch 12/72 klaar
  batch 13/72 klaar
  batch 14/72 klaar
  batch 15/72 klaar
  batch 16/72 klaar
  batch 17/72 klaar
  batch 18/72 klaar
  batch 19/72 klaar
  batch 20/72 klaar
  batch 21/72 klaar
  batch 22/72 klaar
  batch 23/72 klaar
  batch 24/72 klaar
  batch 25/72 klaar
  batch 26/72 klaar
  batch 27/72 klaar
  batch 28/72 klaar
  batch 29/72 klaar
  batch 30/72 klaar
  batch 31/72 klaar
  batch 32/72 klaar
  batch 33/72 klaar
  batch 34/72 klaar
  batch 35/72 klaar
  batch 36/72 klaar
  batch 37/72 klaar
  batch 38/72 klaar
  batch 39/72 klaar
  batch 40/72 klaar
  batch 41/72 klaar
  batch 42/72 klaar
  batch 43/72 klaar
  batch 44/72 klaar
  batch 45/72 klaar
  batch 46/72 klaar
  batch 47/72 klaar
  batch 48/72 klaar
  batch 49/72 klaar
  batch 50/72 klaar
  batch 51/72 klaar
  batch 52/72 klaar
  batch 53/72 klaar
  batch 54/72 klaar
  batch 55/72 klaar
  batch 56/72 klaar
  batch 57/72 klaar
  batch 58/72 klaar
  batch 59/72 klaar
  batch 60/72 klaar
  batch 61/72 klaar
  batch 62/72 klaar
  batch 63/72 klaar
  batch 64/72 klaar
  batch 65/72 klaar
  batch 66/72 klaar
  batch 67/72 klaar
  batch 68/72 klaar
  batch 69/72 klaar
  batch 70/72 klaar
  batch 71/72 klaar
  batch 72/72 klaar
  Tijdstappen na trim: 120 (2026-07-12T00:00 t/m 2026-07-16T23:00)
  icon_eu_data_neerslag.bin: 2.6 MB
  icon_eu_data_cumul.bin: 2.6 MB
  icon_eu_data_temp.bin: 2.6 MB
  icon_eu_data_dauwpunt.bin: 2.6 MB
  icon_eu_data_rv.bin: 2.6 MB
  icon_eu_data_bewolking.bin: 7.9 MB
  icon_eu_data_wind.bin: 5.2 MB
  icon_eu_data_windstoten.bin: 5.2 MB
  icon_eu_data_druk.bin: 2.6 MB
  icon_eu_data_cape.bin: 2.6 MB
  icon_eu_data_straling.bin: 2.6 MB
  icon_eu_data_straling_direct.bin: 2.6 MB
  icon_eu_canvas_meta.json: 120 stappen, 2026-07-12T00:00 t/m 2026-07-16T23:00
   R2: icon_eu_canvas_meta.json (0.0 MB)
   R2: icon_eu_data_bewolking.bin (7.9 MB)
   R2: icon_eu_data_cape.bin (2.6 MB)
   R2: icon_eu_data_cumul.bin (2.6 MB)
   R2: icon_eu_data_dauwpunt.bin (2.6 MB)
   R2: icon_eu_data_druk.bin (2.6 MB)
   R2: icon_eu_data_neerslag.bin (2.6 MB)
   R2: icon_eu_data_rv.bin (2.6 MB)
   R2: icon_eu_data_straling.bin (2.6 MB)
   R2: icon_eu_data_straling_direct.bin (2.6 MB)
   R2: icon_eu_data_temp.bin (2.6 MB)
   R2: icon_eu_data_wind.bin (5.2 MB)
   R2: icon_eu_data_windstoten.bin (5.2 MB)
R2 upload klaar.
Klaar.
Sun Jul 12 20:30:31 CEST 2026: === ICON-EU klaar ===
Mon Jul 13 02:30:05 CEST 2026: === ICON-EU update ===
ICON-EU: 61x94 = 5734 punten, 72 batches
Model: icon_eu, forecast_days=5, prefix=icon_eu
  batch 1/72 klaar
  batch 2/72 klaar
  batch 3/72 klaar
  batch 4/72 klaar
  batch 5/72 klaar
  batch 6/72 klaar
  batch 7/72 klaar
  batch 8/72 klaar
  batch 9/72 klaar
  batch 10/72 klaar
  batch 11/72 klaar
  batch 12/72 klaar
  batch 13/72 klaar
  batch 14/72 klaar
  batch 15/72 klaar
  batch 16/72 klaar
  batch 17/72 klaar
  batch 18/72 klaar
  batch 19/72 klaar
  batch 20/72 klaar
  batch 21/72 klaar
  batch 22/72 klaar
  batch 23/72 klaar
  batch 24/72 klaar
  batch 25/72 klaar
  batch 26/72 klaar
  batch 27/72 klaar
  batch 28/72 klaar
  batch 29/72 klaar
  batch 30/72 klaar
  batch 31/72 klaar
  batch 32/72 klaar
  batch 33/72 klaar
  batch 34/72 klaar
  batch 35/72 klaar
  batch 36/72 klaar
  batch 37/72 klaar
  batch 38/72 klaar
  batch 39/72 klaar
  batch 40/72 klaar
  batch 41/72 klaar
  batch 42/72 klaar
  batch 43/72 klaar
  batch 44/72 klaar
  batch 45/72 klaar
  batch 46/72 klaar
  batch 47/72 klaar
  batch 48/72 klaar
  batch 49/72 klaar
  batch 50/72 klaar
  batch 51/72 klaar
  batch 52/72 klaar
  batch 53/72 klaar
  batch 54/72 klaar
  batch 55/72 klaar
  batch 56/72 klaar
  batch 57/72 klaar
  batch 58/72 klaar
  batch 59/72 klaar
  batch 60/72 klaar
  batch 61/72 klaar
  batch 62/72 klaar
  batch 63/72 klaar
  batch 64/72 klaar
  batch 65/72 klaar
  batch 66/72 klaar
  batch 67/72 klaar
  batch 68/72 klaar
  batch 69/72 klaar
  batch 70/72 klaar
  batch 71/72 klaar
  batch 72/72 klaar
  Tijdstappen na trim: 120 (2026-07-13T00:00 t/m 2026-07-17T23:00)
  icon_eu_data_neerslag.bin: 2.6 MB
  icon_eu_data_cumul.bin: 2.6 MB
  icon_eu_data_temp.bin: 2.6 MB
  icon_eu_data_dauwpunt.bin: 2.6 MB
  icon_eu_data_rv.bin: 2.6 MB
  icon_eu_data_bewolking.bin: 7.9 MB
  icon_eu_data_wind.bin: 5.2 MB
  icon_eu_data_windstoten.bin: 5.2 MB
  icon_eu_data_druk.bin: 2.6 MB
  icon_eu_data_cape.bin: 2.6 MB
  icon_eu_data_straling.bin: 2.6 MB
  icon_eu_data_straling_direct.bin: 2.6 MB
  icon_eu_canvas_meta.json: 120 stappen, 2026-07-13T00:00 t/m 2026-07-17T23:00
   R2: icon_eu_canvas_meta.json (0.0 MB)
   R2: icon_eu_data_bewolking.bin (7.9 MB)
   R2: icon_eu_data_cape.bin (2.6 MB)
   R2: icon_eu_data_cumul.bin (2.6 MB)
   R2: icon_eu_data_dauwpunt.bin (2.6 MB)
   R2: icon_eu_data_druk.bin (2.6 MB)
   R2: icon_eu_data_neerslag.bin (2.6 MB)
   R2: icon_eu_data_rv.bin (2.6 MB)
   R2: icon_eu_data_straling.bin (2.6 MB)
   R2: icon_eu_data_straling_direct.bin (2.6 MB)
   R2: icon_eu_data_temp.bin (2.6 MB)
   R2: icon_eu_data_wind.bin (5.2 MB)
   R2: icon_eu_data_windstoten.bin (5.2 MB)
R2 upload klaar.
Klaar.
Mon Jul 13 02:30:36 CEST 2026: === ICON-EU klaar ===
Mon Jul 13 08:30:04 CEST 2026: === ICON-EU update ===
ICON-EU: 61x94 = 5734 punten, 72 batches
Model: icon_eu, forecast_days=5, prefix=icon_eu
  batch 1/72 klaar
  batch 2/72 klaar
  batch 3/72 klaar
  batch 4/72 klaar
  batch 5/72 klaar
  batch 6/72 klaar
  batch 7/72 klaar
  batch 8/72 klaar
  batch 9/72 klaar
  batch 10/72 klaar
  batch 11/72 klaar
  batch 12/72 klaar
  batch 13/72 klaar
  batch 14/72 klaar
  batch 15/72 klaar
  batch 16/72 klaar
  batch 17/72 klaar
  batch 18/72 klaar
  batch 19/72 klaar
  batch 20/72 klaar
  batch 21/72 klaar
  batch 22/72 klaar
  batch 23/72 klaar
  batch 24/72 klaar
  batch 25/72 klaar
  batch 26/72 klaar
  batch 27/72 klaar
  batch 28/72 klaar
  batch 29/72 klaar
  batch 30/72 klaar
  batch 31/72 klaar
  batch 32/72 klaar
  batch 33/72 klaar
  batch 34/72 klaar
  batch 35/72 klaar
  batch 36/72 klaar
  batch 37/72 klaar
  batch 38/72 klaar
  batch 39/72 klaar
  batch 40/72 klaar
  batch 41/72 klaar
  batch 42/72 klaar
  batch 43/72 klaar
  batch 44/72 klaar
  batch 45/72 klaar
  batch 46/72 klaar
  batch 47/72 klaar
  batch 48/72 klaar
  batch 49/72 klaar
  batch 50/72 klaar
  batch 51/72 klaar
  batch 52/72 klaar
  batch 53/72 klaar
  batch 54/72 klaar
  batch 55/72 klaar
  batch 56/72 klaar
  batch 57/72 klaar
  batch 58/72 klaar
  batch 59/72 klaar
  batch 60/72 klaar
  batch 61/72 klaar
  batch 62/72 klaar
  batch 63/72 klaar
  batch 64/72 klaar
  batch 65/72 klaar
  batch 66/72 klaar
  batch 67/72 klaar
  batch 68/72 klaar
  batch 69/72 klaar
  batch 70/72 klaar
  batch 71/72 klaar
  batch 72/72 klaar
  Tijdstappen na trim: 120 (2026-07-13T00:00 t/m 2026-07-17T23:00)
  icon_eu_data_neerslag.bin: 2.6 MB
  icon_eu_data_cumul.bin: 2.6 MB
  icon_eu_data_temp.bin: 2.6 MB
  icon_eu_data_dauwpunt.bin: 2.6 MB
  icon_eu_data_rv.bin: 2.6 MB
  icon_eu_data_bewolking.bin: 7.9 MB
  icon_eu_data_wind.bin: 5.2 MB
  icon_eu_data_windstoten.bin: 5.2 MB
  icon_eu_data_druk.bin: 2.6 MB
  icon_eu_data_cape.bin: 2.6 MB
  icon_eu_data_straling.bin: 2.6 MB
  icon_eu_data_straling_direct.bin: 2.6 MB
  icon_eu_canvas_meta.json: 120 stappen, 2026-07-13T00:00 t/m 2026-07-17T23:00
   R2: icon_eu_canvas_meta.json (0.0 MB)
   R2: icon_eu_data_bewolking.bin (7.9 MB)
   R2: icon_eu_data_cape.bin (2.6 MB)
   R2: icon_eu_data_cumul.bin (2.6 MB)
   R2: icon_eu_data_dauwpunt.bin (2.6 MB)
   R2: icon_eu_data_druk.bin (2.6 MB)
   R2: icon_eu_data_neerslag.bin (2.6 MB)
   R2: icon_eu_data_rv.bin (2.6 MB)
   R2: icon_eu_data_straling.bin (2.6 MB)
   R2: icon_eu_data_straling_direct.bin (2.6 MB)
   R2: icon_eu_data_temp.bin (2.6 MB)
   R2: icon_eu_data_wind.bin (5.2 MB)
   R2: icon_eu_data_windstoten.bin (5.2 MB)
R2 upload klaar.
Klaar.
Mon Jul 13 08:30:31 CEST 2026: === ICON-EU klaar ===
Mon Jul 13 14:30:05 CEST 2026: === ICON-EU update ===
ICON-EU: 61x94 = 5734 punten, 72 batches
Model: icon_eu, forecast_days=5, prefix=icon_eu
  batch 1/72 klaar
  batch 2/72 klaar
  batch 3/72 klaar
  batch 4/72 klaar
  batch 5/72 klaar
  batch 6/72 klaar
  batch 7/72 klaar
  batch 8/72 klaar
  batch 9/72 klaar
  batch 10/72 klaar
  batch 11/72 klaar
  batch 12/72 klaar
  batch 13/72 klaar
  batch 14/72 klaar
  batch 15/72 klaar
  batch 16/72 klaar
  batch 17/72 klaar
  batch 18/72 klaar
  batch 19/72 klaar
  batch 20/72 klaar
  batch 21/72 klaar
  batch 22/72 klaar
  batch 23/72 klaar
  batch 24/72 klaar
  batch 25/72 klaar
  batch 26/72 klaar
  batch 27/72 klaar
  batch 28/72 klaar
  batch 29/72 klaar
  batch 30/72 klaar
  batch 31/72 klaar
  batch 32/72 klaar
  batch 33/72 klaar
  batch 34/72 klaar
  batch 35/72 klaar
  batch 36/72 klaar
  batch 37/72 klaar
  batch 38/72 klaar
  batch 39/72 klaar
  batch 40/72 klaar
  batch 41/72 klaar
  batch 42/72 klaar
  batch 43/72 klaar
  batch 44/72 klaar
  batch 45/72 klaar
  batch 46/72 klaar
  batch 47/72 klaar
  batch 48/72 klaar
  batch 49/72 klaar
  batch 50/72 klaar
  batch 51/72 klaar
  batch 52/72 klaar
  batch 53/72 klaar
  batch 54/72 klaar
  batch 55/72 klaar
  batch 56/72 klaar
  batch 57/72 klaar
  batch 58/72 klaar
  batch 59/72 klaar
  batch 60/72 klaar
  batch 61/72 klaar
  batch 62/72 klaar
  batch 63/72 klaar
  batch 64/72 klaar
  batch 65/72 klaar
  batch 66/72 klaar
  batch 67/72 klaar
  batch 68/72 klaar
  batch 69/72 klaar
  batch 70/72 klaar
  batch 71/72 klaar
  batch 72/72 klaar
  Tijdstappen na trim: 120 (2026-07-13T00:00 t/m 2026-07-17T23:00)
  icon_eu_data_neerslag.bin: 2.6 MB
  icon_eu_data_cumul.bin: 2.6 MB
  icon_eu_data_temp.bin: 2.6 MB
  icon_eu_data_dauwpunt.bin: 2.6 MB
  icon_eu_data_rv.bin: 2.6 MB
  icon_eu_data_bewolking.bin: 7.9 MB
  icon_eu_data_wind.bin: 5.2 MB
  icon_eu_data_windstoten.bin: 5.2 MB
  icon_eu_data_druk.bin: 2.6 MB
  icon_eu_data_cape.bin: 2.6 MB
  icon_eu_data_straling.bin: 2.6 MB
  icon_eu_data_straling_direct.bin: 2.6 MB
  icon_eu_canvas_meta.json: 120 stappen, 2026-07-13T00:00 t/m 2026-07-17T23:00
   R2: icon_eu_canvas_meta.json (0.0 MB)
   R2: icon_eu_data_bewolking.bin (7.9 MB)
   R2: icon_eu_data_cape.bin (2.6 MB)
   R2: icon_eu_data_cumul.bin (2.6 MB)
   R2: icon_eu_data_dauwpunt.bin (2.6 MB)
   R2: icon_eu_data_druk.bin (2.6 MB)
   R2: icon_eu_data_neerslag.bin (2.6 MB)
   R2: icon_eu_data_rv.bin (2.6 MB)
   R2: icon_eu_data_straling.bin (2.6 MB)
   R2: icon_eu_data_straling_direct.bin (2.6 MB)
   R2: icon_eu_data_temp.bin (2.6 MB)
   R2: icon_eu_data_wind.bin (5.2 MB)
   R2: icon_eu_data_windstoten.bin (5.2 MB)
R2 upload klaar.
Klaar.
Mon Jul 13 14:30:33 CEST 2026: === ICON-EU klaar ===
Mon Jul 13 20:30:02 CEST 2026: === ICON-EU update ===
ICON-EU: 61x94 = 5734 punten, 72 batches
Model: icon_eu, forecast_days=5, prefix=icon_eu
  batch 1/72 klaar
  batch 2/72 klaar
  batch 3/72 klaar
  batch 4/72 klaar
  batch 5/72 klaar
  batch 6/72 klaar
  batch 7/72 klaar
  batch 8/72 klaar
  batch 9/72 klaar
  batch 10/72 klaar
  batch 11/72 klaar
  batch 12/72 klaar
  batch 13/72 klaar
  batch 14/72 klaar
  batch 15/72 klaar
  batch 16/72 klaar
  batch 17/72 klaar
  batch 18/72 klaar
  batch 19/72 klaar
  batch 20/72 klaar
  batch 21/72 klaar
  batch 22/72 klaar
  batch 23/72 klaar
  batch 24/72 klaar
  batch 25/72 klaar
  batch 26/72 klaar
  batch 27/72 klaar
  batch 28/72 klaar
  batch 29/72 klaar
  batch 30/72 klaar
  batch 31/72 klaar
  batch 32/72 klaar
  batch 33/72 klaar
  batch 34/72 klaar
  batch 35/72 klaar
  batch 36/72 klaar
  batch 37/72 klaar
  batch 38/72 klaar
  batch 39/72 klaar
  batch 40/72 klaar
  batch 41/72 klaar
  batch 42/72 klaar
  batch 43/72 klaar
  batch 44/72 klaar
  batch 45/72 klaar
  batch 46/72 klaar
  batch 47/72 klaar
  batch 48/72 klaar
  batch 49/72 klaar
  batch 50/72 klaar
  batch 51/72 klaar
  batch 52/72 klaar
  batch 53/72 klaar
  batch 54/72 klaar
  batch 55/72 klaar
  batch 56/72 klaar
  batch 57/72 klaar
  batch 58/72 klaar
  batch 59/72 klaar
  batch 60/72 klaar
  batch 61/72 klaar
  batch 62/72 klaar
  batch 63/72 klaar
  batch 64/72 klaar
  batch 65/72 klaar
  batch 66/72 klaar
  batch 67/72 klaar
  batch 68/72 klaar
  batch 69/72 klaar
  batch 70/72 klaar
  batch 71/72 klaar
  batch 72/72 klaar
  Tijdstappen na trim: 120 (2026-07-13T00:00 t/m 2026-07-17T23:00)
  icon_eu_data_neerslag.bin: 2.6 MB
  icon_eu_data_cumul.bin: 2.6 MB
  icon_eu_data_temp.bin: 2.6 MB
  icon_eu_data_dauwpunt.bin: 2.6 MB
  icon_eu_data_rv.bin: 2.6 MB
  icon_eu_data_bewolking.bin: 7.9 MB
  icon_eu_data_wind.bin: 5.2 MB
  icon_eu_data_windstoten.bin: 5.2 MB
  icon_eu_data_druk.bin: 2.6 MB
  icon_eu_data_cape.bin: 2.6 MB
  icon_eu_data_straling.bin: 2.6 MB
  icon_eu_data_straling_direct.bin: 2.6 MB
  icon_eu_canvas_meta.json: 120 stappen, 2026-07-13T00:00 t/m 2026-07-17T23:00
   R2: icon_eu_canvas_meta.json (0.0 MB)
   R2: icon_eu_data_bewolking.bin (7.9 MB)
   R2: icon_eu_data_cape.bin (2.6 MB)
   R2: icon_eu_data_cumul.bin (2.6 MB)
   R2: icon_eu_data_dauwpunt.bin (2.6 MB)
   R2: icon_eu_data_druk.bin (2.6 MB)
   R2: icon_eu_data_neerslag.bin (2.6 MB)
   R2: icon_eu_data_rv.bin (2.6 MB)
   R2: icon_eu_data_straling.bin (2.6 MB)
   R2: icon_eu_data_straling_direct.bin (2.6 MB)
   R2: icon_eu_data_temp.bin (2.6 MB)
   R2: icon_eu_data_wind.bin (5.2 MB)
   R2: icon_eu_data_windstoten.bin (5.2 MB)
R2 upload klaar.
Klaar.
Mon Jul 13 20:30:24 CEST 2026: === ICON-EU klaar ===
Tue Jul 14 02:30:05 CEST 2026: === ICON-EU update ===
ICON-EU: 61x94 = 5734 punten, 72 batches
Model: icon_eu, forecast_days=5, prefix=icon_eu
  batch 1/72 klaar
  batch 2/72 klaar
  batch 3/72 klaar
  batch 4/72 klaar
  batch 5/72 klaar
  batch 6/72 klaar
  batch 7/72 klaar
  batch 8/72 klaar
  batch 9/72 klaar
  batch 10/72 klaar
  batch 11/72 klaar
  batch 12/72 klaar
  batch 13/72 klaar
  batch 14/72 klaar
  batch 15/72 klaar
  batch 16/72 klaar
  batch 17/72 klaar
  batch 18/72 klaar
  batch 19/72 klaar
  batch 20/72 klaar
  batch 21/72 klaar
  batch 22/72 klaar
  batch 23/72 klaar
  batch 24/72 klaar
  batch 25/72 klaar
  batch 26/72 klaar
  batch 27/72 klaar
  batch 28/72 klaar
  batch 29/72 klaar
  batch 30/72 klaar
  batch 31/72 klaar
  batch 32/72 klaar
  batch 33/72 klaar
  batch 34/72 klaar
  batch 35/72 klaar
  batch 36/72 klaar
  batch 37/72 klaar
  batch 38/72 klaar
  batch 39/72 klaar
  batch 40/72 klaar
  batch 41/72 klaar
  batch 42/72 klaar
  batch 43/72 klaar
  batch 44/72 klaar
  batch 45/72 klaar
  batch 46/72 klaar
  batch 47/72 klaar
  batch 48/72 klaar
  batch 49/72 klaar
  batch 50/72 klaar
  batch 51/72 klaar
  batch 52/72 klaar
  batch 53/72 klaar
  batch 54/72 klaar
  batch 55/72 klaar
  batch 56/72 klaar
  batch 57/72 klaar
  batch 58/72 klaar
  batch 59/72 klaar
  batch 60/72 klaar
  batch 61/72 klaar
  batch 62/72 klaar
  batch 63/72 klaar
  batch 64/72 klaar
  batch 65/72 klaar
  batch 66/72 klaar
  batch 67/72 klaar
  batch 68/72 klaar
  batch 69/72 klaar
  batch 70/72 klaar
  batch 71/72 klaar
  batch 72/72 klaar
  Tijdstappen na trim: 120 (2026-07-14T00:00 t/m 2026-07-18T23:00)
  icon_eu_data_neerslag.bin: 2.6 MB
  icon_eu_data_cumul.bin: 2.6 MB
  icon_eu_data_temp.bin: 2.6 MB
  icon_eu_data_dauwpunt.bin: 2.6 MB
  icon_eu_data_rv.bin: 2.6 MB
  icon_eu_data_bewolking.bin: 7.9 MB
  icon_eu_data_wind.bin: 5.2 MB
  icon_eu_data_windstoten.bin: 5.2 MB
  icon_eu_data_druk.bin: 2.6 MB
  icon_eu_data_cape.bin: 2.6 MB
  icon_eu_data_straling.bin: 2.6 MB
  icon_eu_data_straling_direct.bin: 2.6 MB
  icon_eu_canvas_meta.json: 120 stappen, 2026-07-14T00:00 t/m 2026-07-18T23:00
   R2: icon_eu_canvas_meta.json (0.0 MB)
   R2: icon_eu_data_bewolking.bin (7.9 MB)
   R2: icon_eu_data_cape.bin (2.6 MB)
   R2: icon_eu_data_cumul.bin (2.6 MB)
   R2: icon_eu_data_dauwpunt.bin (2.6 MB)
   R2: icon_eu_data_druk.bin (2.6 MB)
   R2: icon_eu_data_neerslag.bin (2.6 MB)
   R2: icon_eu_data_rv.bin (2.6 MB)
   R2: icon_eu_data_straling.bin (2.6 MB)
   R2: icon_eu_data_straling_direct.bin (2.6 MB)
   R2: icon_eu_data_temp.bin (2.6 MB)
   R2: icon_eu_data_wind.bin (5.2 MB)
   R2: icon_eu_data_windstoten.bin (5.2 MB)
R2 upload klaar.
Klaar.
Tue Jul 14 02:30:32 CEST 2026: === ICON-EU klaar ===
Tue Jul 14 08:30:05 CEST 2026: === ICON-EU update ===
ICON-EU: 61x94 = 5734 punten, 72 batches
Model: icon_eu, forecast_days=5, prefix=icon_eu
  batch 1/72 klaar
  batch 2/72 klaar
  batch 3/72 klaar
  batch 4/72 klaar
  batch 5/72 klaar
  batch 6/72 klaar
  batch 7/72 klaar
  batch 8/72 klaar
  batch 9/72 klaar
  batch 10/72 klaar
  batch 11/72 klaar
  batch 12/72 klaar
  batch 13/72 klaar
  batch 14/72 klaar
  batch 15/72 klaar
  batch 16/72 klaar
  batch 17/72 klaar
  batch 18/72 klaar
  batch 19/72 klaar
  batch 20/72 klaar
  batch 21/72 klaar
  batch 22/72 klaar
  batch 23/72 klaar
  batch 24/72 klaar
  batch 25/72 klaar
  batch 26/72 klaar
  batch 27/72 klaar
  batch 28/72 klaar
  batch 29/72 klaar
  batch 30/72 klaar
  batch 31/72 klaar
  batch 32/72 klaar
  batch 33/72 klaar
  batch 34/72 klaar
  batch 35/72 klaar
  batch 36/72 klaar
  batch 37/72 klaar
  batch 38/72 klaar
  batch 39/72 klaar
  batch 40/72 klaar
  batch 41/72 klaar
  batch 42/72 klaar
  batch 43/72 klaar
  batch 44/72 klaar
  batch 45/72 klaar
  batch 46/72 klaar
  batch 47/72 klaar
  batch 48/72 klaar
  batch 49/72 klaar
  batch 50/72 klaar
  batch 51/72 klaar
  batch 52/72 klaar
  batch 53/72 klaar
  batch 54/72 klaar
  batch 55/72 klaar
  batch 56/72 klaar
  batch 57/72 klaar
  batch 58/72 klaar
  batch 59/72 klaar
  batch 60/72 klaar
  batch 61/72 klaar
  batch 62/72 klaar
  batch 63/72 klaar
  batch 64/72 klaar
  batch 65/72 klaar
  batch 66/72 klaar
  batch 67/72 klaar
  batch 68/72 klaar
  batch 69/72 klaar
  batch 70/72 klaar
  batch 71/72 klaar
  batch 72/72 klaar
  Tijdstappen na trim: 120 (2026-07-14T00:00 t/m 2026-07-18T23:00)
  icon_eu_data_neerslag.bin: 2.6 MB
  icon_eu_data_cumul.bin: 2.6 MB
  icon_eu_data_temp.bin: 2.6 MB
  icon_eu_data_dauwpunt.bin: 2.6 MB
  icon_eu_data_rv.bin: 2.6 MB
  icon_eu_data_bewolking.bin: 7.9 MB
  icon_eu_data_wind.bin: 5.2 MB
  icon_eu_data_windstoten.bin: 5.2 MB
  icon_eu_data_druk.bin: 2.6 MB
  icon_eu_data_cape.bin: 2.6 MB
  icon_eu_data_straling.bin: 2.6 MB
  icon_eu_data_straling_direct.bin: 2.6 MB
  icon_eu_canvas_meta.json: 120 stappen, 2026-07-14T00:00 t/m 2026-07-18T23:00
   R2: icon_eu_canvas_meta.json (0.0 MB)
   R2: icon_eu_data_bewolking.bin (7.9 MB)
   R2: icon_eu_data_cape.bin (2.6 MB)
   R2: icon_eu_data_cumul.bin (2.6 MB)
   R2: icon_eu_data_dauwpunt.bin (2.6 MB)
   R2: icon_eu_data_druk.bin (2.6 MB)
   R2: icon_eu_data_neerslag.bin (2.6 MB)
   R2: icon_eu_data_rv.bin (2.6 MB)
   R2: icon_eu_data_straling.bin (2.6 MB)
   R2: icon_eu_data_straling_direct.bin (2.6 MB)
   R2: icon_eu_data_temp.bin (2.6 MB)
   R2: icon_eu_data_wind.bin (5.2 MB)
   R2: icon_eu_data_windstoten.bin (5.2 MB)
R2 upload klaar.
Klaar.
Tue Jul 14 08:30:24 CEST 2026: === ICON-EU klaar ===
Tue Jul 14 14:30:05 CEST 2026: === ICON-EU update ===
ICON-EU: 61x94 = 5734 punten, 72 batches
Model: icon_eu, forecast_days=5, prefix=icon_eu
  batch 1/72 klaar
  batch 2/72 klaar
  batch 3/72 klaar
  batch 4/72 klaar
  batch 5/72 klaar
  batch 6/72 klaar
  batch 7/72 klaar
  batch 8/72 klaar
  batch 9/72 klaar
  batch 10/72 klaar
  batch 11/72 klaar
  batch 12/72 klaar
  batch 13/72 klaar
  batch 14/72 klaar
  batch 15/72 klaar
  batch 16/72 klaar
  batch 17/72 klaar
  batch 18/72 klaar
  batch 19/72 klaar
  batch 20/72 klaar
  batch 21/72 klaar
  batch 22/72 klaar
  batch 23/72 klaar
  batch 24/72 klaar
  batch 25/72 klaar
  batch 26/72 klaar
  batch 27/72 klaar
  batch 28/72 klaar
  batch 29/72 klaar
  batch 30/72 klaar
  batch 31/72 klaar
  batch 32/72 klaar
  batch 33/72 klaar
  batch 34/72 klaar
  batch 35/72 klaar
  batch 36/72 klaar
  batch 37/72 klaar
  batch 38/72 klaar
  batch 39/72 klaar
  batch 40/72 klaar
  batch 41/72 klaar
  batch 42/72 klaar
  batch 43/72 klaar
  batch 44/72 klaar
  batch 45/72 klaar
  batch 46/72 klaar
  batch 47/72 klaar
  batch 48/72 klaar
  batch 49/72 klaar
  batch 50/72 klaar
  batch 51/72 klaar
  batch 52/72 klaar
  batch 53/72 klaar
  batch 54/72 klaar
  batch 55/72 klaar
  batch 56/72 klaar
  batch 57/72 klaar
  batch 58/72 klaar
  batch 59/72 klaar
  batch 60/72 klaar
  batch 61/72 klaar
  batch 62/72 klaar
  batch 63/72 klaar
  batch 64/72 klaar
  batch 65/72 klaar
  batch 66/72 klaar
  batch 67/72 klaar
  batch 68/72 klaar
  batch 69/72 klaar
  batch 70/72 klaar
  batch 71/72 klaar
  batch 72/72 klaar
  Tijdstappen na trim: 120 (2026-07-14T00:00 t/m 2026-07-18T23:00)
  icon_eu_data_neerslag.bin: 2.6 MB
  icon_eu_data_cumul.bin: 2.6 MB
  icon_eu_data_temp.bin: 2.6 MB
  icon_eu_data_dauwpunt.bin: 2.6 MB
  icon_eu_data_rv.bin: 2.6 MB
  icon_eu_data_bewolking.bin: 7.9 MB
  icon_eu_data_wind.bin: 5.2 MB
  icon_eu_data_windstoten.bin: 5.2 MB
  icon_eu_data_druk.bin: 2.6 MB
  icon_eu_data_cape.bin: 2.6 MB
  icon_eu_data_straling.bin: 2.6 MB
  icon_eu_data_straling_direct.bin: 2.6 MB
  icon_eu_canvas_meta.json: 120 stappen, 2026-07-14T00:00 t/m 2026-07-18T23:00
   R2: icon_eu_canvas_meta.json (0.0 MB)
   R2: icon_eu_data_bewolking.bin (7.9 MB)
   R2: icon_eu_data_cape.bin (2.6 MB)
   R2: icon_eu_data_cumul.bin (2.6 MB)
   R2: icon_eu_data_dauwpunt.bin (2.6 MB)
   R2: icon_eu_data_druk.bin (2.6 MB)
   R2: icon_eu_data_neerslag.bin (2.6 MB)
   R2: icon_eu_data_rv.bin (2.6 MB)
   R2: icon_eu_data_straling.bin (2.6 MB)
   R2: icon_eu_data_straling_direct.bin (2.6 MB)
   R2: icon_eu_data_temp.bin (2.6 MB)
   R2: icon_eu_data_wind.bin (5.2 MB)
   R2: icon_eu_data_windstoten.bin (5.2 MB)
R2 upload klaar.
Klaar.
Tue Jul 14 14:30:34 CEST 2026: === ICON-EU klaar ===
Tue Jul 14 20:30:01 CEST 2026: === ICON-EU update ===
ICON-EU: 61x94 = 5734 punten, 72 batches
Model: icon_eu, forecast_days=5, prefix=icon_eu
  batch 1/72 klaar
  batch 2/72 klaar
  batch 3/72 klaar
  batch 4/72 klaar
  batch 5/72 klaar
  batch 6/72 klaar
  batch 7/72 klaar
  batch 8/72 klaar
  batch 9/72 klaar
  batch 10/72 klaar
  batch 11/72 klaar
  batch 12/72 klaar
  batch 13/72 klaar
  batch 14/72 klaar
  batch 15/72 klaar
  batch 16/72 klaar
  batch 17/72 klaar
  batch 18/72 klaar
  batch 19/72 klaar
  batch 20/72 klaar
  batch 21/72 klaar
  batch 22/72 klaar
  batch 23/72 klaar
  batch 24/72 klaar
  batch 25/72 klaar
  batch 26/72 klaar
  batch 27/72 klaar
  batch 28/72 klaar
  batch 29/72 klaar
  batch 30/72 klaar
  batch 31/72 klaar
  batch 32/72 klaar
  batch 33/72 klaar
  batch 34/72 klaar
  batch 35/72 klaar
  batch 36/72 klaar
  batch 37/72 klaar
  batch 38/72 klaar
  batch 39/72 klaar
  batch 40/72 klaar
  batch 41/72 klaar
  batch 42/72 klaar
  batch 43/72 klaar
  batch 44/72 klaar
  batch 45/72 klaar
  batch 46/72 klaar
  batch 47/72 klaar
  batch 48/72 klaar
  batch 49/72 klaar
  batch 50/72 klaar
  batch 51/72 klaar
  batch 52/72 klaar
  batch 53/72 klaar
  batch 54/72 klaar
  batch 55/72 klaar
  batch 56/72 klaar
  batch 57/72 klaar
  batch 58/72 klaar
  batch 59/72 klaar
  batch 60/72 klaar
  batch 61/72 klaar
  batch 62/72 klaar
  batch 63/72 klaar
  batch 64/72 klaar
  batch 65/72 klaar
  batch 66/72 klaar
  batch 67/72 klaar
  batch 68/72 klaar
  batch 69/72 klaar
  batch 70/72 klaar
  batch 71/72 klaar
  batch 72/72 klaar
  Tijdstappen na trim: 120 (2026-07-14T00:00 t/m 2026-07-18T23:00)
  icon_eu_data_neerslag.bin: 2.6 MB
  icon_eu_data_cumul.bin: 2.6 MB
  icon_eu_data_temp.bin: 2.6 MB
  icon_eu_data_dauwpunt.bin: 2.6 MB
  icon_eu_data_rv.bin: 2.6 MB
  icon_eu_data_bewolking.bin: 7.9 MB
  icon_eu_data_wind.bin: 5.2 MB
  icon_eu_data_windstoten.bin: 5.2 MB
  icon_eu_data_druk.bin: 2.6 MB
  icon_eu_data_cape.bin: 2.6 MB
  icon_eu_data_straling.bin: 2.6 MB
  icon_eu_data_straling_direct.bin: 2.6 MB
  icon_eu_canvas_meta.json: 120 stappen, 2026-07-14T00:00 t/m 2026-07-18T23:00
   R2: icon_eu_canvas_meta.json (0.0 MB)
   R2: icon_eu_data_bewolking.bin (7.9 MB)
   R2: icon_eu_data_cape.bin (2.6 MB)
   R2: icon_eu_data_cumul.bin (2.6 MB)
   R2: icon_eu_data_dauwpunt.bin (2.6 MB)
   R2: icon_eu_data_druk.bin (2.6 MB)
   R2: icon_eu_data_neerslag.bin (2.6 MB)
   R2: icon_eu_data_rv.bin (2.6 MB)
   R2: icon_eu_data_straling.bin (2.6 MB)
   R2: icon_eu_data_straling_direct.bin (2.6 MB)
   R2: icon_eu_data_temp.bin (2.6 MB)
   R2: icon_eu_data_wind.bin (5.2 MB)
   R2: icon_eu_data_windstoten.bin (5.2 MB)
R2 upload klaar.
Klaar.
Tue Jul 14 20:30:21 CEST 2026: === ICON-EU klaar ===
Wed Jul 15 02:30:05 CEST 2026: === ICON-EU update ===
ICON-EU: 61x94 = 5734 punten, 72 batches
Model: icon_eu, forecast_days=5, prefix=icon_eu
  batch 1/72 klaar
  batch 2/72 klaar
  batch 3/72 klaar
  batch 4/72 klaar
  batch 5/72 klaar
  batch 6/72 klaar
  batch 7/72 klaar
  batch 8/72 klaar
  batch 9/72 klaar
  batch 10/72 klaar
  batch 11/72 klaar
  batch 12/72 klaar
  batch 13/72 klaar
  batch 14/72 klaar
  batch 15/72 klaar
  batch 16/72 klaar
  batch 17/72 klaar
  batch 18/72 klaar
  batch 19/72 klaar
  batch 20/72 klaar
  batch 21/72 klaar
  batch 22/72 klaar
  batch 23/72 klaar
  batch 24/72 klaar
  batch 25/72 klaar
  batch 26/72 klaar
  batch 27/72 klaar
  batch 28/72 klaar
  batch 29/72 klaar
  batch 30/72 klaar
  batch 31/72 klaar
  batch 32/72 klaar
  batch 33/72 klaar
  batch 34/72 klaar
  batch 35/72 klaar
  batch 36/72 klaar
  batch 37/72 klaar
  batch 38/72 klaar
  batch 39/72 klaar
  batch 40/72 klaar
  batch 41/72 klaar
  batch 42/72 klaar
  batch 43/72 klaar
  batch 44/72 klaar
  batch 45/72 klaar
  batch 46/72 klaar
  batch 47/72 klaar
  batch 48/72 klaar
  batch 49/72 klaar
  batch 50/72 klaar
  batch 51/72 klaar
  batch 52/72 klaar
  batch 53/72 klaar
  batch 54/72 klaar
  batch 55/72 klaar
  batch 56/72 klaar
  batch 57/72 klaar
  batch 58/72 klaar
  batch 59/72 klaar
  batch 60/72 klaar
  batch 61/72 klaar
  batch 62/72 klaar
  batch 63/72 klaar
  batch 64/72 klaar
  batch 65/72 klaar
  batch 66/72 klaar
  batch 67/72 klaar
  batch 68/72 klaar
  batch 69/72 klaar
  batch 70/72 klaar
  batch 71/72 klaar
  batch 72/72 klaar
  Tijdstappen na trim: 120 (2026-07-15T00:00 t/m 2026-07-19T23:00)
  icon_eu_data_neerslag.bin: 2.6 MB
  icon_eu_data_cumul.bin: 2.6 MB
  icon_eu_data_temp.bin: 2.6 MB
  icon_eu_data_dauwpunt.bin: 2.6 MB
  icon_eu_data_rv.bin: 2.6 MB
  icon_eu_data_bewolking.bin: 7.9 MB
  icon_eu_data_wind.bin: 5.2 MB
  icon_eu_data_windstoten.bin: 5.2 MB
  icon_eu_data_druk.bin: 2.6 MB
  icon_eu_data_cape.bin: 2.6 MB
  icon_eu_data_straling.bin: 2.6 MB
  icon_eu_data_straling_direct.bin: 2.6 MB
  icon_eu_canvas_meta.json: 120 stappen, 2026-07-15T00:00 t/m 2026-07-19T23:00
   R2: icon_eu_canvas_meta.json (0.0 MB)
   R2: icon_eu_data_bewolking.bin (7.9 MB)
   R2: icon_eu_data_cape.bin (2.6 MB)
   R2: icon_eu_data_cumul.bin (2.6 MB)
   R2: icon_eu_data_dauwpunt.bin (2.6 MB)
   R2: icon_eu_data_druk.bin (2.6 MB)
   R2: icon_eu_data_neerslag.bin (2.6 MB)
   R2: icon_eu_data_rv.bin (2.6 MB)
   R2: icon_eu_data_straling.bin (2.6 MB)
   R2: icon_eu_data_straling_direct.bin (2.6 MB)
   R2: icon_eu_data_temp.bin (2.6 MB)
   R2: icon_eu_data_wind.bin (5.2 MB)
   R2: icon_eu_data_windstoten.bin (5.2 MB)
R2 upload klaar.
Klaar.
Wed Jul 15 02:30:41 CEST 2026: === ICON-EU klaar ===
Wed Jul 15 08:30:05 CEST 2026: === ICON-EU update ===
ICON-EU: 61x94 = 5734 punten, 72 batches
Model: icon_eu, forecast_days=5, prefix=icon_eu
  batch 1/72 klaar
  batch 2/72 klaar
  batch 3/72 klaar
  batch 4/72 klaar
  batch 5/72 klaar
  batch 6/72 klaar
  batch 7/72 klaar
  batch 8/72 klaar
  batch 9/72 klaar
  batch 10/72 klaar
  batch 11/72 klaar
  batch 12/72 klaar
  batch 13/72 klaar
  batch 14/72 klaar
  batch 15/72 klaar
  batch 16/72 klaar
  batch 17/72 klaar
  batch 18/72 klaar
  batch 19/72 klaar
  batch 20/72 klaar
  batch 21/72 klaar
  batch 22/72 klaar
  batch 23/72 klaar
  batch 24/72 klaar
  batch 25/72 klaar
  batch 26/72 klaar
  batch 27/72 klaar
  batch 28/72 klaar
  batch 29/72 klaar
  batch 30/72 klaar
  batch 31/72 klaar
  batch 32/72 klaar
  batch 33/72 klaar
  batch 34/72 klaar
  batch 35/72 klaar
  batch 36/72 klaar
  batch 37/72 klaar
  batch 38/72 klaar
  batch 39/72 klaar
  batch 40/72 klaar
  batch 41/72 klaar
  batch 42/72 klaar
  batch 43/72 klaar
  batch 44/72 klaar
  batch 45/72 klaar
  batch 46/72 klaar
  batch 47/72 klaar
  batch 48/72 klaar
  batch 49/72 klaar
  batch 50/72 klaar
  batch 51/72 klaar
  batch 52/72 klaar
  batch 53/72 klaar
  batch 54/72 klaar
  batch 55/72 klaar
  batch 56/72 klaar
  batch 57/72 klaar
  batch 58/72 klaar
  batch 59/72 klaar
  batch 60/72 klaar
  batch 61/72 klaar
  batch 62/72 klaar
  batch 63/72 klaar
  batch 64/72 klaar
  batch 65/72 klaar
  batch 66/72 klaar
  batch 67/72 klaar
  batch 68/72 klaar
  batch 69/72 klaar
  batch 70/72 klaar
  batch 71/72 klaar
  batch 72/72 klaar
  Tijdstappen na trim: 120 (2026-07-15T00:00 t/m 2026-07-19T23:00)
  icon_eu_data_neerslag.bin: 2.6 MB
  icon_eu_data_cumul.bin: 2.6 MB
  icon_eu_data_temp.bin: 2.6 MB
  icon_eu_data_dauwpunt.bin: 2.6 MB
  icon_eu_data_rv.bin: 2.6 MB
  icon_eu_data_bewolking.bin: 7.9 MB
  icon_eu_data_wind.bin: 5.2 MB
  icon_eu_data_windstoten.bin: 5.2 MB
  icon_eu_data_druk.bin: 2.6 MB
  icon_eu_data_cape.bin: 2.6 MB
  icon_eu_data_straling.bin: 2.6 MB
  icon_eu_data_straling_direct.bin: 2.6 MB
  icon_eu_canvas_meta.json: 120 stappen, 2026-07-15T00:00 t/m 2026-07-19T23:00
   R2: icon_eu_canvas_meta.json (0.0 MB)
   R2: icon_eu_data_bewolking.bin (7.9 MB)
   R2: icon_eu_data_cape.bin (2.6 MB)
   R2: icon_eu_data_cumul.bin (2.6 MB)
   R2: icon_eu_data_dauwpunt.bin (2.6 MB)
   R2: icon_eu_data_druk.bin (2.6 MB)
   R2: icon_eu_data_neerslag.bin (2.6 MB)
   R2: icon_eu_data_rv.bin (2.6 MB)
   R2: icon_eu_data_straling.bin (2.6 MB)
   R2: icon_eu_data_straling_direct.bin (2.6 MB)
   R2: icon_eu_data_temp.bin (2.6 MB)
   R2: icon_eu_data_wind.bin (5.2 MB)
   R2: icon_eu_data_windstoten.bin (5.2 MB)
R2 upload klaar.
Klaar.
Wed Jul 15 08:30:35 CEST 2026: === ICON-EU klaar ===
Wed Jul 15 14:30:05 CEST 2026: === ICON-EU update ===
ICON-EU: 61x94 = 5734 punten, 72 batches
Model: icon_eu, forecast_days=5, prefix=icon_eu
  batch 1/72 klaar
  batch 2/72 klaar
  batch 3/72 klaar
  batch 4/72 klaar
  batch 5/72 klaar
  batch 6/72 klaar
  batch 7/72 klaar
  batch 8/72 klaar
  batch 9/72 klaar
  batch 10/72 klaar
  batch 11/72 klaar
  batch 12/72 klaar
  batch 13/72 klaar
  batch 14/72 klaar
  batch 15/72 klaar
  batch 16/72 klaar
  batch 17/72 klaar
  batch 18/72 klaar
  batch 19/72 klaar
  batch 20/72 klaar
  batch 21/72 klaar
  batch 22/72 klaar
  batch 23/72 klaar
  batch 24/72 klaar
  batch 25/72 klaar
  batch 26/72 klaar
  batch 27/72 klaar
  batch 28/72 klaar
  batch 29/72 klaar
  batch 30/72 klaar
  batch 31/72 klaar
  batch 32/72 klaar
  batch 33/72 klaar
  batch 34/72 klaar
  batch 35/72 klaar
  batch 36/72 klaar
  batch 37/72 klaar
  batch 38/72 klaar
  batch 39/72 klaar
  batch 40/72 klaar
  batch 41/72 klaar
  batch 42/72 klaar
  batch 43/72 klaar
  batch 44/72 klaar
  batch 45/72 klaar
  batch 46/72 klaar
  batch 47/72 klaar
  batch 48/72 klaar
  batch 49/72 klaar
  batch 50/72 klaar
  batch 51/72 klaar
  batch 52/72 klaar
  batch 53/72 klaar
  batch 54/72 klaar
  batch 55/72 klaar
  batch 56/72 klaar
  batch 57/72 klaar
  batch 58/72 klaar
  batch 59/72 klaar
  batch 60/72 klaar
  batch 61/72 klaar
  batch 62/72 klaar
  batch 63/72 klaar
  batch 64/72 klaar
  batch 65/72 klaar
  batch 66/72 klaar
  batch 67/72 klaar
  batch 68/72 klaar
  batch 69/72 klaar
  batch 70/72 klaar
  batch 71/72 klaar
  batch 72/72 klaar
  Tijdstappen na trim: 120 (2026-07-15T00:00 t/m 2026-07-19T23:00)
  icon_eu_data_neerslag.bin: 2.6 MB
  icon_eu_data_cumul.bin: 2.6 MB
  icon_eu_data_temp.bin: 2.6 MB
  icon_eu_data_dauwpunt.bin: 2.6 MB
  icon_eu_data_rv.bin: 2.6 MB
  icon_eu_data_bewolking.bin: 7.9 MB
  icon_eu_data_wind.bin: 5.2 MB
  icon_eu_data_windstoten.bin: 5.2 MB
  icon_eu_data_druk.bin: 2.6 MB
  icon_eu_data_cape.bin: 2.6 MB
  icon_eu_data_straling.bin: 2.6 MB
  icon_eu_data_straling_direct.bin: 2.6 MB
  icon_eu_canvas_meta.json: 120 stappen, 2026-07-15T00:00 t/m 2026-07-19T23:00
   R2: icon_eu_canvas_meta.json (0.0 MB)
   R2: icon_eu_data_bewolking.bin (7.9 MB)
   R2: icon_eu_data_cape.bin (2.6 MB)
   R2: icon_eu_data_cumul.bin (2.6 MB)
   R2: icon_eu_data_dauwpunt.bin (2.6 MB)
   R2: icon_eu_data_druk.bin (2.6 MB)
   R2: icon_eu_data_neerslag.bin (2.6 MB)
   R2: icon_eu_data_rv.bin (2.6 MB)
   R2: icon_eu_data_straling.bin (2.6 MB)
   R2: icon_eu_data_straling_direct.bin (2.6 MB)
   R2: icon_eu_data_temp.bin (2.6 MB)
   R2: icon_eu_data_wind.bin (5.2 MB)
   R2: icon_eu_data_windstoten.bin (5.2 MB)
R2 upload klaar.
Klaar.
Wed Jul 15 14:30:35 CEST 2026: === ICON-EU klaar ===
Wed Jul 15 20:30:05 CEST 2026: === ICON-EU update ===
ICON-EU: 61x94 = 5734 punten, 72 batches
Model: icon_eu, forecast_days=5, prefix=icon_eu
  batch 1/72 klaar
  batch 2/72 klaar
  batch 3/72 klaar
  batch 4/72 klaar
  batch 5/72 klaar
  batch 6/72 klaar
  batch 7/72 klaar
  batch 8/72 klaar
  batch 9/72 klaar
  batch 10/72 klaar
  batch 11/72 klaar
  batch 12/72 klaar
  batch 13/72 klaar
  batch 14/72 klaar
  batch 15/72 klaar
  batch 16/72 klaar
  batch 17/72 klaar
  batch 18/72 klaar
  batch 19/72 klaar
  batch 20/72 klaar
  batch 21/72 klaar
  batch 22/72 klaar
  batch 23/72 klaar
  batch 24/72 klaar
  batch 25/72 klaar
  batch 26/72 klaar
  batch 27/72 klaar
  batch 28/72 klaar
  batch 29/72 klaar
  batch 30/72 klaar
  batch 31/72 klaar
  batch 32/72 klaar
  batch 33/72 klaar
  batch 34/72 klaar
  batch 35/72 klaar
  batch 36/72 klaar
  batch 37/72 klaar
  batch 38/72 klaar
  batch 39/72 klaar
  batch 40/72 klaar
  batch 41/72 klaar
  batch 42/72 klaar
  batch 43/72 klaar
  batch 44/72 klaar
  batch 45/72 klaar
  batch 46/72 klaar
  batch 47/72 klaar
  batch 48/72 klaar
  batch 49/72 klaar
  batch 50/72 klaar
  batch 51/72 klaar
  batch 52/72 klaar
  batch 53/72 klaar
  batch 54/72 klaar
  batch 55/72 klaar
  batch 56/72 klaar
  batch 57/72 klaar
  batch 58/72 klaar
  batch 59/72 klaar
  batch 60/72 klaar
  batch 61/72 klaar
  batch 62/72 klaar
  batch 63/72 klaar
  batch 64/72 klaar
  batch 65/72 klaar
  batch 66/72 klaar
  batch 67/72 klaar
  batch 68/72 klaar
  batch 69/72 klaar
  batch 70/72 klaar
  batch 71/72 klaar
  batch 72/72 klaar
  Tijdstappen na trim: 120 (2026-07-15T00:00 t/m 2026-07-19T23:00)
  icon_eu_data_neerslag.bin: 2.6 MB
  icon_eu_data_cumul.bin: 2.6 MB
  icon_eu_data_temp.bin: 2.6 MB
  icon_eu_data_dauwpunt.bin: 2.6 MB
  icon_eu_data_rv.bin: 2.6 MB
  icon_eu_data_bewolking.bin: 7.9 MB
  icon_eu_data_wind.bin: 5.2 MB
  icon_eu_data_windstoten.bin: 5.2 MB
  icon_eu_data_druk.bin: 2.6 MB
  icon_eu_data_cape.bin: 2.6 MB
  icon_eu_data_straling.bin: 2.6 MB
  icon_eu_data_straling_direct.bin: 2.6 MB
  icon_eu_canvas_meta.json: 120 stappen, 2026-07-15T00:00 t/m 2026-07-19T23:00
   R2: icon_eu_canvas_meta.json (0.0 MB)
   R2: icon_eu_data_bewolking.bin (7.9 MB)
   R2: icon_eu_data_cape.bin (2.6 MB)
   R2: icon_eu_data_cumul.bin (2.6 MB)
   R2: icon_eu_data_dauwpunt.bin (2.6 MB)
   R2: icon_eu_data_druk.bin (2.6 MB)
   R2: icon_eu_data_neerslag.bin (2.6 MB)
   R2: icon_eu_data_rv.bin (2.6 MB)
   R2: icon_eu_data_straling.bin (2.6 MB)
   R2: icon_eu_data_straling_direct.bin (2.6 MB)
   R2: icon_eu_data_temp.bin (2.6 MB)
   R2: icon_eu_data_wind.bin (5.2 MB)
   R2: icon_eu_data_windstoten.bin (5.2 MB)
R2 upload klaar.
Klaar.
Wed Jul 15 20:30:33 CEST 2026: === ICON-EU klaar ===
Thu Jul 16 02:30:02 CEST 2026: === ICON-EU update ===
ICON-EU: 61x94 = 5734 punten, 72 batches
Model: icon_eu, forecast_days=5, prefix=icon_eu
  batch 1/72 klaar
  batch 2/72 klaar
  batch 3/72 klaar
  batch 4/72 klaar
  batch 5/72 klaar
  batch 6/72 klaar
  batch 7/72 klaar
  batch 8/72 klaar
  batch 9/72 klaar
  batch 10/72 klaar
  batch 11/72 klaar
  batch 12/72 klaar
  batch 13/72 klaar
  batch 14/72 klaar
  batch 15/72 klaar
  batch 16/72 klaar
  batch 17/72 klaar
  batch 18/72 klaar
  batch 19/72 klaar
  batch 20/72 klaar
  batch 21/72 klaar
  batch 22/72 klaar
  batch 23/72 klaar
  batch 24/72 klaar
  batch 25/72 klaar
  batch 26/72 klaar
  batch 27/72 klaar
  batch 28/72 klaar
  batch 29/72 klaar
  batch 30/72 klaar
  batch 31/72 klaar
  batch 32/72 klaar
  batch 33/72 klaar
  batch 34/72 klaar
  batch 35/72 klaar
  batch 36/72 klaar
  batch 37/72 klaar
  batch 38/72 klaar
  batch 39/72 klaar
  batch 40/72 klaar
  batch 41/72 klaar
  batch 42/72 klaar
  batch 43/72 klaar
  batch 44/72 klaar
  batch 45/72 klaar
  batch 46/72 klaar
  batch 47/72 klaar
  batch 48/72 klaar
  batch 49/72 klaar
  batch 50/72 klaar
  batch 51/72 klaar
  batch 52/72 klaar
  batch 53/72 klaar
  batch 54/72 klaar
  batch 55/72 klaar
  batch 56/72 klaar
  batch 57/72 klaar
  batch 58/72 klaar
  batch 59/72 klaar
  batch 60/72 klaar
  batch 61/72 klaar
  batch 62/72 klaar
  batch 63/72 klaar
  batch 64/72 klaar
  batch 65/72 klaar
  batch 66/72 klaar
  batch 67/72 klaar
  batch 68/72 klaar
  batch 69/72 klaar
  batch 70/72 klaar
  batch 71/72 klaar
  batch 72/72 klaar
  Tijdstappen na trim: 120 (2026-07-16T00:00 t/m 2026-07-20T23:00)
  icon_eu_data_neerslag.bin: 2.6 MB
  icon_eu_data_cumul.bin: 2.6 MB
  icon_eu_data_temp.bin: 2.6 MB
  icon_eu_data_dauwpunt.bin: 2.6 MB
  icon_eu_data_rv.bin: 2.6 MB
  icon_eu_data_bewolking.bin: 7.9 MB
  icon_eu_data_wind.bin: 5.2 MB
  icon_eu_data_windstoten.bin: 5.2 MB
  icon_eu_data_druk.bin: 2.6 MB
  icon_eu_data_cape.bin: 2.6 MB
  icon_eu_data_straling.bin: 2.6 MB
  icon_eu_data_straling_direct.bin: 2.6 MB
  icon_eu_canvas_meta.json: 120 stappen, 2026-07-16T00:00 t/m 2026-07-20T23:00
   R2: icon_eu_canvas_meta.json (0.0 MB)
   R2: icon_eu_data_bewolking.bin (7.9 MB)
   R2: icon_eu_data_cape.bin (2.6 MB)
   R2: icon_eu_data_cumul.bin (2.6 MB)
   R2: icon_eu_data_dauwpunt.bin (2.6 MB)
   R2: icon_eu_data_druk.bin (2.6 MB)
   R2: icon_eu_data_neerslag.bin (2.6 MB)
   R2: icon_eu_data_rv.bin (2.6 MB)
   R2: icon_eu_data_straling.bin (2.6 MB)
   R2: icon_eu_data_straling_direct.bin (2.6 MB)
   R2: icon_eu_data_temp.bin (2.6 MB)
   R2: icon_eu_data_wind.bin (5.2 MB)
   R2: icon_eu_data_windstoten.bin (5.2 MB)
R2 upload klaar.
Klaar.
Thu Jul 16 02:30:29 CEST 2026: === ICON-EU klaar ===
Thu Jul 16 08:30:05 CEST 2026: === ICON-EU update ===
ICON-EU: 61x94 = 5734 punten, 72 batches
Model: icon_eu, forecast_days=5, prefix=icon_eu
  batch 1/72 klaar
  batch 2/72 klaar
  batch 3/72 klaar
  batch 4/72 klaar
  batch 5/72 klaar
  batch 6/72 klaar
  batch 7/72 klaar
  batch 8/72 klaar
  batch 9/72 klaar
  batch 10/72 klaar
  batch 11/72 klaar
  batch 12/72 klaar
  batch 13/72 klaar
  batch 14/72 klaar
  batch 15/72 klaar
  batch 16/72 klaar
  batch 17/72 klaar
  batch 18/72 klaar
  batch 19/72 klaar
  batch 20/72 klaar
  batch 21/72 klaar
  batch 22/72 klaar
  batch 23/72 klaar
  batch 24/72 klaar
  batch 25/72 klaar
  batch 26/72 klaar
  batch 27/72 klaar
  batch 28/72 klaar
  batch 29/72 klaar
  batch 30/72 klaar
  batch 31/72 klaar
  batch 32/72 klaar
  batch 33/72 klaar
  batch 34/72 klaar
  batch 35/72 klaar
  batch 36/72 klaar
  batch 37/72 klaar
  batch 38/72 klaar
  batch 39/72 klaar
  batch 40/72 klaar
  batch 41/72 klaar
  batch 42/72 klaar
  batch 43/72 klaar
  batch 44/72 klaar
  batch 45/72 klaar
  batch 46/72 klaar
  batch 47/72 klaar
  batch 48/72 klaar
  batch 49/72 klaar
  batch 50/72 klaar
  batch 51/72 klaar
  batch 52/72 klaar
  batch 53/72 klaar
  batch 54/72 klaar
  batch 55/72 klaar
  batch 56/72 klaar
  batch 57/72 klaar
  batch 58/72 klaar
  batch 59/72 klaar
  batch 60/72 klaar
  batch 61/72 klaar
  batch 62/72 klaar
  batch 63/72 klaar
  batch 64/72 klaar
  batch 65/72 klaar
  batch 66/72 klaar
  batch 67/72 klaar
  batch 68/72 klaar
  batch 69/72 klaar
  batch 70/72 klaar
  batch 71/72 klaar
  batch 72/72 klaar
  Tijdstappen na trim: 120 (2026-07-16T00:00 t/m 2026-07-20T23:00)
  icon_eu_data_neerslag.bin: 2.6 MB
  icon_eu_data_cumul.bin: 2.6 MB
  icon_eu_data_temp.bin: 2.6 MB
  icon_eu_data_dauwpunt.bin: 2.6 MB
  icon_eu_data_rv.bin: 2.6 MB
  icon_eu_data_bewolking.bin: 7.9 MB
  icon_eu_data_wind.bin: 5.2 MB
  icon_eu_data_windstoten.bin: 5.2 MB
  icon_eu_data_druk.bin: 2.6 MB
  icon_eu_data_cape.bin: 2.6 MB
  icon_eu_data_straling.bin: 2.6 MB
  icon_eu_data_straling_direct.bin: 2.6 MB
  icon_eu_canvas_meta.json: 120 stappen, 2026-07-16T00:00 t/m 2026-07-20T23:00
   R2: icon_eu_canvas_meta.json (0.0 MB)
   R2: icon_eu_data_bewolking.bin (7.9 MB)
   R2: icon_eu_data_cape.bin (2.6 MB)
   R2: icon_eu_data_cumul.bin (2.6 MB)
   R2: icon_eu_data_dauwpunt.bin (2.6 MB)
   R2: icon_eu_data_druk.bin (2.6 MB)
   R2: icon_eu_data_neerslag.bin (2.6 MB)
   R2: icon_eu_data_rv.bin (2.6 MB)
   R2: icon_eu_data_straling.bin (2.6 MB)
   R2: icon_eu_data_straling_direct.bin (2.6 MB)
   R2: icon_eu_data_temp.bin (2.6 MB)
   R2: icon_eu_data_wind.bin (5.2 MB)
   R2: icon_eu_data_windstoten.bin (5.2 MB)
R2 upload klaar.
Klaar.
Thu Jul 16 08:30:40 CEST 2026: === ICON-EU klaar ===
Thu Jul 16 14:30:03 CEST 2026: === ICON-EU update ===
ICON-EU: 61x94 = 5734 punten, 72 batches
Model: icon_eu, forecast_days=5, prefix=icon_eu
  batch 1/72 klaar
  batch 2/72 klaar
  batch 3/72 klaar
  batch 4/72 klaar
  batch 5/72 klaar
  batch 6/72 klaar
  batch 7/72 klaar
  batch 8/72 klaar
  batch 9/72 klaar
  batch 10/72 klaar
  batch 11/72 klaar
  batch 12/72 klaar
  batch 13/72 klaar
  batch 14/72 klaar
  batch 15/72 klaar
  batch 16/72 klaar
  batch 17/72 klaar
  batch 18/72 klaar
  batch 19/72 klaar
  batch 20/72 klaar
  batch 21/72 klaar
  batch 22/72 klaar
  batch 23/72 klaar
  batch 24/72 klaar
  batch 25/72 klaar
  batch 26/72 klaar
  batch 27/72 klaar
  batch 28/72 klaar
  batch 29/72 klaar
  batch 30/72 klaar
  batch 31/72 klaar
  batch 32/72 klaar
  batch 33/72 klaar
  batch 34/72 klaar
  batch 35/72 klaar
  batch 36/72 klaar
  batch 37/72 klaar
  batch 38/72 klaar
  batch 39/72 klaar
  batch 40/72 klaar
  batch 41/72 klaar
  batch 42/72 klaar
  batch 43/72 klaar
  batch 44/72 klaar
  batch 45/72 klaar
  batch 46/72 klaar
  batch 47/72 klaar
  batch 48/72 klaar
  batch 49/72 klaar
  batch 50/72 klaar
  batch 51/72 klaar
  batch 52/72 klaar
  batch 53/72 klaar
  batch 54/72 klaar
  batch 55/72 klaar
  batch 56/72 klaar
  batch 57/72 klaar
  batch 58/72 klaar
  batch 59/72 klaar
  batch 60/72 klaar
  batch 61/72 klaar
  batch 62/72 klaar
  batch 63/72 klaar
  batch 64/72 klaar
  batch 65/72 klaar
  batch 66/72 klaar
  batch 67/72 klaar
  batch 68/72 klaar
  batch 69/72 klaar
  batch 70/72 klaar
  batch 71/72 klaar
  batch 72/72 klaar
  Tijdstappen na trim: 120 (2026-07-16T00:00 t/m 2026-07-20T23:00)
  icon_eu_data_neerslag.bin: 2.6 MB
  icon_eu_data_cumul.bin: 2.6 MB
  icon_eu_data_temp.bin: 2.6 MB
  icon_eu_data_dauwpunt.bin: 2.6 MB
  icon_eu_data_rv.bin: 2.6 MB
  icon_eu_data_bewolking.bin: 7.9 MB
  icon_eu_data_wind.bin: 5.2 MB
  icon_eu_data_windstoten.bin: 5.2 MB
  icon_eu_data_druk.bin: 2.6 MB
  icon_eu_data_cape.bin: 2.6 MB
  icon_eu_data_straling.bin: 2.6 MB
  icon_eu_data_straling_direct.bin: 2.6 MB
  icon_eu_canvas_meta.json: 120 stappen, 2026-07-16T00:00 t/m 2026-07-20T23:00
   R2: icon_eu_canvas_meta.json (0.0 MB)
   R2: icon_eu_data_bewolking.bin (7.9 MB)
   R2: icon_eu_data_cape.bin (2.6 MB)
   R2: icon_eu_data_cumul.bin (2.6 MB)
   R2: icon_eu_data_dauwpunt.bin (2.6 MB)
   R2: icon_eu_data_druk.bin (2.6 MB)
   R2: icon_eu_data_neerslag.bin (2.6 MB)
   R2: icon_eu_data_rv.bin (2.6 MB)
   R2: icon_eu_data_straling.bin (2.6 MB)
   R2: icon_eu_data_straling_direct.bin (2.6 MB)
   R2: icon_eu_data_temp.bin (2.6 MB)
   R2: icon_eu_data_wind.bin (5.2 MB)
   R2: icon_eu_data_windstoten.bin (5.2 MB)
R2 upload klaar.
Klaar.
Thu Jul 16 14:30:32 CEST 2026: === ICON-EU klaar ===
Thu Jul 16 20:30:04 CEST 2026: === ICON-EU update ===
ICON-EU: 61x94 = 5734 punten, 72 batches
Model: icon_eu, forecast_days=5, prefix=icon_eu
  batch 1/72 klaar
  batch 2/72 klaar
  batch 3/72 klaar
  batch 4/72 klaar
  batch 5/72 klaar
  batch 6/72 klaar
  batch 7/72 klaar
  batch 8/72 klaar
  batch 9/72 klaar
  batch 10/72 klaar
  batch 11/72 klaar
  batch 12/72 klaar
  batch 13/72 klaar
  batch 14/72 klaar
  batch 15/72 klaar
  batch 16/72 klaar
  batch 17/72 klaar
  batch 18/72 klaar
  batch 19/72 klaar
  batch 20/72 klaar
  batch 21/72 klaar
  batch 22/72 klaar
  batch 23/72 klaar
  batch 24/72 klaar
  batch 25/72 klaar
  batch 26/72 klaar
  batch 27/72 klaar
  batch 28/72 klaar
  batch 29/72 klaar
  batch 30/72 klaar
  batch 31/72 klaar
  batch 32/72 klaar
  batch 33/72 klaar
  batch 34/72 klaar
  batch 35/72 klaar
  batch 36/72 klaar
  batch 37/72 klaar
  batch 38/72 klaar
  batch 39/72 klaar
  batch 40/72 klaar
  batch 41/72 klaar
  batch 42/72 klaar
  batch 43/72 klaar
  batch 44/72 klaar
  batch 45/72 klaar
  batch 46/72 klaar
  batch 47/72 klaar
  batch 48/72 klaar
  batch 49/72 klaar
  batch 50/72 klaar
  batch 51/72 klaar
  batch 52/72 klaar
  batch 53/72 klaar
  batch 54/72 klaar
  batch 55/72 klaar
  batch 56/72 klaar
  batch 57/72 klaar
  batch 58/72 klaar
  batch 59/72 klaar
  batch 60/72 klaar
  batch 61/72 klaar
  batch 62/72 klaar
  batch 63/72 klaar
  batch 64/72 klaar
  batch 65/72 klaar
  batch 66/72 klaar
  batch 67/72 klaar
  batch 68/72 klaar
  batch 69/72 klaar
  batch 70/72 klaar
  batch 71/72 klaar
  batch 72/72 klaar
  Tijdstappen na trim: 120 (2026-07-16T00:00 t/m 2026-07-20T23:00)
  icon_eu_data_neerslag.bin: 2.6 MB
  icon_eu_data_cumul.bin: 2.6 MB
  icon_eu_data_temp.bin: 2.6 MB
  icon_eu_data_dauwpunt.bin: 2.6 MB
  icon_eu_data_rv.bin: 2.6 MB
  icon_eu_data_bewolking.bin: 7.9 MB
  icon_eu_data_wind.bin: 5.2 MB
  icon_eu_data_windstoten.bin: 5.2 MB
  icon_eu_data_druk.bin: 2.6 MB
  icon_eu_data_cape.bin: 2.6 MB
  icon_eu_data_straling.bin: 2.6 MB
  icon_eu_data_straling_direct.bin: 2.6 MB
  icon_eu_canvas_meta.json: 120 stappen, 2026-07-16T00:00 t/m 2026-07-20T23:00
   R2: icon_eu_canvas_meta.json (0.0 MB)
   R2: icon_eu_data_bewolking.bin (7.9 MB)
   R2: icon_eu_data_cape.bin (2.6 MB)
   R2: icon_eu_data_cumul.bin (2.6 MB)
   R2: icon_eu_data_dauwpunt.bin (2.6 MB)
   R2: icon_eu_data_druk.bin (2.6 MB)
   R2: icon_eu_data_neerslag.bin (2.6 MB)
   R2: icon_eu_data_rv.bin (2.6 MB)
   R2: icon_eu_data_straling.bin (2.6 MB)
   R2: icon_eu_data_straling_direct.bin (2.6 MB)
   R2: icon_eu_data_temp.bin (2.6 MB)
   R2: icon_eu_data_wind.bin (5.2 MB)
   R2: icon_eu_data_windstoten.bin (5.2 MB)
R2 upload klaar.
Klaar.
Thu Jul 16 20:30:35 CEST 2026: === ICON-EU klaar ===
Fri Jul 17 02:30:03 CEST 2026: === ICON-EU update ===
ICON-EU: 61x94 = 5734 punten, 72 batches
Model: icon_eu, forecast_days=5, prefix=icon_eu
  batch 1/72 klaar
  batch 2/72 klaar
  batch 3/72 klaar
  batch 4/72 klaar
  batch 5/72 klaar
  batch 6/72 klaar
  batch 7/72 klaar
  batch 8/72 klaar
  batch 9/72 klaar
  batch 10/72 klaar
  batch 11/72 klaar
  batch 12/72 klaar
  batch 13/72 klaar
  batch 14/72 klaar
  batch 15/72 klaar
  batch 16/72 klaar
  batch 17/72 klaar
  batch 18/72 klaar
  batch 19/72 klaar
  batch 20/72 klaar
  batch 21/72 klaar
  batch 22/72 klaar
  batch 23/72 klaar
  batch 24/72 klaar
  batch 25/72 klaar
  batch 26/72 klaar
  batch 27/72 klaar
  batch 28/72 klaar
  batch 29/72 klaar
  batch 30/72 klaar
  batch 31/72 klaar
  batch 32/72 klaar
  batch 33/72 klaar
  batch 34/72 klaar
  batch 35/72 klaar
  batch 36/72 klaar
  batch 37/72 klaar
  batch 38/72 klaar
  batch 39/72 klaar
  batch 40/72 klaar
  batch 41/72 klaar
  batch 42/72 klaar
  batch 43/72 klaar
  batch 44/72 klaar
  batch 45/72 klaar
  batch 46/72 klaar
  batch 47/72 klaar
  batch 48/72 klaar
  batch 49/72 klaar
  batch 50/72 klaar
  batch 51/72 klaar
  batch 52/72 klaar
  batch 53/72 klaar
  batch 54/72 klaar
  batch 55/72 klaar
  batch 56/72 klaar
  batch 57/72 klaar
  batch 58/72 klaar
  batch 59/72 klaar
  batch 60/72 klaar
  batch 61/72 klaar
  batch 62/72 klaar
  batch 63/72 klaar
  batch 64/72 klaar
  batch 65/72 klaar
  batch 66/72 klaar
  batch 67/72 klaar
  batch 68/72 klaar
  batch 69/72 klaar
  batch 70/72 klaar
  batch 71/72 klaar
  batch 72/72 klaar
  Tijdstappen na trim: 120 (2026-07-17T00:00 t/m 2026-07-21T23:00)
  icon_eu_data_neerslag.bin: 2.6 MB
  icon_eu_data_cumul.bin: 2.6 MB
  icon_eu_data_temp.bin: 2.6 MB
  icon_eu_data_dauwpunt.bin: 2.6 MB
  icon_eu_data_rv.bin: 2.6 MB
  icon_eu_data_bewolking.bin: 7.9 MB
  icon_eu_data_wind.bin: 5.2 MB
  icon_eu_data_windstoten.bin: 5.2 MB
  icon_eu_data_druk.bin: 2.6 MB
  icon_eu_data_cape.bin: 2.6 MB
  icon_eu_data_straling.bin: 2.6 MB
  icon_eu_data_straling_direct.bin: 2.6 MB
  icon_eu_canvas_meta.json: 120 stappen, 2026-07-17T00:00 t/m 2026-07-21T23:00
   R2: icon_eu_canvas_meta.json (0.0 MB)
   R2: icon_eu_data_bewolking.bin (7.9 MB)
   R2: icon_eu_data_cape.bin (2.6 MB)
   R2: icon_eu_data_cumul.bin (2.6 MB)
   R2: icon_eu_data_dauwpunt.bin (2.6 MB)
   R2: icon_eu_data_druk.bin (2.6 MB)
   R2: icon_eu_data_neerslag.bin (2.6 MB)
   R2: icon_eu_data_rv.bin (2.6 MB)
   R2: icon_eu_data_straling.bin (2.6 MB)
   R2: icon_eu_data_straling_direct.bin (2.6 MB)
   R2: icon_eu_data_temp.bin (2.6 MB)
   R2: icon_eu_data_wind.bin (5.2 MB)
   R2: icon_eu_data_windstoten.bin (5.2 MB)
R2 upload klaar.
Klaar.
Fri Jul 17 02:30:22 CEST 2026: === ICON-EU klaar ===
Fri Jul 17 08:30:05 CEST 2026: === ICON-EU update ===
ICON-EU: 61x94 = 5734 punten, 72 batches
Model: icon_eu, forecast_days=5, prefix=icon_eu
  batch 1/72 klaar
  batch 2/72 klaar
  batch 3/72 klaar
  batch 4/72 klaar
  batch 5/72 klaar
  batch 6/72 klaar
  batch 7/72 klaar
  batch 8/72 klaar
  batch 9/72 klaar
  batch 10/72 klaar
  batch 11/72 klaar
  batch 12/72 klaar
  batch 13/72 klaar
  batch 14/72 klaar
  batch 15/72 klaar
  batch 16/72 klaar
  batch 17/72 klaar
  batch 18/72 klaar
  batch 19/72 klaar
  batch 20/72 klaar
  batch 21/72 klaar
  batch 22/72 klaar
  batch 23/72 klaar
  batch 24/72 klaar
  batch 25/72 klaar
  batch 26/72 klaar
  batch 27/72 klaar
  batch 28/72 klaar
  batch 29/72 klaar
  batch 30/72 klaar
  batch 31/72 klaar
  batch 32/72 klaar
  batch 33/72 klaar
  batch 34/72 klaar
  batch 35/72 klaar
  batch 36/72 klaar
  batch 37/72 klaar
  batch 38/72 klaar
  batch 39/72 klaar
  batch 40/72 klaar
  batch 41/72 klaar
  batch 42/72 klaar
  batch 43/72 klaar
  batch 44/72 klaar
  batch 45/72 klaar
  batch 46/72 klaar
  batch 47/72 klaar
  batch 48/72 klaar
  batch 49/72 klaar
  batch 50/72 klaar
  batch 51/72 klaar
  batch 52/72 klaar
  batch 53/72 klaar
  batch 54/72 klaar
  batch 55/72 klaar
  batch 56/72 klaar
  batch 57/72 klaar
  batch 58/72 klaar
  batch 59/72 klaar
  batch 60/72 klaar
  batch 61/72 klaar
  batch 62/72 klaar
  batch 63/72 klaar
  batch 64/72 klaar
  batch 65/72 klaar
  batch 66/72 klaar
  batch 67/72 klaar
  batch 68/72 klaar
  batch 69/72 klaar
  batch 70/72 klaar
  batch 71/72 klaar
  batch 72/72 klaar
  Tijdstappen na trim: 120 (2026-07-17T00:00 t/m 2026-07-21T23:00)
  icon_eu_data_neerslag.bin: 2.6 MB
  icon_eu_data_cumul.bin: 2.6 MB
  icon_eu_data_temp.bin: 2.6 MB
  icon_eu_data_dauwpunt.bin: 2.6 MB
  icon_eu_data_rv.bin: 2.6 MB
  icon_eu_data_bewolking.bin: 7.9 MB
  icon_eu_data_wind.bin: 5.2 MB
  icon_eu_data_windstoten.bin: 5.2 MB
  icon_eu_data_druk.bin: 2.6 MB
  icon_eu_data_cape.bin: 2.6 MB
  icon_eu_data_straling.bin: 2.6 MB
  icon_eu_data_straling_direct.bin: 2.6 MB
  icon_eu_canvas_meta.json: 120 stappen, 2026-07-17T00:00 t/m 2026-07-21T23:00
   R2: icon_eu_canvas_meta.json (0.0 MB)
   R2: icon_eu_data_bewolking.bin (7.9 MB)
   R2: icon_eu_data_cape.bin (2.6 MB)
   R2: icon_eu_data_cumul.bin (2.6 MB)
   R2: icon_eu_data_dauwpunt.bin (2.6 MB)
   R2: icon_eu_data_druk.bin (2.6 MB)
   R2: icon_eu_data_neerslag.bin (2.6 MB)
   R2: icon_eu_data_rv.bin (2.6 MB)
   R2: icon_eu_data_straling.bin (2.6 MB)
   R2: icon_eu_data_straling_direct.bin (2.6 MB)
   R2: icon_eu_data_temp.bin (2.6 MB)
   R2: icon_eu_data_wind.bin (5.2 MB)
   R2: icon_eu_data_windstoten.bin (5.2 MB)
R2 upload klaar.
Klaar.
Fri Jul 17 08:30:31 CEST 2026: === ICON-EU klaar ===
Fri Jul 17 14:30:03 CEST 2026: === ICON-EU update ===
ICON-EU: 61x94 = 5734 punten, 72 batches
Model: icon_eu, forecast_days=5, prefix=icon_eu
  batch 1/72 klaar
  batch 2/72 klaar
  batch 3/72 klaar
  batch 4/72 klaar
  batch 5/72 klaar
  batch 6/72 klaar
  batch 7/72 klaar
  batch 8/72 klaar
  batch 9/72 klaar
  batch 10/72 klaar
  batch 11/72 klaar
  batch 12/72 klaar
  batch 13/72 klaar
  batch 14/72 klaar
  batch 15/72 klaar
  batch 16/72 klaar
  batch 17/72 klaar
  batch 18/72 klaar
  batch 19/72 klaar
  batch 20/72 klaar
  batch 21/72 klaar
  batch 22/72 klaar
  batch 23/72 klaar
  batch 24/72 klaar
  batch 25/72 klaar
  batch 26/72 klaar
  batch 27/72 klaar
  batch 28/72 klaar
  batch 29/72 klaar
  batch 30/72 klaar
  batch 31/72 klaar
  batch 32/72 klaar
  batch 33/72 klaar
  batch 34/72 klaar
  batch 35/72 klaar
  batch 36/72 klaar
  batch 37/72 klaar
  batch 38/72 klaar
  batch 39/72 klaar
  batch 40/72 klaar
  batch 41/72 klaar
  batch 42/72 klaar
  batch 43/72 klaar
  batch 44/72 klaar
  batch 45/72 klaar
  batch 46/72 klaar
  batch 47/72 klaar
  batch 48/72 klaar
  batch 49/72 klaar
  batch 50/72 klaar
  batch 51/72 klaar
  batch 52/72 klaar
  batch 53/72 klaar
  batch 54/72 klaar
  batch 55/72 klaar
  batch 56/72 klaar
  batch 57/72 klaar
  batch 58/72 klaar
  batch 59/72 klaar
  batch 60/72 klaar
  batch 61/72 klaar
  batch 62/72 klaar
  batch 63/72 klaar
  batch 64/72 klaar
  batch 65/72 klaar
  batch 66/72 klaar
  batch 67/72 klaar
  batch 68/72 klaar
  batch 69/72 klaar
  batch 70/72 klaar
  batch 71/72 klaar
  batch 72/72 klaar
  Tijdstappen na trim: 120 (2026-07-17T00:00 t/m 2026-07-21T23:00)
  icon_eu_data_neerslag.bin: 2.6 MB
  icon_eu_data_cumul.bin: 2.6 MB
  icon_eu_data_temp.bin: 2.6 MB
  icon_eu_data_dauwpunt.bin: 2.6 MB
  icon_eu_data_rv.bin: 2.6 MB
  icon_eu_data_bewolking.bin: 7.9 MB
  icon_eu_data_wind.bin: 5.2 MB
  icon_eu_data_windstoten.bin: 5.2 MB
  icon_eu_data_druk.bin: 2.6 MB
  icon_eu_data_cape.bin: 2.6 MB
  icon_eu_data_straling.bin: 2.6 MB
  icon_eu_data_straling_direct.bin: 2.6 MB
  icon_eu_canvas_meta.json: 120 stappen, 2026-07-17T00:00 t/m 2026-07-21T23:00
   R2: icon_eu_canvas_meta.json (0.0 MB)
   R2: icon_eu_data_bewolking.bin (7.9 MB)
   R2: icon_eu_data_cape.bin (2.6 MB)
   R2: icon_eu_data_cumul.bin (2.6 MB)
   R2: icon_eu_data_dauwpunt.bin (2.6 MB)
   R2: icon_eu_data_druk.bin (2.6 MB)
   R2: icon_eu_data_neerslag.bin (2.6 MB)
   R2: icon_eu_data_rv.bin (2.6 MB)
   R2: icon_eu_data_straling.bin (2.6 MB)
   R2: icon_eu_data_straling_direct.bin (2.6 MB)
   R2: icon_eu_data_temp.bin (2.6 MB)
   R2: icon_eu_data_wind.bin (5.2 MB)
   R2: icon_eu_data_windstoten.bin (5.2 MB)
R2 upload klaar.
Klaar.
Fri Jul 17 14:30:22 CEST 2026: === ICON-EU klaar ===
Fri Jul 17 20:30:04 CEST 2026: === ICON-EU update ===
ICON-EU: 61x94 = 5734 punten, 72 batches
Model: icon_eu, forecast_days=5, prefix=icon_eu
  batch 1/72 klaar
  batch 2/72 klaar
  batch 3/72 klaar
  batch 4/72 klaar
  batch 5/72 klaar
  batch 6/72 klaar
  batch 7/72 klaar
  batch 8/72 klaar
  batch 9/72 klaar
  batch 10/72 klaar
  batch 11/72 klaar
  batch 12/72 klaar
  batch 13/72 klaar
  batch 14/72 klaar
  batch 15/72 klaar
  batch 16/72 klaar
  batch 17/72 klaar
  batch 18/72 klaar
  batch 19/72 klaar
  batch 20/72 klaar
  batch 21/72 klaar
  batch 22/72 klaar
  batch 23/72 klaar
  batch 24/72 klaar
  batch 25/72 klaar
  batch 26/72 klaar
  batch 27/72 klaar
  batch 28/72 klaar
  batch 29/72 klaar
  batch 30/72 klaar
  batch 31/72 klaar
  batch 32/72 klaar
  batch 33/72 klaar
  batch 34/72 klaar
  batch 35/72 klaar
  batch 36/72 klaar
  batch 37/72 klaar
  batch 38/72 klaar
  batch 39/72 klaar
  batch 40/72 klaar
  batch 41/72 klaar
  batch 42/72 klaar
  batch 43/72 klaar
  batch 44/72 klaar
  batch 45/72 klaar
  batch 46/72 klaar
  batch 47/72 klaar
  batch 48/72 klaar
  batch 49/72 klaar
  batch 50/72 klaar
  batch 51/72 klaar
  batch 52/72 klaar
  batch 53/72 klaar
  batch 54/72 klaar
  batch 55/72 klaar
  batch 56/72 klaar
  batch 57/72 klaar
  batch 58/72 klaar
  batch 59/72 klaar
  batch 60/72 klaar
  batch 61/72 klaar
  batch 62/72 klaar
  batch 63/72 klaar
  batch 64/72 klaar
  batch 65/72 klaar
  batch 66/72 klaar
  batch 67/72 klaar
  batch 68/72 klaar
  batch 69/72 klaar
  batch 70/72 klaar
  batch 71/72 klaar
  batch 72/72 klaar
  Tijdstappen na trim: 120 (2026-07-17T00:00 t/m 2026-07-21T23:00)
  icon_eu_data_neerslag.bin: 2.6 MB
  icon_eu_data_cumul.bin: 2.6 MB
  icon_eu_data_temp.bin: 2.6 MB
  icon_eu_data_dauwpunt.bin: 2.6 MB
  icon_eu_data_rv.bin: 2.6 MB
  icon_eu_data_bewolking.bin: 7.9 MB
  icon_eu_data_wind.bin: 5.2 MB
  icon_eu_data_windstoten.bin: 5.2 MB
  icon_eu_data_druk.bin: 2.6 MB
  icon_eu_data_cape.bin: 2.6 MB
  icon_eu_data_straling.bin: 2.6 MB
  icon_eu_data_straling_direct.bin: 2.6 MB
  icon_eu_canvas_meta.json: 120 stappen, 2026-07-17T00:00 t/m 2026-07-21T23:00
   R2: icon_eu_canvas_meta.json (0.0 MB)
   R2: icon_eu_data_bewolking.bin (7.9 MB)
   R2: icon_eu_data_cape.bin (2.6 MB)
   R2: icon_eu_data_cumul.bin (2.6 MB)
   R2: icon_eu_data_dauwpunt.bin (2.6 MB)
   R2: icon_eu_data_druk.bin (2.6 MB)
   R2: icon_eu_data_neerslag.bin (2.6 MB)
   R2: icon_eu_data_rv.bin (2.6 MB)
   R2: icon_eu_data_straling.bin (2.6 MB)
   R2: icon_eu_data_straling_direct.bin (2.6 MB)
   R2: icon_eu_data_temp.bin (2.6 MB)
   R2: icon_eu_data_wind.bin (5.2 MB)
   R2: icon_eu_data_windstoten.bin (5.2 MB)
R2 upload klaar.
Klaar.
Fri Jul 17 20:30:26 CEST 2026: === ICON-EU klaar ===
Sat Jul 18 02:30:02 CEST 2026: === ICON-EU update ===
ICON-EU: 61x94 = 5734 punten, 72 batches
Model: icon_eu, forecast_days=5, prefix=icon_eu
  batch 1/72 klaar
  batch 2/72 klaar
  batch 3/72 klaar
  batch 4/72 klaar
  batch 5/72 klaar
  batch 6/72 klaar
  batch 7/72 klaar
  batch 8/72 klaar
  batch 9/72 klaar
  batch 10/72 klaar
  batch 11/72 klaar
  batch 12/72 klaar
  batch 13/72 klaar
  batch 14/72 klaar
  batch 15/72 klaar
  batch 16/72 klaar
  batch 17/72 klaar
  batch 18/72 klaar
  batch 19/72 klaar
  batch 20/72 klaar
  batch 21/72 klaar
  batch 22/72 klaar
  batch 23/72 klaar
  batch 24/72 klaar
  batch 25/72 klaar
  batch 26/72 klaar
  batch 27/72 klaar
  batch 28/72 klaar
  batch 29/72 klaar
  batch 30/72 klaar
  batch 31/72 klaar
  batch 32/72 klaar
  batch 33/72 klaar
  batch 34/72 klaar
  batch 35/72 klaar
  batch 36/72 klaar
  batch 37/72 klaar
  batch 38/72 klaar
  batch 39/72 klaar
  batch 40/72 klaar
  batch 41/72 klaar
  batch 42/72 klaar
  batch 43/72 klaar
  batch 44/72 klaar
  batch 45/72 klaar
  batch 46/72 klaar
  batch 47/72 klaar
  batch 48/72 klaar
  batch 49/72 klaar
  batch 50/72 klaar
  batch 51/72 klaar
  batch 52/72 klaar
  batch 53/72 klaar
  batch 54/72 klaar
  batch 55/72 klaar
  batch 56/72 klaar
  batch 57/72 klaar
  batch 58/72 klaar
  batch 59/72 klaar
  batch 60/72 klaar
  batch 61/72 klaar
  batch 62/72 klaar
  batch 63/72 klaar
  batch 64/72 klaar
  batch 65/72 klaar
  batch 66/72 klaar
  batch 67/72 klaar
  batch 68/72 klaar
  batch 69/72 klaar
  batch 70/72 klaar
  batch 71/72 klaar
  batch 72/72 klaar
  Tijdstappen na trim: 120 (2026-07-18T00:00 t/m 2026-07-22T23:00)
  icon_eu_data_neerslag.bin: 2.6 MB
  icon_eu_data_cumul.bin: 2.6 MB
  icon_eu_data_temp.bin: 2.6 MB
  icon_eu_data_dauwpunt.bin: 2.6 MB
  icon_eu_data_rv.bin: 2.6 MB
  icon_eu_data_bewolking.bin: 7.9 MB
  icon_eu_data_wind.bin: 5.2 MB
  icon_eu_data_windstoten.bin: 5.2 MB
  icon_eu_data_druk.bin: 2.6 MB
  icon_eu_data_cape.bin: 2.6 MB
  icon_eu_data_straling.bin: 2.6 MB
  icon_eu_data_straling_direct.bin: 2.6 MB
  icon_eu_canvas_meta.json: 120 stappen, 2026-07-18T00:00 t/m 2026-07-22T23:00
   R2: icon_eu_canvas_meta.json (0.0 MB)
   R2: icon_eu_data_bewolking.bin (7.9 MB)
   R2: icon_eu_data_cape.bin (2.6 MB)
   R2: icon_eu_data_cumul.bin (2.6 MB)
   R2: icon_eu_data_dauwpunt.bin (2.6 MB)
   R2: icon_eu_data_druk.bin (2.6 MB)
   R2: icon_eu_data_neerslag.bin (2.6 MB)
   R2: icon_eu_data_rv.bin (2.6 MB)
   R2: icon_eu_data_straling.bin (2.6 MB)
   R2: icon_eu_data_straling_direct.bin (2.6 MB)
   R2: icon_eu_data_temp.bin (2.6 MB)
   R2: icon_eu_data_wind.bin (5.2 MB)
   R2: icon_eu_data_windstoten.bin (5.2 MB)
R2 upload klaar.
Klaar.
Sat Jul 18 02:30:20 CEST 2026: === ICON-EU klaar ===
Sat Jul 18 08:30:05 CEST 2026: === ICON-EU update ===
ICON-EU: 61x94 = 5734 punten, 72 batches
Model: icon_eu, forecast_days=5, prefix=icon_eu
  batch 1/72 klaar
  batch 2/72 klaar
  batch 3/72 klaar
  batch 4/72 klaar
  batch 5/72 klaar
  batch 6/72 klaar
  batch 7/72 klaar
  batch 8/72 klaar
  batch 9/72 klaar
  batch 10/72 klaar
  batch 11/72 klaar
  batch 12/72 klaar
  batch 13/72 klaar
  batch 14/72 klaar
  batch 15/72 klaar
  batch 16/72 klaar
  batch 17/72 klaar
  batch 18/72 klaar
  batch 19/72 klaar
  batch 20/72 klaar
  batch 21/72 klaar
  batch 22/72 klaar
  batch 23/72 klaar
  batch 24/72 klaar
  batch 25/72 klaar
  batch 26/72 klaar
  batch 27/72 klaar
  batch 28/72 klaar
  batch 29/72 klaar
  batch 30/72 klaar
  batch 31/72 klaar
  batch 32/72 klaar
  batch 33/72 klaar
  batch 34/72 klaar
  batch 35/72 klaar
  batch 36/72 klaar
  batch 37/72 klaar
  batch 38/72 klaar
  batch 39/72 klaar
  batch 40/72 klaar
  batch 41/72 klaar
  batch 42/72 klaar
  batch 43/72 klaar
  batch 44/72 klaar
  batch 45/72 klaar
  batch 46/72 klaar
  batch 47/72 klaar
  batch 48/72 klaar
  batch 49/72 klaar
  batch 50/72 klaar
  batch 51/72 klaar
  batch 52/72 klaar
  batch 53/72 klaar
  batch 54/72 klaar
  batch 55/72 klaar
  batch 56/72 klaar
  batch 57/72 klaar
  batch 58/72 klaar
  batch 59/72 klaar
  batch 60/72 klaar
  batch 61/72 klaar
  batch 62/72 klaar
  batch 63/72 klaar
  batch 64/72 klaar
  batch 65/72 klaar
  batch 66/72 klaar
  batch 67/72 klaar
  batch 68/72 klaar
  batch 69/72 klaar
  batch 70/72 klaar
  batch 71/72 klaar
  batch 72/72 klaar
  Tijdstappen na trim: 120 (2026-07-18T00:00 t/m 2026-07-22T23:00)
  icon_eu_data_neerslag.bin: 2.6 MB
  icon_eu_data_cumul.bin: 2.6 MB
  icon_eu_data_temp.bin: 2.6 MB
  icon_eu_data_dauwpunt.bin: 2.6 MB
  icon_eu_data_rv.bin: 2.6 MB
  icon_eu_data_bewolking.bin: 7.9 MB
  icon_eu_data_wind.bin: 5.2 MB
  icon_eu_data_windstoten.bin: 5.2 MB
  icon_eu_data_druk.bin: 2.6 MB
  icon_eu_data_cape.bin: 2.6 MB
  icon_eu_data_straling.bin: 2.6 MB
  icon_eu_data_straling_direct.bin: 2.6 MB
  icon_eu_canvas_meta.json: 120 stappen, 2026-07-18T00:00 t/m 2026-07-22T23:00
   R2: icon_eu_canvas_meta.json (0.0 MB)
   R2: icon_eu_data_bewolking.bin (7.9 MB)
   R2: icon_eu_data_cape.bin (2.6 MB)
   R2: icon_eu_data_cumul.bin (2.6 MB)
   R2: icon_eu_data_dauwpunt.bin (2.6 MB)
   R2: icon_eu_data_druk.bin (2.6 MB)
   R2: icon_eu_data_neerslag.bin (2.6 MB)
   R2: icon_eu_data_rv.bin (2.6 MB)
   R2: icon_eu_data_straling.bin (2.6 MB)
   R2: icon_eu_data_straling_direct.bin (2.6 MB)
   R2: icon_eu_data_temp.bin (2.6 MB)
   R2: icon_eu_data_wind.bin (5.2 MB)
   R2: icon_eu_data_windstoten.bin (5.2 MB)
R2 upload klaar.
Klaar.
Sat Jul 18 08:30:28 CEST 2026: === ICON-EU klaar ===
Sat Jul 18 14:30:01 CEST 2026: === ICON-EU update ===
ICON-EU: 61x94 = 5734 punten, 72 batches
Model: icon_eu, forecast_days=5, prefix=icon_eu
  batch 1/72 klaar
  batch 2/72 klaar
  batch 3/72 klaar
  batch 4/72 klaar
  batch 5/72 klaar
  batch 6/72 klaar
  batch 7/72 klaar
  batch 8/72 klaar
  batch 9/72 klaar
  batch 10/72 klaar
  batch 11/72 klaar
  batch 12/72 klaar
  batch 13/72 klaar
  batch 14/72 klaar
  batch 15/72 klaar
  batch 16/72 klaar
  batch 17/72 klaar
  batch 18/72 klaar
  batch 19/72 klaar
  batch 20/72 klaar
  batch 21/72 klaar
  batch 22/72 klaar
  batch 23/72 klaar
  batch 24/72 klaar
  batch 25/72 klaar
  batch 26/72 klaar
  batch 27/72 klaar
  batch 28/72 klaar
  batch 29/72 klaar
  batch 30/72 klaar
  batch 31/72 klaar
  batch 32/72 klaar
  batch 33/72 klaar
  batch 34/72 klaar
  batch 35/72 klaar
  batch 36/72 klaar
  batch 37/72 klaar
  batch 38/72 klaar
  batch 39/72 klaar
  batch 40/72 klaar
  batch 41/72 klaar
  batch 42/72 klaar
  batch 43/72 klaar
  batch 44/72 klaar
  batch 45/72 klaar
  batch 46/72 klaar
  batch 47/72 klaar
  batch 48/72 klaar
  batch 49/72 klaar
  batch 50/72 klaar
  batch 51/72 klaar
  batch 52/72 klaar
  batch 53/72 klaar
  batch 54/72 klaar
  batch 55/72 klaar
  batch 56/72 klaar
  batch 57/72 klaar
  batch 58/72 klaar
  batch 59/72 klaar
  batch 60/72 klaar
  batch 61/72 klaar
  batch 62/72 klaar
  batch 63/72 klaar
  batch 64/72 klaar
  batch 65/72 klaar
  batch 66/72 klaar
  batch 67/72 klaar
  batch 68/72 klaar
  batch 69/72 klaar
  batch 70/72 klaar
  batch 71/72 klaar
  batch 72/72 klaar
  Tijdstappen na trim: 120 (2026-07-18T00:00 t/m 2026-07-22T23:00)
  icon_eu_data_neerslag.bin: 2.6 MB
  icon_eu_data_cumul.bin: 2.6 MB
  icon_eu_data_temp.bin: 2.6 MB
  icon_eu_data_dauwpunt.bin: 2.6 MB
  icon_eu_data_rv.bin: 2.6 MB
  icon_eu_data_bewolking.bin: 7.9 MB
  icon_eu_data_wind.bin: 5.2 MB
  icon_eu_data_windstoten.bin: 5.2 MB
  icon_eu_data_druk.bin: 2.6 MB
  icon_eu_data_cape.bin: 2.6 MB
  icon_eu_data_straling.bin: 2.6 MB
  icon_eu_data_straling_direct.bin: 2.6 MB
  icon_eu_canvas_meta.json: 120 stappen, 2026-07-18T00:00 t/m 2026-07-22T23:00
   R2: icon_eu_canvas_meta.json (0.0 MB)
   R2: icon_eu_data_bewolking.bin (7.9 MB)
   R2: icon_eu_data_cape.bin (2.6 MB)
   R2: icon_eu_data_cumul.bin (2.6 MB)
   R2: icon_eu_data_dauwpunt.bin (2.6 MB)
   R2: icon_eu_data_druk.bin (2.6 MB)
   R2: icon_eu_data_neerslag.bin (2.6 MB)
   R2: icon_eu_data_rv.bin (2.6 MB)
   R2: icon_eu_data_straling.bin (2.6 MB)
   R2: icon_eu_data_straling_direct.bin (2.6 MB)
   R2: icon_eu_data_temp.bin (2.6 MB)
   R2: icon_eu_data_wind.bin (5.2 MB)
   R2: icon_eu_data_windstoten.bin (5.2 MB)
R2 upload klaar.
Klaar.
Sat Jul 18 14:30:28 CEST 2026: === ICON-EU klaar ===
Sat Jul 18 20:30:01 CEST 2026: === ICON-EU update ===
ICON-EU: 61x94 = 5734 punten, 72 batches
Model: icon_eu, forecast_days=5, prefix=icon_eu
  batch 1/72 klaar
  batch 2/72 klaar
  batch 3/72 klaar
  batch 4/72 klaar
  batch 5/72 klaar
  batch 6/72 klaar
  batch 7/72 klaar
  batch 8/72 klaar
  batch 9/72 klaar
  batch 10/72 klaar
  batch 11/72 klaar
  batch 12/72 klaar
  batch 13/72 klaar
  batch 14/72 klaar
  batch 15/72 klaar
  batch 16/72 klaar
  batch 17/72 klaar
  batch 18/72 klaar
  batch 19/72 klaar
  batch 20/72 klaar
  batch 21/72 klaar
  batch 22/72 klaar
  batch 23/72 klaar
  batch 24/72 klaar
  batch 25/72 klaar
  batch 26/72 klaar
  batch 27/72 klaar
  batch 28/72 klaar
  batch 29/72 klaar
  batch 30/72 klaar
  batch 31/72 klaar
  batch 32/72 klaar
  batch 33/72 klaar
  batch 34/72 klaar
  batch 35/72 klaar
  batch 36/72 klaar
  batch 37/72 klaar
  batch 38/72 klaar
  batch 39/72 klaar
  batch 40/72 klaar
  batch 41/72 klaar
  batch 42/72 klaar
  batch 43/72 klaar
  batch 44/72 klaar
  batch 45/72 klaar
  batch 46/72 klaar
  batch 47/72 klaar
  batch 48/72 klaar
  batch 49/72 klaar
  batch 50/72 klaar
  batch 51/72 klaar
  batch 52/72 klaar
  batch 53/72 klaar
  batch 54/72 klaar
  batch 55/72 klaar
  batch 56/72 klaar
  batch 57/72 klaar
  batch 58/72 klaar
  batch 59/72 klaar
  batch 60/72 klaar
  batch 61/72 klaar
  batch 62/72 klaar
  batch 63/72 klaar
  batch 64/72 klaar
  batch 65/72 klaar
  batch 66/72 klaar
  batch 67/72 klaar
  batch 68/72 klaar
  batch 69/72 klaar
  batch 70/72 klaar
  batch 71/72 klaar
  batch 72/72 klaar
  Tijdstappen na trim: 120 (2026-07-18T00:00 t/m 2026-07-22T23:00)
  icon_eu_data_neerslag.bin: 2.6 MB
  icon_eu_data_cumul.bin: 2.6 MB
  icon_eu_data_temp.bin: 2.6 MB
  icon_eu_data_dauwpunt.bin: 2.6 MB
  icon_eu_data_rv.bin: 2.6 MB
  icon_eu_data_bewolking.bin: 7.9 MB
  icon_eu_data_wind.bin: 5.2 MB
  icon_eu_data_windstoten.bin: 5.2 MB
  icon_eu_data_druk.bin: 2.6 MB
  icon_eu_data_cape.bin: 2.6 MB
  icon_eu_data_straling.bin: 2.6 MB
  icon_eu_data_straling_direct.bin: 2.6 MB
  icon_eu_canvas_meta.json: 120 stappen, 2026-07-18T00:00 t/m 2026-07-22T23:00
   R2: icon_eu_canvas_meta.json (0.0 MB)
   R2: icon_eu_data_bewolking.bin (7.9 MB)
   R2: icon_eu_data_cape.bin (2.6 MB)
   R2: icon_eu_data_cumul.bin (2.6 MB)
   R2: icon_eu_data_dauwpunt.bin (2.6 MB)
   R2: icon_eu_data_druk.bin (2.6 MB)
   R2: icon_eu_data_neerslag.bin (2.6 MB)
   R2: icon_eu_data_rv.bin (2.6 MB)
   R2: icon_eu_data_straling.bin (2.6 MB)
   R2: icon_eu_data_straling_direct.bin (2.6 MB)
   R2: icon_eu_data_temp.bin (2.6 MB)
   R2: icon_eu_data_wind.bin (5.2 MB)
   R2: icon_eu_data_windstoten.bin (5.2 MB)
R2 upload klaar.
Klaar.
Sat Jul 18 20:30:28 CEST 2026: === ICON-EU klaar ===
Sun Jul 19 02:30:01 CEST 2026: === ICON-EU update ===
ICON-EU: 61x94 = 5734 punten, 72 batches
Model: icon_eu, forecast_days=5, prefix=icon_eu
  batch 1/72 klaar
  batch 2/72 klaar
  batch 3/72 klaar
  batch 4/72 klaar
  batch 5/72 klaar
  batch 6/72 klaar
  batch 7/72 klaar
  batch 8/72 klaar
  batch 9/72 klaar
  batch 10/72 klaar
  batch 11/72 klaar
  batch 12/72 klaar
  batch 13/72 klaar
  batch 14/72 klaar
  batch 15/72 klaar
  batch 16/72 klaar
  batch 17/72 klaar
  batch 18/72 klaar
  batch 19/72 klaar
  batch 20/72 klaar
  batch 21/72 klaar
  batch 22/72 klaar
  batch 23/72 klaar
  batch 24/72 klaar
  batch 25/72 klaar
  batch 26/72 klaar
  batch 27/72 klaar
  batch 28/72 klaar
  batch 29/72 klaar
  batch 30/72 klaar
  batch 31/72 klaar
  batch 32/72 klaar
  batch 33/72 klaar
  batch 34/72 klaar
  batch 35/72 klaar
  batch 36/72 klaar
  batch 37/72 klaar
  batch 38/72 klaar
  batch 39/72 klaar
  batch 40/72 klaar
  batch 41/72 klaar
  batch 42/72 klaar
  batch 43/72 klaar
  batch 44/72 klaar
  batch 45/72 klaar
  batch 46/72 klaar
  batch 47/72 klaar
  batch 48/72 klaar
  batch 49/72 klaar
  batch 50/72 klaar
  batch 51/72 klaar
  batch 52/72 klaar
  batch 53/72 klaar
  batch 54/72 klaar
  batch 55/72 klaar
  batch 56/72 klaar
  batch 57/72 klaar
  batch 58/72 klaar
  batch 59/72 klaar
  batch 60/72 klaar
  batch 61/72 klaar
  batch 62/72 klaar
  batch 63/72 klaar
  batch 64/72 klaar
  batch 65/72 klaar
  batch 66/72 klaar
  batch 67/72 klaar
  batch 68/72 klaar
  batch 69/72 klaar
  batch 70/72 klaar
  batch 71/72 klaar
  batch 72/72 klaar
  Tijdstappen na trim: 120 (2026-07-19T00:00 t/m 2026-07-23T23:00)
  icon_eu_data_neerslag.bin: 2.6 MB
  icon_eu_data_cumul.bin: 2.6 MB
  icon_eu_data_temp.bin: 2.6 MB
  icon_eu_data_dauwpunt.bin: 2.6 MB
  icon_eu_data_rv.bin: 2.6 MB
  icon_eu_data_bewolking.bin: 7.9 MB
  icon_eu_data_wind.bin: 5.2 MB
  icon_eu_data_windstoten.bin: 5.2 MB
  icon_eu_data_druk.bin: 2.6 MB
  icon_eu_data_cape.bin: 2.6 MB
  icon_eu_data_straling.bin: 2.6 MB
  icon_eu_data_straling_direct.bin: 2.6 MB
  icon_eu_canvas_meta.json: 120 stappen, 2026-07-19T00:00 t/m 2026-07-23T23:00
   R2: icon_eu_canvas_meta.json (0.0 MB)
   R2: icon_eu_data_bewolking.bin (7.9 MB)
   R2: icon_eu_data_cape.bin (2.6 MB)
   R2: icon_eu_data_cumul.bin (2.6 MB)
   R2: icon_eu_data_dauwpunt.bin (2.6 MB)
   R2: icon_eu_data_druk.bin (2.6 MB)
   R2: icon_eu_data_neerslag.bin (2.6 MB)
   R2: icon_eu_data_rv.bin (2.6 MB)
   R2: icon_eu_data_straling.bin (2.6 MB)
   R2: icon_eu_data_straling_direct.bin (2.6 MB)
   R2: icon_eu_data_temp.bin (2.6 MB)
   R2: icon_eu_data_wind.bin (5.2 MB)
   R2: icon_eu_data_windstoten.bin (5.2 MB)
R2 upload klaar.
Klaar.
Sun Jul 19 02:30:26 CEST 2026: === ICON-EU klaar ===
Sun Jul 19 08:30:04 CEST 2026: === ICON-EU update ===
ICON-EU: 61x94 = 5734 punten, 72 batches
Model: icon_eu, forecast_days=5, prefix=icon_eu
  batch 1/72 klaar
  batch 2/72 klaar
  batch 3/72 klaar
  batch 4/72 klaar
  batch 5/72 klaar
  batch 6/72 klaar
  batch 7/72 klaar
  batch 8/72 klaar
  batch 9/72 klaar
  batch 10/72 klaar
  batch 11/72 klaar
  batch 12/72 klaar
  batch 13/72 klaar
  batch 14/72 klaar
  batch 15/72 klaar
  batch 16/72 klaar
  batch 17/72 klaar
  batch 18/72 klaar
  batch 19/72 klaar
  batch 20/72 klaar
  batch 21/72 klaar
  batch 22/72 klaar
  batch 23/72 klaar
  batch 24/72 klaar
  batch 25/72 klaar
  batch 26/72 klaar
  batch 27/72 klaar
  batch 28/72 klaar
  batch 29/72 klaar
  batch 30/72 klaar
  batch 31/72 klaar
  batch 32/72 klaar
  batch 33/72 klaar
  batch 34/72 klaar
  batch 35/72 klaar
  batch 36/72 klaar
  batch 37/72 klaar
  batch 38/72 klaar
  batch 39/72 klaar
  batch 40/72 klaar
  batch 41/72 klaar
  batch 42/72 klaar
  batch 43/72 klaar
  batch 44/72 klaar
  batch 45/72 klaar
  batch 46/72 klaar
  batch 47/72 klaar
  batch 48/72 klaar
  batch 49/72 klaar
  batch 50/72 klaar
  batch 51/72 klaar
  batch 52/72 klaar
  batch 53/72 klaar
  batch 54/72 klaar
  batch 55/72 klaar
  batch 56/72 klaar
  batch 57/72 klaar
  batch 58/72 klaar
  batch 59/72 klaar
  batch 60/72 klaar
  batch 61/72 klaar
  batch 62/72 klaar
  batch 63/72 klaar
  batch 64/72 klaar
  batch 65/72 klaar
  batch 66/72 klaar
  batch 67/72 klaar
  batch 68/72 klaar
  batch 69/72 klaar
  batch 70/72 klaar
  batch 71/72 klaar
  batch 72/72 klaar
  Tijdstappen na trim: 120 (2026-07-19T00:00 t/m 2026-07-23T23:00)
  icon_eu_data_neerslag.bin: 2.6 MB
  icon_eu_data_cumul.bin: 2.6 MB
  icon_eu_data_temp.bin: 2.6 MB
  icon_eu_data_dauwpunt.bin: 2.6 MB
  icon_eu_data_rv.bin: 2.6 MB
  icon_eu_data_bewolking.bin: 7.9 MB
  icon_eu_data_wind.bin: 5.2 MB
  icon_eu_data_windstoten.bin: 5.2 MB
  icon_eu_data_druk.bin: 2.6 MB
  icon_eu_data_cape.bin: 2.6 MB
  icon_eu_data_straling.bin: 2.6 MB
  icon_eu_data_straling_direct.bin: 2.6 MB
  icon_eu_canvas_meta.json: 120 stappen, 2026-07-19T00:00 t/m 2026-07-23T23:00
   R2: icon_eu_canvas_meta.json (0.0 MB)
   R2: icon_eu_data_bewolking.bin (7.9 MB)
   R2: icon_eu_data_cape.bin (2.6 MB)
   R2: icon_eu_data_cumul.bin (2.6 MB)
   R2: icon_eu_data_dauwpunt.bin (2.6 MB)
   R2: icon_eu_data_druk.bin (2.6 MB)
   R2: icon_eu_data_neerslag.bin (2.6 MB)
   R2: icon_eu_data_rv.bin (2.6 MB)
   R2: icon_eu_data_straling.bin (2.6 MB)
   R2: icon_eu_data_straling_direct.bin (2.6 MB)
   R2: icon_eu_data_temp.bin (2.6 MB)
   R2: icon_eu_data_wind.bin (5.2 MB)
   R2: icon_eu_data_windstoten.bin (5.2 MB)
R2 upload klaar.
Klaar.
Sun Jul 19 08:30:37 CEST 2026: === ICON-EU klaar ===
Sun Jul 19 14:30:05 CEST 2026: === ICON-EU update ===
ICON-EU: 61x94 = 5734 punten, 72 batches
Model: icon_eu, forecast_days=5, prefix=icon_eu
  batch 1/72 klaar
  batch 2/72 klaar
  batch 3/72 klaar
  batch 4/72 klaar
  batch 5/72 klaar
  batch 6/72 klaar
  batch 7/72 klaar
  batch 8/72 klaar
  batch 9/72 klaar
  batch 10/72 klaar
  batch 11/72 klaar
  batch 12/72 klaar
  batch 13/72 klaar
  batch 14/72 klaar
  batch 15/72 klaar
  batch 16/72 klaar
  batch 17/72 klaar
  batch 18/72 klaar
  batch 19/72 klaar
  batch 20/72 klaar
  batch 21/72 klaar
  batch 22/72 klaar
  batch 23/72 klaar
  batch 24/72 klaar
  batch 25/72 klaar
  batch 26/72 klaar
  batch 27/72 klaar
  batch 28/72 klaar
  batch 29/72 klaar
  batch 30/72 klaar
  batch 31/72 klaar
  batch 32/72 klaar
  batch 33/72 klaar
  batch 34/72 klaar
  batch 35/72 klaar
  batch 36/72 klaar
  batch 37/72 klaar
  batch 38/72 klaar
  batch 39/72 klaar
  batch 40/72 klaar
  batch 41/72 klaar
  batch 42/72 klaar
  batch 43/72 klaar
  batch 44/72 klaar
  batch 45/72 klaar
  batch 46/72 klaar
  batch 47/72 klaar
  batch 48/72 klaar
  batch 49/72 klaar
  batch 50/72 klaar
  batch 51/72 klaar
  batch 52/72 klaar
  batch 53/72 klaar
  batch 54/72 klaar
  batch 55/72 klaar
  batch 56/72 klaar
  batch 57/72 klaar
  batch 58/72 klaar
  batch 59/72 klaar
  batch 60/72 klaar
  batch 61/72 klaar
  batch 62/72 klaar
  batch 63/72 klaar
  batch 64/72 klaar
  batch 65/72 klaar
  batch 66/72 klaar
  batch 67/72 klaar
  batch 68/72 klaar
  batch 69/72 klaar
  batch 70/72 klaar
  batch 71/72 klaar
  batch 72/72 klaar
  Tijdstappen na trim: 120 (2026-07-19T00:00 t/m 2026-07-23T23:00)
  icon_eu_data_neerslag.bin: 2.6 MB
  icon_eu_data_cumul.bin: 2.6 MB
  icon_eu_data_temp.bin: 2.6 MB
  icon_eu_data_dauwpunt.bin: 2.6 MB
  icon_eu_data_rv.bin: 2.6 MB
  icon_eu_data_bewolking.bin: 7.9 MB
  icon_eu_data_wind.bin: 5.2 MB
  icon_eu_data_windstoten.bin: 5.2 MB
  icon_eu_data_druk.bin: 2.6 MB
  icon_eu_data_cape.bin: 2.6 MB
  icon_eu_data_straling.bin: 2.6 MB
  icon_eu_data_straling_direct.bin: 2.6 MB
  icon_eu_canvas_meta.json: 120 stappen, 2026-07-19T00:00 t/m 2026-07-23T23:00
   R2: icon_eu_canvas_meta.json (0.0 MB)
   R2: icon_eu_data_bewolking.bin (7.9 MB)
   R2: icon_eu_data_cape.bin (2.6 MB)
   R2: icon_eu_data_cumul.bin (2.6 MB)
   R2: icon_eu_data_dauwpunt.bin (2.6 MB)
   R2: icon_eu_data_druk.bin (2.6 MB)
   R2: icon_eu_data_neerslag.bin (2.6 MB)
   R2: icon_eu_data_rv.bin (2.6 MB)
   R2: icon_eu_data_straling.bin (2.6 MB)
   R2: icon_eu_data_straling_direct.bin (2.6 MB)
   R2: icon_eu_data_temp.bin (2.6 MB)
   R2: icon_eu_data_wind.bin (5.2 MB)
   R2: icon_eu_data_windstoten.bin (5.2 MB)
R2 upload klaar.
Klaar.
Sun Jul 19 14:30:32 CEST 2026: === ICON-EU klaar ===
Sun Jul 19 20:30:05 CEST 2026: === ICON-EU update ===
ICON-EU: 61x94 = 5734 punten, 72 batches
Model: icon_eu, forecast_days=5, prefix=icon_eu
  batch 1/72 klaar
  batch 2/72 klaar
  batch 3/72 klaar
  batch 4/72 klaar
  batch 5/72 klaar
  batch 6/72 klaar
  batch 7/72 klaar
  batch 8/72 klaar
  batch 9/72 klaar
  batch 10/72 klaar
  batch 11/72 klaar
  batch 12/72 klaar
  batch 13/72 klaar
  batch 14/72 klaar
  batch 15/72 klaar
  batch 16/72 klaar
  batch 17/72 klaar
  batch 18/72 klaar
  batch 19/72 klaar
  batch 20/72 klaar
  batch 21/72 klaar
  batch 22/72 klaar
  batch 23/72 klaar
  batch 24/72 klaar
  batch 25/72 klaar
  batch 26/72 klaar
  batch 27/72 klaar
  batch 28/72 klaar
  batch 29/72 klaar
  batch 30/72 klaar
  batch 31/72 klaar
  batch 32/72 klaar
  batch 33/72 klaar
  batch 34/72 klaar
  batch 35/72 klaar
  batch 36/72 klaar
  batch 37/72 klaar
  batch 38/72 klaar
  batch 39/72 klaar
  batch 40/72 klaar
  batch 41/72 klaar
  batch 42/72 klaar
  batch 43/72 klaar
  batch 44/72 klaar
  batch 45/72 klaar
  batch 46/72 klaar
  batch 47/72 klaar
  batch 48/72 klaar
  batch 49/72 klaar
  batch 50/72 klaar
  batch 51/72 klaar
  batch 52/72 klaar
  batch 53/72 klaar
  batch 54/72 klaar
  batch 55/72 klaar
  batch 56/72 klaar
  batch 57/72 klaar
  batch 58/72 klaar
  batch 59/72 klaar
  batch 60/72 klaar
  batch 61/72 klaar
  batch 62/72 klaar
  batch 63/72 klaar
  batch 64/72 klaar
  batch 65/72 klaar
  batch 66/72 klaar
  batch 67/72 klaar
  batch 68/72 klaar
  batch 69/72 klaar
  batch 70/72 klaar
  batch 71/72 klaar
  batch 72/72 klaar
  Tijdstappen na trim: 120 (2026-07-19T00:00 t/m 2026-07-23T23:00)
  icon_eu_data_neerslag.bin: 2.6 MB
  icon_eu_data_cumul.bin: 2.6 MB
  icon_eu_data_temp.bin: 2.6 MB
  icon_eu_data_dauwpunt.bin: 2.6 MB
  icon_eu_data_rv.bin: 2.6 MB
  icon_eu_data_bewolking.bin: 7.9 MB
  icon_eu_data_wind.bin: 5.2 MB
  icon_eu_data_windstoten.bin: 5.2 MB
  icon_eu_data_druk.bin: 2.6 MB
  icon_eu_data_cape.bin: 2.6 MB
  icon_eu_data_straling.bin: 2.6 MB
  icon_eu_data_straling_direct.bin: 2.6 MB
  icon_eu_canvas_meta.json: 120 stappen, 2026-07-19T00:00 t/m 2026-07-23T23:00
   R2: icon_eu_canvas_meta.json (0.0 MB)
   R2: icon_eu_data_bewolking.bin (7.9 MB)
   R2: icon_eu_data_cape.bin (2.6 MB)
   R2: icon_eu_data_cumul.bin (2.6 MB)
   R2: icon_eu_data_dauwpunt.bin (2.6 MB)
   R2: icon_eu_data_druk.bin (2.6 MB)
   R2: icon_eu_data_neerslag.bin (2.6 MB)
   R2: icon_eu_data_rv.bin (2.6 MB)
   R2: icon_eu_data_straling.bin (2.6 MB)
   R2: icon_eu_data_straling_direct.bin (2.6 MB)
   R2: icon_eu_data_temp.bin (2.6 MB)
   R2: icon_eu_data_wind.bin (5.2 MB)
   R2: icon_eu_data_windstoten.bin (5.2 MB)
R2 upload klaar.
Klaar.
Sun Jul 19 20:30:41 CEST 2026: === ICON-EU klaar ===
Mon Jul 20 02:30:03 CEST 2026: === ICON-EU update ===
ICON-EU: 61x94 = 5734 punten, 72 batches
Model: icon_eu, forecast_days=5, prefix=icon_eu
  batch 1/72 klaar
  batch 2/72 klaar
  batch 3/72 klaar
  batch 4/72 klaar
  batch 5/72 klaar
  batch 6/72 klaar
  batch 7/72 klaar
  batch 8/72 klaar
  batch 9/72 klaar
  batch 10/72 klaar
  batch 11/72 klaar
  batch 12/72 klaar
  batch 13/72 klaar
  batch 14/72 klaar
  batch 15/72 klaar
  batch 16/72 klaar
  batch 17/72 klaar
  batch 18/72 klaar
  batch 19/72 klaar
  batch 20/72 klaar
  batch 21/72 klaar
  batch 22/72 klaar
  batch 23/72 klaar
  batch 24/72 klaar
  batch 25/72 klaar
  batch 26/72 klaar
  batch 27/72 klaar
  batch 28/72 klaar
  batch 29/72 klaar
  batch 30/72 klaar
  batch 31/72 klaar
  batch 32/72 klaar
  batch 33/72 klaar
  batch 34/72 klaar
  batch 35/72 klaar
  batch 36/72 klaar
  batch 37/72 klaar
  batch 38/72 klaar
  batch 39/72 klaar
  batch 40/72 klaar
  batch 41/72 klaar
  batch 42/72 klaar
  batch 43/72 klaar
  batch 44/72 klaar
  batch 45/72 klaar
  batch 46/72 klaar
  batch 47/72 klaar
  batch 48/72 klaar
  batch 49/72 klaar
  batch 50/72 klaar
  batch 51/72 klaar
  batch 52/72 klaar
  batch 53/72 klaar
  batch 54/72 klaar
  batch 55/72 klaar
  batch 56/72 klaar
  batch 57/72 klaar
  batch 58/72 klaar
  batch 59/72 klaar
  batch 60/72 klaar
  batch 61/72 klaar
  batch 62/72 klaar
  batch 63/72 klaar
  batch 64/72 klaar
  batch 65/72 klaar
  batch 66/72 klaar
  batch 67/72 klaar
  batch 68/72 klaar
  batch 69/72 klaar
  batch 70/72 klaar
  batch 71/72 klaar
  batch 72/72 klaar
  Tijdstappen na trim: 120 (2026-07-20T00:00 t/m 2026-07-24T23:00)
  icon_eu_data_neerslag.bin: 2.6 MB
  icon_eu_data_cumul.bin: 2.6 MB
  icon_eu_data_temp.bin: 2.6 MB
  icon_eu_data_dauwpunt.bin: 2.6 MB
  icon_eu_data_rv.bin: 2.6 MB
  icon_eu_data_bewolking.bin: 7.9 MB
  icon_eu_data_wind.bin: 5.2 MB
  icon_eu_data_windstoten.bin: 5.2 MB
  icon_eu_data_druk.bin: 2.6 MB
  icon_eu_data_cape.bin: 2.6 MB
  icon_eu_data_straling.bin: 2.6 MB
  icon_eu_data_straling_direct.bin: 2.6 MB
  icon_eu_canvas_meta.json: 120 stappen, 2026-07-20T00:00 t/m 2026-07-24T23:00
   R2: icon_eu_canvas_meta.json (0.0 MB)
   R2: icon_eu_data_bewolking.bin (7.9 MB)
   R2: icon_eu_data_cape.bin (2.6 MB)
   R2: icon_eu_data_cumul.bin (2.6 MB)
   R2: icon_eu_data_dauwpunt.bin (2.6 MB)
   R2: icon_eu_data_druk.bin (2.6 MB)
   R2: icon_eu_data_neerslag.bin (2.6 MB)
   R2: icon_eu_data_rv.bin (2.6 MB)
   R2: icon_eu_data_straling.bin (2.6 MB)
   R2: icon_eu_data_straling_direct.bin (2.6 MB)
   R2: icon_eu_data_temp.bin (2.6 MB)
   R2: icon_eu_data_wind.bin (5.2 MB)
   R2: icon_eu_data_windstoten.bin (5.2 MB)
R2 upload klaar.
Klaar.
Mon Jul 20 02:30:21 CEST 2026: === ICON-EU klaar ===
Mon Jul 20 08:30:05 CEST 2026: === ICON-EU update ===
ICON-EU: 61x94 = 5734 punten, 72 batches
Model: icon_eu, forecast_days=5, prefix=icon_eu
  batch 1/72 klaar
  batch 2/72 klaar
  batch 3/72 klaar
  batch 4/72 klaar
  batch 5/72 klaar
  batch 6/72 klaar
  batch 7/72 klaar
  batch 8/72 klaar
  batch 9/72 klaar
  batch 10/72 klaar
  batch 11/72 klaar
  batch 12/72 klaar
  batch 13/72 klaar
  batch 14/72 klaar
  batch 15/72 klaar
  batch 16/72 klaar
  batch 17/72 klaar
  batch 18/72 klaar
  batch 19/72 klaar
  batch 20/72 klaar
  batch 21/72 klaar
  batch 22/72 klaar
  batch 23/72 klaar
  batch 24/72 klaar
  batch 25/72 klaar
  batch 26/72 klaar
  batch 27/72 klaar
  batch 28/72 klaar
  batch 29/72 klaar
  batch 30/72 klaar
  batch 31/72 klaar
  batch 32/72 klaar
  batch 33/72 klaar
  batch 34/72 klaar
  batch 35/72 klaar
  batch 36/72 klaar
  batch 37/72 klaar
  batch 38/72 klaar
  batch 39/72 klaar
  batch 40/72 klaar
  batch 41/72 klaar
  batch 42/72 klaar
  batch 43/72 klaar
  batch 44/72 klaar
  batch 45/72 klaar
  batch 46/72 klaar
  batch 47/72 klaar
  batch 48/72 klaar
  batch 49/72 klaar
  batch 50/72 klaar
  batch 51/72 klaar
  batch 52/72 klaar
  batch 53/72 klaar
  batch 54/72 klaar
  batch 55/72 klaar
  batch 56/72 klaar
  batch 57/72 klaar
  batch 58/72 klaar
  batch 59/72 klaar
  batch 60/72 klaar
  batch 61/72 klaar
  batch 62/72 klaar
  batch 63/72 klaar
  batch 64/72 klaar
  batch 65/72 klaar
  batch 66/72 klaar
  batch 67/72 klaar
  batch 68/72 klaar
  batch 69/72 klaar
  batch 70/72 klaar
  batch 71/72 klaar
  batch 72/72 klaar
  Tijdstappen na trim: 120 (2026-07-20T00:00 t/m 2026-07-24T23:00)
  icon_eu_data_neerslag.bin: 2.6 MB
  icon_eu_data_cumul.bin: 2.6 MB
  icon_eu_data_temp.bin: 2.6 MB
  icon_eu_data_dauwpunt.bin: 2.6 MB
  icon_eu_data_rv.bin: 2.6 MB
  icon_eu_data_bewolking.bin: 7.9 MB
  icon_eu_data_wind.bin: 5.2 MB
  icon_eu_data_windstoten.bin: 5.2 MB
  icon_eu_data_druk.bin: 2.6 MB
  icon_eu_data_cape.bin: 2.6 MB
  icon_eu_data_straling.bin: 2.6 MB
  icon_eu_data_straling_direct.bin: 2.6 MB
  icon_eu_canvas_meta.json: 120 stappen, 2026-07-20T00:00 t/m 2026-07-24T23:00
   R2: icon_eu_canvas_meta.json (0.0 MB)
   R2: icon_eu_data_bewolking.bin (7.9 MB)
   R2: icon_eu_data_cape.bin (2.6 MB)
   R2: icon_eu_data_cumul.bin (2.6 MB)
   R2: icon_eu_data_dauwpunt.bin (2.6 MB)
   R2: icon_eu_data_druk.bin (2.6 MB)
   R2: icon_eu_data_neerslag.bin (2.6 MB)
   R2: icon_eu_data_rv.bin (2.6 MB)
   R2: icon_eu_data_straling.bin (2.6 MB)
   R2: icon_eu_data_straling_direct.bin (2.6 MB)
   R2: icon_eu_data_temp.bin (2.6 MB)
   R2: icon_eu_data_wind.bin (5.2 MB)
   R2: icon_eu_data_windstoten.bin (5.2 MB)
R2 upload klaar.
Klaar.
Mon Jul 20 08:30:27 CEST 2026: === ICON-EU klaar ===
Mon Jul 20 14:30:05 CEST 2026: === ICON-EU update ===
ICON-EU: 61x94 = 5734 punten, 72 batches
Model: icon_eu, forecast_days=5, prefix=icon_eu
  batch 1/72 klaar
  batch 2/72 klaar
  batch 3/72 klaar
  batch 4/72 klaar
  batch 5/72 klaar
  batch 6/72 klaar
  batch 7/72 klaar
  batch 8/72 klaar
  batch 9/72 klaar
  batch 10/72 klaar
  batch 11/72 klaar
  batch 12/72 klaar
  batch 13/72 klaar
  batch 14/72 klaar
  batch 15/72 klaar
  batch 16/72 klaar
  batch 17/72 klaar
  batch 18/72 klaar
  batch 19/72 klaar
  batch 20/72 klaar
  batch 21/72 klaar
  batch 22/72 klaar
  batch 23/72 klaar
  batch 24/72 klaar
  batch 25/72 klaar
  batch 26/72 klaar
  batch 27/72 klaar
  batch 28/72 klaar
  batch 29/72 klaar
  batch 30/72 klaar
  batch 31/72 klaar
  batch 32/72 klaar
  batch 33/72 klaar
  batch 34/72 klaar
  batch 35/72 klaar
  batch 36/72 klaar
  batch 37/72 klaar
  batch 38/72 klaar
  batch 39/72 klaar
  batch 40/72 klaar
  batch 41/72 klaar
  batch 42/72 klaar
  batch 43/72 klaar
  batch 44/72 klaar
  batch 45/72 klaar
  batch 46/72 klaar
  batch 47/72 klaar
  batch 48/72 klaar
  batch 49/72 klaar
  batch 50/72 klaar
  batch 51/72 klaar
  batch 52/72 klaar
  batch 53/72 klaar
  batch 54/72 klaar
  batch 55/72 klaar
  batch 56/72 klaar
  batch 57/72 klaar
  batch 58/72 klaar
  batch 59/72 klaar
  batch 60/72 klaar
  batch 61/72 klaar
  batch 62/72 klaar
  batch 63/72 klaar
  batch 64/72 klaar
  batch 65/72 klaar
  batch 66/72 klaar
  batch 67/72 klaar
  batch 68/72 klaar
  batch 69/72 klaar
  batch 70/72 klaar
  batch 71/72 klaar
  batch 72/72 klaar
  Tijdstappen na trim: 120 (2026-07-20T00:00 t/m 2026-07-24T23:00)
  icon_eu_data_neerslag.bin: 2.6 MB
  icon_eu_data_cumul.bin: 2.6 MB
  icon_eu_data_temp.bin: 2.6 MB
  icon_eu_data_dauwpunt.bin: 2.6 MB
  icon_eu_data_rv.bin: 2.6 MB
  icon_eu_data_bewolking.bin: 7.9 MB
  icon_eu_data_wind.bin: 5.2 MB
  icon_eu_data_windstoten.bin: 5.2 MB
  icon_eu_data_druk.bin: 2.6 MB
  icon_eu_data_cape.bin: 2.6 MB
  icon_eu_data_straling.bin: 2.6 MB
  icon_eu_data_straling_direct.bin: 2.6 MB
  icon_eu_canvas_meta.json: 120 stappen, 2026-07-20T00:00 t/m 2026-07-24T23:00
   R2: icon_eu_canvas_meta.json (0.0 MB)
   R2: icon_eu_data_bewolking.bin (7.9 MB)
   R2: icon_eu_data_cape.bin (2.6 MB)
   R2: icon_eu_data_cumul.bin (2.6 MB)
   R2: icon_eu_data_dauwpunt.bin (2.6 MB)
   R2: icon_eu_data_druk.bin (2.6 MB)
   R2: icon_eu_data_neerslag.bin (2.6 MB)
   R2: icon_eu_data_rv.bin (2.6 MB)
   R2: icon_eu_data_straling.bin (2.6 MB)
   R2: icon_eu_data_straling_direct.bin (2.6 MB)
   R2: icon_eu_data_temp.bin (2.6 MB)
   R2: icon_eu_data_wind.bin (5.2 MB)
   R2: icon_eu_data_windstoten.bin (5.2 MB)
R2 upload klaar.
Klaar.
Mon Jul 20 14:30:35 CEST 2026: === ICON-EU klaar ===
Mon Jul 20 20:30:05 CEST 2026: === ICON-EU update ===
ICON-EU: 61x94 = 5734 punten, 72 batches
Model: icon_eu, forecast_days=5, prefix=icon_eu
  batch 1/72 klaar
  batch 2/72 klaar
  batch 3/72 klaar
  batch 4/72 klaar
  batch 5/72 klaar
  batch 6/72 klaar
  batch 7/72 klaar
  batch 8/72 klaar
  batch 9/72 klaar
  batch 10/72 klaar
  batch 11/72 klaar
  batch 12/72 klaar
  batch 13/72 klaar
  batch 14/72 klaar
  batch 15/72 klaar
  batch 16/72 klaar
  batch 17/72 klaar
  batch 18/72 klaar
  batch 19/72 klaar
  batch 20/72 klaar
  batch 21/72 klaar
  batch 22/72 klaar
  batch 23/72 klaar
  batch 24/72 klaar
  batch 25/72 klaar
  batch 26/72 klaar
  batch 27/72 klaar
  batch 28/72 klaar
  batch 29/72 klaar
  batch 30/72 klaar
  batch 31/72 klaar
  batch 32/72 klaar
  batch 33/72 klaar
  batch 34/72 klaar
  batch 35/72 klaar
  batch 36/72 klaar
  batch 37/72 klaar
  batch 38/72 klaar
  batch 39/72 klaar
  batch 40/72 klaar
  batch 41/72 klaar
  batch 42/72 klaar
  batch 43/72 klaar
  batch 44/72 klaar
  batch 45/72 klaar
  batch 46/72 klaar
  batch 47/72 klaar
  batch 48/72 klaar
  batch 49/72 klaar
  batch 50/72 klaar
  batch 51/72 klaar
  batch 52/72 klaar
  batch 53/72 klaar
  batch 54/72 klaar
  batch 55/72 klaar
  batch 56/72 klaar
  batch 57/72 klaar
  batch 58/72 klaar
  batch 59/72 klaar
  batch 60/72 klaar
  batch 61/72 klaar
  batch 62/72 klaar
  batch 63/72 klaar
  batch 64/72 klaar
  batch 65/72 klaar
  batch 66/72 klaar
  batch 67/72 klaar
  batch 68/72 klaar
  batch 69/72 klaar
  batch 70/72 klaar
  batch 71/72 klaar
  batch 72/72 klaar
  Tijdstappen na trim: 120 (2026-07-20T00:00 t/m 2026-07-24T23:00)
  icon_eu_data_neerslag.bin: 2.6 MB
  icon_eu_data_cumul.bin: 2.6 MB
  icon_eu_data_temp.bin: 2.6 MB
  icon_eu_data_dauwpunt.bin: 2.6 MB
  icon_eu_data_rv.bin: 2.6 MB
  icon_eu_data_bewolking.bin: 7.9 MB
  icon_eu_data_wind.bin: 5.2 MB
  icon_eu_data_windstoten.bin: 5.2 MB
  icon_eu_data_druk.bin: 2.6 MB
  icon_eu_data_cape.bin: 2.6 MB
  icon_eu_data_straling.bin: 2.6 MB
  icon_eu_data_straling_direct.bin: 2.6 MB
  icon_eu_canvas_meta.json: 120 stappen, 2026-07-20T00:00 t/m 2026-07-24T23:00
   R2: icon_eu_canvas_meta.json (0.0 MB)
   R2: icon_eu_data_bewolking.bin (7.9 MB)
   R2: icon_eu_data_cape.bin (2.6 MB)
   R2: icon_eu_data_cumul.bin (2.6 MB)
   R2: icon_eu_data_dauwpunt.bin (2.6 MB)
   R2: icon_eu_data_druk.bin (2.6 MB)
   R2: icon_eu_data_neerslag.bin (2.6 MB)
   R2: icon_eu_data_rv.bin (2.6 MB)
   R2: icon_eu_data_straling.bin (2.6 MB)
   R2: icon_eu_data_straling_direct.bin (2.6 MB)
   R2: icon_eu_data_temp.bin (2.6 MB)
   R2: icon_eu_data_wind.bin (5.2 MB)
   R2: icon_eu_data_windstoten.bin (5.2 MB)
R2 upload klaar.
Klaar.
Mon Jul 20 20:30:33 CEST 2026: === ICON-EU klaar ===
Tue Jul 21 02:30:02 CEST 2026: === ICON-EU update ===
ICON-EU: 61x94 = 5734 punten, 72 batches
Model: icon_eu, forecast_days=5, prefix=icon_eu
  batch 1/72 klaar
  batch 2/72 klaar
  batch 3/72 klaar
  batch 4/72 klaar
  batch 5/72 klaar
  batch 6/72 klaar
  batch 7/72 klaar
  batch 8/72 klaar
  batch 9/72 klaar
  batch 10/72 klaar
  batch 11/72 klaar
  batch 12/72 klaar
  batch 13/72 klaar
  batch 14/72 klaar
  batch 15/72 klaar
  batch 16/72 klaar
  batch 17/72 klaar
  batch 18/72 klaar
  batch 19/72 klaar
  batch 20/72 klaar
  batch 21/72 klaar
  batch 22/72 klaar
  batch 23/72 klaar
  batch 24/72 klaar
  batch 25/72 klaar
  batch 26/72 klaar
  batch 27/72 klaar
  batch 28/72 klaar
  batch 29/72 klaar
  batch 30/72 klaar
  batch 31/72 klaar
  batch 32/72 klaar
  batch 33/72 klaar
  batch 34/72 klaar
  batch 35/72 klaar
  batch 36/72 klaar
  batch 37/72 klaar
  batch 38/72 klaar
  batch 39/72 klaar
  batch 40/72 klaar
  batch 41/72 klaar
  batch 42/72 klaar
  batch 43/72 klaar
  batch 44/72 klaar
  batch 45/72 klaar
  batch 46/72 klaar
  batch 47/72 klaar
  batch 48/72 klaar
  batch 49/72 klaar
  batch 50/72 klaar
  batch 51/72 klaar
  batch 52/72 klaar
  batch 53/72 klaar
  batch 54/72 klaar
  batch 55/72 klaar
  batch 56/72 klaar
  batch 57/72 klaar
  batch 58/72 klaar
  batch 59/72 klaar
  batch 60/72 klaar
  batch 61/72 klaar
  batch 62/72 klaar
  batch 63/72 klaar
  batch 64/72 klaar
  batch 65/72 klaar
  batch 66/72 klaar
  batch 67/72 klaar
  batch 68/72 klaar
  batch 69/72 klaar
  batch 70/72 klaar
  batch 71/72 klaar
  batch 72/72 klaar
  Tijdstappen na trim: 120 (2026-07-21T00:00 t/m 2026-07-25T23:00)
  icon_eu_data_neerslag.bin: 2.6 MB
  icon_eu_data_cumul.bin: 2.6 MB
  icon_eu_data_temp.bin: 2.6 MB
  icon_eu_data_dauwpunt.bin: 2.6 MB
  icon_eu_data_rv.bin: 2.6 MB
  icon_eu_data_bewolking.bin: 7.9 MB
  icon_eu_data_wind.bin: 5.2 MB
  icon_eu_data_windstoten.bin: 5.2 MB
  icon_eu_data_druk.bin: 2.6 MB
  icon_eu_data_cape.bin: 2.6 MB
  icon_eu_data_straling.bin: 2.6 MB
  icon_eu_data_straling_direct.bin: 2.6 MB
  icon_eu_canvas_meta.json: 120 stappen, 2026-07-21T00:00 t/m 2026-07-25T23:00
   R2: icon_eu_canvas_meta.json (0.0 MB)
   R2: icon_eu_data_bewolking.bin (7.9 MB)
   R2: icon_eu_data_cape.bin (2.6 MB)
   R2: icon_eu_data_cumul.bin (2.6 MB)
   R2: icon_eu_data_dauwpunt.bin (2.6 MB)
   R2: icon_eu_data_druk.bin (2.6 MB)
   R2: icon_eu_data_neerslag.bin (2.6 MB)
   R2: icon_eu_data_rv.bin (2.6 MB)
   R2: icon_eu_data_straling.bin (2.6 MB)
   R2: icon_eu_data_straling_direct.bin (2.6 MB)
   R2: icon_eu_data_temp.bin (2.6 MB)
   R2: icon_eu_data_wind.bin (5.2 MB)
   R2: icon_eu_data_windstoten.bin (5.2 MB)
R2 upload klaar.
Klaar.
Tue Jul 21 02:30:30 CEST 2026: === ICON-EU klaar ===
Tue Jul 21 08:30:02 CEST 2026: === ICON-EU update ===
ICON-EU: 61x94 = 5734 punten, 72 batches
Model: icon_eu, forecast_days=5, prefix=icon_eu
  batch 1/72 klaar
  batch 2/72 klaar
  batch 3/72 klaar
  batch 4/72 klaar
  batch 5/72 klaar
  batch 6/72 klaar
  batch 7/72 klaar
  batch 8/72 klaar
  batch 9/72 klaar
  batch 10/72 klaar
  batch 11/72 klaar
  batch 12/72 klaar
  batch 13/72 klaar
  batch 14/72 klaar
  batch 15/72 klaar
  batch 16/72 klaar
  batch 17/72 klaar
  batch 18/72 klaar
  batch 19/72 klaar
  batch 20/72 klaar
  batch 21/72 klaar
  batch 22/72 klaar
  batch 23/72 klaar
  batch 24/72 klaar
  batch 25/72 klaar
  batch 26/72 klaar
  batch 27/72 klaar
  batch 28/72 klaar
  batch 29/72 klaar
  batch 30/72 klaar
  batch 31/72 klaar
  batch 32/72 klaar
  batch 33/72 klaar
  batch 34/72 klaar
  batch 35/72 klaar
  batch 36/72 klaar
  batch 37/72 klaar
  batch 38/72 klaar
  batch 39/72 klaar
  batch 40/72 klaar
  batch 41/72 klaar
  batch 42/72 klaar
  batch 43/72 klaar
  batch 44/72 klaar
  batch 45/72 klaar
  batch 46/72 klaar
  batch 47/72 klaar
  batch 48/72 klaar
  batch 49/72 klaar
  batch 50/72 klaar
  batch 51/72 klaar
  batch 52/72 klaar
  batch 53/72 klaar
  batch 54/72 klaar
  batch 55/72 klaar
  batch 56/72 klaar
  batch 57/72 klaar
  batch 58/72 klaar
  batch 59/72 klaar
  batch 60/72 klaar
  batch 61/72 klaar
  batch 62/72 klaar
  batch 63/72 klaar
  batch 64/72 klaar
  batch 65/72 klaar
  batch 66/72 klaar
  batch 67/72 klaar
  batch 68/72 klaar
  batch 69/72 klaar
  batch 70/72 klaar
  batch 71/72 klaar
  batch 72/72 klaar
  Tijdstappen na trim: 120 (2026-07-21T00:00 t/m 2026-07-25T23:00)
  icon_eu_data_neerslag.bin: 2.6 MB
  icon_eu_data_cumul.bin: 2.6 MB
  icon_eu_data_temp.bin: 2.6 MB
  icon_eu_data_dauwpunt.bin: 2.6 MB
  icon_eu_data_rv.bin: 2.6 MB
  icon_eu_data_bewolking.bin: 7.9 MB
  icon_eu_data_wind.bin: 5.2 MB
  icon_eu_data_windstoten.bin: 5.2 MB
  icon_eu_data_druk.bin: 2.6 MB
  icon_eu_data_cape.bin: 2.6 MB
  icon_eu_data_straling.bin: 2.6 MB
  icon_eu_data_straling_direct.bin: 2.6 MB
  icon_eu_canvas_meta.json: 120 stappen, 2026-07-21T00:00 t/m 2026-07-25T23:00
   R2: icon_eu_canvas_meta.json (0.0 MB)
   R2: icon_eu_data_bewolking.bin (7.9 MB)
   R2: icon_eu_data_cape.bin (2.6 MB)
   R2: icon_eu_data_cumul.bin (2.6 MB)
   R2: icon_eu_data_dauwpunt.bin (2.6 MB)
   R2: icon_eu_data_druk.bin (2.6 MB)
   R2: icon_eu_data_neerslag.bin (2.6 MB)
   R2: icon_eu_data_rv.bin (2.6 MB)
   R2: icon_eu_data_straling.bin (2.6 MB)
   R2: icon_eu_data_straling_direct.bin (2.6 MB)
   R2: icon_eu_data_temp.bin (2.6 MB)
   R2: icon_eu_data_wind.bin (5.2 MB)
   R2: icon_eu_data_windstoten.bin (5.2 MB)
R2 upload klaar.
Klaar.
Tue Jul 21 08:30:42 CEST 2026: === ICON-EU klaar ===
Tue Jul 21 14:30:05 CEST 2026: === ICON-EU update ===
ICON-EU: 61x94 = 5734 punten, 72 batches
Model: icon_eu, forecast_days=5, prefix=icon_eu
  batch 1/72 klaar
  batch 2/72 klaar
  batch 3/72 klaar
  batch 4/72 klaar
  batch 5/72 klaar
  batch 6/72 klaar
  batch 7/72 klaar
  batch 8/72 klaar
  batch 9/72 klaar
  batch 10/72 klaar
  batch 11/72 klaar
  batch 12/72 klaar
  batch 13/72 klaar
  batch 14/72 klaar
  batch 15/72 klaar
  batch 16/72 klaar
  batch 17/72 klaar
  batch 18/72 klaar
  batch 19/72 klaar
  batch 20/72 klaar
  batch 21/72 klaar
  batch 22/72 klaar
  batch 23/72 klaar
  batch 24/72 klaar
  batch 25/72 klaar
  batch 26/72 klaar
  batch 27/72 klaar
  batch 28/72 klaar
  batch 29/72 klaar
  batch 30/72 klaar
  batch 31/72 klaar
  batch 32/72 klaar
  batch 33/72 klaar
  batch 34/72 klaar
  batch 35/72 klaar
  batch 36/72 klaar
  batch 37/72 klaar
  batch 38/72 klaar
  batch 39/72 klaar
  batch 40/72 klaar
  batch 41/72 klaar
  batch 42/72 klaar
  batch 43/72 klaar
  batch 44/72 klaar
  batch 45/72 klaar
  batch 46/72 klaar
  batch 47/72 klaar
  batch 48/72 klaar
  batch 49/72 klaar
  batch 50/72 klaar
  batch 51/72 klaar
  batch 52/72 klaar
  batch 53/72 klaar
  batch 54/72 klaar
  batch 55/72 klaar
  batch 56/72 klaar
  batch 57/72 klaar
  batch 58/72 klaar
  batch 59/72 klaar
  batch 60/72 klaar
  batch 61/72 klaar
  batch 62/72 klaar
  batch 63/72 klaar
  batch 64/72 klaar
  batch 65/72 klaar
  batch 66/72 klaar
  batch 67/72 klaar
  batch 68/72 klaar
  batch 69/72 klaar
  batch 70/72 klaar
  batch 71/72 klaar
  batch 72/72 klaar
  Tijdstappen na trim: 120 (2026-07-21T00:00 t/m 2026-07-25T23:00)
  icon_eu_data_neerslag.bin: 2.6 MB
  icon_eu_data_cumul.bin: 2.6 MB
  icon_eu_data_temp.bin: 2.6 MB
  icon_eu_data_dauwpunt.bin: 2.6 MB
  icon_eu_data_rv.bin: 2.6 MB
  icon_eu_data_bewolking.bin: 7.9 MB
  icon_eu_data_wind.bin: 5.2 MB
  icon_eu_data_windstoten.bin: 5.2 MB
  icon_eu_data_druk.bin: 2.6 MB
  icon_eu_data_cape.bin: 2.6 MB
  icon_eu_data_straling.bin: 2.6 MB
  icon_eu_data_straling_direct.bin: 2.6 MB
  icon_eu_canvas_meta.json: 120 stappen, 2026-07-21T00:00 t/m 2026-07-25T23:00
   R2: icon_eu_canvas_meta.json (0.0 MB)
   R2: icon_eu_data_bewolking.bin (7.9 MB)
   R2: icon_eu_data_cape.bin (2.6 MB)
   R2: icon_eu_data_cumul.bin (2.6 MB)
   R2: icon_eu_data_dauwpunt.bin (2.6 MB)
   R2: icon_eu_data_druk.bin (2.6 MB)
   R2: icon_eu_data_neerslag.bin (2.6 MB)
   R2: icon_eu_data_rv.bin (2.6 MB)
   R2: icon_eu_data_straling.bin (2.6 MB)
   R2: icon_eu_data_straling_direct.bin (2.6 MB)
   R2: icon_eu_data_temp.bin (2.6 MB)
   R2: icon_eu_data_wind.bin (5.2 MB)
   R2: icon_eu_data_windstoten.bin (5.2 MB)
R2 upload klaar.
Klaar.
Tue Jul 21 14:30:37 CEST 2026: === ICON-EU klaar ===
Tue Jul 21 20:30:06 CEST 2026: === ICON-EU update ===
ICON-EU: 61x94 = 5734 punten, 72 batches
Model: icon_eu, forecast_days=5, prefix=icon_eu
  batch 1/72 klaar
  batch 2/72 klaar
  batch 3/72 klaar
  batch 4/72 klaar
  batch 5/72 klaar
  batch 6/72 klaar
  batch 7/72 klaar
  batch 8/72 klaar
  batch 9/72 klaar
  batch 10/72 klaar
  batch 11/72 klaar
  batch 12/72 klaar
  batch 13/72 klaar
  batch 14/72 klaar
  batch 15/72 klaar
  batch 16/72 klaar
  batch 17/72 klaar
  batch 18/72 klaar
  batch 19/72 klaar
  batch 20/72 klaar
  batch 21/72 klaar
  batch 22/72 klaar
  batch 23/72 klaar
  batch 24/72 klaar
  batch 25/72 klaar
  batch 26/72 klaar
  batch 27/72 klaar
  batch 28/72 klaar
  batch 29/72 klaar
  batch 30/72 klaar
  batch 31/72 klaar
  batch 32/72 klaar
  batch 33/72 klaar
  batch 34/72 klaar
  batch 35/72 klaar
  batch 36/72 klaar
  batch 37/72 klaar
  batch 38/72 klaar
  batch 39/72 klaar
  batch 40/72 klaar
  batch 41/72 klaar
  batch 42/72 klaar
  batch 43/72 klaar
  batch 44/72 klaar
  batch 45/72 klaar
  batch 46/72 klaar
  batch 47/72 klaar
  batch 48/72 klaar
  batch 49/72 klaar
  batch 50/72 klaar
  batch 51/72 klaar
  batch 52/72 klaar
  batch 53/72 klaar
  batch 54/72 klaar
  batch 55/72 klaar
  batch 56/72 klaar
  batch 57/72 klaar
  batch 58/72 klaar
  batch 59/72 klaar
  batch 60/72 klaar
  batch 61/72 klaar
  batch 62/72 klaar
  batch 63/72 klaar
  batch 64/72 klaar
  batch 65/72 klaar
  batch 66/72 klaar
  batch 67/72 klaar
  batch 68/72 klaar
  batch 69/72 klaar
  batch 70/72 klaar
  batch 71/72 klaar
  batch 72/72 klaar
  Tijdstappen na trim: 120 (2026-07-21T00:00 t/m 2026-07-25T23:00)
  icon_eu_data_neerslag.bin: 2.6 MB
  icon_eu_data_cumul.bin: 2.6 MB
  icon_eu_data_temp.bin: 2.6 MB
  icon_eu_data_dauwpunt.bin: 2.6 MB
  icon_eu_data_rv.bin: 2.6 MB
  icon_eu_data_bewolking.bin: 7.9 MB
  icon_eu_data_wind.bin: 5.2 MB
  icon_eu_data_windstoten.bin: 5.2 MB
  icon_eu_data_druk.bin: 2.6 MB
  icon_eu_data_cape.bin: 2.6 MB
  icon_eu_data_straling.bin: 2.6 MB
  icon_eu_data_straling_direct.bin: 2.6 MB
  icon_eu_canvas_meta.json: 120 stappen, 2026-07-21T00:00 t/m 2026-07-25T23:00
   R2: icon_eu_canvas_meta.json (0.0 MB)
   R2: icon_eu_data_bewolking.bin (7.9 MB)
   R2: icon_eu_data_cape.bin (2.6 MB)
   R2: icon_eu_data_cumul.bin (2.6 MB)
   R2: icon_eu_data_dauwpunt.bin (2.6 MB)
   R2: icon_eu_data_druk.bin (2.6 MB)
   R2: icon_eu_data_neerslag.bin (2.6 MB)
   R2: icon_eu_data_rv.bin (2.6 MB)
   R2: icon_eu_data_straling.bin (2.6 MB)
   R2: icon_eu_data_straling_direct.bin (2.6 MB)
   R2: icon_eu_data_temp.bin (2.6 MB)
   R2: icon_eu_data_wind.bin (5.2 MB)
   R2: icon_eu_data_windstoten.bin (5.2 MB)
R2 upload klaar.
Klaar.
Tue Jul 21 20:30:35 CEST 2026: === ICON-EU klaar ===
Wed Jul 22 02:30:04 CEST 2026: === ICON-EU update ===
ICON-EU: 61x94 = 5734 punten, 72 batches
Model: icon_eu, forecast_days=5, prefix=icon_eu
  batch 1/72 klaar
  batch 2/72 klaar
  batch 3/72 klaar
  batch 4/72 klaar
  batch 5/72 klaar
  batch 6/72 klaar
  batch 7/72 klaar
  batch 8/72 klaar
  batch 9/72 klaar
  batch 10/72 klaar
  batch 11/72 klaar
  batch 12/72 klaar
  batch 13/72 klaar
  batch 14/72 klaar
  batch 15/72 klaar
  batch 16/72 klaar
  batch 17/72 klaar
  batch 18/72 klaar
  batch 19/72 klaar
  batch 20/72 klaar
  batch 21/72 klaar
  batch 22/72 klaar
  batch 23/72 klaar
  batch 24/72 klaar
  batch 25/72 klaar
  batch 26/72 klaar
  batch 27/72 klaar
  batch 28/72 klaar
  batch 29/72 klaar
  batch 30/72 klaar
  batch 31/72 klaar
  batch 32/72 klaar
  batch 33/72 klaar
  batch 34/72 klaar
  batch 35/72 klaar
  batch 36/72 klaar
  batch 37/72 klaar
  batch 38/72 klaar
  batch 39/72 klaar
  batch 40/72 klaar
  batch 41/72 klaar
  batch 42/72 klaar
  batch 43/72 klaar
  batch 44/72 klaar
  batch 45/72 klaar
  batch 46/72 klaar
  batch 47/72 klaar
  batch 48/72 klaar
  batch 49/72 klaar
  batch 50/72 klaar
  batch 51/72 klaar
  batch 52/72 klaar
  batch 53/72 klaar
  batch 54/72 klaar
  batch 55/72 klaar
  batch 56/72 klaar
  batch 57/72 klaar
  batch 58/72 klaar
  batch 59/72 klaar
  batch 60/72 klaar
  batch 61/72 klaar
  batch 62/72 klaar
  batch 63/72 klaar
  batch 64/72 klaar
  batch 65/72 klaar
  batch 66/72 klaar
  batch 67/72 klaar
  batch 68/72 klaar
  batch 69/72 klaar
  batch 70/72 klaar
  batch 71/72 klaar
  batch 72/72 klaar
  Tijdstappen na trim: 120 (2026-07-22T00:00 t/m 2026-07-26T23:00)
  icon_eu_data_neerslag.bin: 2.6 MB
  icon_eu_data_cumul.bin: 2.6 MB
  icon_eu_data_temp.bin: 2.6 MB
  icon_eu_data_dauwpunt.bin: 2.6 MB
  icon_eu_data_rv.bin: 2.6 MB
  icon_eu_data_bewolking.bin: 7.9 MB
  icon_eu_data_wind.bin: 5.2 MB
  icon_eu_data_windstoten.bin: 5.2 MB
  icon_eu_data_druk.bin: 2.6 MB
  icon_eu_data_cape.bin: 2.6 MB
  icon_eu_data_straling.bin: 2.6 MB
  icon_eu_data_straling_direct.bin: 2.6 MB
  icon_eu_canvas_meta.json: 120 stappen, 2026-07-22T00:00 t/m 2026-07-26T23:00
   R2: icon_eu_canvas_meta.json (0.0 MB)
   R2: icon_eu_data_bewolking.bin (7.9 MB)
   R2: icon_eu_data_cape.bin (2.6 MB)
   R2: icon_eu_data_cumul.bin (2.6 MB)
   R2: icon_eu_data_dauwpunt.bin (2.6 MB)
   R2: icon_eu_data_druk.bin (2.6 MB)
   R2: icon_eu_data_neerslag.bin (2.6 MB)
   R2: icon_eu_data_rv.bin (2.6 MB)
   R2: icon_eu_data_straling.bin (2.6 MB)
   R2: icon_eu_data_straling_direct.bin (2.6 MB)
   R2: icon_eu_data_temp.bin (2.6 MB)
   R2: icon_eu_data_wind.bin (5.2 MB)
   R2: icon_eu_data_windstoten.bin (5.2 MB)
R2 upload klaar.
Klaar.
Wed Jul 22 02:30:32 CEST 2026: === ICON-EU klaar ===
Wed Jul 22 08:30:00 CEST 2026: === ICON-EU update ===
ICON-EU: 61x94 = 5734 punten, 72 batches
Model: icon_eu, forecast_days=5, prefix=icon_eu
  batch 1/72 klaar
  batch 2/72 klaar
  batch 3/72 klaar
  batch 4/72 klaar
  batch 5/72 klaar
  batch 6/72 klaar
  batch 7/72 klaar
  batch 8/72 klaar
  batch 9/72 klaar
  batch 10/72 klaar
  batch 11/72 klaar
  batch 12/72 klaar
  batch 13/72 klaar
  batch 14/72 klaar
  batch 15/72 klaar
  batch 16/72 klaar
  batch 17/72 klaar
  batch 18/72 klaar
  batch 19/72 klaar
  batch 20/72 klaar
  batch 21/72 klaar
  batch 22/72 klaar
  batch 23/72 klaar
  batch 24/72 klaar
  batch 25/72 klaar
  batch 26/72 klaar
  batch 27/72 klaar
  batch 28/72 klaar
  batch 29/72 klaar
  batch 30/72 klaar
  batch 31/72 klaar
  batch 32/72 klaar
  batch 33/72 klaar
  batch 34/72 klaar
  batch 35/72 klaar
  batch 36/72 klaar
  batch 37/72 klaar
  batch 38/72 klaar
  batch 39/72 klaar
  batch 40/72 klaar
  batch 41/72 klaar
  batch 42/72 klaar
  batch 43/72 klaar
  batch 44/72 klaar
  batch 45/72 klaar
  batch 46/72 klaar
  batch 47/72 klaar
  batch 48/72 klaar
  batch 49/72 klaar
  batch 50/72 klaar
  batch 51/72 klaar
  batch 52/72 klaar
  batch 53/72 klaar
  batch 54/72 klaar
  batch 55/72 klaar
  batch 56/72 klaar
  batch 57/72 klaar
  batch 58/72 klaar
  batch 59/72 klaar
  batch 60/72 klaar
  batch 61/72 klaar
  batch 62/72 klaar
  batch 63/72 klaar
  batch 64/72 klaar
  batch 65/72 klaar
  batch 66/72 klaar
  batch 67/72 klaar
  batch 68/72 klaar
  batch 69/72 klaar
  batch 70/72 klaar
  batch 71/72 klaar
  batch 72/72 klaar
  Tijdstappen na trim: 120 (2026-07-22T00:00 t/m 2026-07-26T23:00)
  icon_eu_data_neerslag.bin: 2.6 MB
  icon_eu_data_cumul.bin: 2.6 MB
  icon_eu_data_temp.bin: 2.6 MB
  icon_eu_data_dauwpunt.bin: 2.6 MB
  icon_eu_data_rv.bin: 2.6 MB
  icon_eu_data_bewolking.bin: 7.9 MB
  icon_eu_data_wind.bin: 5.2 MB
  icon_eu_data_windstoten.bin: 5.2 MB
  icon_eu_data_druk.bin: 2.6 MB
  icon_eu_data_cape.bin: 2.6 MB
  icon_eu_data_straling.bin: 2.6 MB
  icon_eu_data_straling_direct.bin: 2.6 MB
  icon_eu_canvas_meta.json: 120 stappen, 2026-07-22T00:00 t/m 2026-07-26T23:00
   R2: icon_eu_canvas_meta.json (0.0 MB)
   R2: icon_eu_data_bewolking.bin (7.9 MB)
   R2: icon_eu_data_cape.bin (2.6 MB)
   R2: icon_eu_data_cumul.bin (2.6 MB)
   R2: icon_eu_data_dauwpunt.bin (2.6 MB)
   R2: icon_eu_data_druk.bin (2.6 MB)
   R2: icon_eu_data_neerslag.bin (2.6 MB)
   R2: icon_eu_data_rv.bin (2.6 MB)
   R2: icon_eu_data_straling.bin (2.6 MB)
   R2: icon_eu_data_straling_direct.bin (2.6 MB)
   R2: icon_eu_data_temp.bin (2.6 MB)
   R2: icon_eu_data_wind.bin (5.2 MB)
   R2: icon_eu_data_windstoten.bin (5.2 MB)
R2 upload klaar.
Klaar.
Wed Jul 22 08:30:27 CEST 2026: === ICON-EU klaar ===
Wed Jul 22 14:30:02 CEST 2026: === ICON-EU update ===
ICON-EU: 61x94 = 5734 punten, 72 batches
Model: icon_eu, forecast_days=5, prefix=icon_eu
  batch 1/72 klaar
  batch 2/72 klaar
  batch 3/72 klaar
  batch 4/72 klaar
  batch 5/72 klaar
  batch 6/72 klaar
  batch 7/72 klaar
  batch 8/72 klaar
  batch 9/72 klaar
  batch 10/72 klaar
  batch 11/72 klaar
  batch 12/72 klaar
  batch 13/72 klaar
  batch 14/72 klaar
  batch 15/72 klaar
  batch 16/72 klaar
  batch 17/72 klaar
  batch 18/72 klaar
  batch 19/72 klaar
  batch 20/72 klaar
  batch 21/72 klaar
  batch 22/72 klaar
  batch 23/72 klaar
  batch 24/72 klaar
  batch 25/72 klaar
  batch 26/72 klaar
  batch 27/72 klaar
  batch 28/72 klaar
  batch 29/72 klaar
  batch 30/72 klaar
  batch 31/72 klaar
  batch 32/72 klaar
  batch 33/72 klaar
  batch 34/72 klaar
  batch 35/72 klaar
  batch 36/72 klaar
  batch 37/72 klaar
  batch 38/72 klaar
  batch 39/72 klaar
  batch 40/72 klaar
  batch 41/72 klaar
  batch 42/72 klaar
  batch 43/72 klaar
  batch 44/72 klaar
  batch 45/72 klaar
  batch 46/72 klaar
  batch 47/72 klaar
  batch 48/72 klaar
  batch 49/72 klaar
  batch 50/72 klaar
  batch 51/72 klaar
  batch 52/72 klaar
  batch 53/72 klaar
  batch 54/72 klaar
  batch 55/72 klaar
  batch 56/72 klaar
  batch 57/72 klaar
  batch 58/72 klaar
  batch 59/72 klaar
  batch 60/72 klaar
  batch 61/72 klaar
  batch 62/72 klaar
  batch 63/72 klaar
  batch 64/72 klaar
  batch 65/72 klaar
  batch 66/72 klaar
  batch 67/72 klaar
  batch 68/72 klaar
  batch 69/72 klaar
  batch 70/72 klaar
  batch 71/72 klaar
  batch 72/72 klaar
  Tijdstappen na trim: 120 (2026-07-22T00:00 t/m 2026-07-26T23:00)
  icon_eu_data_neerslag.bin: 2.6 MB
  icon_eu_data_cumul.bin: 2.6 MB
  icon_eu_data_temp.bin: 2.6 MB
  icon_eu_data_dauwpunt.bin: 2.6 MB
  icon_eu_data_rv.bin: 2.6 MB
  icon_eu_data_bewolking.bin: 7.9 MB
  icon_eu_data_wind.bin: 5.2 MB
  icon_eu_data_windstoten.bin: 5.2 MB
  icon_eu_data_druk.bin: 2.6 MB
  icon_eu_data_cape.bin: 2.6 MB
  icon_eu_data_straling.bin: 2.6 MB
  icon_eu_data_straling_direct.bin: 2.6 MB
  icon_eu_canvas_meta.json: 120 stappen, 2026-07-22T00:00 t/m 2026-07-26T23:00
   R2: icon_eu_canvas_meta.json (0.0 MB)
   R2: icon_eu_data_bewolking.bin (7.9 MB)
   R2: icon_eu_data_cape.bin (2.6 MB)
   R2: icon_eu_data_cumul.bin (2.6 MB)
   R2: icon_eu_data_dauwpunt.bin (2.6 MB)
   R2: icon_eu_data_druk.bin (2.6 MB)
   R2: icon_eu_data_neerslag.bin (2.6 MB)
   R2: icon_eu_data_rv.bin (2.6 MB)
   R2: icon_eu_data_straling.bin (2.6 MB)
   R2: icon_eu_data_straling_direct.bin (2.6 MB)
   R2: icon_eu_data_temp.bin (2.6 MB)
   R2: icon_eu_data_wind.bin (5.2 MB)
   R2: icon_eu_data_windstoten.bin (5.2 MB)
R2 upload klaar.
Klaar.
Wed Jul 22 14:30:34 CEST 2026: === ICON-EU klaar ===
Wed Jul 22 20:30:00 CEST 2026: === ICON-EU update ===
ICON-EU: 61x94 = 5734 punten, 72 batches
Model: icon_eu, forecast_days=5, prefix=icon_eu
  batch 1/72 klaar
  batch 2/72 klaar
  batch 3/72 klaar
  batch 4/72 klaar
  batch 5/72 klaar
  batch 6/72 klaar
  batch 7/72 klaar
  batch 8/72 klaar
  batch 9/72 klaar
  batch 10/72 klaar
  batch 11/72 klaar
  batch 12/72 klaar
  batch 13/72 klaar
  batch 14/72 klaar
  batch 15/72 klaar
  batch 16/72 klaar
  batch 17/72 klaar
  batch 18/72 klaar
  batch 19/72 klaar
  batch 20/72 klaar
  batch 21/72 klaar
  batch 22/72 klaar
  batch 23/72 klaar
  batch 24/72 klaar
  batch 25/72 klaar
  batch 26/72 klaar
  batch 27/72 klaar
  batch 28/72 klaar
  batch 29/72 klaar
  batch 30/72 klaar
  batch 31/72 klaar
  batch 32/72 klaar
  batch 33/72 klaar
  batch 34/72 klaar
  batch 35/72 klaar
  batch 36/72 klaar
  batch 37/72 klaar
  batch 38/72 klaar
  batch 39/72 klaar
  batch 40/72 klaar
  batch 41/72 klaar
  batch 42/72 klaar
  batch 43/72 klaar
  batch 44/72 klaar
  batch 45/72 klaar
  batch 46/72 klaar
  batch 47/72 klaar
  batch 48/72 klaar
  batch 49/72 klaar
  batch 50/72 klaar
  batch 51/72 klaar
  batch 52/72 klaar
  batch 53/72 klaar
  batch 54/72 klaar
  batch 55/72 klaar
  batch 56/72 klaar
  batch 57/72 klaar
  batch 58/72 klaar
  batch 59/72 klaar
  batch 60/72 klaar
  batch 61/72 klaar
  batch 62/72 klaar
  batch 63/72 klaar
  batch 64/72 klaar
  batch 65/72 klaar
  batch 66/72 klaar
  batch 67/72 klaar
  batch 68/72 klaar
  batch 69/72 klaar
  batch 70/72 klaar
  batch 71/72 klaar
  batch 72/72 klaar
  Tijdstappen na trim: 120 (2026-07-22T00:00 t/m 2026-07-26T23:00)
  icon_eu_data_neerslag.bin: 2.6 MB
  icon_eu_data_cumul.bin: 2.6 MB
  icon_eu_data_temp.bin: 2.6 MB
  icon_eu_data_dauwpunt.bin: 2.6 MB
  icon_eu_data_rv.bin: 2.6 MB
  icon_eu_data_bewolking.bin: 7.9 MB
  icon_eu_data_wind.bin: 5.2 MB
  icon_eu_data_windstoten.bin: 5.2 MB
  icon_eu_data_druk.bin: 2.6 MB
  icon_eu_data_cape.bin: 2.6 MB
  icon_eu_data_straling.bin: 2.6 MB
  icon_eu_data_straling_direct.bin: 2.6 MB
  icon_eu_canvas_meta.json: 120 stappen, 2026-07-22T00:00 t/m 2026-07-26T23:00
   R2: icon_eu_canvas_meta.json (0.0 MB)
   R2: icon_eu_data_bewolking.bin (7.9 MB)
   R2: icon_eu_data_cape.bin (2.6 MB)
   R2: icon_eu_data_cumul.bin (2.6 MB)
   R2: icon_eu_data_dauwpunt.bin (2.6 MB)
   R2: icon_eu_data_druk.bin (2.6 MB)
   R2: icon_eu_data_neerslag.bin (2.6 MB)
   R2: icon_eu_data_rv.bin (2.6 MB)
   R2: icon_eu_data_straling.bin (2.6 MB)
   R2: icon_eu_data_straling_direct.bin (2.6 MB)
   R2: icon_eu_data_temp.bin (2.6 MB)
   R2: icon_eu_data_wind.bin (5.2 MB)
   R2: icon_eu_data_windstoten.bin (5.2 MB)
R2 upload klaar.
Klaar.
Wed Jul 22 20:30:30 CEST 2026: === ICON-EU klaar ===
Thu Jul 23 02:30:05 CEST 2026: === ICON-EU update ===
ICON-EU: 61x94 = 5734 punten, 72 batches
Model: icon_eu, forecast_days=5, prefix=icon_eu
  batch 1/72 klaar
  batch 2/72 klaar
  batch 3/72 klaar
  batch 4/72 klaar
  batch 5/72 klaar
  batch 6/72 klaar
  batch 7/72 klaar
  batch 8/72 klaar
  batch 9/72 klaar
  batch 10/72 klaar
  batch 11/72 klaar
  batch 12/72 klaar
  batch 13/72 klaar
  batch 14/72 klaar
  batch 15/72 klaar
  batch 16/72 klaar
  batch 17/72 klaar
  batch 18/72 klaar
  batch 19/72 klaar
  batch 20/72 klaar
  batch 21/72 klaar
  batch 22/72 klaar
  batch 23/72 klaar
  batch 24/72 klaar
  batch 25/72 klaar
  batch 26/72 klaar
  batch 27/72 klaar
  batch 28/72 klaar
  batch 29/72 klaar
  batch 30/72 klaar
  batch 31/72 klaar
  batch 32/72 klaar
  batch 33/72 klaar
  batch 34/72 klaar
  batch 35/72 klaar
  batch 36/72 klaar
  batch 37/72 klaar
  batch 38/72 klaar
  batch 39/72 klaar
  batch 40/72 klaar
  batch 41/72 klaar
  batch 42/72 klaar
  batch 43/72 klaar
  batch 44/72 klaar
  batch 45/72 klaar
  batch 46/72 klaar
  batch 47/72 klaar
  batch 48/72 klaar
  batch 49/72 klaar
  batch 50/72 klaar
  batch 51/72 klaar
  batch 52/72 klaar
  batch 53/72 klaar
  batch 54/72 klaar
  batch 55/72 klaar
  batch 56/72 klaar
  batch 57/72 klaar
  batch 58/72 klaar
  batch 59/72 klaar
  batch 60/72 klaar
  batch 61/72 klaar
  batch 62/72 klaar
  batch 63/72 klaar
  batch 64/72 klaar
  batch 65/72 klaar
  batch 66/72 klaar
  batch 67/72 klaar
  batch 68/72 klaar
  batch 69/72 klaar
  batch 70/72 klaar
  batch 71/72 klaar
  batch 72/72 klaar
  Tijdstappen na trim: 120 (2026-07-23T00:00 t/m 2026-07-27T23:00)
  icon_eu_data_neerslag.bin: 2.6 MB
  icon_eu_data_cumul.bin: 2.6 MB
  icon_eu_data_temp.bin: 2.6 MB
  icon_eu_data_dauwpunt.bin: 2.6 MB
  icon_eu_data_rv.bin: 2.6 MB
  icon_eu_data_bewolking.bin: 7.9 MB
  icon_eu_data_wind.bin: 5.2 MB
  icon_eu_data_windstoten.bin: 5.2 MB
  icon_eu_data_druk.bin: 2.6 MB
  icon_eu_data_cape.bin: 2.6 MB
  icon_eu_data_straling.bin: 2.6 MB
  icon_eu_data_straling_direct.bin: 2.6 MB
  icon_eu_canvas_meta.json: 120 stappen, 2026-07-23T00:00 t/m 2026-07-27T23:00
   R2: icon_eu_canvas_meta.json (0.0 MB)
   R2: icon_eu_data_bewolking.bin (7.9 MB)
   R2: icon_eu_data_cape.bin (2.6 MB)
   R2: icon_eu_data_cumul.bin (2.6 MB)
   R2: icon_eu_data_dauwpunt.bin (2.6 MB)
   R2: icon_eu_data_druk.bin (2.6 MB)
   R2: icon_eu_data_neerslag.bin (2.6 MB)
   R2: icon_eu_data_rv.bin (2.6 MB)
   R2: icon_eu_data_straling.bin (2.6 MB)
   R2: icon_eu_data_straling_direct.bin (2.6 MB)
   R2: icon_eu_data_temp.bin (2.6 MB)
   R2: icon_eu_data_wind.bin (5.2 MB)
   R2: icon_eu_data_windstoten.bin (5.2 MB)
R2 upload klaar.
Klaar.
Thu Jul 23 02:30:33 CEST 2026: === ICON-EU klaar ===
Thu Jul 23 08:30:03 CEST 2026: === ICON-EU update ===
ICON-EU: 61x94 = 5734 punten, 72 batches
Model: icon_eu, forecast_days=5, prefix=icon_eu
  batch 1/72 klaar
  batch 2/72 klaar
  batch 3/72 klaar
  batch 4/72 klaar
  batch 5/72 klaar
  batch 6/72 klaar
  batch 7/72 klaar
  batch 8/72 klaar
  batch 9/72 klaar
  batch 10/72 klaar
  batch 11/72 klaar
  batch 12/72 klaar
  batch 13/72 klaar
  batch 14/72 klaar
  batch 15/72 klaar
  batch 16/72 klaar
  batch 17/72 klaar
  batch 18/72 klaar
  batch 19/72 klaar
  batch 20/72 klaar
  batch 21/72 klaar
  batch 22/72 klaar
  batch 23/72 klaar
  batch 24/72 klaar
  batch 25/72 klaar
  batch 26/72 klaar
  batch 27/72 klaar
  batch 28/72 klaar
  batch 29/72 klaar
  batch 30/72 klaar
  batch 31/72 klaar
  batch 32/72 klaar
  batch 33/72 klaar
  batch 34/72 klaar
  batch 35/72 klaar
  batch 36/72 klaar
  batch 37/72 klaar
  batch 38/72 klaar
  batch 39/72 klaar
  batch 40/72 klaar
  batch 41/72 klaar
  batch 42/72 klaar
  batch 43/72 klaar
  batch 44/72 klaar
  batch 45/72 klaar
  batch 46/72 klaar
  batch 47/72 klaar
  batch 48/72 klaar
  batch 49/72 klaar
  batch 50/72 klaar
  batch 51/72 klaar
  batch 52/72 klaar
  batch 53/72 klaar
  batch 54/72 klaar
  batch 55/72 klaar
  batch 56/72 klaar
  batch 57/72 klaar
  batch 58/72 klaar
  batch 59/72 klaar
  batch 60/72 klaar
  batch 61/72 klaar
  batch 62/72 klaar
  batch 63/72 klaar
  batch 64/72 klaar
  batch 65/72 klaar
  batch 66/72 klaar
  batch 67/72 klaar
  batch 68/72 klaar
  batch 69/72 klaar
  batch 70/72 klaar
  batch 71/72 klaar
  batch 72/72 klaar
  Tijdstappen na trim: 120 (2026-07-23T00:00 t/m 2026-07-27T23:00)
  icon_eu_data_neerslag.bin: 2.6 MB
  icon_eu_data_cumul.bin: 2.6 MB
  icon_eu_data_temp.bin: 2.6 MB
  icon_eu_data_dauwpunt.bin: 2.6 MB
  icon_eu_data_rv.bin: 2.6 MB
  icon_eu_data_bewolking.bin: 7.9 MB
  icon_eu_data_wind.bin: 5.2 MB
  icon_eu_data_windstoten.bin: 5.2 MB
  icon_eu_data_druk.bin: 2.6 MB
  icon_eu_data_cape.bin: 2.6 MB
  icon_eu_data_straling.bin: 2.6 MB
  icon_eu_data_straling_direct.bin: 2.6 MB
  icon_eu_canvas_meta.json: 120 stappen, 2026-07-23T00:00 t/m 2026-07-27T23:00
   R2: icon_eu_canvas_meta.json (0.0 MB)
   R2: icon_eu_data_bewolking.bin (7.9 MB)
   R2: icon_eu_data_cape.bin (2.6 MB)
   R2: icon_eu_data_cumul.bin (2.6 MB)
   R2: icon_eu_data_dauwpunt.bin (2.6 MB)
   R2: icon_eu_data_druk.bin (2.6 MB)
   R2: icon_eu_data_neerslag.bin (2.6 MB)
   R2: icon_eu_data_rv.bin (2.6 MB)
   R2: icon_eu_data_straling.bin (2.6 MB)
   R2: icon_eu_data_straling_direct.bin (2.6 MB)
   R2: icon_eu_data_temp.bin (2.6 MB)
   R2: icon_eu_data_wind.bin (5.2 MB)
   R2: icon_eu_data_windstoten.bin (5.2 MB)
R2 upload klaar.
Klaar.
Thu Jul 23 08:30:27 CEST 2026: === ICON-EU klaar ===
Thu Jul 23 14:30:05 CEST 2026: === ICON-EU update ===
ICON-EU: 61x94 = 5734 punten, 72 batches
Model: icon_eu, forecast_days=5, prefix=icon_eu
  batch 1/72 klaar
  batch 2/72 klaar
  batch 3/72 klaar
  batch 4/72 klaar
  batch 5/72 klaar
  batch 6/72 klaar
  batch 7/72 klaar
  batch 8/72 klaar
  batch 9/72 klaar
  batch 10/72 klaar
  batch 11/72 klaar
  batch 12/72 klaar
  batch 13/72 klaar
  batch 14/72 klaar
  batch 15/72 klaar
  batch 16/72 klaar
  batch 17/72 klaar
  batch 18/72 klaar
  batch 19/72 klaar
  batch 20/72 klaar
  batch 21/72 klaar
  batch 22/72 klaar
  batch 23/72 klaar
  batch 24/72 klaar
  batch 25/72 klaar
  batch 26/72 klaar
  batch 27/72 klaar
  batch 28/72 klaar
  batch 29/72 klaar
  batch 30/72 klaar
  batch 31/72 klaar
  batch 32/72 klaar
  batch 33/72 klaar
  batch 34/72 klaar
  batch 35/72 klaar
  batch 36/72 klaar
  batch 37/72 klaar
  batch 38/72 klaar
  batch 39/72 klaar
  batch 40/72 klaar
  batch 41/72 klaar
  batch 42/72 klaar
  batch 43/72 klaar
  batch 44/72 klaar
  batch 45/72 klaar
  batch 46/72 klaar
  batch 47/72 klaar
  batch 48/72 klaar
  batch 49/72 klaar
  batch 50/72 klaar
  batch 51/72 klaar
  batch 52/72 klaar
  batch 53/72 klaar
  batch 54/72 klaar
  batch 55/72 klaar
  batch 56/72 klaar
  batch 57/72 klaar
  batch 58/72 klaar
  batch 59/72 klaar
  batch 60/72 klaar
  batch 61/72 klaar
  batch 62/72 klaar
  batch 63/72 klaar
  batch 64/72 klaar
  batch 65/72 klaar
  batch 66/72 klaar
  batch 67/72 klaar
  batch 68/72 klaar
  batch 69/72 klaar
  batch 70/72 klaar
  batch 71/72 klaar
  batch 72/72 klaar
  Tijdstappen na trim: 120 (2026-07-23T00:00 t/m 2026-07-27T23:00)
  icon_eu_data_neerslag.bin: 2.6 MB
  icon_eu_data_cumul.bin: 2.6 MB
  icon_eu_data_temp.bin: 2.6 MB
  icon_eu_data_dauwpunt.bin: 2.6 MB
  icon_eu_data_rv.bin: 2.6 MB
  icon_eu_data_bewolking.bin: 7.9 MB
  icon_eu_data_wind.bin: 5.2 MB
  icon_eu_data_windstoten.bin: 5.2 MB
  icon_eu_data_druk.bin: 2.6 MB
  icon_eu_data_cape.bin: 2.6 MB
  icon_eu_data_straling.bin: 2.6 MB
  icon_eu_data_straling_direct.bin: 2.6 MB
  icon_eu_canvas_meta.json: 120 stappen, 2026-07-23T00:00 t/m 2026-07-27T23:00
   R2: icon_eu_canvas_meta.json (0.0 MB)
   R2: icon_eu_data_bewolking.bin (7.9 MB)
   R2: icon_eu_data_cape.bin (2.6 MB)
   R2: icon_eu_data_cumul.bin (2.6 MB)
   R2: icon_eu_data_dauwpunt.bin (2.6 MB)
   R2: icon_eu_data_druk.bin (2.6 MB)
   R2: icon_eu_data_neerslag.bin (2.6 MB)
   R2: icon_eu_data_rv.bin (2.6 MB)
   R2: icon_eu_data_straling.bin (2.6 MB)
   R2: icon_eu_data_straling_direct.bin (2.6 MB)
   R2: icon_eu_data_temp.bin (2.6 MB)
   R2: icon_eu_data_wind.bin (5.2 MB)
   R2: icon_eu_data_windstoten.bin (5.2 MB)
R2 upload klaar.
Klaar.
Thu Jul 23 14:30:27 CEST 2026: === ICON-EU klaar ===
Thu Jul 23 20:30:02 CEST 2026: === ICON-EU update ===
ICON-EU: 61x94 = 5734 punten, 72 batches
Model: icon_eu, forecast_days=5, prefix=icon_eu
  batch 1/72 klaar
  batch 2/72 klaar
  batch 3/72 klaar
  batch 4/72 klaar
  batch 5/72 klaar
  batch 6/72 klaar
  batch 7/72 klaar
  batch 8/72 klaar
  batch 9/72 klaar
  batch 10/72 klaar
  batch 11/72 klaar
  batch 12/72 klaar
  batch 13/72 klaar
  batch 14/72 klaar
  batch 15/72 klaar
  batch 16/72 klaar
  batch 17/72 klaar
  batch 18/72 klaar
  batch 19/72 klaar
  batch 20/72 klaar
  batch 21/72 klaar
  batch 22/72 klaar
  batch 23/72 klaar
  batch 24/72 klaar
  batch 25/72 klaar
  batch 26/72 klaar
  batch 27/72 klaar
  batch 28/72 klaar
  batch 29/72 klaar
  batch 30/72 klaar
  batch 31/72 klaar
  batch 32/72 klaar
  batch 33/72 klaar
  batch 34/72 klaar
  batch 35/72 klaar
  batch 36/72 klaar
  batch 37/72 klaar
  batch 38/72 klaar
  batch 39/72 klaar
  batch 40/72 klaar
  batch 41/72 klaar
  batch 42/72 klaar
  batch 43/72 klaar
  batch 44/72 klaar
  batch 45/72 klaar
  batch 46/72 klaar
  batch 47/72 klaar
  batch 48/72 klaar
  batch 49/72 klaar
  batch 50/72 klaar
  batch 51/72 klaar
  batch 52/72 klaar
  batch 53/72 klaar
  batch 54/72 klaar
  batch 55/72 klaar
  batch 56/72 klaar
  batch 57/72 klaar
  batch 58/72 klaar
  batch 59/72 klaar
  batch 60/72 klaar
  batch 61/72 klaar
  batch 62/72 klaar
  batch 63/72 klaar
  batch 64/72 klaar
  batch 65/72 klaar
  batch 66/72 klaar
  batch 67/72 klaar
  batch 68/72 klaar
  batch 69/72 klaar
  batch 70/72 klaar
  batch 71/72 klaar
  batch 72/72 klaar
  Tijdstappen na trim: 120 (2026-07-23T00:00 t/m 2026-07-27T23:00)
  icon_eu_data_neerslag.bin: 2.6 MB
  icon_eu_data_cumul.bin: 2.6 MB
  icon_eu_data_temp.bin: 2.6 MB
  icon_eu_data_dauwpunt.bin: 2.6 MB
  icon_eu_data_rv.bin: 2.6 MB
  icon_eu_data_bewolking.bin: 7.9 MB
  icon_eu_data_wind.bin: 5.2 MB
  icon_eu_data_windstoten.bin: 5.2 MB
  icon_eu_data_druk.bin: 2.6 MB
  icon_eu_data_cape.bin: 2.6 MB
  icon_eu_data_straling.bin: 2.6 MB
  icon_eu_data_straling_direct.bin: 2.6 MB
  icon_eu_canvas_meta.json: 120 stappen, 2026-07-23T00:00 t/m 2026-07-27T23:00
   R2: icon_eu_canvas_meta.json (0.0 MB)
   R2: icon_eu_data_bewolking.bin (7.9 MB)
   R2: icon_eu_data_cape.bin (2.6 MB)
   R2: icon_eu_data_cumul.bin (2.6 MB)
   R2: icon_eu_data_dauwpunt.bin (2.6 MB)
   R2: icon_eu_data_druk.bin (2.6 MB)
   R2: icon_eu_data_neerslag.bin (2.6 MB)
   R2: icon_eu_data_rv.bin (2.6 MB)
   R2: icon_eu_data_straling.bin (2.6 MB)
   R2: icon_eu_data_straling_direct.bin (2.6 MB)
   R2: icon_eu_data_temp.bin (2.6 MB)
   R2: icon_eu_data_wind.bin (5.2 MB)
   R2: icon_eu_data_windstoten.bin (5.2 MB)
R2 upload klaar.
Klaar.
Thu Jul 23 20:30:26 CEST 2026: === ICON-EU klaar ===
Fri Jul 24 02:30:02 CEST 2026: === ICON-EU update ===
ICON-EU: 61x94 = 5734 punten, 72 batches
Model: icon_eu, forecast_days=5, prefix=icon_eu
  batch 1/72 klaar
  batch 2/72 klaar
  batch 3/72 klaar
  batch 4/72 klaar
  batch 5/72 klaar
  batch 6/72 klaar
  batch 7/72 klaar
  batch 8/72 klaar
  batch 9/72 klaar
  batch 10/72 klaar
  batch 11/72 klaar
  batch 12/72 klaar
  batch 13/72 klaar
  batch 14/72 klaar
  batch 15/72 klaar
  batch 16/72 klaar
  batch 17/72 klaar
  batch 18/72 klaar
  batch 19/72 klaar
  batch 20/72 klaar
  batch 21/72 klaar
  batch 22/72 klaar
  batch 23/72 klaar
  batch 24/72 klaar
  batch 25/72 klaar
  batch 26/72 klaar
  batch 27/72 klaar
  batch 28/72 klaar
  batch 29/72 klaar
  batch 30/72 klaar
  batch 31/72 klaar
  batch 32/72 klaar
  batch 33/72 klaar
  batch 34/72 klaar
  batch 35/72 klaar
  batch 36/72 klaar
  batch 37/72 klaar
  batch 38/72 klaar
  batch 39/72 klaar
  batch 40/72 klaar
  batch 41/72 klaar
  batch 42/72 klaar
  batch 43/72 klaar
  batch 44/72 klaar
  batch 45/72 klaar
  batch 46/72 klaar
  batch 47/72 klaar
  batch 48/72 klaar
  batch 49/72 klaar
  batch 50/72 klaar
  batch 51/72 klaar
  batch 52/72 klaar
  batch 53/72 klaar
  batch 54/72 klaar
  batch 55/72 klaar
  batch 56/72 klaar
  batch 57/72 klaar
  batch 58/72 klaar
  batch 59/72 klaar
  batch 60/72 klaar
  batch 61/72 klaar
  batch 62/72 klaar
  batch 63/72 klaar
  batch 64/72 klaar
  batch 65/72 klaar
  batch 66/72 klaar
  batch 67/72 klaar
  batch 68/72 klaar
  batch 69/72 klaar
  batch 70/72 klaar
  batch 71/72 klaar
  batch 72/72 klaar
  Tijdstappen na trim: 120 (2026-07-24T00:00 t/m 2026-07-28T23:00)
  icon_eu_data_neerslag.bin: 2.6 MB
  icon_eu_data_cumul.bin: 2.6 MB
  icon_eu_data_temp.bin: 2.6 MB
  icon_eu_data_dauwpunt.bin: 2.6 MB
  icon_eu_data_rv.bin: 2.6 MB
  icon_eu_data_bewolking.bin: 7.9 MB
  icon_eu_data_wind.bin: 5.2 MB
  icon_eu_data_windstoten.bin: 5.2 MB
  icon_eu_data_druk.bin: 2.6 MB
  icon_eu_data_cape.bin: 2.6 MB
  icon_eu_data_straling.bin: 2.6 MB
  icon_eu_data_straling_direct.bin: 2.6 MB
  icon_eu_canvas_meta.json: 120 stappen, 2026-07-24T00:00 t/m 2026-07-28T23:00
   R2: icon_eu_canvas_meta.json (0.0 MB)
   R2: icon_eu_data_bewolking.bin (7.9 MB)
   R2: icon_eu_data_cape.bin (2.6 MB)
   R2: icon_eu_data_cumul.bin (2.6 MB)
   R2: icon_eu_data_dauwpunt.bin (2.6 MB)
   R2: icon_eu_data_druk.bin (2.6 MB)
   R2: icon_eu_data_neerslag.bin (2.6 MB)
   R2: icon_eu_data_rv.bin (2.6 MB)
   R2: icon_eu_data_straling.bin (2.6 MB)
   R2: icon_eu_data_straling_direct.bin (2.6 MB)
   R2: icon_eu_data_temp.bin (2.6 MB)
   R2: icon_eu_data_wind.bin (5.2 MB)
   R2: icon_eu_data_windstoten.bin (5.2 MB)
R2 upload klaar.
Klaar.
Fri Jul 24 02:30:23 CEST 2026: === ICON-EU klaar ===
Fri Jul 24 08:30:05 CEST 2026: === ICON-EU update ===
ICON-EU: 61x94 = 5734 punten, 72 batches
Model: icon_eu, forecast_days=5, prefix=icon_eu
  batch 1/72 klaar
  batch 2/72 klaar
  batch 3/72 klaar
  batch 4/72 klaar
  batch 5/72 klaar
  batch 6/72 klaar
  batch 7/72 klaar
  batch 8/72 klaar
  batch 9/72 klaar
  batch 10/72 klaar
  batch 11/72 klaar
  batch 12/72 klaar
  batch 13/72 klaar
  batch 14/72 klaar
  batch 15/72 klaar
  batch 16/72 klaar
  batch 17/72 klaar
  batch 18/72 klaar
  batch 19/72 klaar
  batch 20/72 klaar
  batch 21/72 klaar
  batch 22/72 klaar
  batch 23/72 klaar
  batch 24/72 klaar
  batch 25/72 klaar
  batch 26/72 klaar
  batch 27/72 klaar
  batch 28/72 klaar
  batch 29/72 klaar
  batch 30/72 klaar
  batch 31/72 klaar
  batch 32/72 klaar
  batch 33/72 klaar
  batch 34/72 klaar
  batch 35/72 klaar
  batch 36/72 klaar
  batch 37/72 klaar
  batch 38/72 klaar
  batch 39/72 klaar
  batch 40/72 klaar
  batch 41/72 klaar
  batch 42/72 klaar
  batch 43/72 klaar
  batch 44/72 klaar
  batch 45/72 klaar
  batch 46/72 klaar
  batch 47/72 klaar
  batch 48/72 klaar
  batch 49/72 klaar
  batch 50/72 klaar
  batch 51/72 klaar
  batch 52/72 klaar
  batch 53/72 klaar
  batch 54/72 klaar
  batch 55/72 klaar
  batch 56/72 klaar
  batch 57/72 klaar
  batch 58/72 klaar
  batch 59/72 klaar
  batch 60/72 klaar
  batch 61/72 klaar
  batch 62/72 klaar
  batch 63/72 klaar
  batch 64/72 klaar
  batch 65/72 klaar
  batch 66/72 klaar
  batch 67/72 klaar
  batch 68/72 klaar
  batch 69/72 klaar
  batch 70/72 klaar
  batch 71/72 klaar
  batch 72/72 klaar
  Tijdstappen na trim: 120 (2026-07-24T00:00 t/m 2026-07-28T23:00)
  icon_eu_data_neerslag.bin: 2.6 MB
  icon_eu_data_cumul.bin: 2.6 MB
  icon_eu_data_temp.bin: 2.6 MB
  icon_eu_data_dauwpunt.bin: 2.6 MB
  icon_eu_data_rv.bin: 2.6 MB
  icon_eu_data_bewolking.bin: 7.9 MB
  icon_eu_data_wind.bin: 5.2 MB
  icon_eu_data_windstoten.bin: 5.2 MB
  icon_eu_data_druk.bin: 2.6 MB
  icon_eu_data_cape.bin: 2.6 MB
  icon_eu_data_straling.bin: 2.6 MB
  icon_eu_data_straling_direct.bin: 2.6 MB
  icon_eu_canvas_meta.json: 120 stappen, 2026-07-24T00:00 t/m 2026-07-28T23:00
   R2: icon_eu_canvas_meta.json (0.0 MB)
   R2: icon_eu_data_bewolking.bin (7.9 MB)
   R2: icon_eu_data_cape.bin (2.6 MB)
   R2: icon_eu_data_cumul.bin (2.6 MB)
   R2: icon_eu_data_dauwpunt.bin (2.6 MB)
   R2: icon_eu_data_druk.bin (2.6 MB)
   R2: icon_eu_data_neerslag.bin (2.6 MB)
   R2: icon_eu_data_rv.bin (2.6 MB)
   R2: icon_eu_data_straling.bin (2.6 MB)
   R2: icon_eu_data_straling_direct.bin (2.6 MB)
   R2: icon_eu_data_temp.bin (2.6 MB)
   R2: icon_eu_data_wind.bin (5.2 MB)
   R2: icon_eu_data_windstoten.bin (5.2 MB)
R2 upload klaar.
Klaar.
Fri Jul 24 08:30:30 CEST 2026: === ICON-EU klaar ===
Fri Jul 24 14:30:02 CEST 2026: === ICON-EU update ===
ICON-EU: 61x94 = 5734 punten, 72 batches
Model: icon_eu, forecast_days=5, prefix=icon_eu
  batch 1/72 klaar
  batch 2/72 klaar
  batch 3/72 klaar
  batch 4/72 klaar
  batch 5/72 klaar
  batch 6/72 klaar
  batch 7/72 klaar
  batch 8/72 klaar
  batch 9/72 klaar
  batch 10/72 klaar
  batch 11/72 klaar
  batch 12/72 klaar
  batch 13/72 klaar
  batch 14/72 klaar
  batch 15/72 klaar
  batch 16/72 klaar
  batch 17/72 klaar
  batch 18/72 klaar
  batch 19/72 klaar
  batch 20/72 klaar
  batch 21/72 klaar
  batch 22/72 klaar
  batch 23/72 klaar
  batch 24/72 klaar
  batch 25/72 klaar
  batch 26/72 klaar
  batch 27/72 klaar
  batch 28/72 klaar
  batch 29/72 klaar
  batch 30/72 klaar
  batch 31/72 klaar
  batch 32/72 klaar
  batch 33/72 klaar
  batch 34/72 klaar
  batch 35/72 klaar
  batch 36/72 klaar
  batch 37/72 klaar
  batch 38/72 klaar
  batch 39/72 klaar
  batch 40/72 klaar
  batch 41/72 klaar
  batch 42/72 klaar
  batch 43/72 klaar
  batch 44/72 klaar
  batch 45/72 klaar
  batch 46/72 klaar
  batch 47/72 klaar
  batch 48/72 klaar
  batch 49/72 klaar
  batch 50/72 klaar
  batch 51/72 klaar
  batch 52/72 klaar
  batch 53/72 klaar
  batch 54/72 klaar
  batch 55/72 klaar
  batch 56/72 klaar
  batch 57/72 klaar
  batch 58/72 klaar
  batch 59/72 klaar
  batch 60/72 klaar
  batch 61/72 klaar
  batch 62/72 klaar
  batch 63/72 klaar
  batch 64/72 klaar
  batch 65/72 klaar
  batch 66/72 klaar
  batch 67/72 klaar
  batch 68/72 klaar
  batch 69/72 klaar
  batch 70/72 klaar
  batch 71/72 klaar
  batch 72/72 klaar
  Tijdstappen na trim: 120 (2026-07-24T00:00 t/m 2026-07-28T23:00)
  icon_eu_data_neerslag.bin: 2.6 MB
  icon_eu_data_cumul.bin: 2.6 MB
  icon_eu_data_temp.bin: 2.6 MB
  icon_eu_data_dauwpunt.bin: 2.6 MB
  icon_eu_data_rv.bin: 2.6 MB
  icon_eu_data_bewolking.bin: 7.9 MB
  icon_eu_data_wind.bin: 5.2 MB
  icon_eu_data_windstoten.bin: 5.2 MB
  icon_eu_data_druk.bin: 2.6 MB
  icon_eu_data_cape.bin: 2.6 MB
  icon_eu_data_straling.bin: 2.6 MB
  icon_eu_data_straling_direct.bin: 2.6 MB
  icon_eu_canvas_meta.json: 120 stappen, 2026-07-24T00:00 t/m 2026-07-28T23:00
   R2: icon_eu_canvas_meta.json (0.0 MB)
   R2: icon_eu_data_bewolking.bin (7.9 MB)
   R2: icon_eu_data_cape.bin (2.6 MB)
   R2: icon_eu_data_cumul.bin (2.6 MB)
   R2: icon_eu_data_dauwpunt.bin (2.6 MB)
   R2: icon_eu_data_druk.bin (2.6 MB)
   R2: icon_eu_data_neerslag.bin (2.6 MB)
   R2: icon_eu_data_rv.bin (2.6 MB)
   R2: icon_eu_data_straling.bin (2.6 MB)
   R2: icon_eu_data_straling_direct.bin (2.6 MB)
   R2: icon_eu_data_temp.bin (2.6 MB)
   R2: icon_eu_data_wind.bin (5.2 MB)
   R2: icon_eu_data_windstoten.bin (5.2 MB)
R2 upload klaar.
Klaar.
Fri Jul 24 14:30:30 CEST 2026: === ICON-EU klaar ===
Fri Jul 24 20:30:02 CEST 2026: === ICON-EU update ===
ICON-EU: 61x94 = 5734 punten, 72 batches
Model: icon_eu, forecast_days=5, prefix=icon_eu
  batch 1/72 klaar
  batch 2/72 klaar
  batch 3/72 klaar
  batch 4/72 klaar
  batch 5/72 klaar
  batch 6/72 klaar
  batch 7/72 klaar
  batch 8/72 klaar
  batch 9/72 klaar
  batch 10/72 klaar
  batch 11/72 klaar
  batch 12/72 klaar
  batch 13/72 klaar
  batch 14/72 klaar
  batch 15/72 klaar
  batch 16/72 klaar
  batch 17/72 klaar
  batch 18/72 klaar
  batch 19/72 klaar
  batch 20/72 klaar
  batch 21/72 klaar
  batch 22/72 klaar
  batch 23/72 klaar
  batch 24/72 klaar
  batch 25/72 klaar
  batch 26/72 klaar
  batch 27/72 klaar
  batch 28/72 klaar
  batch 29/72 klaar
  batch 30/72 klaar
  batch 31/72 klaar
  batch 32/72 klaar
  batch 33/72 klaar
  batch 34/72 klaar
  batch 35/72 klaar
  batch 36/72 klaar
  batch 37/72 klaar
  batch 38/72 klaar
  batch 39/72 klaar
  batch 40/72 klaar
  batch 41/72 klaar
  batch 42/72 klaar
  batch 43/72 klaar
  batch 44/72 klaar
  batch 45/72 klaar
  batch 46/72 klaar
  batch 47/72 klaar
  batch 48/72 klaar
  batch 49/72 klaar
  batch 50/72 klaar
  batch 51/72 klaar
  batch 52/72 klaar
  batch 53/72 klaar
  batch 54/72 klaar
  batch 55/72 klaar
  batch 56/72 klaar
  batch 57/72 klaar
  batch 58/72 klaar
  batch 59/72 klaar
  batch 60/72 klaar
  batch 61/72 klaar
  batch 62/72 klaar
  batch 63/72 klaar
  batch 64/72 klaar
  batch 65/72 klaar
  batch 66/72 klaar
  batch 67/72 klaar
  batch 68/72 klaar
  batch 69/72 klaar
  batch 70/72 klaar
  batch 71/72 klaar
  batch 72/72 klaar
  Tijdstappen na trim: 120 (2026-07-24T00:00 t/m 2026-07-28T23:00)
  icon_eu_data_neerslag.bin: 2.6 MB
  icon_eu_data_cumul.bin: 2.6 MB
  icon_eu_data_temp.bin: 2.6 MB
  icon_eu_data_dauwpunt.bin: 2.6 MB
  icon_eu_data_rv.bin: 2.6 MB
  icon_eu_data_bewolking.bin: 7.9 MB
  icon_eu_data_wind.bin: 5.2 MB
  icon_eu_data_windstoten.bin: 5.2 MB
  icon_eu_data_druk.bin: 2.6 MB
  icon_eu_data_cape.bin: 2.6 MB
  icon_eu_data_straling.bin: 2.6 MB
  icon_eu_data_straling_direct.bin: 2.6 MB
  icon_eu_canvas_meta.json: 120 stappen, 2026-07-24T00:00 t/m 2026-07-28T23:00
   R2: icon_eu_canvas_meta.json (0.0 MB)
   R2: icon_eu_data_bewolking.bin (7.9 MB)
   R2: icon_eu_data_cape.bin (2.6 MB)
   R2: icon_eu_data_cumul.bin (2.6 MB)
   R2: icon_eu_data_dauwpunt.bin (2.6 MB)
   R2: icon_eu_data_druk.bin (2.6 MB)
   R2: icon_eu_data_neerslag.bin (2.6 MB)
   R2: icon_eu_data_rv.bin (2.6 MB)
   R2: icon_eu_data_straling.bin (2.6 MB)
   R2: icon_eu_data_straling_direct.bin (2.6 MB)
   R2: icon_eu_data_temp.bin (2.6 MB)
   R2: icon_eu_data_wind.bin (5.2 MB)
   R2: icon_eu_data_windstoten.bin (5.2 MB)
R2 upload klaar.
Klaar.
Fri Jul 24 20:30:26 CEST 2026: === ICON-EU klaar ===
Sat Jul 25 02:30:02 CEST 2026: === ICON-EU update ===
ICON-EU: 61x94 = 5734 punten, 72 batches
Model: icon_eu, forecast_days=5, prefix=icon_eu
  batch 1/72 klaar
  batch 2/72 klaar
  batch 3/72 klaar
  batch 4/72 klaar
  batch 5/72 klaar
  batch 6/72 klaar
  batch 7/72 klaar
  batch 8/72 klaar
  batch 9/72 klaar
  batch 10/72 klaar
  batch 11/72 klaar
  batch 12/72 klaar
  batch 13/72 klaar
  batch 14/72 klaar
  batch 15/72 klaar
  batch 16/72 klaar
  batch 17/72 klaar
  batch 18/72 klaar
  batch 19/72 klaar
  batch 20/72 klaar
  batch 21/72 klaar
  batch 22/72 klaar
  batch 23/72 klaar
  batch 24/72 klaar
  batch 25/72 klaar
  batch 26/72 klaar
  batch 27/72 klaar
  batch 28/72 klaar
  batch 29/72 klaar
  batch 30/72 klaar
  batch 31/72 klaar
  batch 32/72 klaar
  batch 33/72 klaar
  batch 34/72 klaar
  batch 35/72 klaar
  batch 36/72 klaar
  batch 37/72 klaar
  batch 38/72 klaar
  batch 39/72 klaar
  batch 40/72 klaar
  batch 41/72 klaar
  batch 42/72 klaar
  batch 43/72 klaar
  batch 44/72 klaar
  batch 45/72 klaar
  batch 46/72 klaar
  batch 47/72 klaar
  batch 48/72 klaar
  batch 49/72 klaar
  batch 50/72 klaar
  batch 51/72 klaar
  batch 52/72 klaar
  batch 53/72 klaar
  batch 54/72 klaar
  batch 55/72 klaar
  batch 56/72 klaar
  batch 57/72 klaar
  batch 58/72 klaar
  batch 59/72 klaar
  batch 60/72 klaar
  batch 61/72 klaar
  batch 62/72 klaar
  batch 63/72 klaar
  batch 64/72 klaar
  batch 65/72 klaar
  batch 66/72 klaar
  batch 67/72 klaar
  batch 68/72 klaar
  batch 69/72 klaar
  batch 70/72 klaar
  batch 71/72 klaar
  batch 72/72 klaar
  Tijdstappen na trim: 120 (2026-07-25T00:00 t/m 2026-07-29T23:00)
  icon_eu_data_neerslag.bin: 2.6 MB
  icon_eu_data_cumul.bin: 2.6 MB
  icon_eu_data_temp.bin: 2.6 MB
  icon_eu_data_dauwpunt.bin: 2.6 MB
  icon_eu_data_rv.bin: 2.6 MB
  icon_eu_data_bewolking.bin: 7.9 MB
  icon_eu_data_wind.bin: 5.2 MB
  icon_eu_data_windstoten.bin: 5.2 MB
  icon_eu_data_druk.bin: 2.6 MB
  icon_eu_data_cape.bin: 2.6 MB
  icon_eu_data_straling.bin: 2.6 MB
  icon_eu_data_straling_direct.bin: 2.6 MB
  icon_eu_canvas_meta.json: 120 stappen, 2026-07-25T00:00 t/m 2026-07-29T23:00
   R2: icon_eu_canvas_meta.json (0.0 MB)
   R2: icon_eu_data_bewolking.bin (7.9 MB)
   R2: icon_eu_data_cape.bin (2.6 MB)
   R2: icon_eu_data_cumul.bin (2.6 MB)
   R2: icon_eu_data_dauwpunt.bin (2.6 MB)
   R2: icon_eu_data_druk.bin (2.6 MB)
   R2: icon_eu_data_neerslag.bin (2.6 MB)
   R2: icon_eu_data_rv.bin (2.6 MB)
   R2: icon_eu_data_straling.bin (2.6 MB)
   R2: icon_eu_data_straling_direct.bin (2.6 MB)
   R2: icon_eu_data_temp.bin (2.6 MB)
   R2: icon_eu_data_wind.bin (5.2 MB)
   R2: icon_eu_data_windstoten.bin (5.2 MB)
R2 upload klaar.
Klaar.
Sat Jul 25 02:30:22 CEST 2026: === ICON-EU klaar ===
Sat Jul 25 08:30:01 CEST 2026: === ICON-EU update ===
ICON-EU: 61x94 = 5734 punten, 72 batches
Model: icon_eu, forecast_days=5, prefix=icon_eu
  batch 1/72 klaar
  batch 2/72 klaar
  batch 3/72 klaar
  batch 4/72 klaar
  batch 5/72 klaar
  batch 6/72 klaar
  batch 7/72 klaar
  batch 8/72 klaar
  batch 9/72 klaar
  batch 10/72 klaar
  batch 11/72 klaar
  batch 12/72 klaar
  batch 13/72 klaar
  batch 14/72 klaar
  batch 15/72 klaar
  batch 16/72 klaar
  batch 17/72 klaar
  batch 18/72 klaar
  batch 19/72 klaar
  batch 20/72 klaar
  batch 21/72 klaar
  batch 22/72 klaar
  batch 23/72 klaar
  batch 24/72 klaar
  batch 25/72 klaar
  batch 26/72 klaar
  batch 27/72 klaar
  batch 28/72 klaar
  batch 29/72 klaar
  batch 30/72 klaar
  batch 31/72 klaar
  batch 32/72 klaar
  batch 33/72 klaar
  batch 34/72 klaar
  batch 35/72 klaar
  batch 36/72 klaar
  batch 37/72 klaar
  batch 38/72 klaar
  batch 39/72 klaar
  batch 40/72 klaar
  batch 41/72 klaar
  batch 42/72 klaar
  batch 43/72 klaar
  batch 44/72 klaar
  batch 45/72 klaar
  batch 46/72 klaar
  batch 47/72 klaar
  batch 48/72 klaar
  batch 49/72 klaar
  batch 50/72 klaar
  batch 51/72 klaar
  batch 52/72 klaar
  batch 53/72 klaar
  batch 54/72 klaar
  batch 55/72 klaar
  batch 56/72 klaar
  batch 57/72 klaar
  batch 58/72 klaar
  batch 59/72 klaar
  batch 60/72 klaar
  batch 61/72 klaar
  batch 62/72 klaar
  batch 63/72 klaar
  batch 64/72 klaar
  batch 65/72 klaar
  batch 66/72 klaar
  batch 67/72 klaar
  batch 68/72 klaar
  batch 69/72 klaar
  batch 70/72 klaar
  batch 71/72 klaar
  batch 72/72 klaar
  Tijdstappen na trim: 120 (2026-07-25T00:00 t/m 2026-07-29T23:00)
  icon_eu_data_neerslag.bin: 2.6 MB
  icon_eu_data_cumul.bin: 2.6 MB
  icon_eu_data_temp.bin: 2.6 MB
  icon_eu_data_dauwpunt.bin: 2.6 MB
  icon_eu_data_rv.bin: 2.6 MB
  icon_eu_data_bewolking.bin: 7.9 MB
  icon_eu_data_wind.bin: 5.2 MB
  icon_eu_data_windstoten.bin: 5.2 MB
  icon_eu_data_druk.bin: 2.6 MB
  icon_eu_data_cape.bin: 2.6 MB
  icon_eu_data_straling.bin: 2.6 MB
  icon_eu_data_straling_direct.bin: 2.6 MB
  icon_eu_canvas_meta.json: 120 stappen, 2026-07-25T00:00 t/m 2026-07-29T23:00
   R2: icon_eu_canvas_meta.json (0.0 MB)
   R2: icon_eu_data_bewolking.bin (7.9 MB)
   R2: icon_eu_data_cape.bin (2.6 MB)
   R2: icon_eu_data_cumul.bin (2.6 MB)
   R2: icon_eu_data_dauwpunt.bin (2.6 MB)
   R2: icon_eu_data_druk.bin (2.6 MB)
   R2: icon_eu_data_neerslag.bin (2.6 MB)
   R2: icon_eu_data_rv.bin (2.6 MB)
   R2: icon_eu_data_straling.bin (2.6 MB)
   R2: icon_eu_data_straling_direct.bin (2.6 MB)
   R2: icon_eu_data_temp.bin (2.6 MB)
   R2: icon_eu_data_wind.bin (5.2 MB)
   R2: icon_eu_data_windstoten.bin (5.2 MB)
R2 upload klaar.
Klaar.
Sat Jul 25 08:30:26 CEST 2026: === ICON-EU klaar ===
Sat Jul 25 14:30:05 CEST 2026: === ICON-EU update ===
ICON-EU: 61x94 = 5734 punten, 72 batches
Model: icon_eu, forecast_days=5, prefix=icon_eu
  batch 1/72 klaar
  batch 2/72 klaar
  batch 3/72 klaar
  batch 4/72 klaar
  batch 5/72 klaar
  batch 6/72 klaar
  batch 7/72 klaar
  batch 8/72 klaar
  batch 9/72 klaar
  batch 10/72 klaar
  batch 11/72 klaar
  batch 12/72 klaar
  batch 13/72 klaar
  batch 14/72 klaar
  batch 15/72 klaar
  batch 16/72 klaar
  batch 17/72 klaar
  batch 18/72 klaar
  batch 19/72 klaar
  batch 20/72 klaar
  batch 21/72 klaar
  batch 22/72 klaar
  batch 23/72 klaar
  batch 24/72 klaar
  batch 25/72 klaar
  batch 26/72 klaar
  batch 27/72 klaar
  batch 28/72 klaar
  batch 29/72 klaar
  batch 30/72 klaar
  batch 31/72 klaar
  batch 32/72 klaar
  batch 33/72 klaar
  batch 34/72 klaar
  batch 35/72 klaar
  batch 36/72 klaar
  batch 37/72 klaar
  batch 38/72 klaar
  batch 39/72 klaar
  batch 40/72 klaar
  batch 41/72 klaar
  batch 42/72 klaar
  batch 43/72 klaar
  batch 44/72 klaar
  batch 45/72 klaar
  batch 46/72 klaar
  batch 47/72 klaar
  batch 48/72 klaar
  batch 49/72 klaar
  batch 50/72 klaar
  batch 51/72 klaar
  batch 52/72 klaar
  batch 53/72 klaar
  batch 54/72 klaar
  batch 55/72 klaar
  batch 56/72 klaar
  batch 57/72 klaar
  batch 58/72 klaar
  batch 59/72 klaar
  batch 60/72 klaar
  batch 61/72 klaar
  batch 62/72 klaar
  batch 63/72 klaar
  batch 64/72 klaar
  batch 65/72 klaar
  batch 66/72 klaar
  batch 67/72 klaar
  batch 68/72 klaar
  batch 69/72 klaar
  batch 70/72 klaar
  batch 71/72 klaar
  batch 72/72 klaar
  Tijdstappen na trim: 120 (2026-07-25T00:00 t/m 2026-07-29T23:00)
  icon_eu_data_neerslag.bin: 2.6 MB
  icon_eu_data_cumul.bin: 2.6 MB
  icon_eu_data_temp.bin: 2.6 MB
  icon_eu_data_dauwpunt.bin: 2.6 MB
  icon_eu_data_rv.bin: 2.6 MB
  icon_eu_data_bewolking.bin: 7.9 MB
  icon_eu_data_wind.bin: 5.2 MB
  icon_eu_data_windstoten.bin: 5.2 MB
  icon_eu_data_druk.bin: 2.6 MB
  icon_eu_data_cape.bin: 2.6 MB
  icon_eu_data_straling.bin: 2.6 MB
  icon_eu_data_straling_direct.bin: 2.6 MB
  icon_eu_canvas_meta.json: 120 stappen, 2026-07-25T00:00 t/m 2026-07-29T23:00
   R2: icon_eu_canvas_meta.json (0.0 MB)
   R2: icon_eu_data_bewolking.bin (7.9 MB)
   R2: icon_eu_data_cape.bin (2.6 MB)
   R2: icon_eu_data_cumul.bin (2.6 MB)
   R2: icon_eu_data_dauwpunt.bin (2.6 MB)
   R2: icon_eu_data_druk.bin (2.6 MB)
   R2: icon_eu_data_neerslag.bin (2.6 MB)
   R2: icon_eu_data_rv.bin (2.6 MB)
   R2: icon_eu_data_straling.bin (2.6 MB)
   R2: icon_eu_data_straling_direct.bin (2.6 MB)
   R2: icon_eu_data_temp.bin (2.6 MB)
   R2: icon_eu_data_wind.bin (5.2 MB)
   R2: icon_eu_data_windstoten.bin (5.2 MB)
R2 upload klaar.
Klaar.
Sat Jul 25 14:30:25 CEST 2026: === ICON-EU klaar ===
Sat Jul 25 20:30:04 CEST 2026: === ICON-EU update ===
ICON-EU: 61x94 = 5734 punten, 72 batches
Model: icon_eu, forecast_days=5, prefix=icon_eu
  batch 1/72 klaar
  batch 2/72 klaar
  batch 3/72 klaar
  batch 4/72 klaar
  batch 5/72 klaar
  batch 6/72 klaar
  batch 7/72 klaar
  batch 8/72 klaar
  batch 9/72 klaar
  batch 10/72 klaar
  batch 11/72 klaar
  batch 12/72 klaar
  batch 13/72 klaar
  batch 14/72 klaar
  batch 15/72 klaar
  batch 16/72 klaar
  batch 17/72 klaar
  batch 18/72 klaar
  batch 19/72 klaar
  batch 20/72 klaar
  batch 21/72 klaar
  batch 22/72 klaar
  batch 23/72 klaar
  batch 24/72 klaar
  batch 25/72 klaar
  batch 26/72 klaar
  batch 27/72 klaar
  batch 28/72 klaar
  batch 29/72 klaar
  batch 30/72 klaar
  batch 31/72 klaar
  batch 32/72 klaar
  batch 33/72 klaar
  batch 34/72 klaar
  batch 35/72 klaar
  batch 36/72 klaar
  batch 37/72 klaar
  batch 38/72 klaar
  batch 39/72 klaar
  batch 40/72 klaar
  batch 41/72 klaar
  batch 42/72 klaar
  batch 43/72 klaar
  batch 44/72 klaar
  batch 45/72 klaar
  batch 46/72 klaar
  batch 47/72 klaar
  batch 48/72 klaar
  batch 49/72 klaar
  batch 50/72 klaar
  batch 51/72 klaar
  batch 52/72 klaar
  batch 53/72 klaar
  batch 54/72 klaar
  batch 55/72 klaar
  batch 56/72 klaar
  batch 57/72 klaar
  batch 58/72 klaar
  batch 59/72 klaar
  batch 60/72 klaar
  batch 61/72 klaar
  batch 62/72 klaar
  batch 63/72 klaar
  batch 64/72 klaar
  batch 65/72 klaar
  batch 66/72 klaar
  batch 67/72 klaar
  batch 68/72 klaar
  batch 69/72 klaar
  batch 70/72 klaar
  batch 71/72 klaar
  batch 72/72 klaar
  Tijdstappen na trim: 120 (2026-07-25T00:00 t/m 2026-07-29T23:00)
  icon_eu_data_neerslag.bin: 2.6 MB
  icon_eu_data_cumul.bin: 2.6 MB
  icon_eu_data_temp.bin: 2.6 MB
  icon_eu_data_dauwpunt.bin: 2.6 MB
  icon_eu_data_rv.bin: 2.6 MB
  icon_eu_data_bewolking.bin: 7.9 MB
  icon_eu_data_wind.bin: 5.2 MB
  icon_eu_data_windstoten.bin: 5.2 MB
  icon_eu_data_druk.bin: 2.6 MB
  icon_eu_data_cape.bin: 2.6 MB
  icon_eu_data_straling.bin: 2.6 MB
  icon_eu_data_straling_direct.bin: 2.6 MB
  icon_eu_canvas_meta.json: 120 stappen, 2026-07-25T00:00 t/m 2026-07-29T23:00
   R2: icon_eu_canvas_meta.json (0.0 MB)
   R2: icon_eu_data_bewolking.bin (7.9 MB)
   R2: icon_eu_data_cape.bin (2.6 MB)
   R2: icon_eu_data_cumul.bin (2.6 MB)
   R2: icon_eu_data_dauwpunt.bin (2.6 MB)
   R2: icon_eu_data_druk.bin (2.6 MB)
   R2: icon_eu_data_neerslag.bin (2.6 MB)
   R2: icon_eu_data_rv.bin (2.6 MB)
   R2: icon_eu_data_straling.bin (2.6 MB)
   R2: icon_eu_data_straling_direct.bin (2.6 MB)
   R2: icon_eu_data_temp.bin (2.6 MB)
   R2: icon_eu_data_wind.bin (5.2 MB)
   R2: icon_eu_data_windstoten.bin (5.2 MB)
R2 upload klaar.
Klaar.
Sat Jul 25 20:30:31 CEST 2026: === ICON-EU klaar ===
Sun Jul 26 02:30:04 CEST 2026: === ICON-EU update ===
ICON-EU: 61x94 = 5734 punten, 72 batches
Model: icon_eu, forecast_days=5, prefix=icon_eu
  batch 1/72 klaar
  batch 2/72 klaar
  batch 3/72 klaar
  batch 4/72 klaar
  batch 5/72 klaar
  batch 6/72 klaar
  batch 7/72 klaar
  batch 8/72 klaar
  batch 9/72 klaar
  batch 10/72 klaar
  batch 11/72 klaar
  batch 12/72 klaar
  batch 13/72 klaar
  batch 14/72 klaar
  batch 15/72 klaar
  batch 16/72 klaar
  batch 17/72 klaar
  batch 18/72 klaar
  batch 19/72 klaar
  batch 20/72 klaar
  batch 21/72 klaar
  batch 22/72 klaar
  batch 23/72 klaar
  batch 24/72 klaar
  batch 25/72 klaar
  batch 26/72 klaar
  batch 27/72 klaar
  batch 28/72 klaar
  batch 29/72 klaar
  batch 30/72 klaar
  batch 31/72 klaar
  batch 32/72 klaar
  batch 33/72 klaar
  batch 34/72 klaar
  batch 35/72 klaar
  batch 36/72 klaar
  batch 37/72 klaar
  batch 38/72 klaar
  batch 39/72 klaar
  batch 40/72 klaar
  batch 41/72 klaar
  batch 42/72 klaar
  batch 43/72 klaar
  batch 44/72 klaar
  batch 45/72 klaar
  batch 46/72 klaar
  batch 47/72 klaar
  batch 48/72 klaar
  batch 49/72 klaar
  batch 50/72 klaar
  batch 51/72 klaar
  batch 52/72 klaar
  batch 53/72 klaar
  batch 54/72 klaar
  batch 55/72 klaar
  batch 56/72 klaar
  batch 57/72 klaar
  batch 58/72 klaar
  batch 59/72 klaar
  batch 60/72 klaar
  batch 61/72 klaar
  batch 62/72 klaar
  batch 63/72 klaar
  batch 64/72 klaar
  batch 65/72 klaar
  batch 66/72 klaar
  batch 67/72 klaar
  batch 68/72 klaar
  batch 69/72 klaar
  batch 70/72 klaar
  batch 71/72 klaar
  batch 72/72 klaar
  Tijdstappen na trim: 120 (2026-07-26T00:00 t/m 2026-07-30T23:00)
  icon_eu_data_neerslag.bin: 2.6 MB
  icon_eu_data_cumul.bin: 2.6 MB
  icon_eu_data_temp.bin: 2.6 MB
  icon_eu_data_dauwpunt.bin: 2.6 MB
  icon_eu_data_rv.bin: 2.6 MB
  icon_eu_data_bewolking.bin: 7.9 MB
  icon_eu_data_wind.bin: 5.2 MB
  icon_eu_data_windstoten.bin: 5.2 MB
  icon_eu_data_druk.bin: 2.6 MB
  icon_eu_data_cape.bin: 2.6 MB
  icon_eu_data_straling.bin: 2.6 MB
  icon_eu_data_straling_direct.bin: 2.6 MB
  icon_eu_canvas_meta.json: 120 stappen, 2026-07-26T00:00 t/m 2026-07-30T23:00
   R2: icon_eu_canvas_meta.json (0.0 MB)
   R2: icon_eu_data_bewolking.bin (7.9 MB)
   R2: icon_eu_data_cape.bin (2.6 MB)
   R2: icon_eu_data_cumul.bin (2.6 MB)
   R2: icon_eu_data_dauwpunt.bin (2.6 MB)
   R2: icon_eu_data_druk.bin (2.6 MB)
   R2: icon_eu_data_neerslag.bin (2.6 MB)
   R2: icon_eu_data_rv.bin (2.6 MB)
   R2: icon_eu_data_straling.bin (2.6 MB)
   R2: icon_eu_data_straling_direct.bin (2.6 MB)
   R2: icon_eu_data_temp.bin (2.6 MB)
   R2: icon_eu_data_wind.bin (5.2 MB)
   R2: icon_eu_data_windstoten.bin (5.2 MB)
R2 upload klaar.
Klaar.
Sun Jul 26 02:30:24 CEST 2026: === ICON-EU klaar ===
Sun Jul 26 08:30:04 CEST 2026: === ICON-EU update ===
ICON-EU: 61x94 = 5734 punten, 72 batches
Model: icon_eu, forecast_days=5, prefix=icon_eu
  batch 1/72 klaar
  batch 2/72 klaar
  batch 3/72 klaar
  batch 4/72 klaar
  batch 5/72 klaar
  batch 6/72 klaar
  batch 7/72 klaar
  batch 8/72 klaar
  batch 9/72 klaar
  batch 10/72 klaar
  batch 11/72 klaar
  batch 12/72 klaar
  batch 13/72 klaar
  batch 14/72 klaar
  batch 15/72 klaar
  batch 16/72 klaar
  batch 17/72 klaar
  batch 18/72 klaar
  batch 19/72 klaar
  batch 20/72 klaar
  batch 21/72 klaar
  batch 22/72 klaar
  batch 23/72 klaar
  batch 24/72 klaar
  batch 25/72 klaar
  batch 26/72 klaar
  batch 27/72 klaar
  batch 28/72 klaar
  batch 29/72 klaar
  batch 30/72 klaar
  batch 31/72 klaar
  batch 32/72 klaar
  batch 33/72 klaar
  batch 34/72 klaar
  batch 35/72 klaar
  batch 36/72 klaar
  batch 37/72 klaar
  batch 38/72 klaar
  batch 39/72 klaar
  batch 40/72 klaar
  batch 41/72 klaar
  batch 42/72 klaar
  batch 43/72 klaar
  batch 44/72 klaar
  batch 45/72 klaar
  batch 46/72 klaar
  batch 47/72 klaar
  batch 48/72 klaar
  batch 49/72 klaar
  batch 50/72 klaar
  batch 51/72 klaar
  batch 52/72 klaar
  batch 53/72 klaar
  batch 54/72 klaar
  batch 55/72 klaar
  batch 56/72 klaar
  batch 57/72 klaar
  batch 58/72 klaar
  batch 59/72 klaar
  batch 60/72 klaar
  batch 61/72 klaar
  batch 62/72 klaar
  batch 63/72 klaar
  batch 64/72 klaar
  batch 65/72 klaar
  batch 66/72 klaar
  batch 67/72 klaar
  batch 68/72 klaar
  batch 69/72 klaar
  batch 70/72 klaar
  batch 71/72 klaar
  batch 72/72 klaar
  Tijdstappen na trim: 120 (2026-07-26T00:00 t/m 2026-07-30T23:00)
  icon_eu_data_neerslag.bin: 2.6 MB
  icon_eu_data_cumul.bin: 2.6 MB
  icon_eu_data_temp.bin: 2.6 MB
  icon_eu_data_dauwpunt.bin: 2.6 MB
  icon_eu_data_rv.bin: 2.6 MB
  icon_eu_data_bewolking.bin: 7.9 MB
  icon_eu_data_wind.bin: 5.2 MB
  icon_eu_data_windstoten.bin: 5.2 MB
  icon_eu_data_druk.bin: 2.6 MB
  icon_eu_data_cape.bin: 2.6 MB
  icon_eu_data_straling.bin: 2.6 MB
  icon_eu_data_straling_direct.bin: 2.6 MB
  icon_eu_canvas_meta.json: 120 stappen, 2026-07-26T00:00 t/m 2026-07-30T23:00
   R2: icon_eu_canvas_meta.json (0.0 MB)
   R2: icon_eu_data_bewolking.bin (7.9 MB)
   R2: icon_eu_data_cape.bin (2.6 MB)
   R2: icon_eu_data_cumul.bin (2.6 MB)
   R2: icon_eu_data_dauwpunt.bin (2.6 MB)
   R2: icon_eu_data_druk.bin (2.6 MB)
   R2: icon_eu_data_neerslag.bin (2.6 MB)
   R2: icon_eu_data_rv.bin (2.6 MB)
   R2: icon_eu_data_straling.bin (2.6 MB)
   R2: icon_eu_data_straling_direct.bin (2.6 MB)
   R2: icon_eu_data_temp.bin (2.6 MB)
   R2: icon_eu_data_wind.bin (5.2 MB)
   R2: icon_eu_data_windstoten.bin (5.2 MB)
R2 upload klaar.
Klaar.
Sun Jul 26 08:30:29 CEST 2026: === ICON-EU klaar ===
Sun Jul 26 14:30:04 CEST 2026: === ICON-EU update ===
ICON-EU: 61x94 = 5734 punten, 72 batches
Model: icon_eu, forecast_days=5, prefix=icon_eu
  batch 1/72 klaar
  batch 2/72 klaar
  batch 3/72 klaar
  batch 4/72 klaar
  batch 5/72 klaar
  batch 6/72 klaar
  batch 7/72 klaar
  batch 8/72 klaar
  batch 9/72 klaar
  batch 10/72 klaar
  batch 11/72 klaar
  batch 12/72 klaar
  batch 13/72 klaar
  batch 14/72 klaar
  batch 15/72 klaar
  batch 16/72 klaar
  batch 17/72 klaar
  batch 18/72 klaar
  batch 19/72 klaar
  batch 20/72 klaar
  batch 21/72 klaar
  batch 22/72 klaar
  batch 23/72 klaar
  batch 24/72 klaar
  batch 25/72 klaar
  batch 26/72 klaar
  batch 27/72 klaar
  batch 28/72 klaar
  batch 29/72 klaar
  batch 30/72 klaar
  batch 31/72 klaar
  batch 32/72 klaar
  batch 33/72 klaar
  batch 34/72 klaar
  batch 35/72 klaar
  batch 36/72 klaar
  batch 37/72 klaar
  batch 38/72 klaar
  batch 39/72 klaar
  batch 40/72 klaar
  batch 41/72 klaar
  batch 42/72 klaar
  batch 43/72 klaar
  batch 44/72 klaar
  batch 45/72 klaar
  batch 46/72 klaar
  batch 47/72 klaar
  batch 48/72 klaar
  batch 49/72 klaar
  batch 50/72 klaar
  batch 51/72 klaar
  batch 52/72 klaar
  batch 53/72 klaar
  batch 54/72 klaar
  batch 55/72 klaar
  batch 56/72 klaar
  batch 57/72 klaar
  batch 58/72 klaar
  batch 59/72 klaar
  batch 60/72 klaar
  batch 61/72 klaar
  batch 62/72 klaar
  batch 63/72 klaar
  batch 64/72 klaar
  batch 65/72 klaar
  batch 66/72 klaar
  batch 67/72 klaar
  batch 68/72 klaar
  batch 69/72 klaar
  batch 70/72 klaar
  batch 71/72 klaar
  batch 72/72 klaar
  Tijdstappen na trim: 120 (2026-07-26T00:00 t/m 2026-07-30T23:00)
  icon_eu_data_neerslag.bin: 2.6 MB
  icon_eu_data_cumul.bin: 2.6 MB
  icon_eu_data_temp.bin: 2.6 MB
  icon_eu_data_dauwpunt.bin: 2.6 MB
  icon_eu_data_rv.bin: 2.6 MB
  icon_eu_data_bewolking.bin: 7.9 MB
  icon_eu_data_wind.bin: 5.2 MB
  icon_eu_data_windstoten.bin: 5.2 MB
  icon_eu_data_druk.bin: 2.6 MB
  icon_eu_data_cape.bin: 2.6 MB
  icon_eu_data_straling.bin: 2.6 MB
  icon_eu_data_straling_direct.bin: 2.6 MB
  icon_eu_canvas_meta.json: 120 stappen, 2026-07-26T00:00 t/m 2026-07-30T23:00
   R2: icon_eu_canvas_meta.json (0.0 MB)
   R2: icon_eu_data_bewolking.bin (7.9 MB)
   R2: icon_eu_data_cape.bin (2.6 MB)
   R2: icon_eu_data_cumul.bin (2.6 MB)
   R2: icon_eu_data_dauwpunt.bin (2.6 MB)
   R2: icon_eu_data_druk.bin (2.6 MB)
   R2: icon_eu_data_neerslag.bin (2.6 MB)
   R2: icon_eu_data_rv.bin (2.6 MB)
   R2: icon_eu_data_straling.bin (2.6 MB)
   R2: icon_eu_data_straling_direct.bin (2.6 MB)
   R2: icon_eu_data_temp.bin (2.6 MB)
   R2: icon_eu_data_wind.bin (5.2 MB)
   R2: icon_eu_data_windstoten.bin (5.2 MB)
R2 upload klaar.
Klaar.
Sun Jul 26 14:30:25 CEST 2026: === ICON-EU klaar ===
Sun Jul 26 20:30:04 CEST 2026: === ICON-EU update ===
ICON-EU: 61x94 = 5734 punten, 72 batches
Model: icon_eu, forecast_days=5, prefix=icon_eu
  batch 1/72 klaar
  batch 2/72 klaar
  batch 3/72 klaar
  batch 4/72 klaar
  batch 5/72 klaar
  batch 6/72 klaar
  batch 7/72 klaar
  batch 8/72 klaar
  batch 9/72 klaar
  batch 10/72 klaar
  batch 11/72 klaar
  batch 12/72 klaar
  batch 13/72 klaar
  batch 14/72 klaar
  batch 15/72 klaar
  batch 16/72 klaar
  batch 17/72 klaar
  batch 18/72 klaar
  batch 19/72 klaar
  batch 20/72 klaar
  batch 21/72 klaar
  batch 22/72 klaar
  batch 23/72 klaar
  batch 24/72 klaar
  batch 25/72 klaar
  batch 26/72 klaar
  batch 27/72 klaar
  batch 28/72 klaar
  batch 29/72 klaar
  batch 30/72 klaar
  batch 31/72 klaar
  batch 32/72 klaar
  batch 33/72 klaar
  batch 34/72 klaar
  batch 35/72 klaar
  batch 36/72 klaar
  batch 37/72 klaar
  batch 38/72 klaar
  batch 39/72 klaar
  batch 40/72 klaar
  batch 41/72 klaar
  batch 42/72 klaar
  batch 43/72 klaar
  batch 44/72 klaar
  batch 45/72 klaar
  batch 46/72 klaar
  batch 47/72 klaar
  batch 48/72 klaar
  batch 49/72 klaar
  batch 50/72 klaar
  batch 51/72 klaar
  batch 52/72 klaar
  batch 53/72 klaar
  batch 54/72 klaar
  batch 55/72 klaar
  batch 56/72 klaar
  batch 57/72 klaar
  batch 58/72 klaar
  batch 59/72 klaar
  batch 60/72 klaar
  batch 61/72 klaar
  batch 62/72 klaar
  batch 63/72 klaar
  batch 64/72 klaar
  batch 65/72 klaar
  batch 66/72 klaar
  batch 67/72 klaar
  batch 68/72 klaar
  batch 69/72 klaar
  batch 70/72 klaar
  batch 71/72 klaar
  batch 72/72 klaar
  Tijdstappen na trim: 120 (2026-07-26T00:00 t/m 2026-07-30T23:00)
  icon_eu_data_neerslag.bin: 2.6 MB
  icon_eu_data_cumul.bin: 2.6 MB
  icon_eu_data_temp.bin: 2.6 MB
  icon_eu_data_dauwpunt.bin: 2.6 MB
  icon_eu_data_rv.bin: 2.6 MB
  icon_eu_data_bewolking.bin: 7.9 MB
  icon_eu_data_wind.bin: 5.2 MB
  icon_eu_data_windstoten.bin: 5.2 MB
  icon_eu_data_druk.bin: 2.6 MB
  icon_eu_data_cape.bin: 2.6 MB
  icon_eu_data_straling.bin: 2.6 MB
  icon_eu_data_straling_direct.bin: 2.6 MB
  icon_eu_canvas_meta.json: 120 stappen, 2026-07-26T00:00 t/m 2026-07-30T23:00
   R2: icon_eu_canvas_meta.json (0.0 MB)
   R2: icon_eu_data_bewolking.bin (7.9 MB)
   R2: icon_eu_data_cape.bin (2.6 MB)
   R2: icon_eu_data_cumul.bin (2.6 MB)
   R2: icon_eu_data_dauwpunt.bin (2.6 MB)
   R2: icon_eu_data_druk.bin (2.6 MB)
   R2: icon_eu_data_neerslag.bin (2.6 MB)
   R2: icon_eu_data_rv.bin (2.6 MB)
   R2: icon_eu_data_straling.bin (2.6 MB)
   R2: icon_eu_data_straling_direct.bin (2.6 MB)
   R2: icon_eu_data_temp.bin (2.6 MB)
   R2: icon_eu_data_wind.bin (5.2 MB)
   R2: icon_eu_data_windstoten.bin (5.2 MB)
R2 upload klaar.
Klaar.
Sun Jul 26 20:30:29 CEST 2026: === ICON-EU klaar ===
Mon Jul 27 02:30:05 CEST 2026: === ICON-EU update ===
ICON-EU: 61x94 = 5734 punten, 72 batches
Model: icon_eu, forecast_days=5, prefix=icon_eu
  batch 1/72 klaar
  batch 2/72 klaar
  batch 3/72 klaar
  batch 4/72 klaar
  batch 5/72 klaar
  batch 6/72 klaar
  batch 7/72 klaar
  batch 8/72 klaar
  batch 9/72 klaar
  batch 10/72 klaar
  batch 11/72 klaar
  batch 12/72 klaar
  batch 13/72 klaar
  batch 14/72 klaar
  batch 15/72 klaar
  batch 16/72 klaar
  batch 17/72 klaar
  batch 18/72 klaar
  batch 19/72 klaar
  batch 20/72 klaar
  batch 21/72 klaar
  batch 22/72 klaar
  batch 23/72 klaar
  batch 24/72 klaar
  batch 25/72 klaar
  batch 26/72 klaar
  batch 27/72 klaar
  batch 28/72 klaar
  batch 29/72 klaar
  batch 30/72 klaar
  batch 31/72 klaar
  batch 32/72 klaar
  batch 33/72 klaar
  batch 34/72 klaar
  batch 35/72 klaar
  batch 36/72 klaar
  batch 37/72 klaar
  batch 38/72 klaar
  batch 39/72 klaar
  batch 40/72 klaar
  batch 41/72 klaar
  batch 42/72 klaar
  batch 43/72 klaar
  batch 44/72 klaar
  batch 45/72 klaar
  batch 46/72 klaar
  batch 47/72 klaar
  batch 48/72 klaar
  batch 49/72 klaar
  batch 50/72 klaar
  batch 51/72 klaar
  batch 52/72 klaar
  batch 53/72 klaar
  batch 54/72 klaar
  batch 55/72 klaar
  batch 56/72 klaar
  batch 57/72 klaar
  batch 58/72 klaar
  batch 59/72 klaar
  batch 60/72 klaar
  batch 61/72 klaar
  batch 62/72 klaar
  batch 63/72 klaar
  batch 64/72 klaar
  batch 65/72 klaar
  batch 66/72 klaar
  batch 67/72 klaar
  batch 68/72 klaar
  batch 69/72 klaar
  batch 70/72 klaar
  batch 71/72 klaar
  batch 72/72 klaar
  Tijdstappen na trim: 120 (2026-07-27T00:00 t/m 2026-07-31T23:00)
  icon_eu_data_neerslag.bin: 2.6 MB
  icon_eu_data_cumul.bin: 2.6 MB
  icon_eu_data_temp.bin: 2.6 MB
  icon_eu_data_dauwpunt.bin: 2.6 MB
  icon_eu_data_rv.bin: 2.6 MB
  icon_eu_data_bewolking.bin: 7.9 MB
  icon_eu_data_wind.bin: 5.2 MB
  icon_eu_data_windstoten.bin: 5.2 MB
  icon_eu_data_druk.bin: 2.6 MB
  icon_eu_data_cape.bin: 2.6 MB
  icon_eu_data_straling.bin: 2.6 MB
  icon_eu_data_straling_direct.bin: 2.6 MB
  icon_eu_canvas_meta.json: 120 stappen, 2026-07-27T00:00 t/m 2026-07-31T23:00
   R2: icon_eu_canvas_meta.json (0.0 MB)
   R2: icon_eu_data_bewolking.bin (7.9 MB)
   R2: icon_eu_data_cape.bin (2.6 MB)
   R2: icon_eu_data_cumul.bin (2.6 MB)
   R2: icon_eu_data_dauwpunt.bin (2.6 MB)
   R2: icon_eu_data_druk.bin (2.6 MB)
   R2: icon_eu_data_neerslag.bin (2.6 MB)
   R2: icon_eu_data_rv.bin (2.6 MB)
   R2: icon_eu_data_straling.bin (2.6 MB)
   R2: icon_eu_data_straling_direct.bin (2.6 MB)
   R2: icon_eu_data_temp.bin (2.6 MB)
   R2: icon_eu_data_wind.bin (5.2 MB)
   R2: icon_eu_data_windstoten.bin (5.2 MB)
R2 upload klaar.
Klaar.
Mon Jul 27 02:30:23 CEST 2026: === ICON-EU klaar ===
Mon Jul 27 08:30:05 CEST 2026: === ICON-EU update ===
ICON-EU: 61x94 = 5734 punten, 72 batches
Model: icon_eu, forecast_days=5, prefix=icon_eu
  batch 1/72 klaar
  batch 2/72 klaar
  batch 3/72 klaar
  batch 4/72 klaar
  batch 5/72 klaar
  batch 6/72 klaar
  batch 7/72 klaar
  batch 8/72 klaar
  batch 9/72 klaar
  batch 10/72 klaar
  batch 11/72 klaar
  batch 12/72 klaar
  batch 13/72 klaar
  batch 14/72 klaar
  batch 15/72 klaar
  batch 16/72 klaar
  batch 17/72 klaar
  batch 18/72 klaar
  batch 19/72 klaar
  batch 20/72 klaar
  batch 21/72 klaar
  batch 22/72 klaar
  batch 23/72 klaar
  batch 24/72 klaar
  batch 25/72 klaar
  batch 26/72 klaar
  batch 27/72 klaar
  batch 28/72 klaar
  batch 29/72 klaar
  batch 30/72 klaar
  batch 31/72 klaar
  batch 32/72 klaar
  batch 33/72 klaar
  batch 34/72 klaar
  batch 35/72 klaar
  batch 36/72 klaar
  batch 37/72 klaar
  batch 38/72 klaar
  batch 39/72 klaar
  batch 40/72 klaar
  batch 41/72 klaar
  batch 42/72 klaar
  batch 43/72 klaar
  batch 44/72 klaar
  batch 45/72 klaar
  batch 46/72 klaar
  batch 47/72 klaar
  batch 48/72 klaar
  batch 49/72 klaar
  batch 50/72 klaar
  batch 51/72 klaar
  batch 52/72 klaar
  batch 53/72 klaar
  batch 54/72 klaar
  batch 55/72 klaar
  batch 56/72 klaar
  batch 57/72 klaar
  batch 58/72 klaar
  batch 59/72 klaar
  batch 60/72 klaar
  batch 61/72 klaar
  batch 62/72 klaar
  batch 63/72 klaar
  batch 64/72 klaar
  batch 65/72 klaar
  batch 66/72 klaar
  batch 67/72 klaar
  batch 68/72 klaar
  batch 69/72 klaar
  batch 70/72 klaar
  batch 71/72 klaar
  batch 72/72 klaar
  Tijdstappen na trim: 120 (2026-07-27T00:00 t/m 2026-07-31T23:00)
  icon_eu_data_neerslag.bin: 2.6 MB
  icon_eu_data_cumul.bin: 2.6 MB
  icon_eu_data_temp.bin: 2.6 MB
  icon_eu_data_dauwpunt.bin: 2.6 MB
  icon_eu_data_rv.bin: 2.6 MB
  icon_eu_data_bewolking.bin: 7.9 MB
  icon_eu_data_wind.bin: 5.2 MB
  icon_eu_data_windstoten.bin: 5.2 MB
  icon_eu_data_druk.bin: 2.6 MB
  icon_eu_data_cape.bin: 2.6 MB
  icon_eu_data_straling.bin: 2.6 MB
  icon_eu_data_straling_direct.bin: 2.6 MB
  icon_eu_canvas_meta.json: 120 stappen, 2026-07-27T00:00 t/m 2026-07-31T23:00
   R2: icon_eu_canvas_meta.json (0.0 MB)
   R2: icon_eu_data_bewolking.bin (7.9 MB)
   R2: icon_eu_data_cape.bin (2.6 MB)
   R2: icon_eu_data_cumul.bin (2.6 MB)
   R2: icon_eu_data_dauwpunt.bin (2.6 MB)
   R2: icon_eu_data_druk.bin (2.6 MB)
   R2: icon_eu_data_neerslag.bin (2.6 MB)
   R2: icon_eu_data_rv.bin (2.6 MB)
   R2: icon_eu_data_straling.bin (2.6 MB)
   R2: icon_eu_data_straling_direct.bin (2.6 MB)
   R2: icon_eu_data_temp.bin (2.6 MB)
   R2: icon_eu_data_wind.bin (5.2 MB)
   R2: icon_eu_data_windstoten.bin (5.2 MB)
R2 upload klaar.
Klaar.
Mon Jul 27 08:30:30 CEST 2026: === ICON-EU klaar ===
Mon Jul 27 14:30:04 CEST 2026: === ICON-EU update ===
ICON-EU: 61x94 = 5734 punten, 72 batches
Model: icon_eu, forecast_days=5, prefix=icon_eu
  batch 1/72 klaar
  batch 2/72 klaar
  batch 3/72 klaar
  batch 4/72 klaar
  batch 5/72 klaar
  batch 6/72 klaar
  batch 7/72 klaar
  batch 8/72 klaar
  batch 9/72 klaar
  batch 10/72 klaar
  batch 11/72 klaar
  batch 12/72 klaar
  batch 13/72 klaar
  batch 14/72 klaar
  batch 15/72 klaar
  batch 16/72 klaar
  batch 17/72 klaar
  batch 18/72 klaar
  batch 19/72 klaar
  batch 20/72 klaar
  batch 21/72 klaar
  batch 22/72 klaar
  batch 23/72 klaar
  batch 24/72 klaar
  batch 25/72 klaar
  batch 26/72 klaar
  batch 27/72 klaar
  batch 28/72 klaar
  batch 29/72 klaar
  batch 30/72 klaar
  batch 31/72 klaar
  batch 32/72 klaar
  batch 33/72 klaar
  batch 34/72 klaar
  batch 35/72 klaar
  batch 36/72 klaar
  batch 37/72 klaar
  batch 38/72 klaar
  batch 39/72 klaar
  batch 40/72 klaar
  batch 41/72 klaar
  batch 42/72 klaar
  batch 43/72 klaar
  batch 44/72 klaar
  batch 45/72 klaar
  batch 46/72 klaar
  batch 47/72 klaar
  batch 48/72 klaar
  batch 49/72 klaar
  batch 50/72 klaar
  batch 51/72 klaar
  batch 52/72 klaar
  batch 53/72 klaar
  batch 54/72 klaar
  batch 55/72 klaar
  batch 56/72 klaar
  batch 57/72 klaar
  batch 58/72 klaar
  batch 59/72 klaar
  batch 60/72 klaar
  batch 61/72 klaar
  batch 62/72 klaar
  batch 63/72 klaar
  batch 64/72 klaar
  batch 65/72 klaar
  batch 66/72 klaar
  batch 67/72 klaar
  batch 68/72 klaar
  batch 69/72 klaar
  batch 70/72 klaar
  batch 71/72 klaar
  batch 72/72 klaar
  Tijdstappen na trim: 120 (2026-07-27T00:00 t/m 2026-07-31T23:00)
  icon_eu_data_neerslag.bin: 2.6 MB
  icon_eu_data_cumul.bin: 2.6 MB
  icon_eu_data_temp.bin: 2.6 MB
  icon_eu_data_dauwpunt.bin: 2.6 MB
  icon_eu_data_rv.bin: 2.6 MB
  icon_eu_data_bewolking.bin: 7.9 MB
  icon_eu_data_wind.bin: 5.2 MB
  icon_eu_data_windstoten.bin: 5.2 MB
  icon_eu_data_druk.bin: 2.6 MB
  icon_eu_data_cape.bin: 2.6 MB
  icon_eu_data_straling.bin: 2.6 MB
  icon_eu_data_straling_direct.bin: 2.6 MB
  icon_eu_canvas_meta.json: 120 stappen, 2026-07-27T00:00 t/m 2026-07-31T23:00
   R2: icon_eu_canvas_meta.json (0.0 MB)
   R2: icon_eu_data_bewolking.bin (7.9 MB)
   R2: icon_eu_data_cape.bin (2.6 MB)
   R2: icon_eu_data_cumul.bin (2.6 MB)
   R2: icon_eu_data_dauwpunt.bin (2.6 MB)
   R2: icon_eu_data_druk.bin (2.6 MB)
   R2: icon_eu_data_neerslag.bin (2.6 MB)
   R2: icon_eu_data_rv.bin (2.6 MB)
   R2: icon_eu_data_straling.bin (2.6 MB)
   R2: icon_eu_data_straling_direct.bin (2.6 MB)
   R2: icon_eu_data_temp.bin (2.6 MB)
   R2: icon_eu_data_wind.bin (5.2 MB)
   R2: icon_eu_data_windstoten.bin (5.2 MB)
R2 upload klaar.
Klaar.
Mon Jul 27 14:30:25 CEST 2026: === ICON-EU klaar ===
Mon Jul 27 20:30:05 CEST 2026: === ICON-EU update ===
ICON-EU: 61x94 = 5734 punten, 72 batches
Model: icon_eu, forecast_days=5, prefix=icon_eu
  batch 1/72 klaar
  batch 2/72 klaar
  batch 3/72 klaar
  batch 4/72 klaar
  batch 5/72 klaar
  batch 6/72 klaar
  batch 7/72 klaar
  batch 8/72 klaar
  batch 9/72 klaar
  batch 10/72 klaar
  batch 11/72 klaar
  batch 12/72 klaar
  batch 13/72 klaar
  batch 14/72 klaar
  batch 15/72 klaar
  batch 16/72 klaar
  batch 17/72 klaar
  batch 18/72 klaar
  batch 19/72 klaar
  batch 20/72 klaar
  batch 21/72 klaar
  batch 22/72 klaar
  batch 23/72 klaar
  batch 24/72 klaar
  batch 25/72 klaar
  batch 26/72 klaar
  batch 27/72 klaar
  batch 28/72 klaar
  batch 29/72 klaar
  batch 30/72 klaar
  batch 31/72 klaar
  batch 32/72 klaar
  batch 33/72 klaar
  batch 34/72 klaar
  batch 35/72 klaar
  batch 36/72 klaar
  batch 37/72 klaar
  batch 38/72 klaar
  batch 39/72 klaar
  batch 40/72 klaar
  batch 41/72 klaar
  batch 42/72 klaar
  batch 43/72 klaar
  batch 44/72 klaar
  batch 45/72 klaar
  batch 46/72 klaar
  batch 47/72 klaar
  batch 48/72 klaar
  batch 49/72 klaar
  batch 50/72 klaar
  batch 51/72 klaar
  batch 52/72 klaar
  batch 53/72 klaar
  batch 54/72 klaar
  batch 55/72 klaar
  batch 56/72 klaar
  batch 57/72 klaar
  batch 58/72 klaar
  batch 59/72 klaar
  batch 60/72 klaar
  batch 61/72 klaar
  batch 62/72 klaar
  batch 63/72 klaar
  batch 64/72 klaar
  batch 65/72 klaar
  batch 66/72 klaar
  batch 67/72 klaar
  batch 68/72 klaar
  batch 69/72 klaar
  batch 70/72 klaar
  batch 71/72 klaar
  batch 72/72 klaar
  Tijdstappen na trim: 120 (2026-07-27T00:00 t/m 2026-07-31T23:00)
  icon_eu_data_neerslag.bin: 2.6 MB
  icon_eu_data_cumul.bin: 2.6 MB
  icon_eu_data_temp.bin: 2.6 MB
  icon_eu_data_dauwpunt.bin: 2.6 MB
  icon_eu_data_rv.bin: 2.6 MB
  icon_eu_data_bewolking.bin: 7.9 MB
  icon_eu_data_wind.bin: 5.2 MB
  icon_eu_data_windstoten.bin: 5.2 MB
  icon_eu_data_druk.bin: 2.6 MB
  icon_eu_data_cape.bin: 2.6 MB
  icon_eu_data_straling.bin: 2.6 MB
  icon_eu_data_straling_direct.bin: 2.6 MB
  icon_eu_canvas_meta.json: 120 stappen, 2026-07-27T00:00 t/m 2026-07-31T23:00
   R2: icon_eu_canvas_meta.json (0.0 MB)
   R2: icon_eu_data_bewolking.bin (7.9 MB)
   R2: icon_eu_data_cape.bin (2.6 MB)
   R2: icon_eu_data_cumul.bin (2.6 MB)
   R2: icon_eu_data_dauwpunt.bin (2.6 MB)
   R2: icon_eu_data_druk.bin (2.6 MB)
   R2: icon_eu_data_neerslag.bin (2.6 MB)
   R2: icon_eu_data_rv.bin (2.6 MB)
   R2: icon_eu_data_straling.bin (2.6 MB)
   R2: icon_eu_data_straling_direct.bin (2.6 MB)
   R2: icon_eu_data_temp.bin (2.6 MB)
   R2: icon_eu_data_wind.bin (5.2 MB)
   R2: icon_eu_data_windstoten.bin (5.2 MB)
R2 upload klaar.
Klaar.
Mon Jul 27 20:30:29 CEST 2026: === ICON-EU klaar ===
Tue Jul 28 02:30:00 CEST 2026: === ICON-EU update ===
ICON-EU: 61x94 = 5734 punten, 72 batches
Model: icon_eu, forecast_days=5, prefix=icon_eu
  batch 1/72 klaar
  batch 2/72 klaar
  batch 3/72 klaar
  batch 4/72 klaar
  batch 5/72 klaar
  batch 6/72 klaar
  batch 7/72 klaar
  batch 8/72 klaar
  batch 9/72 klaar
  batch 10/72 klaar
  batch 11/72 klaar
  batch 12/72 klaar
  batch 13/72 klaar
  batch 14/72 klaar
  batch 15/72 klaar
  batch 16/72 klaar
  batch 17/72 klaar
  batch 18/72 klaar
  batch 19/72 klaar
  batch 20/72 klaar
  batch 21/72 klaar
  batch 22/72 klaar
  batch 23/72 klaar
  batch 24/72 klaar
  batch 25/72 klaar
  batch 26/72 klaar
  batch 27/72 klaar
  batch 28/72 klaar
  batch 29/72 klaar
  batch 30/72 klaar
  batch 31/72 klaar
  batch 32/72 klaar
  batch 33/72 klaar
  batch 34/72 klaar
  batch 35/72 klaar
  batch 36/72 klaar
  batch 37/72 klaar
  batch 38/72 klaar
  batch 39/72 klaar
  batch 40/72 klaar
  batch 41/72 klaar
  batch 42/72 klaar
  batch 43/72 klaar
  batch 44/72 klaar
  batch 45/72 klaar
  batch 46/72 klaar
  batch 47/72 klaar
  batch 48/72 klaar
  batch 49/72 klaar
  batch 50/72 klaar
  batch 51/72 klaar
  batch 52/72 klaar
  batch 53/72 klaar
  batch 54/72 klaar
  batch 55/72 klaar
  batch 56/72 klaar
  batch 57/72 klaar
  batch 58/72 klaar
  batch 59/72 klaar
  batch 60/72 klaar
  batch 61/72 klaar
  batch 62/72 klaar
  batch 63/72 klaar
  batch 64/72 klaar
  batch 65/72 klaar
  batch 66/72 klaar
  batch 67/72 klaar
  batch 68/72 klaar
  batch 69/72 klaar
  batch 70/72 klaar
  batch 71/72 klaar
  batch 72/72 klaar
  Tijdstappen na trim: 120 (2026-07-28T00:00 t/m 2026-08-01T23:00)
  icon_eu_data_neerslag.bin: 2.6 MB
  icon_eu_data_cumul.bin: 2.6 MB
  icon_eu_data_temp.bin: 2.6 MB
  icon_eu_data_dauwpunt.bin: 2.6 MB
  icon_eu_data_rv.bin: 2.6 MB
  icon_eu_data_bewolking.bin: 7.9 MB
  icon_eu_data_wind.bin: 5.2 MB
  icon_eu_data_windstoten.bin: 5.2 MB
  icon_eu_data_druk.bin: 2.6 MB
  icon_eu_data_cape.bin: 2.6 MB
  icon_eu_data_straling.bin: 2.6 MB
  icon_eu_data_straling_direct.bin: 2.6 MB
  icon_eu_canvas_meta.json: 120 stappen, 2026-07-28T00:00 t/m 2026-08-01T23:00
   R2: icon_eu_canvas_meta.json (0.0 MB)
   R2: icon_eu_data_bewolking.bin (7.9 MB)
   R2: icon_eu_data_cape.bin (2.6 MB)
   R2: icon_eu_data_cumul.bin (2.6 MB)
   R2: icon_eu_data_dauwpunt.bin (2.6 MB)
   R2: icon_eu_data_druk.bin (2.6 MB)
   R2: icon_eu_data_neerslag.bin (2.6 MB)
   R2: icon_eu_data_rv.bin (2.6 MB)
   R2: icon_eu_data_straling.bin (2.6 MB)
   R2: icon_eu_data_straling_direct.bin (2.6 MB)
   R2: icon_eu_data_temp.bin (2.6 MB)
   R2: icon_eu_data_wind.bin (5.2 MB)
   R2: icon_eu_data_windstoten.bin (5.2 MB)
R2 upload klaar.
Klaar.
Tue Jul 28 02:30:19 CEST 2026: === ICON-EU klaar ===
Tue Jul 28 08:30:05 CEST 2026: === ICON-EU update ===
ICON-EU: 61x94 = 5734 punten, 72 batches
Model: icon_eu, forecast_days=5, prefix=icon_eu
  batch 1/72 klaar
  batch 2/72 klaar
  batch 3/72 klaar
  batch 4/72 klaar
  batch 5/72 klaar
  batch 6/72 klaar
  batch 7/72 klaar
  batch 8/72 klaar
  batch 9/72 klaar
  batch 10/72 klaar
  batch 11/72 klaar
  batch 12/72 klaar
  batch 13/72 klaar
  batch 14/72 klaar
  batch 15/72 klaar
  batch 16/72 klaar
  batch 17/72 klaar
  batch 18/72 klaar
  batch 19/72 klaar
  batch 20/72 klaar
  batch 21/72 klaar
  batch 22/72 klaar
  batch 23/72 klaar
  batch 24/72 klaar
  batch 25/72 klaar
  batch 26/72 klaar
  batch 27/72 klaar
  batch 28/72 klaar
  batch 29/72 klaar
  batch 30/72 klaar
  batch 31/72 klaar
  batch 32/72 klaar
  batch 33/72 klaar
  batch 34/72 klaar
  batch 35/72 klaar
  batch 36/72 klaar
  batch 37/72 klaar
  batch 38/72 klaar
  batch 39/72 klaar
  batch 40/72 klaar
  batch 41/72 klaar
  batch 42/72 klaar
  batch 43/72 klaar
  batch 44/72 klaar
  batch 45/72 klaar
  batch 46/72 klaar
  batch 47/72 klaar
  batch 48/72 klaar
  batch 49/72 klaar
  batch 50/72 klaar
  batch 51/72 klaar
  batch 52/72 klaar
  batch 53/72 klaar
  batch 54/72 klaar
  batch 55/72 klaar
  batch 56/72 klaar
  batch 57/72 klaar
  batch 58/72 klaar
  batch 59/72 klaar
  batch 60/72 klaar
  batch 61/72 klaar
  batch 62/72 klaar
  batch 63/72 klaar
  batch 64/72 klaar
  batch 65/72 klaar
  batch 66/72 klaar
  batch 67/72 klaar
  batch 68/72 klaar
  batch 69/72 klaar
  batch 70/72 klaar
  batch 71/72 klaar
  batch 72/72 klaar
  Tijdstappen na trim: 120 (2026-07-28T00:00 t/m 2026-08-01T23:00)
  icon_eu_data_neerslag.bin: 2.6 MB
  icon_eu_data_cumul.bin: 2.6 MB
  icon_eu_data_temp.bin: 2.6 MB
  icon_eu_data_dauwpunt.bin: 2.6 MB
  icon_eu_data_rv.bin: 2.6 MB
  icon_eu_data_bewolking.bin: 7.9 MB
  icon_eu_data_wind.bin: 5.2 MB
  icon_eu_data_windstoten.bin: 5.2 MB
  icon_eu_data_druk.bin: 2.6 MB
  icon_eu_data_cape.bin: 2.6 MB
  icon_eu_data_straling.bin: 2.6 MB
  icon_eu_data_straling_direct.bin: 2.6 MB
  icon_eu_canvas_meta.json: 120 stappen, 2026-07-28T00:00 t/m 2026-08-01T23:00
   R2: icon_eu_canvas_meta.json (0.0 MB)
   R2: icon_eu_data_bewolking.bin (7.9 MB)
   R2: icon_eu_data_cape.bin (2.6 MB)
   R2: icon_eu_data_cumul.bin (2.6 MB)
   R2: icon_eu_data_dauwpunt.bin (2.6 MB)
   R2: icon_eu_data_druk.bin (2.6 MB)
   R2: icon_eu_data_neerslag.bin (2.6 MB)
   R2: icon_eu_data_rv.bin (2.6 MB)
   R2: icon_eu_data_straling.bin (2.6 MB)
   R2: icon_eu_data_straling_direct.bin (2.6 MB)
   R2: icon_eu_data_temp.bin (2.6 MB)
   R2: icon_eu_data_wind.bin (5.2 MB)
   R2: icon_eu_data_windstoten.bin (5.2 MB)
R2 upload klaar.
Klaar.
Tue Jul 28 08:30:25 CEST 2026: === ICON-EU klaar ===
Tue Jul 28 14:30:01 CEST 2026: === ICON-EU update ===
ICON-EU: 61x94 = 5734 punten, 72 batches
Model: icon_eu, forecast_days=5, prefix=icon_eu
  batch 1/72 klaar
  batch 2/72 klaar
  batch 3/72 klaar
  batch 4/72 klaar
  batch 5/72 klaar
  batch 6/72 klaar
  batch 7/72 klaar
  batch 8/72 klaar
  batch 9/72 klaar
  batch 10/72 klaar
  batch 11/72 klaar
  batch 12/72 klaar
  batch 13/72 klaar
  batch 14/72 klaar
  batch 15/72 klaar
  batch 16/72 klaar
  batch 17/72 klaar
  batch 18/72 klaar
  batch 19/72 klaar
  batch 20/72 klaar
  batch 21/72 klaar
  batch 22/72 klaar
  batch 23/72 klaar
  batch 24/72 klaar
  batch 25/72 klaar
  batch 26/72 klaar
  batch 27/72 klaar
  batch 28/72 klaar
  batch 29/72 klaar
  batch 30/72 klaar
  batch 31/72 klaar
  batch 32/72 klaar
  batch 33/72 klaar
  batch 34/72 klaar
  batch 35/72 klaar
  batch 36/72 klaar
  batch 37/72 klaar
  batch 38/72 klaar
  batch 39/72 klaar
  batch 40/72 klaar
  batch 41/72 klaar
  batch 42/72 klaar
  batch 43/72 klaar
  batch 44/72 klaar
  batch 45/72 klaar
  batch 46/72 klaar
  batch 47/72 klaar
  batch 48/72 klaar
  batch 49/72 klaar
  batch 50/72 klaar
  batch 51/72 klaar
  batch 52/72 klaar
  batch 53/72 klaar
  batch 54/72 klaar
  batch 55/72 klaar
  batch 56/72 klaar
  batch 57/72 klaar
  batch 58/72 klaar
  batch 59/72 klaar
  batch 60/72 klaar
  batch 61/72 klaar
  batch 62/72 klaar
  batch 63/72 klaar
  batch 64/72 klaar
  batch 65/72 klaar
  batch 66/72 klaar
  batch 67/72 klaar
  batch 68/72 klaar
  batch 69/72 klaar
  batch 70/72 klaar
  batch 71/72 klaar
  batch 72/72 klaar
  Tijdstappen na trim: 120 (2026-07-28T00:00 t/m 2026-08-01T23:00)
  icon_eu_data_neerslag.bin: 2.6 MB
  icon_eu_data_cumul.bin: 2.6 MB
  icon_eu_data_temp.bin: 2.6 MB
  icon_eu_data_dauwpunt.bin: 2.6 MB
  icon_eu_data_rv.bin: 2.6 MB
  icon_eu_data_bewolking.bin: 7.9 MB
  icon_eu_data_wind.bin: 5.2 MB
  icon_eu_data_windstoten.bin: 5.2 MB
  icon_eu_data_druk.bin: 2.6 MB
  icon_eu_data_cape.bin: 2.6 MB
  icon_eu_data_straling.bin: 2.6 MB
  icon_eu_data_straling_direct.bin: 2.6 MB
  icon_eu_canvas_meta.json: 120 stappen, 2026-07-28T00:00 t/m 2026-08-01T23:00
   R2: icon_eu_canvas_meta.json (0.0 MB)
   R2: icon_eu_data_bewolking.bin (7.9 MB)
   R2: icon_eu_data_cape.bin (2.6 MB)
   R2: icon_eu_data_cumul.bin (2.6 MB)
   R2: icon_eu_data_dauwpunt.bin (2.6 MB)
   R2: icon_eu_data_druk.bin (2.6 MB)
   R2: icon_eu_data_neerslag.bin (2.6 MB)
   R2: icon_eu_data_rv.bin (2.6 MB)
   R2: icon_eu_data_straling.bin (2.6 MB)
   R2: icon_eu_data_straling_direct.bin (2.6 MB)
   R2: icon_eu_data_temp.bin (2.6 MB)
   R2: icon_eu_data_wind.bin (5.2 MB)
   R2: icon_eu_data_windstoten.bin (5.2 MB)
R2 upload klaar.
Klaar.
Tue Jul 28 14:30:22 CEST 2026: === ICON-EU klaar ===
Tue Jul 28 20:30:05 CEST 2026: === ICON-EU update ===
ICON-EU: 61x94 = 5734 punten, 72 batches
Model: icon_eu, forecast_days=5, prefix=icon_eu
  batch 1/72 klaar
  batch 2/72 klaar
  batch 3/72 klaar
  batch 4/72 klaar
  batch 5/72 klaar
  batch 6/72 klaar
  batch 7/72 klaar
  batch 8/72 klaar
  batch 9/72 klaar
  batch 10/72 klaar
  batch 11/72 klaar
  batch 12/72 klaar
  batch 13/72 klaar
  batch 14/72 klaar
  batch 15/72 klaar
  batch 16/72 klaar
  batch 17/72 klaar
  batch 18/72 klaar
  batch 19/72 klaar
  batch 20/72 klaar
  batch 21/72 klaar
  batch 22/72 klaar
  batch 23/72 klaar
  batch 24/72 klaar
  batch 25/72 klaar
  batch 26/72 klaar
  batch 27/72 klaar
  batch 28/72 klaar
  batch 29/72 klaar
  batch 30/72 klaar
  batch 31/72 klaar
  batch 32/72 klaar
  batch 33/72 klaar
  batch 34/72 klaar
  batch 35/72 klaar
  batch 36/72 klaar
  batch 37/72 klaar
  batch 38/72 klaar
  batch 39/72 klaar
  batch 40/72 klaar
  batch 41/72 klaar
  batch 42/72 klaar
  batch 43/72 klaar
  batch 44/72 klaar
  batch 45/72 klaar
  batch 46/72 klaar
  batch 47/72 klaar
  batch 48/72 klaar
  batch 49/72 klaar
  batch 50/72 klaar
  batch 51/72 klaar
  batch 52/72 klaar
  batch 53/72 klaar
  batch 54/72 klaar
  batch 55/72 klaar
  batch 56/72 klaar
  batch 57/72 klaar
  batch 58/72 klaar
  batch 59/72 klaar
  batch 60/72 klaar
  batch 61/72 klaar
  batch 62/72 klaar
  batch 63/72 klaar
  batch 64/72 klaar
  batch 65/72 klaar
  batch 66/72 klaar
  batch 67/72 klaar
  batch 68/72 klaar
  batch 69/72 klaar
  batch 70/72 klaar
  batch 71/72 klaar
  batch 72/72 klaar
  Tijdstappen na trim: 120 (2026-07-28T00:00 t/m 2026-08-01T23:00)
  icon_eu_data_neerslag.bin: 2.6 MB
  icon_eu_data_cumul.bin: 2.6 MB
  icon_eu_data_temp.bin: 2.6 MB
  icon_eu_data_dauwpunt.bin: 2.6 MB
  icon_eu_data_rv.bin: 2.6 MB
  icon_eu_data_bewolking.bin: 7.9 MB
  icon_eu_data_wind.bin: 5.2 MB
  icon_eu_data_windstoten.bin: 5.2 MB
  icon_eu_data_druk.bin: 2.6 MB
  icon_eu_data_cape.bin: 2.6 MB
  icon_eu_data_straling.bin: 2.6 MB
  icon_eu_data_straling_direct.bin: 2.6 MB
  icon_eu_canvas_meta.json: 120 stappen, 2026-07-28T00:00 t/m 2026-08-01T23:00
   R2: icon_eu_canvas_meta.json (0.0 MB)
   R2: icon_eu_data_bewolking.bin (7.9 MB)
   R2: icon_eu_data_cape.bin (2.6 MB)
   R2: icon_eu_data_cumul.bin (2.6 MB)
   R2: icon_eu_data_dauwpunt.bin (2.6 MB)
   R2: icon_eu_data_druk.bin (2.6 MB)
   R2: icon_eu_data_neerslag.bin (2.6 MB)
   R2: icon_eu_data_rv.bin (2.6 MB)
   R2: icon_eu_data_straling.bin (2.6 MB)
   R2: icon_eu_data_straling_direct.bin (2.6 MB)
   R2: icon_eu_data_temp.bin (2.6 MB)
   R2: icon_eu_data_wind.bin (5.2 MB)
   R2: icon_eu_data_windstoten.bin (5.2 MB)
R2 upload klaar.
Klaar.
Tue Jul 28 20:30:33 CEST 2026: === ICON-EU klaar ===
Wed Jul 29 02:30:02 CEST 2026: === ICON-EU update ===
ICON-EU: 61x94 = 5734 punten, 72 batches
Model: icon_eu, forecast_days=5, prefix=icon_eu
  batch 1/72 klaar
  batch 2/72 klaar
  batch 3/72 klaar
  batch 4/72 klaar
  batch 5/72 klaar
  batch 6/72 klaar
  batch 7/72 klaar
  batch 8/72 klaar
  batch 9/72 klaar
  batch 10/72 klaar
  batch 11/72 klaar
  batch 12/72 klaar
  batch 13/72 klaar
  batch 14/72 klaar
  batch 15/72 klaar
  batch 16/72 klaar
  batch 17/72 klaar
  batch 18/72 klaar
  batch 19/72 klaar
  batch 20/72 klaar
  batch 21/72 klaar
  batch 22/72 klaar
  batch 23/72 klaar
  batch 24/72 klaar
  batch 25/72 klaar
  batch 26/72 klaar
  batch 27/72 klaar
  batch 28/72 klaar
  batch 29/72 klaar
  batch 30/72 klaar
  batch 31/72 klaar
  batch 32/72 klaar
  batch 33/72 klaar
  batch 34/72 klaar
  batch 35/72 klaar
  batch 36/72 klaar
  batch 37/72 klaar
  batch 38/72 klaar
  batch 39/72 klaar
  batch 40/72 klaar
  batch 41/72 klaar
  batch 42/72 klaar
  batch 43/72 klaar
  batch 44/72 klaar
  batch 45/72 klaar
  batch 46/72 klaar
  batch 47/72 klaar
  batch 48/72 klaar
  batch 49/72 klaar
  batch 50/72 klaar
  batch 51/72 klaar
  batch 52/72 klaar
  batch 53/72 klaar
  batch 54/72 klaar
  batch 55/72 klaar
  batch 56/72 klaar
  batch 57/72 klaar
  batch 58/72 klaar
  batch 59/72 klaar
  batch 60/72 klaar
  batch 61/72 klaar
  batch 62/72 klaar
  batch 63/72 klaar
  batch 64/72 klaar
  batch 65/72 klaar
  batch 66/72 klaar
  batch 67/72 klaar
  batch 68/72 klaar
  batch 69/72 klaar
  batch 70/72 klaar
  batch 71/72 klaar
  batch 72/72 klaar
  Tijdstappen na trim: 120 (2026-07-29T00:00 t/m 2026-08-02T23:00)
  icon_eu_data_neerslag.bin: 2.6 MB
  icon_eu_data_cumul.bin: 2.6 MB
  icon_eu_data_temp.bin: 2.6 MB
  icon_eu_data_dauwpunt.bin: 2.6 MB
  icon_eu_data_rv.bin: 2.6 MB
  icon_eu_data_bewolking.bin: 7.9 MB
  icon_eu_data_wind.bin: 5.2 MB
  icon_eu_data_windstoten.bin: 5.2 MB
  icon_eu_data_druk.bin: 2.6 MB
  icon_eu_data_cape.bin: 2.6 MB
  icon_eu_data_straling.bin: 2.6 MB
  icon_eu_data_straling_direct.bin: 2.6 MB
  icon_eu_canvas_meta.json: 120 stappen, 2026-07-29T00:00 t/m 2026-08-02T23:00
   R2: icon_eu_canvas_meta.json (0.0 MB)
   R2: icon_eu_data_bewolking.bin (7.9 MB)
   R2: icon_eu_data_cape.bin (2.6 MB)
   R2: icon_eu_data_cumul.bin (2.6 MB)
   R2: icon_eu_data_dauwpunt.bin (2.6 MB)
   R2: icon_eu_data_druk.bin (2.6 MB)
   R2: icon_eu_data_neerslag.bin (2.6 MB)
   R2: icon_eu_data_rv.bin (2.6 MB)
   R2: icon_eu_data_straling.bin (2.6 MB)
   R2: icon_eu_data_straling_direct.bin (2.6 MB)
   R2: icon_eu_data_temp.bin (2.6 MB)
   R2: icon_eu_data_wind.bin (5.2 MB)
   R2: icon_eu_data_windstoten.bin (5.2 MB)
R2 upload klaar.
Klaar.
Wed Jul 29 02:30:24 CEST 2026: === ICON-EU klaar ===
Wed Jul 29 08:30:05 CEST 2026: === ICON-EU update ===
ICON-EU: 61x94 = 5734 punten, 72 batches
Model: icon_eu, forecast_days=5, prefix=icon_eu
  batch 1/72 klaar
  batch 2/72 klaar
  batch 3/72 klaar
  batch 4/72 klaar
  batch 5/72 klaar
  batch 6/72 klaar
  batch 7/72 klaar
  batch 8/72 klaar
  batch 9/72 klaar
  batch 10/72 klaar
  batch 11/72 klaar
  batch 12/72 klaar
  batch 13/72 klaar
  batch 14/72 klaar
  batch 15/72 klaar
  batch 16/72 klaar
  batch 17/72 klaar
  batch 18/72 klaar
  batch 19/72 klaar
  batch 20/72 klaar
  batch 21/72 klaar
  batch 22/72 klaar
  batch 23/72 klaar
  batch 24/72 klaar
  batch 25/72 klaar
  batch 26/72 klaar
  batch 27/72 klaar
  batch 28/72 klaar
  batch 29/72 klaar
  batch 30/72 klaar
  batch 31/72 klaar
  batch 32/72 klaar
  batch 33/72 klaar
  batch 34/72 klaar
  batch 35/72 klaar
  batch 36/72 klaar
  batch 37/72 klaar
  batch 38/72 klaar
  batch 39/72 klaar
  batch 40/72 klaar
  batch 41/72 klaar
  batch 42/72 klaar
  batch 43/72 klaar
  batch 44/72 klaar
  batch 45/72 klaar
  batch 46/72 klaar
  batch 47/72 klaar
  batch 48/72 klaar
  batch 49/72 klaar
  batch 50/72 klaar
  batch 51/72 klaar
  batch 52/72 klaar
  batch 53/72 klaar
  batch 54/72 klaar
  batch 55/72 klaar
  batch 56/72 klaar
  batch 57/72 klaar
  batch 58/72 klaar
  batch 59/72 klaar
  batch 60/72 klaar
  batch 61/72 klaar
  batch 62/72 klaar
  batch 63/72 klaar
  batch 64/72 klaar
  batch 65/72 klaar
  batch 66/72 klaar
  batch 67/72 klaar
  batch 68/72 klaar
  batch 69/72 klaar
  batch 70/72 klaar
  batch 71/72 klaar
  batch 72/72 klaar
  Tijdstappen na trim: 120 (2026-07-29T00:00 t/m 2026-08-02T23:00)
  icon_eu_data_neerslag.bin: 2.6 MB
  icon_eu_data_cumul.bin: 2.6 MB
  icon_eu_data_temp.bin: 2.6 MB
  icon_eu_data_dauwpunt.bin: 2.6 MB
  icon_eu_data_rv.bin: 2.6 MB
  icon_eu_data_bewolking.bin: 7.9 MB
  icon_eu_data_wind.bin: 5.2 MB
  icon_eu_data_windstoten.bin: 5.2 MB
  icon_eu_data_druk.bin: 2.6 MB
  icon_eu_data_cape.bin: 2.6 MB
  icon_eu_data_straling.bin: 2.6 MB
  icon_eu_data_straling_direct.bin: 2.6 MB
  icon_eu_canvas_meta.json: 120 stappen, 2026-07-29T00:00 t/m 2026-08-02T23:00
   R2: icon_eu_canvas_meta.json (0.0 MB)
   R2: icon_eu_data_bewolking.bin (7.9 MB)
   R2: icon_eu_data_cape.bin (2.6 MB)
   R2: icon_eu_data_cumul.bin (2.6 MB)
   R2: icon_eu_data_dauwpunt.bin (2.6 MB)
   R2: icon_eu_data_druk.bin (2.6 MB)
   R2: icon_eu_data_neerslag.bin (2.6 MB)
   R2: icon_eu_data_rv.bin (2.6 MB)
   R2: icon_eu_data_straling.bin (2.6 MB)
   R2: icon_eu_data_straling_direct.bin (2.6 MB)
   R2: icon_eu_data_temp.bin (2.6 MB)
   R2: icon_eu_data_wind.bin (5.2 MB)
   R2: icon_eu_data_windstoten.bin (5.2 MB)
R2 upload klaar.
Klaar.
Wed Jul 29 08:30:26 CEST 2026: === ICON-EU klaar ===
Wed Jul 29 14:30:04 CEST 2026: === ICON-EU update ===
ICON-EU: 61x94 = 5734 punten, 72 batches
Model: icon_eu, forecast_days=5, prefix=icon_eu
  batch 1/72 klaar
  batch 2/72 klaar
  batch 3/72 klaar
  batch 4/72 klaar
  batch 5/72 klaar
  batch 6/72 klaar
  batch 7/72 klaar
  batch 8/72 klaar
  batch 9/72 klaar
  batch 10/72 klaar
  batch 11/72 klaar
  batch 12/72 klaar
  batch 13/72 klaar
  batch 14/72 klaar
  batch 15/72 klaar
  batch 16/72 klaar
  batch 17/72 klaar
  batch 18/72 klaar
  batch 19/72 klaar
  batch 20/72 klaar
  batch 21/72 klaar
  batch 22/72 klaar
  batch 23/72 klaar
  batch 24/72 klaar
  batch 25/72 klaar
  batch 26/72 klaar
  batch 27/72 klaar
  batch 28/72 klaar
  batch 29/72 klaar
  batch 30/72 klaar
  batch 31/72 klaar
  batch 32/72 klaar
  batch 33/72 klaar
  batch 34/72 klaar
  batch 35/72 klaar
  batch 36/72 klaar
  batch 37/72 klaar
  batch 38/72 klaar
  batch 39/72 klaar
  batch 40/72 klaar
  batch 41/72 klaar
  batch 42/72 klaar
  batch 43/72 klaar
  batch 44/72 klaar
  batch 45/72 klaar
  batch 46/72 klaar
  batch 47/72 klaar
  batch 48/72 klaar
  batch 49/72 klaar
  batch 50/72 klaar
  batch 51/72 klaar
  batch 52/72 klaar
  batch 53/72 klaar
  batch 54/72 klaar
  batch 55/72 klaar
  batch 56/72 klaar
  batch 57/72 klaar
  batch 58/72 klaar
  batch 59/72 klaar
  batch 60/72 klaar
  batch 61/72 klaar
  batch 62/72 klaar
  batch 63/72 klaar
  batch 64/72 klaar
  batch 65/72 klaar
  batch 66/72 klaar
  batch 67/72 klaar
  batch 68/72 klaar
  batch 69/72 klaar
  batch 70/72 klaar
  batch 71/72 klaar
  batch 72/72 klaar
  Tijdstappen na trim: 120 (2026-07-29T00:00 t/m 2026-08-02T23:00)
  icon_eu_data_neerslag.bin: 2.6 MB
  icon_eu_data_cumul.bin: 2.6 MB
  icon_eu_data_temp.bin: 2.6 MB
  icon_eu_data_dauwpunt.bin: 2.6 MB
  icon_eu_data_rv.bin: 2.6 MB
  icon_eu_data_bewolking.bin: 7.9 MB
  icon_eu_data_wind.bin: 5.2 MB
  icon_eu_data_windstoten.bin: 5.2 MB
  icon_eu_data_druk.bin: 2.6 MB
  icon_eu_data_cape.bin: 2.6 MB
  icon_eu_data_straling.bin: 2.6 MB
  icon_eu_data_straling_direct.bin: 2.6 MB
  icon_eu_canvas_meta.json: 120 stappen, 2026-07-29T00:00 t/m 2026-08-02T23:00
   R2: icon_eu_canvas_meta.json (0.0 MB)
   R2: icon_eu_data_bewolking.bin (7.9 MB)
   R2: icon_eu_data_cape.bin (2.6 MB)
   R2: icon_eu_data_cumul.bin (2.6 MB)
   R2: icon_eu_data_dauwpunt.bin (2.6 MB)
   R2: icon_eu_data_druk.bin (2.6 MB)
   R2: icon_eu_data_neerslag.bin (2.6 MB)
   R2: icon_eu_data_rv.bin (2.6 MB)
   R2: icon_eu_data_straling.bin (2.6 MB)
   R2: icon_eu_data_straling_direct.bin (2.6 MB)
   R2: icon_eu_data_temp.bin (2.6 MB)
   R2: icon_eu_data_wind.bin (5.2 MB)
   R2: icon_eu_data_windstoten.bin (5.2 MB)
R2 upload klaar.
Klaar.
Wed Jul 29 14:30:25 CEST 2026: === ICON-EU klaar ===
Wed Jul 29 20:30:05 CEST 2026: === ICON-EU update ===
ICON-EU: 61x94 = 5734 punten, 72 batches
Model: icon_eu, forecast_days=5, prefix=icon_eu
  batch 1/72 klaar
  batch 2/72 klaar
  batch 3/72 klaar
  batch 4/72 klaar
  batch 5/72 klaar
  batch 6/72 klaar
  batch 7/72 klaar
  batch 8/72 klaar
  batch 9/72 klaar
  batch 10/72 klaar
  batch 11/72 klaar
  batch 12/72 klaar
  batch 13/72 klaar
  batch 14/72 klaar
  batch 15/72 klaar
  batch 16/72 klaar
  batch 17/72 klaar
  batch 18/72 klaar
  batch 19/72 klaar
  batch 20/72 klaar
  batch 21/72 klaar
  batch 22/72 klaar
  batch 23/72 klaar
  batch 24/72 klaar
  batch 25/72 klaar
  batch 26/72 klaar
  batch 27/72 klaar
  batch 28/72 klaar
  batch 29/72 klaar
  batch 30/72 klaar
  batch 31/72 klaar
  batch 32/72 klaar
  batch 33/72 klaar
  batch 34/72 klaar
  batch 35/72 klaar
  batch 36/72 klaar
  batch 37/72 klaar
  batch 38/72 klaar
  batch 39/72 klaar
  batch 40/72 klaar
  batch 41/72 klaar
  batch 42/72 klaar
  batch 43/72 klaar
  batch 44/72 klaar
  batch 45/72 klaar
  batch 46/72 klaar
  batch 47/72 klaar
  batch 48/72 klaar
  batch 49/72 klaar
  batch 50/72 klaar
  batch 51/72 klaar
  batch 52/72 klaar
  batch 53/72 klaar
  batch 54/72 klaar
  batch 55/72 klaar
  batch 56/72 klaar
  batch 57/72 klaar
  batch 58/72 klaar
  batch 59/72 klaar
  batch 60/72 klaar
  batch 61/72 klaar
  batch 62/72 klaar
  batch 63/72 klaar
  batch 64/72 klaar
  batch 65/72 klaar
  batch 66/72 klaar
  batch 67/72 klaar
  batch 68/72 klaar
  batch 69/72 klaar
  batch 70/72 klaar
  batch 71/72 klaar
  batch 72/72 klaar
  Tijdstappen na trim: 120 (2026-07-29T00:00 t/m 2026-08-02T23:00)
  icon_eu_data_neerslag.bin: 2.6 MB
  icon_eu_data_cumul.bin: 2.6 MB
  icon_eu_data_temp.bin: 2.6 MB
  icon_eu_data_dauwpunt.bin: 2.6 MB
  icon_eu_data_rv.bin: 2.6 MB
  icon_eu_data_bewolking.bin: 7.9 MB
  icon_eu_data_wind.bin: 5.2 MB
  icon_eu_data_windstoten.bin: 5.2 MB
  icon_eu_data_druk.bin: 2.6 MB
  icon_eu_data_cape.bin: 2.6 MB
  icon_eu_data_straling.bin: 2.6 MB
  icon_eu_data_straling_direct.bin: 2.6 MB
  icon_eu_canvas_meta.json: 120 stappen, 2026-07-29T00:00 t/m 2026-08-02T23:00
   R2: icon_eu_canvas_meta.json (0.0 MB)
   R2: icon_eu_data_bewolking.bin (7.9 MB)
   R2: icon_eu_data_cape.bin (2.6 MB)
   R2: icon_eu_data_cumul.bin (2.6 MB)
   R2: icon_eu_data_dauwpunt.bin (2.6 MB)
   R2: icon_eu_data_druk.bin (2.6 MB)
   R2: icon_eu_data_neerslag.bin (2.6 MB)
   R2: icon_eu_data_rv.bin (2.6 MB)
   R2: icon_eu_data_straling.bin (2.6 MB)
   R2: icon_eu_data_straling_direct.bin (2.6 MB)
   R2: icon_eu_data_temp.bin (2.6 MB)
   R2: icon_eu_data_wind.bin (5.2 MB)
   R2: icon_eu_data_windstoten.bin (5.2 MB)
R2 upload klaar.
Klaar.
Wed Jul 29 20:30:26 CEST 2026: === ICON-EU klaar ===
Thu Jul 30 02:30:05 CEST 2026: === ICON-EU update ===
ICON-EU: 61x94 = 5734 punten, 72 batches
Model: icon_eu, forecast_days=5, prefix=icon_eu
  batch 1/72 klaar
  batch 2/72 klaar
  batch 3/72 klaar
  batch 4/72 klaar
  batch 5/72 klaar
  batch 6/72 klaar
  batch 7/72 klaar
  batch 8/72 klaar
  batch 9/72 klaar
  batch 10/72 klaar
  batch 11/72 klaar
  batch 12/72 klaar
  batch 13/72 klaar
  batch 14/72 klaar
  batch 15/72 klaar
  batch 16/72 klaar
  batch 17/72 klaar
  batch 18/72 klaar
  batch 19/72 klaar
  batch 20/72 klaar
  batch 21/72 klaar
  batch 22/72 klaar
  batch 23/72 klaar
  batch 24/72 klaar
  batch 25/72 klaar
  batch 26/72 klaar
  batch 27/72 klaar
  batch 28/72 klaar
  batch 29/72 klaar
  batch 30/72 klaar
  batch 31/72 klaar
  batch 32/72 klaar
  batch 33/72 klaar
  batch 34/72 klaar
  batch 35/72 klaar
  batch 36/72 klaar
  batch 37/72 klaar
  batch 38/72 klaar
  batch 39/72 klaar
  batch 40/72 klaar
  batch 41/72 klaar
  batch 42/72 klaar
  batch 43/72 klaar
  batch 44/72 klaar
  batch 45/72 klaar
  batch 46/72 klaar
  batch 47/72 klaar
  batch 48/72 klaar
  batch 49/72 klaar
  batch 50/72 klaar
  batch 51/72 klaar
  batch 52/72 klaar
  batch 53/72 klaar
  batch 54/72 klaar
  batch 55/72 klaar
  batch 56/72 klaar
  batch 57/72 klaar
  batch 58/72 klaar
  batch 59/72 klaar
  batch 60/72 klaar
  batch 61/72 klaar
  batch 62/72 klaar
  batch 63/72 klaar
  batch 64/72 klaar
  batch 65/72 klaar
  batch 66/72 klaar
  batch 67/72 klaar
  batch 68/72 klaar
  batch 69/72 klaar
  batch 70/72 klaar
  batch 71/72 klaar
  batch 72/72 klaar
  Tijdstappen na trim: 120 (2026-07-30T00:00 t/m 2026-08-03T23:00)
  icon_eu_data_neerslag.bin: 2.6 MB
  icon_eu_data_cumul.bin: 2.6 MB
  icon_eu_data_temp.bin: 2.6 MB
  icon_eu_data_dauwpunt.bin: 2.6 MB
  icon_eu_data_rv.bin: 2.6 MB
  icon_eu_data_bewolking.bin: 7.9 MB
  icon_eu_data_wind.bin: 5.2 MB
  icon_eu_data_windstoten.bin: 5.2 MB
  icon_eu_data_druk.bin: 2.6 MB
  icon_eu_data_cape.bin: 2.6 MB
  icon_eu_data_straling.bin: 2.6 MB
  icon_eu_data_straling_direct.bin: 2.6 MB
  icon_eu_canvas_meta.json: 120 stappen, 2026-07-30T00:00 t/m 2026-08-03T23:00
   R2: icon_eu_canvas_meta.json (0.0 MB)
   R2: icon_eu_data_bewolking.bin (7.9 MB)
   R2: icon_eu_data_cape.bin (2.6 MB)
   R2: icon_eu_data_cumul.bin (2.6 MB)
   R2: icon_eu_data_dauwpunt.bin (2.6 MB)
   R2: icon_eu_data_druk.bin (2.6 MB)
   R2: icon_eu_data_neerslag.bin (2.6 MB)
   R2: icon_eu_data_rv.bin (2.6 MB)
   R2: icon_eu_data_straling.bin (2.6 MB)
   R2: icon_eu_data_straling_direct.bin (2.6 MB)
   R2: icon_eu_data_temp.bin (2.6 MB)
   R2: icon_eu_data_wind.bin (5.2 MB)
   R2: icon_eu_data_windstoten.bin (5.2 MB)
R2 upload klaar.
Klaar.
Thu Jul 30 02:30:26 CEST 2026: === ICON-EU klaar ===
Thu Jul 30 08:30:05 CEST 2026: === ICON-EU update ===
ICON-EU: 61x94 = 5734 punten, 72 batches
Model: icon_eu, forecast_days=5, prefix=icon_eu
  batch 1/72 klaar
  batch 2/72 klaar
  batch 3/72 klaar
  batch 4/72 klaar
  batch 5/72 klaar
  batch 6/72 klaar
  batch 7/72 klaar
  batch 8/72 klaar
  batch 9/72 klaar
  batch 10/72 klaar
  batch 11/72 klaar
  batch 12/72 klaar
  batch 13/72 klaar
  batch 14/72 klaar
  batch 15/72 klaar
  batch 16/72 klaar
  batch 17/72 klaar
  batch 18/72 klaar
  batch 19/72 klaar
  batch 20/72 klaar
  batch 21/72 klaar
  batch 22/72 klaar
  batch 23/72 klaar
  batch 24/72 klaar
  batch 25/72 klaar
  batch 26/72 klaar
  batch 27/72 klaar
  batch 28/72 klaar
  batch 29/72 klaar
  batch 30/72 klaar
  batch 31/72 klaar
  batch 32/72 klaar
  batch 33/72 klaar
  batch 34/72 klaar
  batch 35/72 klaar
  batch 36/72 klaar
  batch 37/72 klaar
  batch 38/72 klaar
  batch 39/72 klaar
  batch 40/72 klaar
  batch 41/72 klaar
  batch 42/72 klaar
  batch 43/72 klaar
  batch 44/72 klaar
  batch 45/72 klaar
  batch 46/72 klaar
  batch 47/72 klaar
  batch 48/72 klaar
  batch 49/72 klaar
  batch 50/72 klaar
  batch 51/72 klaar
  batch 52/72 klaar
  batch 53/72 klaar
  batch 54/72 klaar
  batch 55/72 klaar
  batch 56/72 klaar
  batch 57/72 klaar
  batch 58/72 klaar
  batch 59/72 klaar
  batch 60/72 klaar
  batch 61/72 klaar
  batch 62/72 klaar
  batch 63/72 klaar
  batch 64/72 klaar
  batch 65/72 klaar
  batch 66/72 klaar
  batch 67/72 klaar
  batch 68/72 klaar
  batch 69/72 klaar
  batch 70/72 klaar
  batch 71/72 klaar
  batch 72/72 klaar
  Tijdstappen na trim: 120 (2026-07-30T00:00 t/m 2026-08-03T23:00)
  icon_eu_data_neerslag.bin: 2.6 MB
  icon_eu_data_cumul.bin: 2.6 MB
  icon_eu_data_temp.bin: 2.6 MB
  icon_eu_data_dauwpunt.bin: 2.6 MB
  icon_eu_data_rv.bin: 2.6 MB
  icon_eu_data_bewolking.bin: 7.9 MB
  icon_eu_data_wind.bin: 5.2 MB
  icon_eu_data_windstoten.bin: 5.2 MB
  icon_eu_data_druk.bin: 2.6 MB
  icon_eu_data_cape.bin: 2.6 MB
  icon_eu_data_straling.bin: 2.6 MB
  icon_eu_data_straling_direct.bin: 2.6 MB
  icon_eu_canvas_meta.json: 120 stappen, 2026-07-30T00:00 t/m 2026-08-03T23:00
   R2: icon_eu_canvas_meta.json (0.0 MB)
   R2: icon_eu_data_bewolking.bin (7.9 MB)
   R2: icon_eu_data_cape.bin (2.6 MB)
   R2: icon_eu_data_cumul.bin (2.6 MB)
   R2: icon_eu_data_dauwpunt.bin (2.6 MB)
   R2: icon_eu_data_druk.bin (2.6 MB)
   R2: icon_eu_data_neerslag.bin (2.6 MB)
   R2: icon_eu_data_rv.bin (2.6 MB)
   R2: icon_eu_data_straling.bin (2.6 MB)
   R2: icon_eu_data_straling_direct.bin (2.6 MB)
   R2: icon_eu_data_temp.bin (2.6 MB)
   R2: icon_eu_data_wind.bin (5.2 MB)
   R2: icon_eu_data_windstoten.bin (5.2 MB)
R2 upload klaar.
Klaar.
Thu Jul 30 08:30:29 CEST 2026: === ICON-EU klaar ===
Thu Jul 30 14:30:04 CEST 2026: === ICON-EU update ===
ICON-EU: 61x94 = 5734 punten, 72 batches
Model: icon_eu, forecast_days=5, prefix=icon_eu
  batch 1/72 klaar
  batch 2/72 klaar
  batch 3/72 klaar
  batch 4/72 klaar
  batch 5/72 klaar
  batch 6/72 klaar
  batch 7/72 klaar
  batch 8/72 klaar
  batch 9/72 klaar
  batch 10/72 klaar
  batch 11/72 klaar
  batch 12/72 klaar
  batch 13/72 klaar
  batch 14/72 klaar
  batch 15/72 klaar
  batch 16/72 klaar
  batch 17/72 klaar
  batch 18/72 klaar
  batch 19/72 klaar
  batch 20/72 klaar
  batch 21/72 klaar
  batch 22/72 klaar
  batch 23/72 klaar
  batch 24/72 klaar
  batch 25/72 klaar
  batch 26/72 klaar
  batch 27/72 klaar
  batch 28/72 klaar
  batch 29/72 klaar
  batch 30/72 klaar
  batch 31/72 klaar
  batch 32/72 klaar
  batch 33/72 klaar
  batch 34/72 klaar
  batch 35/72 klaar
  batch 36/72 klaar
  batch 37/72 klaar
  batch 38/72 klaar
  batch 39/72 klaar
  batch 40/72 klaar
  batch 41/72 klaar
  batch 42/72 klaar
  batch 43/72 klaar
  batch 44/72 klaar
  batch 45/72 klaar
  batch 46/72 klaar
  batch 47/72 klaar
  batch 48/72 klaar
  batch 49/72 klaar
  batch 50/72 klaar
  batch 51/72 klaar
  batch 52/72 klaar
  batch 53/72 klaar
  batch 54/72 klaar
  batch 55/72 klaar
  batch 56/72 klaar
  batch 57/72 klaar
  batch 58/72 klaar
  batch 59/72 klaar
  batch 60/72 klaar
  batch 61/72 klaar
  batch 62/72 klaar
  batch 63/72 klaar
  batch 64/72 klaar
  batch 65/72 klaar
  batch 66/72 klaar
  batch 67/72 klaar
  batch 68/72 klaar
  batch 69/72 klaar
  batch 70/72 klaar
  batch 71/72 klaar
  batch 72/72 klaar
  Tijdstappen na trim: 120 (2026-07-30T00:00 t/m 2026-08-03T23:00)
  icon_eu_data_neerslag.bin: 2.6 MB
  icon_eu_data_cumul.bin: 2.6 MB
  icon_eu_data_temp.bin: 2.6 MB
  icon_eu_data_dauwpunt.bin: 2.6 MB
  icon_eu_data_rv.bin: 2.6 MB
  icon_eu_data_bewolking.bin: 7.9 MB
  icon_eu_data_wind.bin: 5.2 MB
  icon_eu_data_windstoten.bin: 5.2 MB
  icon_eu_data_druk.bin: 2.6 MB
  icon_eu_data_cape.bin: 2.6 MB
  icon_eu_data_straling.bin: 2.6 MB
  icon_eu_data_straling_direct.bin: 2.6 MB
  icon_eu_canvas_meta.json: 120 stappen, 2026-07-30T00:00 t/m 2026-08-03T23:00
   R2: icon_eu_canvas_meta.json (0.0 MB)
   R2: icon_eu_data_bewolking.bin (7.9 MB)
   R2: icon_eu_data_cape.bin (2.6 MB)
   R2: icon_eu_data_cumul.bin (2.6 MB)
   R2: icon_eu_data_dauwpunt.bin (2.6 MB)
   R2: icon_eu_data_druk.bin (2.6 MB)
   R2: icon_eu_data_neerslag.bin (2.6 MB)
   R2: icon_eu_data_rv.bin (2.6 MB)
   R2: icon_eu_data_straling.bin (2.6 MB)
   R2: icon_eu_data_straling_direct.bin (2.6 MB)
   R2: icon_eu_data_temp.bin (2.6 MB)
   R2: icon_eu_data_wind.bin (5.2 MB)
   R2: icon_eu_data_windstoten.bin (5.2 MB)
R2 upload klaar.
Klaar.
Thu Jul 30 14:30:31 CEST 2026: === ICON-EU klaar ===
Thu Jul 30 20:30:05 CEST 2026: === ICON-EU update ===
ICON-EU: 61x94 = 5734 punten, 72 batches
Model: icon_eu, forecast_days=5, prefix=icon_eu
  batch 1/72 klaar
  batch 2/72 klaar
  batch 3/72 klaar
  batch 4/72 klaar
  batch 5/72 klaar
  batch 6/72 klaar
  batch 7/72 klaar
  batch 8/72 klaar
  batch 9/72 klaar
  batch 10/72 klaar
  batch 11/72 klaar
  batch 12/72 klaar
  batch 13/72 klaar
  batch 14/72 klaar
  batch 15/72 klaar
  batch 16/72 klaar
  batch 17/72 klaar
  batch 18/72 klaar
  batch 19/72 klaar
  batch 20/72 klaar
  batch 21/72 klaar
  batch 22/72 klaar
  batch 23/72 klaar
  batch 24/72 klaar
  batch 25/72 klaar
  batch 26/72 klaar
  batch 27/72 klaar
  batch 28/72 klaar
  batch 29/72 klaar
  batch 30/72 klaar
  batch 31/72 klaar
  batch 32/72 klaar
  batch 33/72 klaar
  batch 34/72 klaar
  batch 35/72 klaar
  batch 36/72 klaar
  batch 37/72 klaar
  batch 38/72 klaar
  batch 39/72 klaar
  batch 40/72 klaar
  batch 41/72 klaar
  batch 42/72 klaar
  batch 43/72 klaar
  batch 44/72 klaar
  batch 45/72 klaar
  batch 46/72 klaar
  batch 47/72 klaar
  batch 48/72 klaar
  batch 49/72 klaar
  batch 50/72 klaar
  batch 51/72 klaar
  batch 52/72 klaar
  batch 53/72 klaar
  batch 54/72 klaar
  batch 55/72 klaar
  batch 56/72 klaar
  batch 57/72 klaar
  batch 58/72 klaar
  batch 59/72 klaar
  batch 60/72 klaar
  batch 61/72 klaar
  batch 62/72 klaar
  batch 63/72 klaar
  batch 64/72 klaar
  batch 65/72 klaar
  batch 66/72 klaar
  batch 67/72 klaar
  batch 68/72 klaar
  batch 69/72 klaar
  batch 70/72 klaar
  batch 71/72 klaar
  batch 72/72 klaar
  Tijdstappen na trim: 120 (2026-07-30T00:00 t/m 2026-08-03T23:00)
  icon_eu_data_neerslag.bin: 2.6 MB
  icon_eu_data_cumul.bin: 2.6 MB
  icon_eu_data_temp.bin: 2.6 MB
  icon_eu_data_dauwpunt.bin: 2.6 MB
  icon_eu_data_rv.bin: 2.6 MB
  icon_eu_data_bewolking.bin: 7.9 MB
  icon_eu_data_wind.bin: 5.2 MB
  icon_eu_data_windstoten.bin: 5.2 MB
  icon_eu_data_druk.bin: 2.6 MB
  icon_eu_data_cape.bin: 2.6 MB
  icon_eu_data_straling.bin: 2.6 MB
  icon_eu_data_straling_direct.bin: 2.6 MB
  icon_eu_canvas_meta.json: 120 stappen, 2026-07-30T00:00 t/m 2026-08-03T23:00
   R2: icon_eu_canvas_meta.json (0.0 MB)
   R2: icon_eu_data_bewolking.bin (7.9 MB)
   R2: icon_eu_data_cape.bin (2.6 MB)
   R2: icon_eu_data_cumul.bin (2.6 MB)
   R2: icon_eu_data_dauwpunt.bin (2.6 MB)
   R2: icon_eu_data_druk.bin (2.6 MB)
   R2: icon_eu_data_neerslag.bin (2.6 MB)
   R2: icon_eu_data_rv.bin (2.6 MB)
   R2: icon_eu_data_straling.bin (2.6 MB)
   R2: icon_eu_data_straling_direct.bin (2.6 MB)
   R2: icon_eu_data_temp.bin (2.6 MB)
   R2: icon_eu_data_wind.bin (5.2 MB)
   R2: icon_eu_data_windstoten.bin (5.2 MB)
R2 upload klaar.
Klaar.
Thu Jul 30 20:30:28 CEST 2026: === ICON-EU klaar ===
Fri Jul 31 02:30:05 CEST 2026: === ICON-EU update ===
ICON-EU: 61x94 = 5734 punten, 72 batches
Model: icon_eu, forecast_days=5, prefix=icon_eu
  batch 1/72 klaar
  batch 2/72 klaar
  batch 3/72 klaar
  batch 4/72 klaar
  batch 5/72 klaar
  batch 6/72 klaar
  batch 7/72 klaar
  batch 8/72 klaar
  batch 9/72 klaar
  batch 10/72 klaar
  batch 11/72 klaar
  batch 12/72 klaar
  batch 13/72 klaar
  batch 14/72 klaar
  batch 15/72 klaar
  batch 16/72 klaar
  batch 17/72 klaar
  batch 18/72 klaar
  batch 19/72 klaar
  batch 20/72 klaar
  batch 21/72 klaar
  batch 22/72 klaar
  batch 23/72 klaar
  batch 24/72 klaar
  batch 25/72 klaar
  batch 26/72 klaar
  batch 27/72 klaar
  batch 28/72 klaar
  batch 29/72 klaar
  batch 30/72 klaar
  batch 31/72 klaar
  batch 32/72 klaar
  batch 33/72 klaar
  batch 34/72 klaar
  batch 35/72 klaar
  batch 36/72 klaar
  batch 37/72 klaar
  batch 38/72 klaar
  batch 39/72 klaar
  batch 40/72 klaar
  batch 41/72 klaar
  batch 42/72 klaar
  batch 43/72 klaar
  batch 44/72 klaar
  batch 45/72 klaar
  batch 46/72 klaar
  batch 47/72 klaar
  batch 48/72 klaar
  batch 49/72 klaar
  batch 50/72 klaar
  batch 51/72 klaar
  batch 52/72 klaar
  batch 53/72 klaar
  batch 54/72 klaar
  batch 55/72 klaar
  batch 56/72 klaar
  batch 57/72 klaar
  batch 58/72 klaar
  batch 59/72 klaar
  batch 60/72 klaar
  batch 61/72 klaar
  batch 62/72 klaar
  batch 63/72 klaar
  batch 64/72 klaar
  batch 65/72 klaar
  batch 66/72 klaar
  batch 67/72 klaar
  batch 68/72 klaar
  batch 69/72 klaar
  batch 70/72 klaar
  batch 71/72 klaar
  batch 72/72 klaar
  Tijdstappen na trim: 120 (2026-07-31T00:00 t/m 2026-08-04T23:00)
  icon_eu_data_neerslag.bin: 2.6 MB
  icon_eu_data_cumul.bin: 2.6 MB
  icon_eu_data_temp.bin: 2.6 MB
  icon_eu_data_dauwpunt.bin: 2.6 MB
  icon_eu_data_rv.bin: 2.6 MB
  icon_eu_data_bewolking.bin: 7.9 MB
  icon_eu_data_wind.bin: 5.2 MB
  icon_eu_data_windstoten.bin: 5.2 MB
  icon_eu_data_druk.bin: 2.6 MB
  icon_eu_data_cape.bin: 2.6 MB
  icon_eu_data_straling.bin: 2.6 MB
  icon_eu_data_straling_direct.bin: 2.6 MB
  icon_eu_canvas_meta.json: 120 stappen, 2026-07-31T00:00 t/m 2026-08-04T23:00
   R2: icon_eu_canvas_meta.json (0.0 MB)
   R2: icon_eu_data_bewolking.bin (7.9 MB)
   R2: icon_eu_data_cape.bin (2.6 MB)
   R2: icon_eu_data_cumul.bin (2.6 MB)
   R2: icon_eu_data_dauwpunt.bin (2.6 MB)
   R2: icon_eu_data_druk.bin (2.6 MB)
   R2: icon_eu_data_neerslag.bin (2.6 MB)
   R2: icon_eu_data_rv.bin (2.6 MB)
   R2: icon_eu_data_straling.bin (2.6 MB)
   R2: icon_eu_data_straling_direct.bin (2.6 MB)
   R2: icon_eu_data_temp.bin (2.6 MB)
   R2: icon_eu_data_wind.bin (5.2 MB)
   R2: icon_eu_data_windstoten.bin (5.2 MB)
R2 upload klaar.
Klaar.
Fri Jul 31 02:30:25 CEST 2026: === ICON-EU klaar ===
Fri Jul 31 08:30:02 CEST 2026: === ICON-EU update ===
ICON-EU: 61x94 = 5734 punten, 72 batches
Model: icon_eu, forecast_days=5, prefix=icon_eu
  batch 1/72 klaar
  batch 2/72 klaar
  batch 3/72 klaar
  batch 4/72 klaar
  batch 5/72 klaar
  batch 6/72 klaar
  batch 7/72 klaar
  batch 8/72 klaar
  batch 9/72 klaar
  batch 10/72 klaar
  batch 11/72 klaar
  batch 12/72 klaar
  batch 13/72 klaar
  batch 14/72 klaar
  batch 15/72 klaar
  batch 16/72 klaar
  batch 17/72 klaar
  batch 18/72 klaar
  batch 19/72 klaar
  batch 20/72 klaar
  batch 21/72 klaar
  batch 22/72 klaar
  batch 23/72 klaar
  batch 24/72 klaar
  batch 25/72 klaar
  batch 26/72 klaar
  batch 27/72 klaar
  batch 28/72 klaar
  batch 29/72 klaar
  batch 30/72 klaar
  batch 31/72 klaar
  batch 32/72 klaar
  batch 33/72 klaar
  batch 34/72 klaar
  batch 35/72 klaar
  batch 36/72 klaar
  batch 37/72 klaar
  batch 38/72 klaar
  batch 39/72 klaar
  batch 40/72 klaar
  batch 41/72 klaar
  batch 42/72 klaar
  batch 43/72 klaar
  batch 44/72 klaar
  batch 45/72 klaar
  batch 46/72 klaar
  batch 47/72 klaar
  batch 48/72 klaar
  batch 49/72 klaar
  batch 50/72 klaar
  batch 51/72 klaar
  batch 52/72 klaar
  batch 53/72 klaar
  batch 54/72 klaar
  batch 55/72 klaar
  batch 56/72 klaar
  batch 57/72 klaar
  batch 58/72 klaar
  batch 59/72 klaar
  batch 60/72 klaar
  batch 61/72 klaar
  batch 62/72 klaar
  batch 63/72 klaar
  batch 64/72 klaar
  batch 65/72 klaar
  batch 66/72 klaar
  batch 67/72 klaar
  batch 68/72 klaar
  batch 69/72 klaar
  batch 70/72 klaar
  batch 71/72 klaar
  batch 72/72 klaar
  Tijdstappen na trim: 120 (2026-07-31T00:00 t/m 2026-08-04T23:00)
  icon_eu_data_neerslag.bin: 2.6 MB
  icon_eu_data_cumul.bin: 2.6 MB
  icon_eu_data_temp.bin: 2.6 MB
  icon_eu_data_dauwpunt.bin: 2.6 MB
  icon_eu_data_rv.bin: 2.6 MB
  icon_eu_data_bewolking.bin: 7.9 MB
  icon_eu_data_wind.bin: 5.2 MB
  icon_eu_data_windstoten.bin: 5.2 MB
  icon_eu_data_druk.bin: 2.6 MB
  icon_eu_data_cape.bin: 2.6 MB
  icon_eu_data_straling.bin: 2.6 MB
  icon_eu_data_straling_direct.bin: 2.6 MB
  icon_eu_canvas_meta.json: 120 stappen, 2026-07-31T00:00 t/m 2026-08-04T23:00
   R2: icon_eu_canvas_meta.json (0.0 MB)
   R2: icon_eu_data_bewolking.bin (7.9 MB)
   R2: icon_eu_data_cape.bin (2.6 MB)
   R2: icon_eu_data_cumul.bin (2.6 MB)
   R2: icon_eu_data_dauwpunt.bin (2.6 MB)
   R2: icon_eu_data_druk.bin (2.6 MB)
   R2: icon_eu_data_neerslag.bin (2.6 MB)
   R2: icon_eu_data_rv.bin (2.6 MB)
   R2: icon_eu_data_straling.bin (2.6 MB)
   R2: icon_eu_data_straling_direct.bin (2.6 MB)
   R2: icon_eu_data_temp.bin (2.6 MB)
   R2: icon_eu_data_wind.bin (5.2 MB)
   R2: icon_eu_data_windstoten.bin (5.2 MB)
R2 upload klaar.
Klaar.
Fri Jul 31 08:30:27 CEST 2026: === ICON-EU klaar ===
Fri Jul 31 14:30:00 CEST 2026: === ICON-EU update ===
ICON-EU: 61x94 = 5734 punten, 72 batches
Model: icon_eu, forecast_days=5, prefix=icon_eu
  batch 1/72 klaar
  batch 2/72 klaar
  batch 3/72 klaar
  batch 4/72 klaar
  batch 5/72 klaar
  batch 6/72 klaar
  batch 7/72 klaar
  batch 8/72 klaar
  batch 9/72 klaar
  batch 10/72 klaar
  batch 11/72 klaar
  batch 12/72 klaar
  batch 13/72 klaar
  batch 14/72 klaar
  batch 15/72 klaar
  batch 16/72 klaar
  batch 17/72 klaar
  batch 18/72 klaar
  batch 19/72 klaar
  batch 20/72 klaar
  batch 21/72 klaar
  batch 22/72 klaar
  batch 23/72 klaar
  batch 24/72 klaar
  batch 25/72 klaar
  batch 26/72 klaar
  batch 27/72 klaar
  batch 28/72 klaar
  batch 29/72 klaar
  batch 30/72 klaar
  batch 31/72 klaar
  batch 32/72 klaar
  batch 33/72 klaar
  batch 34/72 klaar
  batch 35/72 klaar
  batch 36/72 klaar
  batch 37/72 klaar
  batch 38/72 klaar
  batch 39/72 klaar
  batch 40/72 klaar
  batch 41/72 klaar
  batch 42/72 klaar
  batch 43/72 klaar
  batch 44/72 klaar
  batch 45/72 klaar
  batch 46/72 klaar
  batch 47/72 klaar
  batch 48/72 klaar
  batch 49/72 klaar
  batch 50/72 klaar
  batch 51/72 klaar
  batch 52/72 klaar
  batch 53/72 klaar
  batch 54/72 klaar
  batch 55/72 klaar
  batch 56/72 klaar
  batch 57/72 klaar
  batch 58/72 klaar
  batch 59/72 klaar
  batch 60/72 klaar
  batch 61/72 klaar
  batch 62/72 klaar
  batch 63/72 klaar
  batch 64/72 klaar
  batch 65/72 klaar
  batch 66/72 klaar
  batch 67/72 klaar
  batch 68/72 klaar
  batch 69/72 klaar
  batch 70/72 klaar
  batch 71/72 klaar
  batch 72/72 klaar
  Tijdstappen na trim: 120 (2026-07-31T00:00 t/m 2026-08-04T23:00)
  icon_eu_data_neerslag.bin: 2.6 MB
  icon_eu_data_cumul.bin: 2.6 MB
  icon_eu_data_temp.bin: 2.6 MB
  icon_eu_data_dauwpunt.bin: 2.6 MB
  icon_eu_data_rv.bin: 2.6 MB
  icon_eu_data_bewolking.bin: 7.9 MB
  icon_eu_data_wind.bin: 5.2 MB
  icon_eu_data_windstoten.bin: 5.2 MB
  icon_eu_data_druk.bin: 2.6 MB
  icon_eu_data_cape.bin: 2.6 MB
  icon_eu_data_straling.bin: 2.6 MB
  icon_eu_data_straling_direct.bin: 2.6 MB
  icon_eu_canvas_meta.json: 120 stappen, 2026-07-31T00:00 t/m 2026-08-04T23:00
   R2: icon_eu_canvas_meta.json (0.0 MB)
   R2: icon_eu_data_bewolking.bin (7.9 MB)
   R2: icon_eu_data_cape.bin (2.6 MB)
   R2: icon_eu_data_cumul.bin (2.6 MB)
   R2: icon_eu_data_dauwpunt.bin (2.6 MB)
   R2: icon_eu_data_druk.bin (2.6 MB)
   R2: icon_eu_data_neerslag.bin (2.6 MB)
   R2: icon_eu_data_rv.bin (2.6 MB)
   R2: icon_eu_data_straling.bin (2.6 MB)
   R2: icon_eu_data_straling_direct.bin (2.6 MB)
   R2: icon_eu_data_temp.bin (2.6 MB)
   R2: icon_eu_data_wind.bin (5.2 MB)
   R2: icon_eu_data_windstoten.bin (5.2 MB)
R2 upload klaar.
Klaar.
Fri Jul 31 14:30:28 CEST 2026: === ICON-EU klaar ===
Fri Jul 31 20:30:05 CEST 2026: === ICON-EU update ===
ICON-EU: 61x94 = 5734 punten, 72 batches
Model: icon_eu, forecast_days=5, prefix=icon_eu
  batch 1/72 klaar
  batch 2/72 klaar
  batch 3/72 klaar
  batch 4/72 klaar
  batch 5/72 klaar
  batch 6/72 klaar
  batch 7/72 klaar
  batch 8/72 klaar
  batch 9/72 klaar
  batch 10/72 klaar
  batch 11/72 klaar
  batch 12/72 klaar
  batch 13/72 klaar
  batch 14/72 klaar
  batch 15/72 klaar
  batch 16/72 klaar
  batch 17/72 klaar
  batch 18/72 klaar
  batch 19/72 klaar
  batch 20/72 klaar
  batch 21/72 klaar
  batch 22/72 klaar
  batch 23/72 klaar
  batch 24/72 klaar
  batch 25/72 klaar
  batch 26/72 klaar
  batch 27/72 klaar
  batch 28/72 klaar
  batch 29/72 klaar
  batch 30/72 klaar
  batch 31/72 klaar
  batch 32/72 klaar
  batch 33/72 klaar
  batch 34/72 klaar
  batch 35/72 klaar
  batch 36/72 klaar
  batch 37/72 klaar
  batch 38/72 klaar
  batch 39/72 klaar
  batch 40/72 klaar
  batch 41/72 klaar
  batch 42/72 klaar
  batch 43/72 klaar
  batch 44/72 klaar
  batch 45/72 klaar
  batch 46/72 klaar
  batch 47/72 klaar
  batch 48/72 klaar
  batch 49/72 klaar
  batch 50/72 klaar
  batch 51/72 klaar
  batch 52/72 klaar
  batch 53/72 klaar
  batch 54/72 klaar
  batch 55/72 klaar
  batch 56/72 klaar
  batch 57/72 klaar
  batch 58/72 klaar
  batch 59/72 klaar
  batch 60/72 klaar
  batch 61/72 klaar
  batch 62/72 klaar
  batch 63/72 klaar
  batch 64/72 klaar
  batch 65/72 klaar
  batch 66/72 klaar
  batch 67/72 klaar
  batch 68/72 klaar
  batch 69/72 klaar
  batch 70/72 klaar
  batch 71/72 klaar
  batch 72/72 klaar
  Tijdstappen na trim: 120 (2026-07-31T00:00 t/m 2026-08-04T23:00)
  icon_eu_data_neerslag.bin: 2.6 MB
  icon_eu_data_cumul.bin: 2.6 MB
  icon_eu_data_temp.bin: 2.6 MB
  icon_eu_data_dauwpunt.bin: 2.6 MB
  icon_eu_data_rv.bin: 2.6 MB
  icon_eu_data_bewolking.bin: 7.9 MB
  icon_eu_data_wind.bin: 5.2 MB
  icon_eu_data_windstoten.bin: 5.2 MB
  icon_eu_data_druk.bin: 2.6 MB
  icon_eu_data_cape.bin: 2.6 MB
  icon_eu_data_straling.bin: 2.6 MB
  icon_eu_data_straling_direct.bin: 2.6 MB
  icon_eu_canvas_meta.json: 120 stappen, 2026-07-31T00:00 t/m 2026-08-04T23:00
   R2: icon_eu_canvas_meta.json (0.0 MB)
   R2: icon_eu_data_bewolking.bin (7.9 MB)
   R2: icon_eu_data_cape.bin (2.6 MB)
   R2: icon_eu_data_cumul.bin (2.6 MB)
   R2: icon_eu_data_dauwpunt.bin (2.6 MB)
   R2: icon_eu_data_druk.bin (2.6 MB)
   R2: icon_eu_data_neerslag.bin (2.6 MB)
   R2: icon_eu_data_rv.bin (2.6 MB)
   R2: icon_eu_data_straling.bin (2.6 MB)
   R2: icon_eu_data_straling_direct.bin (2.6 MB)
   R2: icon_eu_data_temp.bin (2.6 MB)
   R2: icon_eu_data_wind.bin (5.2 MB)
   R2: icon_eu_data_windstoten.bin (5.2 MB)
R2 upload klaar.
Klaar.
Fri Jul 31 20:30:33 CEST 2026: === ICON-EU klaar ===
Sat Aug  1 02:30:05 CEST 2026: === ICON-EU update ===
ICON-EU: 61x94 = 5734 punten, 72 batches
Model: icon_eu, forecast_days=5, prefix=icon_eu
  batch 1/72 klaar
  batch 2/72 klaar
  batch 3/72 klaar
  batch 4/72 klaar
  batch 5/72 klaar
  batch 6/72 klaar
  batch 7/72 klaar
  batch 8/72 klaar
  batch 9/72 klaar
  batch 10/72 klaar
  batch 11/72 klaar
  batch 12/72 klaar
  batch 13/72 klaar
  batch 14/72 klaar
  batch 15/72 klaar
  batch 16/72 klaar
  batch 17/72 klaar
  batch 18/72 klaar
  batch 19/72 klaar
  batch 20/72 klaar
  batch 21/72 klaar
  batch 22/72 klaar
  batch 23/72 klaar
  batch 24/72 klaar
  batch 25/72 klaar
  batch 26/72 klaar
  batch 27/72 klaar
  batch 28/72 klaar
  batch 29/72 klaar
  batch 30/72 klaar
  batch 31/72 klaar
  batch 32/72 klaar
  batch 33/72 klaar
  batch 34/72 klaar
  batch 35/72 klaar
  batch 36/72 klaar
  batch 37/72 klaar
  batch 38/72 klaar
  batch 39/72 klaar
  batch 40/72 klaar
  batch 41/72 klaar
  batch 42/72 klaar
  batch 43/72 klaar
  batch 44/72 klaar
  batch 45/72 klaar
  batch 46/72 klaar
  batch 47/72 klaar
  batch 48/72 klaar
  batch 49/72 klaar
  batch 50/72 klaar
  batch 51/72 klaar
  batch 52/72 klaar
  batch 53/72 klaar
  batch 54/72 klaar
  batch 55/72 klaar
  batch 56/72 klaar
  batch 57/72 klaar
  batch 58/72 klaar
  batch 59/72 klaar
  batch 60/72 klaar
  batch 61/72 klaar
  batch 62/72 klaar
  batch 63/72 klaar
  batch 64/72 klaar
  batch 65/72 klaar
  batch 66/72 klaar
  batch 67/72 klaar
  batch 68/72 klaar
  batch 69/72 klaar
  batch 70/72 klaar
  batch 71/72 klaar
  batch 72/72 klaar
  Tijdstappen na trim: 120 (2026-08-01T00:00 t/m 2026-08-05T23:00)
  icon_eu_data_neerslag.bin: 2.6 MB
  icon_eu_data_cumul.bin: 2.6 MB
  icon_eu_data_temp.bin: 2.6 MB
  icon_eu_data_dauwpunt.bin: 2.6 MB
  icon_eu_data_rv.bin: 2.6 MB
  icon_eu_data_bewolking.bin: 7.9 MB
  icon_eu_data_wind.bin: 5.2 MB
  icon_eu_data_windstoten.bin: 5.2 MB
  icon_eu_data_druk.bin: 2.6 MB
  icon_eu_data_cape.bin: 2.6 MB
  icon_eu_data_straling.bin: 2.6 MB
  icon_eu_data_straling_direct.bin: 2.6 MB
  icon_eu_canvas_meta.json: 120 stappen, 2026-08-01T00:00 t/m 2026-08-05T23:00
   R2: icon_eu_canvas_meta.json (0.0 MB)
   R2: icon_eu_data_bewolking.bin (7.9 MB)
   R2: icon_eu_data_cape.bin (2.6 MB)
   R2: icon_eu_data_cumul.bin (2.6 MB)
   R2: icon_eu_data_dauwpunt.bin (2.6 MB)
   R2: icon_eu_data_druk.bin (2.6 MB)
   R2: icon_eu_data_neerslag.bin (2.6 MB)
   R2: icon_eu_data_rv.bin (2.6 MB)
   R2: icon_eu_data_straling.bin (2.6 MB)
   R2: icon_eu_data_straling_direct.bin (2.6 MB)
   R2: icon_eu_data_temp.bin (2.6 MB)
   R2: icon_eu_data_wind.bin (5.2 MB)
   R2: icon_eu_data_windstoten.bin (5.2 MB)
R2 upload klaar.
Klaar.
Sat Aug  1 02:30:25 CEST 2026: === ICON-EU klaar ===
Sat Aug  1 08:30:05 CEST 2026: === ICON-EU update ===
ICON-EU: 61x94 = 5734 punten, 72 batches
Model: icon_eu, forecast_days=5, prefix=icon_eu
  batch 1/72 klaar
  batch 2/72 klaar
  batch 3/72 klaar
  batch 4/72 klaar
  batch 5/72 klaar
  batch 6/72 klaar
  batch 7/72 klaar
  batch 8/72 klaar
  batch 9/72 klaar
  batch 10/72 klaar
  batch 11/72 klaar
  batch 12/72 klaar
  batch 13/72 klaar
  batch 14/72 klaar
  batch 15/72 klaar
  batch 16/72 klaar
  batch 17/72 klaar
  batch 18/72 klaar
  batch 19/72 klaar
  batch 20/72 klaar
  batch 21/72 klaar
  batch 22/72 klaar
  batch 23/72 klaar
  batch 24/72 klaar
  batch 25/72 klaar
  batch 26/72 klaar
  batch 27/72 klaar
  batch 28/72 klaar
  batch 29/72 klaar
  batch 30/72 klaar
  batch 31/72 klaar
  batch 32/72 klaar
  batch 33/72 klaar
  batch 34/72 klaar
  batch 35/72 klaar
  batch 36/72 klaar
  batch 37/72 klaar
  batch 38/72 klaar
  batch 39/72 klaar
  batch 40/72 klaar
  batch 41/72 klaar
  batch 42/72 klaar
  batch 43/72 klaar
  batch 44/72 klaar
  batch 45/72 klaar
  batch 46/72 klaar
  batch 47/72 klaar
  batch 48/72 klaar
  batch 49/72 klaar
  batch 50/72 klaar
  batch 51/72 klaar
  batch 52/72 klaar
  batch 53/72 klaar
  batch 54/72 klaar
  batch 55/72 klaar
  batch 56/72 klaar
  batch 57/72 klaar
  batch 58/72 klaar
  batch 59/72 klaar
  batch 60/72 klaar
  batch 61/72 klaar
  batch 62/72 klaar
  batch 63/72 klaar
  batch 64/72 klaar
  batch 65/72 klaar
  batch 66/72 klaar
  batch 67/72 klaar
  batch 68/72 klaar
  batch 69/72 klaar
  batch 70/72 klaar
  batch 71/72 klaar
  batch 72/72 klaar
  Tijdstappen na trim: 120 (2026-08-01T00:00 t/m 2026-08-05T23:00)
  icon_eu_data_neerslag.bin: 2.6 MB
  icon_eu_data_cumul.bin: 2.6 MB
  icon_eu_data_temp.bin: 2.6 MB
  icon_eu_data_dauwpunt.bin: 2.6 MB
  icon_eu_data_rv.bin: 2.6 MB
  icon_eu_data_bewolking.bin: 7.9 MB
  icon_eu_data_wind.bin: 5.2 MB
  icon_eu_data_windstoten.bin: 5.2 MB
  icon_eu_data_druk.bin: 2.6 MB
  icon_eu_data_cape.bin: 2.6 MB
  icon_eu_data_straling.bin: 2.6 MB
  icon_eu_data_straling_direct.bin: 2.6 MB
  icon_eu_canvas_meta.json: 120 stappen, 2026-08-01T00:00 t/m 2026-08-05T23:00
   R2: icon_eu_canvas_meta.json (0.0 MB)
   R2: icon_eu_data_bewolking.bin (7.9 MB)
   R2: icon_eu_data_cape.bin (2.6 MB)
   R2: icon_eu_data_cumul.bin (2.6 MB)
   R2: icon_eu_data_dauwpunt.bin (2.6 MB)
   R2: icon_eu_data_druk.bin (2.6 MB)
   R2: icon_eu_data_neerslag.bin (2.6 MB)
   R2: icon_eu_data_rv.bin (2.6 MB)
   R2: icon_eu_data_straling.bin (2.6 MB)
   R2: icon_eu_data_straling_direct.bin (2.6 MB)
   R2: icon_eu_data_temp.bin (2.6 MB)
   R2: icon_eu_data_wind.bin (5.2 MB)
   R2: icon_eu_data_windstoten.bin (5.2 MB)
R2 upload klaar.
Klaar.
Sat Aug  1 08:30:26 CEST 2026: === ICON-EU klaar ===
Sat Aug  1 14:30:01 CEST 2026: === ICON-EU update ===
ICON-EU: 61x94 = 5734 punten, 72 batches
Model: icon_eu, forecast_days=5, prefix=icon_eu
  batch 1/72 klaar
  batch 2/72 klaar
  batch 3/72 klaar
  batch 4/72 klaar
  batch 5/72 klaar
  batch 6/72 klaar
  batch 7/72 klaar
  batch 8/72 klaar
  batch 9/72 klaar
  batch 10/72 klaar
  batch 11/72 klaar
  batch 12/72 klaar
  batch 13/72 klaar
  batch 14/72 klaar
  batch 15/72 klaar
  batch 16/72 klaar
  batch 17/72 klaar
  batch 18/72 klaar
  batch 19/72 klaar
  batch 20/72 klaar
  batch 21/72 klaar
  batch 22/72 klaar
  batch 23/72 klaar
  batch 24/72 klaar
  batch 25/72 klaar
  batch 26/72 klaar
  batch 27/72 klaar
  batch 28/72 klaar
  batch 29/72 klaar
  batch 30/72 klaar
  batch 31/72 klaar
  batch 32/72 klaar
  batch 33/72 klaar
  batch 34/72 klaar
  batch 35/72 klaar
  batch 36/72 klaar
  batch 37/72 klaar
  batch 38/72 klaar
  batch 39/72 klaar
  batch 40/72 klaar
  batch 41/72 klaar
  batch 42/72 klaar
  batch 43/72 klaar
  batch 44/72 klaar
  batch 45/72 klaar
  batch 46/72 klaar
  batch 47/72 klaar
  batch 48/72 klaar
  batch 49/72 klaar
  batch 50/72 klaar
  batch 51/72 klaar
  batch 52/72 klaar
  batch 53/72 klaar
  batch 54/72 klaar
  batch 55/72 klaar
  batch 56/72 klaar
  batch 57/72 klaar
  batch 58/72 klaar
  batch 59/72 klaar
  batch 60/72 klaar
  batch 61/72 klaar
  batch 62/72 klaar
  batch 63/72 klaar
  batch 64/72 klaar
  batch 65/72 klaar
  batch 66/72 klaar
  batch 67/72 klaar
  batch 68/72 klaar
  batch 69/72 klaar
  batch 70/72 klaar
  batch 71/72 klaar
  batch 72/72 klaar
  Tijdstappen na trim: 120 (2026-08-01T00:00 t/m 2026-08-05T23:00)
  icon_eu_data_neerslag.bin: 2.6 MB
  icon_eu_data_cumul.bin: 2.6 MB
  icon_eu_data_temp.bin: 2.6 MB
  icon_eu_data_dauwpunt.bin: 2.6 MB
  icon_eu_data_rv.bin: 2.6 MB
  icon_eu_data_bewolking.bin: 7.9 MB
  icon_eu_data_wind.bin: 5.2 MB
  icon_eu_data_windstoten.bin: 5.2 MB
  icon_eu_data_druk.bin: 2.6 MB
  icon_eu_data_cape.bin: 2.6 MB
  icon_eu_data_straling.bin: 2.6 MB
  icon_eu_data_straling_direct.bin: 2.6 MB
  icon_eu_canvas_meta.json: 120 stappen, 2026-08-01T00:00 t/m 2026-08-05T23:00
   R2: icon_eu_canvas_meta.json (0.0 MB)
   R2: icon_eu_data_bewolking.bin (7.9 MB)
   R2: icon_eu_data_cape.bin (2.6 MB)
   R2: icon_eu_data_cumul.bin (2.6 MB)
   R2: icon_eu_data_dauwpunt.bin (2.6 MB)
   R2: icon_eu_data_druk.bin (2.6 MB)
   R2: icon_eu_data_neerslag.bin (2.6 MB)
   R2: icon_eu_data_rv.bin (2.6 MB)
   R2: icon_eu_data_straling.bin (2.6 MB)
   R2: icon_eu_data_straling_direct.bin (2.6 MB)
   R2: icon_eu_data_temp.bin (2.6 MB)
   R2: icon_eu_data_wind.bin (5.2 MB)
   R2: icon_eu_data_windstoten.bin (5.2 MB)
R2 upload klaar.
Klaar.
Sat Aug  1 14:30:25 CEST 2026: === ICON-EU klaar ===
Sat Aug  1 20:30:01 CEST 2026: === ICON-EU update ===
ICON-EU: 61x94 = 5734 punten, 72 batches
Model: icon_eu, forecast_days=5, prefix=icon_eu
  batch 1/72 klaar
  batch 2/72 klaar
  batch 3/72 klaar
  batch 4/72 klaar
  batch 5/72 klaar
  batch 6/72 klaar
  batch 7/72 klaar
  batch 8/72 klaar
  batch 9/72 klaar
  batch 10/72 klaar
  batch 11/72 klaar
  batch 12/72 klaar
  batch 13/72 klaar
  batch 14/72 klaar
  batch 15/72 klaar
  batch 16/72 klaar
  batch 17/72 klaar
  batch 18/72 klaar
  batch 19/72 klaar
  batch 20/72 klaar
  batch 21/72 klaar
  batch 22/72 klaar
  batch 23/72 klaar
  batch 24/72 klaar
  batch 25/72 klaar
  batch 26/72 klaar
  batch 27/72 klaar
  batch 28/72 klaar
  batch 29/72 klaar
  batch 30/72 klaar
  batch 31/72 klaar
  batch 32/72 klaar
  batch 33/72 klaar
  batch 34/72 klaar
  batch 35/72 klaar
  batch 36/72 klaar
  batch 37/72 klaar
  batch 38/72 klaar
  batch 39/72 klaar
  batch 40/72 klaar
  batch 41/72 klaar
  batch 42/72 klaar
  batch 43/72 klaar
  batch 44/72 klaar
  batch 45/72 klaar
  batch 46/72 klaar
  batch 47/72 klaar
  batch 48/72 klaar
  batch 49/72 klaar
  batch 50/72 klaar
  batch 51/72 klaar
  batch 52/72 klaar
  batch 53/72 klaar
  batch 54/72 klaar
  batch 55/72 klaar
  batch 56/72 klaar
  batch 57/72 klaar
  batch 58/72 klaar
  batch 59/72 klaar
  batch 60/72 klaar
  batch 61/72 klaar
  batch 62/72 klaar
  batch 63/72 klaar
  batch 64/72 klaar
  batch 65/72 klaar
  batch 66/72 klaar
  batch 67/72 klaar
  batch 68/72 klaar
  batch 69/72 klaar
  batch 70/72 klaar
  batch 71/72 klaar
  batch 72/72 klaar
  Tijdstappen na trim: 120 (2026-08-01T00:00 t/m 2026-08-05T23:00)
  icon_eu_data_neerslag.bin: 2.6 MB
  icon_eu_data_cumul.bin: 2.6 MB
  icon_eu_data_temp.bin: 2.6 MB
  icon_eu_data_dauwpunt.bin: 2.6 MB
  icon_eu_data_rv.bin: 2.6 MB
  icon_eu_data_bewolking.bin: 7.9 MB
  icon_eu_data_wind.bin: 5.2 MB
  icon_eu_data_windstoten.bin: 5.2 MB
  icon_eu_data_druk.bin: 2.6 MB
  icon_eu_data_cape.bin: 2.6 MB
  icon_eu_data_straling.bin: 2.6 MB
  icon_eu_data_straling_direct.bin: 2.6 MB
  icon_eu_canvas_meta.json: 120 stappen, 2026-08-01T00:00 t/m 2026-08-05T23:00
   R2: icon_eu_canvas_meta.json (0.0 MB)
   R2: icon_eu_data_bewolking.bin (7.9 MB)
   R2: icon_eu_data_cape.bin (2.6 MB)
   R2: icon_eu_data_cumul.bin (2.6 MB)
   R2: icon_eu_data_dauwpunt.bin (2.6 MB)
   R2: icon_eu_data_druk.bin (2.6 MB)
   R2: icon_eu_data_neerslag.bin (2.6 MB)
   R2: icon_eu_data_rv.bin (2.6 MB)
   R2: icon_eu_data_straling.bin (2.6 MB)
   R2: icon_eu_data_straling_direct.bin (2.6 MB)
   R2: icon_eu_data_temp.bin (2.6 MB)
   R2: icon_eu_data_wind.bin (5.2 MB)
   R2: icon_eu_data_windstoten.bin (5.2 MB)
R2 upload klaar.
Klaar.
Sat Aug  1 20:30:22 CEST 2026: === ICON-EU klaar ===
Sun Aug  2 02:30:04 CEST 2026: === ICON-EU update ===
ICON-EU: 61x94 = 5734 punten, 72 batches
Model: icon_eu, forecast_days=5, prefix=icon_eu
  batch 1/72 klaar
  batch 2/72 klaar
  batch 3/72 klaar
  batch 4/72 klaar
  batch 5/72 klaar
  batch 6/72 klaar
  batch 7/72 klaar
  batch 8/72 klaar
  batch 9/72 klaar
  batch 10/72 klaar
  batch 11/72 klaar
  batch 12/72 klaar
  batch 13/72 klaar
  batch 14/72 klaar
  batch 15/72 klaar
  batch 16/72 klaar
  batch 17/72 klaar
  batch 18/72 klaar
  batch 19/72 klaar
  batch 20/72 klaar
  batch 21/72 klaar
  batch 22/72 klaar
  batch 23/72 klaar
  batch 24/72 klaar
  batch 25/72 klaar
  batch 26/72 klaar
  batch 27/72 klaar
  batch 28/72 klaar
  batch 29/72 klaar
  batch 30/72 klaar
  batch 31/72 klaar
  batch 32/72 klaar
  batch 33/72 klaar
  batch 34/72 klaar
  batch 35/72 klaar
  batch 36/72 klaar
  batch 37/72 klaar
  batch 38/72 klaar
  batch 39/72 klaar
  batch 40/72 klaar
  batch 41/72 klaar
  batch 42/72 klaar
  batch 43/72 klaar
  batch 44/72 klaar
  batch 45/72 klaar
  batch 46/72 klaar
  batch 47/72 klaar
  batch 48/72 klaar
  batch 49/72 klaar
  batch 50/72 klaar
  batch 51/72 klaar
  batch 52/72 klaar
  batch 53/72 klaar
  batch 54/72 klaar
  batch 55/72 klaar
  batch 56/72 klaar
  batch 57/72 klaar
  batch 58/72 klaar
  batch 59/72 klaar
  batch 60/72 klaar
  batch 61/72 klaar
  batch 62/72 klaar
  batch 63/72 klaar
  batch 64/72 klaar
  batch 65/72 klaar
  batch 66/72 klaar
  batch 67/72 klaar
  batch 68/72 klaar
  batch 69/72 klaar
  batch 70/72 klaar
  batch 71/72 klaar
  batch 72/72 klaar
  Tijdstappen na trim: 120 (2026-08-02T00:00 t/m 2026-08-06T23:00)
  icon_eu_data_neerslag.bin: 2.6 MB
  icon_eu_data_cumul.bin: 2.6 MB
  icon_eu_data_temp.bin: 2.6 MB
  icon_eu_data_dauwpunt.bin: 2.6 MB
  icon_eu_data_rv.bin: 2.6 MB
  icon_eu_data_bewolking.bin: 7.9 MB
  icon_eu_data_wind.bin: 5.2 MB
  icon_eu_data_windstoten.bin: 5.2 MB
  icon_eu_data_druk.bin: 2.6 MB
  icon_eu_data_cape.bin: 2.6 MB
  icon_eu_data_straling.bin: 2.6 MB
  icon_eu_data_straling_direct.bin: 2.6 MB
  icon_eu_canvas_meta.json: 120 stappen, 2026-08-02T00:00 t/m 2026-08-06T23:00
   R2: icon_eu_canvas_meta.json (0.0 MB)
   R2: icon_eu_data_bewolking.bin (7.9 MB)
   R2: icon_eu_data_cape.bin (2.6 MB)
   R2: icon_eu_data_cumul.bin (2.6 MB)
   R2: icon_eu_data_dauwpunt.bin (2.6 MB)
   R2: icon_eu_data_druk.bin (2.6 MB)
   R2: icon_eu_data_neerslag.bin (2.6 MB)
   R2: icon_eu_data_rv.bin (2.6 MB)
   R2: icon_eu_data_straling.bin (2.6 MB)
   R2: icon_eu_data_straling_direct.bin (2.6 MB)
   R2: icon_eu_data_temp.bin (2.6 MB)
   R2: icon_eu_data_wind.bin (5.2 MB)
   R2: icon_eu_data_windstoten.bin (5.2 MB)
R2 upload klaar.
Klaar.
Sun Aug  2 02:30:24 CEST 2026: === ICON-EU klaar ===
Sun Aug  2 08:30:06 CEST 2026: === ICON-EU update ===
ICON-EU: 61x94 = 5734 punten, 72 batches
Model: icon_eu, forecast_days=5, prefix=icon_eu
  batch 1/72 klaar
  batch 2/72 klaar
  batch 3/72 klaar
  batch 4/72 klaar
  batch 5/72 klaar
  batch 6/72 klaar
  batch 7/72 klaar
  batch 8/72 klaar
  batch 9/72 klaar
  batch 10/72 klaar
  batch 11/72 klaar
  batch 12/72 klaar
  batch 13/72 klaar
  batch 14/72 klaar
  batch 15/72 klaar
  batch 16/72 klaar
  batch 17/72 klaar
  batch 18/72 klaar
  batch 19/72 klaar
  batch 20/72 klaar
  batch 21/72 klaar
  batch 22/72 klaar
  batch 23/72 klaar
  batch 24/72 klaar
  batch 25/72 klaar
  batch 26/72 klaar
  batch 27/72 klaar
  batch 28/72 klaar
  batch 29/72 klaar
  batch 30/72 klaar
  batch 31/72 klaar
  batch 32/72 klaar
  batch 33/72 klaar
  batch 34/72 klaar
  batch 35/72 klaar
  batch 36/72 klaar
  batch 37/72 klaar
  batch 38/72 klaar
  batch 39/72 klaar
  batch 40/72 klaar
  batch 41/72 klaar
  batch 42/72 klaar
  batch 43/72 klaar
  batch 44/72 klaar
  batch 45/72 klaar
  batch 46/72 klaar
  batch 47/72 klaar
  batch 48/72 klaar
  batch 49/72 klaar
  batch 50/72 klaar
  batch 51/72 klaar
  batch 52/72 klaar
  batch 53/72 klaar
  batch 54/72 klaar
  batch 55/72 klaar
  batch 56/72 klaar
  batch 57/72 klaar
  batch 58/72 klaar
  batch 59/72 klaar
  batch 60/72 klaar
  batch 61/72 klaar
  batch 62/72 klaar
  batch 63/72 klaar
  batch 64/72 klaar
  batch 65/72 klaar
  batch 66/72 klaar
  batch 67/72 klaar
  batch 68/72 klaar
  batch 69/72 klaar
  batch 70/72 klaar
  batch 71/72 klaar
  batch 72/72 klaar
  Tijdstappen na trim: 120 (2026-08-02T00:00 t/m 2026-08-06T23:00)
  icon_eu_data_neerslag.bin: 2.6 MB
  icon_eu_data_cumul.bin: 2.6 MB
  icon_eu_data_temp.bin: 2.6 MB
  icon_eu_data_dauwpunt.bin: 2.6 MB
  icon_eu_data_rv.bin: 2.6 MB
  icon_eu_data_bewolking.bin: 7.9 MB
  icon_eu_data_wind.bin: 5.2 MB
  icon_eu_data_windstoten.bin: 5.2 MB
  icon_eu_data_druk.bin: 2.6 MB
  icon_eu_data_cape.bin: 2.6 MB
  icon_eu_data_straling.bin: 2.6 MB
  icon_eu_data_straling_direct.bin: 2.6 MB
  icon_eu_canvas_meta.json: 120 stappen, 2026-08-02T00:00 t/m 2026-08-06T23:00
   R2: icon_eu_canvas_meta.json (0.0 MB)
   R2: icon_eu_data_bewolking.bin (7.9 MB)
   R2: icon_eu_data_cape.bin (2.6 MB)
   R2: icon_eu_data_cumul.bin (2.6 MB)
   R2: icon_eu_data_dauwpunt.bin (2.6 MB)
   R2: icon_eu_data_druk.bin (2.6 MB)
   R2: icon_eu_data_neerslag.bin (2.6 MB)
   R2: icon_eu_data_rv.bin (2.6 MB)
   R2: icon_eu_data_straling.bin (2.6 MB)
   R2: icon_eu_data_straling_direct.bin (2.6 MB)
   R2: icon_eu_data_temp.bin (2.6 MB)
   R2: icon_eu_data_wind.bin (5.2 MB)
   R2: icon_eu_data_windstoten.bin (5.2 MB)
R2 upload klaar.
Klaar.
Sun Aug  2 08:30:28 CEST 2026: === ICON-EU klaar ===
Sun Aug  2 14:30:04 CEST 2026: === ICON-EU update ===
ICON-EU: 61x94 = 5734 punten, 72 batches
Model: icon_eu, forecast_days=5, prefix=icon_eu
  batch 1/72 klaar
  batch 2/72 klaar
  batch 3/72 klaar
  batch 4/72 klaar
  batch 5/72 klaar
  batch 6/72 klaar
  batch 7/72 klaar
  batch 8/72 klaar
  batch 9/72 klaar
  batch 10/72 klaar
  batch 11/72 klaar
  batch 12/72 klaar
  batch 13/72 klaar
  batch 14/72 klaar
  batch 15/72 klaar
  batch 16/72 klaar
  batch 17/72 klaar
  batch 18/72 klaar
  batch 19/72 klaar
  batch 20/72 klaar
  batch 21/72 klaar
  batch 22/72 klaar
  batch 23/72 klaar
  batch 24/72 klaar
  batch 25/72 klaar
  batch 26/72 klaar
  batch 27/72 klaar
  batch 28/72 klaar
  batch 29/72 klaar
  batch 30/72 klaar
  batch 31/72 klaar
  batch 32/72 klaar
  batch 33/72 klaar
  batch 34/72 klaar
  batch 35/72 klaar
  batch 36/72 klaar
  batch 37/72 klaar
  batch 38/72 klaar
  batch 39/72 klaar
  batch 40/72 klaar
  batch 41/72 klaar
  batch 42/72 klaar
  batch 43/72 klaar
  batch 44/72 klaar
  batch 45/72 klaar
  batch 46/72 klaar
  batch 47/72 klaar
  batch 48/72 klaar
  batch 49/72 klaar
  batch 50/72 klaar
  batch 51/72 klaar
  batch 52/72 klaar
  batch 53/72 klaar
  batch 54/72 klaar
  batch 55/72 klaar
  batch 56/72 klaar
  batch 57/72 klaar
  batch 58/72 klaar
  batch 59/72 klaar
  batch 60/72 klaar
  batch 61/72 klaar
  batch 62/72 klaar
  batch 63/72 klaar
  batch 64/72 klaar
  batch 65/72 klaar
  batch 66/72 klaar
  batch 67/72 klaar
  batch 68/72 klaar
  batch 69/72 klaar
  batch 70/72 klaar
  batch 71/72 klaar
  batch 72/72 klaar
  Tijdstappen na trim: 120 (2026-08-02T00:00 t/m 2026-08-06T23:00)
  icon_eu_data_neerslag.bin: 2.6 MB
  icon_eu_data_cumul.bin: 2.6 MB
  icon_eu_data_temp.bin: 2.6 MB
  icon_eu_data_dauwpunt.bin: 2.6 MB
  icon_eu_data_rv.bin: 2.6 MB
  icon_eu_data_bewolking.bin: 7.9 MB
  icon_eu_data_wind.bin: 5.2 MB
  icon_eu_data_windstoten.bin: 5.2 MB
  icon_eu_data_druk.bin: 2.6 MB
  icon_eu_data_cape.bin: 2.6 MB
  icon_eu_data_straling.bin: 2.6 MB
  icon_eu_data_straling_direct.bin: 2.6 MB
  icon_eu_canvas_meta.json: 120 stappen, 2026-08-02T00:00 t/m 2026-08-06T23:00
   R2: icon_eu_canvas_meta.json (0.0 MB)
   R2: icon_eu_data_bewolking.bin (7.9 MB)
   R2: icon_eu_data_cape.bin (2.6 MB)
   R2: icon_eu_data_cumul.bin (2.6 MB)
   R2: icon_eu_data_dauwpunt.bin (2.6 MB)
   R2: icon_eu_data_druk.bin (2.6 MB)
   R2: icon_eu_data_neerslag.bin (2.6 MB)
   R2: icon_eu_data_rv.bin (2.6 MB)
   R2: icon_eu_data_straling.bin (2.6 MB)
   R2: icon_eu_data_straling_direct.bin (2.6 MB)
   R2: icon_eu_data_temp.bin (2.6 MB)
   R2: icon_eu_data_wind.bin (5.2 MB)
   R2: icon_eu_data_windstoten.bin (5.2 MB)
R2 upload klaar.
Klaar.
Sun Aug  2 14:30:23 CEST 2026: === ICON-EU klaar ===
Sun Aug  2 20:30:05 CEST 2026: === ICON-EU update ===
ICON-EU: 61x94 = 5734 punten, 72 batches
Model: icon_eu, forecast_days=5, prefix=icon_eu
  batch 1/72 klaar
  batch 2/72 klaar
  batch 3/72 klaar
  batch 4/72 klaar
  batch 5/72 klaar
  batch 6/72 klaar
  batch 7/72 klaar
  batch 8/72 klaar
  batch 9/72 klaar
  batch 10/72 klaar
  batch 11/72 klaar
  batch 12/72 klaar
  batch 13/72 klaar
  batch 14/72 klaar
  batch 15/72 klaar
  batch 16/72 klaar
  batch 17/72 klaar
  batch 18/72 klaar
  batch 19/72 klaar
  batch 20/72 klaar
  batch 21/72 klaar
  batch 22/72 klaar
  batch 23/72 klaar
  batch 24/72 klaar
  batch 25/72 klaar
  batch 26/72 klaar
  batch 27/72 klaar
  batch 28/72 klaar
  batch 29/72 klaar
  batch 30/72 klaar
  batch 31/72 klaar
  batch 32/72 klaar
  batch 33/72 klaar
  batch 34/72 klaar
  batch 35/72 klaar
  batch 36/72 klaar
  batch 37/72 klaar
  batch 38/72 klaar
  batch 39/72 klaar
  batch 40/72 klaar
  batch 41/72 klaar
  batch 42/72 klaar
  batch 43/72 klaar
  batch 44/72 klaar
  batch 45/72 klaar
  batch 46/72 klaar
  batch 47/72 klaar
  batch 48/72 klaar
  batch 49/72 klaar
  batch 50/72 klaar
  batch 51/72 klaar
  batch 52/72 klaar
  batch 53/72 klaar
  batch 54/72 klaar
  batch 55/72 klaar
  batch 56/72 klaar
  batch 57/72 klaar
  batch 58/72 klaar
  batch 59/72 klaar
  batch 60/72 klaar
  batch 61/72 klaar
  batch 62/72 klaar
  batch 63/72 klaar
  batch 64/72 klaar
  batch 65/72 klaar
  batch 66/72 klaar
  batch 67/72 klaar
  batch 68/72 klaar
  batch 69/72 klaar
  batch 70/72 klaar
  batch 71/72 klaar
  batch 72/72 klaar
  Tijdstappen na trim: 120 (2026-08-02T00:00 t/m 2026-08-06T23:00)
  icon_eu_data_neerslag.bin: 2.6 MB
  icon_eu_data_cumul.bin: 2.6 MB
  icon_eu_data_temp.bin: 2.6 MB
  icon_eu_data_dauwpunt.bin: 2.6 MB
  icon_eu_data_rv.bin: 2.6 MB
  icon_eu_data_bewolking.bin: 7.9 MB
  icon_eu_data_wind.bin: 5.2 MB
  icon_eu_data_windstoten.bin: 5.2 MB
  icon_eu_data_druk.bin: 2.6 MB
  icon_eu_data_cape.bin: 2.6 MB
  icon_eu_data_straling.bin: 2.6 MB
  icon_eu_data_straling_direct.bin: 2.6 MB
  icon_eu_canvas_meta.json: 120 stappen, 2026-08-02T00:00 t/m 2026-08-06T23:00
   R2: icon_eu_canvas_meta.json (0.0 MB)
   R2: icon_eu_data_bewolking.bin (7.9 MB)
   R2: icon_eu_data_cape.bin (2.6 MB)
   R2: icon_eu_data_cumul.bin (2.6 MB)
   R2: icon_eu_data_dauwpunt.bin (2.6 MB)
   R2: icon_eu_data_druk.bin (2.6 MB)
   R2: icon_eu_data_neerslag.bin (2.6 MB)
   R2: icon_eu_data_rv.bin (2.6 MB)
   R2: icon_eu_data_straling.bin (2.6 MB)
   R2: icon_eu_data_straling_direct.bin (2.6 MB)
   R2: icon_eu_data_temp.bin (2.6 MB)
   R2: icon_eu_data_wind.bin (5.2 MB)
   R2: icon_eu_data_windstoten.bin (5.2 MB)
R2 upload klaar.
Klaar.
Sun Aug  2 20:30:26 CEST 2026: === ICON-EU klaar ===
Mon Aug  3 02:30:05 CEST 2026: === ICON-EU update ===
ICON-EU: 61x94 = 5734 punten, 72 batches
Model: icon_eu, forecast_days=5, prefix=icon_eu
  batch 1/72 klaar
  batch 2/72 klaar
  batch 3/72 klaar
  batch 4/72 klaar
  batch 5/72 klaar
  batch 6/72 klaar
  batch 7/72 klaar
  batch 8/72 klaar
  batch 9/72 klaar
  batch 10/72 klaar
  batch 11/72 klaar
  batch 12/72 klaar
  batch 13/72 klaar
  batch 14/72 klaar
  batch 15/72 klaar
  batch 16/72 klaar
  batch 17/72 klaar
  batch 18/72 klaar
  batch 19/72 klaar
  batch 20/72 klaar
  batch 21/72 klaar
  batch 22/72 klaar
  batch 23/72 klaar
  batch 24/72 klaar
  batch 25/72 klaar
  batch 26/72 klaar
  batch 27/72 klaar
  batch 28/72 klaar
  batch 29/72 klaar
  batch 30/72 klaar
  batch 31/72 klaar
  batch 32/72 klaar
  batch 33/72 klaar
  batch 34/72 klaar
  batch 35/72 klaar
  batch 36/72 klaar
  batch 37/72 klaar
  batch 38/72 klaar
  batch 39/72 klaar
  batch 40/72 klaar
  batch 41/72 klaar
  batch 42/72 klaar
  batch 43/72 klaar
  batch 44/72 klaar
  batch 45/72 klaar
  batch 46/72 klaar
  batch 47/72 klaar
  batch 48/72 klaar
  batch 49/72 klaar
  batch 50/72 klaar
  batch 51/72 klaar
  batch 52/72 klaar
  batch 53/72 klaar
  batch 54/72 klaar
  batch 55/72 klaar
  batch 56/72 klaar
  batch 57/72 klaar
  batch 58/72 klaar
  batch 59/72 klaar
  batch 60/72 klaar
  batch 61/72 klaar
  batch 62/72 klaar
  batch 63/72 klaar
  batch 64/72 klaar
  batch 65/72 klaar
  batch 66/72 klaar
  batch 67/72 klaar
  batch 68/72 klaar
  batch 69/72 klaar
  batch 70/72 klaar
  batch 71/72 klaar
  batch 72/72 klaar
  Tijdstappen na trim: 120 (2026-08-03T00:00 t/m 2026-08-07T23:00)
  icon_eu_data_neerslag.bin: 2.6 MB
  icon_eu_data_cumul.bin: 2.6 MB
  icon_eu_data_temp.bin: 2.6 MB
  icon_eu_data_dauwpunt.bin: 2.6 MB
  icon_eu_data_rv.bin: 2.6 MB
  icon_eu_data_bewolking.bin: 7.9 MB
  icon_eu_data_wind.bin: 5.2 MB
  icon_eu_data_windstoten.bin: 5.2 MB
  icon_eu_data_druk.bin: 2.6 MB
  icon_eu_data_cape.bin: 2.6 MB
  icon_eu_data_straling.bin: 2.6 MB
  icon_eu_data_straling_direct.bin: 2.6 MB
  icon_eu_canvas_meta.json: 120 stappen, 2026-08-03T00:00 t/m 2026-08-07T23:00
   R2: icon_eu_canvas_meta.json (0.0 MB)
   R2: icon_eu_data_bewolking.bin (7.9 MB)
   R2: icon_eu_data_cape.bin (2.6 MB)
   R2: icon_eu_data_cumul.bin (2.6 MB)
   R2: icon_eu_data_dauwpunt.bin (2.6 MB)
   R2: icon_eu_data_druk.bin (2.6 MB)
   R2: icon_eu_data_neerslag.bin (2.6 MB)
   R2: icon_eu_data_rv.bin (2.6 MB)
   R2: icon_eu_data_straling.bin (2.6 MB)
   R2: icon_eu_data_straling_direct.bin (2.6 MB)
   R2: icon_eu_data_temp.bin (2.6 MB)
   R2: icon_eu_data_wind.bin (5.2 MB)
   R2: icon_eu_data_windstoten.bin (5.2 MB)
R2 upload klaar.
Klaar.
Mon Aug  3 02:30:27 CEST 2026: === ICON-EU klaar ===
Mon Aug  3 08:30:05 CEST 2026: === ICON-EU update ===
ICON-EU: 61x94 = 5734 punten, 72 batches
Model: icon_eu, forecast_days=5, prefix=icon_eu
  batch 1/72 klaar
  batch 2/72 klaar
  batch 3/72 klaar
  batch 4/72 klaar
  batch 5/72 klaar
  batch 6/72 klaar
  batch 7/72 klaar
  batch 8/72 klaar
  batch 9/72 klaar
  batch 10/72 klaar
  batch 11/72 klaar
  batch 12/72 klaar
  batch 13/72 klaar
  batch 14/72 klaar
  batch 15/72 klaar
  batch 16/72 klaar
  batch 17/72 klaar
  batch 18/72 klaar
  batch 19/72 klaar
  batch 20/72 klaar
  batch 21/72 klaar
  batch 22/72 klaar
  batch 23/72 klaar
  batch 24/72 klaar
  batch 25/72 klaar
  batch 26/72 klaar
  batch 27/72 klaar
  batch 28/72 klaar
  batch 29/72 klaar
  batch 30/72 klaar
  batch 31/72 klaar
  batch 32/72 klaar
  batch 33/72 klaar
  batch 34/72 klaar
  batch 35/72 klaar
  batch 36/72 klaar
  batch 37/72 klaar
  batch 38/72 klaar
  batch 39/72 klaar
  batch 40/72 klaar
  batch 41/72 klaar
  batch 42/72 klaar
  batch 43/72 klaar
  batch 44/72 klaar
  batch 45/72 klaar
  batch 46/72 klaar
  batch 47/72 klaar
  batch 48/72 klaar
  batch 49/72 klaar
  batch 50/72 klaar
  batch 51/72 klaar
  batch 52/72 klaar
  batch 53/72 klaar
  batch 54/72 klaar
  batch 55/72 klaar
  batch 56/72 klaar
  batch 57/72 klaar
  batch 58/72 klaar
  batch 59/72 klaar
  batch 60/72 klaar
  batch 61/72 klaar
  batch 62/72 klaar
  batch 63/72 klaar
  batch 64/72 klaar
  batch 65/72 klaar
  batch 66/72 klaar
  batch 67/72 klaar
  batch 68/72 klaar
  batch 69/72 klaar
  batch 70/72 klaar
  batch 71/72 klaar
  batch 72/72 klaar
  Tijdstappen na trim: 120 (2026-08-03T00:00 t/m 2026-08-07T23:00)
  icon_eu_data_neerslag.bin: 2.6 MB
  icon_eu_data_cumul.bin: 2.6 MB
  icon_eu_data_temp.bin: 2.6 MB
  icon_eu_data_dauwpunt.bin: 2.6 MB
  icon_eu_data_rv.bin: 2.6 MB
  icon_eu_data_bewolking.bin: 7.9 MB
  icon_eu_data_wind.bin: 5.2 MB
  icon_eu_data_windstoten.bin: 5.2 MB
  icon_eu_data_druk.bin: 2.6 MB
  icon_eu_data_cape.bin: 2.6 MB
  icon_eu_data_straling.bin: 2.6 MB
  icon_eu_data_straling_direct.bin: 2.6 MB
  icon_eu_canvas_meta.json: 120 stappen, 2026-08-03T00:00 t/m 2026-08-07T23:00
   R2: icon_eu_canvas_meta.json (0.0 MB)
   R2: icon_eu_data_bewolking.bin (7.9 MB)
   R2: icon_eu_data_cape.bin (2.6 MB)
   R2: icon_eu_data_cumul.bin (2.6 MB)
   R2: icon_eu_data_dauwpunt.bin (2.6 MB)
   R2: icon_eu_data_druk.bin (2.6 MB)
   R2: icon_eu_data_neerslag.bin (2.6 MB)
   R2: icon_eu_data_rv.bin (2.6 MB)
   R2: icon_eu_data_straling.bin (2.6 MB)
   R2: icon_eu_data_straling_direct.bin (2.6 MB)
   R2: icon_eu_data_temp.bin (2.6 MB)
   R2: icon_eu_data_wind.bin (5.2 MB)
   R2: icon_eu_data_windstoten.bin (5.2 MB)
R2 upload klaar.
Klaar.
Mon Aug  3 08:30:24 CEST 2026: === ICON-EU klaar ===
Mon Aug  3 14:30:05 CEST 2026: === ICON-EU update ===
ICON-EU: 61x94 = 5734 punten, 72 batches
Model: icon_eu, forecast_days=5, prefix=icon_eu
  batch 1/72 klaar
  batch 2/72 klaar
  batch 3/72 klaar
  batch 4/72 klaar
  batch 5/72 klaar
  batch 6/72 klaar
  batch 7/72 klaar
  batch 8/72 klaar
  batch 9/72 klaar
  batch 10/72 klaar
  batch 11/72 klaar
  batch 12/72 klaar
  batch 13/72 klaar
  batch 14/72 klaar
  batch 15/72 klaar
  batch 16/72 klaar
  batch 17/72 klaar
  batch 18/72 klaar
  batch 19/72 klaar
  batch 20/72 klaar
  batch 21/72 klaar
  batch 22/72 klaar
  batch 23/72 klaar
  batch 24/72 klaar
  batch 25/72 klaar
  batch 26/72 klaar
  batch 27/72 klaar
  batch 28/72 klaar
  batch 29/72 klaar
  batch 30/72 klaar
  batch 31/72 klaar
  batch 32/72 klaar
  batch 33/72 klaar
  batch 34/72 klaar
  batch 35/72 klaar
  batch 36/72 klaar
  batch 37/72 klaar
  batch 38/72 klaar
  batch 39/72 klaar
  batch 40/72 klaar
  batch 41/72 klaar
  batch 42/72 klaar
  batch 43/72 klaar
  batch 44/72 klaar
  batch 45/72 klaar
  batch 46/72 klaar
  batch 47/72 klaar
  batch 48/72 klaar
  batch 49/72 klaar
  batch 50/72 klaar
  batch 51/72 klaar
  batch 52/72 klaar
  batch 53/72 klaar
  batch 54/72 klaar
  batch 55/72 klaar
  batch 56/72 klaar
  batch 57/72 klaar
  batch 58/72 klaar
  batch 59/72 klaar
  batch 60/72 klaar
  batch 61/72 klaar
  batch 62/72 klaar
  batch 63/72 klaar
  batch 64/72 klaar
  batch 65/72 klaar
  batch 66/72 klaar
  batch 67/72 klaar
  batch 68/72 klaar
  batch 69/72 klaar
  batch 70/72 klaar
  batch 71/72 klaar
  batch 72/72 klaar
  Tijdstappen na trim: 120 (2026-08-03T00:00 t/m 2026-08-07T23:00)
  icon_eu_data_neerslag.bin: 2.6 MB
  icon_eu_data_cumul.bin: 2.6 MB
  icon_eu_data_temp.bin: 2.6 MB
  icon_eu_data_dauwpunt.bin: 2.6 MB
  icon_eu_data_rv.bin: 2.6 MB
  icon_eu_data_bewolking.bin: 7.9 MB
  icon_eu_data_wind.bin: 5.2 MB
  icon_eu_data_windstoten.bin: 5.2 MB
  icon_eu_data_druk.bin: 2.6 MB
  icon_eu_data_cape.bin: 2.6 MB
  icon_eu_data_straling.bin: 2.6 MB
  icon_eu_data_straling_direct.bin: 2.6 MB
  icon_eu_canvas_meta.json: 120 stappen, 2026-08-03T00:00 t/m 2026-08-07T23:00
   R2: icon_eu_canvas_meta.json (0.0 MB)
   R2: icon_eu_data_bewolking.bin (7.9 MB)
   R2: icon_eu_data_cape.bin (2.6 MB)
   R2: icon_eu_data_cumul.bin (2.6 MB)
   R2: icon_eu_data_dauwpunt.bin (2.6 MB)
   R2: icon_eu_data_druk.bin (2.6 MB)
   R2: icon_eu_data_neerslag.bin (2.6 MB)
   R2: icon_eu_data_rv.bin (2.6 MB)
   R2: icon_eu_data_straling.bin (2.6 MB)
   R2: icon_eu_data_straling_direct.bin (2.6 MB)
   R2: icon_eu_data_temp.bin (2.6 MB)
   R2: icon_eu_data_wind.bin (5.2 MB)
   R2: icon_eu_data_windstoten.bin (5.2 MB)
R2 upload klaar.
Klaar.
Mon Aug  3 14:30:25 CEST 2026: === ICON-EU klaar ===
Mon Aug  3 20:30:05 CEST 2026: === ICON-EU update ===
ICON-EU: 61x94 = 5734 punten, 72 batches
Model: icon_eu, forecast_days=5, prefix=icon_eu
  batch 1/72 klaar
  batch 2/72 klaar
  batch 3/72 klaar
  batch 4/72 klaar
  batch 5/72 klaar
  batch 6/72 klaar
  batch 7/72 klaar
  batch 8/72 klaar
  batch 9/72 klaar
  batch 10/72 klaar
  batch 11/72 klaar
  batch 12/72 klaar
  batch 13/72 klaar
  batch 14/72 klaar
  batch 15/72 klaar
  batch 16/72 klaar
  batch 17/72 klaar
  batch 18/72 klaar
  batch 19/72 klaar
  batch 20/72 klaar
  batch 21/72 klaar
  batch 22/72 klaar
  batch 23/72 klaar
  batch 24/72 klaar
  batch 25/72 klaar
  batch 26/72 klaar
  batch 27/72 klaar
  batch 28/72 klaar
  batch 29/72 klaar
  batch 30/72 klaar
  batch 31/72 klaar
  batch 32/72 klaar
  batch 33/72 klaar
  batch 34/72 klaar
  batch 35/72 klaar
  batch 36/72 klaar
  batch 37/72 klaar
  batch 38/72 klaar
  batch 39/72 klaar
  batch 40/72 klaar
  batch 41/72 klaar
  batch 42/72 klaar
  batch 43/72 klaar
  batch 44/72 klaar
  batch 45/72 klaar
  batch 46/72 klaar
  batch 47/72 klaar
  batch 48/72 klaar
  batch 49/72 klaar
  batch 50/72 klaar
  batch 51/72 klaar
  batch 52/72 klaar
  batch 53/72 klaar
  batch 54/72 klaar
  batch 55/72 klaar
  batch 56/72 klaar
  batch 57/72 klaar
  batch 58/72 klaar
  batch 59/72 klaar
  batch 60/72 klaar
  batch 61/72 klaar
  batch 62/72 klaar
  batch 63/72 klaar
  batch 64/72 klaar
  batch 65/72 klaar
  batch 66/72 klaar
  batch 67/72 klaar
  batch 68/72 klaar
  batch 69/72 klaar
  batch 70/72 klaar
  batch 71/72 klaar
  batch 72/72 klaar
  Tijdstappen na trim: 120 (2026-08-03T00:00 t/m 2026-08-07T23:00)
  icon_eu_data_neerslag.bin: 2.6 MB
  icon_eu_data_cumul.bin: 2.6 MB
  icon_eu_data_temp.bin: 2.6 MB
  icon_eu_data_dauwpunt.bin: 2.6 MB
  icon_eu_data_rv.bin: 2.6 MB
  icon_eu_data_bewolking.bin: 7.9 MB
  icon_eu_data_wind.bin: 5.2 MB
  icon_eu_data_windstoten.bin: 5.2 MB
  icon_eu_data_druk.bin: 2.6 MB
  icon_eu_data_cape.bin: 2.6 MB
  icon_eu_data_straling.bin: 2.6 MB
  icon_eu_data_straling_direct.bin: 2.6 MB
  icon_eu_canvas_meta.json: 120 stappen, 2026-08-03T00:00 t/m 2026-08-07T23:00
   R2: icon_eu_canvas_meta.json (0.0 MB)
   R2: icon_eu_data_bewolking.bin (7.9 MB)
   R2: icon_eu_data_cape.bin (2.6 MB)
   R2: icon_eu_data_cumul.bin (2.6 MB)
   R2: icon_eu_data_dauwpunt.bin (2.6 MB)
   R2: icon_eu_data_druk.bin (2.6 MB)
   R2: icon_eu_data_neerslag.bin (2.6 MB)
   R2: icon_eu_data_rv.bin (2.6 MB)
   R2: icon_eu_data_straling.bin (2.6 MB)
   R2: icon_eu_data_straling_direct.bin (2.6 MB)
   R2: icon_eu_data_temp.bin (2.6 MB)
   R2: icon_eu_data_wind.bin (5.2 MB)
   R2: icon_eu_data_windstoten.bin (5.2 MB)
R2 upload klaar.
Klaar.
Mon Aug  3 20:30:24 CEST 2026: === ICON-EU klaar ===
Tue Aug  4 02:30:03 CEST 2026: === ICON-EU update ===
ICON-EU: 61x94 = 5734 punten, 72 batches
Model: icon_eu, forecast_days=5, prefix=icon_eu
  batch 1/72 klaar
  batch 2/72 klaar
  batch 3/72 klaar
  batch 4/72 klaar
  batch 5/72 klaar
  batch 6/72 klaar
  batch 7/72 klaar
  batch 8/72 klaar
  batch 9/72 klaar
  batch 10/72 klaar
  batch 11/72 klaar
  batch 12/72 klaar
  batch 13/72 klaar
  batch 14/72 klaar
  batch 15/72 klaar
  batch 16/72 klaar
  batch 17/72 klaar
  batch 18/72 klaar
  batch 19/72 klaar
  batch 20/72 klaar
  batch 21/72 klaar
  batch 22/72 klaar
  batch 23/72 klaar
  batch 24/72 klaar
  batch 25/72 klaar
  batch 26/72 klaar
  batch 27/72 klaar
  batch 28/72 klaar
  batch 29/72 klaar
  batch 30/72 klaar
  batch 31/72 klaar
  batch 32/72 klaar
  batch 33/72 klaar
  batch 34/72 klaar
  batch 35/72 klaar
  batch 36/72 klaar
  batch 37/72 klaar
  batch 38/72 klaar
  batch 39/72 klaar
  batch 40/72 klaar
  batch 41/72 klaar
  batch 42/72 klaar
  batch 43/72 klaar
  batch 44/72 klaar
  batch 45/72 klaar
  batch 46/72 klaar
  batch 47/72 klaar
  batch 48/72 klaar
  batch 49/72 klaar
  batch 50/72 klaar
  batch 51/72 klaar
  batch 52/72 klaar
  batch 53/72 klaar
  batch 54/72 klaar
  batch 55/72 klaar
  batch 56/72 klaar
  batch 57/72 klaar
  batch 58/72 klaar
  batch 59/72 klaar
  batch 60/72 klaar
  batch 61/72 klaar
  batch 62/72 klaar
  batch 63/72 klaar
  batch 64/72 klaar
  batch 65/72 klaar
  batch 66/72 klaar
  batch 67/72 klaar
  batch 68/72 klaar
  batch 69/72 klaar
  batch 70/72 klaar
  batch 71/72 klaar
  batch 72/72 klaar
  Tijdstappen na trim: 120 (2026-08-04T00:00 t/m 2026-08-08T23:00)
  icon_eu_data_neerslag.bin: 2.6 MB
  icon_eu_data_cumul.bin: 2.6 MB
  icon_eu_data_temp.bin: 2.6 MB
  icon_eu_data_dauwpunt.bin: 2.6 MB
  icon_eu_data_rv.bin: 2.6 MB
  icon_eu_data_bewolking.bin: 7.9 MB
  icon_eu_data_wind.bin: 5.2 MB
  icon_eu_data_windstoten.bin: 5.2 MB
  icon_eu_data_druk.bin: 2.6 MB
  icon_eu_data_cape.bin: 2.6 MB
  icon_eu_data_straling.bin: 2.6 MB
  icon_eu_data_straling_direct.bin: 2.6 MB
  icon_eu_canvas_meta.json: 120 stappen, 2026-08-04T00:00 t/m 2026-08-08T23:00
   R2: icon_eu_canvas_meta.json (0.0 MB)
   R2: icon_eu_data_bewolking.bin (7.9 MB)
   R2: icon_eu_data_cape.bin (2.6 MB)
   R2: icon_eu_data_cumul.bin (2.6 MB)
   R2: icon_eu_data_dauwpunt.bin (2.6 MB)
   R2: icon_eu_data_druk.bin (2.6 MB)
   R2: icon_eu_data_neerslag.bin (2.6 MB)
   R2: icon_eu_data_rv.bin (2.6 MB)
   R2: icon_eu_data_straling.bin (2.6 MB)
   R2: icon_eu_data_straling_direct.bin (2.6 MB)
   R2: icon_eu_data_temp.bin (2.6 MB)
   R2: icon_eu_data_wind.bin (5.2 MB)
   R2: icon_eu_data_windstoten.bin (5.2 MB)
R2 upload klaar.
Klaar.
Tue Aug  4 02:30:21 CEST 2026: === ICON-EU klaar ===
Tue Aug  4 08:30:05 CEST 2026: === ICON-EU update ===
ICON-EU: 61x94 = 5734 punten, 72 batches
Model: icon_eu, forecast_days=5, prefix=icon_eu
  batch 1/72 klaar
  batch 2/72 klaar
  batch 3/72 klaar
  batch 4/72 klaar
  batch 5/72 klaar
  batch 6/72 klaar
  batch 7/72 klaar
  batch 8/72 klaar
  batch 9/72 klaar
  batch 10/72 klaar
  batch 11/72 klaar
  batch 12/72 klaar
  batch 13/72 klaar
  batch 14/72 klaar
  batch 15/72 klaar
  batch 16/72 klaar
  batch 17/72 klaar
  batch 18/72 klaar
  batch 19/72 klaar
  batch 20/72 klaar
  batch 21/72 klaar
  batch 22/72 klaar
  batch 23/72 klaar
  batch 24/72 klaar
  batch 25/72 klaar
  batch 26/72 klaar
  batch 27/72 klaar
  batch 28/72 klaar
  batch 29/72 klaar
  batch 30/72 klaar
  batch 31/72 klaar
  batch 32/72 klaar
  batch 33/72 klaar
  batch 34/72 klaar
  batch 35/72 klaar
  batch 36/72 klaar
  batch 37/72 klaar
  batch 38/72 klaar
  batch 39/72 klaar
  batch 40/72 klaar
  batch 41/72 klaar
  batch 42/72 klaar
  batch 43/72 klaar
  batch 44/72 klaar
  batch 45/72 klaar
  batch 46/72 klaar
  batch 47/72 klaar
  batch 48/72 klaar
  batch 49/72 klaar
  batch 50/72 klaar
  batch 51/72 klaar
  batch 52/72 klaar
  batch 53/72 klaar
  batch 54/72 klaar
  batch 55/72 klaar
  batch 56/72 klaar
  batch 57/72 klaar
  batch 58/72 klaar
  batch 59/72 klaar
  batch 60/72 klaar
  batch 61/72 klaar
  batch 62/72 klaar
  batch 63/72 klaar
  batch 64/72 klaar
  batch 65/72 klaar
  batch 66/72 klaar
  batch 67/72 klaar
  batch 68/72 klaar
  batch 69/72 klaar
  batch 70/72 klaar
  batch 71/72 klaar
  batch 72/72 klaar
  Tijdstappen na trim: 120 (2026-08-04T00:00 t/m 2026-08-08T23:00)
  icon_eu_data_neerslag.bin: 2.6 MB
  icon_eu_data_cumul.bin: 2.6 MB
  icon_eu_data_temp.bin: 2.6 MB
  icon_eu_data_dauwpunt.bin: 2.6 MB
  icon_eu_data_rv.bin: 2.6 MB
  icon_eu_data_bewolking.bin: 7.9 MB
  icon_eu_data_wind.bin: 5.2 MB
  icon_eu_data_windstoten.bin: 5.2 MB
  icon_eu_data_druk.bin: 2.6 MB
  icon_eu_data_cape.bin: 2.6 MB
  icon_eu_data_straling.bin: 2.6 MB
  icon_eu_data_straling_direct.bin: 2.6 MB
  icon_eu_canvas_meta.json: 120 stappen, 2026-08-04T00:00 t/m 2026-08-08T23:00
   R2: icon_eu_canvas_meta.json (0.0 MB)
   R2: icon_eu_data_bewolking.bin (7.9 MB)
   R2: icon_eu_data_cape.bin (2.6 MB)
   R2: icon_eu_data_cumul.bin (2.6 MB)
   R2: icon_eu_data_dauwpunt.bin (2.6 MB)
   R2: icon_eu_data_druk.bin (2.6 MB)
   R2: icon_eu_data_neerslag.bin (2.6 MB)
   R2: icon_eu_data_rv.bin (2.6 MB)
   R2: icon_eu_data_straling.bin (2.6 MB)
   R2: icon_eu_data_straling_direct.bin (2.6 MB)
   R2: icon_eu_data_temp.bin (2.6 MB)
   R2: icon_eu_data_wind.bin (5.2 MB)
   R2: icon_eu_data_windstoten.bin (5.2 MB)
R2 upload klaar.
Klaar.
Tue Aug  4 08:30:25 CEST 2026: === ICON-EU klaar ===
Tue Aug  4 14:30:04 CEST 2026: === ICON-EU update ===
ICON-EU: 61x94 = 5734 punten, 72 batches
Model: icon_eu, forecast_days=5, prefix=icon_eu
  batch 1/72 klaar
  batch 2/72 klaar
  batch 3/72 klaar
  batch 4/72 klaar
  batch 5/72 klaar
  batch 6/72 klaar
  batch 7/72 klaar
  batch 8/72 klaar
  batch 9/72 klaar
  batch 10/72 klaar
  batch 11/72 klaar
  batch 12/72 klaar
  batch 13/72 klaar
  batch 14/72 klaar
  batch 15/72 klaar
  batch 16/72 klaar
  batch 17/72 klaar
  batch 18/72 klaar
  batch 19/72 klaar
  batch 20/72 klaar
  batch 21/72 klaar
  batch 22/72 klaar
  batch 23/72 klaar
  batch 24/72 klaar
  batch 25/72 klaar
  batch 26/72 klaar
  batch 27/72 klaar
  batch 28/72 klaar
  batch 29/72 klaar
  batch 30/72 klaar
  batch 31/72 klaar
  batch 32/72 klaar
  batch 33/72 klaar
  batch 34/72 klaar
  batch 35/72 klaar
  batch 36/72 klaar
  batch 37/72 klaar
  batch 38/72 klaar
  batch 39/72 klaar
  batch 40/72 klaar
  batch 41/72 klaar
  batch 42/72 klaar
  batch 43/72 klaar
  batch 44/72 klaar
  batch 45/72 klaar
  batch 46/72 klaar
  batch 47/72 klaar
  batch 48/72 klaar
  batch 49/72 klaar
  batch 50/72 klaar
  batch 51/72 klaar
  batch 52/72 klaar
  batch 53/72 klaar
  batch 54/72 klaar
  batch 55/72 klaar
  batch 56/72 klaar
  batch 57/72 klaar
  batch 58/72 klaar
  batch 59/72 klaar
  batch 60/72 klaar
  batch 61/72 klaar
  batch 62/72 klaar
  batch 63/72 klaar
  batch 64/72 klaar
  batch 65/72 klaar
  batch 66/72 klaar
  batch 67/72 klaar
  batch 68/72 klaar
  batch 69/72 klaar
  batch 70/72 klaar
  batch 71/72 klaar
  batch 72/72 klaar
  Tijdstappen na trim: 120 (2026-08-04T00:00 t/m 2026-08-08T23:00)
  icon_eu_data_neerslag.bin: 2.6 MB
  icon_eu_data_cumul.bin: 2.6 MB
  icon_eu_data_temp.bin: 2.6 MB
  icon_eu_data_dauwpunt.bin: 2.6 MB
  icon_eu_data_rv.bin: 2.6 MB
  icon_eu_data_bewolking.bin: 7.9 MB
  icon_eu_data_wind.bin: 5.2 MB
  icon_eu_data_windstoten.bin: 5.2 MB
  icon_eu_data_druk.bin: 2.6 MB
  icon_eu_data_cape.bin: 2.6 MB
  icon_eu_data_straling.bin: 2.6 MB
  icon_eu_data_straling_direct.bin: 2.6 MB
  icon_eu_canvas_meta.json: 120 stappen, 2026-08-04T00:00 t/m 2026-08-08T23:00
   R2: icon_eu_canvas_meta.json (0.0 MB)
   R2: icon_eu_data_bewolking.bin (7.9 MB)
   R2: icon_eu_data_cape.bin (2.6 MB)
   R2: icon_eu_data_cumul.bin (2.6 MB)
   R2: icon_eu_data_dauwpunt.bin (2.6 MB)
   R2: icon_eu_data_druk.bin (2.6 MB)
   R2: icon_eu_data_neerslag.bin (2.6 MB)
   R2: icon_eu_data_rv.bin (2.6 MB)
   R2: icon_eu_data_straling.bin (2.6 MB)
   R2: icon_eu_data_straling_direct.bin (2.6 MB)
   R2: icon_eu_data_temp.bin (2.6 MB)
   R2: icon_eu_data_wind.bin (5.2 MB)
   R2: icon_eu_data_windstoten.bin (5.2 MB)
R2 upload klaar.
Klaar.
Tue Aug  4 14:30:27 CEST 2026: === ICON-EU klaar ===
Tue Aug  4 20:30:05 CEST 2026: === ICON-EU update ===
ICON-EU: 61x94 = 5734 punten, 72 batches
Model: icon_eu, forecast_days=5, prefix=icon_eu
  batch 1/72 klaar
  batch 2/72 klaar
  batch 3/72 klaar
  batch 4/72 klaar
  batch 5/72 klaar
  batch 6/72 klaar
  batch 7/72 klaar
  batch 8/72 klaar
  batch 9/72 klaar
  batch 10/72 klaar
  batch 11/72 klaar
  batch 12/72 klaar
  batch 13/72 klaar
  batch 14/72 klaar
  batch 15/72 klaar
  batch 16/72 klaar
  batch 17/72 klaar
  batch 18/72 klaar
  batch 19/72 klaar
  batch 20/72 klaar
  batch 21/72 klaar
  batch 22/72 klaar
  batch 23/72 klaar
  batch 24/72 klaar
  batch 25/72 klaar
  batch 26/72 klaar
  batch 27/72 klaar
  batch 28/72 klaar
  batch 29/72 klaar
  batch 30/72 klaar
  batch 31/72 klaar
  batch 32/72 klaar
  batch 33/72 klaar
  batch 34/72 klaar
  batch 35/72 klaar
  batch 36/72 klaar
  batch 37/72 klaar
  batch 38/72 klaar
  batch 39/72 klaar
  batch 40/72 klaar
  batch 41/72 klaar
  batch 42/72 klaar
  batch 43/72 klaar
  batch 44/72 klaar
  batch 45/72 klaar
  batch 46/72 klaar
  batch 47/72 klaar
  batch 48/72 klaar
  batch 49/72 klaar
  batch 50/72 klaar
  batch 51/72 klaar
  batch 52/72 klaar
  batch 53/72 klaar
  batch 54/72 klaar
  batch 55/72 klaar
  batch 56/72 klaar
  batch 57/72 klaar
  batch 58/72 klaar
  batch 59/72 klaar
  batch 60/72 klaar
  batch 61/72 klaar
  batch 62/72 klaar
  batch 63/72 klaar
  batch 64/72 klaar
  batch 65/72 klaar
  batch 66/72 klaar
  batch 67/72 klaar
  batch 68/72 klaar
  batch 69/72 klaar
  batch 70/72 klaar
  batch 71/72 klaar
  batch 72/72 klaar
  Tijdstappen na trim: 120 (2026-08-04T00:00 t/m 2026-08-08T23:00)
  icon_eu_data_neerslag.bin: 2.6 MB
  icon_eu_data_cumul.bin: 2.6 MB
  icon_eu_data_temp.bin: 2.6 MB
  icon_eu_data_dauwpunt.bin: 2.6 MB
  icon_eu_data_rv.bin: 2.6 MB
  icon_eu_data_bewolking.bin: 7.9 MB
  icon_eu_data_wind.bin: 5.2 MB
  icon_eu_data_windstoten.bin: 5.2 MB
  icon_eu_data_druk.bin: 2.6 MB
  icon_eu_data_cape.bin: 2.6 MB
  icon_eu_data_straling.bin: 2.6 MB
  icon_eu_data_straling_direct.bin: 2.6 MB
  icon_eu_canvas_meta.json: 120 stappen, 2026-08-04T00:00 t/m 2026-08-08T23:00
   R2: icon_eu_canvas_meta.json (0.0 MB)
   R2: icon_eu_data_bewolking.bin (7.9 MB)
   R2: icon_eu_data_cape.bin (2.6 MB)
   R2: icon_eu_data_cumul.bin (2.6 MB)
   R2: icon_eu_data_dauwpunt.bin (2.6 MB)
   R2: icon_eu_data_druk.bin (2.6 MB)
   R2: icon_eu_data_neerslag.bin (2.6 MB)
   R2: icon_eu_data_rv.bin (2.6 MB)
   R2: icon_eu_data_straling.bin (2.6 MB)
   R2: icon_eu_data_straling_direct.bin (2.6 MB)
   R2: icon_eu_data_temp.bin (2.6 MB)
   R2: icon_eu_data_wind.bin (5.2 MB)
   R2: icon_eu_data_windstoten.bin (5.2 MB)
R2 upload klaar.
Klaar.
Tue Aug  4 20:30:25 CEST 2026: === ICON-EU klaar ===
Wed Aug  5 02:30:05 CEST 2026: === ICON-EU update ===
ICON-EU: 61x94 = 5734 punten, 72 batches
Model: icon_eu, forecast_days=5, prefix=icon_eu
  batch 1/72 klaar
  batch 2/72 klaar
  batch 3/72 klaar
  batch 4/72 klaar
  batch 5/72 klaar
  batch 6/72 klaar
  batch 7/72 klaar
  batch 8/72 klaar
  batch 9/72 klaar
  batch 10/72 klaar
  batch 11/72 klaar
  batch 12/72 klaar
  batch 13/72 klaar
  batch 14/72 klaar
  batch 15/72 klaar
  batch 16/72 klaar
  batch 17/72 klaar
  batch 18/72 klaar
  batch 19/72 klaar
  batch 20/72 klaar
  batch 21/72 klaar
  batch 22/72 klaar
  batch 23/72 klaar
  batch 24/72 klaar
  batch 25/72 klaar
  batch 26/72 klaar
  batch 27/72 klaar
  batch 28/72 klaar
  batch 29/72 klaar
  batch 30/72 klaar
  batch 31/72 klaar
  batch 32/72 klaar
  batch 33/72 klaar
  batch 34/72 klaar
  batch 35/72 klaar
  batch 36/72 klaar
  batch 37/72 klaar
  batch 38/72 klaar
  batch 39/72 klaar
  batch 40/72 klaar
  batch 41/72 klaar
  batch 42/72 klaar
  batch 43/72 klaar
  batch 44/72 klaar
  batch 45/72 klaar
  batch 46/72 klaar
  batch 47/72 klaar
  batch 48/72 klaar
  batch 49/72 klaar
  batch 50/72 klaar
  batch 51/72 klaar
  batch 52/72 klaar
  batch 53/72 klaar
  batch 54/72 klaar
  batch 55/72 klaar
  batch 56/72 klaar
  batch 57/72 klaar
  batch 58/72 klaar
  batch 59/72 klaar
  batch 60/72 klaar
  batch 61/72 klaar
  batch 62/72 klaar
  batch 63/72 klaar
  batch 64/72 klaar
  batch 65/72 klaar
  batch 66/72 klaar
  batch 67/72 klaar
  batch 68/72 klaar
  batch 69/72 klaar
  batch 70/72 klaar
  batch 71/72 klaar
  batch 72/72 klaar
  Tijdstappen na trim: 120 (2026-08-05T00:00 t/m 2026-08-09T23:00)
  icon_eu_data_neerslag.bin: 2.6 MB
  icon_eu_data_cumul.bin: 2.6 MB
  icon_eu_data_temp.bin: 2.6 MB
  icon_eu_data_dauwpunt.bin: 2.6 MB
  icon_eu_data_rv.bin: 2.6 MB
  icon_eu_data_bewolking.bin: 7.9 MB
  icon_eu_data_wind.bin: 5.2 MB
  icon_eu_data_windstoten.bin: 5.2 MB
  icon_eu_data_druk.bin: 2.6 MB
  icon_eu_data_cape.bin: 2.6 MB
  icon_eu_data_straling.bin: 2.6 MB
  icon_eu_data_straling_direct.bin: 2.6 MB
  icon_eu_canvas_meta.json: 120 stappen, 2026-08-05T00:00 t/m 2026-08-09T23:00
   R2: icon_eu_canvas_meta.json (0.0 MB)
   R2: icon_eu_data_bewolking.bin (7.9 MB)
   R2: icon_eu_data_cape.bin (2.6 MB)
   R2: icon_eu_data_cumul.bin (2.6 MB)
   R2: icon_eu_data_dauwpunt.bin (2.6 MB)
   R2: icon_eu_data_druk.bin (2.6 MB)
   R2: icon_eu_data_neerslag.bin (2.6 MB)
   R2: icon_eu_data_rv.bin (2.6 MB)
   R2: icon_eu_data_straling.bin (2.6 MB)
   R2: icon_eu_data_straling_direct.bin (2.6 MB)
   R2: icon_eu_data_temp.bin (2.6 MB)
   R2: icon_eu_data_wind.bin (5.2 MB)
   R2: icon_eu_data_windstoten.bin (5.2 MB)
R2 upload klaar.
Klaar.
Wed Aug  5 02:30:23 CEST 2026: === ICON-EU klaar ===
Wed Aug  5 08:30:04 CEST 2026: === ICON-EU update ===
ICON-EU: 61x94 = 5734 punten, 72 batches
Model: icon_eu, forecast_days=5, prefix=icon_eu
  batch 1/72 klaar
  batch 2/72 klaar
  batch 3/72 klaar
  batch 4/72 klaar
  batch 5/72 klaar
  batch 6/72 klaar
  batch 7/72 klaar
  batch 8/72 klaar
  batch 9/72 klaar
  batch 10/72 klaar
  batch 11/72 klaar
  batch 12/72 klaar
  batch 13/72 klaar
  batch 14/72 klaar
  batch 15/72 klaar
  batch 16/72 klaar
  batch 17/72 klaar
  batch 18/72 klaar
  batch 19/72 klaar
  batch 20/72 klaar
  batch 21/72 klaar
  batch 22/72 klaar
  batch 23/72 klaar
  batch 24/72 klaar
  batch 25/72 klaar
  batch 26/72 klaar
  batch 27/72 klaar
  batch 28/72 klaar
  batch 29/72 klaar
  batch 30/72 klaar
  batch 31/72 klaar
  batch 32/72 klaar
  batch 33/72 klaar
  batch 34/72 klaar
  batch 35/72 klaar
  batch 36/72 klaar
  batch 37/72 klaar
  batch 38/72 klaar
  batch 39/72 klaar
  batch 40/72 klaar
  batch 41/72 klaar
  batch 42/72 klaar
  batch 43/72 klaar
  batch 44/72 klaar
  batch 45/72 klaar
  batch 46/72 klaar
  batch 47/72 klaar
  batch 48/72 klaar
  batch 49/72 klaar
  batch 50/72 klaar
  batch 51/72 klaar
  batch 52/72 klaar
  batch 53/72 klaar
  batch 54/72 klaar
  batch 55/72 klaar
  batch 56/72 klaar
  batch 57/72 klaar
  batch 58/72 klaar
  batch 59/72 klaar
  batch 60/72 klaar
  batch 61/72 klaar
  batch 62/72 klaar
  batch 63/72 klaar
  batch 64/72 klaar
  batch 65/72 klaar
  batch 66/72 klaar
  batch 67/72 klaar
  batch 68/72 klaar
  batch 69/72 klaar
  batch 70/72 klaar
  batch 71/72 klaar
  batch 72/72 klaar
  Tijdstappen na trim: 120 (2026-08-05T00:00 t/m 2026-08-09T23:00)
  icon_eu_data_neerslag.bin: 2.6 MB
  icon_eu_data_cumul.bin: 2.6 MB
  icon_eu_data_temp.bin: 2.6 MB
  icon_eu_data_dauwpunt.bin: 2.6 MB
  icon_eu_data_rv.bin: 2.6 MB
  icon_eu_data_bewolking.bin: 7.9 MB
  icon_eu_data_wind.bin: 5.2 MB
  icon_eu_data_windstoten.bin: 5.2 MB
  icon_eu_data_druk.bin: 2.6 MB
  icon_eu_data_cape.bin: 2.6 MB
  icon_eu_data_straling.bin: 2.6 MB
  icon_eu_data_straling_direct.bin: 2.6 MB
  icon_eu_canvas_meta.json: 120 stappen, 2026-08-05T00:00 t/m 2026-08-09T23:00
   R2: icon_eu_canvas_meta.json (0.0 MB)
   R2: icon_eu_data_bewolking.bin (7.9 MB)
   R2: icon_eu_data_cape.bin (2.6 MB)
   R2: icon_eu_data_cumul.bin (2.6 MB)
   R2: icon_eu_data_dauwpunt.bin (2.6 MB)
   R2: icon_eu_data_druk.bin (2.6 MB)
   R2: icon_eu_data_neerslag.bin (2.6 MB)
   R2: icon_eu_data_rv.bin (2.6 MB)
   R2: icon_eu_data_straling.bin (2.6 MB)
   R2: icon_eu_data_straling_direct.bin (2.6 MB)
   R2: icon_eu_data_temp.bin (2.6 MB)
   R2: icon_eu_data_wind.bin (5.2 MB)
   R2: icon_eu_data_windstoten.bin (5.2 MB)
R2 upload klaar.
Klaar.
Wed Aug  5 08:30:23 CEST 2026: === ICON-EU klaar ===
Wed Aug  5 14:30:05 CEST 2026: === ICON-EU update ===
ICON-EU: 61x94 = 5734 punten, 72 batches
Model: icon_eu, forecast_days=5, prefix=icon_eu
  batch 1/72 klaar
  batch 2/72 klaar
  batch 3/72 klaar
  batch 4/72 klaar
  batch 5/72 klaar
  batch 6/72 klaar
  batch 7/72 klaar
  batch 8/72 klaar
  batch 9/72 klaar
  batch 10/72 klaar
  batch 11/72 klaar
  batch 12/72 klaar
  batch 13/72 klaar
  batch 14/72 klaar
  batch 15/72 klaar
  batch 16/72 klaar
  batch 17/72 klaar
  batch 18/72 klaar
  batch 19/72 klaar
  batch 20/72 klaar
  batch 21/72 klaar
  batch 22/72 klaar
  batch 23/72 klaar
  batch 24/72 klaar
  batch 25/72 klaar
  batch 26/72 klaar
  batch 27/72 klaar
  batch 28/72 klaar
  batch 29/72 klaar
  batch 30/72 klaar
  batch 31/72 klaar
  batch 32/72 klaar
  batch 33/72 klaar
  batch 34/72 klaar
  batch 35/72 klaar
  batch 36/72 klaar
  batch 37/72 klaar
  batch 38/72 klaar
  batch 39/72 klaar
  batch 40/72 klaar
  batch 41/72 klaar
  batch 42/72 klaar
  batch 43/72 klaar
  batch 44/72 klaar
  batch 45/72 klaar
  batch 46/72 klaar
  batch 47/72 klaar
  batch 48/72 klaar
  batch 49/72 klaar
  batch 50/72 klaar
  batch 51/72 klaar
  batch 52/72 klaar
  batch 53/72 klaar
  batch 54/72 klaar
  batch 55/72 klaar
  batch 56/72 klaar
  batch 57/72 klaar
  batch 58/72 klaar
  batch 59/72 klaar
  batch 60/72 klaar
  batch 61/72 klaar
  batch 62/72 klaar
  batch 63/72 klaar
  batch 64/72 klaar
  batch 65/72 klaar
  batch 66/72 klaar
  batch 67/72 klaar
  batch 68/72 klaar
  batch 69/72 klaar
  batch 70/72 klaar
  batch 71/72 klaar
  batch 72/72 klaar
  Tijdstappen na trim: 120 (2026-08-05T00:00 t/m 2026-08-09T23:00)
  icon_eu_data_neerslag.bin: 2.6 MB
  icon_eu_data_cumul.bin: 2.6 MB
  icon_eu_data_temp.bin: 2.6 MB
  icon_eu_data_dauwpunt.bin: 2.6 MB
  icon_eu_data_rv.bin: 2.6 MB
  icon_eu_data_bewolking.bin: 7.9 MB
  icon_eu_data_wind.bin: 5.2 MB
  icon_eu_data_windstoten.bin: 5.2 MB
  icon_eu_data_druk.bin: 2.6 MB
  icon_eu_data_cape.bin: 2.6 MB
  icon_eu_data_straling.bin: 2.6 MB
  icon_eu_data_straling_direct.bin: 2.6 MB
  icon_eu_canvas_meta.json: 120 stappen, 2026-08-05T00:00 t/m 2026-08-09T23:00
   R2: icon_eu_canvas_meta.json (0.0 MB)
   R2: icon_eu_data_bewolking.bin (7.9 MB)
   R2: icon_eu_data_cape.bin (2.6 MB)
   R2: icon_eu_data_cumul.bin (2.6 MB)
   R2: icon_eu_data_dauwpunt.bin (2.6 MB)
   R2: icon_eu_data_druk.bin (2.6 MB)
   R2: icon_eu_data_neerslag.bin (2.6 MB)
   R2: icon_eu_data_rv.bin (2.6 MB)
   R2: icon_eu_data_straling.bin (2.6 MB)
   R2: icon_eu_data_straling_direct.bin (2.6 MB)
   R2: icon_eu_data_temp.bin (2.6 MB)
   R2: icon_eu_data_wind.bin (5.2 MB)
   R2: icon_eu_data_windstoten.bin (5.2 MB)
R2 upload klaar.
Klaar.
Wed Aug  5 14:30:29 CEST 2026: === ICON-EU klaar ===
Wed Aug  5 20:30:04 CEST 2026: === ICON-EU update ===
ICON-EU: 61x94 = 5734 punten, 72 batches
Model: icon_eu, forecast_days=5, prefix=icon_eu
  batch 1/72 klaar
  batch 2/72 klaar
  batch 3/72 klaar
  batch 4/72 klaar
  batch 5/72 klaar
  batch 6/72 klaar
  batch 7/72 klaar
  batch 8/72 klaar
  batch 9/72 klaar
  batch 10/72 klaar
  batch 11/72 klaar
  batch 12/72 klaar
  batch 13/72 klaar
  batch 14/72 klaar
  batch 15/72 klaar
  batch 16/72 klaar
  batch 17/72 klaar
  batch 18/72 klaar
  batch 19/72 klaar
  batch 20/72 klaar
  batch 21/72 klaar
  batch 22/72 klaar
  batch 23/72 klaar
  batch 24/72 klaar
  batch 25/72 klaar
  batch 26/72 klaar
  batch 27/72 klaar
  batch 28/72 klaar
  batch 29/72 klaar
  batch 30/72 klaar
  batch 31/72 klaar
  batch 32/72 klaar
  batch 33/72 klaar
  batch 34/72 klaar
  batch 35/72 klaar
  batch 36/72 klaar
  batch 37/72 klaar
  batch 38/72 klaar
  batch 39/72 klaar
  batch 40/72 klaar
  batch 41/72 klaar
  batch 42/72 klaar
  batch 43/72 klaar
  batch 44/72 klaar
  batch 45/72 klaar
  batch 46/72 klaar
  batch 47/72 klaar
  batch 48/72 klaar
  batch 49/72 klaar
  batch 50/72 klaar
  batch 51/72 klaar
  batch 52/72 klaar
  batch 53/72 klaar
  batch 54/72 klaar
  batch 55/72 klaar
  batch 56/72 klaar
  batch 57/72 klaar
  batch 58/72 klaar
  batch 59/72 klaar
  batch 60/72 klaar
  batch 61/72 klaar
  batch 62/72 klaar
  batch 63/72 klaar
  batch 64/72 klaar
  batch 65/72 klaar
  batch 66/72 klaar
  batch 67/72 klaar
  batch 68/72 klaar
  batch 69/72 klaar
  batch 70/72 klaar
  batch 71/72 klaar
  batch 72/72 klaar
  Tijdstappen na trim: 120 (2026-08-05T00:00 t/m 2026-08-09T23:00)
  icon_eu_data_neerslag.bin: 2.6 MB
  icon_eu_data_cumul.bin: 2.6 MB
  icon_eu_data_temp.bin: 2.6 MB
  icon_eu_data_dauwpunt.bin: 2.6 MB
  icon_eu_data_rv.bin: 2.6 MB
  icon_eu_data_bewolking.bin: 7.9 MB
  icon_eu_data_wind.bin: 5.2 MB
  icon_eu_data_windstoten.bin: 5.2 MB
  icon_eu_data_druk.bin: 2.6 MB
  icon_eu_data_cape.bin: 2.6 MB
  icon_eu_data_straling.bin: 2.6 MB
  icon_eu_data_straling_direct.bin: 2.6 MB
  icon_eu_canvas_meta.json: 120 stappen, 2026-08-05T00:00 t/m 2026-08-09T23:00
   R2: icon_eu_canvas_meta.json (0.0 MB)
   R2: icon_eu_data_bewolking.bin (7.9 MB)
   R2: icon_eu_data_cape.bin (2.6 MB)
   R2: icon_eu_data_cumul.bin (2.6 MB)
   R2: icon_eu_data_dauwpunt.bin (2.6 MB)
   R2: icon_eu_data_druk.bin (2.6 MB)
   R2: icon_eu_data_neerslag.bin (2.6 MB)
   R2: icon_eu_data_rv.bin (2.6 MB)
   R2: icon_eu_data_straling.bin (2.6 MB)
   R2: icon_eu_data_straling_direct.bin (2.6 MB)
   R2: icon_eu_data_temp.bin (2.6 MB)
   R2: icon_eu_data_wind.bin (5.2 MB)
   R2: icon_eu_data_windstoten.bin (5.2 MB)
R2 upload klaar.
Klaar.
Wed Aug  5 20:30:28 CEST 2026: === ICON-EU klaar ===
Thu Aug  6 02:30:02 CEST 2026: === ICON-EU update ===
ICON-EU: 61x94 = 5734 punten, 72 batches
Model: icon_eu, forecast_days=5, prefix=icon_eu
  batch 1/72 klaar
  batch 2/72 klaar
  batch 3/72 klaar
  batch 4/72 klaar
  batch 5/72 klaar
  batch 6/72 klaar
  batch 7/72 klaar
  batch 8/72 klaar
  batch 9/72 klaar
  batch 10/72 klaar
  batch 11/72 klaar
  batch 12/72 klaar
  batch 13/72 klaar
  batch 14/72 klaar
  batch 15/72 klaar
  batch 16/72 klaar
  batch 17/72 klaar
  batch 18/72 klaar
  batch 19/72 klaar
  batch 20/72 klaar
  batch 21/72 klaar
  batch 22/72 klaar
  batch 23/72 klaar
  batch 24/72 klaar
  batch 25/72 klaar
  batch 26/72 klaar
  batch 27/72 klaar
  batch 28/72 klaar
  batch 29/72 klaar
  batch 30/72 klaar
  batch 31/72 klaar
  batch 32/72 klaar
  batch 33/72 klaar
  batch 34/72 klaar
  batch 35/72 klaar
  batch 36/72 klaar
  batch 37/72 klaar
  batch 38/72 klaar
  batch 39/72 klaar
  batch 40/72 klaar
  batch 41/72 klaar
  batch 42/72 klaar
  batch 43/72 klaar
  batch 44/72 klaar
  batch 45/72 klaar
  batch 46/72 klaar
  batch 47/72 klaar
  batch 48/72 klaar
  batch 49/72 klaar
  batch 50/72 klaar
  batch 51/72 klaar
  batch 52/72 klaar
  batch 53/72 klaar
  batch 54/72 klaar
  batch 55/72 klaar
  batch 56/72 klaar
  batch 57/72 klaar
  batch 58/72 klaar
  batch 59/72 klaar
  batch 60/72 klaar
  batch 61/72 klaar
  batch 62/72 klaar
  batch 63/72 klaar
  batch 64/72 klaar
  batch 65/72 klaar
  batch 66/72 klaar
  batch 67/72 klaar
  batch 68/72 klaar
  batch 69/72 klaar
  batch 70/72 klaar
  batch 71/72 klaar
  batch 72/72 klaar
  Tijdstappen na trim: 120 (2026-08-06T00:00 t/m 2026-08-10T23:00)
  icon_eu_data_neerslag.bin: 2.6 MB
  icon_eu_data_cumul.bin: 2.6 MB
  icon_eu_data_temp.bin: 2.6 MB
  icon_eu_data_dauwpunt.bin: 2.6 MB
  icon_eu_data_rv.bin: 2.6 MB
  icon_eu_data_bewolking.bin: 7.9 MB
  icon_eu_data_wind.bin: 5.2 MB
  icon_eu_data_windstoten.bin: 5.2 MB
  icon_eu_data_druk.bin: 2.6 MB
  icon_eu_data_cape.bin: 2.6 MB
  icon_eu_data_straling.bin: 2.6 MB
  icon_eu_data_straling_direct.bin: 2.6 MB
  icon_eu_canvas_meta.json: 120 stappen, 2026-08-06T00:00 t/m 2026-08-10T23:00
   R2: icon_eu_canvas_meta.json (0.0 MB)
   R2: icon_eu_data_bewolking.bin (7.9 MB)
   R2: icon_eu_data_cape.bin (2.6 MB)
   R2: icon_eu_data_cumul.bin (2.6 MB)
   R2: icon_eu_data_dauwpunt.bin (2.6 MB)
   R2: icon_eu_data_druk.bin (2.6 MB)
   R2: icon_eu_data_neerslag.bin (2.6 MB)
   R2: icon_eu_data_rv.bin (2.6 MB)
   R2: icon_eu_data_straling.bin (2.6 MB)
   R2: icon_eu_data_straling_direct.bin (2.6 MB)
   R2: icon_eu_data_temp.bin (2.6 MB)
   R2: icon_eu_data_wind.bin (5.2 MB)
   R2: icon_eu_data_windstoten.bin (5.2 MB)
R2 upload klaar.
Klaar.
Thu Aug  6 02:30:25 CEST 2026: === ICON-EU klaar ===
Thu Aug  6 08:30:05 CEST 2026: === ICON-EU update ===
ICON-EU: 61x94 = 5734 punten, 72 batches
Model: icon_eu, forecast_days=5, prefix=icon_eu
  batch 1/72 klaar
  batch 2/72 klaar
  batch 3/72 klaar
  batch 4/72 klaar
  batch 5/72 klaar
  batch 6/72 klaar
  batch 7/72 klaar
  batch 8/72 klaar
  batch 9/72 klaar
  batch 10/72 klaar
  batch 11/72 klaar
  batch 12/72 klaar
  batch 13/72 klaar
  batch 14/72 klaar
  batch 15/72 klaar
  batch 16/72 klaar
  batch 17/72 klaar
  batch 18/72 klaar
  batch 19/72 klaar
  batch 20/72 klaar
  batch 21/72 klaar
  batch 22/72 klaar
  batch 23/72 klaar
  batch 24/72 klaar
  batch 25/72 klaar
  batch 26/72 klaar
  batch 27/72 klaar
  batch 28/72 klaar
  batch 29/72 klaar
  batch 30/72 klaar
  batch 31/72 klaar
  batch 32/72 klaar
  batch 33/72 klaar
  batch 34/72 klaar
  batch 35/72 klaar
  batch 36/72 klaar
  batch 37/72 klaar
  batch 38/72 klaar
  batch 39/72 klaar
  batch 40/72 klaar
  batch 41/72 klaar
  batch 42/72 klaar
  batch 43/72 klaar
  batch 44/72 klaar
  batch 45/72 klaar
  batch 46/72 klaar
  batch 47/72 klaar
  batch 48/72 klaar
  batch 49/72 klaar
  batch 50/72 klaar
  batch 51/72 klaar
  batch 52/72 klaar
  batch 53/72 klaar
  batch 54/72 klaar
  batch 55/72 klaar
  batch 56/72 klaar
  batch 57/72 klaar
  batch 58/72 klaar
  batch 59/72 klaar
  batch 60/72 klaar
  batch 61/72 klaar
  batch 62/72 klaar
  batch 63/72 klaar
  batch 64/72 klaar
  batch 65/72 klaar
  batch 66/72 klaar
  batch 67/72 klaar
  batch 68/72 klaar
  batch 69/72 klaar
  batch 70/72 klaar
  batch 71/72 klaar
  batch 72/72 klaar
  Tijdstappen na trim: 120 (2026-08-06T00:00 t/m 2026-08-10T23:00)
  icon_eu_data_neerslag.bin: 2.6 MB
  icon_eu_data_cumul.bin: 2.6 MB
  icon_eu_data_temp.bin: 2.6 MB
  icon_eu_data_dauwpunt.bin: 2.6 MB
  icon_eu_data_rv.bin: 2.6 MB
  icon_eu_data_bewolking.bin: 7.9 MB
  icon_eu_data_wind.bin: 5.2 MB
  icon_eu_data_windstoten.bin: 5.2 MB
  icon_eu_data_druk.bin: 2.6 MB
  icon_eu_data_cape.bin: 2.6 MB
  icon_eu_data_straling.bin: 2.6 MB
  icon_eu_data_straling_direct.bin: 2.6 MB
  icon_eu_canvas_meta.json: 120 stappen, 2026-08-06T00:00 t/m 2026-08-10T23:00
   R2: icon_eu_canvas_meta.json (0.0 MB)
   R2: icon_eu_data_bewolking.bin (7.9 MB)
   R2: icon_eu_data_cape.bin (2.6 MB)
   R2: icon_eu_data_cumul.bin (2.6 MB)
   R2: icon_eu_data_dauwpunt.bin (2.6 MB)
   R2: icon_eu_data_druk.bin (2.6 MB)
   R2: icon_eu_data_neerslag.bin (2.6 MB)
   R2: icon_eu_data_rv.bin (2.6 MB)
   R2: icon_eu_data_straling.bin (2.6 MB)
   R2: icon_eu_data_straling_direct.bin (2.6 MB)
   R2: icon_eu_data_temp.bin (2.6 MB)
   R2: icon_eu_data_wind.bin (5.2 MB)
   R2: icon_eu_data_windstoten.bin (5.2 MB)
R2 upload klaar.
Klaar.
Thu Aug  6 08:30:29 CEST 2026: === ICON-EU klaar ===
Thu Aug  6 14:30:05 CEST 2026: === ICON-EU update ===
ICON-EU: 61x94 = 5734 punten, 72 batches
Model: icon_eu, forecast_days=5, prefix=icon_eu
  batch 1/72 klaar
  batch 2/72 klaar
  batch 3/72 klaar
  batch 4/72 klaar
  batch 5/72 klaar
  batch 6/72 klaar
  batch 7/72 klaar
  batch 8/72 klaar
  batch 9/72 klaar
  batch 10/72 klaar
  batch 11/72 klaar
  batch 12/72 klaar
  batch 13/72 klaar
  batch 14/72 klaar
  batch 15/72 klaar
  batch 16/72 klaar
  batch 17/72 klaar
  batch 18/72 klaar
  batch 19/72 klaar
  batch 20/72 klaar
  batch 21/72 klaar
  batch 22/72 klaar
  batch 23/72 klaar
  batch 24/72 klaar
  batch 25/72 klaar
  batch 26/72 klaar
  batch 27/72 klaar
  batch 28/72 klaar
  batch 29/72 klaar
  batch 30/72 klaar
  batch 31/72 klaar
  batch 32/72 klaar
  batch 33/72 klaar
  batch 34/72 klaar
  batch 35/72 klaar
  batch 36/72 klaar
  batch 37/72 klaar
  batch 38/72 klaar
  batch 39/72 klaar
  batch 40/72 klaar
  batch 41/72 klaar
  batch 42/72 klaar
  batch 43/72 klaar
  batch 44/72 klaar
  batch 45/72 klaar
  batch 46/72 klaar
  batch 47/72 klaar
  batch 48/72 klaar
  batch 49/72 klaar
  batch 50/72 klaar
  batch 51/72 klaar
  batch 52/72 klaar
  batch 53/72 klaar
  batch 54/72 klaar
  batch 55/72 klaar
  batch 56/72 klaar
  batch 57/72 klaar
  batch 58/72 klaar
  batch 59/72 klaar
  batch 60/72 klaar
  batch 61/72 klaar
  batch 62/72 klaar
  batch 63/72 klaar
  batch 64/72 klaar
  batch 65/72 klaar
  batch 66/72 klaar
  batch 67/72 klaar
  batch 68/72 klaar
  batch 69/72 klaar
  batch 70/72 klaar
  batch 71/72 klaar
  batch 72/72 klaar
  Tijdstappen na trim: 120 (2026-08-06T00:00 t/m 2026-08-10T23:00)
  icon_eu_data_neerslag.bin: 2.6 MB
  icon_eu_data_cumul.bin: 2.6 MB
  icon_eu_data_temp.bin: 2.6 MB
  icon_eu_data_dauwpunt.bin: 2.6 MB
  icon_eu_data_rv.bin: 2.6 MB
  icon_eu_data_bewolking.bin: 7.9 MB
  icon_eu_data_wind.bin: 5.2 MB
  icon_eu_data_windstoten.bin: 5.2 MB
  icon_eu_data_druk.bin: 2.6 MB
  icon_eu_data_cape.bin: 2.6 MB
  icon_eu_data_straling.bin: 2.6 MB
  icon_eu_data_straling_direct.bin: 2.6 MB
  icon_eu_canvas_meta.json: 120 stappen, 2026-08-06T00:00 t/m 2026-08-10T23:00
   R2: icon_eu_canvas_meta.json (0.0 MB)
   R2: icon_eu_data_bewolking.bin (7.9 MB)
   R2: icon_eu_data_cape.bin (2.6 MB)
   R2: icon_eu_data_cumul.bin (2.6 MB)
   R2: icon_eu_data_dauwpunt.bin (2.6 MB)
   R2: icon_eu_data_druk.bin (2.6 MB)
   R2: icon_eu_data_neerslag.bin (2.6 MB)
   R2: icon_eu_data_rv.bin (2.6 MB)
   R2: icon_eu_data_straling.bin (2.6 MB)
   R2: icon_eu_data_straling_direct.bin (2.6 MB)
   R2: icon_eu_data_temp.bin (2.6 MB)
   R2: icon_eu_data_wind.bin (5.2 MB)
   R2: icon_eu_data_windstoten.bin (5.2 MB)
R2 upload klaar.
Klaar.
Thu Aug  6 14:30:31 CEST 2026: === ICON-EU klaar ===
Thu Aug  6 20:30:05 CEST 2026: === ICON-EU update ===
ICON-EU: 61x94 = 5734 punten, 72 batches
Model: icon_eu, forecast_days=5, prefix=icon_eu
  batch 1/72 klaar
  batch 2/72 klaar
  batch 3/72 klaar
  batch 4/72 klaar
  batch 5/72 klaar
  batch 6/72 klaar
  batch 7/72 klaar
  batch 8/72 klaar
  batch 9/72 klaar
  batch 10/72 klaar
  batch 11/72 klaar
  batch 12/72 klaar
  batch 13/72 klaar
  batch 14/72 klaar
  batch 15/72 klaar
  batch 16/72 klaar
  batch 17/72 klaar
  batch 18/72 klaar
  batch 19/72 klaar
  batch 20/72 klaar
  batch 21/72 klaar
  batch 22/72 klaar
  batch 23/72 klaar
  batch 24/72 klaar
  batch 25/72 klaar
  batch 26/72 klaar
  batch 27/72 klaar
  batch 28/72 klaar
  batch 29/72 klaar
  batch 30/72 klaar
  batch 31/72 klaar
  batch 32/72 klaar
  batch 33/72 klaar
  batch 34/72 klaar
  batch 35/72 klaar
  batch 36/72 klaar
  batch 37/72 klaar
  batch 38/72 klaar
  batch 39/72 klaar
  batch 40/72 klaar
  batch 41/72 klaar
  batch 42/72 klaar
  batch 43/72 klaar
  batch 44/72 klaar
  batch 45/72 klaar
  batch 46/72 klaar
  batch 47/72 klaar
  batch 48/72 klaar
  batch 49/72 klaar
  batch 50/72 klaar
  batch 51/72 klaar
  batch 52/72 klaar
  batch 53/72 klaar
  batch 54/72 klaar
  batch 55/72 klaar
  batch 56/72 klaar
  batch 57/72 klaar
  batch 58/72 klaar
  batch 59/72 klaar
  batch 60/72 klaar
  batch 61/72 klaar
  batch 62/72 klaar
  batch 63/72 klaar
  batch 64/72 klaar
  batch 65/72 klaar
  batch 66/72 klaar
  batch 67/72 klaar
  batch 68/72 klaar
  batch 69/72 klaar
  batch 70/72 klaar
  batch 71/72 klaar
  batch 72/72 klaar
  Tijdstappen na trim: 120 (2026-08-06T00:00 t/m 2026-08-10T23:00)
  icon_eu_data_neerslag.bin: 2.6 MB
  icon_eu_data_cumul.bin: 2.6 MB
  icon_eu_data_temp.bin: 2.6 MB
  icon_eu_data_dauwpunt.bin: 2.6 MB
  icon_eu_data_rv.bin: 2.6 MB
  icon_eu_data_bewolking.bin: 7.9 MB
  icon_eu_data_wind.bin: 5.2 MB
  icon_eu_data_windstoten.bin: 5.2 MB
  icon_eu_data_druk.bin: 2.6 MB
  icon_eu_data_cape.bin: 2.6 MB
  icon_eu_data_straling.bin: 2.6 MB
  icon_eu_data_straling_direct.bin: 2.6 MB
  icon_eu_canvas_meta.json: 120 stappen, 2026-08-06T00:00 t/m 2026-08-10T23:00
   R2: icon_eu_canvas_meta.json (0.0 MB)
   R2: icon_eu_data_bewolking.bin (7.9 MB)
   R2: icon_eu_data_cape.bin (2.6 MB)
   R2: icon_eu_data_cumul.bin (2.6 MB)
   R2: icon_eu_data_dauwpunt.bin (2.6 MB)
   R2: icon_eu_data_druk.bin (2.6 MB)
   R2: icon_eu_data_neerslag.bin (2.6 MB)
   R2: icon_eu_data_rv.bin (2.6 MB)
   R2: icon_eu_data_straling.bin (2.6 MB)
   R2: icon_eu_data_straling_direct.bin (2.6 MB)
   R2: icon_eu_data_temp.bin (2.6 MB)
   R2: icon_eu_data_wind.bin (5.2 MB)
   R2: icon_eu_data_windstoten.bin (5.2 MB)
R2 upload klaar.
Klaar.
Thu Aug  6 20:30:27 CEST 2026: === ICON-EU klaar ===
Fri Aug  7 02:30:02 CEST 2026: === ICON-EU update ===
ICON-EU: 61x94 = 5734 punten, 72 batches
Model: icon_eu, forecast_days=5, prefix=icon_eu
  batch 1/72 klaar
  batch 2/72 klaar
  batch 3/72 klaar
  batch 4/72 klaar
  batch 5/72 klaar
  batch 6/72 klaar
  batch 7/72 klaar
  batch 8/72 klaar
  batch 9/72 klaar
  batch 10/72 klaar
  batch 11/72 klaar
  batch 12/72 klaar
  batch 13/72 klaar
  batch 14/72 klaar
  batch 15/72 klaar
  batch 16/72 klaar
  batch 17/72 klaar
  batch 18/72 klaar
  batch 19/72 klaar
  batch 20/72 klaar
  batch 21/72 klaar
  batch 22/72 klaar
  batch 23/72 klaar
  batch 24/72 klaar
  batch 25/72 klaar
  batch 26/72 klaar
  batch 27/72 klaar
  batch 28/72 klaar
  batch 29/72 klaar
  batch 30/72 klaar
  batch 31/72 klaar
  batch 32/72 klaar
  batch 33/72 klaar
  batch 34/72 klaar
  batch 35/72 klaar
  batch 36/72 klaar
  batch 37/72 klaar
  batch 38/72 klaar
  batch 39/72 klaar
  batch 40/72 klaar
  batch 41/72 klaar
  batch 42/72 klaar
  batch 43/72 klaar
  batch 44/72 klaar
  batch 45/72 klaar
  batch 46/72 klaar
  batch 47/72 klaar
  batch 48/72 klaar
  batch 49/72 klaar
  batch 50/72 klaar
  batch 51/72 klaar
  batch 52/72 klaar
  batch 53/72 klaar
  batch 54/72 klaar
  batch 55/72 klaar
  batch 56/72 klaar
  batch 57/72 klaar
  batch 58/72 klaar
  batch 59/72 klaar
  batch 60/72 klaar
  batch 61/72 klaar
  batch 62/72 klaar
  batch 63/72 klaar
  batch 64/72 klaar
  batch 65/72 klaar
  batch 66/72 klaar
  batch 67/72 klaar
  batch 68/72 klaar
  batch 69/72 klaar
  batch 70/72 klaar
  batch 71/72 klaar
  batch 72/72 klaar
  Tijdstappen na trim: 120 (2026-08-07T00:00 t/m 2026-08-11T23:00)
  icon_eu_data_neerslag.bin: 2.6 MB
  icon_eu_data_cumul.bin: 2.6 MB
  icon_eu_data_temp.bin: 2.6 MB
  icon_eu_data_dauwpunt.bin: 2.6 MB
  icon_eu_data_rv.bin: 2.6 MB
  icon_eu_data_bewolking.bin: 7.9 MB
  icon_eu_data_wind.bin: 5.2 MB
  icon_eu_data_windstoten.bin: 5.2 MB
  icon_eu_data_druk.bin: 2.6 MB
  icon_eu_data_cape.bin: 2.6 MB
  icon_eu_data_straling.bin: 2.6 MB
  icon_eu_data_straling_direct.bin: 2.6 MB
  icon_eu_canvas_meta.json: 120 stappen, 2026-08-07T00:00 t/m 2026-08-11T23:00
   R2: icon_eu_canvas_meta.json (0.0 MB)
   R2: icon_eu_data_bewolking.bin (7.9 MB)
   R2: icon_eu_data_cape.bin (2.6 MB)
   R2: icon_eu_data_cumul.bin (2.6 MB)
   R2: icon_eu_data_dauwpunt.bin (2.6 MB)
   R2: icon_eu_data_druk.bin (2.6 MB)
   R2: icon_eu_data_neerslag.bin (2.6 MB)
   R2: icon_eu_data_rv.bin (2.6 MB)
   R2: icon_eu_data_straling.bin (2.6 MB)
   R2: icon_eu_data_straling_direct.bin (2.6 MB)
   R2: icon_eu_data_temp.bin (2.6 MB)
   R2: icon_eu_data_wind.bin (5.2 MB)
   R2: icon_eu_data_windstoten.bin (5.2 MB)
R2 upload klaar.
Klaar.
Fri Aug  7 02:30:22 CEST 2026: === ICON-EU klaar ===
Fri Aug  7 08:30:05 CEST 2026: === ICON-EU update ===
ICON-EU: 61x94 = 5734 punten, 72 batches
Model: icon_eu, forecast_days=5, prefix=icon_eu
  batch 1/72 klaar
  batch 2/72 klaar
  batch 3/72 klaar
  batch 4/72 klaar
  batch 5/72 klaar
  batch 6/72 klaar
  batch 7/72 klaar
  batch 8/72 klaar
  batch 9/72 klaar
  batch 10/72 klaar
  batch 11/72 klaar
  batch 12/72 klaar
  batch 13/72 klaar
  batch 14/72 klaar
  batch 15/72 klaar
  batch 16/72 klaar
  batch 17/72 klaar
  batch 18/72 klaar
  batch 19/72 klaar
  batch 20/72 klaar
  batch 21/72 klaar
  batch 22/72 klaar
  batch 23/72 klaar
  batch 24/72 klaar
  batch 25/72 klaar
  batch 26/72 klaar
  batch 27/72 klaar
  batch 28/72 klaar
  batch 29/72 klaar
  batch 30/72 klaar
  batch 31/72 klaar
  batch 32/72 klaar
  batch 33/72 klaar
  batch 34/72 klaar
  batch 35/72 klaar
  batch 36/72 klaar
  batch 37/72 klaar
  batch 38/72 klaar
  batch 39/72 klaar
  batch 40/72 klaar
  batch 41/72 klaar
  batch 42/72 klaar
  batch 43/72 klaar
  batch 44/72 klaar
  batch 45/72 klaar
  batch 46/72 klaar
  batch 47/72 klaar
  batch 48/72 klaar
  batch 49/72 klaar
  batch 50/72 klaar
  batch 51/72 klaar
  batch 52/72 klaar
  batch 53/72 klaar
  batch 54/72 klaar
  batch 55/72 klaar
  batch 56/72 klaar
  batch 57/72 klaar
  batch 58/72 klaar
  batch 59/72 klaar
  batch 60/72 klaar
  batch 61/72 klaar
  batch 62/72 klaar
  batch 63/72 klaar
  batch 64/72 klaar
  batch 65/72 klaar
  batch 66/72 klaar
  batch 67/72 klaar
  batch 68/72 klaar
  batch 69/72 klaar
  batch 70/72 klaar
  batch 71/72 klaar
  batch 72/72 klaar
  Tijdstappen na trim: 120 (2026-08-07T00:00 t/m 2026-08-11T23:00)
  icon_eu_data_neerslag.bin: 2.6 MB
  icon_eu_data_cumul.bin: 2.6 MB
  icon_eu_data_temp.bin: 2.6 MB
  icon_eu_data_dauwpunt.bin: 2.6 MB
  icon_eu_data_rv.bin: 2.6 MB
  icon_eu_data_bewolking.bin: 7.9 MB
  icon_eu_data_wind.bin: 5.2 MB
  icon_eu_data_windstoten.bin: 5.2 MB
  icon_eu_data_druk.bin: 2.6 MB
  icon_eu_data_cape.bin: 2.6 MB
  icon_eu_data_straling.bin: 2.6 MB
  icon_eu_data_straling_direct.bin: 2.6 MB
  icon_eu_canvas_meta.json: 120 stappen, 2026-08-07T00:00 t/m 2026-08-11T23:00
   R2: icon_eu_canvas_meta.json (0.0 MB)
   R2: icon_eu_data_bewolking.bin (7.9 MB)
   R2: icon_eu_data_cape.bin (2.6 MB)
   R2: icon_eu_data_cumul.bin (2.6 MB)
   R2: icon_eu_data_dauwpunt.bin (2.6 MB)
   R2: icon_eu_data_druk.bin (2.6 MB)
   R2: icon_eu_data_neerslag.bin (2.6 MB)
   R2: icon_eu_data_rv.bin (2.6 MB)
   R2: icon_eu_data_straling.bin (2.6 MB)
   R2: icon_eu_data_straling_direct.bin (2.6 MB)
   R2: icon_eu_data_temp.bin (2.6 MB)
   R2: icon_eu_data_wind.bin (5.2 MB)
   R2: icon_eu_data_windstoten.bin (5.2 MB)
R2 upload klaar.
Klaar.
Fri Aug  7 08:30:25 CEST 2026: === ICON-EU klaar ===
Fri Aug  7 14:30:02 CEST 2026: === ICON-EU update ===
ICON-EU: 61x94 = 5734 punten, 72 batches
Model: icon_eu, forecast_days=5, prefix=icon_eu
  batch 1/72 klaar
  batch 2/72 klaar
  batch 3/72 klaar
  batch 4/72 klaar
  batch 5/72 klaar
  batch 6/72 klaar
  batch 7/72 klaar
  batch 8/72 klaar
  batch 9/72 klaar
  batch 10/72 klaar
  batch 11/72 klaar
  batch 12/72 klaar
  batch 13/72 klaar
  batch 14/72 klaar
  batch 15/72 klaar
  batch 16/72 klaar
  batch 17/72 klaar
  batch 18/72 klaar
  batch 19/72 klaar
  batch 20/72 klaar
  batch 21/72 klaar
  batch 22/72 klaar
  batch 23/72 klaar
  batch 24/72 klaar
  batch 25/72 klaar
  batch 26/72 klaar
  batch 27/72 klaar
  batch 28/72 klaar
  batch 29/72 klaar
  batch 30/72 klaar
  batch 31/72 klaar
  batch 32/72 klaar
  batch 33/72 klaar
  batch 34/72 klaar
  batch 35/72 klaar
  batch 36/72 klaar
  batch 37/72 klaar
  batch 38/72 klaar
  batch 39/72 klaar
  batch 40/72 klaar
  batch 41/72 klaar
  batch 42/72 klaar
  batch 43/72 klaar
  batch 44/72 klaar
  batch 45/72 klaar
  batch 46/72 klaar
  batch 47/72 klaar
  batch 48/72 klaar
  batch 49/72 klaar
  batch 50/72 klaar
  batch 51/72 klaar
  batch 52/72 klaar
  batch 53/72 klaar
  batch 54/72 klaar
  batch 55/72 klaar
  batch 56/72 klaar
  batch 57/72 klaar
  batch 58/72 klaar
  batch 59/72 klaar
  batch 60/72 klaar
  batch 61/72 klaar
  batch 62/72 klaar
  batch 63/72 klaar
  batch 64/72 klaar
  batch 65/72 klaar
  batch 66/72 klaar
  batch 67/72 klaar
  batch 68/72 klaar
  batch 69/72 klaar
  batch 70/72 klaar
  batch 71/72 klaar
  batch 72/72 klaar
  Tijdstappen na trim: 120 (2026-08-07T00:00 t/m 2026-08-11T23:00)
  icon_eu_data_neerslag.bin: 2.6 MB
  icon_eu_data_cumul.bin: 2.6 MB
  icon_eu_data_temp.bin: 2.6 MB
  icon_eu_data_dauwpunt.bin: 2.6 MB
  icon_eu_data_rv.bin: 2.6 MB
  icon_eu_data_bewolking.bin: 7.9 MB
  icon_eu_data_wind.bin: 5.2 MB
  icon_eu_data_windstoten.bin: 5.2 MB
  icon_eu_data_druk.bin: 2.6 MB
  icon_eu_data_cape.bin: 2.6 MB
  icon_eu_data_straling.bin: 2.6 MB
  icon_eu_data_straling_direct.bin: 2.6 MB
  icon_eu_canvas_meta.json: 120 stappen, 2026-08-07T00:00 t/m 2026-08-11T23:00
   R2: icon_eu_canvas_meta.json (0.0 MB)
   R2: icon_eu_data_bewolking.bin (7.9 MB)
   R2: icon_eu_data_cape.bin (2.6 MB)
   R2: icon_eu_data_cumul.bin (2.6 MB)
   R2: icon_eu_data_dauwpunt.bin (2.6 MB)
   R2: icon_eu_data_druk.bin (2.6 MB)
   R2: icon_eu_data_neerslag.bin (2.6 MB)
   R2: icon_eu_data_rv.bin (2.6 MB)
   R2: icon_eu_data_straling.bin (2.6 MB)
   R2: icon_eu_data_straling_direct.bin (2.6 MB)
   R2: icon_eu_data_temp.bin (2.6 MB)
   R2: icon_eu_data_wind.bin (5.2 MB)
   R2: icon_eu_data_windstoten.bin (5.2 MB)
R2 upload klaar.
Klaar.
Fri Aug  7 14:30:22 CEST 2026: === ICON-EU klaar ===
Fri Aug  7 20:30:00 CEST 2026: === ICON-EU update ===
ICON-EU: 61x94 = 5734 punten, 72 batches
Model: icon_eu, forecast_days=5, prefix=icon_eu
  batch 1/72 klaar
  batch 2/72 klaar
  batch 3/72 klaar
  batch 4/72 klaar
  batch 5/72 klaar
  batch 6/72 klaar
  batch 7/72 klaar
  batch 8/72 klaar
  batch 9/72 klaar
  batch 10/72 klaar
  batch 11/72 klaar
  batch 12/72 klaar
  batch 13/72 klaar
  batch 14/72 klaar
  batch 15/72 klaar
  batch 16/72 klaar
  batch 17/72 klaar
  batch 18/72 klaar
  batch 19/72 klaar
  batch 20/72 klaar
  batch 21/72 klaar
  batch 22/72 klaar
  batch 23/72 klaar
  batch 24/72 klaar
  batch 25/72 klaar
  batch 26/72 klaar
  batch 27/72 klaar
  batch 28/72 klaar
  batch 29/72 klaar
  batch 30/72 klaar
  batch 31/72 klaar
  batch 32/72 klaar
  batch 33/72 klaar
  batch 34/72 klaar
  batch 35/72 klaar
  batch 36/72 klaar
  batch 37/72 klaar
  batch 38/72 klaar
  batch 39/72 klaar
  batch 40/72 klaar
  batch 41/72 klaar
  batch 42/72 klaar
  batch 43/72 klaar
  batch 44/72 klaar
  batch 45/72 klaar
  batch 46/72 klaar
  batch 47/72 klaar
  batch 48/72 klaar
  batch 49/72 klaar
  batch 50/72 klaar
  batch 51/72 klaar
  batch 52/72 klaar
  batch 53/72 klaar
  batch 54/72 klaar
  batch 55/72 klaar
  batch 56/72 klaar
  batch 57/72 klaar
  batch 58/72 klaar
  batch 59/72 klaar
  batch 60/72 klaar
  batch 61/72 klaar
  batch 62/72 klaar
  batch 63/72 klaar
  batch 64/72 klaar
  batch 65/72 klaar
  batch 66/72 klaar
  batch 67/72 klaar
  batch 68/72 klaar
  batch 69/72 klaar
  batch 70/72 klaar
  batch 71/72 klaar
  batch 72/72 klaar
  Tijdstappen na trim: 120 (2026-08-07T00:00 t/m 2026-08-11T23:00)
  icon_eu_data_neerslag.bin: 2.6 MB
  icon_eu_data_cumul.bin: 2.6 MB
  icon_eu_data_temp.bin: 2.6 MB
  icon_eu_data_dauwpunt.bin: 2.6 MB
  icon_eu_data_rv.bin: 2.6 MB
  icon_eu_data_bewolking.bin: 7.9 MB
  icon_eu_data_wind.bin: 5.2 MB
  icon_eu_data_windstoten.bin: 5.2 MB
  icon_eu_data_druk.bin: 2.6 MB
  icon_eu_data_cape.bin: 2.6 MB
  icon_eu_data_straling.bin: 2.6 MB
  icon_eu_data_straling_direct.bin: 2.6 MB
  icon_eu_canvas_meta.json: 120 stappen, 2026-08-07T00:00 t/m 2026-08-11T23:00
   R2: icon_eu_canvas_meta.json (0.0 MB)
   R2: icon_eu_data_bewolking.bin (7.9 MB)
   R2: icon_eu_data_cape.bin (2.6 MB)
   R2: icon_eu_data_cumul.bin (2.6 MB)
   R2: icon_eu_data_dauwpunt.bin (2.6 MB)
   R2: icon_eu_data_druk.bin (2.6 MB)
   R2: icon_eu_data_neerslag.bin (2.6 MB)
   R2: icon_eu_data_rv.bin (2.6 MB)
   R2: icon_eu_data_straling.bin (2.6 MB)
   R2: icon_eu_data_straling_direct.bin (2.6 MB)
   R2: icon_eu_data_temp.bin (2.6 MB)
   R2: icon_eu_data_wind.bin (5.2 MB)
   R2: icon_eu_data_windstoten.bin (5.2 MB)
R2 upload klaar.
Klaar.
Fri Aug  7 20:30:22 CEST 2026: === ICON-EU klaar ===
Sat Aug  8 02:30:00 CEST 2026: === ICON-EU update ===
ICON-EU: 61x94 = 5734 punten, 72 batches
Model: icon_eu, forecast_days=5, prefix=icon_eu
  batch 1/72 klaar
  batch 2/72 klaar
  batch 3/72 klaar
  batch 4/72 klaar
  batch 5/72 klaar
  batch 6/72 klaar
  batch 7/72 klaar
  batch 8/72 klaar
  batch 9/72 klaar
  batch 10/72 klaar
  batch 11/72 klaar
  batch 12/72 klaar
  batch 13/72 klaar
  batch 14/72 klaar
  batch 15/72 klaar
  batch 16/72 klaar
  batch 17/72 klaar
  batch 18/72 klaar
  batch 19/72 klaar
  batch 20/72 klaar
  batch 21/72 klaar
  batch 22/72 klaar
  batch 23/72 klaar
  batch 24/72 klaar
  batch 25/72 klaar
  batch 26/72 klaar
  batch 27/72 klaar
  batch 28/72 klaar
  batch 29/72 klaar
  batch 30/72 klaar
  batch 31/72 klaar
  batch 32/72 klaar
  batch 33/72 klaar
  batch 34/72 klaar
  batch 35/72 klaar
  batch 36/72 klaar
  batch 37/72 klaar
  batch 38/72 klaar
  batch 39/72 klaar
  batch 40/72 klaar
  batch 41/72 klaar
  batch 42/72 klaar
  batch 43/72 klaar
  batch 44/72 klaar
  batch 45/72 klaar
  batch 46/72 klaar
  batch 47/72 klaar
  batch 48/72 klaar
  batch 49/72 klaar
  batch 50/72 klaar
  batch 51/72 klaar
  batch 52/72 klaar
  batch 53/72 klaar
  batch 54/72 klaar
  batch 55/72 klaar
  batch 56/72 klaar
  batch 57/72 klaar
  batch 58/72 klaar
  batch 59/72 klaar
  batch 60/72 klaar
  batch 61/72 klaar
  batch 62/72 klaar
  batch 63/72 klaar
  batch 64/72 klaar
  batch 65/72 klaar
  batch 66/72 klaar
  batch 67/72 klaar
  batch 68/72 klaar
  batch 69/72 klaar
  batch 70/72 klaar
  batch 71/72 klaar
  batch 72/72 klaar
  Tijdstappen na trim: 120 (2026-08-08T00:00 t/m 2026-08-12T23:00)
  icon_eu_data_neerslag.bin: 2.6 MB
  icon_eu_data_cumul.bin: 2.6 MB
  icon_eu_data_temp.bin: 2.6 MB
  icon_eu_data_dauwpunt.bin: 2.6 MB
  icon_eu_data_rv.bin: 2.6 MB
  icon_eu_data_bewolking.bin: 7.9 MB
  icon_eu_data_wind.bin: 5.2 MB
  icon_eu_data_windstoten.bin: 5.2 MB
  icon_eu_data_druk.bin: 2.6 MB
  icon_eu_data_cape.bin: 2.6 MB
  icon_eu_data_straling.bin: 2.6 MB
  icon_eu_data_straling_direct.bin: 2.6 MB
  icon_eu_canvas_meta.json: 120 stappen, 2026-08-08T00:00 t/m 2026-08-12T23:00
   R2: icon_eu_canvas_meta.json (0.0 MB)
   R2: icon_eu_data_bewolking.bin (7.9 MB)
   R2: icon_eu_data_cape.bin (2.6 MB)
   R2: icon_eu_data_cumul.bin (2.6 MB)
   R2: icon_eu_data_dauwpunt.bin (2.6 MB)
   R2: icon_eu_data_druk.bin (2.6 MB)
   R2: icon_eu_data_neerslag.bin (2.6 MB)
   R2: icon_eu_data_rv.bin (2.6 MB)
   R2: icon_eu_data_straling.bin (2.6 MB)
   R2: icon_eu_data_straling_direct.bin (2.6 MB)
   R2: icon_eu_data_temp.bin (2.6 MB)
   R2: icon_eu_data_wind.bin (5.2 MB)
   R2: icon_eu_data_windstoten.bin (5.2 MB)
R2 upload klaar.
Klaar.
Sat Aug  8 02:30:21 CEST 2026: === ICON-EU klaar ===
Sat Aug  8 08:30:03 CEST 2026: === ICON-EU update ===
ICON-EU: 61x94 = 5734 punten, 72 batches
Model: icon_eu, forecast_days=5, prefix=icon_eu
  batch 1/72 klaar
  batch 2/72 klaar
  batch 3/72 klaar
  batch 4/72 klaar
  batch 5/72 klaar
  batch 6/72 klaar
  batch 7/72 klaar
  batch 8/72 klaar
  batch 9/72 klaar
  batch 10/72 klaar
  batch 11/72 klaar
  batch 12/72 klaar
  batch 13/72 klaar
  batch 14/72 klaar
  batch 15/72 klaar
  batch 16/72 klaar
  batch 17/72 klaar
  batch 18/72 klaar
  batch 19/72 klaar
  batch 20/72 klaar
  batch 21/72 klaar
  batch 22/72 klaar
  batch 23/72 klaar
  batch 24/72 klaar
  batch 25/72 klaar
  batch 26/72 klaar
  batch 27/72 klaar
  batch 28/72 klaar
  batch 29/72 klaar
  batch 30/72 klaar
  batch 31/72 klaar
  batch 32/72 klaar
  batch 33/72 klaar
  batch 34/72 klaar
  batch 35/72 klaar
  batch 36/72 klaar
  batch 37/72 klaar
  batch 38/72 klaar
  batch 39/72 klaar
  batch 40/72 klaar
  batch 41/72 klaar
  batch 42/72 klaar
  batch 43/72 klaar
  batch 44/72 klaar
  batch 45/72 klaar
  batch 46/72 klaar
  batch 47/72 klaar
  batch 48/72 klaar
  batch 49/72 klaar
  batch 50/72 klaar
  batch 51/72 klaar
  batch 52/72 klaar
  batch 53/72 klaar
  batch 54/72 klaar
  batch 55/72 klaar
  batch 56/72 klaar
  batch 57/72 klaar
  batch 58/72 klaar
  batch 59/72 klaar
  batch 60/72 klaar
  batch 61/72 klaar
  batch 62/72 klaar
  batch 63/72 klaar
  batch 64/72 klaar
  batch 65/72 klaar
  batch 66/72 klaar
  batch 67/72 klaar
  batch 68/72 klaar
  batch 69/72 klaar
  batch 70/72 klaar
  batch 71/72 klaar
  batch 72/72 klaar
  Tijdstappen na trim: 120 (2026-08-08T00:00 t/m 2026-08-12T23:00)
  icon_eu_data_neerslag.bin: 2.6 MB
  icon_eu_data_cumul.bin: 2.6 MB
  icon_eu_data_temp.bin: 2.6 MB
  icon_eu_data_dauwpunt.bin: 2.6 MB
  icon_eu_data_rv.bin: 2.6 MB
  icon_eu_data_bewolking.bin: 7.9 MB
  icon_eu_data_wind.bin: 5.2 MB
  icon_eu_data_windstoten.bin: 5.2 MB
  icon_eu_data_druk.bin: 2.6 MB
  icon_eu_data_cape.bin: 2.6 MB
  icon_eu_data_straling.bin: 2.6 MB
  icon_eu_data_straling_direct.bin: 2.6 MB
  icon_eu_canvas_meta.json: 120 stappen, 2026-08-08T00:00 t/m 2026-08-12T23:00
   R2: icon_eu_canvas_meta.json (0.0 MB)
   R2: icon_eu_data_bewolking.bin (7.9 MB)
   R2: icon_eu_data_cape.bin (2.6 MB)
   R2: icon_eu_data_cumul.bin (2.6 MB)
   R2: icon_eu_data_dauwpunt.bin (2.6 MB)
   R2: icon_eu_data_druk.bin (2.6 MB)
   R2: icon_eu_data_neerslag.bin (2.6 MB)
   R2: icon_eu_data_rv.bin (2.6 MB)
   R2: icon_eu_data_straling.bin (2.6 MB)
   R2: icon_eu_data_straling_direct.bin (2.6 MB)
   R2: icon_eu_data_temp.bin (2.6 MB)
   R2: icon_eu_data_wind.bin (5.2 MB)
   R2: icon_eu_data_windstoten.bin (5.2 MB)
R2 upload klaar.
Klaar.
Sat Aug  8 08:30:28 CEST 2026: === ICON-EU klaar ===
Sat Aug  8 14:30:02 CEST 2026: === ICON-EU update ===
ICON-EU: 61x94 = 5734 punten, 72 batches
Model: icon_eu, forecast_days=5, prefix=icon_eu
  batch 1/72 klaar
  batch 2/72 klaar
  batch 3/72 klaar
  batch 4/72 klaar
  batch 5/72 klaar
  batch 6/72 klaar
  batch 7/72 klaar
  batch 8/72 klaar
  batch 9/72 klaar
  batch 10/72 klaar
  batch 11/72 klaar
  batch 12/72 klaar
  batch 13/72 klaar
  batch 14/72 klaar
  batch 15/72 klaar
  batch 16/72 klaar
  batch 17/72 klaar
  batch 18/72 klaar
  batch 19/72 klaar
  batch 20/72 klaar
  batch 21/72 klaar
  batch 22/72 klaar
  batch 23/72 klaar
  batch 24/72 klaar
  batch 25/72 klaar
  batch 26/72 klaar
  batch 27/72 klaar
  batch 28/72 klaar
  batch 29/72 klaar
  batch 30/72 klaar
  batch 31/72 klaar
  batch 32/72 klaar
  batch 33/72 klaar
  batch 34/72 klaar
  batch 35/72 klaar
  batch 36/72 klaar
  batch 37/72 klaar
  batch 38/72 klaar
  batch 39/72 klaar
  batch 40/72 klaar
  batch 41/72 klaar
  batch 42/72 klaar
  batch 43/72 klaar
  batch 44/72 klaar
  batch 45/72 klaar
  batch 46/72 klaar
  batch 47/72 klaar
  batch 48/72 klaar
  batch 49/72 klaar
  batch 50/72 klaar
  batch 51/72 klaar
  batch 52/72 klaar
  batch 53/72 klaar
  batch 54/72 klaar
  batch 55/72 klaar
  batch 56/72 klaar
  batch 57/72 klaar
  batch 58/72 klaar
  batch 59/72 klaar
  batch 60/72 klaar
  batch 61/72 klaar
  batch 62/72 klaar
  batch 63/72 klaar
  batch 64/72 klaar
  batch 65/72 klaar
  batch 66/72 klaar
  batch 67/72 klaar
  batch 68/72 klaar
  batch 69/72 klaar
  batch 70/72 klaar
  batch 71/72 klaar
  batch 72/72 klaar
  Tijdstappen na trim: 120 (2026-08-08T00:00 t/m 2026-08-12T23:00)
  icon_eu_data_neerslag.bin: 2.6 MB
  icon_eu_data_cumul.bin: 2.6 MB
  icon_eu_data_temp.bin: 2.6 MB
  icon_eu_data_dauwpunt.bin: 2.6 MB
  icon_eu_data_rv.bin: 2.6 MB
  icon_eu_data_bewolking.bin: 7.9 MB
  icon_eu_data_wind.bin: 5.2 MB
  icon_eu_data_windstoten.bin: 5.2 MB
  icon_eu_data_druk.bin: 2.6 MB
  icon_eu_data_cape.bin: 2.6 MB
  icon_eu_data_straling.bin: 2.6 MB
  icon_eu_data_straling_direct.bin: 2.6 MB
  icon_eu_canvas_meta.json: 120 stappen, 2026-08-08T00:00 t/m 2026-08-12T23:00
   R2: icon_eu_canvas_meta.json (0.0 MB)
   R2: icon_eu_data_bewolking.bin (7.9 MB)
   R2: icon_eu_data_cape.bin (2.6 MB)
   R2: icon_eu_data_cumul.bin (2.6 MB)
   R2: icon_eu_data_dauwpunt.bin (2.6 MB)
   R2: icon_eu_data_druk.bin (2.6 MB)
   R2: icon_eu_data_neerslag.bin (2.6 MB)
   R2: icon_eu_data_rv.bin (2.6 MB)
   R2: icon_eu_data_straling.bin (2.6 MB)
   R2: icon_eu_data_straling_direct.bin (2.6 MB)
   R2: icon_eu_data_temp.bin (2.6 MB)
   R2: icon_eu_data_wind.bin (5.2 MB)
   R2: icon_eu_data_windstoten.bin (5.2 MB)
R2 upload klaar.
Klaar.
Sat Aug  8 14:30:24 CEST 2026: === ICON-EU klaar ===
Sat Aug  8 20:30:05 CEST 2026: === ICON-EU update ===
ICON-EU: 61x94 = 5734 punten, 72 batches
Model: icon_eu, forecast_days=5, prefix=icon_eu
  batch 1/72 klaar
  batch 2/72 klaar
  batch 3/72 klaar
  batch 4/72 klaar
  batch 5/72 klaar
  batch 6/72 klaar
  batch 7/72 klaar
  batch 8/72 klaar
  batch 9/72 klaar
  batch 10/72 klaar
  batch 11/72 klaar
  batch 12/72 klaar
  batch 13/72 klaar
  batch 14/72 klaar
  batch 15/72 klaar
  batch 16/72 klaar
  batch 17/72 klaar
  batch 18/72 klaar
  batch 19/72 klaar
  batch 20/72 klaar
  batch 21/72 klaar
  batch 22/72 klaar
  batch 23/72 klaar
  batch 24/72 klaar
  batch 25/72 klaar
  batch 26/72 klaar
  batch 27/72 klaar
  batch 28/72 klaar
  batch 29/72 klaar
  batch 30/72 klaar
  batch 31/72 klaar
  batch 32/72 klaar
  batch 33/72 klaar
  batch 34/72 klaar
  batch 35/72 klaar
  batch 36/72 klaar
  batch 37/72 klaar
  batch 38/72 klaar
  batch 39/72 klaar
  batch 40/72 klaar
  batch 41/72 klaar
  batch 42/72 klaar
  batch 43/72 klaar
  batch 44/72 klaar
  batch 45/72 klaar
  batch 46/72 klaar
  batch 47/72 klaar
  batch 48/72 klaar
  batch 49/72 klaar
  batch 50/72 klaar
  batch 51/72 klaar
  batch 52/72 klaar
  batch 53/72 klaar
  batch 54/72 klaar
  batch 55/72 klaar
  batch 56/72 klaar
  batch 57/72 klaar
  batch 58/72 klaar
  batch 59/72 klaar
  batch 60/72 klaar
  batch 61/72 klaar
  batch 62/72 klaar
  batch 63/72 klaar
  batch 64/72 klaar
  batch 65/72 klaar
  batch 66/72 klaar
  batch 67/72 klaar
  batch 68/72 klaar
  batch 69/72 klaar
  batch 70/72 klaar
  batch 71/72 klaar
  batch 72/72 klaar
  Tijdstappen na trim: 120 (2026-08-08T00:00 t/m 2026-08-12T23:00)
  icon_eu_data_neerslag.bin: 2.6 MB
  icon_eu_data_cumul.bin: 2.6 MB
  icon_eu_data_temp.bin: 2.6 MB
  icon_eu_data_dauwpunt.bin: 2.6 MB
  icon_eu_data_rv.bin: 2.6 MB
  icon_eu_data_bewolking.bin: 7.9 MB
  icon_eu_data_wind.bin: 5.2 MB
  icon_eu_data_windstoten.bin: 5.2 MB
  icon_eu_data_druk.bin: 2.6 MB
  icon_eu_data_cape.bin: 2.6 MB
  icon_eu_data_straling.bin: 2.6 MB
  icon_eu_data_straling_direct.bin: 2.6 MB
  icon_eu_canvas_meta.json: 120 stappen, 2026-08-08T00:00 t/m 2026-08-12T23:00
   R2: icon_eu_canvas_meta.json (0.0 MB)
   R2: icon_eu_data_bewolking.bin (7.9 MB)
   R2: icon_eu_data_cape.bin (2.6 MB)
   R2: icon_eu_data_cumul.bin (2.6 MB)
   R2: icon_eu_data_dauwpunt.bin (2.6 MB)
   R2: icon_eu_data_druk.bin (2.6 MB)
   R2: icon_eu_data_neerslag.bin (2.6 MB)
   R2: icon_eu_data_rv.bin (2.6 MB)
   R2: icon_eu_data_straling.bin (2.6 MB)
   R2: icon_eu_data_straling_direct.bin (2.6 MB)
   R2: icon_eu_data_temp.bin (2.6 MB)
   R2: icon_eu_data_wind.bin (5.2 MB)
   R2: icon_eu_data_windstoten.bin (5.2 MB)
R2 upload klaar.
Klaar.
Sat Aug  8 20:30:29 CEST 2026: === ICON-EU klaar ===
Sun Aug  9 02:30:05 CEST 2026: === ICON-EU update ===
ICON-EU: 61x94 = 5734 punten, 72 batches
Model: icon_eu, forecast_days=5, prefix=icon_eu
  batch 1/72 klaar
  batch 2/72 klaar
  batch 3/72 klaar
  batch 4/72 klaar
  batch 5/72 klaar
  batch 6/72 klaar
  batch 7/72 klaar
  batch 8/72 klaar
  batch 9/72 klaar
  batch 10/72 klaar
  batch 11/72 klaar
  batch 12/72 klaar
  batch 13/72 klaar
  batch 14/72 klaar
  batch 15/72 klaar
  batch 16/72 klaar
  batch 17/72 klaar
  batch 18/72 klaar
  batch 19/72 klaar
  batch 20/72 klaar
  batch 21/72 klaar
  batch 22/72 klaar
  batch 23/72 klaar
  batch 24/72 klaar
  batch 25/72 klaar
  batch 26/72 klaar
  batch 27/72 klaar
  batch 28/72 klaar
  batch 29/72 klaar
  batch 30/72 klaar
  batch 31/72 klaar
  batch 32/72 klaar
  batch 33/72 klaar
  batch 34/72 klaar
  batch 35/72 klaar
  batch 36/72 klaar
  batch 37/72 klaar
  batch 38/72 klaar
  batch 39/72 klaar
  batch 40/72 klaar
  batch 41/72 klaar
  batch 42/72 klaar
  batch 43/72 klaar
  batch 44/72 klaar
  batch 45/72 klaar
  batch 46/72 klaar
  batch 47/72 klaar
  batch 48/72 klaar
  batch 49/72 klaar
  batch 50/72 klaar
  batch 51/72 klaar
  batch 52/72 klaar
  batch 53/72 klaar
  batch 54/72 klaar
  batch 55/72 klaar
  batch 56/72 klaar
  batch 57/72 klaar
  batch 58/72 klaar
  batch 59/72 klaar
  batch 60/72 klaar
  batch 61/72 klaar
  batch 62/72 klaar
  batch 63/72 klaar
  batch 64/72 klaar
  batch 65/72 klaar
  batch 66/72 klaar
  batch 67/72 klaar
  batch 68/72 klaar
  batch 69/72 klaar
  batch 70/72 klaar
  batch 71/72 klaar
  batch 72/72 klaar
  Tijdstappen na trim: 120 (2026-08-09T00:00 t/m 2026-08-13T23:00)
  icon_eu_data_neerslag.bin: 2.6 MB
  icon_eu_data_cumul.bin: 2.6 MB
  icon_eu_data_temp.bin: 2.6 MB
  icon_eu_data_dauwpunt.bin: 2.6 MB
  icon_eu_data_rv.bin: 2.6 MB
  icon_eu_data_bewolking.bin: 7.9 MB
  icon_eu_data_wind.bin: 5.2 MB
  icon_eu_data_windstoten.bin: 5.2 MB
  icon_eu_data_druk.bin: 2.6 MB
  icon_eu_data_cape.bin: 2.6 MB
  icon_eu_data_straling.bin: 2.6 MB
  icon_eu_data_straling_direct.bin: 2.6 MB
  icon_eu_canvas_meta.json: 120 stappen, 2026-08-09T00:00 t/m 2026-08-13T23:00
   R2: icon_eu_canvas_meta.json (0.0 MB)
   R2: icon_eu_data_bewolking.bin (7.9 MB)
   R2: icon_eu_data_cape.bin (2.6 MB)
   R2: icon_eu_data_cumul.bin (2.6 MB)
   R2: icon_eu_data_dauwpunt.bin (2.6 MB)
   R2: icon_eu_data_druk.bin (2.6 MB)
   R2: icon_eu_data_neerslag.bin (2.6 MB)
   R2: icon_eu_data_rv.bin (2.6 MB)
   R2: icon_eu_data_straling.bin (2.6 MB)
   R2: icon_eu_data_straling_direct.bin (2.6 MB)
   R2: icon_eu_data_temp.bin (2.6 MB)
   R2: icon_eu_data_wind.bin (5.2 MB)
   R2: icon_eu_data_windstoten.bin (5.2 MB)
R2 upload klaar.
Klaar.
Sun Aug  9 02:30:24 CEST 2026: === ICON-EU klaar ===
Sun Aug  9 08:30:05 CEST 2026: === ICON-EU update ===
ICON-EU: 61x94 = 5734 punten, 72 batches
Model: icon_eu, forecast_days=5, prefix=icon_eu
  batch 1/72 klaar
  batch 2/72 klaar
  batch 3/72 klaar
  batch 4/72 klaar
  batch 5/72 klaar
  batch 6/72 klaar
  batch 7/72 klaar
  batch 8/72 klaar
  batch 9/72 klaar
  batch 10/72 klaar
  batch 11/72 klaar
  batch 12/72 klaar
  batch 13/72 klaar
  batch 14/72 klaar
  batch 15/72 klaar
  batch 16/72 klaar
  batch 17/72 klaar
  batch 18/72 klaar
  batch 19/72 klaar
  batch 20/72 klaar
  batch 21/72 klaar
  batch 22/72 klaar
  batch 23/72 klaar
  batch 24/72 klaar
  batch 25/72 klaar
  batch 26/72 klaar
  batch 27/72 klaar
  batch 28/72 klaar
  batch 29/72 klaar
  batch 30/72 klaar
  batch 31/72 klaar
  batch 32/72 klaar
  batch 33/72 klaar
  batch 34/72 klaar
  batch 35/72 klaar
  batch 36/72 klaar
  batch 37/72 klaar
  batch 38/72 klaar
  batch 39/72 klaar
  batch 40/72 klaar
  batch 41/72 klaar
  batch 42/72 klaar
  batch 43/72 klaar
  batch 44/72 klaar
  batch 45/72 klaar
  batch 46/72 klaar
  batch 47/72 klaar
  batch 48/72 klaar
  batch 49/72 klaar
  batch 50/72 klaar
  batch 51/72 klaar
  batch 52/72 klaar
  batch 53/72 klaar
  batch 54/72 klaar
  batch 55/72 klaar
  batch 56/72 klaar
  batch 57/72 klaar
  batch 58/72 klaar
  batch 59/72 klaar
  batch 60/72 klaar
  batch 61/72 klaar
  batch 62/72 klaar
  batch 63/72 klaar
  batch 64/72 klaar
  batch 65/72 klaar
  batch 66/72 klaar
  batch 67/72 klaar
  batch 68/72 klaar
  batch 69/72 klaar
  batch 70/72 klaar
  batch 71/72 klaar
  batch 72/72 klaar
  Tijdstappen na trim: 120 (2026-08-09T00:00 t/m 2026-08-13T23:00)
  icon_eu_data_neerslag.bin: 2.6 MB
  icon_eu_data_cumul.bin: 2.6 MB
  icon_eu_data_temp.bin: 2.6 MB
  icon_eu_data_dauwpunt.bin: 2.6 MB
  icon_eu_data_rv.bin: 2.6 MB
  icon_eu_data_bewolking.bin: 7.9 MB
  icon_eu_data_wind.bin: 5.2 MB
  icon_eu_data_windstoten.bin: 5.2 MB
  icon_eu_data_druk.bin: 2.6 MB
  icon_eu_data_cape.bin: 2.6 MB
  icon_eu_data_straling.bin: 2.6 MB
  icon_eu_data_straling_direct.bin: 2.6 MB
  icon_eu_canvas_meta.json: 120 stappen, 2026-08-09T00:00 t/m 2026-08-13T23:00
   R2: icon_eu_canvas_meta.json (0.0 MB)
   R2: icon_eu_data_bewolking.bin (7.9 MB)
   R2: icon_eu_data_cape.bin (2.6 MB)
   R2: icon_eu_data_cumul.bin (2.6 MB)
   R2: icon_eu_data_dauwpunt.bin (2.6 MB)
   R2: icon_eu_data_druk.bin (2.6 MB)
   R2: icon_eu_data_neerslag.bin (2.6 MB)
   R2: icon_eu_data_rv.bin (2.6 MB)
   R2: icon_eu_data_straling.bin (2.6 MB)
   R2: icon_eu_data_straling_direct.bin (2.6 MB)
   R2: icon_eu_data_temp.bin (2.6 MB)
   R2: icon_eu_data_wind.bin (5.2 MB)
   R2: icon_eu_data_windstoten.bin (5.2 MB)
R2 upload klaar.
Klaar.
Sun Aug  9 08:30:26 CEST 2026: === ICON-EU klaar ===
Sun Aug  9 14:30:05 CEST 2026: === ICON-EU update ===
ICON-EU: 61x94 = 5734 punten, 72 batches
Model: icon_eu, forecast_days=5, prefix=icon_eu
  batch 1/72 klaar
  batch 2/72 klaar
  batch 3/72 klaar
  batch 4/72 klaar
  batch 5/72 klaar
  batch 6/72 klaar
  batch 7/72 klaar
  batch 8/72 klaar
  batch 9/72 klaar
  batch 10/72 klaar
  batch 11/72 klaar
  batch 12/72 klaar
  batch 13/72 klaar
  batch 14/72 klaar
  batch 15/72 klaar
  batch 16/72 klaar
  batch 17/72 klaar
  batch 18/72 klaar
  batch 19/72 klaar
  batch 20/72 klaar
  batch 21/72 klaar
  batch 22/72 klaar
  batch 23/72 klaar
  batch 24/72 klaar
  batch 25/72 klaar
  batch 26/72 klaar
  batch 27/72 klaar
  batch 28/72 klaar
  batch 29/72 klaar
  batch 30/72 klaar
  batch 31/72 klaar
  batch 32/72 klaar
  batch 33/72 klaar
  batch 34/72 klaar
  batch 35/72 klaar
  batch 36/72 klaar
  batch 37/72 klaar
  batch 38/72 klaar
  batch 39/72 klaar
  batch 40/72 klaar
  batch 41/72 klaar
  batch 42/72 klaar
  batch 43/72 klaar
  batch 44/72 klaar
  batch 45/72 klaar
  batch 46/72 klaar
  batch 47/72 klaar
  batch 48/72 klaar
  batch 49/72 klaar
  batch 50/72 klaar
  batch 51/72 klaar
  batch 52/72 klaar
  batch 53/72 klaar
  batch 54/72 klaar
  batch 55/72 klaar
  batch 56/72 klaar
  batch 57/72 klaar
  batch 58/72 klaar
  batch 59/72 klaar
  batch 60/72 klaar
  batch 61/72 klaar
  batch 62/72 klaar
  batch 63/72 klaar
  batch 64/72 klaar
  batch 65/72 klaar
  batch 66/72 klaar
  batch 67/72 klaar
  batch 68/72 klaar
  batch 69/72 klaar
  batch 70/72 klaar
  batch 71/72 klaar
  batch 72/72 klaar
  Tijdstappen na trim: 120 (2026-08-09T00:00 t/m 2026-08-13T23:00)
  icon_eu_data_neerslag.bin: 2.6 MB
  icon_eu_data_cumul.bin: 2.6 MB
  icon_eu_data_temp.bin: 2.6 MB
  icon_eu_data_dauwpunt.bin: 2.6 MB
  icon_eu_data_rv.bin: 2.6 MB
  icon_eu_data_bewolking.bin: 7.9 MB
  icon_eu_data_wind.bin: 5.2 MB
  icon_eu_data_windstoten.bin: 5.2 MB
  icon_eu_data_druk.bin: 2.6 MB
  icon_eu_data_cape.bin: 2.6 MB
  icon_eu_data_straling.bin: 2.6 MB
  icon_eu_data_straling_direct.bin: 2.6 MB
  icon_eu_canvas_meta.json: 120 stappen, 2026-08-09T00:00 t/m 2026-08-13T23:00
   R2: icon_eu_canvas_meta.json (0.0 MB)
   R2: icon_eu_data_bewolking.bin (7.9 MB)
   R2: icon_eu_data_cape.bin (2.6 MB)
   R2: icon_eu_data_cumul.bin (2.6 MB)
   R2: icon_eu_data_dauwpunt.bin (2.6 MB)
   R2: icon_eu_data_druk.bin (2.6 MB)
   R2: icon_eu_data_neerslag.bin (2.6 MB)
   R2: icon_eu_data_rv.bin (2.6 MB)
   R2: icon_eu_data_straling.bin (2.6 MB)
   R2: icon_eu_data_straling_direct.bin (2.6 MB)
   R2: icon_eu_data_temp.bin (2.6 MB)
   R2: icon_eu_data_wind.bin (5.2 MB)
   R2: icon_eu_data_windstoten.bin (5.2 MB)
R2 upload klaar.
Klaar.
Sun Aug  9 14:30:27 CEST 2026: === ICON-EU klaar ===
Sun Aug  9 20:30:03 CEST 2026: === ICON-EU update ===
ICON-EU: 61x94 = 5734 punten, 72 batches
Model: icon_eu, forecast_days=5, prefix=icon_eu
  batch 1/72 klaar
  batch 2/72 klaar
  batch 3/72 klaar
  batch 4/72 klaar
  batch 5/72 klaar
  batch 6/72 klaar
  batch 7/72 klaar
  batch 8/72 klaar
  batch 9/72 klaar
  batch 10/72 klaar
  batch 11/72 klaar
  batch 12/72 klaar
  batch 13/72 klaar
  batch 14/72 klaar
  batch 15/72 klaar
  batch 16/72 klaar
  batch 17/72 klaar
  batch 18/72 klaar
  batch 19/72 klaar
  batch 20/72 klaar
  batch 21/72 klaar
  batch 22/72 klaar
  batch 23/72 klaar
  batch 24/72 klaar
  batch 25/72 klaar
  batch 26/72 klaar
  batch 27/72 klaar
  batch 28/72 klaar
  batch 29/72 klaar
  batch 30/72 klaar
  batch 31/72 klaar
  batch 32/72 klaar
  batch 33/72 klaar
  batch 34/72 klaar
  batch 35/72 klaar
  batch 36/72 klaar
  batch 37/72 klaar
  batch 38/72 klaar
  batch 39/72 klaar
  batch 40/72 klaar
  batch 41/72 klaar
  batch 42/72 klaar
  batch 43/72 klaar
  batch 44/72 klaar
  batch 45/72 klaar
  batch 46/72 klaar
  batch 47/72 klaar
  batch 48/72 klaar
  batch 49/72 klaar
  batch 50/72 klaar
  batch 51/72 klaar
  batch 52/72 klaar
  batch 53/72 klaar
  batch 54/72 klaar
  batch 55/72 klaar
  batch 56/72 klaar
  batch 57/72 klaar
  batch 58/72 klaar
  batch 59/72 klaar
  batch 60/72 klaar
  batch 61/72 klaar
  batch 62/72 klaar
  batch 63/72 klaar
  batch 64/72 klaar
  batch 65/72 klaar
  batch 66/72 klaar
  batch 67/72 klaar
  batch 68/72 klaar
  batch 69/72 klaar
  batch 70/72 klaar
  batch 71/72 klaar
  batch 72/72 klaar
  Tijdstappen na trim: 120 (2026-08-09T00:00 t/m 2026-08-13T23:00)
  icon_eu_data_neerslag.bin: 2.6 MB
  icon_eu_data_cumul.bin: 2.6 MB
  icon_eu_data_temp.bin: 2.6 MB
  icon_eu_data_dauwpunt.bin: 2.6 MB
  icon_eu_data_rv.bin: 2.6 MB
  icon_eu_data_bewolking.bin: 7.9 MB
  icon_eu_data_wind.bin: 5.2 MB
  icon_eu_data_windstoten.bin: 5.2 MB
  icon_eu_data_druk.bin: 2.6 MB
  icon_eu_data_cape.bin: 2.6 MB
  icon_eu_data_straling.bin: 2.6 MB
  icon_eu_data_straling_direct.bin: 2.6 MB
  icon_eu_canvas_meta.json: 120 stappen, 2026-08-09T00:00 t/m 2026-08-13T23:00
   R2: icon_eu_canvas_meta.json (0.0 MB)
   R2: icon_eu_data_bewolking.bin (7.9 MB)
   R2: icon_eu_data_cape.bin (2.6 MB)
   R2: icon_eu_data_cumul.bin (2.6 MB)
   R2: icon_eu_data_dauwpunt.bin (2.6 MB)
   R2: icon_eu_data_druk.bin (2.6 MB)
   R2: icon_eu_data_neerslag.bin (2.6 MB)
   R2: icon_eu_data_rv.bin (2.6 MB)
   R2: icon_eu_data_straling.bin (2.6 MB)
   R2: icon_eu_data_straling_direct.bin (2.6 MB)
   R2: icon_eu_data_temp.bin (2.6 MB)
   R2: icon_eu_data_wind.bin (5.2 MB)
   R2: icon_eu_data_windstoten.bin (5.2 MB)
R2 upload klaar.
Klaar.
Sun Aug  9 20:30:25 CEST 2026: === ICON-EU klaar ===
Mon Aug 10 02:30:03 CEST 2026: === ICON-EU update ===
ICON-EU: 61x94 = 5734 punten, 72 batches
Model: icon_eu, forecast_days=5, prefix=icon_eu
  batch 1/72 klaar
  batch 2/72 klaar
  batch 3/72 klaar
  batch 4/72 klaar
  batch 5/72 klaar
  batch 6/72 klaar
  batch 7/72 klaar
  batch 8/72 klaar
  batch 9/72 klaar
  batch 10/72 klaar
  batch 11/72 klaar
  batch 12/72 klaar
  batch 13/72 klaar
  batch 14/72 klaar
  batch 15/72 klaar
  batch 16/72 klaar
  batch 17/72 klaar
  batch 18/72 klaar
  batch 19/72 klaar
  batch 20/72 klaar
  batch 21/72 klaar
  batch 22/72 klaar
  batch 23/72 klaar
  batch 24/72 klaar
  batch 25/72 klaar
  batch 26/72 klaar
  batch 27/72 klaar
  batch 28/72 klaar
  batch 29/72 klaar
  batch 30/72 klaar
  batch 31/72 klaar
  batch 32/72 klaar
  batch 33/72 klaar
  batch 34/72 klaar
  batch 35/72 klaar
  batch 36/72 klaar
  batch 37/72 klaar
  batch 38/72 klaar
  batch 39/72 klaar
  batch 40/72 klaar
  batch 41/72 klaar
  batch 42/72 klaar
  batch 43/72 klaar
  batch 44/72 klaar
  batch 45/72 klaar
  batch 46/72 klaar
  batch 47/72 klaar
  batch 48/72 klaar
  batch 49/72 klaar
  batch 50/72 klaar
  batch 51/72 klaar
  batch 52/72 klaar
  batch 53/72 klaar
  batch 54/72 klaar
  batch 55/72 klaar
  batch 56/72 klaar
  batch 57/72 klaar
  batch 58/72 klaar
  batch 59/72 klaar
  batch 60/72 klaar
  batch 61/72 klaar
  batch 62/72 klaar
  batch 63/72 klaar
  batch 64/72 klaar
  batch 65/72 klaar
  batch 66/72 klaar
  batch 67/72 klaar
  batch 68/72 klaar
  batch 69/72 klaar
  batch 70/72 klaar
  batch 71/72 klaar
  batch 72/72 klaar
  Tijdstappen na trim: 120 (2026-08-10T00:00 t/m 2026-08-14T23:00)
  icon_eu_data_neerslag.bin: 2.6 MB
  icon_eu_data_cumul.bin: 2.6 MB
  icon_eu_data_temp.bin: 2.6 MB
  icon_eu_data_dauwpunt.bin: 2.6 MB
  icon_eu_data_rv.bin: 2.6 MB
  icon_eu_data_bewolking.bin: 7.9 MB
  icon_eu_data_wind.bin: 5.2 MB
  icon_eu_data_windstoten.bin: 5.2 MB
  icon_eu_data_druk.bin: 2.6 MB
  icon_eu_data_cape.bin: 2.6 MB
  icon_eu_data_straling.bin: 2.6 MB
  icon_eu_data_straling_direct.bin: 2.6 MB
  icon_eu_canvas_meta.json: 120 stappen, 2026-08-10T00:00 t/m 2026-08-14T23:00
   R2: icon_eu_canvas_meta.json (0.0 MB)
   R2: icon_eu_data_bewolking.bin (7.9 MB)
   R2: icon_eu_data_cape.bin (2.6 MB)
   R2: icon_eu_data_cumul.bin (2.6 MB)
   R2: icon_eu_data_dauwpunt.bin (2.6 MB)
   R2: icon_eu_data_druk.bin (2.6 MB)
   R2: icon_eu_data_neerslag.bin (2.6 MB)
   R2: icon_eu_data_rv.bin (2.6 MB)
   R2: icon_eu_data_straling.bin (2.6 MB)
   R2: icon_eu_data_straling_direct.bin (2.6 MB)
   R2: icon_eu_data_temp.bin (2.6 MB)
   R2: icon_eu_data_wind.bin (5.2 MB)
   R2: icon_eu_data_windstoten.bin (5.2 MB)
R2 upload klaar.
Klaar.
Mon Aug 10 02:30:22 CEST 2026: === ICON-EU klaar ===
Mon Aug 10 08:30:04 CEST 2026: === ICON-EU update ===
ICON-EU: 61x94 = 5734 punten, 72 batches
Model: icon_eu, forecast_days=5, prefix=icon_eu
  batch 1/72 klaar
  batch 2/72 klaar
  batch 3/72 klaar
  batch 4/72 klaar
  batch 5/72 klaar
  batch 6/72 klaar
  batch 7/72 klaar
  batch 8/72 klaar
  batch 9/72 klaar
  batch 10/72 klaar
  batch 11/72 klaar
  batch 12/72 klaar
  batch 13/72 klaar
  batch 14/72 klaar
  batch 15/72 klaar
  batch 16/72 klaar
  batch 17/72 klaar
  batch 18/72 klaar
  batch 19/72 klaar
  batch 20/72 klaar
  batch 21/72 klaar
  batch 22/72 klaar
  batch 23/72 klaar
  batch 24/72 klaar
  batch 25/72 klaar
  batch 26/72 klaar
  batch 27/72 klaar
  batch 28/72 klaar
  batch 29/72 klaar
  batch 30/72 klaar
  batch 31/72 klaar
  batch 32/72 klaar
  batch 33/72 klaar
  batch 34/72 klaar
  batch 35/72 klaar
  batch 36/72 klaar
  batch 37/72 klaar
  batch 38/72 klaar
  batch 39/72 klaar
  batch 40/72 klaar
  batch 41/72 klaar
  batch 42/72 klaar
  batch 43/72 klaar
  batch 44/72 klaar
  batch 45/72 klaar
  batch 46/72 klaar
  batch 47/72 klaar
  batch 48/72 klaar
  batch 49/72 klaar
  batch 50/72 klaar
  batch 51/72 klaar
  batch 52/72 klaar
  batch 53/72 klaar
  batch 54/72 klaar
  batch 55/72 klaar
  batch 56/72 klaar
  batch 57/72 klaar
  batch 58/72 klaar
  batch 59/72 klaar
  batch 60/72 klaar
  batch 61/72 klaar
  batch 62/72 klaar
  batch 63/72 klaar
  batch 64/72 klaar
  batch 65/72 klaar
  batch 66/72 klaar
  batch 67/72 klaar
  batch 68/72 klaar
  batch 69/72 klaar
  batch 70/72 klaar
  batch 71/72 klaar
  batch 72/72 klaar
  Tijdstappen na trim: 120 (2026-08-10T00:00 t/m 2026-08-14T23:00)
  icon_eu_data_neerslag.bin: 2.6 MB
  icon_eu_data_cumul.bin: 2.6 MB
  icon_eu_data_temp.bin: 2.6 MB
  icon_eu_data_dauwpunt.bin: 2.6 MB
  icon_eu_data_rv.bin: 2.6 MB
  icon_eu_data_bewolking.bin: 7.9 MB
  icon_eu_data_wind.bin: 5.2 MB
  icon_eu_data_windstoten.bin: 5.2 MB
  icon_eu_data_druk.bin: 2.6 MB
  icon_eu_data_cape.bin: 2.6 MB
  icon_eu_data_straling.bin: 2.6 MB
  icon_eu_data_straling_direct.bin: 2.6 MB
  icon_eu_canvas_meta.json: 120 stappen, 2026-08-10T00:00 t/m 2026-08-14T23:00
   R2: icon_eu_canvas_meta.json (0.0 MB)
   R2: icon_eu_data_bewolking.bin (7.9 MB)
   R2: icon_eu_data_cape.bin (2.6 MB)
   R2: icon_eu_data_cumul.bin (2.6 MB)
   R2: icon_eu_data_dauwpunt.bin (2.6 MB)
   R2: icon_eu_data_druk.bin (2.6 MB)
   R2: icon_eu_data_neerslag.bin (2.6 MB)
   R2: icon_eu_data_rv.bin (2.6 MB)
   R2: icon_eu_data_straling.bin (2.6 MB)
   R2: icon_eu_data_straling_direct.bin (2.6 MB)
   R2: icon_eu_data_temp.bin (2.6 MB)
   R2: icon_eu_data_wind.bin (5.2 MB)
   R2: icon_eu_data_windstoten.bin (5.2 MB)
R2 upload klaar.
Klaar.
Mon Aug 10 08:30:55 CEST 2026: === ICON-EU klaar ===
Mon Aug 10 14:30:05 CEST 2026: === ICON-EU update ===
ICON-EU: 61x94 = 5734 punten, 72 batches
Model: icon_eu, forecast_days=5, prefix=icon_eu
  batch 1/72 klaar
  batch 2/72 klaar
  batch 3/72 klaar
  batch 4/72 klaar
  batch 5/72 klaar
  batch 6/72 klaar
  batch 7/72 klaar
  batch 8/72 klaar
  batch 9/72 klaar
  batch 10/72 klaar
  batch 11/72 klaar
  batch 12/72 klaar
  batch 13/72 klaar
  batch 14/72 klaar
  batch 15/72 klaar
  batch 16/72 klaar
  batch 17/72 klaar
  batch 18/72 klaar
  batch 19/72 klaar
  batch 20/72 klaar
  batch 21/72 klaar
  batch 22/72 klaar
  batch 23/72 klaar
  batch 24/72 klaar
  batch 25/72 klaar
  batch 26/72 klaar
  batch 27/72 klaar
  batch 28/72 klaar
  batch 29/72 klaar
  batch 30/72 klaar
  batch 31/72 klaar
  batch 32/72 klaar
  batch 33/72 klaar
  batch 34/72 klaar
  batch 35/72 klaar
  batch 36/72 klaar
  batch 37/72 klaar
  batch 38/72 klaar
  batch 39/72 klaar
  batch 40/72 klaar
  batch 41/72 klaar
  batch 42/72 klaar
  batch 43/72 klaar
  batch 44/72 klaar
  batch 45/72 klaar
  batch 46/72 klaar
  batch 47/72 klaar
  batch 48/72 klaar
  batch 49/72 klaar
  batch 50/72 klaar
  batch 51/72 klaar
  batch 52/72 klaar
  batch 53/72 klaar
  batch 54/72 klaar
  batch 55/72 klaar
  batch 56/72 klaar
  batch 57/72 klaar
  batch 58/72 klaar
  batch 59/72 klaar
  batch 60/72 klaar
  batch 61/72 klaar
  batch 62/72 klaar
  batch 63/72 klaar
  batch 64/72 klaar
  batch 65/72 klaar
  batch 66/72 klaar
  batch 67/72 klaar
  batch 68/72 klaar
  batch 69/72 klaar
  batch 70/72 klaar
  batch 71/72 klaar
  batch 72/72 klaar
  Tijdstappen na trim: 120 (2026-08-10T00:00 t/m 2026-08-14T23:00)
  icon_eu_data_neerslag.bin: 2.6 MB
  icon_eu_data_cumul.bin: 2.6 MB
  icon_eu_data_temp.bin: 2.6 MB
  icon_eu_data_dauwpunt.bin: 2.6 MB
  icon_eu_data_rv.bin: 2.6 MB
  icon_eu_data_bewolking.bin: 7.9 MB
  icon_eu_data_wind.bin: 5.2 MB
  icon_eu_data_windstoten.bin: 5.2 MB
  icon_eu_data_druk.bin: 2.6 MB
  icon_eu_data_cape.bin: 2.6 MB
  icon_eu_data_straling.bin: 2.6 MB
  icon_eu_data_straling_direct.bin: 2.6 MB
  icon_eu_canvas_meta.json: 120 stappen, 2026-08-10T00:00 t/m 2026-08-14T23:00
   R2: icon_eu_canvas_meta.json (0.0 MB)
   R2: icon_eu_data_bewolking.bin (7.9 MB)
   R2: icon_eu_data_cape.bin (2.6 MB)
   R2: icon_eu_data_cumul.bin (2.6 MB)
   R2: icon_eu_data_dauwpunt.bin (2.6 MB)
   R2: icon_eu_data_druk.bin (2.6 MB)
   R2: icon_eu_data_neerslag.bin (2.6 MB)
   R2: icon_eu_data_rv.bin (2.6 MB)
   R2: icon_eu_data_straling.bin (2.6 MB)
   R2: icon_eu_data_straling_direct.bin (2.6 MB)
   R2: icon_eu_data_temp.bin (2.6 MB)
   R2: icon_eu_data_wind.bin (5.2 MB)
   R2: icon_eu_data_windstoten.bin (5.2 MB)
R2 upload klaar.
Klaar.
Mon Aug 10 14:33:13 CEST 2026: === ICON-EU klaar ===
Mon Aug 10 20:30:05 CEST 2026: === ICON-EU update ===
ICON-EU: 61x94 = 5734 punten, 72 batches
Model: icon_eu, forecast_days=5, prefix=icon_eu
  batch 1/72 klaar
  batch 2/72 klaar
  batch 3/72 klaar
  batch 4/72 klaar
  batch 5/72 klaar
  batch 6/72 klaar
  batch 7/72 klaar
  batch 8/72 klaar
  batch 9/72 klaar
  batch 10/72 klaar
  batch 11/72 klaar
  batch 12/72 klaar
  batch 13/72 klaar
  batch 14/72 klaar
  batch 15/72 klaar
  batch 16/72 klaar
  batch 17/72 klaar
  batch 18/72 klaar
  batch 19/72 klaar
  batch 20/72 klaar
  batch 21/72 klaar
  batch 22/72 klaar
  batch 23/72 klaar
  batch 24/72 klaar
  batch 25/72 klaar
  batch 26/72 klaar
  batch 27/72 klaar
  batch 28/72 klaar
  batch 29/72 klaar
  batch 30/72 klaar
  batch 31/72 klaar
  batch 32/72 klaar
  batch 33/72 klaar
  batch 34/72 klaar
  batch 35/72 klaar
  batch 36/72 klaar
  batch 37/72 klaar
  batch 38/72 klaar
  batch 39/72 klaar
  batch 40/72 klaar
  batch 41/72 klaar
  batch 42/72 klaar
  batch 43/72 klaar
  batch 44/72 klaar
  batch 45/72 klaar
  batch 46/72 klaar
  batch 47/72 klaar
  batch 48/72 klaar
  batch 49/72 klaar
  batch 50/72 klaar
  batch 51/72 klaar
  batch 52/72 klaar
  batch 53/72 klaar
  batch 54/72 klaar
  batch 55/72 klaar
  batch 56/72 klaar
  batch 57/72 klaar
  batch 58/72 klaar
  batch 59/72 klaar
  batch 60/72 klaar
  batch 61/72 klaar
  batch 62/72 klaar
  batch 63/72 klaar
  batch 64/72 klaar
  batch 65/72 klaar
  batch 66/72 klaar
  batch 67/72 klaar
  batch 68/72 klaar
  batch 69/72 klaar
  batch 70/72 klaar
  batch 71/72 klaar
  batch 72/72 klaar
  Tijdstappen na trim: 120 (2026-08-10T00:00 t/m 2026-08-14T23:00)
  icon_eu_data_neerslag.bin: 2.6 MB
  icon_eu_data_cumul.bin: 2.6 MB
  icon_eu_data_temp.bin: 2.6 MB
  icon_eu_data_dauwpunt.bin: 2.6 MB
  icon_eu_data_rv.bin: 2.6 MB
  icon_eu_data_bewolking.bin: 7.9 MB
  icon_eu_data_wind.bin: 5.2 MB
  icon_eu_data_windstoten.bin: 5.2 MB
  icon_eu_data_druk.bin: 2.6 MB
  icon_eu_data_cape.bin: 2.6 MB
  icon_eu_data_straling.bin: 2.6 MB
  icon_eu_data_straling_direct.bin: 2.6 MB
  icon_eu_canvas_meta.json: 120 stappen, 2026-08-10T00:00 t/m 2026-08-14T23:00
   R2: icon_eu_canvas_meta.json (0.0 MB)
   R2: icon_eu_data_bewolking.bin (7.9 MB)
   R2: icon_eu_data_cape.bin (2.6 MB)
   R2: icon_eu_data_cumul.bin (2.6 MB)
   R2: icon_eu_data_dauwpunt.bin (2.6 MB)
   R2: icon_eu_data_druk.bin (2.6 MB)
   R2: icon_eu_data_neerslag.bin (2.6 MB)
   R2: icon_eu_data_rv.bin (2.6 MB)
   R2: icon_eu_data_straling.bin (2.6 MB)
   R2: icon_eu_data_straling_direct.bin (2.6 MB)
   R2: icon_eu_data_temp.bin (2.6 MB)
   R2: icon_eu_data_wind.bin (5.2 MB)
   R2: icon_eu_data_windstoten.bin (5.2 MB)
R2 upload klaar.
Klaar.
Mon Aug 10 20:32:00 CEST 2026: === ICON-EU klaar ===
Tue Aug 11 02:30:03 CEST 2026: === ICON-EU update ===
ICON-EU: 61x94 = 5734 punten, 72 batches
Model: icon_eu, forecast_days=5, prefix=icon_eu
  batch 1/72 klaar
  batch 2/72 klaar
  batch 3/72 klaar
  batch 4/72 klaar
  batch 5/72 klaar
  batch 6/72 klaar
  batch 7/72 klaar
  batch 8/72 klaar
  batch 9/72 klaar
  batch 10/72 klaar
  batch 11/72 klaar
  batch 12/72 klaar
  batch 13/72 klaar
  batch 14/72 klaar
  batch 15/72 klaar
  batch 16/72 klaar
  batch 17/72 klaar
  batch 18/72 klaar
  batch 19/72 klaar
  batch 20/72 klaar
  batch 21/72 klaar
  batch 22/72 klaar
  batch 23/72 klaar
  batch 24/72 klaar
  batch 25/72 klaar
  batch 26/72 klaar
  batch 27/72 klaar
  batch 28/72 klaar
  batch 29/72 klaar
  batch 30/72 klaar
  batch 31/72 klaar
  batch 32/72 klaar
  batch 33/72 klaar
  batch 34/72 klaar
  batch 35/72 klaar
  batch 36/72 klaar
  batch 37/72 klaar
  batch 38/72 klaar
  batch 39/72 klaar
  batch 40/72 klaar
  batch 41/72 klaar
  batch 42/72 klaar
  batch 43/72 klaar
  batch 44/72 klaar
  batch 45/72 klaar
  batch 46/72 klaar
  batch 47/72 klaar
  batch 48/72 klaar
  batch 49/72 klaar
  batch 50/72 klaar
  batch 51/72 klaar
  batch 52/72 klaar
  batch 53/72 klaar
  batch 54/72 klaar
  batch 55/72 klaar
  batch 56/72 klaar
  batch 57/72 klaar
  batch 58/72 klaar
  batch 59/72 klaar
  batch 60/72 klaar
  batch 61/72 klaar
  batch 62/72 klaar
  batch 63/72 klaar
  batch 64/72 klaar
  batch 65/72 klaar
  batch 66/72 klaar
  batch 67/72 klaar
  batch 68/72 klaar
  batch 69/72 klaar
  batch 70/72 klaar
  batch 71/72 klaar
  batch 72/72 klaar
  Tijdstappen na trim: 120 (2026-08-11T00:00 t/m 2026-08-15T23:00)
  icon_eu_data_neerslag.bin: 2.6 MB
  icon_eu_data_cumul.bin: 2.6 MB
  icon_eu_data_temp.bin: 2.6 MB
  icon_eu_data_dauwpunt.bin: 2.6 MB
  icon_eu_data_rv.bin: 2.6 MB
  icon_eu_data_bewolking.bin: 7.9 MB
  icon_eu_data_wind.bin: 5.2 MB
  icon_eu_data_windstoten.bin: 5.2 MB
  icon_eu_data_druk.bin: 2.6 MB
  icon_eu_data_cape.bin: 2.6 MB
  icon_eu_data_straling.bin: 2.6 MB
  icon_eu_data_straling_direct.bin: 2.6 MB
  icon_eu_canvas_meta.json: 120 stappen, 2026-08-11T00:00 t/m 2026-08-15T23:00
   R2: icon_eu_canvas_meta.json (0.0 MB)
   R2: icon_eu_data_bewolking.bin (7.9 MB)
   R2: icon_eu_data_cape.bin (2.6 MB)
   R2: icon_eu_data_cumul.bin (2.6 MB)
   R2: icon_eu_data_dauwpunt.bin (2.6 MB)
   R2: icon_eu_data_druk.bin (2.6 MB)
   R2: icon_eu_data_neerslag.bin (2.6 MB)
   R2: icon_eu_data_rv.bin (2.6 MB)
   R2: icon_eu_data_straling.bin (2.6 MB)
   R2: icon_eu_data_straling_direct.bin (2.6 MB)
   R2: icon_eu_data_temp.bin (2.6 MB)
   R2: icon_eu_data_wind.bin (5.2 MB)
   R2: icon_eu_data_windstoten.bin (5.2 MB)
R2 upload klaar.
Klaar.
Tue Aug 11 02:30:23 CEST 2026: === ICON-EU klaar ===
Tue Aug 11 08:30:05 CEST 2026: === ICON-EU update ===
ICON-EU: 61x94 = 5734 punten, 72 batches
Model: icon_eu, forecast_days=5, prefix=icon_eu
  batch 1/72 klaar
  batch 2/72 klaar
  batch 3/72 klaar
  batch 4/72 klaar
  batch 5/72 klaar
  batch 6/72 klaar
  batch 7/72 klaar
  batch 8/72 klaar
  batch 9/72 klaar
  batch 10/72 klaar
  batch 11/72 klaar
  batch 12/72 klaar
  batch 13/72 klaar
  batch 14/72 klaar
  batch 15/72 klaar
  batch 16/72 klaar
  batch 17/72 klaar
  batch 18/72 klaar
  batch 19/72 klaar
  batch 20/72 klaar
  batch 21/72 klaar
  batch 22/72 klaar
  batch 23/72 klaar
  batch 24/72 klaar
  batch 25/72 klaar
  batch 26/72 klaar
  batch 27/72 klaar
  batch 28/72 klaar
  batch 29/72 klaar
  batch 30/72 klaar
  batch 31/72 klaar
  batch 32/72 klaar
  batch 33/72 klaar
  batch 34/72 klaar
  batch 35/72 klaar
  batch 36/72 klaar
  batch 37/72 klaar
  batch 38/72 klaar
  batch 39/72 klaar
  batch 40/72 klaar
  batch 41/72 klaar
  batch 42/72 klaar
  batch 43/72 klaar
  batch 44/72 klaar
  batch 45/72 klaar
  batch 46/72 klaar
  batch 47/72 klaar
  batch 48/72 klaar
  batch 49/72 klaar
  batch 50/72 klaar
  batch 51/72 klaar
  batch 52/72 klaar
  batch 53/72 klaar
  batch 54/72 klaar
  batch 55/72 klaar
  batch 56/72 klaar
  batch 57/72 klaar
  batch 58/72 klaar
  batch 59/72 klaar
  batch 60/72 klaar
  batch 61/72 klaar
  batch 62/72 klaar
  batch 63/72 klaar
  batch 64/72 klaar
  batch 65/72 klaar
  batch 66/72 klaar
  batch 67/72 klaar
  batch 68/72 klaar
  batch 69/72 klaar
  batch 70/72 klaar
  batch 71/72 klaar
  batch 72/72 klaar
  Tijdstappen na trim: 120 (2026-08-11T00:00 t/m 2026-08-15T23:00)
  icon_eu_data_neerslag.bin: 2.6 MB
  icon_eu_data_cumul.bin: 2.6 MB
  icon_eu_data_temp.bin: 2.6 MB
  icon_eu_data_dauwpunt.bin: 2.6 MB
  icon_eu_data_rv.bin: 2.6 MB
  icon_eu_data_bewolking.bin: 7.9 MB
  icon_eu_data_wind.bin: 5.2 MB
  icon_eu_data_windstoten.bin: 5.2 MB
  icon_eu_data_druk.bin: 2.6 MB
  icon_eu_data_cape.bin: 2.6 MB
  icon_eu_data_straling.bin: 2.6 MB
  icon_eu_data_straling_direct.bin: 2.6 MB
  icon_eu_canvas_meta.json: 120 stappen, 2026-08-11T00:00 t/m 2026-08-15T23:00
   R2: icon_eu_canvas_meta.json (0.0 MB)
   R2: icon_eu_data_bewolking.bin (7.9 MB)
   R2: icon_eu_data_cape.bin (2.6 MB)
   R2: icon_eu_data_cumul.bin (2.6 MB)
   R2: icon_eu_data_dauwpunt.bin (2.6 MB)
   R2: icon_eu_data_druk.bin (2.6 MB)
   R2: icon_eu_data_neerslag.bin (2.6 MB)
   R2: icon_eu_data_rv.bin (2.6 MB)
   R2: icon_eu_data_straling.bin (2.6 MB)
   R2: icon_eu_data_straling_direct.bin (2.6 MB)
   R2: icon_eu_data_temp.bin (2.6 MB)
   R2: icon_eu_data_wind.bin (5.2 MB)
   R2: icon_eu_data_windstoten.bin (5.2 MB)
R2 upload klaar.
Klaar.
Tue Aug 11 08:30:26 CEST 2026: === ICON-EU klaar ===
Tue Aug 11 14:30:03 CEST 2026: === ICON-EU update ===
ICON-EU: 61x94 = 5734 punten, 72 batches
Model: icon_eu, forecast_days=5, prefix=icon_eu
  batch 1/72 klaar
  batch 2/72 klaar
  batch 3/72 klaar
  batch 4/72 klaar
  batch 5/72 klaar
  batch 6/72 klaar
  batch 7/72 klaar
  batch 8/72 klaar
  batch 9/72 klaar
  batch 10/72 klaar
  batch 11/72 klaar
  batch 12/72 klaar
  batch 13/72 klaar
  batch 14/72 klaar
  batch 15/72 klaar
  batch 16/72 klaar
  batch 17/72 klaar
  batch 18/72 klaar
  batch 19/72 klaar
  batch 20/72 klaar
  batch 21/72 klaar
  batch 22/72 klaar
  batch 23/72 klaar
  batch 24/72 klaar
  batch 25/72 klaar
  batch 26/72 klaar
  batch 27/72 klaar
  batch 28/72 klaar
  batch 29/72 klaar
  batch 30/72 klaar
  batch 31/72 klaar
  batch 32/72 klaar
  batch 33/72 klaar
  batch 34/72 klaar
  batch 35/72 klaar
  batch 36/72 klaar
  batch 37/72 klaar
  batch 38/72 klaar
  batch 39/72 klaar
  batch 40/72 klaar
  batch 41/72 klaar
  batch 42/72 klaar
  batch 43/72 klaar
  batch 44/72 klaar
  batch 45/72 klaar
  batch 46/72 klaar
  batch 47/72 klaar
  batch 48/72 klaar
  batch 49/72 klaar
  batch 50/72 klaar
  batch 51/72 klaar
  batch 52/72 klaar
  batch 53/72 klaar
  batch 54/72 klaar
  batch 55/72 klaar
  batch 56/72 klaar
  batch 57/72 klaar
  batch 58/72 klaar
  batch 59/72 klaar
  batch 60/72 klaar
  batch 61/72 klaar
  batch 62/72 klaar
  batch 63/72 klaar
  batch 64/72 klaar
  batch 65/72 klaar
  batch 66/72 klaar
  batch 67/72 klaar
  batch 68/72 klaar
  batch 69/72 klaar
  batch 70/72 klaar
  batch 71/72 klaar
  batch 72/72 klaar
  Tijdstappen na trim: 120 (2026-08-11T00:00 t/m 2026-08-15T23:00)
  icon_eu_data_neerslag.bin: 2.6 MB
  icon_eu_data_cumul.bin: 2.6 MB
  icon_eu_data_temp.bin: 2.6 MB
  icon_eu_data_dauwpunt.bin: 2.6 MB
  icon_eu_data_rv.bin: 2.6 MB
  icon_eu_data_bewolking.bin: 7.9 MB
  icon_eu_data_wind.bin: 5.2 MB
  icon_eu_data_windstoten.bin: 5.2 MB
  icon_eu_data_druk.bin: 2.6 MB
  icon_eu_data_cape.bin: 2.6 MB
  icon_eu_data_straling.bin: 2.6 MB
  icon_eu_data_straling_direct.bin: 2.6 MB
  icon_eu_canvas_meta.json: 120 stappen, 2026-08-11T00:00 t/m 2026-08-15T23:00
   R2: icon_eu_canvas_meta.json (0.0 MB)
   R2: icon_eu_data_bewolking.bin (7.9 MB)
   R2: icon_eu_data_cape.bin (2.6 MB)
   R2: icon_eu_data_cumul.bin (2.6 MB)
   R2: icon_eu_data_dauwpunt.bin (2.6 MB)
   R2: icon_eu_data_druk.bin (2.6 MB)
   R2: icon_eu_data_neerslag.bin (2.6 MB)
   R2: icon_eu_data_rv.bin (2.6 MB)
   R2: icon_eu_data_straling.bin (2.6 MB)
   R2: icon_eu_data_straling_direct.bin (2.6 MB)
   R2: icon_eu_data_temp.bin (2.6 MB)
   R2: icon_eu_data_wind.bin (5.2 MB)
   R2: icon_eu_data_windstoten.bin (5.2 MB)
R2 upload klaar.
Klaar.
Tue Aug 11 14:30:22 CEST 2026: === ICON-EU klaar ===
Tue Aug 11 20:30:04 CEST 2026: === ICON-EU update ===
ICON-EU: 61x94 = 5734 punten, 72 batches
Model: icon_eu, forecast_days=5, prefix=icon_eu
  batch 1/72 klaar
  batch 2/72 klaar
  batch 3/72 klaar
  batch 4/72 klaar
  batch 5/72 klaar
  batch 6/72 klaar
  batch 7/72 klaar
  batch 8/72 klaar
  batch 9/72 klaar
  batch 10/72 klaar
  batch 11/72 klaar
  batch 12/72 klaar
  batch 13/72 klaar
  batch 14/72 klaar
  batch 15/72 klaar
  batch 16/72 klaar
  batch 17/72 klaar
  batch 18/72 klaar
  batch 19/72 klaar
  batch 20/72 klaar
  batch 21/72 klaar
  batch 22/72 klaar
  batch 23/72 klaar
  batch 24/72 klaar
  batch 25/72 klaar
  batch 26/72 klaar
  batch 27/72 klaar
  batch 28/72 klaar
  batch 29/72 klaar
  batch 30/72 klaar
  batch 31/72 klaar
  batch 32/72 klaar
  batch 33/72 klaar
  batch 34/72 klaar
  batch 35/72 klaar
  batch 36/72 klaar
  batch 37/72 klaar
  batch 38/72 klaar
  batch 39/72 klaar
  batch 40/72 klaar
  batch 41/72 klaar
  batch 42/72 klaar
  batch 43/72 klaar
  batch 44/72 klaar
  batch 45/72 klaar
  batch 46/72 klaar
  batch 47/72 klaar
  batch 48/72 klaar
  batch 49/72 klaar
  batch 50/72 klaar
  batch 51/72 klaar
  batch 52/72 klaar
  batch 53/72 klaar
  batch 54/72 klaar
  batch 55/72 klaar
  batch 56/72 klaar
  batch 57/72 klaar
  batch 58/72 klaar
  batch 59/72 klaar
  batch 60/72 klaar
  batch 61/72 klaar
  batch 62/72 klaar
  batch 63/72 klaar
  batch 64/72 klaar
  batch 65/72 klaar
  batch 66/72 klaar
  batch 67/72 klaar
  batch 68/72 klaar
  batch 69/72 klaar
  batch 70/72 klaar
  batch 71/72 klaar
  batch 72/72 klaar
  Tijdstappen na trim: 120 (2026-08-11T00:00 t/m 2026-08-15T23:00)
  icon_eu_data_neerslag.bin: 2.6 MB
  icon_eu_data_cumul.bin: 2.6 MB
  icon_eu_data_temp.bin: 2.6 MB
  icon_eu_data_dauwpunt.bin: 2.6 MB
  icon_eu_data_rv.bin: 2.6 MB
  icon_eu_data_bewolking.bin: 7.9 MB
  icon_eu_data_wind.bin: 5.2 MB
  icon_eu_data_windstoten.bin: 5.2 MB
  icon_eu_data_druk.bin: 2.6 MB
  icon_eu_data_cape.bin: 2.6 MB
  icon_eu_data_straling.bin: 2.6 MB
  icon_eu_data_straling_direct.bin: 2.6 MB
  icon_eu_canvas_meta.json: 120 stappen, 2026-08-11T00:00 t/m 2026-08-15T23:00
   R2: icon_eu_canvas_meta.json (0.0 MB)
   R2: icon_eu_data_bewolking.bin (7.9 MB)
   R2: icon_eu_data_cape.bin (2.6 MB)
   R2: icon_eu_data_cumul.bin (2.6 MB)
   R2: icon_eu_data_dauwpunt.bin (2.6 MB)
   R2: icon_eu_data_druk.bin (2.6 MB)
   R2: icon_eu_data_neerslag.bin (2.6 MB)
   R2: icon_eu_data_rv.bin (2.6 MB)
   R2: icon_eu_data_straling.bin (2.6 MB)
   R2: icon_eu_data_straling_direct.bin (2.6 MB)
   R2: icon_eu_data_temp.bin (2.6 MB)
   R2: icon_eu_data_wind.bin (5.2 MB)
   R2: icon_eu_data_windstoten.bin (5.2 MB)
R2 upload klaar.
Klaar.
Tue Aug 11 20:30:25 CEST 2026: === ICON-EU klaar ===
Wed Aug 12 02:30:05 CEST 2026: === ICON-EU update ===
ICON-EU: 61x94 = 5734 punten, 72 batches
Model: icon_eu, forecast_days=5, prefix=icon_eu
  batch 1/72 klaar
  batch 2/72 klaar
  batch 3/72 klaar
  batch 4/72 klaar
  batch 5/72 klaar
  batch 6/72 klaar
  batch 7/72 klaar
  batch 8/72 klaar
  batch 9/72 klaar
  batch 10/72 klaar
  batch 11/72 klaar
  batch 12/72 klaar
  batch 13/72 klaar
  batch 14/72 klaar
  batch 15/72 klaar
  batch 16/72 klaar
  batch 17/72 klaar
  batch 18/72 klaar
  batch 19/72 klaar
  batch 20/72 klaar
  batch 21/72 klaar
  batch 22/72 klaar
  batch 23/72 klaar
  batch 24/72 klaar
  batch 25/72 klaar
  batch 26/72 klaar
  batch 27/72 klaar
  batch 28/72 klaar
  batch 29/72 klaar
  batch 30/72 klaar
  batch 31/72 klaar
  batch 32/72 klaar
  batch 33/72 klaar
  batch 34/72 klaar
  batch 35/72 klaar
  batch 36/72 klaar
  batch 37/72 klaar
  batch 38/72 klaar
  batch 39/72 klaar
  batch 40/72 klaar
  batch 41/72 klaar
  batch 42/72 klaar
  batch 43/72 klaar
  batch 44/72 klaar
  batch 45/72 klaar
  batch 46/72 klaar
  batch 47/72 klaar
  batch 48/72 klaar
  batch 49/72 klaar
  batch 50/72 klaar
  batch 51/72 klaar
  batch 52/72 klaar
  batch 53/72 klaar
  batch 54/72 klaar
  batch 55/72 klaar
  batch 56/72 klaar
  batch 57/72 klaar
  batch 58/72 klaar
  batch 59/72 klaar
  batch 60/72 klaar
  batch 61/72 klaar
  batch 62/72 klaar
  batch 63/72 klaar
  batch 64/72 klaar
  batch 65/72 klaar
  batch 66/72 klaar
  batch 67/72 klaar
  batch 68/72 klaar
  batch 69/72 klaar
  batch 70/72 klaar
  batch 71/72 klaar
  batch 72/72 klaar
  Tijdstappen na trim: 120 (2026-08-12T00:00 t/m 2026-08-16T23:00)
  icon_eu_data_neerslag.bin: 2.6 MB
  icon_eu_data_cumul.bin: 2.6 MB
  icon_eu_data_temp.bin: 2.6 MB
  icon_eu_data_dauwpunt.bin: 2.6 MB
  icon_eu_data_rv.bin: 2.6 MB
  icon_eu_data_bewolking.bin: 7.9 MB
  icon_eu_data_wind.bin: 5.2 MB
  icon_eu_data_windstoten.bin: 5.2 MB
  icon_eu_data_druk.bin: 2.6 MB
  icon_eu_data_cape.bin: 2.6 MB
  icon_eu_data_straling.bin: 2.6 MB
  icon_eu_data_straling_direct.bin: 2.6 MB
  icon_eu_canvas_meta.json: 120 stappen, 2026-08-12T00:00 t/m 2026-08-16T23:00
   R2: icon_eu_canvas_meta.json (0.0 MB)
   R2: icon_eu_data_bewolking.bin (7.9 MB)
   R2: icon_eu_data_cape.bin (2.6 MB)
   R2: icon_eu_data_cumul.bin (2.6 MB)
   R2: icon_eu_data_dauwpunt.bin (2.6 MB)
   R2: icon_eu_data_druk.bin (2.6 MB)
   R2: icon_eu_data_neerslag.bin (2.6 MB)
   R2: icon_eu_data_rv.bin (2.6 MB)
   R2: icon_eu_data_straling.bin (2.6 MB)
   R2: icon_eu_data_straling_direct.bin (2.6 MB)
   R2: icon_eu_data_temp.bin (2.6 MB)
   R2: icon_eu_data_wind.bin (5.2 MB)
   R2: icon_eu_data_windstoten.bin (5.2 MB)
R2 upload klaar.
Klaar.
Wed Aug 12 02:30:24 CEST 2026: === ICON-EU klaar ===
Wed Aug 12 08:30:05 CEST 2026: === ICON-EU update ===
ICON-EU: 61x94 = 5734 punten, 72 batches
Model: icon_eu, forecast_days=5, prefix=icon_eu
  batch 1/72 klaar
  batch 2/72 klaar
  batch 3/72 klaar
  batch 4/72 klaar
  batch 5/72 klaar
  batch 6/72 klaar
  batch 7/72 klaar
  batch 8/72 klaar
  batch 9/72 klaar
  batch 10/72 klaar
  batch 11/72 klaar
  batch 12/72 klaar
  batch 13/72 klaar
  batch 14/72 klaar
  batch 15/72 klaar
  batch 16/72 klaar
  batch 17/72 klaar
  batch 18/72 klaar
  batch 19/72 klaar
  batch 20/72 klaar
  batch 21/72 klaar
  batch 22/72 klaar
  batch 23/72 klaar
  batch 24/72 klaar
  batch 25/72 klaar
  batch 26/72 klaar
  batch 27/72 klaar
  batch 28/72 klaar
  batch 29/72 klaar
  batch 30/72 klaar
  batch 31/72 klaar
  batch 32/72 klaar
  batch 33/72 klaar
  batch 34/72 klaar
  batch 35/72 klaar
  batch 36/72 klaar
  batch 37/72 klaar
  batch 38/72 klaar
  batch 39/72 klaar
  batch 40/72 klaar
  batch 41/72 klaar
  batch 42/72 klaar
  batch 43/72 klaar
  batch 44/72 klaar
  batch 45/72 klaar
  batch 46/72 klaar
  batch 47/72 klaar
  batch 48/72 klaar
  batch 49/72 klaar
  batch 50/72 klaar
  batch 51/72 klaar
  batch 52/72 klaar
  batch 53/72 klaar
  batch 54/72 klaar
  batch 55/72 klaar
  batch 56/72 klaar
  batch 57/72 klaar
  batch 58/72 klaar
  batch 59/72 klaar
  batch 60/72 klaar
  batch 61/72 klaar
  batch 62/72 klaar
  batch 63/72 klaar
  batch 64/72 klaar
  batch 65/72 klaar
  batch 66/72 klaar
  batch 67/72 klaar
  batch 68/72 klaar
  batch 69/72 klaar
  batch 70/72 klaar
  batch 71/72 klaar
  batch 72/72 klaar
  Tijdstappen na trim: 120 (2026-08-12T00:00 t/m 2026-08-16T23:00)
  icon_eu_data_neerslag.bin: 2.6 MB
  icon_eu_data_cumul.bin: 2.6 MB
  icon_eu_data_temp.bin: 2.6 MB
  icon_eu_data_dauwpunt.bin: 2.6 MB
  icon_eu_data_rv.bin: 2.6 MB
  icon_eu_data_bewolking.bin: 7.9 MB
  icon_eu_data_wind.bin: 5.2 MB
  icon_eu_data_windstoten.bin: 5.2 MB
  icon_eu_data_druk.bin: 2.6 MB
  icon_eu_data_cape.bin: 2.6 MB
  icon_eu_data_straling.bin: 2.6 MB
  icon_eu_data_straling_direct.bin: 2.6 MB
  icon_eu_canvas_meta.json: 120 stappen, 2026-08-12T00:00 t/m 2026-08-16T23:00
   R2: icon_eu_canvas_meta.json (0.0 MB)
   R2: icon_eu_data_bewolking.bin (7.9 MB)
   R2: icon_eu_data_cape.bin (2.6 MB)
   R2: icon_eu_data_cumul.bin (2.6 MB)
   R2: icon_eu_data_dauwpunt.bin (2.6 MB)
   R2: icon_eu_data_druk.bin (2.6 MB)
   R2: icon_eu_data_neerslag.bin (2.6 MB)
   R2: icon_eu_data_rv.bin (2.6 MB)
   R2: icon_eu_data_straling.bin (2.6 MB)
   R2: icon_eu_data_straling_direct.bin (2.6 MB)
   R2: icon_eu_data_temp.bin (2.6 MB)
   R2: icon_eu_data_wind.bin (5.2 MB)
   R2: icon_eu_data_windstoten.bin (5.2 MB)
R2 upload klaar.
Klaar.
Wed Aug 12 08:30:25 CEST 2026: === ICON-EU klaar ===
Wed Aug 12 14:30:05 CEST 2026: === ICON-EU update ===
ICON-EU: 61x94 = 5734 punten, 72 batches
Model: icon_eu, forecast_days=5, prefix=icon_eu
  batch 1/72 klaar
  batch 2/72 klaar
  batch 3/72 klaar
  batch 4/72 klaar
  batch 5/72 klaar
  batch 6/72 klaar
  batch 7/72 klaar
  batch 8/72 klaar
  batch 9/72 klaar
  batch 10/72 klaar
  batch 11/72 klaar
  batch 12/72 klaar
  batch 13/72 klaar
  batch 14/72 klaar
  batch 15/72 klaar
  batch 16/72 klaar
  batch 17/72 klaar
  batch 18/72 klaar
  batch 19/72 klaar
  batch 20/72 klaar
  batch 21/72 klaar
  batch 22/72 klaar
  batch 23/72 klaar
  batch 24/72 klaar
  batch 25/72 klaar
  batch 26/72 klaar
  batch 27/72 klaar
  batch 28/72 klaar
  batch 29/72 klaar
  batch 30/72 klaar
  batch 31/72 klaar
  batch 32/72 klaar
  batch 33/72 klaar
  batch 34/72 klaar
  batch 35/72 klaar
  batch 36/72 klaar
  batch 37/72 klaar
  batch 38/72 klaar
  batch 39/72 klaar
  batch 40/72 klaar
  batch 41/72 klaar
  batch 42/72 klaar
  batch 43/72 klaar
  batch 44/72 klaar
  batch 45/72 klaar
  batch 46/72 klaar
  batch 47/72 klaar
  batch 48/72 klaar
  batch 49/72 klaar
  batch 50/72 klaar
  batch 51/72 klaar
  batch 52/72 klaar
  batch 53/72 klaar
  batch 54/72 klaar
  batch 55/72 klaar
  batch 56/72 klaar
  batch 57/72 klaar
  batch 58/72 klaar
  batch 59/72 klaar
  batch 60/72 klaar
  batch 61/72 klaar
  batch 62/72 klaar
  batch 63/72 klaar
  batch 64/72 klaar
  batch 65/72 klaar
  batch 66/72 klaar
  batch 67/72 klaar
  batch 68/72 klaar
  batch 69/72 klaar
  batch 70/72 klaar
  batch 71/72 klaar
  batch 72/72 klaar
  Tijdstappen na trim: 120 (2026-08-12T00:00 t/m 2026-08-16T23:00)
  icon_eu_data_neerslag.bin: 2.6 MB
  icon_eu_data_cumul.bin: 2.6 MB
  icon_eu_data_temp.bin: 2.6 MB
  icon_eu_data_dauwpunt.bin: 2.6 MB
  icon_eu_data_rv.bin: 2.6 MB
  icon_eu_data_bewolking.bin: 7.9 MB
  icon_eu_data_wind.bin: 5.2 MB
  icon_eu_data_windstoten.bin: 5.2 MB
  icon_eu_data_druk.bin: 2.6 MB
  icon_eu_data_cape.bin: 2.6 MB
  icon_eu_data_straling.bin: 2.6 MB
  icon_eu_data_straling_direct.bin: 2.6 MB
  icon_eu_canvas_meta.json: 120 stappen, 2026-08-12T00:00 t/m 2026-08-16T23:00
   R2: icon_eu_canvas_meta.json (0.0 MB)
   R2: icon_eu_data_bewolking.bin (7.9 MB)
   R2: icon_eu_data_cape.bin (2.6 MB)
   R2: icon_eu_data_cumul.bin (2.6 MB)
   R2: icon_eu_data_dauwpunt.bin (2.6 MB)
   R2: icon_eu_data_druk.bin (2.6 MB)
   R2: icon_eu_data_neerslag.bin (2.6 MB)
   R2: icon_eu_data_rv.bin (2.6 MB)
   R2: icon_eu_data_straling.bin (2.6 MB)
   R2: icon_eu_data_straling_direct.bin (2.6 MB)
   R2: icon_eu_data_temp.bin (2.6 MB)
   R2: icon_eu_data_wind.bin (5.2 MB)
   R2: icon_eu_data_windstoten.bin (5.2 MB)
R2 upload klaar.
Klaar.
Wed Aug 12 14:30:28 CEST 2026: === ICON-EU klaar ===
Wed Aug 12 20:30:05 CEST 2026: === ICON-EU update ===
ICON-EU: 61x94 = 5734 punten, 72 batches
Model: icon_eu, forecast_days=5, prefix=icon_eu
  batch 1/72 klaar
  batch 2/72 klaar
  batch 3/72 klaar
  batch 4/72 klaar
  batch 5/72 klaar
  batch 6/72 klaar
  batch 7/72 klaar
  batch 8/72 klaar
  batch 9/72 klaar
  batch 10/72 klaar
  batch 11/72 klaar
  batch 12/72 klaar
  batch 13/72 klaar
  batch 14/72 klaar
  batch 15/72 klaar
  batch 16/72 klaar
  batch 17/72 klaar
  batch 18/72 klaar
  batch 19/72 klaar
  batch 20/72 klaar
  batch 21/72 klaar
  batch 22/72 klaar
  batch 23/72 klaar
  batch 24/72 klaar
  batch 25/72 klaar
  batch 26/72 klaar
  batch 27/72 klaar
  batch 28/72 klaar
  batch 29/72 klaar
  batch 30/72 klaar
  batch 31/72 klaar
  batch 32/72 klaar
  batch 33/72 klaar
  batch 34/72 klaar
  batch 35/72 klaar
  batch 36/72 klaar
  batch 37/72 klaar
  batch 38/72 klaar
  batch 39/72 klaar
  batch 40/72 klaar
  batch 41/72 klaar
  batch 42/72 klaar
  batch 43/72 klaar
  batch 44/72 klaar
  batch 45/72 klaar
  batch 46/72 klaar
  batch 47/72 klaar
  batch 48/72 klaar
  batch 49/72 klaar
  batch 50/72 klaar
  batch 51/72 klaar
  batch 52/72 klaar
  batch 53/72 klaar
  batch 54/72 klaar
  batch 55/72 klaar
  batch 56/72 klaar
  batch 57/72 klaar
  batch 58/72 klaar
  batch 59/72 klaar
  batch 60/72 klaar
  batch 61/72 klaar
  batch 62/72 klaar
  batch 63/72 klaar
  batch 64/72 klaar
  batch 65/72 klaar
  batch 66/72 klaar
  batch 67/72 klaar
  batch 68/72 klaar
  batch 69/72 klaar
  batch 70/72 klaar
  batch 71/72 klaar
  batch 72/72 klaar
  Tijdstappen na trim: 120 (2026-08-12T00:00 t/m 2026-08-16T23:00)
  icon_eu_data_neerslag.bin: 2.6 MB
  icon_eu_data_cumul.bin: 2.6 MB
  icon_eu_data_temp.bin: 2.6 MB
  icon_eu_data_dauwpunt.bin: 2.6 MB
  icon_eu_data_rv.bin: 2.6 MB
  icon_eu_data_bewolking.bin: 7.9 MB
  icon_eu_data_wind.bin: 5.2 MB
  icon_eu_data_windstoten.bin: 5.2 MB
  icon_eu_data_druk.bin: 2.6 MB
  icon_eu_data_cape.bin: 2.6 MB
  icon_eu_data_straling.bin: 2.6 MB
  icon_eu_data_straling_direct.bin: 2.6 MB
  icon_eu_canvas_meta.json: 120 stappen, 2026-08-12T00:00 t/m 2026-08-16T23:00
   R2: icon_eu_canvas_meta.json (0.0 MB)
   R2: icon_eu_data_bewolking.bin (7.9 MB)
   R2: icon_eu_data_cape.bin (2.6 MB)
   R2: icon_eu_data_cumul.bin (2.6 MB)
   R2: icon_eu_data_dauwpunt.bin (2.6 MB)
   R2: icon_eu_data_druk.bin (2.6 MB)
   R2: icon_eu_data_neerslag.bin (2.6 MB)
   R2: icon_eu_data_rv.bin (2.6 MB)
   R2: icon_eu_data_straling.bin (2.6 MB)
   R2: icon_eu_data_straling_direct.bin (2.6 MB)
   R2: icon_eu_data_temp.bin (2.6 MB)
   R2: icon_eu_data_wind.bin (5.2 MB)
   R2: icon_eu_data_windstoten.bin (5.2 MB)
R2 upload klaar.
Klaar.
Wed Aug 12 20:30:29 CEST 2026: === ICON-EU klaar ===
Thu Aug 13 02:30:05 CEST 2026: === ICON-EU update ===
ICON-EU: 61x94 = 5734 punten, 72 batches
Model: icon_eu, forecast_days=5, prefix=icon_eu
  batch 1/72 klaar
  batch 2/72 klaar
  batch 3/72 klaar
  batch 4/72 klaar
  batch 5/72 klaar
  batch 6/72 klaar
  batch 7/72 klaar
  batch 8/72 klaar
  batch 9/72 klaar
  batch 10/72 klaar
  batch 11/72 klaar
  batch 12/72 klaar
  batch 13/72 klaar
  batch 14/72 klaar
  batch 15/72 klaar
  batch 16/72 klaar
  batch 17/72 klaar
  batch 18/72 klaar
  batch 19/72 klaar
  batch 20/72 klaar
  batch 21/72 klaar
  batch 22/72 klaar
  batch 23/72 klaar
  batch 24/72 klaar
  batch 25/72 klaar
  batch 26/72 klaar
  batch 27/72 klaar
  batch 28/72 klaar
  batch 29/72 klaar
  batch 30/72 klaar
  batch 31/72 klaar
  batch 32/72 klaar
  batch 33/72 klaar
  batch 34/72 klaar
  batch 35/72 klaar
  batch 36/72 klaar
  batch 37/72 klaar
  batch 38/72 klaar
  batch 39/72 klaar
  batch 40/72 klaar
  batch 41/72 klaar
  batch 42/72 klaar
  batch 43/72 klaar
  batch 44/72 klaar
  batch 45/72 klaar
  batch 46/72 klaar
  batch 47/72 klaar
  batch 48/72 klaar
  batch 49/72 klaar
  batch 50/72 klaar
  batch 51/72 klaar
  batch 52/72 klaar
  batch 53/72 klaar
  batch 54/72 klaar
  batch 55/72 klaar
  batch 56/72 klaar
  batch 57/72 klaar
  batch 58/72 klaar
  batch 59/72 klaar
  batch 60/72 klaar
  batch 61/72 klaar
  batch 62/72 klaar
  batch 63/72 klaar
  batch 64/72 klaar
  batch 65/72 klaar
  batch 66/72 klaar
  batch 67/72 klaar
  batch 68/72 klaar
  batch 69/72 klaar
  batch 70/72 klaar
  batch 71/72 klaar
  batch 72/72 klaar
  Tijdstappen na trim: 120 (2026-08-13T00:00 t/m 2026-08-17T23:00)
  icon_eu_data_neerslag.bin: 2.6 MB
  icon_eu_data_cumul.bin: 2.6 MB
  icon_eu_data_temp.bin: 2.6 MB
  icon_eu_data_dauwpunt.bin: 2.6 MB
  icon_eu_data_rv.bin: 2.6 MB
  icon_eu_data_bewolking.bin: 7.9 MB
  icon_eu_data_wind.bin: 5.2 MB
  icon_eu_data_windstoten.bin: 5.2 MB
  icon_eu_data_druk.bin: 2.6 MB
  icon_eu_data_cape.bin: 2.6 MB
  icon_eu_data_straling.bin: 2.6 MB
  icon_eu_data_straling_direct.bin: 2.6 MB
  icon_eu_canvas_meta.json: 120 stappen, 2026-08-13T00:00 t/m 2026-08-17T23:00
   R2: icon_eu_canvas_meta.json (0.0 MB)
   R2: icon_eu_data_bewolking.bin (7.9 MB)
   R2: icon_eu_data_cape.bin (2.6 MB)
   R2: icon_eu_data_cumul.bin (2.6 MB)
   R2: icon_eu_data_dauwpunt.bin (2.6 MB)
   R2: icon_eu_data_druk.bin (2.6 MB)
   R2: icon_eu_data_neerslag.bin (2.6 MB)
   R2: icon_eu_data_rv.bin (2.6 MB)
   R2: icon_eu_data_straling.bin (2.6 MB)
   R2: icon_eu_data_straling_direct.bin (2.6 MB)
   R2: icon_eu_data_temp.bin (2.6 MB)
   R2: icon_eu_data_wind.bin (5.2 MB)
   R2: icon_eu_data_windstoten.bin (5.2 MB)
R2 upload klaar.
Klaar.
Thu Aug 13 02:30:25 CEST 2026: === ICON-EU klaar ===
Thu Aug 13 08:30:05 CEST 2026: === ICON-EU update ===
ICON-EU: 61x94 = 5734 punten, 72 batches
Model: icon_eu, forecast_days=5, prefix=icon_eu
  batch 1/72 klaar
  batch 2/72 klaar
  batch 3/72 klaar
  batch 4/72 klaar
  batch 5/72 klaar
  batch 6/72 klaar
  batch 7/72 klaar
  batch 8/72 klaar
  batch 9/72 klaar
  batch 10/72 klaar
  batch 11/72 klaar
  batch 12/72 klaar
  batch 13/72 klaar
  batch 14/72 klaar
  batch 15/72 klaar
  batch 16/72 klaar
  batch 17/72 klaar
  batch 18/72 klaar
  batch 19/72 klaar
  batch 20/72 klaar
  batch 21/72 klaar
  batch 22/72 klaar
  batch 23/72 klaar
  batch 24/72 klaar
  batch 25/72 klaar
  batch 26/72 klaar
  batch 27/72 klaar
  batch 28/72 klaar
  batch 29/72 klaar
  batch 30/72 klaar
  batch 31/72 klaar
  batch 32/72 klaar
  batch 33/72 klaar
  batch 34/72 klaar
  batch 35/72 klaar
  batch 36/72 klaar
  batch 37/72 klaar
  batch 38/72 klaar
  batch 39/72 klaar
  batch 40/72 klaar
  batch 41/72 klaar
  batch 42/72 klaar
  batch 43/72 klaar
  batch 44/72 klaar
  batch 45/72 klaar
  batch 46/72 klaar
  batch 47/72 klaar
  batch 48/72 klaar
  batch 49/72 klaar
  batch 50/72 klaar
  batch 51/72 klaar
  batch 52/72 klaar
  batch 53/72 klaar
  batch 54/72 klaar
  batch 55/72 klaar
  batch 56/72 klaar
  batch 57/72 klaar
  batch 58/72 klaar
  batch 59/72 klaar
  batch 60/72 klaar
  batch 61/72 klaar
  batch 62/72 klaar
  batch 63/72 klaar
  batch 64/72 klaar
  batch 65/72 klaar
  batch 66/72 klaar
  batch 67/72 klaar
  batch 68/72 klaar
  batch 69/72 klaar
  batch 70/72 klaar
  batch 71/72 klaar
  batch 72/72 klaar
  Tijdstappen na trim: 120 (2026-08-13T00:00 t/m 2026-08-17T23:00)
  icon_eu_data_neerslag.bin: 2.6 MB
  icon_eu_data_cumul.bin: 2.6 MB
  icon_eu_data_temp.bin: 2.6 MB
  icon_eu_data_dauwpunt.bin: 2.6 MB
  icon_eu_data_rv.bin: 2.6 MB
  icon_eu_data_bewolking.bin: 7.9 MB
  icon_eu_data_wind.bin: 5.2 MB
  icon_eu_data_windstoten.bin: 5.2 MB
  icon_eu_data_druk.bin: 2.6 MB
  icon_eu_data_cape.bin: 2.6 MB
  icon_eu_data_straling.bin: 2.6 MB
  icon_eu_data_straling_direct.bin: 2.6 MB
  icon_eu_canvas_meta.json: 120 stappen, 2026-08-13T00:00 t/m 2026-08-17T23:00
   R2: icon_eu_canvas_meta.json (0.0 MB)
   R2: icon_eu_data_bewolking.bin (7.9 MB)
   R2: icon_eu_data_cape.bin (2.6 MB)
   R2: icon_eu_data_cumul.bin (2.6 MB)
   R2: icon_eu_data_dauwpunt.bin (2.6 MB)
   R2: icon_eu_data_druk.bin (2.6 MB)
   R2: icon_eu_data_neerslag.bin (2.6 MB)
   R2: icon_eu_data_rv.bin (2.6 MB)
   R2: icon_eu_data_straling.bin (2.6 MB)
   R2: icon_eu_data_straling_direct.bin (2.6 MB)
   R2: icon_eu_data_temp.bin (2.6 MB)
   R2: icon_eu_data_wind.bin (5.2 MB)
   R2: icon_eu_data_windstoten.bin (5.2 MB)
R2 upload klaar.
Klaar.
Thu Aug 13 08:30:24 CEST 2026: === ICON-EU klaar ===
Thu Aug 13 14:30:05 CEST 2026: === ICON-EU update ===
ICON-EU: 61x94 = 5734 punten, 72 batches
Model: icon_eu, forecast_days=5, prefix=icon_eu
  batch 1/72 klaar
  batch 2/72 klaar
  batch 3/72 klaar
  batch 4/72 klaar
  batch 5/72 klaar
  batch 6/72 klaar
  batch 7/72 klaar
  batch 8/72 klaar
  batch 9/72 klaar
  batch 10/72 klaar
  batch 11/72 klaar
  batch 12/72 klaar
  batch 13/72 klaar
  batch 14/72 klaar
  batch 15/72 klaar
  batch 16/72 klaar
  batch 17/72 klaar
  batch 18/72 klaar
  batch 19/72 klaar
  batch 20/72 klaar
  batch 21/72 klaar
  batch 22/72 klaar
  batch 23/72 klaar
  batch 24/72 klaar
  batch 25/72 klaar
  batch 26/72 klaar
  batch 27/72 klaar
  batch 28/72 klaar
  batch 29/72 klaar
  batch 30/72 klaar
  batch 31/72 klaar
  batch 32/72 klaar
  batch 33/72 klaar
  batch 34/72 klaar
  batch 35/72 klaar
  batch 36/72 klaar
  batch 37/72 klaar
  batch 38/72 klaar
  batch 39/72 klaar
  batch 40/72 klaar
  batch 41/72 klaar
  batch 42/72 klaar
  batch 43/72 klaar
  batch 44/72 klaar
  batch 45/72 klaar
  batch 46/72 klaar
  batch 47/72 klaar
  batch 48/72 klaar
  batch 49/72 klaar
  batch 50/72 klaar
  batch 51/72 klaar
  batch 52/72 klaar
  batch 53/72 klaar
  batch 54/72 klaar
  batch 55/72 klaar
  batch 56/72 klaar
  batch 57/72 klaar
  batch 58/72 klaar
  batch 59/72 klaar
  batch 60/72 klaar
  batch 61/72 klaar
  batch 62/72 klaar
  batch 63/72 klaar
  batch 64/72 klaar
  batch 65/72 klaar
  batch 66/72 klaar
  batch 67/72 klaar
  batch 68/72 klaar
  batch 69/72 klaar
  batch 70/72 klaar
  batch 71/72 klaar
  batch 72/72 klaar
  Tijdstappen na trim: 120 (2026-08-13T00:00 t/m 2026-08-17T23:00)
  icon_eu_data_neerslag.bin: 2.6 MB
  icon_eu_data_cumul.bin: 2.6 MB
  icon_eu_data_temp.bin: 2.6 MB
  icon_eu_data_dauwpunt.bin: 2.6 MB
  icon_eu_data_rv.bin: 2.6 MB
  icon_eu_data_bewolking.bin: 7.9 MB
  icon_eu_data_wind.bin: 5.2 MB
  icon_eu_data_windstoten.bin: 5.2 MB
  icon_eu_data_druk.bin: 2.6 MB
  icon_eu_data_cape.bin: 2.6 MB
  icon_eu_data_straling.bin: 2.6 MB
  icon_eu_data_straling_direct.bin: 2.6 MB
  icon_eu_canvas_meta.json: 120 stappen, 2026-08-13T00:00 t/m 2026-08-17T23:00
   R2: icon_eu_canvas_meta.json (0.0 MB)
   R2: icon_eu_data_bewolking.bin (7.9 MB)
   R2: icon_eu_data_cape.bin (2.6 MB)
   R2: icon_eu_data_cumul.bin (2.6 MB)
   R2: icon_eu_data_dauwpunt.bin (2.6 MB)
   R2: icon_eu_data_druk.bin (2.6 MB)
   R2: icon_eu_data_neerslag.bin (2.6 MB)
   R2: icon_eu_data_rv.bin (2.6 MB)
   R2: icon_eu_data_straling.bin (2.6 MB)
   R2: icon_eu_data_straling_direct.bin (2.6 MB)
   R2: icon_eu_data_temp.bin (2.6 MB)
   R2: icon_eu_data_wind.bin (5.2 MB)
   R2: icon_eu_data_windstoten.bin (5.2 MB)
R2 upload klaar.
Klaar.
Thu Aug 13 14:30:25 CEST 2026: === ICON-EU klaar ===
Thu Aug 13 20:30:04 CEST 2026: === ICON-EU update ===
ICON-EU: 61x94 = 5734 punten, 72 batches
Model: icon_eu, forecast_days=5, prefix=icon_eu
  batch 1/72 klaar
  batch 2/72 klaar
  batch 3/72 klaar
  batch 4/72 klaar
  batch 5/72 klaar
  batch 6/72 klaar
  batch 7/72 klaar
  batch 8/72 klaar
  batch 9/72 klaar
  batch 10/72 klaar
  batch 11/72 klaar
  batch 12/72 klaar
  batch 13/72 klaar
  batch 14/72 klaar
  batch 15/72 klaar
  batch 16/72 klaar
  batch 17/72 klaar
  batch 18/72 klaar
  batch 19/72 klaar
  batch 20/72 klaar
  batch 21/72 klaar
  batch 22/72 klaar
  batch 23/72 klaar
  batch 24/72 klaar
  batch 25/72 klaar
  batch 26/72 klaar
  batch 27/72 klaar
  batch 28/72 klaar
  batch 29/72 klaar
  batch 30/72 klaar
  batch 31/72 klaar
  batch 32/72 klaar
  batch 33/72 klaar
  batch 34/72 klaar
  batch 35/72 klaar
  batch 36/72 klaar
  batch 37/72 klaar
  batch 38/72 klaar
  batch 39/72 klaar
  batch 40/72 klaar
  batch 41/72 klaar
  batch 42/72 klaar
  batch 43/72 klaar
  batch 44/72 klaar
  batch 45/72 klaar
  batch 46/72 klaar
  batch 47/72 klaar
  batch 48/72 klaar
  batch 49/72 klaar
  batch 50/72 klaar
  batch 51/72 klaar
  batch 52/72 klaar
  batch 53/72 klaar
  batch 54/72 klaar
  batch 55/72 klaar
  batch 56/72 klaar
  batch 57/72 klaar
  batch 58/72 klaar
  batch 59/72 klaar
  batch 60/72 klaar
  batch 61/72 klaar
  batch 62/72 klaar
  batch 63/72 klaar
  batch 64/72 klaar
  batch 65/72 klaar
  batch 66/72 klaar
  batch 67/72 klaar
  batch 68/72 klaar
  batch 69/72 klaar
  batch 70/72 klaar
  batch 71/72 klaar
  batch 72/72 klaar
  Tijdstappen na trim: 120 (2026-08-13T00:00 t/m 2026-08-17T23:00)
  icon_eu_data_neerslag.bin: 2.6 MB
  icon_eu_data_cumul.bin: 2.6 MB
  icon_eu_data_temp.bin: 2.6 MB
  icon_eu_data_dauwpunt.bin: 2.6 MB
  icon_eu_data_rv.bin: 2.6 MB
  icon_eu_data_bewolking.bin: 7.9 MB
  icon_eu_data_wind.bin: 5.2 MB
  icon_eu_data_windstoten.bin: 5.2 MB
  icon_eu_data_druk.bin: 2.6 MB
  icon_eu_data_cape.bin: 2.6 MB
  icon_eu_data_straling.bin: 2.6 MB
  icon_eu_data_straling_direct.bin: 2.6 MB
  icon_eu_canvas_meta.json: 120 stappen, 2026-08-13T00:00 t/m 2026-08-17T23:00
   R2: icon_eu_canvas_meta.json (0.0 MB)
   R2: icon_eu_data_bewolking.bin (7.9 MB)
   R2: icon_eu_data_cape.bin (2.6 MB)
   R2: icon_eu_data_cumul.bin (2.6 MB)
   R2: icon_eu_data_dauwpunt.bin (2.6 MB)
   R2: icon_eu_data_druk.bin (2.6 MB)
   R2: icon_eu_data_neerslag.bin (2.6 MB)
   R2: icon_eu_data_rv.bin (2.6 MB)
   R2: icon_eu_data_straling.bin (2.6 MB)
   R2: icon_eu_data_straling_direct.bin (2.6 MB)
   R2: icon_eu_data_temp.bin (2.6 MB)
   R2: icon_eu_data_wind.bin (5.2 MB)
   R2: icon_eu_data_windstoten.bin (5.2 MB)
R2 upload klaar.
Klaar.
Thu Aug 13 20:30:28 CEST 2026: === ICON-EU klaar ===
Fri Aug 14 02:30:05 CEST 2026: === ICON-EU update ===
ICON-EU: 61x94 = 5734 punten, 72 batches
Model: icon_eu, forecast_days=5, prefix=icon_eu
  batch 1/72 klaar
  batch 2/72 klaar
  batch 3/72 klaar
  batch 4/72 klaar
  batch 5/72 klaar
  batch 6/72 klaar
  batch 7/72 klaar
  batch 8/72 klaar
  batch 9/72 klaar
  batch 10/72 klaar
  batch 11/72 klaar
  batch 12/72 klaar
  batch 13/72 klaar
  batch 14/72 klaar
  batch 15/72 klaar
  batch 16/72 klaar
  batch 17/72 klaar
  batch 18/72 klaar
  batch 19/72 klaar
  batch 20/72 klaar
  batch 21/72 klaar
  batch 22/72 klaar
  batch 23/72 klaar
  batch 24/72 klaar
  batch 25/72 klaar
  batch 26/72 klaar
  batch 27/72 klaar
  batch 28/72 klaar
  batch 29/72 klaar
  batch 30/72 klaar
  batch 31/72 klaar
  batch 32/72 klaar
  batch 33/72 klaar
  batch 34/72 klaar
  batch 35/72 klaar
  batch 36/72 klaar
  batch 37/72 klaar
  batch 38/72 klaar
  batch 39/72 klaar
  batch 40/72 klaar
  batch 41/72 klaar
  batch 42/72 klaar
  batch 43/72 klaar
  batch 44/72 klaar
  batch 45/72 klaar
  batch 46/72 klaar
  batch 47/72 klaar
  batch 48/72 klaar
  batch 49/72 klaar
  batch 50/72 klaar
  batch 51/72 klaar
  batch 52/72 klaar
  batch 53/72 klaar
  batch 54/72 klaar
  batch 55/72 klaar
  batch 56/72 klaar
  batch 57/72 klaar
  batch 58/72 klaar
  batch 59/72 klaar
  batch 60/72 klaar
  batch 61/72 klaar
  batch 62/72 klaar
  batch 63/72 klaar
  batch 64/72 klaar
  batch 65/72 klaar
  batch 66/72 klaar
  batch 67/72 klaar
  batch 68/72 klaar
  batch 69/72 klaar
  batch 70/72 klaar
  batch 71/72 klaar
  batch 72/72 klaar
  Tijdstappen na trim: 120 (2026-08-14T00:00 t/m 2026-08-18T23:00)
  icon_eu_data_neerslag.bin: 2.6 MB
  icon_eu_data_cumul.bin: 2.6 MB
  icon_eu_data_temp.bin: 2.6 MB
  icon_eu_data_dauwpunt.bin: 2.6 MB
  icon_eu_data_rv.bin: 2.6 MB
  icon_eu_data_bewolking.bin: 7.9 MB
  icon_eu_data_wind.bin: 5.2 MB
  icon_eu_data_windstoten.bin: 5.2 MB
  icon_eu_data_druk.bin: 2.6 MB
  icon_eu_data_cape.bin: 2.6 MB
  icon_eu_data_straling.bin: 2.6 MB
  icon_eu_data_straling_direct.bin: 2.6 MB
  icon_eu_canvas_meta.json: 120 stappen, 2026-08-14T00:00 t/m 2026-08-18T23:00
   R2: icon_eu_canvas_meta.json (0.0 MB)
   R2: icon_eu_data_bewolking.bin (7.9 MB)
   R2: icon_eu_data_cape.bin (2.6 MB)
   R2: icon_eu_data_cumul.bin (2.6 MB)
   R2: icon_eu_data_dauwpunt.bin (2.6 MB)
   R2: icon_eu_data_druk.bin (2.6 MB)
   R2: icon_eu_data_neerslag.bin (2.6 MB)
   R2: icon_eu_data_rv.bin (2.6 MB)
   R2: icon_eu_data_straling.bin (2.6 MB)
   R2: icon_eu_data_straling_direct.bin (2.6 MB)
   R2: icon_eu_data_temp.bin (2.6 MB)
   R2: icon_eu_data_wind.bin (5.2 MB)
   R2: icon_eu_data_windstoten.bin (5.2 MB)
R2 upload klaar.
Klaar.
Fri Aug 14 02:30:25 CEST 2026: === ICON-EU klaar ===
Fri Aug 14 08:30:05 CEST 2026: === ICON-EU update ===
ICON-EU: 61x94 = 5734 punten, 72 batches
Model: icon_eu, forecast_days=5, prefix=icon_eu
  batch 1/72 klaar
  batch 2/72 klaar
  batch 3/72 klaar
  batch 4/72 klaar
  batch 5/72 klaar
  batch 6/72 klaar
  batch 7/72 klaar
  batch 8/72 klaar
  batch 9/72 klaar
  batch 10/72 klaar
  batch 11/72 klaar
  batch 12/72 klaar
  batch 13/72 klaar
  batch 14/72 klaar
  batch 15/72 klaar
  batch 16/72 klaar
  batch 17/72 klaar
  batch 18/72 klaar
  batch 19/72 klaar
  batch 20/72 klaar
  batch 21/72 klaar
  batch 22/72 klaar
  batch 23/72 klaar
  batch 24/72 klaar
  batch 25/72 klaar
  batch 26/72 klaar
  batch 27/72 klaar
  batch 28/72 klaar
  batch 29/72 klaar
  batch 30/72 klaar
  batch 31/72 klaar
  batch 32/72 klaar
  batch 33/72 klaar
  batch 34/72 klaar
  batch 35/72 klaar
  batch 36/72 klaar
  batch 37/72 klaar
  batch 38/72 klaar
  batch 39/72 klaar
  batch 40/72 klaar
  batch 41/72 klaar
  batch 42/72 klaar
  batch 43/72 klaar
  batch 44/72 klaar
  batch 45/72 klaar
  batch 46/72 klaar
  batch 47/72 klaar
  batch 48/72 klaar
  batch 49/72 klaar
  batch 50/72 klaar
  batch 51/72 klaar
  batch 52/72 klaar
  batch 53/72 klaar
  batch 54/72 klaar
  batch 55/72 klaar
  batch 56/72 klaar
  batch 57/72 klaar
  batch 58/72 klaar
  batch 59/72 klaar
  batch 60/72 klaar
  batch 61/72 klaar
  batch 62/72 klaar
  batch 63/72 klaar
  batch 64/72 klaar
  batch 65/72 klaar
  batch 66/72 klaar
  batch 67/72 klaar
  batch 68/72 klaar
  batch 69/72 klaar
  batch 70/72 klaar
  batch 71/72 klaar
  batch 72/72 klaar
  Tijdstappen na trim: 120 (2026-08-14T00:00 t/m 2026-08-18T23:00)
  icon_eu_data_neerslag.bin: 2.6 MB
  icon_eu_data_cumul.bin: 2.6 MB
  icon_eu_data_temp.bin: 2.6 MB
  icon_eu_data_dauwpunt.bin: 2.6 MB
  icon_eu_data_rv.bin: 2.6 MB
  icon_eu_data_bewolking.bin: 7.9 MB
  icon_eu_data_wind.bin: 5.2 MB
  icon_eu_data_windstoten.bin: 5.2 MB
  icon_eu_data_druk.bin: 2.6 MB
  icon_eu_data_cape.bin: 2.6 MB
  icon_eu_data_straling.bin: 2.6 MB
  icon_eu_data_straling_direct.bin: 2.6 MB
  icon_eu_canvas_meta.json: 120 stappen, 2026-08-14T00:00 t/m 2026-08-18T23:00
   R2: icon_eu_canvas_meta.json (0.0 MB)
   R2: icon_eu_data_bewolking.bin (7.9 MB)
   R2: icon_eu_data_cape.bin (2.6 MB)
   R2: icon_eu_data_cumul.bin (2.6 MB)
   R2: icon_eu_data_dauwpunt.bin (2.6 MB)
   R2: icon_eu_data_druk.bin (2.6 MB)
   R2: icon_eu_data_neerslag.bin (2.6 MB)
   R2: icon_eu_data_rv.bin (2.6 MB)
   R2: icon_eu_data_straling.bin (2.6 MB)
   R2: icon_eu_data_straling_direct.bin (2.6 MB)
   R2: icon_eu_data_temp.bin (2.6 MB)
   R2: icon_eu_data_wind.bin (5.2 MB)
   R2: icon_eu_data_windstoten.bin (5.2 MB)
R2 upload klaar.
Klaar.
Fri Aug 14 08:30:24 CEST 2026: === ICON-EU klaar ===
Fri Aug 14 14:30:03 CEST 2026: === ICON-EU update ===
ICON-EU: 61x94 = 5734 punten, 72 batches
Model: icon_eu, forecast_days=5, prefix=icon_eu
  batch 1/72 klaar
  batch 2/72 klaar
  batch 3/72 klaar
  batch 4/72 klaar
  batch 5/72 klaar
  batch 6/72 klaar
  batch 7/72 klaar
  batch 8/72 klaar
  batch 9/72 klaar
  batch 10/72 klaar
  batch 11/72 klaar
  batch 12/72 klaar
  batch 13/72 klaar
  batch 14/72 klaar
  batch 15/72 klaar
  batch 16/72 klaar
  batch 17/72 klaar
  batch 18/72 klaar
  batch 19/72 klaar
  batch 20/72 klaar
  batch 21/72 klaar
  batch 22/72 klaar
  batch 23/72 klaar
  batch 24/72 klaar
  batch 25/72 klaar
  batch 26/72 klaar
  batch 27/72 klaar
  batch 28/72 klaar
  batch 29/72 klaar
  batch 30/72 klaar
  batch 31/72 klaar
  batch 32/72 klaar
  batch 33/72 klaar
  batch 34/72 klaar
  batch 35/72 klaar
  batch 36/72 klaar
  batch 37/72 klaar
  batch 38/72 klaar
  batch 39/72 klaar
  batch 40/72 klaar
  batch 41/72 klaar
  batch 42/72 klaar
  batch 43/72 klaar
  batch 44/72 klaar
  batch 45/72 klaar
  batch 46/72 klaar
  batch 47/72 klaar
  batch 48/72 klaar
  batch 49/72 klaar
  batch 50/72 klaar
  batch 51/72 klaar
  batch 52/72 klaar
  batch 53/72 klaar
  batch 54/72 klaar
  batch 55/72 klaar
  batch 56/72 klaar
  batch 57/72 klaar
  batch 58/72 klaar
  batch 59/72 klaar
  batch 60/72 klaar
  batch 61/72 klaar
  batch 62/72 klaar
  batch 63/72 klaar
  batch 64/72 klaar
  batch 65/72 klaar
  batch 66/72 klaar
  batch 67/72 klaar
  batch 68/72 klaar
  batch 69/72 klaar
  batch 70/72 klaar
  batch 71/72 klaar
  batch 72/72 klaar
  Tijdstappen na trim: 120 (2026-08-14T00:00 t/m 2026-08-18T23:00)
  icon_eu_data_neerslag.bin: 2.6 MB
  icon_eu_data_cumul.bin: 2.6 MB
  icon_eu_data_temp.bin: 2.6 MB
  icon_eu_data_dauwpunt.bin: 2.6 MB
  icon_eu_data_rv.bin: 2.6 MB
  icon_eu_data_bewolking.bin: 7.9 MB
  icon_eu_data_wind.bin: 5.2 MB
  icon_eu_data_windstoten.bin: 5.2 MB
  icon_eu_data_druk.bin: 2.6 MB
  icon_eu_data_cape.bin: 2.6 MB
  icon_eu_data_straling.bin: 2.6 MB
  icon_eu_data_straling_direct.bin: 2.6 MB
  icon_eu_canvas_meta.json: 120 stappen, 2026-08-14T00:00 t/m 2026-08-18T23:00
   R2: icon_eu_canvas_meta.json (0.0 MB)
   R2: icon_eu_data_bewolking.bin (7.9 MB)
   R2: icon_eu_data_cape.bin (2.6 MB)
   R2: icon_eu_data_cumul.bin (2.6 MB)
   R2: icon_eu_data_dauwpunt.bin (2.6 MB)
   R2: icon_eu_data_druk.bin (2.6 MB)
   R2: icon_eu_data_neerslag.bin (2.6 MB)
   R2: icon_eu_data_rv.bin (2.6 MB)
   R2: icon_eu_data_straling.bin (2.6 MB)
   R2: icon_eu_data_straling_direct.bin (2.6 MB)
   R2: icon_eu_data_temp.bin (2.6 MB)
   R2: icon_eu_data_wind.bin (5.2 MB)
   R2: icon_eu_data_windstoten.bin (5.2 MB)
R2 upload klaar.
Klaar.
Fri Aug 14 14:30:23 CEST 2026: === ICON-EU klaar ===
Fri Aug 14 20:30:03 CEST 2026: === ICON-EU update ===
ICON-EU: 61x94 = 5734 punten, 72 batches
Model: icon_eu, forecast_days=5, prefix=icon_eu
  batch 1/72 klaar
  batch 2/72 klaar
  batch 3/72 klaar
  batch 4/72 klaar
  batch 5/72 klaar
  batch 6/72 klaar
  batch 7/72 klaar
  batch 8/72 klaar
  batch 9/72 klaar
  batch 10/72 klaar
  batch 11/72 klaar
  batch 12/72 klaar
  batch 13/72 klaar
  batch 14/72 klaar
  batch 15/72 klaar
  batch 16/72 klaar
  batch 17/72 klaar
  batch 18/72 klaar
  batch 19/72 klaar
  batch 20/72 klaar
  batch 21/72 klaar
  batch 22/72 klaar
  batch 23/72 klaar
  batch 24/72 klaar
  batch 25/72 klaar
  batch 26/72 klaar
  batch 27/72 klaar
  batch 28/72 klaar
  batch 29/72 klaar
  batch 30/72 klaar
  batch 31/72 klaar
  batch 32/72 klaar
  batch 33/72 klaar
  batch 34/72 klaar
  batch 35/72 klaar
  batch 36/72 klaar
  batch 37/72 klaar
  batch 38/72 klaar
  batch 39/72 klaar
  batch 40/72 klaar
  batch 41/72 klaar
  batch 42/72 klaar
  batch 43/72 klaar
  batch 44/72 klaar
  batch 45/72 klaar
  batch 46/72 klaar
  batch 47/72 klaar
  batch 48/72 klaar
  batch 49/72 klaar
  batch 50/72 klaar
  batch 51/72 klaar
  batch 52/72 klaar
  batch 53/72 klaar
  batch 54/72 klaar
  batch 55/72 klaar
  batch 56/72 klaar
  batch 57/72 klaar
  batch 58/72 klaar
  batch 59/72 klaar
  batch 60/72 klaar
  batch 61/72 klaar
  batch 62/72 klaar
  batch 63/72 klaar
  batch 64/72 klaar
  batch 65/72 klaar
  batch 66/72 klaar
  batch 67/72 klaar
  batch 68/72 klaar
  batch 69/72 klaar
  batch 70/72 klaar
  batch 71/72 klaar
  batch 72/72 klaar
  Tijdstappen na trim: 120 (2026-08-14T00:00 t/m 2026-08-18T23:00)
  icon_eu_data_neerslag.bin: 2.6 MB
  icon_eu_data_cumul.bin: 2.6 MB
  icon_eu_data_temp.bin: 2.6 MB
  icon_eu_data_dauwpunt.bin: 2.6 MB
  icon_eu_data_rv.bin: 2.6 MB
  icon_eu_data_bewolking.bin: 7.9 MB
  icon_eu_data_wind.bin: 5.2 MB
  icon_eu_data_windstoten.bin: 5.2 MB
  icon_eu_data_druk.bin: 2.6 MB
  icon_eu_data_cape.bin: 2.6 MB
  icon_eu_data_straling.bin: 2.6 MB
  icon_eu_data_straling_direct.bin: 2.6 MB
  icon_eu_canvas_meta.json: 120 stappen, 2026-08-14T00:00 t/m 2026-08-18T23:00
   R2: icon_eu_canvas_meta.json (0.0 MB)
   R2: icon_eu_data_bewolking.bin (7.9 MB)
   R2: icon_eu_data_cape.bin (2.6 MB)
   R2: icon_eu_data_cumul.bin (2.6 MB)
   R2: icon_eu_data_dauwpunt.bin (2.6 MB)
   R2: icon_eu_data_druk.bin (2.6 MB)
   R2: icon_eu_data_neerslag.bin (2.6 MB)
   R2: icon_eu_data_rv.bin (2.6 MB)
   R2: icon_eu_data_straling.bin (2.6 MB)
   R2: icon_eu_data_straling_direct.bin (2.6 MB)
   R2: icon_eu_data_temp.bin (2.6 MB)
   R2: icon_eu_data_wind.bin (5.2 MB)
   R2: icon_eu_data_windstoten.bin (5.2 MB)
R2 upload klaar.
Klaar.
Fri Aug 14 20:30:23 CEST 2026: === ICON-EU klaar ===
Sat Aug 15 02:30:05 CEST 2026: === ICON-EU update ===
ICON-EU: 61x94 = 5734 punten, 72 batches
Model: icon_eu, forecast_days=5, prefix=icon_eu
  batch 1/72 klaar
  batch 2/72 klaar
  batch 3/72 klaar
  batch 4/72 klaar
  batch 5/72 klaar
  batch 6/72 klaar
  batch 7/72 klaar
  batch 8/72 klaar
  batch 9/72 klaar
  batch 10/72 klaar
  batch 11/72 klaar
  batch 12/72 klaar
  batch 13/72 klaar
  batch 14/72 klaar
  batch 15/72 klaar
  batch 16/72 klaar
  batch 17/72 klaar
  batch 18/72 klaar
  batch 19/72 klaar
  batch 20/72 klaar
  batch 21/72 klaar
  batch 22/72 klaar
  batch 23/72 klaar
  batch 24/72 klaar
  batch 25/72 klaar
  batch 26/72 klaar
  batch 27/72 klaar
  batch 28/72 klaar
  batch 29/72 klaar
  batch 30/72 klaar
  batch 31/72 klaar
  batch 32/72 klaar
  batch 33/72 klaar
  batch 34/72 klaar
  batch 35/72 klaar
  batch 36/72 klaar
  batch 37/72 klaar
  batch 38/72 klaar
  batch 39/72 klaar
  batch 40/72 klaar
  batch 41/72 klaar
  batch 42/72 klaar
  batch 43/72 klaar
  batch 44/72 klaar
  batch 45/72 klaar
  batch 46/72 klaar
  batch 47/72 klaar
  batch 48/72 klaar
  batch 49/72 klaar
  batch 50/72 klaar
  batch 51/72 klaar
  batch 52/72 klaar
  batch 53/72 klaar
  batch 54/72 klaar
  batch 55/72 klaar
  batch 56/72 klaar
  batch 57/72 klaar
  batch 58/72 klaar
  batch 59/72 klaar
  batch 60/72 klaar
  batch 61/72 klaar
  batch 62/72 klaar
  batch 63/72 klaar
  batch 64/72 klaar
  batch 65/72 klaar
  batch 66/72 klaar
  batch 67/72 klaar
  batch 68/72 klaar
  batch 69/72 klaar
  batch 70/72 klaar
  batch 71/72 klaar
  batch 72/72 klaar
  Tijdstappen na trim: 120 (2026-08-15T00:00 t/m 2026-08-19T23:00)
  icon_eu_data_neerslag.bin: 2.6 MB
  icon_eu_data_cumul.bin: 2.6 MB
  icon_eu_data_temp.bin: 2.6 MB
  icon_eu_data_dauwpunt.bin: 2.6 MB
  icon_eu_data_rv.bin: 2.6 MB
  icon_eu_data_bewolking.bin: 7.9 MB
  icon_eu_data_wind.bin: 5.2 MB
  icon_eu_data_windstoten.bin: 5.2 MB
  icon_eu_data_druk.bin: 2.6 MB
  icon_eu_data_cape.bin: 2.6 MB
  icon_eu_data_straling.bin: 2.6 MB
  icon_eu_data_straling_direct.bin: 2.6 MB
  icon_eu_canvas_meta.json: 120 stappen, 2026-08-15T00:00 t/m 2026-08-19T23:00
   R2: icon_eu_canvas_meta.json (0.0 MB)
   R2: icon_eu_data_bewolking.bin (7.9 MB)
   R2: icon_eu_data_cape.bin (2.6 MB)
   R2: icon_eu_data_cumul.bin (2.6 MB)
   R2: icon_eu_data_dauwpunt.bin (2.6 MB)
   R2: icon_eu_data_druk.bin (2.6 MB)
   R2: icon_eu_data_neerslag.bin (2.6 MB)
   R2: icon_eu_data_rv.bin (2.6 MB)
   R2: icon_eu_data_straling.bin (2.6 MB)
   R2: icon_eu_data_straling_direct.bin (2.6 MB)
   R2: icon_eu_data_temp.bin (2.6 MB)
   R2: icon_eu_data_wind.bin (5.2 MB)
   R2: icon_eu_data_windstoten.bin (5.2 MB)
R2 upload klaar.
Klaar.
Sat Aug 15 02:30:24 CEST 2026: === ICON-EU klaar ===
Sat Aug 15 08:30:05 CEST 2026: === ICON-EU update ===
ICON-EU: 61x94 = 5734 punten, 72 batches
Model: icon_eu, forecast_days=5, prefix=icon_eu
  batch 1/72 klaar
  batch 2/72 klaar
  batch 3/72 klaar
  batch 4/72 klaar
  batch 5/72 klaar
  batch 6/72 klaar
  batch 7/72 klaar
  batch 8/72 klaar
  batch 9/72 klaar
  batch 10/72 klaar
  batch 11/72 klaar
  batch 12/72 klaar
  batch 13/72 klaar
  batch 14/72 klaar
  batch 15/72 klaar
  batch 16/72 klaar
  batch 17/72 klaar
  batch 18/72 klaar
  batch 19/72 klaar
  batch 20/72 klaar
  batch 21/72 klaar
  batch 22/72 klaar
  batch 23/72 klaar
  batch 24/72 klaar
  batch 25/72 klaar
  batch 26/72 klaar
  batch 27/72 klaar
  batch 28/72 klaar
  batch 29/72 klaar
  batch 30/72 klaar
  batch 31/72 klaar
  batch 32/72 klaar
  batch 33/72 klaar
  batch 34/72 klaar
  batch 35/72 klaar
  batch 36/72 klaar
  batch 37/72 klaar
  batch 38/72 klaar
  batch 39/72 klaar
  batch 40/72 klaar
  batch 41/72 klaar
  batch 42/72 klaar
  batch 43/72 klaar
  batch 44/72 klaar
  batch 45/72 klaar
  batch 46/72 klaar
  batch 47/72 klaar
  batch 48/72 klaar
  batch 49/72 klaar
  batch 50/72 klaar
  batch 51/72 klaar
  batch 52/72 klaar
  batch 53/72 klaar
  batch 54/72 klaar
  batch 55/72 klaar
  batch 56/72 klaar
  batch 57/72 klaar
  batch 58/72 klaar
  batch 59/72 klaar
  batch 60/72 klaar
  batch 61/72 klaar
  batch 62/72 klaar
  batch 63/72 klaar
  batch 64/72 klaar
  batch 65/72 klaar
  batch 66/72 klaar
  batch 67/72 klaar
  batch 68/72 klaar
  batch 69/72 klaar
  batch 70/72 klaar
  batch 71/72 klaar
  batch 72/72 klaar
  Tijdstappen na trim: 120 (2026-08-15T00:00 t/m 2026-08-19T23:00)
  icon_eu_data_neerslag.bin: 2.6 MB
  icon_eu_data_cumul.bin: 2.6 MB
  icon_eu_data_temp.bin: 2.6 MB
  icon_eu_data_dauwpunt.bin: 2.6 MB
  icon_eu_data_rv.bin: 2.6 MB
  icon_eu_data_bewolking.bin: 7.9 MB
  icon_eu_data_wind.bin: 5.2 MB
  icon_eu_data_windstoten.bin: 5.2 MB
  icon_eu_data_druk.bin: 2.6 MB
  icon_eu_data_cape.bin: 2.6 MB
  icon_eu_data_straling.bin: 2.6 MB
  icon_eu_data_straling_direct.bin: 2.6 MB
  icon_eu_canvas_meta.json: 120 stappen, 2026-08-15T00:00 t/m 2026-08-19T23:00
   R2: icon_eu_canvas_meta.json (0.0 MB)
   R2: icon_eu_data_bewolking.bin (7.9 MB)
   R2: icon_eu_data_cape.bin (2.6 MB)
   R2: icon_eu_data_cumul.bin (2.6 MB)
   R2: icon_eu_data_dauwpunt.bin (2.6 MB)
   R2: icon_eu_data_druk.bin (2.6 MB)
   R2: icon_eu_data_neerslag.bin (2.6 MB)
   R2: icon_eu_data_rv.bin (2.6 MB)
   R2: icon_eu_data_straling.bin (2.6 MB)
   R2: icon_eu_data_straling_direct.bin (2.6 MB)
   R2: icon_eu_data_temp.bin (2.6 MB)
   R2: icon_eu_data_wind.bin (5.2 MB)
   R2: icon_eu_data_windstoten.bin (5.2 MB)
R2 upload klaar.
Klaar.
Sat Aug 15 08:30:25 CEST 2026: === ICON-EU klaar ===
Sat Aug 15 14:30:04 CEST 2026: === ICON-EU update ===
ICON-EU: 61x94 = 5734 punten, 72 batches
Model: icon_eu, forecast_days=5, prefix=icon_eu
  batch 1/72 klaar
  batch 2/72 klaar
  batch 3/72 klaar
  batch 4/72 klaar
  batch 5/72 klaar
  batch 6/72 klaar
  batch 7/72 klaar
  batch 8/72 klaar
  batch 9/72 klaar
  batch 10/72 klaar
  batch 11/72 klaar
  batch 12/72 klaar
  batch 13/72 klaar
  batch 14/72 klaar
  batch 15/72 klaar
  batch 16/72 klaar
  batch 17/72 klaar
  batch 18/72 klaar
  batch 19/72 klaar
  batch 20/72 klaar
  batch 21/72 klaar
  batch 22/72 klaar
  batch 23/72 klaar
  batch 24/72 klaar
  batch 25/72 klaar
  batch 26/72 klaar
  batch 27/72 klaar
  batch 28/72 klaar
  batch 29/72 klaar
  batch 30/72 klaar
  batch 31/72 klaar
  batch 32/72 klaar
  batch 33/72 klaar
  batch 34/72 klaar
  batch 35/72 klaar
  batch 36/72 klaar
  batch 37/72 klaar
  batch 38/72 klaar
  batch 39/72 klaar
  batch 40/72 klaar
  batch 41/72 klaar
  batch 42/72 klaar
  batch 43/72 klaar
  batch 44/72 klaar
  batch 45/72 klaar
  batch 46/72 klaar
  batch 47/72 klaar
  batch 48/72 klaar
  batch 49/72 klaar
  batch 50/72 klaar
  batch 51/72 klaar
  batch 52/72 klaar
  batch 53/72 klaar
  batch 54/72 klaar
  batch 55/72 klaar
  batch 56/72 klaar
  batch 57/72 klaar
  batch 58/72 klaar
  batch 59/72 klaar
  batch 60/72 klaar
  batch 61/72 klaar
  batch 62/72 klaar
  batch 63/72 klaar
  batch 64/72 klaar
  batch 65/72 klaar
  batch 66/72 klaar
  batch 67/72 klaar
  batch 68/72 klaar
  batch 69/72 klaar
  batch 70/72 klaar
  batch 71/72 klaar
  batch 72/72 klaar
  Tijdstappen na trim: 120 (2026-08-15T00:00 t/m 2026-08-19T23:00)
  icon_eu_data_neerslag.bin: 2.6 MB
  icon_eu_data_cumul.bin: 2.6 MB
  icon_eu_data_temp.bin: 2.6 MB
  icon_eu_data_dauwpunt.bin: 2.6 MB
  icon_eu_data_rv.bin: 2.6 MB
  icon_eu_data_bewolking.bin: 7.9 MB
  icon_eu_data_wind.bin: 5.2 MB
  icon_eu_data_windstoten.bin: 5.2 MB
  icon_eu_data_druk.bin: 2.6 MB
  icon_eu_data_cape.bin: 2.6 MB
  icon_eu_data_straling.bin: 2.6 MB
  icon_eu_data_straling_direct.bin: 2.6 MB
  icon_eu_canvas_meta.json: 120 stappen, 2026-08-15T00:00 t/m 2026-08-19T23:00
   R2: icon_eu_canvas_meta.json (0.0 MB)
   R2: icon_eu_data_bewolking.bin (7.9 MB)
   R2: icon_eu_data_cape.bin (2.6 MB)
   R2: icon_eu_data_cumul.bin (2.6 MB)
   R2: icon_eu_data_dauwpunt.bin (2.6 MB)
   R2: icon_eu_data_druk.bin (2.6 MB)
   R2: icon_eu_data_neerslag.bin (2.6 MB)
   R2: icon_eu_data_rv.bin (2.6 MB)
   R2: icon_eu_data_straling.bin (2.6 MB)
   R2: icon_eu_data_straling_direct.bin (2.6 MB)
   R2: icon_eu_data_temp.bin (2.6 MB)
   R2: icon_eu_data_wind.bin (5.2 MB)
   R2: icon_eu_data_windstoten.bin (5.2 MB)
R2 upload klaar.
Klaar.
Sat Aug 15 14:30:25 CEST 2026: === ICON-EU klaar ===
Sat Aug 15 20:30:02 CEST 2026: === ICON-EU update ===
ICON-EU: 61x94 = 5734 punten, 72 batches
Model: icon_eu, forecast_days=5, prefix=icon_eu
  batch 1/72 klaar
  batch 2/72 klaar
  batch 3/72 klaar
  batch 4/72 klaar
  batch 5/72 klaar
  batch 6/72 klaar
  batch 7/72 klaar
  batch 8/72 klaar
  batch 9/72 klaar
  batch 10/72 klaar
  batch 11/72 klaar
  batch 12/72 klaar
  batch 13/72 klaar
  batch 14/72 klaar
  batch 15/72 klaar
  batch 16/72 klaar
  batch 17/72 klaar
  batch 18/72 klaar
  batch 19/72 klaar
  batch 20/72 klaar
  batch 21/72 klaar
  batch 22/72 klaar
  batch 23/72 klaar
  batch 24/72 klaar
  batch 25/72 klaar
  batch 26/72 klaar
  batch 27/72 klaar
  batch 28/72 klaar
  batch 29/72 klaar
  batch 30/72 klaar
  batch 31/72 klaar
  batch 32/72 klaar
  batch 33/72 klaar
  batch 34/72 klaar
  batch 35/72 klaar
  batch 36/72 klaar
  batch 37/72 klaar
  batch 38/72 klaar
  batch 39/72 klaar
  batch 40/72 klaar
  batch 41/72 klaar
  batch 42/72 klaar
  batch 43/72 klaar
  batch 44/72 klaar
  batch 45/72 klaar
  batch 46/72 klaar
  batch 47/72 klaar
  batch 48/72 klaar
  batch 49/72 klaar
  batch 50/72 klaar
  batch 51/72 klaar
  batch 52/72 klaar
  batch 53/72 klaar
  batch 54/72 klaar
  batch 55/72 klaar
  batch 56/72 klaar
  batch 57/72 klaar
  batch 58/72 klaar
  batch 59/72 klaar
  batch 60/72 klaar
  batch 61/72 klaar
  batch 62/72 klaar
  batch 63/72 klaar
  batch 64/72 klaar
  batch 65/72 klaar
  batch 66/72 klaar
  batch 67/72 klaar
  batch 68/72 klaar
  batch 69/72 klaar
  batch 70/72 klaar
  batch 71/72 klaar
  batch 72/72 klaar
  Tijdstappen na trim: 120 (2026-08-15T00:00 t/m 2026-08-19T23:00)
  icon_eu_data_neerslag.bin: 2.6 MB
  icon_eu_data_cumul.bin: 2.6 MB
  icon_eu_data_temp.bin: 2.6 MB
  icon_eu_data_dauwpunt.bin: 2.6 MB
  icon_eu_data_rv.bin: 2.6 MB
  icon_eu_data_bewolking.bin: 7.9 MB
  icon_eu_data_wind.bin: 5.2 MB
  icon_eu_data_windstoten.bin: 5.2 MB
  icon_eu_data_druk.bin: 2.6 MB
  icon_eu_data_cape.bin: 2.6 MB
  icon_eu_data_straling.bin: 2.6 MB
  icon_eu_data_straling_direct.bin: 2.6 MB
  icon_eu_canvas_meta.json: 120 stappen, 2026-08-15T00:00 t/m 2026-08-19T23:00
   R2: icon_eu_canvas_meta.json (0.0 MB)
   R2: icon_eu_data_bewolking.bin (7.9 MB)
   R2: icon_eu_data_cape.bin (2.6 MB)
   R2: icon_eu_data_cumul.bin (2.6 MB)
   R2: icon_eu_data_dauwpunt.bin (2.6 MB)
   R2: icon_eu_data_druk.bin (2.6 MB)
   R2: icon_eu_data_neerslag.bin (2.6 MB)
   R2: icon_eu_data_rv.bin (2.6 MB)
   R2: icon_eu_data_straling.bin (2.6 MB)
   R2: icon_eu_data_straling_direct.bin (2.6 MB)
   R2: icon_eu_data_temp.bin (2.6 MB)
   R2: icon_eu_data_wind.bin (5.2 MB)
   R2: icon_eu_data_windstoten.bin (5.2 MB)
R2 upload klaar.
Klaar.
Sat Aug 15 20:30:24 CEST 2026: === ICON-EU klaar ===
Sun Aug 16 02:30:05 CEST 2026: === ICON-EU update ===
ICON-EU: 61x94 = 5734 punten, 72 batches
Model: icon_eu, forecast_days=5, prefix=icon_eu
  batch 1/72 klaar
  batch 2/72 klaar
  batch 3/72 klaar
  batch 4/72 klaar
  batch 5/72 klaar
  batch 6/72 klaar
  batch 7/72 klaar
  batch 8/72 klaar
  batch 9/72 klaar
  batch 10/72 klaar
  batch 11/72 klaar
  batch 12/72 klaar
  batch 13/72 klaar
  batch 14/72 klaar
  batch 15/72 klaar
  batch 16/72 klaar
  batch 17/72 klaar
  batch 18/72 klaar
  batch 19/72 klaar
  batch 20/72 klaar
  batch 21/72 klaar
  batch 22/72 klaar
  batch 23/72 klaar
  batch 24/72 klaar
  batch 25/72 klaar
  batch 26/72 klaar
  batch 27/72 klaar
  batch 28/72 klaar
  batch 29/72 klaar
  batch 30/72 klaar
  batch 31/72 klaar
  batch 32/72 klaar
  batch 33/72 klaar
  batch 34/72 klaar
  batch 35/72 klaar
  batch 36/72 klaar
  batch 37/72 klaar
  batch 38/72 klaar
  batch 39/72 klaar
  batch 40/72 klaar
  batch 41/72 klaar
  batch 42/72 klaar
  batch 43/72 klaar
  batch 44/72 klaar
  batch 45/72 klaar
  batch 46/72 klaar
  batch 47/72 klaar
  batch 48/72 klaar
  batch 49/72 klaar
  batch 50/72 klaar
  batch 51/72 klaar
  batch 52/72 klaar
  batch 53/72 klaar
  batch 54/72 klaar
  batch 55/72 klaar
  batch 56/72 klaar
  batch 57/72 klaar
  batch 58/72 klaar
  batch 59/72 klaar
  batch 60/72 klaar
  batch 61/72 klaar
  batch 62/72 klaar
  batch 63/72 klaar
  batch 64/72 klaar
  batch 65/72 klaar
  batch 66/72 klaar
  batch 67/72 klaar
  batch 68/72 klaar
  batch 69/72 klaar
  batch 70/72 klaar
  batch 71/72 klaar
  batch 72/72 klaar
  Tijdstappen na trim: 120 (2026-08-16T00:00 t/m 2026-08-20T23:00)
  icon_eu_data_neerslag.bin: 2.6 MB
  icon_eu_data_cumul.bin: 2.6 MB
  icon_eu_data_temp.bin: 2.6 MB
  icon_eu_data_dauwpunt.bin: 2.6 MB
  icon_eu_data_rv.bin: 2.6 MB
  icon_eu_data_bewolking.bin: 7.9 MB
  icon_eu_data_wind.bin: 5.2 MB
  icon_eu_data_windstoten.bin: 5.2 MB
  icon_eu_data_druk.bin: 2.6 MB
  icon_eu_data_cape.bin: 2.6 MB
  icon_eu_data_straling.bin: 2.6 MB
  icon_eu_data_straling_direct.bin: 2.6 MB
  icon_eu_canvas_meta.json: 120 stappen, 2026-08-16T00:00 t/m 2026-08-20T23:00
   R2: icon_eu_canvas_meta.json (0.0 MB)
   R2: icon_eu_data_bewolking.bin (7.9 MB)
   R2: icon_eu_data_cape.bin (2.6 MB)
   R2: icon_eu_data_cumul.bin (2.6 MB)
   R2: icon_eu_data_dauwpunt.bin (2.6 MB)
   R2: icon_eu_data_druk.bin (2.6 MB)
   R2: icon_eu_data_neerslag.bin (2.6 MB)
   R2: icon_eu_data_rv.bin (2.6 MB)
   R2: icon_eu_data_straling.bin (2.6 MB)
   R2: icon_eu_data_straling_direct.bin (2.6 MB)
   R2: icon_eu_data_temp.bin (2.6 MB)
   R2: icon_eu_data_wind.bin (5.2 MB)
   R2: icon_eu_data_windstoten.bin (5.2 MB)
R2 upload klaar.
Klaar.
Sun Aug 16 02:30:27 CEST 2026: === ICON-EU klaar ===
Sun Aug 16 08:30:00 CEST 2026: === ICON-EU update ===
ICON-EU: 61x94 = 5734 punten, 72 batches
Model: icon_eu, forecast_days=5, prefix=icon_eu
  batch 1/72 klaar
  batch 2/72 klaar
  batch 3/72 klaar
  batch 4/72 klaar
  batch 5/72 klaar
  batch 6/72 klaar
  batch 7/72 klaar
  batch 8/72 klaar
  batch 9/72 klaar
  batch 10/72 klaar
  batch 11/72 klaar
  batch 12/72 klaar
  batch 13/72 klaar
  batch 14/72 klaar
  batch 15/72 klaar
  batch 16/72 klaar
  batch 17/72 klaar
  batch 18/72 klaar
  batch 19/72 klaar
  batch 20/72 klaar
  batch 21/72 klaar
  batch 22/72 klaar
  batch 23/72 klaar
  batch 24/72 klaar
  batch 25/72 klaar
  batch 26/72 klaar
  batch 27/72 klaar
  batch 28/72 klaar
  batch 29/72 klaar
  batch 30/72 klaar
  batch 31/72 klaar
  batch 32/72 klaar
  batch 33/72 klaar
  batch 34/72 klaar
  batch 35/72 klaar
  batch 36/72 klaar
  batch 37/72 klaar
  batch 38/72 klaar
  batch 39/72 klaar
  batch 40/72 klaar
  batch 41/72 klaar
  batch 42/72 klaar
  batch 43/72 klaar
  batch 44/72 klaar
  batch 45/72 klaar
  batch 46/72 klaar
  batch 47/72 klaar
  batch 48/72 klaar
  batch 49/72 klaar
  batch 50/72 klaar
  batch 51/72 klaar
  batch 52/72 klaar
  batch 53/72 klaar
  batch 54/72 klaar
  batch 55/72 klaar
  batch 56/72 klaar
  batch 57/72 klaar
  batch 58/72 klaar
  batch 59/72 klaar
  batch 60/72 klaar
  batch 61/72 klaar
  batch 62/72 klaar
  batch 63/72 klaar
  batch 64/72 klaar
  batch 65/72 klaar
  batch 66/72 klaar
  batch 67/72 klaar
  batch 68/72 klaar
  batch 69/72 klaar
  batch 70/72 klaar
  batch 71/72 klaar
  batch 72/72 klaar
  Tijdstappen na trim: 120 (2026-08-16T00:00 t/m 2026-08-20T23:00)
  icon_eu_data_neerslag.bin: 2.6 MB
  icon_eu_data_cumul.bin: 2.6 MB
  icon_eu_data_temp.bin: 2.6 MB
  icon_eu_data_dauwpunt.bin: 2.6 MB
  icon_eu_data_rv.bin: 2.6 MB
  icon_eu_data_bewolking.bin: 7.9 MB
  icon_eu_data_wind.bin: 5.2 MB
  icon_eu_data_windstoten.bin: 5.2 MB
  icon_eu_data_druk.bin: 2.6 MB
  icon_eu_data_cape.bin: 2.6 MB
  icon_eu_data_straling.bin: 2.6 MB
  icon_eu_data_straling_direct.bin: 2.6 MB
  icon_eu_canvas_meta.json: 120 stappen, 2026-08-16T00:00 t/m 2026-08-20T23:00
   R2: icon_eu_canvas_meta.json (0.0 MB)
   R2: icon_eu_data_bewolking.bin (7.9 MB)
   R2: icon_eu_data_cape.bin (2.6 MB)
   R2: icon_eu_data_cumul.bin (2.6 MB)
   R2: icon_eu_data_dauwpunt.bin (2.6 MB)
   R2: icon_eu_data_druk.bin (2.6 MB)
   R2: icon_eu_data_neerslag.bin (2.6 MB)
   R2: icon_eu_data_rv.bin (2.6 MB)
   R2: icon_eu_data_straling.bin (2.6 MB)
   R2: icon_eu_data_straling_direct.bin (2.6 MB)
   R2: icon_eu_data_temp.bin (2.6 MB)
   R2: icon_eu_data_wind.bin (5.2 MB)
   R2: icon_eu_data_windstoten.bin (5.2 MB)
R2 upload klaar.
Klaar.
Sun Aug 16 08:30:20 CEST 2026: === ICON-EU klaar ===
Sun Aug 16 14:30:04 CEST 2026: === ICON-EU update ===
ICON-EU: 61x94 = 5734 punten, 72 batches
Model: icon_eu, forecast_days=5, prefix=icon_eu
  batch 1/72 klaar
  batch 2/72 klaar
  batch 3/72 klaar
  batch 4/72 klaar
  batch 5/72 klaar
  batch 6/72 klaar
  batch 7/72 klaar
  batch 8/72 klaar
  batch 9/72 klaar
  batch 10/72 klaar
  batch 11/72 klaar
  batch 12/72 klaar
  batch 13/72 klaar
  batch 14/72 klaar
  batch 15/72 klaar
  batch 16/72 klaar
  batch 17/72 klaar
  batch 18/72 klaar
  batch 19/72 klaar
  batch 20/72 klaar
  batch 21/72 klaar
  batch 22/72 klaar
  batch 23/72 klaar
  batch 24/72 klaar
  batch 25/72 klaar
  batch 26/72 klaar
  batch 27/72 klaar
  batch 28/72 klaar
  batch 29/72 klaar
  batch 30/72 klaar
  batch 31/72 klaar
  batch 32/72 klaar
  batch 33/72 klaar
  batch 34/72 klaar
  batch 35/72 klaar
  batch 36/72 klaar
  batch 37/72 klaar
  batch 38/72 klaar
  batch 39/72 klaar
  batch 40/72 klaar
  batch 41/72 klaar
  batch 42/72 klaar
  batch 43/72 klaar
  batch 44/72 klaar
  batch 45/72 klaar
  batch 46/72 klaar
  batch 47/72 klaar
  batch 48/72 klaar
  batch 49/72 klaar
  batch 50/72 klaar
  batch 51/72 klaar
  batch 52/72 klaar
  batch 53/72 klaar
  batch 54/72 klaar
  batch 55/72 klaar
  batch 56/72 klaar
  batch 57/72 klaar
  batch 58/72 klaar
  batch 59/72 klaar
  batch 60/72 klaar
  batch 61/72 klaar
  batch 62/72 klaar
  batch 63/72 klaar
  batch 64/72 klaar
  batch 65/72 klaar
  batch 66/72 klaar
  batch 67/72 klaar
  batch 68/72 klaar
  batch 69/72 klaar
  batch 70/72 klaar
  batch 71/72 klaar
  batch 72/72 klaar
  Tijdstappen na trim: 120 (2026-08-16T00:00 t/m 2026-08-20T23:00)
  icon_eu_data_neerslag.bin: 2.6 MB
  icon_eu_data_cumul.bin: 2.6 MB
  icon_eu_data_temp.bin: 2.6 MB
  icon_eu_data_dauwpunt.bin: 2.6 MB
  icon_eu_data_rv.bin: 2.6 MB
  icon_eu_data_bewolking.bin: 7.9 MB
  icon_eu_data_wind.bin: 5.2 MB
  icon_eu_data_windstoten.bin: 5.2 MB
  icon_eu_data_druk.bin: 2.6 MB
  icon_eu_data_cape.bin: 2.6 MB
  icon_eu_data_straling.bin: 2.6 MB
  icon_eu_data_straling_direct.bin: 2.6 MB
  icon_eu_canvas_meta.json: 120 stappen, 2026-08-16T00:00 t/m 2026-08-20T23:00
   R2: icon_eu_canvas_meta.json (0.0 MB)
   R2: icon_eu_data_bewolking.bin (7.9 MB)
   R2: icon_eu_data_cape.bin (2.6 MB)
   R2: icon_eu_data_cumul.bin (2.6 MB)
   R2: icon_eu_data_dauwpunt.bin (2.6 MB)
   R2: icon_eu_data_druk.bin (2.6 MB)
   R2: icon_eu_data_neerslag.bin (2.6 MB)
   R2: icon_eu_data_rv.bin (2.6 MB)
   R2: icon_eu_data_straling.bin (2.6 MB)
   R2: icon_eu_data_straling_direct.bin (2.6 MB)
   R2: icon_eu_data_temp.bin (2.6 MB)
   R2: icon_eu_data_wind.bin (5.2 MB)
   R2: icon_eu_data_windstoten.bin (5.2 MB)
R2 upload klaar.
Klaar.
Sun Aug 16 14:30:24 CEST 2026: === ICON-EU klaar ===
Sun Aug 16 20:30:04 CEST 2026: === ICON-EU update ===
ICON-EU: 61x94 = 5734 punten, 72 batches
Model: icon_eu, forecast_days=5, prefix=icon_eu
  batch 1/72 klaar
  batch 2/72 klaar
  batch 3/72 klaar
  batch 4/72 klaar
  batch 5/72 klaar
  batch 6/72 klaar
  batch 7/72 klaar
  batch 8/72 klaar
  batch 9/72 klaar
  batch 10/72 klaar
  batch 11/72 klaar
  batch 12/72 klaar
  batch 13/72 klaar
  batch 14/72 klaar
  batch 15/72 klaar
  batch 16/72 klaar
  batch 17/72 klaar
  batch 18/72 klaar
  batch 19/72 klaar
  batch 20/72 klaar
  batch 21/72 klaar
  batch 22/72 klaar
  batch 23/72 klaar
  batch 24/72 klaar
  batch 25/72 klaar
  batch 26/72 klaar
  batch 27/72 klaar
  batch 28/72 klaar
  batch 29/72 klaar
  batch 30/72 klaar
  batch 31/72 klaar
  batch 32/72 klaar
  batch 33/72 klaar
  batch 34/72 klaar
  batch 35/72 klaar
  batch 36/72 klaar
  batch 37/72 klaar
  batch 38/72 klaar
  batch 39/72 klaar
  batch 40/72 klaar
  batch 41/72 klaar
  batch 42/72 klaar
  batch 43/72 klaar
  batch 44/72 klaar
  batch 45/72 klaar
  batch 46/72 klaar
  batch 47/72 klaar
  batch 48/72 klaar
  batch 49/72 klaar
  batch 50/72 klaar
  batch 51/72 klaar
  batch 52/72 klaar
  batch 53/72 klaar
  batch 54/72 klaar
  batch 55/72 klaar
  batch 56/72 klaar
  batch 57/72 klaar
  batch 58/72 klaar
  batch 59/72 klaar
  batch 60/72 klaar
  batch 61/72 klaar
  batch 62/72 klaar
  batch 63/72 klaar
  batch 64/72 klaar
  batch 65/72 klaar
  batch 66/72 klaar
  batch 67/72 klaar
  batch 68/72 klaar
  batch 69/72 klaar
  batch 70/72 klaar
  batch 71/72 klaar
  batch 72/72 klaar
  Tijdstappen na trim: 120 (2026-08-16T00:00 t/m 2026-08-20T23:00)
  icon_eu_data_neerslag.bin: 2.6 MB
  icon_eu_data_cumul.bin: 2.6 MB
  icon_eu_data_temp.bin: 2.6 MB
  icon_eu_data_dauwpunt.bin: 2.6 MB
  icon_eu_data_rv.bin: 2.6 MB
  icon_eu_data_bewolking.bin: 7.9 MB
  icon_eu_data_wind.bin: 5.2 MB
  icon_eu_data_windstoten.bin: 5.2 MB
  icon_eu_data_druk.bin: 2.6 MB
  icon_eu_data_cape.bin: 2.6 MB
  icon_eu_data_straling.bin: 2.6 MB
  icon_eu_data_straling_direct.bin: 2.6 MB
  icon_eu_canvas_meta.json: 120 stappen, 2026-08-16T00:00 t/m 2026-08-20T23:00
   R2: icon_eu_canvas_meta.json (0.0 MB)
   R2: icon_eu_data_bewolking.bin (7.9 MB)
   R2: icon_eu_data_cape.bin (2.6 MB)
   R2: icon_eu_data_cumul.bin (2.6 MB)
   R2: icon_eu_data_dauwpunt.bin (2.6 MB)
   R2: icon_eu_data_druk.bin (2.6 MB)
   R2: icon_eu_data_neerslag.bin (2.6 MB)
   R2: icon_eu_data_rv.bin (2.6 MB)
   R2: icon_eu_data_straling.bin (2.6 MB)
   R2: icon_eu_data_straling_direct.bin (2.6 MB)
   R2: icon_eu_data_temp.bin (2.6 MB)
   R2: icon_eu_data_wind.bin (5.2 MB)
   R2: icon_eu_data_windstoten.bin (5.2 MB)
R2 upload klaar.
Klaar.
Sun Aug 16 20:30:25 CEST 2026: === ICON-EU klaar ===
Mon Aug 17 02:30:04 CEST 2026: === ICON-EU update ===
ICON-EU: 61x94 = 5734 punten, 72 batches
Model: icon_eu, forecast_days=5, prefix=icon_eu
  batch 1/72 klaar
  batch 2/72 klaar
  batch 3/72 klaar
  batch 4/72 klaar
  batch 5/72 klaar
  batch 6/72 klaar
  batch 7/72 klaar
  batch 8/72 klaar
  batch 9/72 klaar
  batch 10/72 klaar
  batch 11/72 klaar
  batch 12/72 klaar
  batch 13/72 klaar
  batch 14/72 klaar
  batch 15/72 klaar
  batch 16/72 klaar
  batch 17/72 klaar
  batch 18/72 klaar
  batch 19/72 klaar
  batch 20/72 klaar
  batch 21/72 klaar
  batch 22/72 klaar
  batch 23/72 klaar
  batch 24/72 klaar
  batch 25/72 klaar
  batch 26/72 klaar
  batch 27/72 klaar
  batch 28/72 klaar
  batch 29/72 klaar
  batch 30/72 klaar
  batch 31/72 klaar
  batch 32/72 klaar
  batch 33/72 klaar
  batch 34/72 klaar
  batch 35/72 klaar
  batch 36/72 klaar
  batch 37/72 klaar
  batch 38/72 klaar
  batch 39/72 klaar
  batch 40/72 klaar
  batch 41/72 klaar
  batch 42/72 klaar
  batch 43/72 klaar
  batch 44/72 klaar
  batch 45/72 klaar
  batch 46/72 klaar
  batch 47/72 klaar
  batch 48/72 klaar
  batch 49/72 klaar
  batch 50/72 klaar
  batch 51/72 klaar
  batch 52/72 klaar
  batch 53/72 klaar
  batch 54/72 klaar
  batch 55/72 klaar
  batch 56/72 klaar
  batch 57/72 klaar
  batch 58/72 klaar
  batch 59/72 klaar
  batch 60/72 klaar
  batch 61/72 klaar
  batch 62/72 klaar
  batch 63/72 klaar
  batch 64/72 klaar
  batch 65/72 klaar
  batch 66/72 klaar
  batch 67/72 klaar
  batch 68/72 klaar
  batch 69/72 klaar
  batch 70/72 klaar
  batch 71/72 klaar
  batch 72/72 klaar
  Tijdstappen na trim: 120 (2026-08-17T00:00 t/m 2026-08-21T23:00)
  icon_eu_data_neerslag.bin: 2.6 MB
  icon_eu_data_cumul.bin: 2.6 MB
  icon_eu_data_temp.bin: 2.6 MB
  icon_eu_data_dauwpunt.bin: 2.6 MB
  icon_eu_data_rv.bin: 2.6 MB
  icon_eu_data_bewolking.bin: 7.9 MB
  icon_eu_data_wind.bin: 5.2 MB
  icon_eu_data_windstoten.bin: 5.2 MB
  icon_eu_data_druk.bin: 2.6 MB
  icon_eu_data_cape.bin: 2.6 MB
  icon_eu_data_straling.bin: 2.6 MB
  icon_eu_data_straling_direct.bin: 2.6 MB
  icon_eu_canvas_meta.json: 120 stappen, 2026-08-17T00:00 t/m 2026-08-21T23:00
   R2: icon_eu_canvas_meta.json (0.0 MB)
   R2: icon_eu_data_bewolking.bin (7.9 MB)
   R2: icon_eu_data_cape.bin (2.6 MB)
   R2: icon_eu_data_cumul.bin (2.6 MB)
   R2: icon_eu_data_dauwpunt.bin (2.6 MB)
   R2: icon_eu_data_druk.bin (2.6 MB)
   R2: icon_eu_data_neerslag.bin (2.6 MB)
   R2: icon_eu_data_rv.bin (2.6 MB)
   R2: icon_eu_data_straling.bin (2.6 MB)
   R2: icon_eu_data_straling_direct.bin (2.6 MB)
   R2: icon_eu_data_temp.bin (2.6 MB)
   R2: icon_eu_data_wind.bin (5.2 MB)
   R2: icon_eu_data_windstoten.bin (5.2 MB)
R2 upload klaar.
Klaar.
Mon Aug 17 02:30:25 CEST 2026: === ICON-EU klaar ===
Mon Aug 17 08:30:03 CEST 2026: === ICON-EU update ===
ICON-EU: 61x94 = 5734 punten, 72 batches
Model: icon_eu, forecast_days=5, prefix=icon_eu
  batch 1/72 klaar
  batch 2/72 klaar
  batch 3/72 klaar
  batch 4/72 klaar
  batch 5/72 klaar
  batch 6/72 klaar
  batch 7/72 klaar
  batch 8/72 klaar
  batch 9/72 klaar
  batch 10/72 klaar
  batch 11/72 klaar
  batch 12/72 klaar
  batch 13/72 klaar
  batch 14/72 klaar
  batch 15/72 klaar
  batch 16/72 klaar
  batch 17/72 klaar
  batch 18/72 klaar
  batch 19/72 klaar
  batch 20/72 klaar
  batch 21/72 klaar
  batch 22/72 klaar
  batch 23/72 klaar
  batch 24/72 klaar
  batch 25/72 klaar
  batch 26/72 klaar
  batch 27/72 klaar
  batch 28/72 klaar
  batch 29/72 klaar
  batch 30/72 klaar
  batch 31/72 klaar
  batch 32/72 klaar
  batch 33/72 klaar
  batch 34/72 klaar
  batch 35/72 klaar
  batch 36/72 klaar
  batch 37/72 klaar
  batch 38/72 klaar
  batch 39/72 klaar
  batch 40/72 klaar
  batch 41/72 klaar
  batch 42/72 klaar
  batch 43/72 klaar
  batch 44/72 klaar
  batch 45/72 klaar
  batch 46/72 klaar
  batch 47/72 klaar
  batch 48/72 klaar
  batch 49/72 klaar
  batch 50/72 klaar
  batch 51/72 klaar
  batch 52/72 klaar
  batch 53/72 klaar
  batch 54/72 klaar
  batch 55/72 klaar
  batch 56/72 klaar
  batch 57/72 klaar
  batch 58/72 klaar
  batch 59/72 klaar
  batch 60/72 klaar
  batch 61/72 klaar
  batch 62/72 klaar
  batch 63/72 klaar
  batch 64/72 klaar
  batch 65/72 klaar
  batch 66/72 klaar
  batch 67/72 klaar
  batch 68/72 klaar
  batch 69/72 klaar
  batch 70/72 klaar
  batch 71/72 klaar
  batch 72/72 klaar
  Tijdstappen na trim: 120 (2026-08-17T00:00 t/m 2026-08-21T23:00)
  icon_eu_data_neerslag.bin: 2.6 MB
  icon_eu_data_cumul.bin: 2.6 MB
  icon_eu_data_temp.bin: 2.6 MB
  icon_eu_data_dauwpunt.bin: 2.6 MB
  icon_eu_data_rv.bin: 2.6 MB
  icon_eu_data_bewolking.bin: 7.9 MB
  icon_eu_data_wind.bin: 5.2 MB
  icon_eu_data_windstoten.bin: 5.2 MB
  icon_eu_data_druk.bin: 2.6 MB
  icon_eu_data_cape.bin: 2.6 MB
  icon_eu_data_straling.bin: 2.6 MB
  icon_eu_data_straling_direct.bin: 2.6 MB
  icon_eu_canvas_meta.json: 120 stappen, 2026-08-17T00:00 t/m 2026-08-21T23:00
   R2: icon_eu_canvas_meta.json (0.0 MB)
   R2: icon_eu_data_bewolking.bin (7.9 MB)
   R2: icon_eu_data_cape.bin (2.6 MB)
   R2: icon_eu_data_cumul.bin (2.6 MB)
   R2: icon_eu_data_dauwpunt.bin (2.6 MB)
   R2: icon_eu_data_druk.bin (2.6 MB)
   R2: icon_eu_data_neerslag.bin (2.6 MB)
   R2: icon_eu_data_rv.bin (2.6 MB)
   R2: icon_eu_data_straling.bin (2.6 MB)
   R2: icon_eu_data_straling_direct.bin (2.6 MB)
   R2: icon_eu_data_temp.bin (2.6 MB)
   R2: icon_eu_data_wind.bin (5.2 MB)
   R2: icon_eu_data_windstoten.bin (5.2 MB)
R2 upload klaar.
Klaar.
Mon Aug 17 08:30:23 CEST 2026: === ICON-EU klaar ===
Mon Aug 17 14:30:01 CEST 2026: === ICON-EU update ===
ICON-EU: 61x94 = 5734 punten, 72 batches
Model: icon_eu, forecast_days=5, prefix=icon_eu
  batch 1/72 klaar
  batch 2/72 klaar
  batch 3/72 klaar
  batch 4/72 klaar
  batch 5/72 klaar
  batch 6/72 klaar
  batch 7/72 klaar
  batch 8/72 klaar
  batch 9/72 klaar
  batch 10/72 klaar
  batch 11/72 klaar
  batch 12/72 klaar
  batch 13/72 klaar
  batch 14/72 klaar
  batch 15/72 klaar
  batch 16/72 klaar
  batch 17/72 klaar
  batch 18/72 klaar
  batch 19/72 klaar
  batch 20/72 klaar
  batch 21/72 klaar
  batch 22/72 klaar
  batch 23/72 klaar
  batch 24/72 klaar
  batch 25/72 klaar
  batch 26/72 klaar
  batch 27/72 klaar
  batch 28/72 klaar
  batch 29/72 klaar
  batch 30/72 klaar
  batch 31/72 klaar
  batch 32/72 klaar
  batch 33/72 klaar
  batch 34/72 klaar
  batch 35/72 klaar
  batch 36/72 klaar
  batch 37/72 klaar
  batch 38/72 klaar
  batch 39/72 klaar
  batch 40/72 klaar
  batch 41/72 klaar
  batch 42/72 klaar
  batch 43/72 klaar
  batch 44/72 klaar
  batch 45/72 klaar
  batch 46/72 klaar
  batch 47/72 klaar
  batch 48/72 klaar
  batch 49/72 klaar
  batch 50/72 klaar
  batch 51/72 klaar
  batch 52/72 klaar
  batch 53/72 klaar
  batch 54/72 klaar
  batch 55/72 klaar
  batch 56/72 klaar
  batch 57/72 klaar
  batch 58/72 klaar
  batch 59/72 klaar
  batch 60/72 klaar
  batch 61/72 klaar
  batch 62/72 klaar
  batch 63/72 klaar
  batch 64/72 klaar
  batch 65/72 klaar
  batch 66/72 klaar
  batch 67/72 klaar
  batch 68/72 klaar
  batch 69/72 klaar
  batch 70/72 klaar
  batch 71/72 klaar
  batch 72/72 klaar
  Tijdstappen na trim: 120 (2026-08-17T00:00 t/m 2026-08-21T23:00)
  icon_eu_data_neerslag.bin: 2.6 MB
  icon_eu_data_cumul.bin: 2.6 MB
  icon_eu_data_temp.bin: 2.6 MB
  icon_eu_data_dauwpunt.bin: 2.6 MB
  icon_eu_data_rv.bin: 2.6 MB
  icon_eu_data_bewolking.bin: 7.9 MB
  icon_eu_data_wind.bin: 5.2 MB
  icon_eu_data_windstoten.bin: 5.2 MB
  icon_eu_data_druk.bin: 2.6 MB
  icon_eu_data_cape.bin: 2.6 MB
  icon_eu_data_straling.bin: 2.6 MB
  icon_eu_data_straling_direct.bin: 2.6 MB
  icon_eu_canvas_meta.json: 120 stappen, 2026-08-17T00:00 t/m 2026-08-21T23:00
   R2: icon_eu_canvas_meta.json (0.0 MB)
   R2: icon_eu_data_bewolking.bin (7.9 MB)
   R2: icon_eu_data_cape.bin (2.6 MB)
   R2: icon_eu_data_cumul.bin (2.6 MB)
   R2: icon_eu_data_dauwpunt.bin (2.6 MB)
   R2: icon_eu_data_druk.bin (2.6 MB)
   R2: icon_eu_data_neerslag.bin (2.6 MB)
   R2: icon_eu_data_rv.bin (2.6 MB)
   R2: icon_eu_data_straling.bin (2.6 MB)
   R2: icon_eu_data_straling_direct.bin (2.6 MB)
   R2: icon_eu_data_temp.bin (2.6 MB)
   R2: icon_eu_data_wind.bin (5.2 MB)
   R2: icon_eu_data_windstoten.bin (5.2 MB)
R2 upload klaar.
Klaar.
Mon Aug 17 14:30:23 CEST 2026: === ICON-EU klaar ===
Mon Aug 17 20:30:05 CEST 2026: === ICON-EU update ===
ICON-EU: 61x94 = 5734 punten, 72 batches
Model: icon_eu, forecast_days=5, prefix=icon_eu
  batch 1/72 klaar
  batch 2/72 klaar
  batch 3/72 klaar
  batch 4/72 klaar
  batch 5/72 klaar
  batch 6/72 klaar
  batch 7/72 klaar
  batch 8/72 klaar
  batch 9/72 klaar
  batch 10/72 klaar
  batch 11/72 klaar
  batch 12/72 klaar
  batch 13/72 klaar
  batch 14/72 klaar
  batch 15/72 klaar
  batch 16/72 klaar
  batch 17/72 klaar
  batch 18/72 klaar
  batch 19/72 klaar
  batch 20/72 klaar
  batch 21/72 klaar
  batch 22/72 klaar
  batch 23/72 klaar
  batch 24/72 klaar
  batch 25/72 klaar
  batch 26/72 klaar
  batch 27/72 klaar
  batch 28/72 klaar
  batch 29/72 klaar
  batch 30/72 klaar
  batch 31/72 klaar
  batch 32/72 klaar
  batch 33/72 klaar
  batch 34/72 klaar
  batch 35/72 klaar
  batch 36/72 klaar
  batch 37/72 klaar
  batch 38/72 klaar
  batch 39/72 klaar
  batch 40/72 klaar
  batch 41/72 klaar
  batch 42/72 klaar
  batch 43/72 klaar
  batch 44/72 klaar
  batch 45/72 klaar
  batch 46/72 klaar
  batch 47/72 klaar
  batch 48/72 klaar
  batch 49/72 klaar
  batch 50/72 klaar
  batch 51/72 klaar
  batch 52/72 klaar
  batch 53/72 klaar
  batch 54/72 klaar
  batch 55/72 klaar
  batch 56/72 klaar
  batch 57/72 klaar
  batch 58/72 klaar
  batch 59/72 klaar
  batch 60/72 klaar
  batch 61/72 klaar
  batch 62/72 klaar
  batch 63/72 klaar
  batch 64/72 klaar
  batch 65/72 klaar
  batch 66/72 klaar
  batch 67/72 klaar
  batch 68/72 klaar
  batch 69/72 klaar
  batch 70/72 klaar
  batch 71/72 klaar
  batch 72/72 klaar
  Tijdstappen na trim: 120 (2026-08-17T00:00 t/m 2026-08-21T23:00)
  icon_eu_data_neerslag.bin: 2.6 MB
  icon_eu_data_cumul.bin: 2.6 MB
  icon_eu_data_temp.bin: 2.6 MB
  icon_eu_data_dauwpunt.bin: 2.6 MB
  icon_eu_data_rv.bin: 2.6 MB
  icon_eu_data_bewolking.bin: 7.9 MB
  icon_eu_data_wind.bin: 5.2 MB
  icon_eu_data_windstoten.bin: 5.2 MB
  icon_eu_data_druk.bin: 2.6 MB
  icon_eu_data_cape.bin: 2.6 MB
  icon_eu_data_straling.bin: 2.6 MB
  icon_eu_data_straling_direct.bin: 2.6 MB
  icon_eu_canvas_meta.json: 120 stappen, 2026-08-17T00:00 t/m 2026-08-21T23:00
   R2: icon_eu_canvas_meta.json (0.0 MB)
   R2: icon_eu_data_bewolking.bin (7.9 MB)
   R2: icon_eu_data_cape.bin (2.6 MB)
   R2: icon_eu_data_cumul.bin (2.6 MB)
   R2: icon_eu_data_dauwpunt.bin (2.6 MB)
   R2: icon_eu_data_druk.bin (2.6 MB)
   R2: icon_eu_data_neerslag.bin (2.6 MB)
   R2: icon_eu_data_rv.bin (2.6 MB)
   R2: icon_eu_data_straling.bin (2.6 MB)
   R2: icon_eu_data_straling_direct.bin (2.6 MB)
   R2: icon_eu_data_temp.bin (2.6 MB)
   R2: icon_eu_data_wind.bin (5.2 MB)
   R2: icon_eu_data_windstoten.bin (5.2 MB)
R2 upload klaar.
Klaar.
Mon Aug 17 20:30:27 CEST 2026: === ICON-EU klaar ===
Tue Aug 18 02:30:04 CEST 2026: === ICON-EU update ===
ICON-EU: 61x94 = 5734 punten, 72 batches
Model: icon_eu, forecast_days=5, prefix=icon_eu
  batch 1/72 klaar
  batch 2/72 klaar
  batch 3/72 klaar
  batch 4/72 klaar
  batch 5/72 klaar
  batch 6/72 klaar
  batch 7/72 klaar
  batch 8/72 klaar
  batch 9/72 klaar
  batch 10/72 klaar
  batch 11/72 klaar
  batch 12/72 klaar
  batch 13/72 klaar
  batch 14/72 klaar
  batch 15/72 klaar
  batch 16/72 klaar
  batch 17/72 klaar
  batch 18/72 klaar
  batch 19/72 klaar
  batch 20/72 klaar
  batch 21/72 klaar
  batch 22/72 klaar
  batch 23/72 klaar
  batch 24/72 klaar
  batch 25/72 klaar
  batch 26/72 klaar
  batch 27/72 klaar
  batch 28/72 klaar
  batch 29/72 klaar
  batch 30/72 klaar
  batch 31/72 klaar
  batch 32/72 klaar
  batch 33/72 klaar
  batch 34/72 klaar
  batch 35/72 klaar
  batch 36/72 klaar
  batch 37/72 klaar
  batch 38/72 klaar
  batch 39/72 klaar
  batch 40/72 klaar
  batch 41/72 klaar
  batch 42/72 klaar
  batch 43/72 klaar
  batch 44/72 klaar
  batch 45/72 klaar
  batch 46/72 klaar
  batch 47/72 klaar
  batch 48/72 klaar
  batch 49/72 klaar
  batch 50/72 klaar
  batch 51/72 klaar
  batch 52/72 klaar
  batch 53/72 klaar
  batch 54/72 klaar
  batch 55/72 klaar
  batch 56/72 klaar
  batch 57/72 klaar
  batch 58/72 klaar
  batch 59/72 klaar
  batch 60/72 klaar
  batch 61/72 klaar
  batch 62/72 klaar
  batch 63/72 klaar
  batch 64/72 klaar
  batch 65/72 klaar
  batch 66/72 klaar
  batch 67/72 klaar
  batch 68/72 klaar
  batch 69/72 klaar
  batch 70/72 klaar
  batch 71/72 klaar
  batch 72/72 klaar
  Tijdstappen na trim: 120 (2026-08-18T00:00 t/m 2026-08-22T23:00)
  icon_eu_data_neerslag.bin: 2.6 MB
  icon_eu_data_cumul.bin: 2.6 MB
  icon_eu_data_temp.bin: 2.6 MB
  icon_eu_data_dauwpunt.bin: 2.6 MB
  icon_eu_data_rv.bin: 2.6 MB
  icon_eu_data_bewolking.bin: 7.9 MB
  icon_eu_data_wind.bin: 5.2 MB
  icon_eu_data_windstoten.bin: 5.2 MB
  icon_eu_data_druk.bin: 2.6 MB
  icon_eu_data_cape.bin: 2.6 MB
  icon_eu_data_straling.bin: 2.6 MB
  icon_eu_data_straling_direct.bin: 2.6 MB
  icon_eu_canvas_meta.json: 120 stappen, 2026-08-18T00:00 t/m 2026-08-22T23:00
   R2: icon_eu_canvas_meta.json (0.0 MB)
   R2: icon_eu_data_bewolking.bin (7.9 MB)
   R2: icon_eu_data_cape.bin (2.6 MB)
   R2: icon_eu_data_cumul.bin (2.6 MB)
   R2: icon_eu_data_dauwpunt.bin (2.6 MB)
   R2: icon_eu_data_druk.bin (2.6 MB)
   R2: icon_eu_data_neerslag.bin (2.6 MB)
   R2: icon_eu_data_rv.bin (2.6 MB)
   R2: icon_eu_data_straling.bin (2.6 MB)
   R2: icon_eu_data_straling_direct.bin (2.6 MB)
   R2: icon_eu_data_temp.bin (2.6 MB)
   R2: icon_eu_data_wind.bin (5.2 MB)
   R2: icon_eu_data_windstoten.bin (5.2 MB)
R2 upload klaar.
Klaar.
Tue Aug 18 02:30:23 CEST 2026: === ICON-EU klaar ===
Tue Aug 18 08:30:04 CEST 2026: === ICON-EU update ===
ICON-EU: 61x94 = 5734 punten, 72 batches
Model: icon_eu, forecast_days=5, prefix=icon_eu
  batch 1/72 klaar
  batch 2/72 klaar
  batch 3/72 klaar
  batch 4/72 klaar
  batch 5/72 klaar
  batch 6/72 klaar
  batch 7/72 klaar
  batch 8/72 klaar
  batch 9/72 klaar
  batch 10/72 klaar
  batch 11/72 klaar
  batch 12/72 klaar
  batch 13/72 klaar
  batch 14/72 klaar
  batch 15/72 klaar
  batch 16/72 klaar
  batch 17/72 klaar
  batch 18/72 klaar
  batch 19/72 klaar
  batch 20/72 klaar
  batch 21/72 klaar
  batch 22/72 klaar
  batch 23/72 klaar
  batch 24/72 klaar
  batch 25/72 klaar
  batch 26/72 klaar
  batch 27/72 klaar
  batch 28/72 klaar
  batch 29/72 klaar
  batch 30/72 klaar
  batch 31/72 klaar
  batch 32/72 klaar
  batch 33/72 klaar
  batch 34/72 klaar
  batch 35/72 klaar
  batch 36/72 klaar
  batch 37/72 klaar
  batch 38/72 klaar
  batch 39/72 klaar
  batch 40/72 klaar
  batch 41/72 klaar
  batch 42/72 klaar
  batch 43/72 klaar
  batch 44/72 klaar
  batch 45/72 klaar
  batch 46/72 klaar
  batch 47/72 klaar
  batch 48/72 klaar
  batch 49/72 klaar
  batch 50/72 klaar
  batch 51/72 klaar
  batch 52/72 klaar
  batch 53/72 klaar
  batch 54/72 klaar
  batch 55/72 klaar
  batch 56/72 klaar
  batch 57/72 klaar
  batch 58/72 klaar
  batch 59/72 klaar
  batch 60/72 klaar
  batch 61/72 klaar
  batch 62/72 klaar
  batch 63/72 klaar
  batch 64/72 klaar
  batch 65/72 klaar
  batch 66/72 klaar
  batch 67/72 klaar
  batch 68/72 klaar
  batch 69/72 klaar
  batch 70/72 klaar
  batch 71/72 klaar
  batch 72/72 klaar
  Tijdstappen na trim: 120 (2026-08-18T00:00 t/m 2026-08-22T23:00)
  icon_eu_data_neerslag.bin: 2.6 MB
  icon_eu_data_cumul.bin: 2.6 MB
  icon_eu_data_temp.bin: 2.6 MB
  icon_eu_data_dauwpunt.bin: 2.6 MB
  icon_eu_data_rv.bin: 2.6 MB
  icon_eu_data_bewolking.bin: 7.9 MB
  icon_eu_data_wind.bin: 5.2 MB
  icon_eu_data_windstoten.bin: 5.2 MB
  icon_eu_data_druk.bin: 2.6 MB
  icon_eu_data_cape.bin: 2.6 MB
  icon_eu_data_straling.bin: 2.6 MB
  icon_eu_data_straling_direct.bin: 2.6 MB
  icon_eu_canvas_meta.json: 120 stappen, 2026-08-18T00:00 t/m 2026-08-22T23:00
   R2: icon_eu_canvas_meta.json (0.0 MB)
   R2: icon_eu_data_bewolking.bin (7.9 MB)
   R2: icon_eu_data_cape.bin (2.6 MB)
   R2: icon_eu_data_cumul.bin (2.6 MB)
   R2: icon_eu_data_dauwpunt.bin (2.6 MB)
   R2: icon_eu_data_druk.bin (2.6 MB)
   R2: icon_eu_data_neerslag.bin (2.6 MB)
   R2: icon_eu_data_rv.bin (2.6 MB)
   R2: icon_eu_data_straling.bin (2.6 MB)
   R2: icon_eu_data_straling_direct.bin (2.6 MB)
   R2: icon_eu_data_temp.bin (2.6 MB)
   R2: icon_eu_data_wind.bin (5.2 MB)
   R2: icon_eu_data_windstoten.bin (5.2 MB)
R2 upload klaar.
Klaar.
Tue Aug 18 08:30:22 CEST 2026: === ICON-EU klaar ===
Tue Aug 18 14:30:04 CEST 2026: === ICON-EU update ===
ICON-EU: 61x94 = 5734 punten, 72 batches
Model: icon_eu, forecast_days=5, prefix=icon_eu
  batch 1/72 klaar
  batch 2/72 klaar
  batch 3/72 klaar
  batch 4/72 klaar
  batch 5/72 klaar
  batch 6/72 klaar
  batch 7/72 klaar
  batch 8/72 klaar
  batch 9/72 klaar
  batch 10/72 klaar
  batch 11/72 klaar
  batch 12/72 klaar
  batch 13/72 klaar
  batch 14/72 klaar
  batch 15/72 klaar
  batch 16/72 klaar
  batch 17/72 klaar
  batch 18/72 klaar
  batch 19/72 klaar
  batch 20/72 klaar
  batch 21/72 klaar
  batch 22/72 klaar
  batch 23/72 klaar
  batch 24/72 klaar
  batch 25/72 klaar
  batch 26/72 klaar
  batch 27/72 klaar
  batch 28/72 klaar
  batch 29/72 klaar
  batch 30/72 klaar
  batch 31/72 klaar
  batch 32/72 klaar
  batch 33/72 klaar
  batch 34/72 klaar
  batch 35/72 klaar
  batch 36/72 klaar
  batch 37/72 klaar
  batch 38/72 klaar
  batch 39/72 klaar
  batch 40/72 klaar
  batch 41/72 klaar
  batch 42/72 klaar
  batch 43/72 klaar
  batch 44/72 klaar
  batch 45/72 klaar
  batch 46/72 klaar
  batch 47/72 klaar
  batch 48/72 klaar
  batch 49/72 klaar
  batch 50/72 klaar
  batch 51/72 klaar
  batch 52/72 klaar
  batch 53/72 klaar
  batch 54/72 klaar
  batch 55/72 klaar
  batch 56/72 klaar
  batch 57/72 klaar
  batch 58/72 klaar
  batch 59/72 klaar
  batch 60/72 klaar
  batch 61/72 klaar
  batch 62/72 klaar
  batch 63/72 klaar
  batch 64/72 klaar
  batch 65/72 klaar
  batch 66/72 klaar
  batch 67/72 klaar
  batch 68/72 klaar
  batch 69/72 klaar
  batch 70/72 klaar
  batch 71/72 klaar
  batch 72/72 klaar
  Tijdstappen na trim: 120 (2026-08-18T00:00 t/m 2026-08-22T23:00)
  icon_eu_data_neerslag.bin: 2.6 MB
  icon_eu_data_cumul.bin: 2.6 MB
  icon_eu_data_temp.bin: 2.6 MB
  icon_eu_data_dauwpunt.bin: 2.6 MB
  icon_eu_data_rv.bin: 2.6 MB
  icon_eu_data_bewolking.bin: 7.9 MB
  icon_eu_data_wind.bin: 5.2 MB
  icon_eu_data_windstoten.bin: 5.2 MB
  icon_eu_data_druk.bin: 2.6 MB
  icon_eu_data_cape.bin: 2.6 MB
  icon_eu_data_straling.bin: 2.6 MB
  icon_eu_data_straling_direct.bin: 2.6 MB
  icon_eu_canvas_meta.json: 120 stappen, 2026-08-18T00:00 t/m 2026-08-22T23:00
   R2: icon_eu_canvas_meta.json (0.0 MB)
   R2: icon_eu_data_bewolking.bin (7.9 MB)
   R2: icon_eu_data_cape.bin (2.6 MB)
   R2: icon_eu_data_cumul.bin (2.6 MB)
   R2: icon_eu_data_dauwpunt.bin (2.6 MB)
   R2: icon_eu_data_druk.bin (2.6 MB)
   R2: icon_eu_data_neerslag.bin (2.6 MB)
   R2: icon_eu_data_rv.bin (2.6 MB)
   R2: icon_eu_data_straling.bin (2.6 MB)
   R2: icon_eu_data_straling_direct.bin (2.6 MB)
   R2: icon_eu_data_temp.bin (2.6 MB)
   R2: icon_eu_data_wind.bin (5.2 MB)
   R2: icon_eu_data_windstoten.bin (5.2 MB)
R2 upload klaar.
Klaar.
Tue Aug 18 14:30:21 CEST 2026: === ICON-EU klaar ===
Tue Aug 18 20:30:05 CEST 2026: === ICON-EU update ===
ICON-EU: 61x94 = 5734 punten, 72 batches
Model: icon_eu, forecast_days=5, prefix=icon_eu
  batch 1/72 klaar
  batch 2/72 klaar
  batch 3/72 klaar
  batch 4/72 klaar
  batch 5/72 klaar
  batch 6/72 klaar
  batch 7/72 klaar
  batch 8/72 klaar
  batch 9/72 klaar
  batch 10/72 klaar
  batch 11/72 klaar
  batch 12/72 klaar
  batch 13/72 klaar
  batch 14/72 klaar
  batch 15/72 klaar
  batch 16/72 klaar
  batch 17/72 klaar
  batch 18/72 klaar
  batch 19/72 klaar
  batch 20/72 klaar
  batch 21/72 klaar
  batch 22/72 klaar
  batch 23/72 klaar
  batch 24/72 klaar
  batch 25/72 klaar
  batch 26/72 klaar
  batch 27/72 klaar
  batch 28/72 klaar
  batch 29/72 klaar
  batch 30/72 klaar
  batch 31/72 klaar
  batch 32/72 klaar
  batch 33/72 klaar
  batch 34/72 klaar
  batch 35/72 klaar
  batch 36/72 klaar
  batch 37/72 klaar
  batch 38/72 klaar
  batch 39/72 klaar
  batch 40/72 klaar
  batch 41/72 klaar
  batch 42/72 klaar
  batch 43/72 klaar
  batch 44/72 klaar
  batch 45/72 klaar
  batch 46/72 klaar
  batch 47/72 klaar
  batch 48/72 klaar
  batch 49/72 klaar
  batch 50/72 klaar
  batch 51/72 klaar
  batch 52/72 klaar
  batch 53/72 klaar
  batch 54/72 klaar
  batch 55/72 klaar
  batch 56/72 klaar
  batch 57/72 klaar
  batch 58/72 klaar
  batch 59/72 klaar
  batch 60/72 klaar
  batch 61/72 klaar
  batch 62/72 klaar
  batch 63/72 klaar
  batch 64/72 klaar
  batch 65/72 klaar
  batch 66/72 klaar
  batch 67/72 klaar
  batch 68/72 klaar
  batch 69/72 klaar
  batch 70/72 klaar
  batch 71/72 klaar
  batch 72/72 klaar
  Tijdstappen na trim: 120 (2026-08-18T00:00 t/m 2026-08-22T23:00)
  icon_eu_data_neerslag.bin: 2.6 MB
  icon_eu_data_cumul.bin: 2.6 MB
  icon_eu_data_temp.bin: 2.6 MB
  icon_eu_data_dauwpunt.bin: 2.6 MB
  icon_eu_data_rv.bin: 2.6 MB
  icon_eu_data_bewolking.bin: 7.9 MB
  icon_eu_data_wind.bin: 5.2 MB
  icon_eu_data_windstoten.bin: 5.2 MB
  icon_eu_data_druk.bin: 2.6 MB
  icon_eu_data_cape.bin: 2.6 MB
  icon_eu_data_straling.bin: 2.6 MB
  icon_eu_data_straling_direct.bin: 2.6 MB
  icon_eu_canvas_meta.json: 120 stappen, 2026-08-18T00:00 t/m 2026-08-22T23:00
   R2: icon_eu_canvas_meta.json (0.0 MB)
   R2: icon_eu_data_bewolking.bin (7.9 MB)
   R2: icon_eu_data_cape.bin (2.6 MB)
   R2: icon_eu_data_cumul.bin (2.6 MB)
   R2: icon_eu_data_dauwpunt.bin (2.6 MB)
   R2: icon_eu_data_druk.bin (2.6 MB)
   R2: icon_eu_data_neerslag.bin (2.6 MB)
   R2: icon_eu_data_rv.bin (2.6 MB)
   R2: icon_eu_data_straling.bin (2.6 MB)
   R2: icon_eu_data_straling_direct.bin (2.6 MB)
   R2: icon_eu_data_temp.bin (2.6 MB)
   R2: icon_eu_data_wind.bin (5.2 MB)
   R2: icon_eu_data_windstoten.bin (5.2 MB)
R2 upload klaar.
Klaar.
Tue Aug 18 20:30:22 CEST 2026: === ICON-EU klaar ===
Wed Aug 19 02:30:03 CEST 2026: === ICON-EU update ===
ICON-EU: 61x94 = 5734 punten, 72 batches
Model: icon_eu, forecast_days=5, prefix=icon_eu
  batch 1/72 klaar
  batch 2/72 klaar
  batch 3/72 klaar
  batch 4/72 klaar
  batch 5/72 klaar
  batch 6/72 klaar
  batch 7/72 klaar
  batch 8/72 klaar
  batch 9/72 klaar
  batch 10/72 klaar
  batch 11/72 klaar
  batch 12/72 klaar
  batch 13/72 klaar
  batch 14/72 klaar
  batch 15/72 klaar
  batch 16/72 klaar
  batch 17/72 klaar
  batch 18/72 klaar
  batch 19/72 klaar
  batch 20/72 klaar
  batch 21/72 klaar
  batch 22/72 klaar
  batch 23/72 klaar
  batch 24/72 klaar
  batch 25/72 klaar
  batch 26/72 klaar
  batch 27/72 klaar
  batch 28/72 klaar
  batch 29/72 klaar
  batch 30/72 klaar
  batch 31/72 klaar
  batch 32/72 klaar
  batch 33/72 klaar
  batch 34/72 klaar
  batch 35/72 klaar
  batch 36/72 klaar
  batch 37/72 klaar
  batch 38/72 klaar
  batch 39/72 klaar
  batch 40/72 klaar
  batch 41/72 klaar
  batch 42/72 klaar
  batch 43/72 klaar
  batch 44/72 klaar
  batch 45/72 klaar
  batch 46/72 klaar
  batch 47/72 klaar
  batch 48/72 klaar
  batch 49/72 klaar
  batch 50/72 klaar
  batch 51/72 klaar
  batch 52/72 klaar
  batch 53/72 klaar
  batch 54/72 klaar
  batch 55/72 klaar
  batch 56/72 klaar
  batch 57/72 klaar
  batch 58/72 klaar
  batch 59/72 klaar
  batch 60/72 klaar
  batch 61/72 klaar
  batch 62/72 klaar
  batch 63/72 klaar
  batch 64/72 klaar
  batch 65/72 klaar
  batch 66/72 klaar
  batch 67/72 klaar
  batch 68/72 klaar
  batch 69/72 klaar
  batch 70/72 klaar
  batch 71/72 klaar
  batch 72/72 klaar
  Tijdstappen na trim: 120 (2026-08-19T00:00 t/m 2026-08-23T23:00)
  icon_eu_data_neerslag.bin: 2.6 MB
  icon_eu_data_cumul.bin: 2.6 MB
  icon_eu_data_temp.bin: 2.6 MB
  icon_eu_data_dauwpunt.bin: 2.6 MB
  icon_eu_data_rv.bin: 2.6 MB
  icon_eu_data_bewolking.bin: 7.9 MB
  icon_eu_data_wind.bin: 5.2 MB
  icon_eu_data_windstoten.bin: 5.2 MB
  icon_eu_data_druk.bin: 2.6 MB
  icon_eu_data_cape.bin: 2.6 MB
  icon_eu_data_straling.bin: 2.6 MB
  icon_eu_data_straling_direct.bin: 2.6 MB
  icon_eu_canvas_meta.json: 120 stappen, 2026-08-19T00:00 t/m 2026-08-23T23:00
   R2: icon_eu_canvas_meta.json (0.0 MB)
   R2: icon_eu_data_bewolking.bin (7.9 MB)
   R2: icon_eu_data_cape.bin (2.6 MB)
   R2: icon_eu_data_cumul.bin (2.6 MB)
   R2: icon_eu_data_dauwpunt.bin (2.6 MB)
   R2: icon_eu_data_druk.bin (2.6 MB)
   R2: icon_eu_data_neerslag.bin (2.6 MB)
   R2: icon_eu_data_rv.bin (2.6 MB)
   R2: icon_eu_data_straling.bin (2.6 MB)
   R2: icon_eu_data_straling_direct.bin (2.6 MB)
   R2: icon_eu_data_temp.bin (2.6 MB)
   R2: icon_eu_data_wind.bin (5.2 MB)
   R2: icon_eu_data_windstoten.bin (5.2 MB)
R2 upload klaar.
Klaar.
Wed Aug 19 02:30:21 CEST 2026: === ICON-EU klaar ===
Wed Aug 19 08:30:05 CEST 2026: === ICON-EU update ===
ICON-EU: 61x94 = 5734 punten, 72 batches
Model: icon_eu, forecast_days=5, prefix=icon_eu
  batch 1/72 klaar
  batch 2/72 klaar
  batch 3/72 klaar
  batch 4/72 klaar
  batch 5/72 klaar
  batch 6/72 klaar
  batch 7/72 klaar
  batch 8/72 klaar
  batch 9/72 klaar
  batch 10/72 klaar
  batch 11/72 klaar
  batch 12/72 klaar
  batch 13/72 klaar
  batch 14/72 klaar
  batch 15/72 klaar
  batch 16/72 klaar
  batch 17/72 klaar
  batch 18/72 klaar
  batch 19/72 klaar
  batch 20/72 klaar
  batch 21/72 klaar
  batch 22/72 klaar
  batch 23/72 klaar
  batch 24/72 klaar
  batch 25/72 klaar
  batch 26/72 klaar
  batch 27/72 klaar
  batch 28/72 klaar
  batch 29/72 klaar
  batch 30/72 klaar
  batch 31/72 klaar
  batch 32/72 klaar
  batch 33/72 klaar
  batch 34/72 klaar
  batch 35/72 klaar
  batch 36/72 klaar
  batch 37/72 klaar
  batch 38/72 klaar
  batch 39/72 klaar
  batch 40/72 klaar
  batch 41/72 klaar
  batch 42/72 klaar
  batch 43/72 klaar
  batch 44/72 klaar
  batch 45/72 klaar
  batch 46/72 klaar
  batch 47/72 klaar
  batch 48/72 klaar
  batch 49/72 klaar
  batch 50/72 klaar
  batch 51/72 klaar
  batch 52/72 klaar
  batch 53/72 klaar
  batch 54/72 klaar
  batch 55/72 klaar
  batch 56/72 klaar
  batch 57/72 klaar
  batch 58/72 klaar
  batch 59/72 klaar
  batch 60/72 klaar
  batch 61/72 klaar
  batch 62/72 klaar
  batch 63/72 klaar
  batch 64/72 klaar
  batch 65/72 klaar
  batch 66/72 klaar
  batch 67/72 klaar
  batch 68/72 klaar
  batch 69/72 klaar
  batch 70/72 klaar
  batch 71/72 klaar
  batch 72/72 klaar
  Tijdstappen na trim: 120 (2026-08-19T00:00 t/m 2026-08-23T23:00)
  icon_eu_data_neerslag.bin: 2.6 MB
  icon_eu_data_cumul.bin: 2.6 MB
  icon_eu_data_temp.bin: 2.6 MB
  icon_eu_data_dauwpunt.bin: 2.6 MB
  icon_eu_data_rv.bin: 2.6 MB
  icon_eu_data_bewolking.bin: 7.9 MB
  icon_eu_data_wind.bin: 5.2 MB
  icon_eu_data_windstoten.bin: 5.2 MB
  icon_eu_data_druk.bin: 2.6 MB
  icon_eu_data_cape.bin: 2.6 MB
  icon_eu_data_straling.bin: 2.6 MB
  icon_eu_data_straling_direct.bin: 2.6 MB
  icon_eu_canvas_meta.json: 120 stappen, 2026-08-19T00:00 t/m 2026-08-23T23:00
   R2: icon_eu_canvas_meta.json (0.0 MB)
   R2: icon_eu_data_bewolking.bin (7.9 MB)
   R2: icon_eu_data_cape.bin (2.6 MB)
   R2: icon_eu_data_cumul.bin (2.6 MB)
   R2: icon_eu_data_dauwpunt.bin (2.6 MB)
   R2: icon_eu_data_druk.bin (2.6 MB)
   R2: icon_eu_data_neerslag.bin (2.6 MB)
   R2: icon_eu_data_rv.bin (2.6 MB)
   R2: icon_eu_data_straling.bin (2.6 MB)
   R2: icon_eu_data_straling_direct.bin (2.6 MB)
   R2: icon_eu_data_temp.bin (2.6 MB)
   R2: icon_eu_data_wind.bin (5.2 MB)
   R2: icon_eu_data_windstoten.bin (5.2 MB)
R2 upload klaar.
Klaar.
Wed Aug 19 08:30:22 CEST 2026: === ICON-EU klaar ===
Wed Aug 19 14:30:00 CEST 2026: === ICON-EU update ===
ICON-EU: 61x94 = 5734 punten, 72 batches
Model: icon_eu, forecast_days=5, prefix=icon_eu
  batch 1/72 klaar
  batch 2/72 klaar
  batch 3/72 klaar
  batch 4/72 klaar
  batch 5/72 klaar
  batch 6/72 klaar
  batch 7/72 klaar
  batch 8/72 klaar
  batch 9/72 klaar
  batch 10/72 klaar
  batch 11/72 klaar
  batch 12/72 klaar
  batch 13/72 klaar
  batch 14/72 klaar
  batch 15/72 klaar
  batch 16/72 klaar
  batch 17/72 klaar
  batch 18/72 klaar
  batch 19/72 klaar
  batch 20/72 klaar
  batch 21/72 klaar
  batch 22/72 klaar
  batch 23/72 klaar
  batch 24/72 klaar
  batch 25/72 klaar
  batch 26/72 klaar
  batch 27/72 klaar
  batch 28/72 klaar
  batch 29/72 klaar
  batch 30/72 klaar
  batch 31/72 klaar
  batch 32/72 klaar
  batch 33/72 klaar
  batch 34/72 klaar
  batch 35/72 klaar
  batch 36/72 klaar
  batch 37/72 klaar
  batch 38/72 klaar
  batch 39/72 klaar
  batch 40/72 klaar
  batch 41/72 klaar
  batch 42/72 klaar
  batch 43/72 klaar
  batch 44/72 klaar
  batch 45/72 klaar
  batch 46/72 klaar
  batch 47/72 klaar
  batch 48/72 klaar
  batch 49/72 klaar
  batch 50/72 klaar
  batch 51/72 klaar
  batch 52/72 klaar
  batch 53/72 klaar
  batch 54/72 klaar
  batch 55/72 klaar
  batch 56/72 klaar
  batch 57/72 klaar
  batch 58/72 klaar
  batch 59/72 klaar
  batch 60/72 klaar
  batch 61/72 klaar
  batch 62/72 klaar
  batch 63/72 klaar
  batch 64/72 klaar
  batch 65/72 klaar
  batch 66/72 klaar
  batch 67/72 klaar
  batch 68/72 klaar
  batch 69/72 klaar
  batch 70/72 klaar
  batch 71/72 klaar
  batch 72/72 klaar
  Tijdstappen na trim: 120 (2026-08-19T00:00 t/m 2026-08-23T23:00)
  icon_eu_data_neerslag.bin: 2.6 MB
  icon_eu_data_cumul.bin: 2.6 MB
  icon_eu_data_temp.bin: 2.6 MB
  icon_eu_data_dauwpunt.bin: 2.6 MB
  icon_eu_data_rv.bin: 2.6 MB
  icon_eu_data_bewolking.bin: 7.9 MB
  icon_eu_data_wind.bin: 5.2 MB
  icon_eu_data_windstoten.bin: 5.2 MB
  icon_eu_data_druk.bin: 2.6 MB
  icon_eu_data_cape.bin: 2.6 MB
  icon_eu_data_straling.bin: 2.6 MB
  icon_eu_data_straling_direct.bin: 2.6 MB
  icon_eu_canvas_meta.json: 120 stappen, 2026-08-19T00:00 t/m 2026-08-23T23:00
   R2: icon_eu_canvas_meta.json (0.0 MB)
   R2: icon_eu_data_bewolking.bin (7.9 MB)
   R2: icon_eu_data_cape.bin (2.6 MB)
   R2: icon_eu_data_cumul.bin (2.6 MB)
   R2: icon_eu_data_dauwpunt.bin (2.6 MB)
   R2: icon_eu_data_druk.bin (2.6 MB)
   R2: icon_eu_data_neerslag.bin (2.6 MB)
   R2: icon_eu_data_rv.bin (2.6 MB)
   R2: icon_eu_data_straling.bin (2.6 MB)
   R2: icon_eu_data_straling_direct.bin (2.6 MB)
   R2: icon_eu_data_temp.bin (2.6 MB)
   R2: icon_eu_data_wind.bin (5.2 MB)
   R2: icon_eu_data_windstoten.bin (5.2 MB)
R2 upload klaar.
Klaar.
Wed Aug 19 14:30:16 CEST 2026: === ICON-EU klaar ===
Wed Aug 19 20:30:05 CEST 2026: === ICON-EU update ===
ICON-EU: 61x94 = 5734 punten, 72 batches
Model: icon_eu, forecast_days=5, prefix=icon_eu
  batch 1/72 klaar
  batch 2/72 klaar
  batch 3/72 klaar
  batch 4/72 klaar
  batch 5/72 klaar
  batch 6/72 klaar
  batch 7/72 klaar
  batch 8/72 klaar
  batch 9/72 klaar
  batch 10/72 klaar
  batch 11/72 klaar
  batch 12/72 klaar
  batch 13/72 klaar
  batch 14/72 klaar
  batch 15/72 klaar
  batch 16/72 klaar
  batch 17/72 klaar
  batch 18/72 klaar
  batch 19/72 klaar
  batch 20/72 klaar
  batch 21/72 klaar
  batch 22/72 klaar
  batch 23/72 klaar
  batch 24/72 klaar
  batch 25/72 klaar
  batch 26/72 klaar
  batch 27/72 klaar
  batch 28/72 klaar
  batch 29/72 klaar
  batch 30/72 klaar
  batch 31/72 klaar
  batch 32/72 klaar
  batch 33/72 klaar
  batch 34/72 klaar
  batch 35/72 klaar
  batch 36/72 klaar
  batch 37/72 klaar
  batch 38/72 klaar
  batch 39/72 klaar
  batch 40/72 klaar
  batch 41/72 klaar
  batch 42/72 klaar
  batch 43/72 klaar
  batch 44/72 klaar
  batch 45/72 klaar
  batch 46/72 klaar
  batch 47/72 klaar
  batch 48/72 klaar
  batch 49/72 klaar
  batch 50/72 klaar
  batch 51/72 klaar
  batch 52/72 klaar
  batch 53/72 klaar
  batch 54/72 klaar
  batch 55/72 klaar
  batch 56/72 klaar
  batch 57/72 klaar
  batch 58/72 klaar
  batch 59/72 klaar
  batch 60/72 klaar
  batch 61/72 klaar
  batch 62/72 klaar
  batch 63/72 klaar
  batch 64/72 klaar
  batch 65/72 klaar
  batch 66/72 klaar
  batch 67/72 klaar
  batch 68/72 klaar
  batch 69/72 klaar
  batch 70/72 klaar
  batch 71/72 klaar
  batch 72/72 klaar
  Tijdstappen na trim: 120 (2026-08-19T00:00 t/m 2026-08-23T23:00)
  icon_eu_data_neerslag.bin: 2.6 MB
  icon_eu_data_cumul.bin: 2.6 MB
  icon_eu_data_temp.bin: 2.6 MB
  icon_eu_data_dauwpunt.bin: 2.6 MB
  icon_eu_data_rv.bin: 2.6 MB
  icon_eu_data_bewolking.bin: 7.9 MB
  icon_eu_data_wind.bin: 5.2 MB
  icon_eu_data_windstoten.bin: 5.2 MB
  icon_eu_data_druk.bin: 2.6 MB
  icon_eu_data_cape.bin: 2.6 MB
  icon_eu_data_straling.bin: 2.6 MB
  icon_eu_data_straling_direct.bin: 2.6 MB
  icon_eu_canvas_meta.json: 120 stappen, 2026-08-19T00:00 t/m 2026-08-23T23:00
   R2: icon_eu_canvas_meta.json (0.0 MB)
   R2: icon_eu_data_bewolking.bin (7.9 MB)
   R2: icon_eu_data_cape.bin (2.6 MB)
   R2: icon_eu_data_cumul.bin (2.6 MB)
   R2: icon_eu_data_dauwpunt.bin (2.6 MB)
   R2: icon_eu_data_druk.bin (2.6 MB)
   R2: icon_eu_data_neerslag.bin (2.6 MB)
   R2: icon_eu_data_rv.bin (2.6 MB)
   R2: icon_eu_data_straling.bin (2.6 MB)
   R2: icon_eu_data_straling_direct.bin (2.6 MB)
   R2: icon_eu_data_temp.bin (2.6 MB)
   R2: icon_eu_data_wind.bin (5.2 MB)
   R2: icon_eu_data_windstoten.bin (5.2 MB)
R2 upload klaar.
Klaar.
Wed Aug 19 20:30:23 CEST 2026: === ICON-EU klaar ===
Thu Aug 20 02:30:05 CEST 2026: === ICON-EU update ===
ICON-EU: 61x94 = 5734 punten, 72 batches
Model: icon_eu, forecast_days=5, prefix=icon_eu
  batch 1/72 klaar
  batch 2/72 klaar
  batch 3/72 klaar
  batch 4/72 klaar
  batch 5/72 klaar
  batch 6/72 klaar
  batch 7/72 klaar
  batch 8/72 klaar
  batch 9/72 klaar
  batch 10/72 klaar
  batch 11/72 klaar
  batch 12/72 klaar
  batch 13/72 klaar
  batch 14/72 klaar
  batch 15/72 klaar
  batch 16/72 klaar
  batch 17/72 klaar
  batch 18/72 klaar
  batch 19/72 klaar
  batch 20/72 klaar
  batch 21/72 klaar
  batch 22/72 klaar
  batch 23/72 klaar
  batch 24/72 klaar
  batch 25/72 klaar
  batch 26/72 klaar
  batch 27/72 klaar
  batch 28/72 klaar
  batch 29/72 klaar
  batch 30/72 klaar
  batch 31/72 klaar
  batch 32/72 klaar
  batch 33/72 klaar
  batch 34/72 klaar
  batch 35/72 klaar
  batch 36/72 klaar
  batch 37/72 klaar
  batch 38/72 klaar
  batch 39/72 klaar
  batch 40/72 klaar
  batch 41/72 klaar
  batch 42/72 klaar
  batch 43/72 klaar
  batch 44/72 klaar
  batch 45/72 klaar
  batch 46/72 klaar
  batch 47/72 klaar
  batch 48/72 klaar
  batch 49/72 klaar
  batch 50/72 klaar
  batch 51/72 klaar
  batch 52/72 klaar
  batch 53/72 klaar
  batch 54/72 klaar
  batch 55/72 klaar
  batch 56/72 klaar
  batch 57/72 klaar
  batch 58/72 klaar
  batch 59/72 klaar
  batch 60/72 klaar
  batch 61/72 klaar
  batch 62/72 klaar
  batch 63/72 klaar
  batch 64/72 klaar
  batch 65/72 klaar
  batch 66/72 klaar
  batch 67/72 klaar
  batch 68/72 klaar
  batch 69/72 klaar
  batch 70/72 klaar
  batch 71/72 klaar
  batch 72/72 klaar
  Tijdstappen na trim: 120 (2026-08-20T00:00 t/m 2026-08-24T23:00)
  icon_eu_data_neerslag.bin: 2.6 MB
  icon_eu_data_cumul.bin: 2.6 MB
  icon_eu_data_temp.bin: 2.6 MB
  icon_eu_data_dauwpunt.bin: 2.6 MB
  icon_eu_data_rv.bin: 2.6 MB
  icon_eu_data_bewolking.bin: 7.9 MB
  icon_eu_data_wind.bin: 5.2 MB
  icon_eu_data_windstoten.bin: 5.2 MB
  icon_eu_data_druk.bin: 2.6 MB
  icon_eu_data_cape.bin: 2.6 MB
  icon_eu_data_straling.bin: 2.6 MB
  icon_eu_data_straling_direct.bin: 2.6 MB
  icon_eu_canvas_meta.json: 120 stappen, 2026-08-20T00:00 t/m 2026-08-24T23:00
   R2: icon_eu_canvas_meta.json (0.0 MB)
   R2: icon_eu_data_bewolking.bin (7.9 MB)
   R2: icon_eu_data_cape.bin (2.6 MB)
   R2: icon_eu_data_cumul.bin (2.6 MB)
   R2: icon_eu_data_dauwpunt.bin (2.6 MB)
   R2: icon_eu_data_druk.bin (2.6 MB)
   R2: icon_eu_data_neerslag.bin (2.6 MB)
   R2: icon_eu_data_rv.bin (2.6 MB)
   R2: icon_eu_data_straling.bin (2.6 MB)
   R2: icon_eu_data_straling_direct.bin (2.6 MB)
   R2: icon_eu_data_temp.bin (2.6 MB)
   R2: icon_eu_data_wind.bin (5.2 MB)
   R2: icon_eu_data_windstoten.bin (5.2 MB)
R2 upload klaar.
Klaar.
Thu Aug 20 02:30:20 CEST 2026: === ICON-EU klaar ===
Thu Aug 20 08:30:05 CEST 2026: === ICON-EU update ===
ICON-EU: 61x94 = 5734 punten, 72 batches
Model: icon_eu, forecast_days=5, prefix=icon_eu
  batch 1/72 klaar
  batch 2/72 klaar
  batch 3/72 klaar
  batch 4/72 klaar
  batch 5/72 klaar
  batch 6/72 klaar
  batch 7/72 klaar
  batch 8/72 klaar
  batch 9/72 klaar
  batch 10/72 klaar
  batch 11/72 klaar
  batch 12/72 klaar
  batch 13/72 klaar
  batch 14/72 klaar
  batch 15/72 klaar
  batch 16/72 klaar
  batch 17/72 klaar
  batch 18/72 klaar
  batch 19/72 klaar
  batch 20/72 klaar
  batch 21/72 klaar
  batch 22/72 klaar
  batch 23/72 klaar
  batch 24/72 klaar
  batch 25/72 klaar
  batch 26/72 klaar
  batch 27/72 klaar
  batch 28/72 klaar
  batch 29/72 klaar
  batch 30/72 klaar
  batch 31/72 klaar
  batch 32/72 klaar
  batch 33/72 klaar
  batch 34/72 klaar
  batch 35/72 klaar
  batch 36/72 klaar
  batch 37/72 klaar
  batch 38/72 klaar
  batch 39/72 klaar
  batch 40/72 klaar
  batch 41/72 klaar
  batch 42/72 klaar
  batch 43/72 klaar
  batch 44/72 klaar
  batch 45/72 klaar
  batch 46/72 klaar
  batch 47/72 klaar
  batch 48/72 klaar
  batch 49/72 klaar
  batch 50/72 klaar
  batch 51/72 klaar
  batch 52/72 klaar
  batch 53/72 klaar
  batch 54/72 klaar
  batch 55/72 klaar
  batch 56/72 klaar
  batch 57/72 klaar
  batch 58/72 klaar
  batch 59/72 klaar
  batch 60/72 klaar
  batch 61/72 klaar
  batch 62/72 klaar
  batch 63/72 klaar
  batch 64/72 klaar
  batch 65/72 klaar
  batch 66/72 klaar
  batch 67/72 klaar
  batch 68/72 klaar
  batch 69/72 klaar
  batch 70/72 klaar
  batch 71/72 klaar
  batch 72/72 klaar
  Tijdstappen na trim: 120 (2026-08-20T00:00 t/m 2026-08-24T23:00)
  icon_eu_data_neerslag.bin: 2.6 MB
  icon_eu_data_cumul.bin: 2.6 MB
  icon_eu_data_temp.bin: 2.6 MB
  icon_eu_data_dauwpunt.bin: 2.6 MB
  icon_eu_data_rv.bin: 2.6 MB
  icon_eu_data_bewolking.bin: 7.9 MB
  icon_eu_data_wind.bin: 5.2 MB
  icon_eu_data_windstoten.bin: 5.2 MB
  icon_eu_data_druk.bin: 2.6 MB
  icon_eu_data_cape.bin: 2.6 MB
  icon_eu_data_straling.bin: 2.6 MB
  icon_eu_data_straling_direct.bin: 2.6 MB
  icon_eu_canvas_meta.json: 120 stappen, 2026-08-20T00:00 t/m 2026-08-24T23:00
   R2: icon_eu_canvas_meta.json (0.0 MB)
   R2: icon_eu_data_bewolking.bin (7.9 MB)
   R2: icon_eu_data_cape.bin (2.6 MB)
   R2: icon_eu_data_cumul.bin (2.6 MB)
   R2: icon_eu_data_dauwpunt.bin (2.6 MB)
   R2: icon_eu_data_druk.bin (2.6 MB)
   R2: icon_eu_data_neerslag.bin (2.6 MB)
   R2: icon_eu_data_rv.bin (2.6 MB)
   R2: icon_eu_data_straling.bin (2.6 MB)
   R2: icon_eu_data_straling_direct.bin (2.6 MB)
   R2: icon_eu_data_temp.bin (2.6 MB)
   R2: icon_eu_data_wind.bin (5.2 MB)
   R2: icon_eu_data_windstoten.bin (5.2 MB)
R2 upload klaar.
Klaar.
Thu Aug 20 08:30:21 CEST 2026: === ICON-EU klaar ===
Thu Aug 20 14:30:05 CEST 2026: === ICON-EU update ===
ICON-EU: 61x94 = 5734 punten, 72 batches
Model: icon_eu, forecast_days=5, prefix=icon_eu
  batch 1/72 klaar
  batch 2/72 klaar
  batch 3/72 klaar
  batch 4/72 klaar
  batch 5/72 klaar
  batch 6/72 klaar
  batch 7/72 klaar
  batch 8/72 klaar
  batch 9/72 klaar
  batch 10/72 klaar
  batch 11/72 klaar
  batch 12/72 klaar
  batch 13/72 klaar
  batch 14/72 klaar
  batch 15/72 klaar
  batch 16/72 klaar
  batch 17/72 klaar
  batch 18/72 klaar
  batch 19/72 klaar
  batch 20/72 klaar
  batch 21/72 klaar
  batch 22/72 klaar
  batch 23/72 klaar
  batch 24/72 klaar
  batch 25/72 klaar
  batch 26/72 klaar
  batch 27/72 klaar
  batch 28/72 klaar
  batch 29/72 klaar
  batch 30/72 klaar
  batch 31/72 klaar
  batch 32/72 klaar
  batch 33/72 klaar
  batch 34/72 klaar
  batch 35/72 klaar
  batch 36/72 klaar
  batch 37/72 klaar
  batch 38/72 klaar
  batch 39/72 klaar
  batch 40/72 klaar
  batch 41/72 klaar
  batch 42/72 klaar
  batch 43/72 klaar
  batch 44/72 klaar
  batch 45/72 klaar
  batch 46/72 klaar
  batch 47/72 klaar
  batch 48/72 klaar
  batch 49/72 klaar
  batch 50/72 klaar
  batch 51/72 klaar
  batch 52/72 klaar
  batch 53/72 klaar
  batch 54/72 klaar
  batch 55/72 klaar
  batch 56/72 klaar
  batch 57/72 klaar
  batch 58/72 klaar
  batch 59/72 klaar
  batch 60/72 klaar
  batch 61/72 klaar
  batch 62/72 klaar
  batch 63/72 klaar
  batch 64/72 klaar
  batch 65/72 klaar
  batch 66/72 klaar
  batch 67/72 klaar
  batch 68/72 klaar
  batch 69/72 klaar
  batch 70/72 klaar
  batch 71/72 klaar
  batch 72/72 klaar
  Tijdstappen na trim: 120 (2026-08-20T00:00 t/m 2026-08-24T23:00)
  icon_eu_data_neerslag.bin: 2.6 MB
  icon_eu_data_cumul.bin: 2.6 MB
  icon_eu_data_temp.bin: 2.6 MB
  icon_eu_data_dauwpunt.bin: 2.6 MB
  icon_eu_data_rv.bin: 2.6 MB
  icon_eu_data_bewolking.bin: 7.9 MB
  icon_eu_data_wind.bin: 5.2 MB
  icon_eu_data_windstoten.bin: 5.2 MB
  icon_eu_data_druk.bin: 2.6 MB
  icon_eu_data_cape.bin: 2.6 MB
  icon_eu_data_straling.bin: 2.6 MB
  icon_eu_data_straling_direct.bin: 2.6 MB
  icon_eu_canvas_meta.json: 120 stappen, 2026-08-20T00:00 t/m 2026-08-24T23:00
   R2: icon_eu_canvas_meta.json (0.0 MB)
   R2: icon_eu_data_bewolking.bin (7.9 MB)
   R2: icon_eu_data_cape.bin (2.6 MB)
   R2: icon_eu_data_cumul.bin (2.6 MB)
   R2: icon_eu_data_dauwpunt.bin (2.6 MB)
   R2: icon_eu_data_druk.bin (2.6 MB)
   R2: icon_eu_data_neerslag.bin (2.6 MB)
   R2: icon_eu_data_rv.bin (2.6 MB)
   R2: icon_eu_data_straling.bin (2.6 MB)
   R2: icon_eu_data_straling_direct.bin (2.6 MB)
   R2: icon_eu_data_temp.bin (2.6 MB)
   R2: icon_eu_data_wind.bin (5.2 MB)
   R2: icon_eu_data_windstoten.bin (5.2 MB)
R2 upload klaar.
Klaar.
Thu Aug 20 14:30:21 CEST 2026: === ICON-EU klaar ===
Thu Aug 20 20:30:03 CEST 2026: === ICON-EU update ===
ICON-EU: 61x94 = 5734 punten, 72 batches
Model: icon_eu, forecast_days=5, prefix=icon_eu
  batch 1/72 klaar
  batch 2/72 klaar
  batch 3/72 klaar
  batch 4/72 klaar
  batch 5/72 klaar
  batch 6/72 klaar
  batch 7/72 klaar
  batch 8/72 klaar
  batch 9/72 klaar
  batch 10/72 klaar
  batch 11/72 klaar
  batch 12/72 klaar
  batch 13/72 klaar
  batch 14/72 klaar
  batch 15/72 klaar
  batch 16/72 klaar
  batch 17/72 klaar
  batch 18/72 klaar
  batch 19/72 klaar
  batch 20/72 klaar
  batch 21/72 klaar
  batch 22/72 klaar
  batch 23/72 klaar
  batch 24/72 klaar
  batch 25/72 klaar
  batch 26/72 klaar
  batch 27/72 klaar
  batch 28/72 klaar
  batch 29/72 klaar
  batch 30/72 klaar
  batch 31/72 klaar
  batch 32/72 klaar
  batch 33/72 klaar
  batch 34/72 klaar
  batch 35/72 klaar
  batch 36/72 klaar
  batch 37/72 klaar
  batch 38/72 klaar
  batch 39/72 klaar
  batch 40/72 klaar
  batch 41/72 klaar
  batch 42/72 klaar
  batch 43/72 klaar
  batch 44/72 klaar
  batch 45/72 klaar
  batch 46/72 klaar
  batch 47/72 klaar
  batch 48/72 klaar
  batch 49/72 klaar
  batch 50/72 klaar
  batch 51/72 klaar
  batch 52/72 klaar
  batch 53/72 klaar
  batch 54/72 klaar
  batch 55/72 klaar
  batch 56/72 klaar
  batch 57/72 klaar
  batch 58/72 klaar
  batch 59/72 klaar
  batch 60/72 klaar
  batch 61/72 klaar
  batch 62/72 klaar
  batch 63/72 klaar
  batch 64/72 klaar
  batch 65/72 klaar
  batch 66/72 klaar
  batch 67/72 klaar
  batch 68/72 klaar
  batch 69/72 klaar
  batch 70/72 klaar
  batch 71/72 klaar
  batch 72/72 klaar
  Tijdstappen na trim: 120 (2026-08-20T00:00 t/m 2026-08-24T23:00)
  icon_eu_data_neerslag.bin: 2.6 MB
  icon_eu_data_cumul.bin: 2.6 MB
  icon_eu_data_temp.bin: 2.6 MB
  icon_eu_data_dauwpunt.bin: 2.6 MB
  icon_eu_data_rv.bin: 2.6 MB
  icon_eu_data_bewolking.bin: 7.9 MB
  icon_eu_data_wind.bin: 5.2 MB
  icon_eu_data_windstoten.bin: 5.2 MB
  icon_eu_data_druk.bin: 2.6 MB
  icon_eu_data_cape.bin: 2.6 MB
  icon_eu_data_straling.bin: 2.6 MB
  icon_eu_data_straling_direct.bin: 2.6 MB
  icon_eu_canvas_meta.json: 120 stappen, 2026-08-20T00:00 t/m 2026-08-24T23:00
   R2: icon_eu_canvas_meta.json (0.0 MB)
   R2: icon_eu_data_bewolking.bin (7.9 MB)
   R2: icon_eu_data_cape.bin (2.6 MB)
   R2: icon_eu_data_cumul.bin (2.6 MB)
   R2: icon_eu_data_dauwpunt.bin (2.6 MB)
   R2: icon_eu_data_druk.bin (2.6 MB)
   R2: icon_eu_data_neerslag.bin (2.6 MB)
   R2: icon_eu_data_rv.bin (2.6 MB)
   R2: icon_eu_data_straling.bin (2.6 MB)
   R2: icon_eu_data_straling_direct.bin (2.6 MB)
   R2: icon_eu_data_temp.bin (2.6 MB)
   R2: icon_eu_data_wind.bin (5.2 MB)
   R2: icon_eu_data_windstoten.bin (5.2 MB)
R2 upload klaar.
Klaar.
Thu Aug 20 20:30:23 CEST 2026: === ICON-EU klaar ===
Fri Aug 21 02:30:03 CEST 2026: === ICON-EU update ===
ICON-EU: 61x94 = 5734 punten, 72 batches
Model: icon_eu, forecast_days=5, prefix=icon_eu
  batch 1/72 klaar
  batch 2/72 klaar
  batch 3/72 klaar
  batch 4/72 klaar
  batch 5/72 klaar
  batch 6/72 klaar
  batch 7/72 klaar
  batch 8/72 klaar
  batch 9/72 klaar
  batch 10/72 klaar
  batch 11/72 klaar
  batch 12/72 klaar
  batch 13/72 klaar
  batch 14/72 klaar
  batch 15/72 klaar
  batch 16/72 klaar
  batch 17/72 klaar
  batch 18/72 klaar
  batch 19/72 klaar
  batch 20/72 klaar
  batch 21/72 klaar
  batch 22/72 klaar
  batch 23/72 klaar
  batch 24/72 klaar
  batch 25/72 klaar
  batch 26/72 klaar
  batch 27/72 klaar
  batch 28/72 klaar
  batch 29/72 klaar
  batch 30/72 klaar
  batch 31/72 klaar
  batch 32/72 klaar
  batch 33/72 klaar
  batch 34/72 klaar
  batch 35/72 klaar
  batch 36/72 klaar
  batch 37/72 klaar
  batch 38/72 klaar
  batch 39/72 klaar
  batch 40/72 klaar
  batch 41/72 klaar
  batch 42/72 klaar
  batch 43/72 klaar
  batch 44/72 klaar
  batch 45/72 klaar
  batch 46/72 klaar
  batch 47/72 klaar
  batch 48/72 klaar
  batch 49/72 klaar
  batch 50/72 klaar
  batch 51/72 klaar
  batch 52/72 klaar
  batch 53/72 klaar
  batch 54/72 klaar
  batch 55/72 klaar
  batch 56/72 klaar
  batch 57/72 klaar
  batch 58/72 klaar
  batch 59/72 klaar
  batch 60/72 klaar
  batch 61/72 klaar
  batch 62/72 klaar
  batch 63/72 klaar
  batch 64/72 klaar
  batch 65/72 klaar
  batch 66/72 klaar
  batch 67/72 klaar
  batch 68/72 klaar
  batch 69/72 klaar
  batch 70/72 klaar
  batch 71/72 klaar
  batch 72/72 klaar
  Tijdstappen na trim: 120 (2026-08-21T00:00 t/m 2026-08-25T23:00)
  icon_eu_data_neerslag.bin: 2.6 MB
  icon_eu_data_cumul.bin: 2.6 MB
  icon_eu_data_temp.bin: 2.6 MB
  icon_eu_data_dauwpunt.bin: 2.6 MB
  icon_eu_data_rv.bin: 2.6 MB
  icon_eu_data_bewolking.bin: 7.9 MB
  icon_eu_data_wind.bin: 5.2 MB
  icon_eu_data_windstoten.bin: 5.2 MB
  icon_eu_data_druk.bin: 2.6 MB
  icon_eu_data_cape.bin: 2.6 MB
  icon_eu_data_straling.bin: 2.6 MB
  icon_eu_data_straling_direct.bin: 2.6 MB
  icon_eu_canvas_meta.json: 120 stappen, 2026-08-21T00:00 t/m 2026-08-25T23:00
   R2: icon_eu_canvas_meta.json (0.0 MB)
   R2: icon_eu_data_bewolking.bin (7.9 MB)
   R2: icon_eu_data_cape.bin (2.6 MB)
   R2: icon_eu_data_cumul.bin (2.6 MB)
   R2: icon_eu_data_dauwpunt.bin (2.6 MB)
   R2: icon_eu_data_druk.bin (2.6 MB)
   R2: icon_eu_data_neerslag.bin (2.6 MB)
   R2: icon_eu_data_rv.bin (2.6 MB)
   R2: icon_eu_data_straling.bin (2.6 MB)
   R2: icon_eu_data_straling_direct.bin (2.6 MB)
   R2: icon_eu_data_temp.bin (2.6 MB)
   R2: icon_eu_data_wind.bin (5.2 MB)
   R2: icon_eu_data_windstoten.bin (5.2 MB)
R2 upload klaar.
Klaar.
Fri Aug 21 02:30:19 CEST 2026: === ICON-EU klaar ===
Fri Aug 21 08:30:00 CEST 2026: === ICON-EU update ===
ICON-EU: 61x94 = 5734 punten, 72 batches
Model: icon_eu, forecast_days=5, prefix=icon_eu
  batch 1/72 klaar
  batch 2/72 klaar
  batch 3/72 klaar
  batch 4/72 klaar
  batch 5/72 klaar
  batch 6/72 klaar
  batch 7/72 klaar
  batch 8/72 klaar
  batch 9/72 klaar
  batch 10/72 klaar
  batch 11/72 klaar
  batch 12/72 klaar
  batch 13/72 klaar
  batch 14/72 klaar
  batch 15/72 klaar
  batch 16/72 klaar
  batch 17/72 klaar
  batch 18/72 klaar
  batch 19/72 klaar
  batch 20/72 klaar
  batch 21/72 klaar
  batch 22/72 klaar
  batch 23/72 klaar
  batch 24/72 klaar
  batch 25/72 klaar
  batch 26/72 klaar
  batch 27/72 klaar
  batch 28/72 klaar
  batch 29/72 klaar
  batch 30/72 klaar
  batch 31/72 klaar
  batch 32/72 klaar
  batch 33/72 klaar
  batch 34/72 klaar
  batch 35/72 klaar
  batch 36/72 klaar
  batch 37/72 klaar
  batch 38/72 klaar
  batch 39/72 klaar
  batch 40/72 klaar
  batch 41/72 klaar
  batch 42/72 klaar
  batch 43/72 klaar
  batch 44/72 klaar
  batch 45/72 klaar
  batch 46/72 klaar
  batch 47/72 klaar
  batch 48/72 klaar
  batch 49/72 klaar
  batch 50/72 klaar
  batch 51/72 klaar
  batch 52/72 klaar
  batch 53/72 klaar
  batch 54/72 klaar
  batch 55/72 klaar
  batch 56/72 klaar
  batch 57/72 klaar
  batch 58/72 klaar
  batch 59/72 klaar
  batch 60/72 klaar
  batch 61/72 klaar
  batch 62/72 klaar
  batch 63/72 klaar
  batch 64/72 klaar
  batch 65/72 klaar
  batch 66/72 klaar
  batch 67/72 klaar
  batch 68/72 klaar
  batch 69/72 klaar
  batch 70/72 klaar
  batch 71/72 klaar
  batch 72/72 klaar
  Tijdstappen na trim: 120 (2026-08-21T00:00 t/m 2026-08-25T23:00)
  icon_eu_data_neerslag.bin: 2.6 MB
  icon_eu_data_cumul.bin: 2.6 MB
  icon_eu_data_temp.bin: 2.6 MB
  icon_eu_data_dauwpunt.bin: 2.6 MB
  icon_eu_data_rv.bin: 2.6 MB
  icon_eu_data_bewolking.bin: 7.9 MB
  icon_eu_data_wind.bin: 5.2 MB
  icon_eu_data_windstoten.bin: 5.2 MB
  icon_eu_data_druk.bin: 2.6 MB
  icon_eu_data_cape.bin: 2.6 MB
  icon_eu_data_straling.bin: 2.6 MB
  icon_eu_data_straling_direct.bin: 2.6 MB
  icon_eu_canvas_meta.json: 120 stappen, 2026-08-21T00:00 t/m 2026-08-25T23:00
   R2: icon_eu_canvas_meta.json (0.0 MB)
   R2: icon_eu_data_bewolking.bin (7.9 MB)
   R2: icon_eu_data_cape.bin (2.6 MB)
   R2: icon_eu_data_cumul.bin (2.6 MB)
   R2: icon_eu_data_dauwpunt.bin (2.6 MB)
   R2: icon_eu_data_druk.bin (2.6 MB)
   R2: icon_eu_data_neerslag.bin (2.6 MB)
   R2: icon_eu_data_rv.bin (2.6 MB)
   R2: icon_eu_data_straling.bin (2.6 MB)
   R2: icon_eu_data_straling_direct.bin (2.6 MB)
   R2: icon_eu_data_temp.bin (2.6 MB)
   R2: icon_eu_data_wind.bin (5.2 MB)
   R2: icon_eu_data_windstoten.bin (5.2 MB)
R2 upload klaar.
Klaar.
Fri Aug 21 08:30:15 CEST 2026: === ICON-EU klaar ===
Fri Aug 21 14:30:05 CEST 2026: === ICON-EU update ===
ICON-EU: 61x94 = 5734 punten, 72 batches
Model: icon_eu, forecast_days=5, prefix=icon_eu
  batch 1/72 klaar
  batch 2/72 klaar
  batch 3/72 klaar
  batch 4/72 klaar
  batch 5/72 klaar
  batch 6/72 klaar
  batch 7/72 klaar
  batch 8/72 klaar
  batch 9/72 klaar
  batch 10/72 klaar
  batch 11/72 klaar
  batch 12/72 klaar
  batch 13/72 klaar
  batch 14/72 klaar
  batch 15/72 klaar
  batch 16/72 klaar
  batch 17/72 klaar
  batch 18/72 klaar
  batch 19/72 klaar
  batch 20/72 klaar
  batch 21/72 klaar
  batch 22/72 klaar
  batch 23/72 klaar
  batch 24/72 klaar
  batch 25/72 klaar
  batch 26/72 klaar
  batch 27/72 klaar
  batch 28/72 klaar
  batch 29/72 klaar
  batch 30/72 klaar
  batch 31/72 klaar
  batch 32/72 klaar
  batch 33/72 klaar
  batch 34/72 klaar
  batch 35/72 klaar
  batch 36/72 klaar
  batch 37/72 klaar
  batch 38/72 klaar
  batch 39/72 klaar
  batch 40/72 klaar
  batch 41/72 klaar
  batch 42/72 klaar
  batch 43/72 klaar
  batch 44/72 klaar
  batch 45/72 klaar
  batch 46/72 klaar
  batch 47/72 klaar
  batch 48/72 klaar
  batch 49/72 klaar
  batch 50/72 klaar
  batch 51/72 klaar
  batch 52/72 klaar
  batch 53/72 klaar
  batch 54/72 klaar
  batch 55/72 klaar
  batch 56/72 klaar
  batch 57/72 klaar
  batch 58/72 klaar
  batch 59/72 klaar
  batch 60/72 klaar
  batch 61/72 klaar
  batch 62/72 klaar
  batch 63/72 klaar
  batch 64/72 klaar
  batch 65/72 klaar
  batch 66/72 klaar
  batch 67/72 klaar
  batch 68/72 klaar
  batch 69/72 klaar
  batch 70/72 klaar
  batch 71/72 klaar
  batch 72/72 klaar
  Tijdstappen na trim: 120 (2026-08-21T00:00 t/m 2026-08-25T23:00)
  icon_eu_data_neerslag.bin: 2.6 MB
  icon_eu_data_cumul.bin: 2.6 MB
  icon_eu_data_temp.bin: 2.6 MB
  icon_eu_data_dauwpunt.bin: 2.6 MB
  icon_eu_data_rv.bin: 2.6 MB
  icon_eu_data_bewolking.bin: 7.9 MB
  icon_eu_data_wind.bin: 5.2 MB
  icon_eu_data_windstoten.bin: 5.2 MB
  icon_eu_data_druk.bin: 2.6 MB
  icon_eu_data_cape.bin: 2.6 MB
  icon_eu_data_straling.bin: 2.6 MB
  icon_eu_data_straling_direct.bin: 2.6 MB
  icon_eu_canvas_meta.json: 120 stappen, 2026-08-21T00:00 t/m 2026-08-25T23:00
   R2: icon_eu_canvas_meta.json (0.0 MB)
   R2: icon_eu_data_bewolking.bin (7.9 MB)
   R2: icon_eu_data_cape.bin (2.6 MB)
   R2: icon_eu_data_cumul.bin (2.6 MB)
   R2: icon_eu_data_dauwpunt.bin (2.6 MB)
   R2: icon_eu_data_druk.bin (2.6 MB)
   R2: icon_eu_data_neerslag.bin (2.6 MB)
   R2: icon_eu_data_rv.bin (2.6 MB)
   R2: icon_eu_data_straling.bin (2.6 MB)
   R2: icon_eu_data_straling_direct.bin (2.6 MB)
   R2: icon_eu_data_temp.bin (2.6 MB)
   R2: icon_eu_data_wind.bin (5.2 MB)
   R2: icon_eu_data_windstoten.bin (5.2 MB)
R2 upload klaar.
Klaar.
Fri Aug 21 14:30:22 CEST 2026: === ICON-EU klaar ===
Fri Aug 21 20:30:03 CEST 2026: === ICON-EU update ===
ICON-EU: 61x94 = 5734 punten, 72 batches
Model: icon_eu, forecast_days=5, prefix=icon_eu
  batch 1/72 klaar
  batch 2/72 klaar
  batch 3/72 klaar
  batch 4/72 klaar
  batch 5/72 klaar
  batch 6/72 klaar
  batch 7/72 klaar
  batch 8/72 klaar
  batch 9/72 klaar
  batch 10/72 klaar
  batch 11/72 klaar
  batch 12/72 klaar
  batch 13/72 klaar
  batch 14/72 klaar
  batch 15/72 klaar
  batch 16/72 klaar
  batch 17/72 klaar
  batch 18/72 klaar
  batch 19/72 klaar
  batch 20/72 klaar
  batch 21/72 klaar
  batch 22/72 klaar
  batch 23/72 klaar
  batch 24/72 klaar
  batch 25/72 klaar
  batch 26/72 klaar
  batch 27/72 klaar
  batch 28/72 klaar
  batch 29/72 klaar
  batch 30/72 klaar
  batch 31/72 klaar
  batch 32/72 klaar
  batch 33/72 klaar
  batch 34/72 klaar
  batch 35/72 klaar
  batch 36/72 klaar
  batch 37/72 klaar
  batch 38/72 klaar
  batch 39/72 klaar
  batch 40/72 klaar
  batch 41/72 klaar
  batch 42/72 klaar
  batch 43/72 klaar
  batch 44/72 klaar
  batch 45/72 klaar
  batch 46/72 klaar
  batch 47/72 klaar
  batch 48/72 klaar
  batch 49/72 klaar
  batch 50/72 klaar
  batch 51/72 klaar
  batch 52/72 klaar
  batch 53/72 klaar
  batch 54/72 klaar
  batch 55/72 klaar
  batch 56/72 klaar
  batch 57/72 klaar
  batch 58/72 klaar
  batch 59/72 klaar
  batch 60/72 klaar
  batch 61/72 klaar
  batch 62/72 klaar
  batch 63/72 klaar
  batch 64/72 klaar
  batch 65/72 klaar
  batch 66/72 klaar
  batch 67/72 klaar
  batch 68/72 klaar
  batch 69/72 klaar
  batch 70/72 klaar
  batch 71/72 klaar
  batch 72/72 klaar
  Tijdstappen na trim: 120 (2026-08-21T00:00 t/m 2026-08-25T23:00)
  icon_eu_data_neerslag.bin: 2.6 MB
  icon_eu_data_cumul.bin: 2.6 MB
  icon_eu_data_temp.bin: 2.6 MB
  icon_eu_data_dauwpunt.bin: 2.6 MB
  icon_eu_data_rv.bin: 2.6 MB
  icon_eu_data_bewolking.bin: 7.9 MB
  icon_eu_data_wind.bin: 5.2 MB
  icon_eu_data_windstoten.bin: 5.2 MB
  icon_eu_data_druk.bin: 2.6 MB
  icon_eu_data_cape.bin: 2.6 MB
  icon_eu_data_straling.bin: 2.6 MB
  icon_eu_data_straling_direct.bin: 2.6 MB
  icon_eu_canvas_meta.json: 120 stappen, 2026-08-21T00:00 t/m 2026-08-25T23:00
   R2: icon_eu_canvas_meta.json (0.0 MB)
   R2: icon_eu_data_bewolking.bin (7.9 MB)
   R2: icon_eu_data_cape.bin (2.6 MB)
   R2: icon_eu_data_cumul.bin (2.6 MB)
   R2: icon_eu_data_dauwpunt.bin (2.6 MB)
   R2: icon_eu_data_druk.bin (2.6 MB)
   R2: icon_eu_data_neerslag.bin (2.6 MB)
   R2: icon_eu_data_rv.bin (2.6 MB)
   R2: icon_eu_data_straling.bin (2.6 MB)
   R2: icon_eu_data_straling_direct.bin (2.6 MB)
   R2: icon_eu_data_temp.bin (2.6 MB)
   R2: icon_eu_data_wind.bin (5.2 MB)
   R2: icon_eu_data_windstoten.bin (5.2 MB)
R2 upload klaar.
Klaar.
Fri Aug 21 20:30:19 CEST 2026: === ICON-EU klaar ===
Sat Aug 22 02:30:05 CEST 2026: === ICON-EU update ===
ICON-EU: 61x94 = 5734 punten, 72 batches
Model: icon_eu, forecast_days=5, prefix=icon_eu
  batch 1/72 klaar
  batch 2/72 klaar
  batch 3/72 klaar
  batch 4/72 klaar
  batch 5/72 klaar
  batch 6/72 klaar
  batch 7/72 klaar
  batch 8/72 klaar
  batch 9/72 klaar
  batch 10/72 klaar
  batch 11/72 klaar
  batch 12/72 klaar
  batch 13/72 klaar
  batch 14/72 klaar
  batch 15/72 klaar
  batch 16/72 klaar
  batch 17/72 klaar
  batch 18/72 klaar
  batch 19/72 klaar
  batch 20/72 klaar
  batch 21/72 klaar
  batch 22/72 klaar
  batch 23/72 klaar
  batch 24/72 klaar
  batch 25/72 klaar
  batch 26/72 klaar
  batch 27/72 klaar
  batch 28/72 klaar
  batch 29/72 klaar
  batch 30/72 klaar
  batch 31/72 klaar
  batch 32/72 klaar
  batch 33/72 klaar
  batch 34/72 klaar
  batch 35/72 klaar
  batch 36/72 klaar
  batch 37/72 klaar
  batch 38/72 klaar
  batch 39/72 klaar
  batch 40/72 klaar
  batch 41/72 klaar
  batch 42/72 klaar
  batch 43/72 klaar
  batch 44/72 klaar
  batch 45/72 klaar
  batch 46/72 klaar
  batch 47/72 klaar
  batch 48/72 klaar
  batch 49/72 klaar
  batch 50/72 klaar
  batch 51/72 klaar
  batch 52/72 klaar
  batch 53/72 klaar
  batch 54/72 klaar
  batch 55/72 klaar
  batch 56/72 klaar
  batch 57/72 klaar
  batch 58/72 klaar
  batch 59/72 klaar
  batch 60/72 klaar
  batch 61/72 klaar
  batch 62/72 klaar
  batch 63/72 klaar
  batch 64/72 klaar
  batch 65/72 klaar
  batch 66/72 klaar
  batch 67/72 klaar
  batch 68/72 klaar
  batch 69/72 klaar
  batch 70/72 klaar
  batch 71/72 klaar
  batch 72/72 klaar
  Tijdstappen na trim: 120 (2026-08-22T00:00 t/m 2026-08-26T23:00)
  icon_eu_data_neerslag.bin: 2.6 MB
  icon_eu_data_cumul.bin: 2.6 MB
  icon_eu_data_temp.bin: 2.6 MB
  icon_eu_data_dauwpunt.bin: 2.6 MB
  icon_eu_data_rv.bin: 2.6 MB
  icon_eu_data_bewolking.bin: 7.9 MB
  icon_eu_data_wind.bin: 5.2 MB
  icon_eu_data_windstoten.bin: 5.2 MB
  icon_eu_data_druk.bin: 2.6 MB
  icon_eu_data_cape.bin: 2.6 MB
  icon_eu_data_straling.bin: 2.6 MB
  icon_eu_data_straling_direct.bin: 2.6 MB
  icon_eu_canvas_meta.json: 120 stappen, 2026-08-22T00:00 t/m 2026-08-26T23:00
   R2: icon_eu_canvas_meta.json (0.0 MB)
   R2: icon_eu_data_bewolking.bin (7.9 MB)
   R2: icon_eu_data_cape.bin (2.6 MB)
   R2: icon_eu_data_cumul.bin (2.6 MB)
   R2: icon_eu_data_dauwpunt.bin (2.6 MB)
   R2: icon_eu_data_druk.bin (2.6 MB)
   R2: icon_eu_data_neerslag.bin (2.6 MB)
   R2: icon_eu_data_rv.bin (2.6 MB)
   R2: icon_eu_data_straling.bin (2.6 MB)
   R2: icon_eu_data_straling_direct.bin (2.6 MB)
   R2: icon_eu_data_temp.bin (2.6 MB)
   R2: icon_eu_data_wind.bin (5.2 MB)
   R2: icon_eu_data_windstoten.bin (5.2 MB)
R2 upload klaar.
Klaar.
Sat Aug 22 02:30:20 CEST 2026: === ICON-EU klaar ===
Sat Aug 22 08:30:05 CEST 2026: === ICON-EU update ===
ICON-EU: 61x94 = 5734 punten, 72 batches
Model: icon_eu, forecast_days=5, prefix=icon_eu
  batch 1/72 klaar
  batch 2/72 klaar
  batch 3/72 klaar
  batch 4/72 klaar
  batch 5/72 klaar
  batch 6/72 klaar
  batch 7/72 klaar
  batch 8/72 klaar
  batch 9/72 klaar
  batch 10/72 klaar
  batch 11/72 klaar
  batch 12/72 klaar
  batch 13/72 klaar
  batch 14/72 klaar
  batch 15/72 klaar
  batch 16/72 klaar
  batch 17/72 klaar
  batch 18/72 klaar
  batch 19/72 klaar
  batch 20/72 klaar
  batch 21/72 klaar
  batch 22/72 klaar
  batch 23/72 klaar
  batch 24/72 klaar
  batch 25/72 klaar
  batch 26/72 klaar
  batch 27/72 klaar
  batch 28/72 klaar
  batch 29/72 klaar
  batch 30/72 klaar
  batch 31/72 klaar
  batch 32/72 klaar
  batch 33/72 klaar
  batch 34/72 klaar
  batch 35/72 klaar
  batch 36/72 klaar
  batch 37/72 klaar
  batch 38/72 klaar
  batch 39/72 klaar
  batch 40/72 klaar
  batch 41/72 klaar
  batch 42/72 klaar
  batch 43/72 klaar
  batch 44/72 klaar
  batch 45/72 klaar
  batch 46/72 klaar
  batch 47/72 klaar
  batch 48/72 klaar
  batch 49/72 klaar
  batch 50/72 klaar
  batch 51/72 klaar
  batch 52/72 klaar
  batch 53/72 klaar
  batch 54/72 klaar
  batch 55/72 klaar
  batch 56/72 klaar
  batch 57/72 klaar
  batch 58/72 klaar
  batch 59/72 klaar
  batch 60/72 klaar
  batch 61/72 klaar
  batch 62/72 klaar
  batch 63/72 klaar
  batch 64/72 klaar
  batch 65/72 klaar
  batch 66/72 klaar
  batch 67/72 klaar
  batch 68/72 klaar
  batch 69/72 klaar
  batch 70/72 klaar
  batch 71/72 klaar
  batch 72/72 klaar
  Tijdstappen na trim: 120 (2026-08-22T00:00 t/m 2026-08-26T23:00)
  icon_eu_data_neerslag.bin: 2.6 MB
  icon_eu_data_cumul.bin: 2.6 MB
  icon_eu_data_temp.bin: 2.6 MB
  icon_eu_data_dauwpunt.bin: 2.6 MB
  icon_eu_data_rv.bin: 2.6 MB
  icon_eu_data_bewolking.bin: 7.9 MB
  icon_eu_data_wind.bin: 5.2 MB
  icon_eu_data_windstoten.bin: 5.2 MB
  icon_eu_data_druk.bin: 2.6 MB
  icon_eu_data_cape.bin: 2.6 MB
  icon_eu_data_straling.bin: 2.6 MB
  icon_eu_data_straling_direct.bin: 2.6 MB
  icon_eu_canvas_meta.json: 120 stappen, 2026-08-22T00:00 t/m 2026-08-26T23:00
   R2: icon_eu_canvas_meta.json (0.0 MB)
   R2: icon_eu_data_bewolking.bin (7.9 MB)
   R2: icon_eu_data_cape.bin (2.6 MB)
   R2: icon_eu_data_cumul.bin (2.6 MB)
   R2: icon_eu_data_dauwpunt.bin (2.6 MB)
   R2: icon_eu_data_druk.bin (2.6 MB)
   R2: icon_eu_data_neerslag.bin (2.6 MB)
   R2: icon_eu_data_rv.bin (2.6 MB)
   R2: icon_eu_data_straling.bin (2.6 MB)
   R2: icon_eu_data_straling_direct.bin (2.6 MB)
   R2: icon_eu_data_temp.bin (2.6 MB)
   R2: icon_eu_data_wind.bin (5.2 MB)
   R2: icon_eu_data_windstoten.bin (5.2 MB)
R2 upload klaar.
Klaar.
Sat Aug 22 08:30:24 CEST 2026: === ICON-EU klaar ===
Sat Aug 22 14:30:05 CEST 2026: === ICON-EU update ===
ICON-EU: 61x94 = 5734 punten, 72 batches
Model: icon_eu, forecast_days=5, prefix=icon_eu
  batch 1/72 klaar
  batch 2/72 klaar
  batch 3/72 klaar
  batch 4/72 klaar
  batch 5/72 klaar
  batch 6/72 klaar
  batch 7/72 klaar
  batch 8/72 klaar
  batch 9/72 klaar
  batch 10/72 klaar
  batch 11/72 klaar
  batch 12/72 klaar
  batch 13/72 klaar
  batch 14/72 klaar
  batch 15/72 klaar
  batch 16/72 klaar
  batch 17/72 klaar
  batch 18/72 klaar
  batch 19/72 klaar
  batch 20/72 klaar
  batch 21/72 klaar
  batch 22/72 klaar
  batch 23/72 klaar
  batch 24/72 klaar
  batch 25/72 klaar
  batch 26/72 klaar
  batch 27/72 klaar
  batch 28/72 klaar
  batch 29/72 klaar
  batch 30/72 klaar
  batch 31/72 klaar
  batch 32/72 klaar
  batch 33/72 klaar
  batch 34/72 klaar
  batch 35/72 klaar
  batch 36/72 klaar
  batch 37/72 klaar
  batch 38/72 klaar
  batch 39/72 klaar
  batch 40/72 klaar
  batch 41/72 klaar
  batch 42/72 klaar
  batch 43/72 klaar
  batch 44/72 klaar
  batch 45/72 klaar
  batch 46/72 klaar
  batch 47/72 klaar
  batch 48/72 klaar
  batch 49/72 klaar
  batch 50/72 klaar
  batch 51/72 klaar
  batch 52/72 klaar
  batch 53/72 klaar
  batch 54/72 klaar
  batch 55/72 klaar
  batch 56/72 klaar
  batch 57/72 klaar
  batch 58/72 klaar
  batch 59/72 klaar
  batch 60/72 klaar
  batch 61/72 klaar
  batch 62/72 klaar
  batch 63/72 klaar
  batch 64/72 klaar
  batch 65/72 klaar
  batch 66/72 klaar
  batch 67/72 klaar
  batch 68/72 klaar
  batch 69/72 klaar
  batch 70/72 klaar
  batch 71/72 klaar
  batch 72/72 klaar
  Tijdstappen na trim: 120 (2026-08-22T00:00 t/m 2026-08-26T23:00)
  icon_eu_data_neerslag.bin: 2.6 MB
  icon_eu_data_cumul.bin: 2.6 MB
  icon_eu_data_temp.bin: 2.6 MB
  icon_eu_data_dauwpunt.bin: 2.6 MB
  icon_eu_data_rv.bin: 2.6 MB
  icon_eu_data_bewolking.bin: 7.9 MB
  icon_eu_data_wind.bin: 5.2 MB
  icon_eu_data_windstoten.bin: 5.2 MB
  icon_eu_data_druk.bin: 2.6 MB
  icon_eu_data_cape.bin: 2.6 MB
  icon_eu_data_straling.bin: 2.6 MB
  icon_eu_data_straling_direct.bin: 2.6 MB
  icon_eu_canvas_meta.json: 120 stappen, 2026-08-22T00:00 t/m 2026-08-26T23:00
   R2: icon_eu_canvas_meta.json (0.0 MB)
   R2: icon_eu_data_bewolking.bin (7.9 MB)
   R2: icon_eu_data_cape.bin (2.6 MB)
   R2: icon_eu_data_cumul.bin (2.6 MB)
   R2: icon_eu_data_dauwpunt.bin (2.6 MB)
   R2: icon_eu_data_druk.bin (2.6 MB)
   R2: icon_eu_data_neerslag.bin (2.6 MB)
   R2: icon_eu_data_rv.bin (2.6 MB)
   R2: icon_eu_data_straling.bin (2.6 MB)
   R2: icon_eu_data_straling_direct.bin (2.6 MB)
   R2: icon_eu_data_temp.bin (2.6 MB)
   R2: icon_eu_data_wind.bin (5.2 MB)
   R2: icon_eu_data_windstoten.bin (5.2 MB)
R2 upload klaar.
Klaar.
Sat Aug 22 14:30:23 CEST 2026: === ICON-EU klaar ===
Sat Aug 22 20:30:04 CEST 2026: === ICON-EU update ===
ICON-EU: 61x94 = 5734 punten, 72 batches
Model: icon_eu, forecast_days=5, prefix=icon_eu
  batch 1/72 klaar
  batch 2/72 klaar
  batch 3/72 klaar
  batch 4/72 klaar
  batch 5/72 klaar
  batch 6/72 klaar
  batch 7/72 klaar
  batch 8/72 klaar
  batch 9/72 klaar
  batch 10/72 klaar
  batch 11/72 klaar
  batch 12/72 klaar
  batch 13/72 klaar
  batch 14/72 klaar
  batch 15/72 klaar
  batch 16/72 klaar
  batch 17/72 klaar
  batch 18/72 klaar
  batch 19/72 klaar
  batch 20/72 klaar
  batch 21/72 klaar
  batch 22/72 klaar
  batch 23/72 klaar
  batch 24/72 klaar
  batch 25/72 klaar
  batch 26/72 klaar
  batch 27/72 klaar
  batch 28/72 klaar
  batch 29/72 klaar
  batch 30/72 klaar
  batch 31/72 klaar
  batch 32/72 klaar
  batch 33/72 klaar
  batch 34/72 klaar
  batch 35/72 klaar
  batch 36/72 klaar
  batch 37/72 klaar
  batch 38/72 klaar
  batch 39/72 klaar
  batch 40/72 klaar
  batch 41/72 klaar
  batch 42/72 klaar
  batch 43/72 klaar
  batch 44/72 klaar
  batch 45/72 klaar
  batch 46/72 klaar
  batch 47/72 klaar
  batch 48/72 klaar
  batch 49/72 klaar
  batch 50/72 klaar
  batch 51/72 klaar
  batch 52/72 klaar
  batch 53/72 klaar
  batch 54/72 klaar
  batch 55/72 klaar
  batch 56/72 klaar
  batch 57/72 klaar
  batch 58/72 klaar
  batch 59/72 klaar
  batch 60/72 klaar
  batch 61/72 klaar
  batch 62/72 klaar
  batch 63/72 klaar
  batch 64/72 klaar
  batch 65/72 klaar
  batch 66/72 klaar
  batch 67/72 klaar
  batch 68/72 klaar
  batch 69/72 klaar
  batch 70/72 klaar
  batch 71/72 klaar
  batch 72/72 klaar
  Tijdstappen na trim: 120 (2026-08-22T00:00 t/m 2026-08-26T23:00)
  icon_eu_data_neerslag.bin: 2.6 MB
  icon_eu_data_cumul.bin: 2.6 MB
  icon_eu_data_temp.bin: 2.6 MB
  icon_eu_data_dauwpunt.bin: 2.6 MB
  icon_eu_data_rv.bin: 2.6 MB
  icon_eu_data_bewolking.bin: 7.9 MB
  icon_eu_data_wind.bin: 5.2 MB
  icon_eu_data_windstoten.bin: 5.2 MB
  icon_eu_data_druk.bin: 2.6 MB
  icon_eu_data_cape.bin: 2.6 MB
  icon_eu_data_straling.bin: 2.6 MB
  icon_eu_data_straling_direct.bin: 2.6 MB
  icon_eu_canvas_meta.json: 120 stappen, 2026-08-22T00:00 t/m 2026-08-26T23:00
   R2: icon_eu_canvas_meta.json (0.0 MB)
   R2: icon_eu_data_bewolking.bin (7.9 MB)
   R2: icon_eu_data_cape.bin (2.6 MB)
   R2: icon_eu_data_cumul.bin (2.6 MB)
   R2: icon_eu_data_dauwpunt.bin (2.6 MB)
   R2: icon_eu_data_druk.bin (2.6 MB)
   R2: icon_eu_data_neerslag.bin (2.6 MB)
   R2: icon_eu_data_rv.bin (2.6 MB)
   R2: icon_eu_data_straling.bin (2.6 MB)
   R2: icon_eu_data_straling_direct.bin (2.6 MB)
   R2: icon_eu_data_temp.bin (2.6 MB)
   R2: icon_eu_data_wind.bin (5.2 MB)
   R2: icon_eu_data_windstoten.bin (5.2 MB)
R2 upload klaar.
Klaar.
Sat Aug 22 20:30:24 CEST 2026: === ICON-EU klaar ===
Sun Aug 23 02:30:05 CEST 2026: === ICON-EU update ===
ICON-EU: 61x94 = 5734 punten, 72 batches
Model: icon_eu, forecast_days=5, prefix=icon_eu
  batch 1/72 klaar
  batch 2/72 klaar
  batch 3/72 klaar
  batch 4/72 klaar
  batch 5/72 klaar
  batch 6/72 klaar
  batch 7/72 klaar
  batch 8/72 klaar
  batch 9/72 klaar
  batch 10/72 klaar
  batch 11/72 klaar
  batch 12/72 klaar
  batch 13/72 klaar
  batch 14/72 klaar
  batch 15/72 klaar
  batch 16/72 klaar
  batch 17/72 klaar
  batch 18/72 klaar
  batch 19/72 klaar
  batch 20/72 klaar
  batch 21/72 klaar
  batch 22/72 klaar
  batch 23/72 klaar
  batch 24/72 klaar
  batch 25/72 klaar
  batch 26/72 klaar
  batch 27/72 klaar
  batch 28/72 klaar
  batch 29/72 klaar
  batch 30/72 klaar
  batch 31/72 klaar
  batch 32/72 klaar
  batch 33/72 klaar
  batch 34/72 klaar
  batch 35/72 klaar
  batch 36/72 klaar
  batch 37/72 klaar
  batch 38/72 klaar
  batch 39/72 klaar
  batch 40/72 klaar
  batch 41/72 klaar
  batch 42/72 klaar
  batch 43/72 klaar
  batch 44/72 klaar
  batch 45/72 klaar
  batch 46/72 klaar
  batch 47/72 klaar
  batch 48/72 klaar
  batch 49/72 klaar
  batch 50/72 klaar
  batch 51/72 klaar
  batch 52/72 klaar
  batch 53/72 klaar
  batch 54/72 klaar
  batch 55/72 klaar
  batch 56/72 klaar
  batch 57/72 klaar
  batch 58/72 klaar
  batch 59/72 klaar
  batch 60/72 klaar
  batch 61/72 klaar
  batch 62/72 klaar
  batch 63/72 klaar
  batch 64/72 klaar
  batch 65/72 klaar
  batch 66/72 klaar
  batch 67/72 klaar
  batch 68/72 klaar
  batch 69/72 klaar
  batch 70/72 klaar
  batch 71/72 klaar
  batch 72/72 klaar
  Tijdstappen na trim: 120 (2026-08-23T00:00 t/m 2026-08-27T23:00)
  icon_eu_data_neerslag.bin: 2.6 MB
  icon_eu_data_cumul.bin: 2.6 MB
  icon_eu_data_temp.bin: 2.6 MB
  icon_eu_data_dauwpunt.bin: 2.6 MB
  icon_eu_data_rv.bin: 2.6 MB
  icon_eu_data_bewolking.bin: 7.9 MB
  icon_eu_data_wind.bin: 5.2 MB
  icon_eu_data_windstoten.bin: 5.2 MB
  icon_eu_data_druk.bin: 2.6 MB
  icon_eu_data_cape.bin: 2.6 MB
  icon_eu_data_straling.bin: 2.6 MB
  icon_eu_data_straling_direct.bin: 2.6 MB
  icon_eu_canvas_meta.json: 120 stappen, 2026-08-23T00:00 t/m 2026-08-27T23:00
   R2: icon_eu_canvas_meta.json (0.0 MB)
   R2: icon_eu_data_bewolking.bin (7.9 MB)
   R2: icon_eu_data_cape.bin (2.6 MB)
   R2: icon_eu_data_cumul.bin (2.6 MB)
   R2: icon_eu_data_dauwpunt.bin (2.6 MB)
   R2: icon_eu_data_druk.bin (2.6 MB)
   R2: icon_eu_data_neerslag.bin (2.6 MB)
   R2: icon_eu_data_rv.bin (2.6 MB)
   R2: icon_eu_data_straling.bin (2.6 MB)
   R2: icon_eu_data_straling_direct.bin (2.6 MB)
   R2: icon_eu_data_temp.bin (2.6 MB)
   R2: icon_eu_data_wind.bin (5.2 MB)
   R2: icon_eu_data_windstoten.bin (5.2 MB)
R2 upload klaar.
Klaar.
Sun Aug 23 02:30:22 CEST 2026: === ICON-EU klaar ===
Sun Aug 23 08:30:05 CEST 2026: === ICON-EU update ===
ICON-EU: 61x94 = 5734 punten, 72 batches
Model: icon_eu, forecast_days=5, prefix=icon_eu
  batch 1/72 klaar
  batch 2/72 klaar
  batch 3/72 klaar
  batch 4/72 klaar
  batch 5/72 klaar
  batch 6/72 klaar
  batch 7/72 klaar
  batch 8/72 klaar
  batch 9/72 klaar
  batch 10/72 klaar
  batch 11/72 klaar
  batch 12/72 klaar
  batch 13/72 klaar
  batch 14/72 klaar
  batch 15/72 klaar
  batch 16/72 klaar
  batch 17/72 klaar
  batch 18/72 klaar
  batch 19/72 klaar
  batch 20/72 klaar
  batch 21/72 klaar
  batch 22/72 klaar
  batch 23/72 klaar
  batch 24/72 klaar
  batch 25/72 klaar
  batch 26/72 klaar
  batch 27/72 klaar
  batch 28/72 klaar
  batch 29/72 klaar
  batch 30/72 klaar
  batch 31/72 klaar
  batch 32/72 klaar
  batch 33/72 klaar
  batch 34/72 klaar
  batch 35/72 klaar
  batch 36/72 klaar
  batch 37/72 klaar
  batch 38/72 klaar
  batch 39/72 klaar
  batch 40/72 klaar
  batch 41/72 klaar
  batch 42/72 klaar
  batch 43/72 klaar
  batch 44/72 klaar
  batch 45/72 klaar
  batch 46/72 klaar
  batch 47/72 klaar
  batch 48/72 klaar
  batch 49/72 klaar
  batch 50/72 klaar
  batch 51/72 klaar
  batch 52/72 klaar
  batch 53/72 klaar
  batch 54/72 klaar
  batch 55/72 klaar
  batch 56/72 klaar
  batch 57/72 klaar
  batch 58/72 klaar
  batch 59/72 klaar
  batch 60/72 klaar
  batch 61/72 klaar
  batch 62/72 klaar
  batch 63/72 klaar
  batch 64/72 klaar
  batch 65/72 klaar
  batch 66/72 klaar
  batch 67/72 klaar
  batch 68/72 klaar
  batch 69/72 klaar
  batch 70/72 klaar
  batch 71/72 klaar
  batch 72/72 klaar
  Tijdstappen na trim: 120 (2026-08-23T00:00 t/m 2026-08-27T23:00)
  icon_eu_data_neerslag.bin: 2.6 MB
  icon_eu_data_cumul.bin: 2.6 MB
  icon_eu_data_temp.bin: 2.6 MB
  icon_eu_data_dauwpunt.bin: 2.6 MB
  icon_eu_data_rv.bin: 2.6 MB
  icon_eu_data_bewolking.bin: 7.9 MB
  icon_eu_data_wind.bin: 5.2 MB
  icon_eu_data_windstoten.bin: 5.2 MB
  icon_eu_data_druk.bin: 2.6 MB
  icon_eu_data_cape.bin: 2.6 MB
  icon_eu_data_straling.bin: 2.6 MB
  icon_eu_data_straling_direct.bin: 2.6 MB
  icon_eu_canvas_meta.json: 120 stappen, 2026-08-23T00:00 t/m 2026-08-27T23:00
   R2: icon_eu_canvas_meta.json (0.0 MB)
   R2: icon_eu_data_bewolking.bin (7.9 MB)
   R2: icon_eu_data_cape.bin (2.6 MB)
   R2: icon_eu_data_cumul.bin (2.6 MB)
   R2: icon_eu_data_dauwpunt.bin (2.6 MB)
   R2: icon_eu_data_druk.bin (2.6 MB)
   R2: icon_eu_data_neerslag.bin (2.6 MB)
   R2: icon_eu_data_rv.bin (2.6 MB)
   R2: icon_eu_data_straling.bin (2.6 MB)
   R2: icon_eu_data_straling_direct.bin (2.6 MB)
   R2: icon_eu_data_temp.bin (2.6 MB)
   R2: icon_eu_data_wind.bin (5.2 MB)
   R2: icon_eu_data_windstoten.bin (5.2 MB)
R2 upload klaar.
Klaar.
Sun Aug 23 08:30:21 CEST 2026: === ICON-EU klaar ===
Sun Aug 23 14:30:05 CEST 2026: === ICON-EU update ===
ICON-EU: 61x94 = 5734 punten, 72 batches
Model: icon_eu, forecast_days=5, prefix=icon_eu
  batch 1/72 klaar
  batch 2/72 klaar
  batch 3/72 klaar
  batch 4/72 klaar
  batch 5/72 klaar
  batch 6/72 klaar
  batch 7/72 klaar
  batch 8/72 klaar
  batch 9/72 klaar
  batch 10/72 klaar
  batch 11/72 klaar
  batch 12/72 klaar
  batch 13/72 klaar
  batch 14/72 klaar
  batch 15/72 klaar
  batch 16/72 klaar
  batch 17/72 klaar
  batch 18/72 klaar
  batch 19/72 klaar
  batch 20/72 klaar
  batch 21/72 klaar
  batch 22/72 klaar
  batch 23/72 klaar
  batch 24/72 klaar
  batch 25/72 klaar
  batch 26/72 klaar
  batch 27/72 klaar
  batch 28/72 klaar
  batch 29/72 klaar
  batch 30/72 klaar
  batch 31/72 klaar
  batch 32/72 klaar
  batch 33/72 klaar
  batch 34/72 klaar
  batch 35/72 klaar
  batch 36/72 klaar
  batch 37/72 klaar
  batch 38/72 klaar
  batch 39/72 klaar
  batch 40/72 klaar
  batch 41/72 klaar
  batch 42/72 klaar
  batch 43/72 klaar
  batch 44/72 klaar
  batch 45/72 klaar
  batch 46/72 klaar
  batch 47/72 klaar
  batch 48/72 klaar
  batch 49/72 klaar
  batch 50/72 klaar
  batch 51/72 klaar
  batch 52/72 klaar
  batch 53/72 klaar
  batch 54/72 klaar
  batch 55/72 klaar
  batch 56/72 klaar
  batch 57/72 klaar
  batch 58/72 klaar
  batch 59/72 klaar
  batch 60/72 klaar
  batch 61/72 klaar
  batch 62/72 klaar
  batch 63/72 klaar
  batch 64/72 klaar
  batch 65/72 klaar
  batch 66/72 klaar
  batch 67/72 klaar
  batch 68/72 klaar
  batch 69/72 klaar
  batch 70/72 klaar
  batch 71/72 klaar
  batch 72/72 klaar
  Tijdstappen na trim: 120 (2026-08-23T00:00 t/m 2026-08-27T23:00)
  icon_eu_data_neerslag.bin: 2.6 MB
  icon_eu_data_cumul.bin: 2.6 MB
  icon_eu_data_temp.bin: 2.6 MB
  icon_eu_data_dauwpunt.bin: 2.6 MB
  icon_eu_data_rv.bin: 2.6 MB
  icon_eu_data_bewolking.bin: 7.9 MB
  icon_eu_data_wind.bin: 5.2 MB
  icon_eu_data_windstoten.bin: 5.2 MB
  icon_eu_data_druk.bin: 2.6 MB
  icon_eu_data_cape.bin: 2.6 MB
  icon_eu_data_straling.bin: 2.6 MB
  icon_eu_data_straling_direct.bin: 2.6 MB
  icon_eu_canvas_meta.json: 120 stappen, 2026-08-23T00:00 t/m 2026-08-27T23:00
   R2: icon_eu_canvas_meta.json (0.0 MB)
   R2: icon_eu_data_bewolking.bin (7.9 MB)
   R2: icon_eu_data_cape.bin (2.6 MB)
   R2: icon_eu_data_cumul.bin (2.6 MB)
   R2: icon_eu_data_dauwpunt.bin (2.6 MB)
   R2: icon_eu_data_druk.bin (2.6 MB)
   R2: icon_eu_data_neerslag.bin (2.6 MB)
   R2: icon_eu_data_rv.bin (2.6 MB)
   R2: icon_eu_data_straling.bin (2.6 MB)
   R2: icon_eu_data_straling_direct.bin (2.6 MB)
   R2: icon_eu_data_temp.bin (2.6 MB)
   R2: icon_eu_data_wind.bin (5.2 MB)
   R2: icon_eu_data_windstoten.bin (5.2 MB)
R2 upload klaar.
Klaar.
Sun Aug 23 14:30:20 CEST 2026: === ICON-EU klaar ===
Sun Aug 23 20:30:05 CEST 2026: === ICON-EU update ===
ICON-EU: 61x94 = 5734 punten, 72 batches
Model: icon_eu, forecast_days=5, prefix=icon_eu
  batch 1/72 klaar
  batch 2/72 klaar
  batch 3/72 klaar
  batch 4/72 klaar
  batch 5/72 klaar
  batch 6/72 klaar
  batch 7/72 klaar
  batch 8/72 klaar
  batch 9/72 klaar
  batch 10/72 klaar
  batch 11/72 klaar
  batch 12/72 klaar
  batch 13/72 klaar
  batch 14/72 klaar
  batch 15/72 klaar
  batch 16/72 klaar
  batch 17/72 klaar
  batch 18/72 klaar
  batch 19/72 klaar
  batch 20/72 klaar
  batch 21/72 klaar
  batch 22/72 klaar
  batch 23/72 klaar
  batch 24/72 klaar
  batch 25/72 klaar
  batch 26/72 klaar
  batch 27/72 klaar
  batch 28/72 klaar
  batch 29/72 klaar
  batch 30/72 klaar
  batch 31/72 klaar
  batch 32/72 klaar
  batch 33/72 klaar
  batch 34/72 klaar
  batch 35/72 klaar
  batch 36/72 klaar
  batch 37/72 klaar
  batch 38/72 klaar
  batch 39/72 klaar
  batch 40/72 klaar
  batch 41/72 klaar
  batch 42/72 klaar
  batch 43/72 klaar
  batch 44/72 klaar
  batch 45/72 klaar
  batch 46/72 klaar
  batch 47/72 klaar
  batch 48/72 klaar
  batch 49/72 klaar
  batch 50/72 klaar
  batch 51/72 klaar
  batch 52/72 klaar
  batch 53/72 klaar
  batch 54/72 klaar
  batch 55/72 klaar
  batch 56/72 klaar
  batch 57/72 klaar
  batch 58/72 klaar
  batch 59/72 klaar
  batch 60/72 klaar
  batch 61/72 klaar
  batch 62/72 klaar
  batch 63/72 klaar
  batch 64/72 klaar
  batch 65/72 klaar
  batch 66/72 klaar
  batch 67/72 klaar
  batch 68/72 klaar
  batch 69/72 klaar
  batch 70/72 klaar
  batch 71/72 klaar
  batch 72/72 klaar
  Tijdstappen na trim: 120 (2026-08-23T00:00 t/m 2026-08-27T23:00)
  icon_eu_data_neerslag.bin: 2.6 MB
  icon_eu_data_cumul.bin: 2.6 MB
  icon_eu_data_temp.bin: 2.6 MB
  icon_eu_data_dauwpunt.bin: 2.6 MB
  icon_eu_data_rv.bin: 2.6 MB
  icon_eu_data_bewolking.bin: 7.9 MB
  icon_eu_data_wind.bin: 5.2 MB
  icon_eu_data_windstoten.bin: 5.2 MB
  icon_eu_data_druk.bin: 2.6 MB
  icon_eu_data_cape.bin: 2.6 MB
  icon_eu_data_straling.bin: 2.6 MB
  icon_eu_data_straling_direct.bin: 2.6 MB
  icon_eu_canvas_meta.json: 120 stappen, 2026-08-23T00:00 t/m 2026-08-27T23:00
   R2: icon_eu_canvas_meta.json (0.0 MB)
   R2: icon_eu_data_bewolking.bin (7.9 MB)
   R2: icon_eu_data_cape.bin (2.6 MB)
   R2: icon_eu_data_cumul.bin (2.6 MB)
   R2: icon_eu_data_dauwpunt.bin (2.6 MB)
   R2: icon_eu_data_druk.bin (2.6 MB)
   R2: icon_eu_data_neerslag.bin (2.6 MB)
   R2: icon_eu_data_rv.bin (2.6 MB)
   R2: icon_eu_data_straling.bin (2.6 MB)
   R2: icon_eu_data_straling_direct.bin (2.6 MB)
   R2: icon_eu_data_temp.bin (2.6 MB)
   R2: icon_eu_data_wind.bin (5.2 MB)
   R2: icon_eu_data_windstoten.bin (5.2 MB)
R2 upload klaar.
Klaar.
Sun Aug 23 20:30:22 CEST 2026: === ICON-EU klaar ===
Mon Aug 24 02:30:05 CEST 2026: === ICON-EU update ===
ICON-EU: 61x94 = 5734 punten, 72 batches
Model: icon_eu, forecast_days=5, prefix=icon_eu
  batch 1/72 klaar
  batch 2/72 klaar
  batch 3/72 klaar
  batch 4/72 klaar
  batch 5/72 klaar
  batch 6/72 klaar
  batch 7/72 klaar
  batch 8/72 klaar
  batch 9/72 klaar
  batch 10/72 klaar
  batch 11/72 klaar
  batch 12/72 klaar
  batch 13/72 klaar
  batch 14/72 klaar
  batch 15/72 klaar
  batch 16/72 klaar
  batch 17/72 klaar
  batch 18/72 klaar
  batch 19/72 klaar
  batch 20/72 klaar
  batch 21/72 klaar
  batch 22/72 klaar
  batch 23/72 klaar
  batch 24/72 klaar
  batch 25/72 klaar
  batch 26/72 klaar
  batch 27/72 klaar
  batch 28/72 klaar
  batch 29/72 klaar
  batch 30/72 klaar
  batch 31/72 klaar
  batch 32/72 klaar
  batch 33/72 klaar
  batch 34/72 klaar
  batch 35/72 klaar
  batch 36/72 klaar
  batch 37/72 klaar
  batch 38/72 klaar
  batch 39/72 klaar
  batch 40/72 klaar
  batch 41/72 klaar
  batch 42/72 klaar
  batch 43/72 klaar
  batch 44/72 klaar
  batch 45/72 klaar
  batch 46/72 klaar
  batch 47/72 klaar
  batch 48/72 klaar
  batch 49/72 klaar
  batch 50/72 klaar
  batch 51/72 klaar
  batch 52/72 klaar
  batch 53/72 klaar
  batch 54/72 klaar
  batch 55/72 klaar
  batch 56/72 klaar
  batch 57/72 klaar
  batch 58/72 klaar
  batch 59/72 klaar
  batch 60/72 klaar
  batch 61/72 klaar
  batch 62/72 klaar
  batch 63/72 klaar
  batch 64/72 klaar
  batch 65/72 klaar
  batch 66/72 klaar
  batch 67/72 klaar
  batch 68/72 klaar
  batch 69/72 klaar
  batch 70/72 klaar
  batch 71/72 klaar
  batch 72/72 klaar
  Tijdstappen na trim: 120 (2026-08-24T00:00 t/m 2026-08-28T23:00)
  icon_eu_data_neerslag.bin: 2.6 MB
  icon_eu_data_cumul.bin: 2.6 MB
  icon_eu_data_temp.bin: 2.6 MB
  icon_eu_data_dauwpunt.bin: 2.6 MB
  icon_eu_data_rv.bin: 2.6 MB
  icon_eu_data_bewolking.bin: 7.9 MB
  icon_eu_data_wind.bin: 5.2 MB
  icon_eu_data_windstoten.bin: 5.2 MB
  icon_eu_data_druk.bin: 2.6 MB
  icon_eu_data_cape.bin: 2.6 MB
  icon_eu_data_straling.bin: 2.6 MB
  icon_eu_data_straling_direct.bin: 2.6 MB
  icon_eu_canvas_meta.json: 120 stappen, 2026-08-24T00:00 t/m 2026-08-28T23:00
   R2: icon_eu_canvas_meta.json (0.0 MB)
   R2: icon_eu_data_bewolking.bin (7.9 MB)
   R2: icon_eu_data_cape.bin (2.6 MB)
   R2: icon_eu_data_cumul.bin (2.6 MB)
   R2: icon_eu_data_dauwpunt.bin (2.6 MB)
   R2: icon_eu_data_druk.bin (2.6 MB)
   R2: icon_eu_data_neerslag.bin (2.6 MB)
   R2: icon_eu_data_rv.bin (2.6 MB)
   R2: icon_eu_data_straling.bin (2.6 MB)
   R2: icon_eu_data_straling_direct.bin (2.6 MB)
   R2: icon_eu_data_temp.bin (2.6 MB)
   R2: icon_eu_data_wind.bin (5.2 MB)
   R2: icon_eu_data_windstoten.bin (5.2 MB)
R2 upload klaar.
Klaar.
Mon Aug 24 02:30:20 CEST 2026: === ICON-EU klaar ===
