=== Ed Aldus WM — upload Tue Mar 24 09:30:05 CET 2026 ===
Waarschuwingen opgeslagen: YELLOW (24 Mar 2026 09:30)
=== KNMI Guidance === 2026-03-24 09:30
  Ophalen: kort...
  Klaar: 5020 tekens
  Ophalen: lang...
  Klaar: 2820 tekens
Opgeslagen: guidance.json
Basiskaart aanmaken...
kaart_basis_nl.png aangemaakt
MOSMIX ophalen (temperatuur Nederland TX/TN)...
  Eelde (06280)...
  Terschelling (06250)...
  Vlieland (06242)...
  Leeuwarden (06270)...
  Den Helder (06235)...
  Amsterdam (06240)...
  De Bilt (06260)...
  Deelen (06275)...
  Hoogeveen (06279)...
  Enschede (06290)...
  Vlissingen (06310)...
  Hoek van Holland (06330)...
  Rotterdam Airport (06344)...
  Gilze Rijen (06350)...
  Eindhoven (06370)...
  Maastricht (06380)...
  Gent (06431)...
  Antwerpen (06450)...
  Kleve (K1176)...
  Brussel (06451)...
  Kleine Brogel (06479)...
  Dollart (E207)...
  Wielen (P0122)...
  Weeze (10405)...
  Valkenburg (06210)...
  Volkel (06375)...
  Bocholt (10406)...
  Nettetal (H512)...
  IJsselmeer (E5305)...
  Borkum (K1083)...
  Geilenkirchen (10500)...
Data voor 7 dagen
Kaart: kaart_temp_dinsdag_24mar2026.png
Kaart: kaart_temp_woensdag_25mar2026.png
Kaart: kaart_temp_donderdag_26mar2026.png
Kaart: kaart_temp_vrijdag_27mar2026.png
Kaart: kaart_temp_zaterdag_28mar2026.png
Kaart: kaart_temp_zondag_29mar2026.png
Kaart: kaart_temp_maandag_30mar2026.png
  Verwijderd: kaart_temp_dag_dinsdag_24mar2026.png
  Verwijderd: kaart_temp_dag_woensdag_25mar2026.png
  Verwijderd: kaart_temp_dag_donderdag_26mar2026.png
  Verwijderd: kaart_temp_dag_vrijdag_27mar2026.png
  Verwijderd: kaart_temp_dag_zaterdag_28mar2026.png
  Verwijderd: kaart_temp_dag_zondag_29mar2026.png
  Verwijderd: kaart_temp_dag_maandag_30mar2026.png
  Verwijderd: kaart_temp_nacht_maandag_23mar2026.png
  Verwijderd: kaart_temp_nacht_dinsdag_24mar2026.png
  Verwijderd: kaart_temp_nacht_woensdag_25mar2026.png
  Verwijderd: kaart_temp_nacht_donderdag_26mar2026.png
  Verwijderd: kaart_temp_nacht_vrijdag_27mar2026.png
  Verwijderd: kaart_temp_nacht_zaterdag_28mar2026.png
  Verwijderd: kaart_temp_nacht_zondag_29mar2026.png
MOSMIX ophalen (max temp dag 06-18u)...
Ophalen: Eelde (06280)...
Ophalen: Terschelling (06250)...
Ophalen: Vlieland (06242)...
Ophalen: Leeuwarden (06270)...
Ophalen: Den Helder (06235)...
Ophalen: Amsterdam (06240)...
Ophalen: De Bilt (06260)...
Ophalen: Deelen (06275)...
Ophalen: Hoogeveen (06279)...
Ophalen: Enschede (06290)...
Ophalen: Vlissingen (06310)...
Ophalen: Hoek van Holland (06330)...
Ophalen: Rotterdam Airport (06344)...
Ophalen: Gilze Rijen (06350)...
Ophalen: Eindhoven (06370)...
Ophalen: Maastricht (06380)...
Ophalen: Gent (06431)...
Ophalen: Antwerpen (06450)...
Ophalen: Kleve (K1176)...
Ophalen: Brussel (06451)...
Ophalen: Kleine Brogel (06479)...
Ophalen: Dollart (E207)...
Ophalen: Wielen (P0122)...
Ophalen: Weeze (10405)...
Ophalen: Valkenburg (06210)...
Ophalen: Volkel (06375)...
Ophalen: Bocholt (10406)...
Ophalen: Nettetal (H512)...
Ophalen: IJsselmeer (E5305)...
Ophalen: Borkum (K1083)...
Ophalen: Geilenkirchen (10500)...
Data voor 7 dagen
Kaart: kaart_temp_dag_dinsdag_24mar2026.png
Kaart: kaart_temp_dag_woensdag_25mar2026.png
Kaart: kaart_temp_dag_donderdag_26mar2026.png
Kaart: kaart_temp_dag_vrijdag_27mar2026.png
Kaart: kaart_temp_dag_zaterdag_28mar2026.png
Kaart: kaart_temp_dag_zondag_29mar2026.png
Kaart: kaart_temp_dag_maandag_30mar2026.png
MOSMIX ophalen (min temp nacht 18-06u)...
Ophalen: Eelde (06280)...
Ophalen: Terschelling (06250)...
Ophalen: Vlieland (06242)...
Ophalen: Leeuwarden (06270)...
Ophalen: Den Helder (06235)...
Ophalen: Amsterdam (06240)...
Ophalen: De Bilt (06260)...
Ophalen: Deelen (06275)...
Ophalen: Hoogeveen (06279)...
Ophalen: Enschede (06290)...
Ophalen: Vlissingen (06310)...
Ophalen: Hoek van Holland (06330)...
Ophalen: Rotterdam Airport (06344)...
Ophalen: Gilze Rijen (06350)...
Ophalen: Eindhoven (06370)...
Ophalen: Maastricht (06380)...
Ophalen: Gent (06431)...
Ophalen: Antwerpen (06450)...
Ophalen: Kleve (K1176)...
Ophalen: Brussel (06451)...
Ophalen: Kleine Brogel (06479)...
Ophalen: Dollart (E207)...
Ophalen: Wielen (P0122)...
Ophalen: Weeze (10405)...
Ophalen: Valkenburg (06210)...
Ophalen: Volkel (06375)...
Ophalen: Bocholt (10406)...
Ophalen: Nettetal (H512)...
Ophalen: IJsselmeer (E5305)...
Ophalen: Borkum (K1083)...
Ophalen: Geilenkirchen (10500)...
Data voor 7 dagen
Kaart: kaart_temp_nacht_maandag_23mar2026.png
Kaart: kaart_temp_nacht_dinsdag_24mar2026.png
Kaart: kaart_temp_nacht_woensdag_25mar2026.png
Kaart: kaart_temp_nacht_donderdag_26mar2026.png
Kaart: kaart_temp_nacht_vrijdag_27mar2026.png
Kaart: kaart_temp_nacht_zaterdag_28mar2026.png
Kaart: kaart_temp_nacht_zondag_29mar2026.png
MOSMIX ophalen (zon/bewolking)...
Ophalen: Eelde (06280)...
Ophalen: Terschelling (06250)...
Ophalen: Vlieland (06242)...
Ophalen: Leeuwarden (06270)...
Ophalen: Den Helder (06235)...
Ophalen: Amsterdam (06240)...
Ophalen: De Bilt (06260)...
Ophalen: Deelen (06275)...
Ophalen: Hoogeveen (06279)...
Ophalen: Enschede (06290)...
Ophalen: Hoek van Holland (06330)...
Ophalen: Rotterdam Airport (06344)...
Ophalen: Gilze Rijen (06350)...
Ophalen: Eindhoven (06370)...
Ophalen: Maastricht (06380)...
Ophalen: Kleve (K1176)...
Ophalen: Kleine Brogel (06479)...
Ophalen: Dollart (E207)...
Ophalen: Wielen (P0122)...
Ophalen: Weeze (10405)...
Ophalen: Valkenburg (06210)...
Ophalen: Volkel (06375)...
Ophalen: Bocholt (10406)...
Ophalen: Nettetal (H512)...
Ophalen: IJsselmeer (E5305)...
Ophalen: Borkum (K1083)...
Ophalen: Geilenkirchen (10500)...
Data voor 7 dagen
Kaart: kaart_zon_dinsdag_24mar2026.png
Kaart: kaart_zon_woensdag_25mar2026.png
Kaart: kaart_zon_donderdag_26mar2026.png
Kaart: kaart_zon_vrijdag_27mar2026.png
Kaart: kaart_zon_zaterdag_28mar2026.png
Kaart: kaart_zon_zondag_29mar2026.png
Kaart: kaart_zon_maandag_30mar2026.png
MOSMIX ophalen (wind dag 06-18u)...
Ophalen: Eelde (06280)...
Ophalen: Terschelling (06250)...
Ophalen: Vlieland (06242)...
Ophalen: Leeuwarden (06270)...
Ophalen: Den Helder (06235)...
Ophalen: Amsterdam (06240)...
Ophalen: De Bilt (06260)...
Ophalen: Deelen (06275)...
Ophalen: Hoogeveen (06279)...
Ophalen: Enschede (06290)...
Ophalen: Vlissingen (06310)...
Ophalen: Hoek van Holland (06330)...
Ophalen: Rotterdam Airport (06344)...
Ophalen: Gilze Rijen (06350)...
Ophalen: Eindhoven (06370)...
Ophalen: Maastricht (06380)...
Ophalen: Gent (06431)...
Ophalen: Antwerpen (06450)...
Ophalen: Kleve (K1176)...
Ophalen: Brussel (06451)...
Ophalen: Kleine Brogel (06479)...
Ophalen: Dollart (E207)...
Ophalen: Wielen (P0122)...
Ophalen: Weeze (10405)...
Ophalen: Valkenburg (06210)...
Ophalen: Volkel (06375)...
Ophalen: Bocholt (10406)...
Ophalen: Nettetal (H512)...
Ophalen: IJsselmeer (E5305)...
Ophalen: Borkum (K1083)...
Ophalen: Geilenkirchen (10500)...
Data voor 7 dagen
Kaart: kaart_wind_dinsdag_24mar2026.png
Kaart: kaart_wind_woensdag_25mar2026.png
Kaart: kaart_wind_donderdag_26mar2026.png
Kaart: kaart_wind_vrijdag_27mar2026.png
Kaart: kaart_wind_zaterdag_28mar2026.png
Kaart: kaart_wind_zondag_29mar2026.png
Kaart: kaart_wind_maandag_30mar2026.png
MOSMIX ophalen (wind nacht 18-06u)...
Ophalen: Eelde (06280)...
Ophalen: Terschelling (06250)...
Ophalen: Vlieland (06242)...
Ophalen: Leeuwarden (06270)...
Ophalen: Den Helder (06235)...
Ophalen: Amsterdam (06240)...
Ophalen: De Bilt (06260)...
Ophalen: Deelen (06275)...
Ophalen: Hoogeveen (06279)...
Ophalen: Enschede (06290)...
Ophalen: Vlissingen (06310)...
Ophalen: Hoek van Holland (06330)...
Ophalen: Rotterdam Airport (06344)...
Ophalen: Gilze Rijen (06350)...
Ophalen: Eindhoven (06370)...
Ophalen: Maastricht (06380)...
Ophalen: Gent (06431)...
Ophalen: Antwerpen (06450)...
Ophalen: Kleve (K1176)...
Ophalen: Brussel (06451)...
Ophalen: Kleine Brogel (06479)...
Ophalen: Dollart (E207)...
Ophalen: Wielen (P0122)...
Ophalen: Weeze (10405)...
Ophalen: Valkenburg (06210)...
Ophalen: Volkel (06375)...
Ophalen: Bocholt (10406)...
Ophalen: Nettetal (H512)...
Ophalen: IJsselmeer (E5305)...
Ophalen: Borkum (K1083)...
Ophalen: Geilenkirchen (10500)...
Data voor 7 dagen
Kaart: kaart_wind_nacht_maandag_23mar2026.png
Kaart: kaart_wind_nacht_dinsdag_24mar2026.png
Kaart: kaart_wind_nacht_woensdag_25mar2026.png
Kaart: kaart_wind_nacht_donderdag_26mar2026.png
Kaart: kaart_wind_nacht_vrijdag_27mar2026.png
Kaart: kaart_wind_nacht_zaterdag_28mar2026.png
Kaart: kaart_wind_nacht_zondag_29mar2026.png
  Verwijderd: kaart_wind_nacht_dinsdag_24mar2026.png
  Verwijderd: kaart_wind_nacht_donderdag_26mar2026.png
MOSMIX ophalen (mist/zichtbaarheid)...
Ophalen: Eelde (06280)...
Ophalen: Terschelling (06250)...
Ophalen: Vlieland (06242)...
Ophalen: Leeuwarden (06270)...
Ophalen: Den Helder (06235)...
Ophalen: Amsterdam (06240)...
Ophalen: De Bilt (06260)...
Ophalen: Deelen (06275)...
Ophalen: Hoogeveen (06279)...
Ophalen: Enschede (06290)...
Ophalen: Vlissingen (06310)...
Ophalen: Hoek van Holland (06330)...
Ophalen: Rotterdam Airport (06344)...
Ophalen: Gilze Rijen (06350)...
Ophalen: Eindhoven (06370)...
Ophalen: Maastricht (06380)...
Ophalen: Gent (06431)...
Ophalen: Antwerpen (06450)...
Ophalen: Kleve (K1176)...
Ophalen: Brussel (06451)...
Ophalen: Kleine Brogel (06479)...
Ophalen: Dollart (E207)...
Ophalen: Wielen (P0122)...
Ophalen: Weeze (10405)...
Ophalen: Valkenburg (06210)...
Ophalen: Volkel (06375)...
Ophalen: Bocholt (10406)...
Ophalen: Nettetal (H512)...
Ophalen: IJsselmeer (E5305)...
Ophalen: Borkum (K1083)...
Ophalen: Geilenkirchen (10500)...
Data voor 7 dagen
Kaart: kaart_mist_dinsdag_24mar2026.png
Kaart: kaart_mist_woensdag_25mar2026.png
Kaart: kaart_mist_donderdag_26mar2026.png
Kaart: kaart_mist_vrijdag_27mar2026.png
Kaart: kaart_mist_zaterdag_28mar2026.png
Kaart: kaart_mist_zondag_29mar2026.png
Kaart: kaart_mist_maandag_30mar2026.png
MOSMIX ophalen (T5cm grastemperatuur)...
Ophalen: Eelde (06280)...
Ophalen: Terschelling (06250)...
Ophalen: Vlieland (06242)...
Ophalen: Leeuwarden (06270)...
Ophalen: Den Helder (06235)...
Ophalen: Amsterdam (06240)...
Ophalen: De Bilt (06260)...
Ophalen: Deelen (06275)...
Ophalen: Hoogeveen (06279)...
Ophalen: Enschede (06290)...
Ophalen: Vlissingen (06310)...
Ophalen: Hoek van Holland (06330)...
Ophalen: Rotterdam Airport (06344)...
Ophalen: Gilze Rijen (06350)...
Ophalen: Eindhoven (06370)...
Ophalen: Maastricht (06380)...
Ophalen: Gent (06431)...
Ophalen: Antwerpen (06450)...
Ophalen: Kleve (K1176)...
Ophalen: Brussel (06451)...
Ophalen: Kleine Brogel (06479)...
Ophalen: Dollart (E207)...
Ophalen: Wielen (P0122)...
Ophalen: Weeze (10405)...
Ophalen: Valkenburg (06210)...
Ophalen: Volkel (06375)...
Ophalen: Bocholt (10406)...
Ophalen: Nettetal (H512)...
Ophalen: IJsselmeer (E5305)...
Ophalen: Borkum (K1083)...
Ophalen: Geilenkirchen (10500)...
Data voor 7 dagen
Kaart: kaart_t5cm_dinsdag_24mar2026.png
Kaart: kaart_t5cm_woensdag_25mar2026.png
Kaart: kaart_t5cm_donderdag_26mar2026.png
Kaart: kaart_t5cm_vrijdag_27mar2026.png
Kaart: kaart_t5cm_zaterdag_28mar2026.png
Kaart: kaart_t5cm_zondag_29mar2026.png
Kaart: kaart_t5cm_maandag_30mar2026.png
MOSMIX ophalen (dauwpunt Td2)...
Ophalen: Eelde (06280)...
Ophalen: Terschelling (06250)...
Ophalen: Vlieland (06242)...
Ophalen: Leeuwarden (06270)...
Ophalen: Den Helder (06235)...
Ophalen: Amsterdam (06240)...
Ophalen: De Bilt (06260)...
Ophalen: Deelen (06275)...
Ophalen: Hoogeveen (06279)...
Ophalen: Enschede (06290)...
Ophalen: Vlissingen (06310)...
Ophalen: Hoek van Holland (06330)...
Ophalen: Rotterdam Airport (06344)...
Ophalen: Gilze Rijen (06350)...
Ophalen: Eindhoven (06370)...
Ophalen: Maastricht (06380)...
Ophalen: Gent (06431)...
Ophalen: Antwerpen (06450)...
Ophalen: Kleve (K1176)...
Ophalen: Brussel (06451)...
Ophalen: Kleine Brogel (06479)...
Ophalen: Dollart (E207)...
Ophalen: Wielen (P0122)...
Ophalen: Weeze (10405)...
Ophalen: Valkenburg (06210)...
Ophalen: Volkel (06375)...
Ophalen: Bocholt (10406)...
Ophalen: Nettetal (H512)...
Ophalen: IJsselmeer (E5305)...
Ophalen: Borkum (K1083)...
Ophalen: Geilenkirchen (10500)...
Data voor 7 dagen
Kaart: kaart_dauwpunt_dinsdag_24mar2026.png
Kaart: kaart_dauwpunt_woensdag_25mar2026.png
Kaart: kaart_dauwpunt_donderdag_26mar2026.png
Kaart: kaart_dauwpunt_vrijdag_27mar2026.png
Kaart: kaart_dauwpunt_zaterdag_28mar2026.png
Kaart: kaart_dauwpunt_zondag_29mar2026.png
Kaart: kaart_dauwpunt_maandag_30mar2026.png
MOSMIX ophalen (gevoelstemperatuur berekend via TTT+FF)...
Ophalen: Eelde (06280)...
Ophalen: Terschelling (06250)...
Ophalen: Vlieland (06242)...
Ophalen: Leeuwarden (06270)...
Ophalen: Den Helder (06235)...
Ophalen: Amsterdam (06240)...
Ophalen: De Bilt (06260)...
Ophalen: Deelen (06275)...
Ophalen: Hoogeveen (06279)...
Ophalen: Enschede (06290)...
Ophalen: Vlissingen (06310)...
Ophalen: Hoek van Holland (06330)...
Ophalen: Rotterdam Airport (06344)...
Ophalen: Gilze Rijen (06350)...
Ophalen: Eindhoven (06370)...
Ophalen: Maastricht (06380)...
Ophalen: Gent (06431)...
Ophalen: Antwerpen (06450)...
Ophalen: Kleve (K1176)...
Ophalen: Brussel (06451)...
Ophalen: Kleine Brogel (06479)...
Ophalen: Dollart (E207)...
Ophalen: Wielen (P0122)...
Ophalen: Weeze (10405)...
Ophalen: Valkenburg (06210)...
Ophalen: Volkel (06375)...
Ophalen: Bocholt (10406)...
Ophalen: Nettetal (H512)...
Ophalen: IJsselmeer (E5305)...
Ophalen: Borkum (K1083)...
Ophalen: Geilenkirchen (10500)...
Data voor 7 dagen
Kaart: kaart_gevoels_dinsdag_24mar2026.png
Kaart: kaart_gevoels_woensdag_25mar2026.png
Kaart: kaart_gevoels_donderdag_26mar2026.png
Kaart: kaart_gevoels_vrijdag_27mar2026.png
Kaart: kaart_gevoels_zaterdag_28mar2026.png
Kaart: kaart_gevoels_zondag_29mar2026.png
Kaart: kaart_gevoels_maandag_30mar2026.png
MOSMIX ophalen (neerslag)...
Ophalen: Eelde (06280)...
Ophalen: Terschelling (06250)...
Ophalen: Vlieland (06242)...
Ophalen: Leeuwarden (06270)...
Ophalen: Den Helder (06235)...
Ophalen: Amsterdam (06240)...
Ophalen: De Bilt (06260)...
Ophalen: Deelen (06275)...
Ophalen: Hoogeveen (06279)...
Ophalen: Enschede (06290)...
Ophalen: Vlissingen (06310)...
Ophalen: Hoek van Holland (06330)...
Ophalen: Rotterdam Airport (06344)...
Ophalen: Gilze Rijen (06350)...
Ophalen: Eindhoven (06370)...
Ophalen: Maastricht (06380)...
Ophalen: Gent (06431)...
Ophalen: Antwerpen (06450)...
Ophalen: Kleve (K1176)...
Ophalen: Brussel (06451)...
Ophalen: Kleine Brogel (06479)...
Ophalen: Dollart (E207)...
Ophalen: Wielen (P0122)...
Ophalen: Weeze (10405)...
Ophalen: Valkenburg (06210)...
Ophalen: Volkel (06375)...
Ophalen: Bocholt (10406)...
Ophalen: Nettetal (H512)...
Ophalen: IJsselmeer (E5305)...
Ophalen: Borkum (K1083)...
Ophalen: Geilenkirchen (10500)...
Data voor 7 dagen
Kaart: kaart_regen_dinsdag_24mar2026.png
Kaart: kaart_regen_woensdag_25mar2026.png
Kaart: kaart_regen_donderdag_26mar2026.png
Kaart: kaart_regen_vrijdag_27mar2026.png
Kaart: kaart_regen_zaterdag_28mar2026.png
Kaart: kaart_regen_zondag_29mar2026.png
Kaart: kaart_regen_maandag_30mar2026.png
MOSMIX ophalen (onweer: wwT, wwTd, CAPE, CIN)...
Ophalen: Eelde (06280)...
Ophalen: Terschelling (06250)...
Ophalen: Vlieland (06242)...
Ophalen: Leeuwarden (06270)...
Ophalen: Den Helder (06235)...
Ophalen: Amsterdam (06240)...
Ophalen: De Bilt (06260)...
Ophalen: Deelen (06275)...
Ophalen: Hoogeveen (06279)...
Ophalen: Enschede (06290)...
Ophalen: Vlissingen (06310)...
Ophalen: Hoek van Holland (06330)...
Ophalen: Rotterdam Airport (06344)...
Ophalen: Gilze Rijen (06350)...
Ophalen: Eindhoven (06370)...
Ophalen: Maastricht (06380)...
Ophalen: Gent (06431)...
Ophalen: Antwerpen (06450)...
Ophalen: Kleve (K1176)...
Ophalen: Brussel (06451)...
Ophalen: Kleine Brogel (06479)...
Ophalen: Dollart (E207)...
Ophalen: Wielen (P0122)...
Ophalen: Weeze (10405)...
Ophalen: Valkenburg (06210)...
Ophalen: Volkel (06375)...
Ophalen: Bocholt (10406)...
Ophalen: Nettetal (H512)...
Ophalen: IJsselmeer (E5305)...
Ophalen: Borkum (K1083)...
Ophalen: Geilenkirchen (10500)...
Data voor 7 dagen
Kaart: kaart_onweer_dinsdag_24mar2026.png
Kaart: kaart_onweer_woensdag_25mar2026.png
Kaart: kaart_onweer_donderdag_26mar2026.png
Kaart: kaart_onweer_vrijdag_27mar2026.png
Kaart: kaart_onweer_zaterdag_28mar2026.png
Kaart: kaart_onweer_zondag_29mar2026.png
Kaart: kaart_onweer_maandag_30mar2026.png

Bewolkingskaart voor Wo 25 mrt...
  Eelde...
  Terschelling...
  Vlieland...
  Leeuwarden...
  Den Helder...
  Amsterdam...
  De Bilt...
  Deelen...
  Hoogeveen...
  Enschede...
  Vlissingen...
  Hoek van Holland...
  Rotterdam Airport...
  Gilze Rijen...
  Eindhoven...
  Maastricht...
  Gent...
  Antwerpen...
  Kleve...
  Brussel...
  Kleine Brogel...
  Dollart...
  Wielen...
  Weeze...
  Valkenburg...
  Volkel...
  Bocholt...
  Nettetal...
  IJsselmeer...
  Borkum...
  Geilenkirchen...
  Data voor 31 stations
Kaart opgeslagen: kaart_bewolking_2026-03-25.png

Bewolkingskaart voor Do 26 mrt...
  Eelde...
  Terschelling...
  Vlieland...
  Leeuwarden...
  Den Helder...
  Amsterdam...
  De Bilt...
  Deelen...
  Hoogeveen...
  Enschede...
  Vlissingen...
  Hoek van Holland...
  Rotterdam Airport...
  Gilze Rijen...
  Eindhoven...
  Maastricht...
  Gent...
  Antwerpen...
  Kleve...
  Brussel...
  Kleine Brogel...
  Dollart...
  Wielen...
  Weeze...
  Valkenburg...
  Volkel...
  Bocholt...
  Nettetal...
  IJsselmeer...
  Borkum...
  Geilenkirchen...
  Data voor 31 stations
Kaart opgeslagen: kaart_bewolking_2026-03-26.png

Bewolkingskaart voor Vr 27 mrt...
  Eelde...
  Terschelling...
  Vlieland...
  Leeuwarden...
  Den Helder...
  Amsterdam...
  De Bilt...
  Deelen...
  Hoogeveen...
  Enschede...
  Vlissingen...
  Hoek van Holland...
  Rotterdam Airport...
  Gilze Rijen...
  Eindhoven...
  Maastricht...
  Gent...
  Antwerpen...
  Kleve...
  Brussel...
  Kleine Brogel...
  Dollart...
  Wielen...
  Weeze...
  Valkenburg...
  Volkel...
  Bocholt...
  Nettetal...
  IJsselmeer...
  Borkum...
  Geilenkirchen...
  Data voor 31 stations
Kaart opgeslagen: kaart_bewolking_2026-03-27.png

Bewolkingskaart voor Za 28 mrt...
  Eelde...
  Terschelling...
  Vlieland...
  Leeuwarden...
  Den Helder...
  Amsterdam...
  De Bilt...
  Deelen...
  Hoogeveen...
  Enschede...
  Vlissingen...
  Hoek van Holland...
  Rotterdam Airport...
  Gilze Rijen...
  Eindhoven...
  Maastricht...
  Gent...
  Antwerpen...
  Kleve...
  Brussel...
  Kleine Brogel...
  Dollart...
  Wielen...
  Weeze...
  Valkenburg...
  Volkel...
  Bocholt...
  Nettetal...
  IJsselmeer...
  Borkum...
  Geilenkirchen...
  Data voor 31 stations
Kaart opgeslagen: kaart_bewolking_2026-03-28.png

Bewolkingskaart voor Zo 29 mrt...
  Eelde...
  Terschelling...
  Vlieland...
  Leeuwarden...
  Den Helder...
  Amsterdam...
  De Bilt...
  Deelen...
  Hoogeveen...
  Enschede...
  Vlissingen...
  Hoek van Holland...
  Rotterdam Airport...
  Gilze Rijen...
  Eindhoven...
  Maastricht...
  Gent...
  Antwerpen...
  Kleve...
  Brussel...
  Kleine Brogel...
  Dollart...
  Wielen...
  Weeze...
  Valkenburg...
  Volkel...
  Bocholt...
  Nettetal...
  IJsselmeer...
  Borkum...
  Geilenkirchen...
  Data voor 31 stations
Kaart opgeslagen: kaart_bewolking_2026-03-29.png

Bewolkingskaart voor Ma 30 mrt...
  Eelde...
  Terschelling...
  Vlieland...
  Leeuwarden...
  Den Helder...
  Amsterdam...
  De Bilt...
  Deelen...
  Hoogeveen...
  Enschede...
  Vlissingen...
  Hoek van Holland...
  Rotterdam Airport...
  Gilze Rijen...
  Eindhoven...
  Maastricht...
  Gent...
  Antwerpen...
  Kleve...
  Brussel...
  Kleine Brogel...
  Dollart...
  Wielen...
  Weeze...
  Valkenburg...
  Volkel...
  Bocholt...
  Nettetal...
  IJsselmeer...
  Borkum...
  Geilenkirchen...
  Data voor 31 stations
Kaart opgeslagen: kaart_bewolking_2026-03-30.png

Bewolkingskaart voor Di 31 mrt...
  Eelde...
  Terschelling...
  Vlieland...
  Leeuwarden...
  Den Helder...
  Amsterdam...
  De Bilt...
  Deelen...
  Hoogeveen...
  Enschede...
  Vlissingen...
  Hoek van Holland...
  Rotterdam Airport...
  Gilze Rijen...
  Eindhoven...
  Maastricht...
  Gent...
  Antwerpen...
  Kleve...
  Brussel...
  Kleine Brogel...
  Dollart...
  Wielen...
  Weeze...
  Valkenburg...
  Volkel...
  Bocholt...
  Nettetal...
  IJsselmeer...
  Borkum...
  Geilenkirchen...
  Data voor 31 stations
Kaart opgeslagen: kaart_bewolking_2026-03-31.png

Bewolkingskaart voor Wo 1 apr...
  Eelde...
  Terschelling...
  Vlieland...
  Leeuwarden...
  Den Helder...
  Amsterdam...
  De Bilt...
  Deelen...
  Hoogeveen...
  Enschede...
  Vlissingen...
  Hoek van Holland...
  Rotterdam Airport...
  Gilze Rijen...
  Eindhoven...
  Maastricht...
  Gent...
  Antwerpen...
  Kleve...
  Brussel...
  Kleine Brogel...
  Dollart...
  Wielen...
  Weeze...
  Valkenburg...
  Volkel...
  Bocholt...
  Nettetal...
  IJsselmeer...
  Borkum...
  Geilenkirchen...
  Data voor 31 stations
Kaart opgeslagen: kaart_bewolking_2026-04-01.png

Bewolkingskaart voor Do 2 apr...
  Eelde...
  Terschelling...
  Vlieland...
  Leeuwarden...
  Den Helder...
  Amsterdam...
  De Bilt...
  Deelen...
  Hoogeveen...
  Enschede...
  Vlissingen...
  Hoek van Holland...
  Rotterdam Airport...
  Gilze Rijen...
  Eindhoven...
  Maastricht...
  Gent...
  Antwerpen...
  Kleve...
  Brussel...
  Kleine Brogel...
  Dollart...
  Wielen...
  Weeze...
  Valkenburg...
  Volkel...
  Bocholt...
  Nettetal...
  IJsselmeer...
  Borkum...
  Geilenkirchen...
  Data voor 31 stations
Kaart opgeslagen: kaart_bewolking_2026-04-02.png

Bewolkingskaart voor Vr 3 apr...
  Eelde...
  Terschelling...
  Vlieland...
  Leeuwarden...
  Den Helder...
  Amsterdam...
  De Bilt...
  Deelen...
  Hoogeveen...
  Enschede...
  Vlissingen...
  Hoek van Holland...
  Rotterdam Airport...
  Gilze Rijen...
  Eindhoven...
  Maastricht...
  Gent...
  Antwerpen...
  Kleve...
  Brussel...
  Kleine Brogel...
  Dollart...
  Wielen...
  Weeze...
  Valkenburg...
  Volkel...
  Bocholt...
  Nettetal...
  IJsselmeer...
  Borkum...
  Geilenkirchen...
  Data voor 31 stations
Kaart opgeslagen: kaart_bewolking_2026-04-03.png
MOSMIX ophalen (kans op sneeuw Nederland)...
Ophalen: Eelde (06280)...
Ophalen: Terschelling (06250)...
Ophalen: Vlieland (06242)...
Ophalen: Leeuwarden (06270)...
Ophalen: Den Helder (06235)...
Ophalen: Amsterdam (06240)...
Ophalen: De Bilt (06260)...
Ophalen: Deelen (06275)...
Ophalen: Hoogeveen (06279)...
Ophalen: Enschede (06290)...
Ophalen: Vlissingen (06310)...
Ophalen: Hoek van Holland (06330)...
Ophalen: Rotterdam Airport (06344)...
Ophalen: Gilze Rijen (06350)...
Ophalen: Eindhoven (06370)...
Ophalen: Maastricht (06380)...
Ophalen: Gent (06431)...
Ophalen: Antwerpen (06450)...
Ophalen: Kleve (K1176)...
Ophalen: Brussel (06451)...
Ophalen: Kleine Brogel (06479)...
Ophalen: Dollart (E207)...
Ophalen: Wielen (P0122)...
Ophalen: Weeze (10405)...
Ophalen: Valkenburg (06210)...
Ophalen: Volkel (06375)...
Ophalen: Bocholt (10406)...
Ophalen: Nettetal (H512)...
Ophalen: IJsselmeer (E5305)...
Ophalen: Borkum (K1083)...
Ophalen: Geilenkirchen (10500)...
Data voor 7 dagen
Kaart: kaart_sneeuw_dinsdag_24mar2026.png
Kaart: kaart_sneeuw_woensdag_25mar2026.png
Kaart: kaart_sneeuw_donderdag_26mar2026.png
Kaart: kaart_sneeuw_vrijdag_27mar2026.png
Kaart: kaart_sneeuw_zaterdag_28mar2026.png
Kaart: kaart_sneeuw_zondag_29mar2026.png
Kaart: kaart_sneeuw_maandag_30mar2026.png
MOSMIX ophalen (hagelkans Nederland)...
Ophalen: Eelde (06280)...
Ophalen: Terschelling (06250)...
Ophalen: Vlieland (06242)...
Ophalen: Leeuwarden (06270)...
Ophalen: Den Helder (06235)...
Ophalen: Amsterdam (06240)...
Ophalen: De Bilt (06260)...
Ophalen: Deelen (06275)...
Ophalen: Hoogeveen (06279)...
Ophalen: Enschede (06290)...
Ophalen: Vlissingen (06310)...
Ophalen: Hoek van Holland (06330)...
Ophalen: Rotterdam Airport (06344)...
Ophalen: Gilze Rijen (06350)...
Ophalen: Eindhoven (06370)...
Ophalen: Maastricht (06380)...
Ophalen: Gent (06431)...
Ophalen: Antwerpen (06450)...
Ophalen: Kleve (K1176)...
Ophalen: Brussel (06451)...
Ophalen: Kleine Brogel (06479)...
Ophalen: Dollart (E207)...
Ophalen: Wielen (P0122)...
Ophalen: Weeze (10405)...
Ophalen: Valkenburg (06210)...
Ophalen: Volkel (06375)...
Ophalen: Bocholt (10406)...
Ophalen: Nettetal (H512)...
Ophalen: IJsselmeer (E5305)...
Ophalen: Borkum (K1083)...
Ophalen: Geilenkirchen (10500)...
Data voor 7 dagen
Kaart: kaart_hagel_dinsdag_24mar2026.png
Kaart: kaart_hagel_woensdag_25mar2026.png
Kaart: kaart_hagel_donderdag_26mar2026.png
Kaart: kaart_hagel_vrijdag_27mar2026.png
Kaart: kaart_hagel_zaterdag_28mar2026.png
Kaart: kaart_hagel_zondag_29mar2026.png
Kaart: kaart_hagel_maandag_30mar2026.png
MOSMIX ophalen (temperatuur België)...
  Brussel (06451)...
  Gent (06431)...
  Antwerpen (06450)...
  Kleine Brogel (06479)...
  Oostende (06407)...
  Charleroi (06449)...
  Bierset (06478)...
  Spa (06490)...
  St-Hubert (06476)...
  Florennes (06456)...
  Lille (07015)...
  Heinerschied (F9600)...
  Beauvechain (06458)...
  Monschau (H908)...
  Brugge (P0155)...
  Charleville (07075)...
  Cambrai (07017)...
  Calais (P0437)...
  Saint-Quentin (07061)...
Data voor 7 dagen
Kaart: kaart_be_temp_dinsdag_24mar2026.png
Kaart: kaart_be_temp_woensdag_25mar2026.png
Kaart: kaart_be_temp_donderdag_26mar2026.png
Kaart: kaart_be_temp_vrijdag_27mar2026.png
Kaart: kaart_be_temp_zaterdag_28mar2026.png
Kaart: kaart_be_temp_zondag_29mar2026.png
Kaart: kaart_be_temp_maandag_30mar2026.png
MOSMIX ophalen (max temp dag 06-18u België)...
  Brussel (06451)...
  Gent (06431)...
  Antwerpen (06450)...
  Kleine Brogel (06479)...
  Oostende (06407)...
  Charleroi (06449)...
  Bierset (06478)...
  Spa (06490)...
  St-Hubert (06476)...
  Florennes (06456)...
  Lille (07015)...
  Heinerschied (F9600)...
  Beauvechain (06458)...
  Monschau (H908)...
  Brugge (P0155)...
  Charleville (07075)...
  Cambrai (07017)...
  Calais (P0437)...
  Saint-Quentin (07061)...
Data voor 7 dagen
Kaart: kaart_be_temp_dag_dinsdag_24mar2026.png
Kaart: kaart_be_temp_dag_woensdag_25mar2026.png
Kaart: kaart_be_temp_dag_donderdag_26mar2026.png
Kaart: kaart_be_temp_dag_vrijdag_27mar2026.png
Kaart: kaart_be_temp_dag_zaterdag_28mar2026.png
Kaart: kaart_be_temp_dag_zondag_29mar2026.png
Kaart: kaart_be_temp_dag_maandag_30mar2026.png
MOSMIX ophalen (min temp nacht 18-06u België)...
  Brussel (06451)...
  Gent (06431)...
  Antwerpen (06450)...
  Kleine Brogel (06479)...
  Oostende (06407)...
  Charleroi (06449)...
  Bierset (06478)...
  Spa (06490)...
  St-Hubert (06476)...
  Florennes (06456)...
  Lille (07015)...
  Heinerschied (F9600)...
  Beauvechain (06458)...
  Monschau (H908)...
  Brugge (P0155)...
  Charleville (07075)...
  Cambrai (07017)...
  Calais (P0437)...
  Saint-Quentin (07061)...
Data voor 7 dagen
Kaart: kaart_be_temp_nacht_dinsdag_24mar2026.png
Kaart: kaart_be_temp_nacht_woensdag_25mar2026.png
Kaart: kaart_be_temp_nacht_donderdag_26mar2026.png
Kaart: kaart_be_temp_nacht_vrijdag_27mar2026.png
Kaart: kaart_be_temp_nacht_zaterdag_28mar2026.png
Kaart: kaart_be_temp_nacht_zondag_29mar2026.png
Kaart: kaart_be_temp_nacht_maandag_30mar2026.png
MOSMIX ophalen (wind dag 06-18u België)...
  Brussel (06451)...
  Gent (06431)...
  Antwerpen (06450)...
  Kleine Brogel (06479)...
  Oostende (06407)...
  Charleroi (06449)...
  Bierset (06478)...
  Spa (06490)...
  St-Hubert (06476)...
  Florennes (06456)...
  Lille (07015)...
  Heinerschied (F9600)...
  Beauvechain (06458)...
  Monschau (H908)...
  Brugge (P0155)...
  Charleville (07075)...
  Cambrai (07017)...
  Calais (P0437)...
  Saint-Quentin (07061)...
Data voor 7 dagen
Kaart: kaart_be_wind_dinsdag_24mar2026.png
Kaart: kaart_be_wind_woensdag_25mar2026.png
Kaart: kaart_be_wind_donderdag_26mar2026.png
Kaart: kaart_be_wind_vrijdag_27mar2026.png
Kaart: kaart_be_wind_zaterdag_28mar2026.png
Kaart: kaart_be_wind_zondag_29mar2026.png
Kaart: kaart_be_wind_maandag_30mar2026.png
MOSMIX ophalen (wind nacht 18-06u België)...
  Brussel (06451)...
  Gent (06431)...
  Antwerpen (06450)...
  Kleine Brogel (06479)...
  Oostende (06407)...
  Charleroi (06449)...
  Bierset (06478)...
  Spa (06490)...
  St-Hubert (06476)...
  Florennes (06456)...
  Lille (07015)...
  Heinerschied (F9600)...
  Beauvechain (06458)...
  Monschau (H908)...
  Brugge (P0155)...
  Charleville (07075)...
  Cambrai (07017)...
  Calais (P0437)...
  Saint-Quentin (07061)...
Data voor 7 dagen
Kaart: kaart_be_wind_nacht_dinsdag_24mar2026.png
Kaart: kaart_be_wind_nacht_woensdag_25mar2026.png
Kaart: kaart_be_wind_nacht_donderdag_26mar2026.png
Kaart: kaart_be_wind_nacht_vrijdag_27mar2026.png
Kaart: kaart_be_wind_nacht_zaterdag_28mar2026.png
Kaart: kaart_be_wind_nacht_zondag_29mar2026.png
Kaart: kaart_be_wind_nacht_maandag_30mar2026.png
MOSMIX ophalen (zon België)...
  Brussel...
  Gent...
  Antwerpen...
  Kleine Brogel...
  Oostende...
  Charleroi...
  Bierset...
  Spa...
  St-Hubert...
  Florennes...
  Lille...
  Heinerschied...
  Beauvechain...
  Monschau...
  Brugge...
  Charleville...
  Cambrai...
  Calais...
  Saint-Quentin...
Kaart: kaart_be_zon_dinsdag_24mar2026.png
Kaart: kaart_be_zon_woensdag_25mar2026.png
Kaart: kaart_be_zon_donderdag_26mar2026.png
Kaart: kaart_be_zon_vrijdag_27mar2026.png
Kaart: kaart_be_zon_zaterdag_28mar2026.png
Kaart: kaart_be_zon_zondag_29mar2026.png
Kaart: kaart_be_zon_maandag_30mar2026.png
MOSMIX ophalen (neerslag België)...
  Brussel...
  Gent...
  Antwerpen...
  Kleine Brogel...
  Oostende...
  Charleroi...
  Bierset...
  Spa...
  St-Hubert...
  Florennes...
  Lille...
  Heinerschied...
  Beauvechain...
  Monschau...
  Brugge...
  Charleville...
  Cambrai...
  Calais...
  Saint-Quentin...
Kaart: kaart_be_regen_dinsdag_24mar2026.png
Kaart: kaart_be_regen_woensdag_25mar2026.png
Kaart: kaart_be_regen_donderdag_26mar2026.png
Kaart: kaart_be_regen_vrijdag_27mar2026.png
Kaart: kaart_be_regen_zaterdag_28mar2026.png
Kaart: kaart_be_regen_zondag_29mar2026.png
Kaart: kaart_be_regen_maandag_30mar2026.png
MOSMIX ophalen (mist België)...
  Brussel...
  Gent...
  Antwerpen...
  Kleine Brogel...
  Oostende...
  Charleroi...
  Bierset...
  Spa...
  St-Hubert...
  Florennes...
  Lille...
  Heinerschied...
  Beauvechain...
  Monschau...
  Brugge...
  Charleville...
  Cambrai...
  Calais...
  Saint-Quentin...
Kaart: kaart_be_mist_dinsdag_24mar2026.png
Kaart: kaart_be_mist_woensdag_25mar2026.png
Kaart: kaart_be_mist_donderdag_26mar2026.png
Kaart: kaart_be_mist_vrijdag_27mar2026.png
Kaart: kaart_be_mist_zaterdag_28mar2026.png
Kaart: kaart_be_mist_zondag_29mar2026.png
Kaart: kaart_be_mist_maandag_30mar2026.png
MOSMIX ophalen (onweer België)...
  Brussel...
  Gent...
  Antwerpen...
  Kleine Brogel...
  Oostende...
  Charleroi...
  Bierset...
  Spa...
  St-Hubert...
  Florennes...
  Lille...
  Heinerschied...
  Beauvechain...
  Monschau...
  Brugge...
  Charleville...
  Cambrai...
  Calais...
  Saint-Quentin...
Kaart: kaart_be_onweer_dinsdag_24mar2026.png
Kaart: kaart_be_onweer_woensdag_25mar2026.png
Kaart: kaart_be_onweer_donderdag_26mar2026.png
Kaart: kaart_be_onweer_vrijdag_27mar2026.png
Kaart: kaart_be_onweer_zaterdag_28mar2026.png
Kaart: kaart_be_onweer_zondag_29mar2026.png
Kaart: kaart_be_onweer_maandag_30mar2026.png

Bewolking België Wo 25 mrt...
  Brussel...
  Gent...
  Antwerpen...
  Kleine Brogel...
  Oostende...
  Charleroi...
  Bierset...
  Spa...
  St-Hubert...
  Florennes...
  Lille...
  Heinerschied...
  Beauvechain...
  Monschau...
  Brugge...
  Charleville...
  Cambrai...
  Calais...
  Saint-Quentin...
Kaart: kaart_be_bewolking_2026-03-25.png

Bewolking België Do 26 mrt...
  Brussel...
  Gent...
  Antwerpen...
  Kleine Brogel...
  Oostende...
  Charleroi...
  Bierset...
  Spa...
  St-Hubert...
  Florennes...
  Lille...
  Heinerschied...
  Beauvechain...
  Monschau...
  Brugge...
  Charleville...
  Cambrai...
  Calais...
  Saint-Quentin...
Kaart: kaart_be_bewolking_2026-03-26.png

Bewolking België Vr 27 mrt...
  Brussel...
  Gent...
  Antwerpen...
  Kleine Brogel...
  Oostende...
  Charleroi...
  Bierset...
  Spa...
  St-Hubert...
  Florennes...
  Lille...
  Heinerschied...
  Beauvechain...
  Monschau...
  Brugge...
  Charleville...
  Cambrai...
  Calais...
  Saint-Quentin...
Kaart: kaart_be_bewolking_2026-03-27.png

Bewolking België Za 28 mrt...
  Brussel...
  Gent...
  Antwerpen...
  Kleine Brogel...
  Oostende...
  Charleroi...
  Bierset...
  Spa...
  St-Hubert...
  Florennes...
  Lille...
  Heinerschied...
  Beauvechain...
  Monschau...
  Brugge...
  Charleville...
  Cambrai...
  Calais...
  Saint-Quentin...
Kaart: kaart_be_bewolking_2026-03-28.png

Bewolking België Zo 29 mrt...
  Brussel...
  Gent...
  Antwerpen...
  Kleine Brogel...
  Oostende...
  Charleroi...
  Bierset...
  Spa...
  St-Hubert...
  Florennes...
  Lille...
  Heinerschied...
  Beauvechain...
  Monschau...
  Brugge...
  Charleville...
  Cambrai...
  Calais...
  Saint-Quentin...
Kaart: kaart_be_bewolking_2026-03-29.png

Bewolking België Ma 30 mrt...
  Brussel...
  Gent...
  Antwerpen...
  Kleine Brogel...
  Oostende...
  Charleroi...
  Bierset...
  Spa...
  St-Hubert...
  Florennes...
  Lille...
  Heinerschied...
  Beauvechain...
  Monschau...
  Brugge...
  Charleville...
  Cambrai...
  Calais...
  Saint-Quentin...
Kaart: kaart_be_bewolking_2026-03-30.png

Bewolking België Di 31 mrt...
  Brussel...
  Gent...
  Antwerpen...
  Kleine Brogel...
  Oostende...
  Charleroi...
  Bierset...
  Spa...
  St-Hubert...
  Florennes...
  Lille...
  Heinerschied...
  Beauvechain...
  Monschau...
  Brugge...
  Charleville...
  Cambrai...
  Calais...
  Saint-Quentin...
Kaart: kaart_be_bewolking_2026-03-31.png

Bewolking België Wo 1 apr...
  Brussel...
  Gent...
  Antwerpen...
  Kleine Brogel...
  Oostende...
  Charleroi...
  Bierset...
  Spa...
  St-Hubert...
  Florennes...
  Lille...
  Heinerschied...
  Beauvechain...
  Monschau...
  Brugge...
  Charleville...
  Cambrai...
  Calais...
  Saint-Quentin...
Kaart: kaart_be_bewolking_2026-04-01.png

Bewolking België Do 2 apr...
  Brussel...
  Gent...
  Antwerpen...
  Kleine Brogel...
  Oostende...
  Charleroi...
  Bierset...
  Spa...
  St-Hubert...
  Florennes...
  Lille...
  Heinerschied...
  Beauvechain...
  Monschau...
  Brugge...
  Charleville...
  Cambrai...
  Calais...
  Saint-Quentin...
Kaart: kaart_be_bewolking_2026-04-02.png

Bewolking België Vr 3 apr...
  Brussel...
  Gent...
  Antwerpen...
  Kleine Brogel...
  Oostende...
  Charleroi...
  Bierset...
  Spa...
  St-Hubert...
  Florennes...
  Lille...
  Heinerschied...
  Beauvechain...
  Monschau...
  Brugge...
  Charleville...
  Cambrai...
  Calais...
  Saint-Quentin...
Kaart: kaart_be_bewolking_2026-04-03.png
MOSMIX ophalen (kans op sneeuw Belgie)...
  Brussel (06451)...
  Gent (06431)...
  Antwerpen (06450)...
  Kleine Brogel (06479)...
  Oostende (06407)...
  Charleroi (06449)...
  Bierset (06478)...
  Spa (06490)...
  St-Hubert (06476)...
  Florennes (06456)...
  Lille (07015)...
  Heinerschied (F9600)...
  Beauvechain (06458)...
  Monschau (H908)...
  Brugge (P0155)...
  Charleville (07075)...
  Cambrai (07017)...
  Calais (P0437)...
  Saint-Quentin (07061)...
Data voor 7 dagen
Kaart: kaart_be_sneeuw_dinsdag_24mar2026.png
Kaart: kaart_be_sneeuw_woensdag_25mar2026.png
Kaart: kaart_be_sneeuw_donderdag_26mar2026.png
Kaart: kaart_be_sneeuw_vrijdag_27mar2026.png
Kaart: kaart_be_sneeuw_zaterdag_28mar2026.png
Kaart: kaart_be_sneeuw_zondag_29mar2026.png
Kaart: kaart_be_sneeuw_maandag_30mar2026.png
MOSMIX ophalen (hagelkans Belgie)...
  Brussel (06451)...
  Gent (06431)...
  Antwerpen (06450)...
  Kleine Brogel (06479)...
  Oostende (06407)...
  Charleroi (06449)...
  Bierset (06478)...
  Spa (06490)...
  St-Hubert (06476)...
  Florennes (06456)...
  Lille (07015)...
  Heinerschied (F9600)...
  Beauvechain (06458)...
  Monschau (H908)...
  Brugge (P0155)...
  Charleville (07075)...
  Cambrai (07017)...
  Calais (P0437)...
  Saint-Quentin (07061)...
Data voor 7 dagen
Kaart: kaart_be_hagel_dinsdag_24mar2026.png
Kaart: kaart_be_hagel_woensdag_25mar2026.png
Kaart: kaart_be_hagel_donderdag_26mar2026.png
Kaart: kaart_be_hagel_vrijdag_27mar2026.png
Kaart: kaart_be_hagel_zaterdag_28mar2026.png
Kaart: kaart_be_hagel_zondag_29mar2026.png
Kaart: kaart_be_hagel_maandag_30mar2026.png
MOSMIX ophalen (gevoelstemperatuur België)...
  Brussel (06451)...
  Gent (06431)...
  Antwerpen (06450)...
  Kleine Brogel (06479)...
  Oostende (06407)...
  Charleroi (06449)...
  Bierset (06478)...
  Spa (06490)...
  St-Hubert (06476)...
  Florennes (06456)...
  Lille (07015)...
  Heinerschied (F9600)...
  Beauvechain (06458)...
  Monschau (H908)...
  Brugge (P0155)...
  Charleville (07075)...
  Cambrai (07017)...
  Calais (P0437)...
  Saint-Quentin (07061)...
Data voor 7 dagen
Kaart: kaart_be_gevoels_dinsdag_24mar2026.png
Kaart: kaart_be_gevoels_woensdag_25mar2026.png
Kaart: kaart_be_gevoels_donderdag_26mar2026.png
Kaart: kaart_be_gevoels_vrijdag_27mar2026.png
Kaart: kaart_be_gevoels_zaterdag_28mar2026.png
Kaart: kaart_be_gevoels_zondag_29mar2026.png
Kaart: kaart_be_gevoels_maandag_30mar2026.png
MOSMIX ophalen (dauwpunt Belgie)...
  Brussel (06451)...
  Gent (06431)...
  Antwerpen (06450)...
  Kleine Brogel (06479)...
  Oostende (06407)...
  Charleroi (06449)...
  Bierset (06478)...
  Spa (06490)...
  St-Hubert (06476)...
  Florennes (06456)...
  Lille (07015)...
  Heinerschied (F9600)...
  Beauvechain (06458)...
  Monschau (H908)...
  Brugge (P0155)...
  Charleville (07075)...
  Cambrai (07017)...
  Calais (P0437)...
  Saint-Quentin (07061)...
Data voor 7 dagen
Kaart: kaart_be_dauwpunt_dinsdag_24mar2026.png
Kaart: kaart_be_dauwpunt_woensdag_25mar2026.png
Kaart: kaart_be_dauwpunt_donderdag_26mar2026.png
Kaart: kaart_be_dauwpunt_vrijdag_27mar2026.png
Kaart: kaart_be_dauwpunt_zaterdag_28mar2026.png
Kaart: kaart_be_dauwpunt_zondag_29mar2026.png
Kaart: kaart_be_dauwpunt_maandag_30mar2026.png
MOSMIX ophalen (grondtemperatuur 5cm België)...
  Brussel (06451)...
  Gent (06431)...
  Antwerpen (06450)...
  Kleine Brogel (06479)...
  Oostende (06407)...
  Charleroi (06449)...
  Bierset (06478)...
  Spa (06490)...
  St-Hubert (06476)...
  Florennes (06456)...
  Lille (07015)...
  Heinerschied (F9600)...
  Beauvechain (06458)...
  Monschau (H908)...
  Brugge (P0155)...
  Charleville (07075)...
  Cambrai (07017)...
  Calais (P0437)...
  Saint-Quentin (07061)...
Data voor 7 dagen
Kaart: kaart_be_t5cm_dinsdag_24mar2026.png
Kaart: kaart_be_t5cm_woensdag_25mar2026.png
Kaart: kaart_be_t5cm_donderdag_26mar2026.png
Kaart: kaart_be_t5cm_vrijdag_27mar2026.png
Kaart: kaart_be_t5cm_zaterdag_28mar2026.png
Kaart: kaart_be_t5cm_zondag_29mar2026.png
Kaart: kaart_be_t5cm_maandag_30mar2026.png
MOSMIX ophalen: De Bilt (06260)...
  2026-03-24: TX=14.5 TN=5.1 RR=0.0
  2026-03-25: TX=9.9 TN=6.8 RR=10.7
  2026-03-26: TX=8.6 TN=1.8 RR=5.2
  2026-03-27: TX=10.7 TN=-0.8 RR=0.5
MOSMIX ophalen: Hoek van Holland (06330)...
  2026-03-24: TX=12.8 TN=7.8 RR=0.0
  2026-03-25: TX=9.8 TN=6.8 RR=2.1
  2026-03-26: TX=7.7 TN=3.8 RR=0.0
  2026-03-27: TX=11.0 TN=3.2 RR=0.0
MOSMIX ophalen: Rotterdam (06344)...
  2026-03-24: TX=13.6 TN=6.3 RR=0.0
  2026-03-25: TX=10.0 TN=7.3 RR=9.2
  2026-03-26: TX=8.1 TN=2.5 RR=6.4
  2026-03-27: TX=10.5 TN=0.0 RR=0.0
MOSMIX ophalen: Enschede (06290)...
  2026-03-24: TX=15.4 TN=2.4 RR=0.0
  2026-03-25: TX=13.1 TN=4.7 RR=10.0
  2026-03-26: TX=8.1 TN=0.9 RR=3.7
  2026-03-27: TX=10.4 TN=-2.4 RR=0.6
MOSMIX ophalen: Eelde (06280)...
  2026-03-24: TX=13.1 TN=2.0 RR=0.0
  2026-03-25: TX=12.7 TN=4.1 RR=8.5
  2026-03-26: TX=8.0 TN=1.1 RR=6.6
  2026-03-27: TX=10.5 TN=-1.7 RR=3.3
MOSMIX ophalen: Maastricht (06380)...
  2026-03-24: TX=16.7 TN=5.0 RR=0.0
  2026-03-25: TX=14.2 TN=3.7 RR=7.9
  2026-03-26: TX=7.8 TN=1.1 RR=2.9
  2026-03-27: TX=10.7 TN=-0.9 RR=0.0
MOSMIX ophalen: Terschelling (06250)...
  2026-03-24: TX=11.1 TN=6.0 RR=0.0
  2026-03-25: TX=9.3 TN=5.9 RR=7.9
  2026-03-26: TX=7.1 TN=3.7 RR=3.8
  2026-03-27: TX=9.7 TN=2.9 RR=1.9
MOSMIX ophalen: Vlissingen (06310)...
  2026-03-24: TX=13.0 TN=7.5 RR=0.0
  2026-03-25: TX=9.6 TN=7.8 RR=6.0
  2026-03-26: TX=7.7 TN=4.2 RR=4.0
  2026-03-27: TX=10.3 TN=3.8 RR=0.0
MOSMIX ophalen: Deelen (06275)...
  2026-03-24: TX=14.9 TN=1.2 RR=0.0
  2026-03-25: TX=13.1 TN=4.3 RR=13.1
  2026-03-26: TX=8.4 TN=0.4 RR=5.1
  2026-03-27: TX=10.6 TN=-2.8 RR=1.6
MOSMIX ophalen: Gilze-Rijen (06350)...
  2026-03-24: TX=16.2 TN=4.4 RR=0.0
  2026-03-25: TX=10.0 TN=7.2 RR=10.2
  2026-03-26: TX=8.7 TN=1.2 RR=3.4
  2026-03-27: TX=11.4 TN=-1.0 RR=0.0

beta_debilt.json opgeslagen (10 stations)
MOSMIX + Harmonie voorspellingen ophalen voor archief...
  De Bilt...
  Hoek van Holland...
  Rotterdam...
  Enschede...
  Eelde...
  Maastricht...
  Terschelling...
  Vlissingen...
  Deelen...
  Gilze-Rijen...
Archief opgeslagen (beta_verificatie_archive.json)

Werkelijke metingen ophalen (afgelopen 3 dagen)...
  De Bilt 2026-03-23: TX=15.1 TN=2.1
  De Bilt 2026-03-22: TX=16.0 TN=2.4
  De Bilt 2026-03-21: TX=12.4 TN=1.9
  Hoek van Holland 2026-03-23: TX=12.0 TN=4.3
  Hoek van Holland 2026-03-22: TX=14.2 TN=3.7
  Hoek van Holland 2026-03-21: TX=10.4 TN=2.6
  Rotterdam 2026-03-23: FOUT 403 Client Error: Forbidden for url: https://api.dataplatform.knmi.nl/edr/v1/collections/10-minute-in-situ-meteorological-observations/locations/0-20000-0-06344?datetime=2026-03-23T00%3A00%3A00Z%2F2026-03-24T00%3A00%3A00Z&parameter-name=ta%2Ctx%2Ctn
  Rotterdam 2026-03-22: FOUT 403 Client Error: Forbidden for url: https://api.dataplatform.knmi.nl/edr/v1/collections/10-minute-in-situ-meteorological-observations/locations/0-20000-0-06344?datetime=2026-03-22T00%3A00%3A00Z%2F2026-03-23T00%3A00%3A00Z&parameter-name=ta%2Ctx%2Ctn
  Rotterdam 2026-03-21: FOUT 403 Client Error: Forbidden for url: https://api.dataplatform.knmi.nl/edr/v1/collections/10-minute-in-situ-meteorological-observations/locations/0-20000-0-06344?datetime=2026-03-21T00%3A00%3A00Z%2F2026-03-22T00%3A00%3A00Z&parameter-name=ta%2Ctx%2Ctn
  Enschede 2026-03-23: FOUT 403 Client Error: Forbidden for url: https://api.dataplatform.knmi.nl/edr/v1/collections/10-minute-in-situ-meteorological-observations/locations/0-20000-0-06290?datetime=2026-03-23T00%3A00%3A00Z%2F2026-03-24T00%3A00%3A00Z&parameter-name=ta%2Ctx%2Ctn
  Enschede 2026-03-22: FOUT 403 Client Error: Forbidden for url: https://api.dataplatform.knmi.nl/edr/v1/collections/10-minute-in-situ-meteorological-observations/locations/0-20000-0-06290?datetime=2026-03-22T00%3A00%3A00Z%2F2026-03-23T00%3A00%3A00Z&parameter-name=ta%2Ctx%2Ctn
  Enschede 2026-03-21: FOUT 403 Client Error: Forbidden for url: https://api.dataplatform.knmi.nl/edr/v1/collections/10-minute-in-situ-meteorological-observations/locations/0-20000-0-06290?datetime=2026-03-21T00%3A00%3A00Z%2F2026-03-22T00%3A00%3A00Z&parameter-name=ta%2Ctx%2Ctn
  Eelde 2026-03-23: FOUT 403 Client Error: Forbidden for url: https://api.dataplatform.knmi.nl/edr/v1/collections/10-minute-in-situ-meteorological-observations/locations/0-20000-0-06280?datetime=2026-03-23T00%3A00%3A00Z%2F2026-03-24T00%3A00%3A00Z&parameter-name=ta%2Ctx%2Ctn
  Eelde 2026-03-22: FOUT 403 Client Error: Forbidden for url: https://api.dataplatform.knmi.nl/edr/v1/collections/10-minute-in-situ-meteorological-observations/locations/0-20000-0-06280?datetime=2026-03-22T00%3A00%3A00Z%2F2026-03-23T00%3A00%3A00Z&parameter-name=ta%2Ctx%2Ctn
  Eelde 2026-03-21: FOUT 403 Client Error: Forbidden for url: https://api.dataplatform.knmi.nl/edr/v1/collections/10-minute-in-situ-meteorological-observations/locations/0-20000-0-06280?datetime=2026-03-21T00%3A00%3A00Z%2F2026-03-22T00%3A00%3A00Z&parameter-name=ta%2Ctx%2Ctn
  Maastricht 2026-03-23: FOUT 403 Client Error: Forbidden for url: https://api.dataplatform.knmi.nl/edr/v1/collections/10-minute-in-situ-meteorological-observations/locations/0-20000-0-06380?datetime=2026-03-23T00%3A00%3A00Z%2F2026-03-24T00%3A00%3A00Z&parameter-name=ta%2Ctx%2Ctn
  Maastricht 2026-03-22: FOUT 403 Client Error: Forbidden for url: https://api.dataplatform.knmi.nl/edr/v1/collections/10-minute-in-situ-meteorological-observations/locations/0-20000-0-06380?datetime=2026-03-22T00%3A00%3A00Z%2F2026-03-23T00%3A00%3A00Z&parameter-name=ta%2Ctx%2Ctn
  Maastricht 2026-03-21: FOUT 403 Client Error: Forbidden for url: https://api.dataplatform.knmi.nl/edr/v1/collections/10-minute-in-situ-meteorological-observations/locations/0-20000-0-06380?datetime=2026-03-21T00%3A00%3A00Z%2F2026-03-22T00%3A00%3A00Z&parameter-name=ta%2Ctx%2Ctn
  Terschelling 2026-03-23: FOUT 403 Client Error: Forbidden for url: https://api.dataplatform.knmi.nl/edr/v1/collections/10-minute-in-situ-meteorological-observations/locations/0-20000-0-06251?datetime=2026-03-23T00%3A00%3A00Z%2F2026-03-24T00%3A00%3A00Z&parameter-name=ta%2Ctx%2Ctn
  Terschelling 2026-03-22: FOUT 403 Client Error: Forbidden for url: https://api.dataplatform.knmi.nl/edr/v1/collections/10-minute-in-situ-meteorological-observations/locations/0-20000-0-06251?datetime=2026-03-22T00%3A00%3A00Z%2F2026-03-23T00%3A00%3A00Z&parameter-name=ta%2Ctx%2Ctn
  Terschelling 2026-03-21: FOUT 403 Client Error: Forbidden for url: https://api.dataplatform.knmi.nl/edr/v1/collections/10-minute-in-situ-meteorological-observations/locations/0-20000-0-06251?datetime=2026-03-21T00%3A00%3A00Z%2F2026-03-22T00%3A00%3A00Z&parameter-name=ta%2Ctx%2Ctn
  Vlissingen 2026-03-23: FOUT 403 Client Error: Forbidden for url: https://api.dataplatform.knmi.nl/edr/v1/collections/10-minute-in-situ-meteorological-observations/locations/0-20000-0-06310?datetime=2026-03-23T00%3A00%3A00Z%2F2026-03-24T00%3A00%3A00Z&parameter-name=ta%2Ctx%2Ctn
  Vlissingen 2026-03-22: FOUT 403 Client Error: Forbidden for url: https://api.dataplatform.knmi.nl/edr/v1/collections/10-minute-in-situ-meteorological-observations/locations/0-20000-0-06310?datetime=2026-03-22T00%3A00%3A00Z%2F2026-03-23T00%3A00%3A00Z&parameter-name=ta%2Ctx%2Ctn
  Vlissingen 2026-03-21: FOUT 403 Client Error: Forbidden for url: https://api.dataplatform.knmi.nl/edr/v1/collections/10-minute-in-situ-meteorological-observations/locations/0-20000-0-06310?datetime=2026-03-21T00%3A00%3A00Z%2F2026-03-22T00%3A00%3A00Z&parameter-name=ta%2Ctx%2Ctn
  Deelen 2026-03-23: FOUT 403 Client Error: Forbidden for url: https://api.dataplatform.knmi.nl/edr/v1/collections/10-minute-in-situ-meteorological-observations/locations/0-20000-0-06275?datetime=2026-03-23T00%3A00%3A00Z%2F2026-03-24T00%3A00%3A00Z&parameter-name=ta%2Ctx%2Ctn
  Deelen 2026-03-22: FOUT 403 Client Error: Forbidden for url: https://api.dataplatform.knmi.nl/edr/v1/collections/10-minute-in-situ-meteorological-observations/locations/0-20000-0-06275?datetime=2026-03-22T00%3A00%3A00Z%2F2026-03-23T00%3A00%3A00Z&parameter-name=ta%2Ctx%2Ctn
  Deelen 2026-03-21: FOUT 403 Client Error: Forbidden for url: https://api.dataplatform.knmi.nl/edr/v1/collections/10-minute-in-situ-meteorological-observations/locations/0-20000-0-06275?datetime=2026-03-21T00%3A00%3A00Z%2F2026-03-22T00%3A00%3A00Z&parameter-name=ta%2Ctx%2Ctn
  Gilze-Rijen 2026-03-23: FOUT 403 Client Error: Forbidden for url: https://api.dataplatform.knmi.nl/edr/v1/collections/10-minute-in-situ-meteorological-observations/locations/0-20000-0-06350?datetime=2026-03-23T00%3A00%3A00Z%2F2026-03-24T00%3A00%3A00Z&parameter-name=ta%2Ctx%2Ctn
  Gilze-Rijen 2026-03-22: FOUT 403 Client Error: Forbidden for url: https://api.dataplatform.knmi.nl/edr/v1/collections/10-minute-in-situ-meteorological-observations/locations/0-20000-0-06350?datetime=2026-03-22T00%3A00%3A00Z%2F2026-03-23T00%3A00%3A00Z&parameter-name=ta%2Ctx%2Ctn
  Gilze-Rijen 2026-03-21: FOUT 403 Client Error: Forbidden for url: https://api.dataplatform.knmi.nl/edr/v1/collections/10-minute-in-situ-meteorological-observations/locations/0-20000-0-06350?datetime=2026-03-21T00%3A00%3A00Z%2F2026-03-22T00%3A00%3A00Z&parameter-name=ta%2Ctx%2Ctn

beta_verificatie.json opgeslagen (10 stations)
MOSMIX ophalen (trend)...
  De Bilt (06260)...
  De Kooy (06235)...
  Eelde (06280)...
  Vlissingen (06310)...
  Beek (06380)...
  Rotterdam (06344)...
  Hoek v. Holland (06330)...
  Twenthe (06290)...
  Eindhoven (06370)...
  Wind Vlieland (06242)...
  Wind De Kooy (06235)...
  Wind Leeuwarden (06270)...
  Wind Hoek v. Holland (06330)...
  Wind Vlissingen (06310)...
JSON opgeslagen: grafiek_trend.json
Grafiek opgeslagen: grafiek_trend.png
MOSMIX ophalen (trend België)...
  Brussel (06451)...
  Gent (06431)...
  Antwerpen (06450)...
  Oostende (06407)...
  Bierset (06478)...
  Charleroi (06449)...
  Sint-Hubert (06476)...
  Kleine Brogel (06479)...
  Florennes (06456)...
  Wind Oostende (06407)...
  Wind Brussel (06451)...
  Wind Bierset (06478)...
  Wind Kleine Brogel (06479)...
  Wind Sint-Hubert (06476)...
JSON: grafiek_trend_be.json
Grafiek: grafiek_trend_be.png
Bestaande data geladen: 83 dagen
  Ophalen 2026-03-24 (tot nu)...
    Temp/wind fout Voorschoten: 403 Client Error: Forbidden for url: https://api.dataplatform.knmi.nl/edr/v1/collections/10-minute-in-situ-meteorological-observations/locations/0-20000-0-06215?datetime=2026-03-24T00%3A00%3A00Z%2F2026-03-24T08%3A34%3A56Z&parameter-name=ta%2Ctx%2Ctn%2Cfx%2Cff
    Anker-uur fout Voorschoten: 403 Client Error: Forbidden for url: https://api.dataplatform.knmi.nl/edr/v1/collections/10-minute-in-situ-meteorological-observations/locations/0-20000-0-06215?datetime=2026-03-24T00%3A00%3A00Z%2F2026-03-24T08%3A34%3A56Z&parameter-name=ff%2Cdd
    Zon fout Voorschoten: 403 Client Error: Forbidden for url: https://api.dataplatform.knmi.nl/edr/v1/collections/10-minute-in-situ-meteorological-observations/locations/0-20000-0-06215?datetime=2026-03-24T00%3A00%3A00Z%2F2026-03-24T08%3A34%3A56Z&parameter-name=qg
    Luchtdruk fout Voorschoten: 403 Client Error: Forbidden for url: https://api.dataplatform.knmi.nl/edr/v1/collections/10-minute-in-situ-meteorological-observations/locations/0-20000-0-06215?datetime=2026-03-24T00%3A00%3A00Z%2F2026-03-24T08%3A34%3A56Z&parameter-name=pg
    Neerslag fout Voorschoten: 403 Client Error: Forbidden for url: https://api.dataplatform.knmi.nl/edr/v1/collections/10-minute-in-situ-meteorological-observations/locations/0-20000-0-06215?datetime=2026-03-24T00%3A00%3A00Z%2F2026-03-24T08%3A34%3A56Z&parameter-name=rg
    Temp/wind fout IJmuiden: 403 Client Error: Forbidden for url: https://api.dataplatform.knmi.nl/edr/v1/collections/10-minute-in-situ-meteorological-observations/locations/0-20000-0-06225?datetime=2026-03-24T00%3A00%3A00Z%2F2026-03-24T08%3A34%3A56Z&parameter-name=ta%2Ctx%2Ctn%2Cfx%2Cff
    Anker-uur fout IJmuiden: 403 Client Error: Forbidden for url: https://api.dataplatform.knmi.nl/edr/v1/collections/10-minute-in-situ-meteorological-observations/locations/0-20000-0-06225?datetime=2026-03-24T00%3A00%3A00Z%2F2026-03-24T08%3A34%3A56Z&parameter-name=ff%2Cdd
    Zon fout IJmuiden: 403 Client Error: Forbidden for url: https://api.dataplatform.knmi.nl/edr/v1/collections/10-minute-in-situ-meteorological-observations/locations/0-20000-0-06225?datetime=2026-03-24T00%3A00%3A00Z%2F2026-03-24T08%3A34%3A56Z&parameter-name=qg
    Luchtdruk fout IJmuiden: 403 Client Error: Forbidden for url: https://api.dataplatform.knmi.nl/edr/v1/collections/10-minute-in-situ-meteorological-observations/locations/0-20000-0-06225?datetime=2026-03-24T00%3A00%3A00Z%2F2026-03-24T08%3A34%3A56Z&parameter-name=pg
    Neerslag fout IJmuiden: 403 Client Error: Forbidden for url: https://api.dataplatform.knmi.nl/edr/v1/collections/10-minute-in-situ-meteorological-observations/locations/0-20000-0-06225?datetime=2026-03-24T00%3A00%3A00Z%2F2026-03-24T08%3A34%3A56Z&parameter-name=rg
    Temp/wind fout Texelhors: 403 Client Error: Forbidden for url: https://api.dataplatform.knmi.nl/edr/v1/collections/10-minute-in-situ-meteorological-observations/locations/0-20000-0-06229?datetime=2026-03-24T00%3A00%3A00Z%2F2026-03-24T08%3A34%3A56Z&parameter-name=ta%2Ctx%2Ctn%2Cfx%2Cff
    Anker-uur fout Texelhors: 403 Client Error: Forbidden for url: https://api.dataplatform.knmi.nl/edr/v1/collections/10-minute-in-situ-meteorological-observations/locations/0-20000-0-06229?datetime=2026-03-24T00%3A00%3A00Z%2F2026-03-24T08%3A34%3A56Z&parameter-name=ff%2Cdd
    Zon fout Texelhors: 403 Client Error: Forbidden for url: https://api.dataplatform.knmi.nl/edr/v1/collections/10-minute-in-situ-meteorological-observations/locations/0-20000-0-06229?datetime=2026-03-24T00%3A00%3A00Z%2F2026-03-24T08%3A34%3A56Z&parameter-name=qg
    Luchtdruk fout Texelhors: 403 Client Error: Forbidden for url: https://api.dataplatform.knmi.nl/edr/v1/collections/10-minute-in-situ-meteorological-observations/locations/0-20000-0-06229?datetime=2026-03-24T00%3A00%3A00Z%2F2026-03-24T08%3A34%3A56Z&parameter-name=pg
    Neerslag fout Texelhors: 403 Client Error: Forbidden for url: https://api.dataplatform.knmi.nl/edr/v1/collections/10-minute-in-situ-meteorological-observations/locations/0-20000-0-06229?datetime=2026-03-24T00%3A00%3A00Z%2F2026-03-24T08%3A34%3A56Z&parameter-name=rg
    Temp/wind fout Den Helder: 403 Client Error: Forbidden for url: https://api.dataplatform.knmi.nl/edr/v1/collections/10-minute-in-situ-meteorological-observations/locations/0-20000-0-06235?datetime=2026-03-24T00%3A00%3A00Z%2F2026-03-24T08%3A34%3A56Z&parameter-name=ta%2Ctx%2Ctn%2Cfx%2Cff
    Anker-uur fout Den Helder: 403 Client Error: Forbidden for url: https://api.dataplatform.knmi.nl/edr/v1/collections/10-minute-in-situ-meteorological-observations/locations/0-20000-0-06235?datetime=2026-03-24T00%3A00%3A00Z%2F2026-03-24T08%3A34%3A56Z&parameter-name=ff%2Cdd
    Zon fout Den Helder: 403 Client Error: Forbidden for url: https://api.dataplatform.knmi.nl/edr/v1/collections/10-minute-in-situ-meteorological-observations/locations/0-20000-0-06235?datetime=2026-03-24T00%3A00%3A00Z%2F2026-03-24T08%3A34%3A56Z&parameter-name=qg
    Luchtdruk fout Den Helder: 403 Client Error: Forbidden for url: https://api.dataplatform.knmi.nl/edr/v1/collections/10-minute-in-situ-meteorological-observations/locations/0-20000-0-06235?datetime=2026-03-24T00%3A00%3A00Z%2F2026-03-24T08%3A34%3A56Z&parameter-name=pg
    Neerslag fout Den Helder: 403 Client Error: Forbidden for url: https://api.dataplatform.knmi.nl/edr/v1/collections/10-minute-in-situ-meteorological-observations/locations/0-20000-0-06235?datetime=2026-03-24T00%3A00%3A00Z%2F2026-03-24T08%3A34%3A56Z&parameter-name=rg
    Temp/wind fout Schiphol: 403 Client Error: Forbidden for url: https://api.dataplatform.knmi.nl/edr/v1/collections/10-minute-in-situ-meteorological-observations/locations/0-20000-0-06240?datetime=2026-03-24T00%3A00%3A00Z%2F2026-03-24T08%3A34%3A56Z&parameter-name=ta%2Ctx%2Ctn%2Cfx%2Cff
    Anker-uur fout Schiphol: 403 Client Error: Forbidden for url: https://api.dataplatform.knmi.nl/edr/v1/collections/10-minute-in-situ-meteorological-observations/locations/0-20000-0-06240?datetime=2026-03-24T00%3A00%3A00Z%2F2026-03-24T08%3A34%3A56Z&parameter-name=ff%2Cdd
    Zon fout Schiphol: 403 Client Error: Forbidden for url: https://api.dataplatform.knmi.nl/edr/v1/collections/10-minute-in-situ-meteorological-observations/locations/0-20000-0-06240?datetime=2026-03-24T00%3A00%3A00Z%2F2026-03-24T08%3A34%3A56Z&parameter-name=qg
    Luchtdruk fout Schiphol: 403 Client Error: Forbidden for url: https://api.dataplatform.knmi.nl/edr/v1/collections/10-minute-in-situ-meteorological-observations/locations/0-20000-0-06240?datetime=2026-03-24T00%3A00%3A00Z%2F2026-03-24T08%3A34%3A56Z&parameter-name=pg
    Neerslag fout Schiphol: 403 Client Error: Forbidden for url: https://api.dataplatform.knmi.nl/edr/v1/collections/10-minute-in-situ-meteorological-observations/locations/0-20000-0-06240?datetime=2026-03-24T00%3A00%3A00Z%2F2026-03-24T08%3A34%3A56Z&parameter-name=rg
    Temp/wind fout Vlieland: 403 Client Error: Forbidden for url: https://api.dataplatform.knmi.nl/edr/v1/collections/10-minute-in-situ-meteorological-observations/locations/0-20000-0-06242?datetime=2026-03-24T00%3A00%3A00Z%2F2026-03-24T08%3A34%3A56Z&parameter-name=ta%2Ctx%2Ctn%2Cfx%2Cff
    Anker-uur fout Vlieland: 403 Client Error: Forbidden for url: https://api.dataplatform.knmi.nl/edr/v1/collections/10-minute-in-situ-meteorological-observations/locations/0-20000-0-06242?datetime=2026-03-24T00%3A00%3A00Z%2F2026-03-24T08%3A34%3A56Z&parameter-name=ff%2Cdd
    Zon fout Vlieland: 403 Client Error: Forbidden for url: https://api.dataplatform.knmi.nl/edr/v1/collections/10-minute-in-situ-meteorological-observations/locations/0-20000-0-06242?datetime=2026-03-24T00%3A00%3A00Z%2F2026-03-24T08%3A34%3A56Z&parameter-name=qg
    Luchtdruk fout Vlieland: 403 Client Error: Forbidden for url: https://api.dataplatform.knmi.nl/edr/v1/collections/10-minute-in-situ-meteorological-observations/locations/0-20000-0-06242?datetime=2026-03-24T00%3A00%3A00Z%2F2026-03-24T08%3A34%3A56Z&parameter-name=pg
    Neerslag fout Vlieland: 403 Client Error: Forbidden for url: https://api.dataplatform.knmi.nl/edr/v1/collections/10-minute-in-situ-meteorological-observations/locations/0-20000-0-06242?datetime=2026-03-24T00%3A00%3A00Z%2F2026-03-24T08%3A34%3A56Z&parameter-name=rg
    Temp/wind fout Wijdenes: 403 Client Error: Forbidden for url: https://api.dataplatform.knmi.nl/edr/v1/collections/10-minute-in-situ-meteorological-observations/locations/0-20000-0-06248?datetime=2026-03-24T00%3A00%3A00Z%2F2026-03-24T08%3A34%3A56Z&parameter-name=ta%2Ctx%2Ctn%2Cfx%2Cff
    Anker-uur fout Wijdenes: 403 Client Error: Forbidden for url: https://api.dataplatform.knmi.nl/edr/v1/collections/10-minute-in-situ-meteorological-observations/locations/0-20000-0-06248?datetime=2026-03-24T00%3A00%3A00Z%2F2026-03-24T08%3A34%3A56Z&parameter-name=ff%2Cdd
    Zon fout Wijdenes: 403 Client Error: Forbidden for url: https://api.dataplatform.knmi.nl/edr/v1/collections/10-minute-in-situ-meteorological-observations/locations/0-20000-0-06248?datetime=2026-03-24T00%3A00%3A00Z%2F2026-03-24T08%3A34%3A56Z&parameter-name=qg
    Luchtdruk fout Wijdenes: 403 Client Error: Forbidden for url: https://api.dataplatform.knmi.nl/edr/v1/collections/10-minute-in-situ-meteorological-observations/locations/0-20000-0-06248?datetime=2026-03-24T00%3A00%3A00Z%2F2026-03-24T08%3A34%3A56Z&parameter-name=pg
    Neerslag fout Wijdenes: 403 Client Error: Forbidden for url: https://api.dataplatform.knmi.nl/edr/v1/collections/10-minute-in-situ-meteorological-observations/locations/0-20000-0-06248?datetime=2026-03-24T00%3A00%3A00Z%2F2026-03-24T08%3A34%3A56Z&parameter-name=rg
    Temp/wind fout Berkhout: 403 Client Error: Forbidden for url: https://api.dataplatform.knmi.nl/edr/v1/collections/10-minute-in-situ-meteorological-observations/locations/0-20000-0-06249?datetime=2026-03-24T00%3A00%3A00Z%2F2026-03-24T08%3A34%3A56Z&parameter-name=ta%2Ctx%2Ctn%2Cfx%2Cff
    Anker-uur fout Berkhout: 403 Client Error: Forbidden for url: https://api.dataplatform.knmi.nl/edr/v1/collections/10-minute-in-situ-meteorological-observations/locations/0-20000-0-06249?datetime=2026-03-24T00%3A00%3A00Z%2F2026-03-24T08%3A34%3A56Z&parameter-name=ff%2Cdd
    Zon fout Berkhout: 403 Client Error: Forbidden for url: https://api.dataplatform.knmi.nl/edr/v1/collections/10-minute-in-situ-meteorological-observations/locations/0-20000-0-06249?datetime=2026-03-24T00%3A00%3A00Z%2F2026-03-24T08%3A34%3A56Z&parameter-name=qg
    Luchtdruk fout Berkhout: 403 Client Error: Forbidden for url: https://api.dataplatform.knmi.nl/edr/v1/collections/10-minute-in-situ-meteorological-observations/locations/0-20000-0-06249?datetime=2026-03-24T00%3A00%3A00Z%2F2026-03-24T08%3A34%3A56Z&parameter-name=pg
    Neerslag fout Berkhout: 403 Client Error: Forbidden for url: https://api.dataplatform.knmi.nl/edr/v1/collections/10-minute-in-situ-meteorological-observations/locations/0-20000-0-06249?datetime=2026-03-24T00%3A00%3A00Z%2F2026-03-24T08%3A34%3A56Z&parameter-name=rg
    Temp/wind fout Terschelling: 403 Client Error: Forbidden for url: https://api.dataplatform.knmi.nl/edr/v1/collections/10-minute-in-situ-meteorological-observations/locations/0-20000-0-06251?datetime=2026-03-24T00%3A00%3A00Z%2F2026-03-24T08%3A34%3A56Z&parameter-name=ta%2Ctx%2Ctn%2Cfx%2Cff
    Anker-uur fout Terschelling: 403 Client Error: Forbidden for url: https://api.dataplatform.knmi.nl/edr/v1/collections/10-minute-in-situ-meteorological-observations/locations/0-20000-0-06251?datetime=2026-03-24T00%3A00%3A00Z%2F2026-03-24T08%3A34%3A56Z&parameter-name=ff%2Cdd
    Zon fout Terschelling: 403 Client Error: Forbidden for url: https://api.dataplatform.knmi.nl/edr/v1/collections/10-minute-in-situ-meteorological-observations/locations/0-20000-0-06251?datetime=2026-03-24T00%3A00%3A00Z%2F2026-03-24T08%3A34%3A56Z&parameter-name=qg
    Luchtdruk fout Terschelling: 403 Client Error: Forbidden for url: https://api.dataplatform.knmi.nl/edr/v1/collections/10-minute-in-situ-meteorological-observations/locations/0-20000-0-06251?datetime=2026-03-24T00%3A00%3A00Z%2F2026-03-24T08%3A34%3A56Z&parameter-name=pg
    Neerslag fout Terschelling: 403 Client Error: Forbidden for url: https://api.dataplatform.knmi.nl/edr/v1/collections/10-minute-in-situ-meteorological-observations/locations/0-20000-0-06251?datetime=2026-03-24T00%3A00%3A00Z%2F2026-03-24T08%3A34%3A56Z&parameter-name=rg
    Temp/wind fout Wijk aan Zee: 403 Client Error: Forbidden for url: https://api.dataplatform.knmi.nl/edr/v1/collections/10-minute-in-situ-meteorological-observations/locations/0-20000-0-06257?datetime=2026-03-24T00%3A00%3A00Z%2F2026-03-24T08%3A34%3A56Z&parameter-name=ta%2Ctx%2Ctn%2Cfx%2Cff
    Anker-uur fout Wijk aan Zee: 403 Client Error: Forbidden for url: https://api.dataplatform.knmi.nl/edr/v1/collections/10-minute-in-situ-meteorological-observations/locations/0-20000-0-06257?datetime=2026-03-24T00%3A00%3A00Z%2F2026-03-24T08%3A34%3A56Z&parameter-name=ff%2Cdd
    Zon fout Wijk aan Zee: 403 Client Error: Forbidden for url: https://api.dataplatform.knmi.nl/edr/v1/collections/10-minute-in-situ-meteorological-observations/locations/0-20000-0-06257?datetime=2026-03-24T00%3A00%3A00Z%2F2026-03-24T08%3A34%3A56Z&parameter-name=qg
    Luchtdruk fout Wijk aan Zee: 403 Client Error: Forbidden for url: https://api.dataplatform.knmi.nl/edr/v1/collections/10-minute-in-situ-meteorological-observations/locations/0-20000-0-06257?datetime=2026-03-24T00%3A00%3A00Z%2F2026-03-24T08%3A34%3A56Z&parameter-name=pg
    Neerslag fout Wijk aan Zee: 403 Client Error: Forbidden for url: https://api.dataplatform.knmi.nl/edr/v1/collections/10-minute-in-situ-meteorological-observations/locations/0-20000-0-06257?datetime=2026-03-24T00%3A00%3A00Z%2F2026-03-24T08%3A34%3A56Z&parameter-name=rg
    Temp/wind fout Houtribdijk: 403 Client Error: Forbidden for url: https://api.dataplatform.knmi.nl/edr/v1/collections/10-minute-in-situ-meteorological-observations/locations/0-20000-0-06258?datetime=2026-03-24T00%3A00%3A00Z%2F2026-03-24T08%3A34%3A56Z&parameter-name=ta%2Ctx%2Ctn%2Cfx%2Cff
    Anker-uur fout Houtribdijk: 403 Client Error: Forbidden for url: https://api.dataplatform.knmi.nl/edr/v1/collections/10-minute-in-situ-meteorological-observations/locations/0-20000-0-06258?datetime=2026-03-24T00%3A00%3A00Z%2F2026-03-24T08%3A34%3A56Z&parameter-name=ff%2Cdd
    Zon fout Houtribdijk: 403 Client Error: Forbidden for url: https://api.dataplatform.knmi.nl/edr/v1/collections/10-minute-in-situ-meteorological-observations/locations/0-20000-0-06258?datetime=2026-03-24T00%3A00%3A00Z%2F2026-03-24T08%3A34%3A56Z&parameter-name=qg
    Luchtdruk fout Houtribdijk: 403 Client Error: Forbidden for url: https://api.dataplatform.knmi.nl/edr/v1/collections/10-minute-in-situ-meteorological-observations/locations/0-20000-0-06258?datetime=2026-03-24T00%3A00%3A00Z%2F2026-03-24T08%3A34%3A56Z&parameter-name=pg
    Neerslag fout Houtribdijk: 403 Client Error: Forbidden for url: https://api.dataplatform.knmi.nl/edr/v1/collections/10-minute-in-situ-meteorological-observations/locations/0-20000-0-06258?datetime=2026-03-24T00%3A00%3A00Z%2F2026-03-24T08%3A34%3A56Z&parameter-name=rg
    Temp/wind fout De Bilt: 403 Client Error: Forbidden for url: https://api.dataplatform.knmi.nl/edr/v1/collections/10-minute-in-situ-meteorological-observations/locations/0-20000-0-06260?datetime=2026-03-24T00%3A00%3A00Z%2F2026-03-24T08%3A34%3A56Z&parameter-name=ta%2Ctx%2Ctn%2Cfx%2Cff
    Anker-uur fout De Bilt: 403 Client Error: Forbidden for url: https://api.dataplatform.knmi.nl/edr/v1/collections/10-minute-in-situ-meteorological-observations/locations/0-20000-0-06260?datetime=2026-03-24T00%3A00%3A00Z%2F2026-03-24T08%3A34%3A56Z&parameter-name=ff%2Cdd
    Zon fout De Bilt: 403 Client Error: Forbidden for url: https://api.dataplatform.knmi.nl/edr/v1/collections/10-minute-in-situ-meteorological-observations/locations/0-20000-0-06260?datetime=2026-03-24T00%3A00%3A00Z%2F2026-03-24T08%3A34%3A56Z&parameter-name=qg
    Luchtdruk fout De Bilt: 403 Client Error: Forbidden for url: https://api.dataplatform.knmi.nl/edr/v1/collections/10-minute-in-situ-meteorological-observations/locations/0-20000-0-06260?datetime=2026-03-24T00%3A00%3A00Z%2F2026-03-24T08%3A34%3A56Z&parameter-name=pg
    Neerslag fout De Bilt: 403 Client Error: Forbidden for url: https://api.dataplatform.knmi.nl/edr/v1/collections/10-minute-in-situ-meteorological-observations/locations/0-20000-0-06260?datetime=2026-03-24T00%3A00%3A00Z%2F2026-03-24T08%3A34%3A56Z&parameter-name=rg
    Temp/wind fout Soesterberg: 403 Client Error: Forbidden for url: https://api.dataplatform.knmi.nl/edr/v1/collections/10-minute-in-situ-meteorological-observations/locations/0-20000-0-06265?datetime=2026-03-24T00%3A00%3A00Z%2F2026-03-24T08%3A34%3A56Z&parameter-name=ta%2Ctx%2Ctn%2Cfx%2Cff
    Anker-uur fout Soesterberg: 403 Client Error: Forbidden for url: https://api.dataplatform.knmi.nl/edr/v1/collections/10-minute-in-situ-meteorological-observations/locations/0-20000-0-06265?datetime=2026-03-24T00%3A00%3A00Z%2F2026-03-24T08%3A34%3A56Z&parameter-name=ff%2Cdd
    Zon fout Soesterberg: 403 Client Error: Forbidden for url: https://api.dataplatform.knmi.nl/edr/v1/collections/10-minute-in-situ-meteorological-observations/locations/0-20000-0-06265?datetime=2026-03-24T00%3A00%3A00Z%2F2026-03-24T08%3A34%3A56Z&parameter-name=qg
    Luchtdruk fout Soesterberg: 403 Client Error: Forbidden for url: https://api.dataplatform.knmi.nl/edr/v1/collections/10-minute-in-situ-meteorological-observations/locations/0-20000-0-06265?datetime=2026-03-24T00%3A00%3A00Z%2F2026-03-24T08%3A34%3A56Z&parameter-name=pg
    Neerslag fout Soesterberg: 403 Client Error: Forbidden for url: https://api.dataplatform.knmi.nl/edr/v1/collections/10-minute-in-situ-meteorological-observations/locations/0-20000-0-06265?datetime=2026-03-24T00%3A00%3A00Z%2F2026-03-24T08%3A34%3A56Z&parameter-name=rg
    Temp/wind fout Stavoren: 403 Client Error: Forbidden for url: https://api.dataplatform.knmi.nl/edr/v1/collections/10-minute-in-situ-meteorological-observations/locations/0-20000-0-06267?datetime=2026-03-24T00%3A00%3A00Z%2F2026-03-24T08%3A34%3A56Z&parameter-name=ta%2Ctx%2Ctn%2Cfx%2Cff
    Anker-uur fout Stavoren: 403 Client Error: Forbidden for url: https://api.dataplatform.knmi.nl/edr/v1/collections/10-minute-in-situ-meteorological-observations/locations/0-20000-0-06267?datetime=2026-03-24T00%3A00%3A00Z%2F2026-03-24T08%3A34%3A56Z&parameter-name=ff%2Cdd
    Zon fout Stavoren: 403 Client Error: Forbidden for url: https://api.dataplatform.knmi.nl/edr/v1/collections/10-minute-in-situ-meteorological-observations/locations/0-20000-0-06267?datetime=2026-03-24T00%3A00%3A00Z%2F2026-03-24T08%3A34%3A56Z&parameter-name=qg
    Luchtdruk fout Stavoren: 403 Client Error: Forbidden for url: https://api.dataplatform.knmi.nl/edr/v1/collections/10-minute-in-situ-meteorological-observations/locations/0-20000-0-06267?datetime=2026-03-24T00%3A00%3A00Z%2F2026-03-24T08%3A34%3A56Z&parameter-name=pg
    Neerslag fout Stavoren: 403 Client Error: Forbidden for url: https://api.dataplatform.knmi.nl/edr/v1/collections/10-minute-in-situ-meteorological-observations/locations/0-20000-0-06267?datetime=2026-03-24T00%3A00%3A00Z%2F2026-03-24T08%3A34%3A56Z&parameter-name=rg
    Temp/wind fout Lelystad: 403 Client Error: Forbidden for url: https://api.dataplatform.knmi.nl/edr/v1/collections/10-minute-in-situ-meteorological-observations/locations/0-20000-0-06269?datetime=2026-03-24T00%3A00%3A00Z%2F2026-03-24T08%3A34%3A56Z&parameter-name=ta%2Ctx%2Ctn%2Cfx%2Cff
    Anker-uur fout Lelystad: 403 Client Error: Forbidden for url: https://api.dataplatform.knmi.nl/edr/v1/collections/10-minute-in-situ-meteorological-observations/locations/0-20000-0-06269?datetime=2026-03-24T00%3A00%3A00Z%2F2026-03-24T08%3A34%3A56Z&parameter-name=ff%2Cdd
    Zon fout Lelystad: 403 Client Error: Forbidden for url: https://api.dataplatform.knmi.nl/edr/v1/collections/10-minute-in-situ-meteorological-observations/locations/0-20000-0-06269?datetime=2026-03-24T00%3A00%3A00Z%2F2026-03-24T08%3A34%3A56Z&parameter-name=qg
    Luchtdruk fout Lelystad: 403 Client Error: Forbidden for url: https://api.dataplatform.knmi.nl/edr/v1/collections/10-minute-in-situ-meteorological-observations/locations/0-20000-0-06269?datetime=2026-03-24T00%3A00%3A00Z%2F2026-03-24T08%3A34%3A56Z&parameter-name=pg
    Neerslag fout Lelystad: 403 Client Error: Forbidden for url: https://api.dataplatform.knmi.nl/edr/v1/collections/10-minute-in-situ-meteorological-observations/locations/0-20000-0-06269?datetime=2026-03-24T00%3A00%3A00Z%2F2026-03-24T08%3A34%3A56Z&parameter-name=rg
    Temp/wind fout Leeuwarden: 403 Client Error: Forbidden for url: https://api.dataplatform.knmi.nl/edr/v1/collections/10-minute-in-situ-meteorological-observations/locations/0-20000-0-06270?datetime=2026-03-24T00%3A00%3A00Z%2F2026-03-24T08%3A34%3A56Z&parameter-name=ta%2Ctx%2Ctn%2Cfx%2Cff
    Anker-uur fout Leeuwarden: 403 Client Error: Forbidden for url: https://api.dataplatform.knmi.nl/edr/v1/collections/10-minute-in-situ-meteorological-observations/locations/0-20000-0-06270?datetime=2026-03-24T00%3A00%3A00Z%2F2026-03-24T08%3A34%3A56Z&parameter-name=ff%2Cdd
    Zon fout Leeuwarden: 403 Client Error: Forbidden for url: https://api.dataplatform.knmi.nl/edr/v1/collections/10-minute-in-situ-meteorological-observations/locations/0-20000-0-06270?datetime=2026-03-24T00%3A00%3A00Z%2F2026-03-24T08%3A34%3A56Z&parameter-name=qg
    Luchtdruk fout Leeuwarden: 403 Client Error: Forbidden for url: https://api.dataplatform.knmi.nl/edr/v1/collections/10-minute-in-situ-meteorological-observations/locations/0-20000-0-06270?datetime=2026-03-24T00%3A00%3A00Z%2F2026-03-24T08%3A34%3A56Z&parameter-name=pg
    Neerslag fout Leeuwarden: 403 Client Error: Forbidden for url: https://api.dataplatform.knmi.nl/edr/v1/collections/10-minute-in-situ-meteorological-observations/locations/0-20000-0-06270?datetime=2026-03-24T00%3A00%3A00Z%2F2026-03-24T08%3A34%3A56Z&parameter-name=rg
    Temp/wind fout Marknesse: 403 Client Error: Forbidden for url: https://api.dataplatform.knmi.nl/edr/v1/collections/10-minute-in-situ-meteorological-observations/locations/0-20000-0-06273?datetime=2026-03-24T00%3A00%3A00Z%2F2026-03-24T08%3A34%3A56Z&parameter-name=ta%2Ctx%2Ctn%2Cfx%2Cff
    Anker-uur fout Marknesse: 403 Client Error: Forbidden for url: https://api.dataplatform.knmi.nl/edr/v1/collections/10-minute-in-situ-meteorological-observations/locations/0-20000-0-06273?datetime=2026-03-24T00%3A00%3A00Z%2F2026-03-24T08%3A34%3A56Z&parameter-name=ff%2Cdd
    Zon fout Marknesse: 403 Client Error: Forbidden for url: https://api.dataplatform.knmi.nl/edr/v1/collections/10-minute-in-situ-meteorological-observations/locations/0-20000-0-06273?datetime=2026-03-24T00%3A00%3A00Z%2F2026-03-24T08%3A34%3A56Z&parameter-name=qg
    Luchtdruk fout Marknesse: 403 Client Error: Forbidden for url: https://api.dataplatform.knmi.nl/edr/v1/collections/10-minute-in-situ-meteorological-observations/locations/0-20000-0-06273?datetime=2026-03-24T00%3A00%3A00Z%2F2026-03-24T08%3A34%3A56Z&parameter-name=pg
    Neerslag fout Marknesse: 403 Client Error: Forbidden for url: https://api.dataplatform.knmi.nl/edr/v1/collections/10-minute-in-situ-meteorological-observations/locations/0-20000-0-06273?datetime=2026-03-24T00%3A00%3A00Z%2F2026-03-24T08%3A34%3A56Z&parameter-name=rg
    Temp/wind fout Deelen: 403 Client Error: Forbidden for url: https://api.dataplatform.knmi.nl/edr/v1/collections/10-minute-in-situ-meteorological-observations/locations/0-20000-0-06275?datetime=2026-03-24T00%3A00%3A00Z%2F2026-03-24T08%3A34%3A56Z&parameter-name=ta%2Ctx%2Ctn%2Cfx%2Cff
    Anker-uur fout Deelen: 403 Client Error: Forbidden for url: https://api.dataplatform.knmi.nl/edr/v1/collections/10-minute-in-situ-meteorological-observations/locations/0-20000-0-06275?datetime=2026-03-24T00%3A00%3A00Z%2F2026-03-24T08%3A34%3A56Z&parameter-name=ff%2Cdd
    Zon fout Deelen: 403 Client Error: Forbidden for url: https://api.dataplatform.knmi.nl/edr/v1/collections/10-minute-in-situ-meteorological-observations/locations/0-20000-0-06275?datetime=2026-03-24T00%3A00%3A00Z%2F2026-03-24T08%3A34%3A56Z&parameter-name=qg
    Luchtdruk fout Deelen: 403 Client Error: Forbidden for url: https://api.dataplatform.knmi.nl/edr/v1/collections/10-minute-in-situ-meteorological-observations/locations/0-20000-0-06275?datetime=2026-03-24T00%3A00%3A00Z%2F2026-03-24T08%3A34%3A56Z&parameter-name=pg
    Neerslag fout Deelen: 403 Client Error: Forbidden for url: https://api.dataplatform.knmi.nl/edr/v1/collections/10-minute-in-situ-meteorological-observations/locations/0-20000-0-06275?datetime=2026-03-24T00%3A00%3A00Z%2F2026-03-24T08%3A34%3A56Z&parameter-name=rg
    Temp/wind fout Lauwersoog: 403 Client Error: Forbidden for url: https://api.dataplatform.knmi.nl/edr/v1/collections/10-minute-in-situ-meteorological-observations/locations/0-20000-0-06277?datetime=2026-03-24T00%3A00%3A00Z%2F2026-03-24T08%3A34%3A56Z&parameter-name=ta%2Ctx%2Ctn%2Cfx%2Cff
    Anker-uur fout Lauwersoog: 403 Client Error: Forbidden for url: https://api.dataplatform.knmi.nl/edr/v1/collections/10-minute-in-situ-meteorological-observations/locations/0-20000-0-06277?datetime=2026-03-24T00%3A00%3A00Z%2F2026-03-24T08%3A34%3A56Z&parameter-name=ff%2Cdd
    Zon fout Lauwersoog: 403 Client Error: Forbidden for url: https://api.dataplatform.knmi.nl/edr/v1/collections/10-minute-in-situ-meteorological-observations/locations/0-20000-0-06277?datetime=2026-03-24T00%3A00%3A00Z%2F2026-03-24T08%3A34%3A56Z&parameter-name=qg
    Luchtdruk fout Lauwersoog: 403 Client Error: Forbidden for url: https://api.dataplatform.knmi.nl/edr/v1/collections/10-minute-in-situ-meteorological-observations/locations/0-20000-0-06277?datetime=2026-03-24T00%3A00%3A00Z%2F2026-03-24T08%3A34%3A56Z&parameter-name=pg
    Neerslag fout Lauwersoog: 403 Client Error: Forbidden for url: https://api.dataplatform.knmi.nl/edr/v1/collections/10-minute-in-situ-meteorological-observations/locations/0-20000-0-06277?datetime=2026-03-24T00%3A00%3A00Z%2F2026-03-24T08%3A34%3A56Z&parameter-name=rg
    Temp/wind fout Heino: 403 Client Error: Forbidden for url: https://api.dataplatform.knmi.nl/edr/v1/collections/10-minute-in-situ-meteorological-observations/locations/0-20000-0-06278?datetime=2026-03-24T00%3A00%3A00Z%2F2026-03-24T08%3A34%3A56Z&parameter-name=ta%2Ctx%2Ctn%2Cfx%2Cff
    Anker-uur fout Heino: 403 Client Error: Forbidden for url: https://api.dataplatform.knmi.nl/edr/v1/collections/10-minute-in-situ-meteorological-observations/locations/0-20000-0-06278?datetime=2026-03-24T00%3A00%3A00Z%2F2026-03-24T08%3A34%3A56Z&parameter-name=ff%2Cdd
    Zon fout Heino: 403 Client Error: Forbidden for url: https://api.dataplatform.knmi.nl/edr/v1/collections/10-minute-in-situ-meteorological-observations/locations/0-20000-0-06278?datetime=2026-03-24T00%3A00%3A00Z%2F2026-03-24T08%3A34%3A56Z&parameter-name=qg
    Luchtdruk fout Heino: 403 Client Error: Forbidden for url: https://api.dataplatform.knmi.nl/edr/v1/collections/10-minute-in-situ-meteorological-observations/locations/0-20000-0-06278?datetime=2026-03-24T00%3A00%3A00Z%2F2026-03-24T08%3A34%3A56Z&parameter-name=pg
    Neerslag fout Heino: 403 Client Error: Forbidden for url: https://api.dataplatform.knmi.nl/edr/v1/collections/10-minute-in-situ-meteorological-observations/locations/0-20000-0-06278?datetime=2026-03-24T00%3A00%3A00Z%2F2026-03-24T08%3A34%3A56Z&parameter-name=rg
    Temp/wind fout Hoogeveen: 403 Client Error: Forbidden for url: https://api.dataplatform.knmi.nl/edr/v1/collections/10-minute-in-situ-meteorological-observations/locations/0-20000-0-06279?datetime=2026-03-24T00%3A00%3A00Z%2F2026-03-24T08%3A34%3A56Z&parameter-name=ta%2Ctx%2Ctn%2Cfx%2Cff
    Anker-uur fout Hoogeveen: 403 Client Error: Forbidden for url: https://api.dataplatform.knmi.nl/edr/v1/collections/10-minute-in-situ-meteorological-observations/locations/0-20000-0-06279?datetime=2026-03-24T00%3A00%3A00Z%2F2026-03-24T08%3A34%3A56Z&parameter-name=ff%2Cdd
    Zon fout Hoogeveen: 403 Client Error: Forbidden for url: https://api.dataplatform.knmi.nl/edr/v1/collections/10-minute-in-situ-meteorological-observations/locations/0-20000-0-06279?datetime=2026-03-24T00%3A00%3A00Z%2F2026-03-24T08%3A34%3A56Z&parameter-name=qg
    Luchtdruk fout Hoogeveen: 403 Client Error: Forbidden for url: https://api.dataplatform.knmi.nl/edr/v1/collections/10-minute-in-situ-meteorological-observations/locations/0-20000-0-06279?datetime=2026-03-24T00%3A00%3A00Z%2F2026-03-24T08%3A34%3A56Z&parameter-name=pg
    Neerslag fout Hoogeveen: 403 Client Error: Forbidden for url: https://api.dataplatform.knmi.nl/edr/v1/collections/10-minute-in-situ-meteorological-observations/locations/0-20000-0-06279?datetime=2026-03-24T00%3A00%3A00Z%2F2026-03-24T08%3A34%3A56Z&parameter-name=rg
    Temp/wind fout Eelde: 403 Client Error: Forbidden for url: https://api.dataplatform.knmi.nl/edr/v1/collections/10-minute-in-situ-meteorological-observations/locations/0-20000-0-06280?datetime=2026-03-24T00%3A00%3A00Z%2F2026-03-24T08%3A34%3A56Z&parameter-name=ta%2Ctx%2Ctn%2Cfx%2Cff
    Anker-uur fout Eelde: 403 Client Error: Forbidden for url: https://api.dataplatform.knmi.nl/edr/v1/collections/10-minute-in-situ-meteorological-observations/locations/0-20000-0-06280?datetime=2026-03-24T00%3A00%3A00Z%2F2026-03-24T08%3A34%3A56Z&parameter-name=ff%2Cdd
    Zon fout Eelde: 403 Client Error: Forbidden for url: https://api.dataplatform.knmi.nl/edr/v1/collections/10-minute-in-situ-meteorological-observations/locations/0-20000-0-06280?datetime=2026-03-24T00%3A00%3A00Z%2F2026-03-24T08%3A34%3A56Z&parameter-name=qg
    Luchtdruk fout Eelde: 403 Client Error: Forbidden for url: https://api.dataplatform.knmi.nl/edr/v1/collections/10-minute-in-situ-meteorological-observations/locations/0-20000-0-06280?datetime=2026-03-24T00%3A00%3A00Z%2F2026-03-24T08%3A34%3A56Z&parameter-name=pg
    Neerslag fout Eelde: 403 Client Error: Forbidden for url: https://api.dataplatform.knmi.nl/edr/v1/collections/10-minute-in-situ-meteorological-observations/locations/0-20000-0-06280?datetime=2026-03-24T00%3A00%3A00Z%2F2026-03-24T08%3A34%3A56Z&parameter-name=rg
    Temp/wind fout Hupsel: 403 Client Error: Forbidden for url: https://api.dataplatform.knmi.nl/edr/v1/collections/10-minute-in-situ-meteorological-observations/locations/0-20000-0-06283?datetime=2026-03-24T00%3A00%3A00Z%2F2026-03-24T08%3A34%3A56Z&parameter-name=ta%2Ctx%2Ctn%2Cfx%2Cff
    Anker-uur fout Hupsel: 403 Client Error: Forbidden for url: https://api.dataplatform.knmi.nl/edr/v1/collections/10-minute-in-situ-meteorological-observations/locations/0-20000-0-06283?datetime=2026-03-24T00%3A00%3A00Z%2F2026-03-24T08%3A34%3A56Z&parameter-name=ff%2Cdd
    Zon fout Hupsel: 403 Client Error: Forbidden for url: https://api.dataplatform.knmi.nl/edr/v1/collections/10-minute-in-situ-meteorological-observations/locations/0-20000-0-06283?datetime=2026-03-24T00%3A00%3A00Z%2F2026-03-24T08%3A34%3A56Z&parameter-name=qg
    Luchtdruk fout Hupsel: 403 Client Error: Forbidden for url: https://api.dataplatform.knmi.nl/edr/v1/collections/10-minute-in-situ-meteorological-observations/locations/0-20000-0-06283?datetime=2026-03-24T00%3A00%3A00Z%2F2026-03-24T08%3A34%3A56Z&parameter-name=pg
    Neerslag fout Hupsel: 403 Client Error: Forbidden for url: https://api.dataplatform.knmi.nl/edr/v1/collections/10-minute-in-situ-meteorological-observations/locations/0-20000-0-06283?datetime=2026-03-24T00%3A00%3A00Z%2F2026-03-24T08%3A34%3A56Z&parameter-name=rg
    Temp/wind fout Nieuw Beerta: 403 Client Error: Forbidden for url: https://api.dataplatform.knmi.nl/edr/v1/collections/10-minute-in-situ-meteorological-observations/locations/0-20000-0-06286?datetime=2026-03-24T00%3A00%3A00Z%2F2026-03-24T08%3A34%3A56Z&parameter-name=ta%2Ctx%2Ctn%2Cfx%2Cff
    Anker-uur fout Nieuw Beerta: 403 Client Error: Forbidden for url: https://api.dataplatform.knmi.nl/edr/v1/collections/10-minute-in-situ-meteorological-observations/locations/0-20000-0-06286?datetime=2026-03-24T00%3A00%3A00Z%2F2026-03-24T08%3A34%3A56Z&parameter-name=ff%2Cdd
    Zon fout Nieuw Beerta: 403 Client Error: Forbidden for url: https://api.dataplatform.knmi.nl/edr/v1/collections/10-minute-in-situ-meteorological-observations/locations/0-20000-0-06286?datetime=2026-03-24T00%3A00%3A00Z%2F2026-03-24T08%3A34%3A56Z&parameter-name=qg
    Luchtdruk fout Nieuw Beerta: 403 Client Error: Forbidden for url: https://api.dataplatform.knmi.nl/edr/v1/collections/10-minute-in-situ-meteorological-observations/locations/0-20000-0-06286?datetime=2026-03-24T00%3A00%3A00Z%2F2026-03-24T08%3A34%3A56Z&parameter-name=pg
    Neerslag fout Nieuw Beerta: 403 Client Error: Forbidden for url: https://api.dataplatform.knmi.nl/edr/v1/collections/10-minute-in-situ-meteorological-observations/locations/0-20000-0-06286?datetime=2026-03-24T00%3A00%3A00Z%2F2026-03-24T08%3A34%3A56Z&parameter-name=rg
    Temp/wind fout Twenthe: 403 Client Error: Forbidden for url: https://api.dataplatform.knmi.nl/edr/v1/collections/10-minute-in-situ-meteorological-observations/locations/0-20000-0-06290?datetime=2026-03-24T00%3A00%3A00Z%2F2026-03-24T08%3A34%3A56Z&parameter-name=ta%2Ctx%2Ctn%2Cfx%2Cff
    Anker-uur fout Twenthe: 403 Client Error: Forbidden for url: https://api.dataplatform.knmi.nl/edr/v1/collections/10-minute-in-situ-meteorological-observations/locations/0-20000-0-06290?datetime=2026-03-24T00%3A00%3A00Z%2F2026-03-24T08%3A34%3A56Z&parameter-name=ff%2Cdd
    Zon fout Twenthe: 403 Client Error: Forbidden for url: https://api.dataplatform.knmi.nl/edr/v1/collections/10-minute-in-situ-meteorological-observations/locations/0-20000-0-06290?datetime=2026-03-24T00%3A00%3A00Z%2F2026-03-24T08%3A34%3A56Z&parameter-name=qg
    Luchtdruk fout Twenthe: 403 Client Error: Forbidden for url: https://api.dataplatform.knmi.nl/edr/v1/collections/10-minute-in-situ-meteorological-observations/locations/0-20000-0-06290?datetime=2026-03-24T00%3A00%3A00Z%2F2026-03-24T08%3A34%3A56Z&parameter-name=pg
    Neerslag fout Twenthe: 403 Client Error: Forbidden for url: https://api.dataplatform.knmi.nl/edr/v1/collections/10-minute-in-situ-meteorological-observations/locations/0-20000-0-06290?datetime=2026-03-24T00%3A00%3A00Z%2F2026-03-24T08%3A34%3A56Z&parameter-name=rg
    Temp/wind fout Vlissingen: 403 Client Error: Forbidden for url: https://api.dataplatform.knmi.nl/edr/v1/collections/10-minute-in-situ-meteorological-observations/locations/0-20000-0-06310?datetime=2026-03-24T00%3A00%3A00Z%2F2026-03-24T08%3A34%3A56Z&parameter-name=ta%2Ctx%2Ctn%2Cfx%2Cff
    Anker-uur fout Vlissingen: 403 Client Error: Forbidden for url: https://api.dataplatform.knmi.nl/edr/v1/collections/10-minute-in-situ-meteorological-observations/locations/0-20000-0-06310?datetime=2026-03-24T00%3A00%3A00Z%2F2026-03-24T08%3A34%3A56Z&parameter-name=ff%2Cdd
    Zon fout Vlissingen: 403 Client Error: Forbidden for url: https://api.dataplatform.knmi.nl/edr/v1/collections/10-minute-in-situ-meteorological-observations/locations/0-20000-0-06310?datetime=2026-03-24T00%3A00%3A00Z%2F2026-03-24T08%3A34%3A56Z&parameter-name=qg
    Luchtdruk fout Vlissingen: 403 Client Error: Forbidden for url: https://api.dataplatform.knmi.nl/edr/v1/collections/10-minute-in-situ-meteorological-observations/locations/0-20000-0-06310?datetime=2026-03-24T00%3A00%3A00Z%2F2026-03-24T08%3A34%3A56Z&parameter-name=pg
    Neerslag fout Vlissingen: 403 Client Error: Forbidden for url: https://api.dataplatform.knmi.nl/edr/v1/collections/10-minute-in-situ-meteorological-observations/locations/0-20000-0-06310?datetime=2026-03-24T00%3A00%3A00Z%2F2026-03-24T08%3A34%3A56Z&parameter-name=rg
    Temp/wind fout Westdorpe: 403 Client Error: Forbidden for url: https://api.dataplatform.knmi.nl/edr/v1/collections/10-minute-in-situ-meteorological-observations/locations/0-20000-0-06319?datetime=2026-03-24T00%3A00%3A00Z%2F2026-03-24T08%3A34%3A56Z&parameter-name=ta%2Ctx%2Ctn%2Cfx%2Cff
    Anker-uur fout Westdorpe: 403 Client Error: Forbidden for url: https://api.dataplatform.knmi.nl/edr/v1/collections/10-minute-in-situ-meteorological-observations/locations/0-20000-0-06319?datetime=2026-03-24T00%3A00%3A00Z%2F2026-03-24T08%3A34%3A56Z&parameter-name=ff%2Cdd
    Zon fout Westdorpe: 403 Client Error: Forbidden for url: https://api.dataplatform.knmi.nl/edr/v1/collections/10-minute-in-situ-meteorological-observations/locations/0-20000-0-06319?datetime=2026-03-24T00%3A00%3A00Z%2F2026-03-24T08%3A34%3A56Z&parameter-name=qg
    Luchtdruk fout Westdorpe: 403 Client Error: Forbidden for url: https://api.dataplatform.knmi.nl/edr/v1/collections/10-minute-in-situ-meteorological-observations/locations/0-20000-0-06319?datetime=2026-03-24T00%3A00%3A00Z%2F2026-03-24T08%3A34%3A56Z&parameter-name=pg
    Neerslag fout Westdorpe: 403 Client Error: Forbidden for url: https://api.dataplatform.knmi.nl/edr/v1/collections/10-minute-in-situ-meteorological-observations/locations/0-20000-0-06319?datetime=2026-03-24T00%3A00%3A00Z%2F2026-03-24T08%3A34%3A56Z&parameter-name=rg
    Temp/wind fout Wilhelminadorp: 403 Client Error: Forbidden for url: https://api.dataplatform.knmi.nl/edr/v1/collections/10-minute-in-situ-meteorological-observations/locations/0-20000-0-06323?datetime=2026-03-24T00%3A00%3A00Z%2F2026-03-24T08%3A34%3A56Z&parameter-name=ta%2Ctx%2Ctn%2Cfx%2Cff
    Anker-uur fout Wilhelminadorp: 403 Client Error: Forbidden for url: https://api.dataplatform.knmi.nl/edr/v1/collections/10-minute-in-situ-meteorological-observations/locations/0-20000-0-06323?datetime=2026-03-24T00%3A00%3A00Z%2F2026-03-24T08%3A34%3A56Z&parameter-name=ff%2Cdd
    Zon fout Wilhelminadorp: 403 Client Error: Forbidden for url: https://api.dataplatform.knmi.nl/edr/v1/collections/10-minute-in-situ-meteorological-observations/locations/0-20000-0-06323?datetime=2026-03-24T00%3A00%3A00Z%2F2026-03-24T08%3A34%3A56Z&parameter-name=qg
    Luchtdruk fout Wilhelminadorp: 403 Client Error: Forbidden for url: https://api.dataplatform.knmi.nl/edr/v1/collections/10-minute-in-situ-meteorological-observations/locations/0-20000-0-06323?datetime=2026-03-24T00%3A00%3A00Z%2F2026-03-24T08%3A34%3A56Z&parameter-name=pg
    Neerslag fout Wilhelminadorp: 403 Client Error: Forbidden for url: https://api.dataplatform.knmi.nl/edr/v1/collections/10-minute-in-situ-meteorological-observations/locations/0-20000-0-06323?datetime=2026-03-24T00%3A00%3A00Z%2F2026-03-24T08%3A34%3A56Z&parameter-name=rg
    Temp/wind fout Stavenisse: 403 Client Error: Forbidden for url: https://api.dataplatform.knmi.nl/edr/v1/collections/10-minute-in-situ-meteorological-observations/locations/0-20000-0-06324?datetime=2026-03-24T00%3A00%3A00Z%2F2026-03-24T08%3A34%3A56Z&parameter-name=ta%2Ctx%2Ctn%2Cfx%2Cff
    Anker-uur fout Stavenisse: 403 Client Error: Forbidden for url: https://api.dataplatform.knmi.nl/edr/v1/collections/10-minute-in-situ-meteorological-observations/locations/0-20000-0-06324?datetime=2026-03-24T00%3A00%3A00Z%2F2026-03-24T08%3A34%3A56Z&parameter-name=ff%2Cdd
    Zon fout Stavenisse: 403 Client Error: Forbidden for url: https://api.dataplatform.knmi.nl/edr/v1/collections/10-minute-in-situ-meteorological-observations/locations/0-20000-0-06324?datetime=2026-03-24T00%3A00%3A00Z%2F2026-03-24T08%3A34%3A56Z&parameter-name=qg
    Luchtdruk fout Stavenisse: 403 Client Error: Forbidden for url: https://api.dataplatform.knmi.nl/edr/v1/collections/10-minute-in-situ-meteorological-observations/locations/0-20000-0-06324?datetime=2026-03-24T00%3A00%3A00Z%2F2026-03-24T08%3A34%3A56Z&parameter-name=pg
    Neerslag fout Stavenisse: 403 Client Error: Forbidden for url: https://api.dataplatform.knmi.nl/edr/v1/collections/10-minute-in-situ-meteorological-observations/locations/0-20000-0-06324?datetime=2026-03-24T00%3A00%3A00Z%2F2026-03-24T08%3A34%3A56Z&parameter-name=rg
    Temp/wind fout Hoek van Holland: 403 Client Error: Forbidden for url: https://api.dataplatform.knmi.nl/edr/v1/collections/10-minute-in-situ-meteorological-observations/locations/0-20000-0-06330?datetime=2026-03-24T00%3A00%3A00Z%2F2026-03-24T08%3A34%3A56Z&parameter-name=ta%2Ctx%2Ctn%2Cfx%2Cff
    Anker-uur fout Hoek van Holland: 403 Client Error: Forbidden for url: https://api.dataplatform.knmi.nl/edr/v1/collections/10-minute-in-situ-meteorological-observations/locations/0-20000-0-06330?datetime=2026-03-24T00%3A00%3A00Z%2F2026-03-24T08%3A34%3A56Z&parameter-name=ff%2Cdd
    Zon fout Hoek van Holland: 403 Client Error: Forbidden for url: https://api.dataplatform.knmi.nl/edr/v1/collections/10-minute-in-situ-meteorological-observations/locations/0-20000-0-06330?datetime=2026-03-24T00%3A00%3A00Z%2F2026-03-24T08%3A34%3A56Z&parameter-name=qg
    Luchtdruk fout Hoek van Holland: 403 Client Error: Forbidden for url: https://api.dataplatform.knmi.nl/edr/v1/collections/10-minute-in-situ-meteorological-observations/locations/0-20000-0-06330?datetime=2026-03-24T00%3A00%3A00Z%2F2026-03-24T08%3A34%3A56Z&parameter-name=pg
    Neerslag fout Hoek van Holland: 403 Client Error: Forbidden for url: https://api.dataplatform.knmi.nl/edr/v1/collections/10-minute-in-situ-meteorological-observations/locations/0-20000-0-06330?datetime=2026-03-24T00%3A00%3A00Z%2F2026-03-24T08%3A34%3A56Z&parameter-name=rg
    Temp/wind fout Tholen: 403 Client Error: Forbidden for url: https://api.dataplatform.knmi.nl/edr/v1/collections/10-minute-in-situ-meteorological-observations/locations/0-20000-0-06331?datetime=2026-03-24T00%3A00%3A00Z%2F2026-03-24T08%3A34%3A56Z&parameter-name=ta%2Ctx%2Ctn%2Cfx%2Cff
    Anker-uur fout Tholen: 403 Client Error: Forbidden for url: https://api.dataplatform.knmi.nl/edr/v1/collections/10-minute-in-situ-meteorological-observations/locations/0-20000-0-06331?datetime=2026-03-24T00%3A00%3A00Z%2F2026-03-24T08%3A34%3A56Z&parameter-name=ff%2Cdd
    Zon fout Tholen: 403 Client Error: Forbidden for url: https://api.dataplatform.knmi.nl/edr/v1/collections/10-minute-in-situ-meteorological-observations/locations/0-20000-0-06331?datetime=2026-03-24T00%3A00%3A00Z%2F2026-03-24T08%3A34%3A56Z&parameter-name=qg
    Luchtdruk fout Tholen: 403 Client Error: Forbidden for url: https://api.dataplatform.knmi.nl/edr/v1/collections/10-minute-in-situ-meteorological-observations/locations/0-20000-0-06331?datetime=2026-03-24T00%3A00%3A00Z%2F2026-03-24T08%3A34%3A56Z&parameter-name=pg
    Neerslag fout Tholen: 403 Client Error: Forbidden for url: https://api.dataplatform.knmi.nl/edr/v1/collections/10-minute-in-situ-meteorological-observations/locations/0-20000-0-06331?datetime=2026-03-24T00%3A00%3A00Z%2F2026-03-24T08%3A34%3A56Z&parameter-name=rg
    Temp/wind fout Woensdrecht: 403 Client Error: Forbidden for url: https://api.dataplatform.knmi.nl/edr/v1/collections/10-minute-in-situ-meteorological-observations/locations/0-20000-0-06340?datetime=2026-03-24T00%3A00%3A00Z%2F2026-03-24T08%3A34%3A56Z&parameter-name=ta%2Ctx%2Ctn%2Cfx%2Cff
    Anker-uur fout Woensdrecht: 403 Client Error: Forbidden for url: https://api.dataplatform.knmi.nl/edr/v1/collections/10-minute-in-situ-meteorological-observations/locations/0-20000-0-06340?datetime=2026-03-24T00%3A00%3A00Z%2F2026-03-24T08%3A34%3A56Z&parameter-name=ff%2Cdd
    Zon fout Woensdrecht: 403 Client Error: Forbidden for url: https://api.dataplatform.knmi.nl/edr/v1/collections/10-minute-in-situ-meteorological-observations/locations/0-20000-0-06340?datetime=2026-03-24T00%3A00%3A00Z%2F2026-03-24T08%3A34%3A56Z&parameter-name=qg
    Luchtdruk fout Woensdrecht: 403 Client Error: Forbidden for url: https://api.dataplatform.knmi.nl/edr/v1/collections/10-minute-in-situ-meteorological-observations/locations/0-20000-0-06340?datetime=2026-03-24T00%3A00%3A00Z%2F2026-03-24T08%3A34%3A56Z&parameter-name=pg
    Neerslag fout Woensdrecht: 403 Client Error: Forbidden for url: https://api.dataplatform.knmi.nl/edr/v1/collections/10-minute-in-situ-meteorological-observations/locations/0-20000-0-06340?datetime=2026-03-24T00%3A00%3A00Z%2F2026-03-24T08%3A34%3A56Z&parameter-name=rg
    Temp/wind fout Rotterdam Geulhaven: 403 Client Error: Forbidden for url: https://api.dataplatform.knmi.nl/edr/v1/collections/10-minute-in-situ-meteorological-observations/locations/0-20000-0-06343?datetime=2026-03-24T00%3A00%3A00Z%2F2026-03-24T08%3A34%3A56Z&parameter-name=ta%2Ctx%2Ctn%2Cfx%2Cff
    Anker-uur fout Rotterdam Geulhaven: 403 Client Error: Forbidden for url: https://api.dataplatform.knmi.nl/edr/v1/collections/10-minute-in-situ-meteorological-observations/locations/0-20000-0-06343?datetime=2026-03-24T00%3A00%3A00Z%2F2026-03-24T08%3A34%3A56Z&parameter-name=ff%2Cdd
    Zon fout Rotterdam Geulhaven: 403 Client Error: Forbidden for url: https://api.dataplatform.knmi.nl/edr/v1/collections/10-minute-in-situ-meteorological-observations/locations/0-20000-0-06343?datetime=2026-03-24T00%3A00%3A00Z%2F2026-03-24T08%3A34%3A56Z&parameter-name=qg
    Luchtdruk fout Rotterdam Geulhaven: 403 Client Error: Forbidden for url: https://api.dataplatform.knmi.nl/edr/v1/collections/10-minute-in-situ-meteorological-observations/locations/0-20000-0-06343?datetime=2026-03-24T00%3A00%3A00Z%2F2026-03-24T08%3A34%3A56Z&parameter-name=pg
    Neerslag fout Rotterdam Geulhaven: 403 Client Error: Forbidden for url: https://api.dataplatform.knmi.nl/edr/v1/collections/10-minute-in-situ-meteorological-observations/locations/0-20000-0-06343?datetime=2026-03-24T00%3A00%3A00Z%2F2026-03-24T08%3A34%3A56Z&parameter-name=rg
    Temp/wind fout Rotterdam Airport: 403 Client Error: Forbidden for url: https://api.dataplatform.knmi.nl/edr/v1/collections/10-minute-in-situ-meteorological-observations/locations/0-20000-0-06344?datetime=2026-03-24T00%3A00%3A00Z%2F2026-03-24T08%3A34%3A56Z&parameter-name=ta%2Ctx%2Ctn%2Cfx%2Cff
    Anker-uur fout Rotterdam Airport: 403 Client Error: Forbidden for url: https://api.dataplatform.knmi.nl/edr/v1/collections/10-minute-in-situ-meteorological-observations/locations/0-20000-0-06344?datetime=2026-03-24T00%3A00%3A00Z%2F2026-03-24T08%3A34%3A56Z&parameter-name=ff%2Cdd
    Zon fout Rotterdam Airport: 403 Client Error: Forbidden for url: https://api.dataplatform.knmi.nl/edr/v1/collections/10-minute-in-situ-meteorological-observations/locations/0-20000-0-06344?datetime=2026-03-24T00%3A00%3A00Z%2F2026-03-24T08%3A34%3A56Z&parameter-name=qg
    Luchtdruk fout Rotterdam Airport: 403 Client Error: Forbidden for url: https://api.dataplatform.knmi.nl/edr/v1/collections/10-minute-in-situ-meteorological-observations/locations/0-20000-0-06344?datetime=2026-03-24T00%3A00%3A00Z%2F2026-03-24T08%3A34%3A56Z&parameter-name=pg
    Neerslag fout Rotterdam Airport: 403 Client Error: Forbidden for url: https://api.dataplatform.knmi.nl/edr/v1/collections/10-minute-in-situ-meteorological-observations/locations/0-20000-0-06344?datetime=2026-03-24T00%3A00%3A00Z%2F2026-03-24T08%3A34%3A56Z&parameter-name=rg
    Temp/wind fout Cabauw: 403 Client Error: Forbidden for url: https://api.dataplatform.knmi.nl/edr/v1/collections/10-minute-in-situ-meteorological-observations/locations/0-20000-0-06348?datetime=2026-03-24T00%3A00%3A00Z%2F2026-03-24T08%3A34%3A56Z&parameter-name=ta%2Ctx%2Ctn%2Cfx%2Cff
    Anker-uur fout Cabauw: 403 Client Error: Forbidden for url: https://api.dataplatform.knmi.nl/edr/v1/collections/10-minute-in-situ-meteorological-observations/locations/0-20000-0-06348?datetime=2026-03-24T00%3A00%3A00Z%2F2026-03-24T08%3A34%3A56Z&parameter-name=ff%2Cdd
    Zon fout Cabauw: 403 Client Error: Forbidden for url: https://api.dataplatform.knmi.nl/edr/v1/collections/10-minute-in-situ-meteorological-observations/locations/0-20000-0-06348?datetime=2026-03-24T00%3A00%3A00Z%2F2026-03-24T08%3A34%3A56Z&parameter-name=qg
    Luchtdruk fout Cabauw: 403 Client Error: Forbidden for url: https://api.dataplatform.knmi.nl/edr/v1/collections/10-minute-in-situ-meteorological-observations/locations/0-20000-0-06348?datetime=2026-03-24T00%3A00%3A00Z%2F2026-03-24T08%3A34%3A56Z&parameter-name=pg
    Neerslag fout Cabauw: 403 Client Error: Forbidden for url: https://api.dataplatform.knmi.nl/edr/v1/collections/10-minute-in-situ-meteorological-observations/locations/0-20000-0-06348?datetime=2026-03-24T00%3A00%3A00Z%2F2026-03-24T08%3A34%3A56Z&parameter-name=rg
    Temp/wind fout Gilze-Rijen: 403 Client Error: Forbidden for url: https://api.dataplatform.knmi.nl/edr/v1/collections/10-minute-in-situ-meteorological-observations/locations/0-20000-0-06350?datetime=2026-03-24T00%3A00%3A00Z%2F2026-03-24T08%3A34%3A56Z&parameter-name=ta%2Ctx%2Ctn%2Cfx%2Cff
    Anker-uur fout Gilze-Rijen: 403 Client Error: Forbidden for url: https://api.dataplatform.knmi.nl/edr/v1/collections/10-minute-in-situ-meteorological-observations/locations/0-20000-0-06350?datetime=2026-03-24T00%3A00%3A00Z%2F2026-03-24T08%3A34%3A56Z&parameter-name=ff%2Cdd
    Zon fout Gilze-Rijen: 403 Client Error: Forbidden for url: https://api.dataplatform.knmi.nl/edr/v1/collections/10-minute-in-situ-meteorological-observations/locations/0-20000-0-06350?datetime=2026-03-24T00%3A00%3A00Z%2F2026-03-24T08%3A34%3A56Z&parameter-name=qg
    Luchtdruk fout Gilze-Rijen: 403 Client Error: Forbidden for url: https://api.dataplatform.knmi.nl/edr/v1/collections/10-minute-in-situ-meteorological-observations/locations/0-20000-0-06350?datetime=2026-03-24T00%3A00%3A00Z%2F2026-03-24T08%3A34%3A56Z&parameter-name=pg
    Neerslag fout Gilze-Rijen: 403 Client Error: Forbidden for url: https://api.dataplatform.knmi.nl/edr/v1/collections/10-minute-in-situ-meteorological-observations/locations/0-20000-0-06350?datetime=2026-03-24T00%3A00%3A00Z%2F2026-03-24T08%3A34%3A56Z&parameter-name=rg
    Temp/wind fout Herwijnen: 403 Client Error: Forbidden for url: https://api.dataplatform.knmi.nl/edr/v1/collections/10-minute-in-situ-meteorological-observations/locations/0-20000-0-06356?datetime=2026-03-24T00%3A00%3A00Z%2F2026-03-24T08%3A34%3A56Z&parameter-name=ta%2Ctx%2Ctn%2Cfx%2Cff
    Anker-uur fout Herwijnen: 403 Client Error: Forbidden for url: https://api.dataplatform.knmi.nl/edr/v1/collections/10-minute-in-situ-meteorological-observations/locations/0-20000-0-06356?datetime=2026-03-24T00%3A00%3A00Z%2F2026-03-24T08%3A34%3A56Z&parameter-name=ff%2Cdd
    Zon fout Herwijnen: 403 Client Error: Forbidden for url: https://api.dataplatform.knmi.nl/edr/v1/collections/10-minute-in-situ-meteorological-observations/locations/0-20000-0-06356?datetime=2026-03-24T00%3A00%3A00Z%2F2026-03-24T08%3A34%3A56Z&parameter-name=qg
    Luchtdruk fout Herwijnen: 403 Client Error: Forbidden for url: https://api.dataplatform.knmi.nl/edr/v1/collections/10-minute-in-situ-meteorological-observations/locations/0-20000-0-06356?datetime=2026-03-24T00%3A00%3A00Z%2F2026-03-24T08%3A34%3A56Z&parameter-name=pg
    Neerslag fout Herwijnen: 403 Client Error: Forbidden for url: https://api.dataplatform.knmi.nl/edr/v1/collections/10-minute-in-situ-meteorological-observations/locations/0-20000-0-06356?datetime=2026-03-24T00%3A00%3A00Z%2F2026-03-24T08%3A34%3A56Z&parameter-name=rg
    Temp/wind fout Eindhoven: 403 Client Error: Forbidden for url: https://api.dataplatform.knmi.nl/edr/v1/collections/10-minute-in-situ-meteorological-observations/locations/0-20000-0-06370?datetime=2026-03-24T00%3A00%3A00Z%2F2026-03-24T08%3A34%3A56Z&parameter-name=ta%2Ctx%2Ctn%2Cfx%2Cff
    Anker-uur fout Eindhoven: 403 Client Error: Forbidden for url: https://api.dataplatform.knmi.nl/edr/v1/collections/10-minute-in-situ-meteorological-observations/locations/0-20000-0-06370?datetime=2026-03-24T00%3A00%3A00Z%2F2026-03-24T08%3A34%3A56Z&parameter-name=ff%2Cdd
    Zon fout Eindhoven: 403 Client Error: Forbidden for url: https://api.dataplatform.knmi.nl/edr/v1/collections/10-minute-in-situ-meteorological-observations/locations/0-20000-0-06370?datetime=2026-03-24T00%3A00%3A00Z%2F2026-03-24T08%3A34%3A56Z&parameter-name=qg
    Luchtdruk fout Eindhoven: 403 Client Error: Forbidden for url: https://api.dataplatform.knmi.nl/edr/v1/collections/10-minute-in-situ-meteorological-observations/locations/0-20000-0-06370?datetime=2026-03-24T00%3A00%3A00Z%2F2026-03-24T08%3A34%3A56Z&parameter-name=pg
    Neerslag fout Eindhoven: 403 Client Error: Forbidden for url: https://api.dataplatform.knmi.nl/edr/v1/collections/10-minute-in-situ-meteorological-observations/locations/0-20000-0-06370?datetime=2026-03-24T00%3A00%3A00Z%2F2026-03-24T08%3A34%3A56Z&parameter-name=rg
    Temp/wind fout Volkel: 403 Client Error: Forbidden for url: https://api.dataplatform.knmi.nl/edr/v1/collections/10-minute-in-situ-meteorological-observations/locations/0-20000-0-06375?datetime=2026-03-24T00%3A00%3A00Z%2F2026-03-24T08%3A34%3A56Z&parameter-name=ta%2Ctx%2Ctn%2Cfx%2Cff
    Anker-uur fout Volkel: 403 Client Error: Forbidden for url: https://api.dataplatform.knmi.nl/edr/v1/collections/10-minute-in-situ-meteorological-observations/locations/0-20000-0-06375?datetime=2026-03-24T00%3A00%3A00Z%2F2026-03-24T08%3A34%3A56Z&parameter-name=ff%2Cdd
    Zon fout Volkel: 403 Client Error: Forbidden for url: https://api.dataplatform.knmi.nl/edr/v1/collections/10-minute-in-situ-meteorological-observations/locations/0-20000-0-06375?datetime=2026-03-24T00%3A00%3A00Z%2F2026-03-24T08%3A34%3A56Z&parameter-name=qg
    Luchtdruk fout Volkel: 403 Client Error: Forbidden for url: https://api.dataplatform.knmi.nl/edr/v1/collections/10-minute-in-situ-meteorological-observations/locations/0-20000-0-06375?datetime=2026-03-24T00%3A00%3A00Z%2F2026-03-24T08%3A34%3A56Z&parameter-name=pg
    Neerslag fout Volkel: 403 Client Error: Forbidden for url: https://api.dataplatform.knmi.nl/edr/v1/collections/10-minute-in-situ-meteorological-observations/locations/0-20000-0-06375?datetime=2026-03-24T00%3A00%3A00Z%2F2026-03-24T08%3A34%3A56Z&parameter-name=rg
    Temp/wind fout Ell: 403 Client Error: Forbidden for url: https://api.dataplatform.knmi.nl/edr/v1/collections/10-minute-in-situ-meteorological-observations/locations/0-20000-0-06377?datetime=2026-03-24T00%3A00%3A00Z%2F2026-03-24T08%3A34%3A56Z&parameter-name=ta%2Ctx%2Ctn%2Cfx%2Cff
    Anker-uur fout Ell: 403 Client Error: Forbidden for url: https://api.dataplatform.knmi.nl/edr/v1/collections/10-minute-in-situ-meteorological-observations/locations/0-20000-0-06377?datetime=2026-03-24T00%3A00%3A00Z%2F2026-03-24T08%3A34%3A56Z&parameter-name=ff%2Cdd
    Zon fout Ell: 403 Client Error: Forbidden for url: https://api.dataplatform.knmi.nl/edr/v1/collections/10-minute-in-situ-meteorological-observations/locations/0-20000-0-06377?datetime=2026-03-24T00%3A00%3A00Z%2F2026-03-24T08%3A34%3A56Z&parameter-name=qg
    Luchtdruk fout Ell: 403 Client Error: Forbidden for url: https://api.dataplatform.knmi.nl/edr/v1/collections/10-minute-in-situ-meteorological-observations/locations/0-20000-0-06377?datetime=2026-03-24T00%3A00%3A00Z%2F2026-03-24T08%3A34%3A56Z&parameter-name=pg
    Neerslag fout Ell: 403 Client Error: Forbidden for url: https://api.dataplatform.knmi.nl/edr/v1/collections/10-minute-in-situ-meteorological-observations/locations/0-20000-0-06377?datetime=2026-03-24T00%3A00%3A00Z%2F2026-03-24T08%3A34%3A56Z&parameter-name=rg
    Temp/wind fout Maastricht: 403 Client Error: Forbidden for url: https://api.dataplatform.knmi.nl/edr/v1/collections/10-minute-in-situ-meteorological-observations/locations/0-20000-0-06380?datetime=2026-03-24T00%3A00%3A00Z%2F2026-03-24T08%3A34%3A56Z&parameter-name=ta%2Ctx%2Ctn%2Cfx%2Cff
    Anker-uur fout Maastricht: 403 Client Error: Forbidden for url: https://api.dataplatform.knmi.nl/edr/v1/collections/10-minute-in-situ-meteorological-observations/locations/0-20000-0-06380?datetime=2026-03-24T00%3A00%3A00Z%2F2026-03-24T08%3A34%3A56Z&parameter-name=ff%2Cdd
    Zon fout Maastricht: 403 Client Error: Forbidden for url: https://api.dataplatform.knmi.nl/edr/v1/collections/10-minute-in-situ-meteorological-observations/locations/0-20000-0-06380?datetime=2026-03-24T00%3A00%3A00Z%2F2026-03-24T08%3A34%3A56Z&parameter-name=qg
    Luchtdruk fout Maastricht: 403 Client Error: Forbidden for url: https://api.dataplatform.knmi.nl/edr/v1/collections/10-minute-in-situ-meteorological-observations/locations/0-20000-0-06380?datetime=2026-03-24T00%3A00%3A00Z%2F2026-03-24T08%3A34%3A56Z&parameter-name=pg
    Neerslag fout Maastricht: 403 Client Error: Forbidden for url: https://api.dataplatform.knmi.nl/edr/v1/collections/10-minute-in-situ-meteorological-observations/locations/0-20000-0-06380?datetime=2026-03-24T00%3A00%3A00Z%2F2026-03-24T08%3A34%3A56Z&parameter-name=rg
    Temp/wind fout Arcen: 403 Client Error: Forbidden for url: https://api.dataplatform.knmi.nl/edr/v1/collections/10-minute-in-situ-meteorological-observations/locations/0-20000-0-06391?datetime=2026-03-24T00%3A00%3A00Z%2F2026-03-24T08%3A34%3A56Z&parameter-name=ta%2Ctx%2Ctn%2Cfx%2Cff
    Anker-uur fout Arcen: 403 Client Error: Forbidden for url: https://api.dataplatform.knmi.nl/edr/v1/collections/10-minute-in-situ-meteorological-observations/locations/0-20000-0-06391?datetime=2026-03-24T00%3A00%3A00Z%2F2026-03-24T08%3A34%3A56Z&parameter-name=ff%2Cdd
    Zon fout Arcen: 403 Client Error: Forbidden for url: https://api.dataplatform.knmi.nl/edr/v1/collections/10-minute-in-situ-meteorological-observations/locations/0-20000-0-06391?datetime=2026-03-24T00%3A00%3A00Z%2F2026-03-24T08%3A34%3A56Z&parameter-name=qg
    Luchtdruk fout Arcen: 403 Client Error: Forbidden for url: https://api.dataplatform.knmi.nl/edr/v1/collections/10-minute-in-situ-meteorological-observations/locations/0-20000-0-06391?datetime=2026-03-24T00%3A00%3A00Z%2F2026-03-24T08%3A34%3A56Z&parameter-name=pg
    Neerslag fout Arcen: 403 Client Error: Forbidden for url: https://api.dataplatform.knmi.nl/edr/v1/collections/10-minute-in-situ-meteorological-observations/locations/0-20000-0-06391?datetime=2026-03-24T00%3A00%3A00Z%2F2026-03-24T08%3A34%3A56Z&parameter-name=rg
    Temp/wind fout Horst: 403 Client Error: Forbidden for url: https://api.dataplatform.knmi.nl/edr/v1/collections/10-minute-in-situ-meteorological-observations/locations/0-528-0-06392?datetime=2026-03-24T00%3A00%3A00Z%2F2026-03-24T08%3A34%3A56Z&parameter-name=ta%2Ctx%2Ctn%2Cfx%2Cff
    Anker-uur fout Horst: 403 Client Error: Forbidden for url: https://api.dataplatform.knmi.nl/edr/v1/collections/10-minute-in-situ-meteorological-observations/locations/0-528-0-06392?datetime=2026-03-24T00%3A00%3A00Z%2F2026-03-24T08%3A34%3A56Z&parameter-name=ff%2Cdd
    Zon fout Horst: 403 Client Error: Forbidden for url: https://api.dataplatform.knmi.nl/edr/v1/collections/10-minute-in-situ-meteorological-observations/locations/0-528-0-06392?datetime=2026-03-24T00%3A00%3A00Z%2F2026-03-24T08%3A34%3A56Z&parameter-name=qg
    Luchtdruk fout Horst: 403 Client Error: Forbidden for url: https://api.dataplatform.knmi.nl/edr/v1/collections/10-minute-in-situ-meteorological-observations/locations/0-528-0-06392?datetime=2026-03-24T00%3A00%3A00Z%2F2026-03-24T08%3A34%3A56Z&parameter-name=pg
    Neerslag fout Horst: 403 Client Error: Forbidden for url: https://api.dataplatform.knmi.nl/edr/v1/collections/10-minute-in-situ-meteorological-observations/locations/0-528-0-06392?datetime=2026-03-24T00%3A00%3A00Z%2F2026-03-24T08%3A34%3A56Z&parameter-name=rg
    TX top3: []
    TN top3: []
    RR top3: []
  2026-01-01: al in cache, overgeslagen
  2026-01-02: al in cache, overgeslagen
  2026-01-03: al in cache, overgeslagen
  2026-01-04: al in cache, overgeslagen
  2026-01-05: al in cache, overgeslagen
  2026-01-06: al in cache, overgeslagen
  2026-01-07: al in cache, overgeslagen
  2026-01-08: al in cache, overgeslagen
  2026-01-09: al in cache, overgeslagen
  2026-01-10: al in cache, overgeslagen
  2026-01-11: al in cache, overgeslagen
  2026-01-12: al in cache, overgeslagen
  2026-01-13: al in cache, overgeslagen
  2026-01-14: al in cache, overgeslagen
  2026-01-15: al in cache, overgeslagen
  2026-01-16: al in cache, overgeslagen
  2026-01-17: al in cache, overgeslagen
  2026-01-18: al in cache, overgeslagen
  2026-01-19: al in cache, overgeslagen
  2026-01-20: al in cache, overgeslagen
  2026-01-21: al in cache, overgeslagen
  2026-01-22: al in cache, overgeslagen
  2026-01-23: al in cache, overgeslagen
  2026-01-24: al in cache, overgeslagen
  2026-01-25: al in cache, overgeslagen
  2026-01-26: al in cache, overgeslagen
  2026-01-27: al in cache, overgeslagen
  2026-01-28: al in cache, overgeslagen
  2026-01-29: al in cache, overgeslagen
  2026-01-30: al in cache, overgeslagen
  2026-01-31: al in cache, overgeslagen
  2026-02-01: al in cache, overgeslagen
  2026-02-02: al in cache, overgeslagen
  2026-02-03: al in cache, overgeslagen
  2026-02-04: al in cache, overgeslagen
  2026-02-05: al in cache, overgeslagen
  2026-02-06: al in cache, overgeslagen
  2026-02-07: al in cache, overgeslagen
  2026-02-08: al in cache, overgeslagen
  2026-02-09: al in cache, overgeslagen
  2026-02-10: al in cache, overgeslagen
  2026-02-11: al in cache, overgeslagen
  2026-02-12: al in cache, overgeslagen
  2026-02-13: al in cache, overgeslagen
  2026-02-14: al in cache, overgeslagen
  2026-02-15: al in cache, overgeslagen
  2026-02-16: al in cache, overgeslagen
  2026-02-17: al in cache, overgeslagen
  2026-02-18: al in cache, overgeslagen
  2026-02-19: al in cache, overgeslagen
  2026-02-20: al in cache, overgeslagen
  2026-02-21: al in cache, overgeslagen
  2026-02-22: al in cache, overgeslagen
  2026-02-23: al in cache, overgeslagen
  2026-02-24: al in cache, overgeslagen
  2026-02-25: al in cache, overgeslagen
  2026-02-26: al in cache, overgeslagen
  2026-02-27: al in cache, overgeslagen
  2026-02-28: al in cache, overgeslagen
  2026-03-01: al in cache, overgeslagen
  2026-03-02: al in cache, overgeslagen
  2026-03-03: al in cache, overgeslagen
  2026-03-04: al in cache, overgeslagen
  2026-03-05: al in cache, overgeslagen
  2026-03-06: al in cache, overgeslagen
  2026-03-07: al in cache, overgeslagen
  2026-03-08: al in cache, overgeslagen
  2026-03-09: al in cache, overgeslagen
  2026-03-10: al in cache, overgeslagen
  2026-03-11: al in cache, overgeslagen
  2026-03-12: al in cache, overgeslagen
  2026-03-13: al in cache, overgeslagen
  2026-03-14: al in cache, overgeslagen
  2026-03-15: al in cache, overgeslagen
  2026-03-16: al in cache, overgeslagen
  2026-03-17: al in cache, overgeslagen
  2026-03-18: al in cache, overgeslagen
  2026-03-19: al in cache, overgeslagen
  2026-03-20: al in cache, overgeslagen
  2026-03-21: al in cache, overgeslagen
  2026-03-22: al in cache, overgeslagen
  2026-03-23: al in cache, overgeslagen

toplijst.json bijgewerkt (83 dagen)
Kaarten maken voor 2026-03-15...
  → klaar voor 2026-03-15
Kaarten maken voor 2026-03-16...
  → klaar voor 2026-03-16
Kaarten maken voor 2026-03-17...
  → klaar voor 2026-03-17
Kaarten maken voor 2026-03-18...
  → klaar voor 2026-03-18
Kaarten maken voor 2026-03-19...
  → klaar voor 2026-03-19
Kaarten maken voor 2026-03-20...
  → klaar voor 2026-03-20
Kaarten maken voor 2026-03-21...
  → klaar voor 2026-03-21
Kaarten maken voor 2026-03-22...
  → klaar voor 2026-03-22
Kaarten maken voor 2026-03-23...
  → klaar voor 2026-03-23
Kaarten maken voor 2026-03-24...
  → klaar voor 2026-03-24
Alle waarnemingskaarten klaar!
index.json: 285 kaarten
ok: /Users/aldus/Desktop/KNMI_Project/weerkaarten 2/p13_records.html
Grootte: 17295 chars
Pluim: De Bilt...
  Opgeslagen: kaart_pluim_lijnen_de_bilt.png
Pluim: Rotterdam...
  Opgeslagen: kaart_pluim_lijnen_rotterdam.png
Pluim: Barendrecht...
  Opgeslagen: kaart_pluim_lijnen_barendrecht.png
Pluim: Maastricht...
  Opgeslagen: kaart_pluim_lijnen_maastricht.png
Pluim: Eelde...
  Opgeslagen: kaart_pluim_lijnen_eelde.png
Pluim: Vlissingen...
  Opgeslagen: kaart_pluim_lijnen_vlissingen.png
Pluim: Enschede...
  Opgeslagen: kaart_pluim_lijnen_enschede.png

Klaar!

Pluim: De Bilt...
  Opgeslagen: kaart_pluim_compleet_de_bilt.png

Pluim: Rotterdam...
  Opgeslagen: kaart_pluim_compleet_rotterdam.png

Pluim: Barendrecht...
  Opgeslagen: kaart_pluim_compleet_barendrecht.png

Pluim: Vlissingen...
  Opgeslagen: kaart_pluim_compleet_vlissingen.png

Pluim: Eelde...
  Opgeslagen: kaart_pluim_compleet_eelde.png

Pluim: Maastricht...
  Opgeslagen: kaart_pluim_compleet_maastricht.png

Klaar!

Multimodel neerslag: De Bilt...
  ECMWF ENS...
    51 leden × 384 stappen
  ICON-EPS...
    40 leden × 168 stappen
  GFS ENS...
    31 leden × 384 stappen
  Opgeslagen: kaart_pluim_multi_neerslag_de_bilt.png

Multimodel neerslag: Rotterdam...
  ECMWF ENS...
    51 leden × 384 stappen
  ICON-EPS...
    40 leden × 168 stappen
  GFS ENS...
    31 leden × 384 stappen
  Opgeslagen: kaart_pluim_multi_neerslag_rotterdam.png

Multimodel neerslag: Barendrecht...
  ECMWF ENS...
    51 leden × 384 stappen
  ICON-EPS...
    40 leden × 168 stappen
  GFS ENS...
    31 leden × 384 stappen
  Opgeslagen: kaart_pluim_multi_neerslag_barendrecht.png

Multimodel neerslag: Vlissingen...
  ECMWF ENS...
    51 leden × 384 stappen
  ICON-EPS...
    40 leden × 168 stappen
  GFS ENS...
    31 leden × 384 stappen
  Opgeslagen: kaart_pluim_multi_neerslag_vlissingen.png

Multimodel neerslag: Eelde...
  ECMWF ENS...
    51 leden × 384 stappen
  ICON-EPS...
    40 leden × 168 stappen
  GFS ENS...
    31 leden × 384 stappen
  Opgeslagen: kaart_pluim_multi_neerslag_eelde.png

Multimodel neerslag: Maastricht...
  ECMWF ENS...
    51 leden × 384 stappen
  ICON-EPS...
    40 leden × 168 stappen
  GFS ENS...
    31 leden × 384 stappen
  Opgeslagen: kaart_pluim_multi_neerslag_maastricht.png

Klaar!

Multimodel pluim: De Bilt...
  ECMWF ENS...
    51 leden × 384 stappen
  ICON-EPS...
    40 leden × 168 stappen
  GFS ENS...
    31 leden × 384 stappen
  Opgeslagen: kaart_pluim_multi_de_bilt.png

Multimodel pluim: Rotterdam...
  ECMWF ENS...
    51 leden × 384 stappen
  ICON-EPS...
    40 leden × 168 stappen
  GFS ENS...
    31 leden × 384 stappen
  Opgeslagen: kaart_pluim_multi_rotterdam.png

Multimodel pluim: Barendrecht...
  ECMWF ENS...
    51 leden × 384 stappen
  ICON-EPS...
    40 leden × 168 stappen
  GFS ENS...
    31 leden × 384 stappen
  Opgeslagen: kaart_pluim_multi_barendrecht.png

Multimodel pluim: Vlissingen...
  ECMWF ENS...
    51 leden × 384 stappen
  ICON-EPS...
    40 leden × 168 stappen
  GFS ENS...
    31 leden × 384 stappen
  Opgeslagen: kaart_pluim_multi_vlissingen.png

Multimodel pluim: Eelde...
  ECMWF ENS...
    51 leden × 384 stappen
  ICON-EPS...
    40 leden × 168 stappen
  GFS ENS...
    31 leden × 384 stappen
  Opgeslagen: kaart_pluim_multi_eelde.png

Multimodel pluim: Maastricht...
  ECMWF ENS...
    51 leden × 384 stappen
  ICON-EPS...
    40 leden × 168 stappen
  GFS ENS...
    31 leden × 384 stappen
  Opgeslagen: kaart_pluim_multi_maastricht.png

Klaar!

Multimodel wind: De Bilt...
  ECMWF ENS...
    51 leden × 384 stappen
  ICON-EPS...
    40 leden × 168 stappen
  GFS ENS...
    31 leden × 384 stappen
  Opgeslagen: kaart_pluim_multi_wind_de_bilt.png

Multimodel wind: Rotterdam...
  ECMWF ENS...
    51 leden × 384 stappen
  ICON-EPS...
    40 leden × 168 stappen
  GFS ENS...
    31 leden × 384 stappen
  Opgeslagen: kaart_pluim_multi_wind_rotterdam.png

Multimodel wind: Barendrecht...
  ECMWF ENS...
    51 leden × 384 stappen
  ICON-EPS...
    40 leden × 168 stappen
  GFS ENS...
    31 leden × 384 stappen
  Opgeslagen: kaart_pluim_multi_wind_barendrecht.png

Multimodel wind: Vlissingen...
  ECMWF ENS...
    51 leden × 384 stappen
  ICON-EPS...
    40 leden × 168 stappen
  GFS ENS...
    31 leden × 384 stappen
  Opgeslagen: kaart_pluim_multi_wind_vlissingen.png

Multimodel wind: Eelde...
  ECMWF ENS...
    51 leden × 384 stappen
  ICON-EPS...
    40 leden × 168 stappen
  GFS ENS...
    31 leden × 384 stappen
  Opgeslagen: kaart_pluim_multi_wind_eelde.png

Multimodel wind: Maastricht...
  ECMWF ENS...
    51 leden × 384 stappen
  ICON-EPS...
    40 leden × 168 stappen
  GFS ENS...
    31 leden × 384 stappen
  Opgeslagen: kaart_pluim_multi_wind_maastricht.png

Klaar!
[main bb5fb5a7] Kaarten update 2026-03-24 09:36
 323 files changed, 2759 insertions(+), 12 deletions(-)
 create mode 100644 kaart_gevoels_maandag_30mar2026.png
 create mode 100644 kaart_onweer_maandag_30mar2026.png
 create mode 100644 kaart_regen_maandag_30mar2026.png
 delete mode 100644 kaart_synop_20260324_0629.png
 delete mode 100644 kaart_synop_20260324_0639.png
 delete mode 100644 kaart_synop_20260324_0649.png
 delete mode 100644 kaart_synop_20260324_0700.png
 delete mode 100644 kaart_synop_20260324_0710.png
 delete mode 100644 kaart_synop_20260324_0720.png
 delete mode 100644 kaart_synop_20260324_0740.png
 create mode 100644 kaart_zon_maandag_30mar2026.png
=== Upload klaar ===
=== Ed Aldus WM — upload Tue Mar 24 15:30:05 CET 2026 ===
Waarschuwingen opgeslagen: YELLOW (24 Mar 2026 15:30)
=== KNMI Guidance === 2026-03-24 15:30
  Ophalen: kort...
  Klaar: 4751 tekens
  Ophalen: lang...
  Klaar: 2820 tekens
Opgeslagen: guidance.json
Basiskaart aanmaken...
kaart_basis_nl.png aangemaakt
MOSMIX ophalen (temperatuur Nederland TX/TN)...
  Eelde (06280)...
  Terschelling (06250)...
  Vlieland (06242)...
  Leeuwarden (06270)...
  Den Helder (06235)...
  Amsterdam (06240)...
  De Bilt (06260)...
  Deelen (06275)...
  Hoogeveen (06279)...
  Enschede (06290)...
  Vlissingen (06310)...
  Hoek van Holland (06330)...
  Rotterdam Airport (06344)...
  Gilze Rijen (06350)...
  Eindhoven (06370)...
  Maastricht (06380)...
  Gent (06431)...
  Antwerpen (06450)...
  Kleve (K1176)...
  Brussel (06451)...
  Kleine Brogel (06479)...
  Dollart (E207)...
  Wielen (P0122)...
  Weeze (10405)...
  Valkenburg (06210)...
  Volkel (06375)...
  Bocholt (10406)...
  Nettetal (H512)...
  IJsselmeer (E5305)...
  Borkum (K1083)...
  Geilenkirchen (10500)...
Data voor 7 dagen
Kaart: kaart_temp_dinsdag_24mar2026.png
Kaart: kaart_temp_woensdag_25mar2026.png
Kaart: kaart_temp_donderdag_26mar2026.png
Kaart: kaart_temp_vrijdag_27mar2026.png
Kaart: kaart_temp_zaterdag_28mar2026.png
Kaart: kaart_temp_zondag_29mar2026.png
Kaart: kaart_temp_maandag_30mar2026.png
  Verwijderd: kaart_temp_dag_dinsdag_24mar2026.png
  Verwijderd: kaart_temp_dag_woensdag_25mar2026.png
  Verwijderd: kaart_temp_dag_donderdag_26mar2026.png
  Verwijderd: kaart_temp_dag_vrijdag_27mar2026.png
  Verwijderd: kaart_temp_dag_zaterdag_28mar2026.png
  Verwijderd: kaart_temp_dag_zondag_29mar2026.png
  Verwijderd: kaart_temp_dag_maandag_30mar2026.png
  Verwijderd: kaart_temp_nacht_maandag_23mar2026.png
  Verwijderd: kaart_temp_nacht_dinsdag_24mar2026.png
  Verwijderd: kaart_temp_nacht_woensdag_25mar2026.png
  Verwijderd: kaart_temp_nacht_donderdag_26mar2026.png
  Verwijderd: kaart_temp_nacht_vrijdag_27mar2026.png
  Verwijderd: kaart_temp_nacht_zaterdag_28mar2026.png
  Verwijderd: kaart_temp_nacht_zondag_29mar2026.png
MOSMIX ophalen (max temp dag 06-18u)...
Ophalen: Eelde (06280)...
Ophalen: Terschelling (06250)...
Ophalen: Vlieland (06242)...
Ophalen: Leeuwarden (06270)...
Ophalen: Den Helder (06235)...
Ophalen: Amsterdam (06240)...
Ophalen: De Bilt (06260)...
Ophalen: Deelen (06275)...
Ophalen: Hoogeveen (06279)...
Ophalen: Enschede (06290)...
Ophalen: Vlissingen (06310)...
Ophalen: Hoek van Holland (06330)...
Ophalen: Rotterdam Airport (06344)...
Ophalen: Gilze Rijen (06350)...
Ophalen: Eindhoven (06370)...
Ophalen: Maastricht (06380)...
Ophalen: Gent (06431)...
Ophalen: Antwerpen (06450)...
Ophalen: Kleve (K1176)...
Ophalen: Brussel (06451)...
Ophalen: Kleine Brogel (06479)...
Ophalen: Dollart (E207)...
Ophalen: Wielen (P0122)...
Ophalen: Weeze (10405)...
Ophalen: Valkenburg (06210)...
Ophalen: Volkel (06375)...
Ophalen: Bocholt (10406)...
Ophalen: Nettetal (H512)...
Ophalen: IJsselmeer (E5305)...
Ophalen: Borkum (K1083)...
Ophalen: Geilenkirchen (10500)...
Data voor 7 dagen
Kaart: kaart_temp_dag_dinsdag_24mar2026.png
Kaart: kaart_temp_dag_woensdag_25mar2026.png
Kaart: kaart_temp_dag_donderdag_26mar2026.png
Kaart: kaart_temp_dag_vrijdag_27mar2026.png
Kaart: kaart_temp_dag_zaterdag_28mar2026.png
Kaart: kaart_temp_dag_zondag_29mar2026.png
Kaart: kaart_temp_dag_maandag_30mar2026.png
MOSMIX ophalen (min temp nacht 18-06u)...
Ophalen: Eelde (06280)...
Ophalen: Terschelling (06250)...
Ophalen: Vlieland (06242)...
Ophalen: Leeuwarden (06270)...
Ophalen: Den Helder (06235)...
Ophalen: Amsterdam (06240)...
Ophalen: De Bilt (06260)...
Ophalen: Deelen (06275)...
Ophalen: Hoogeveen (06279)...
Ophalen: Enschede (06290)...
Ophalen: Vlissingen (06310)...
Ophalen: Hoek van Holland (06330)...
Ophalen: Rotterdam Airport (06344)...
Ophalen: Gilze Rijen (06350)...
Ophalen: Eindhoven (06370)...
Ophalen: Maastricht (06380)...
Ophalen: Gent (06431)...
Ophalen: Antwerpen (06450)...
Ophalen: Kleve (K1176)...
Ophalen: Brussel (06451)...
Ophalen: Kleine Brogel (06479)...
Ophalen: Dollart (E207)...
Ophalen: Wielen (P0122)...
Ophalen: Weeze (10405)...
Ophalen: Valkenburg (06210)...
Ophalen: Volkel (06375)...
Ophalen: Bocholt (10406)...
Ophalen: Nettetal (H512)...
Ophalen: IJsselmeer (E5305)...
Ophalen: Borkum (K1083)...
Ophalen: Geilenkirchen (10500)...
Data voor 7 dagen
Kaart: kaart_temp_nacht_dinsdag_24mar2026.png
Kaart: kaart_temp_nacht_woensdag_25mar2026.png
Kaart: kaart_temp_nacht_donderdag_26mar2026.png
Kaart: kaart_temp_nacht_vrijdag_27mar2026.png
Kaart: kaart_temp_nacht_zaterdag_28mar2026.png
Kaart: kaart_temp_nacht_zondag_29mar2026.png
Kaart: kaart_temp_nacht_maandag_30mar2026.png
MOSMIX ophalen (zon/bewolking)...
Ophalen: Eelde (06280)...
Ophalen: Terschelling (06250)...
Ophalen: Vlieland (06242)...
Ophalen: Leeuwarden (06270)...
Ophalen: Den Helder (06235)...
Ophalen: Amsterdam (06240)...
Ophalen: De Bilt (06260)...
Ophalen: Deelen (06275)...
Ophalen: Hoogeveen (06279)...
Ophalen: Enschede (06290)...
Ophalen: Hoek van Holland (06330)...
Ophalen: Rotterdam Airport (06344)...
Ophalen: Gilze Rijen (06350)...
Ophalen: Eindhoven (06370)...
Ophalen: Maastricht (06380)...
Ophalen: Kleve (K1176)...
Ophalen: Kleine Brogel (06479)...
Ophalen: Dollart (E207)...
Ophalen: Wielen (P0122)...
Ophalen: Weeze (10405)...
Ophalen: Valkenburg (06210)...
Ophalen: Volkel (06375)...
Ophalen: Bocholt (10406)...
Ophalen: Nettetal (H512)...
Ophalen: IJsselmeer (E5305)...
Ophalen: Borkum (K1083)...
Ophalen: Geilenkirchen (10500)...
Data voor 7 dagen
Kaart: kaart_zon_dinsdag_24mar2026.png
Kaart: kaart_zon_woensdag_25mar2026.png
Kaart: kaart_zon_donderdag_26mar2026.png
Kaart: kaart_zon_vrijdag_27mar2026.png
Kaart: kaart_zon_zaterdag_28mar2026.png
Kaart: kaart_zon_zondag_29mar2026.png
Kaart: kaart_zon_maandag_30mar2026.png
MOSMIX ophalen (wind dag 06-18u)...
Ophalen: Eelde (06280)...
Ophalen: Terschelling (06250)...
Ophalen: Vlieland (06242)...
Ophalen: Leeuwarden (06270)...
Ophalen: Den Helder (06235)...
Ophalen: Amsterdam (06240)...
Ophalen: De Bilt (06260)...
Ophalen: Deelen (06275)...
Ophalen: Hoogeveen (06279)...
Ophalen: Enschede (06290)...
Ophalen: Vlissingen (06310)...
Ophalen: Hoek van Holland (06330)...
Ophalen: Rotterdam Airport (06344)...
Ophalen: Gilze Rijen (06350)...
Ophalen: Eindhoven (06370)...
Ophalen: Maastricht (06380)...
Ophalen: Gent (06431)...
Ophalen: Antwerpen (06450)...
Ophalen: Kleve (K1176)...
Ophalen: Brussel (06451)...
Ophalen: Kleine Brogel (06479)...
Ophalen: Dollart (E207)...
Ophalen: Wielen (P0122)...
Ophalen: Weeze (10405)...
Ophalen: Valkenburg (06210)...
Ophalen: Volkel (06375)...
Ophalen: Bocholt (10406)...
Ophalen: Nettetal (H512)...
Ophalen: IJsselmeer (E5305)...
Ophalen: Borkum (K1083)...
Ophalen: Geilenkirchen (10500)...
Data voor 7 dagen
Kaart: kaart_wind_dinsdag_24mar2026.png
Kaart: kaart_wind_woensdag_25mar2026.png
Kaart: kaart_wind_donderdag_26mar2026.png
Kaart: kaart_wind_vrijdag_27mar2026.png
Kaart: kaart_wind_zaterdag_28mar2026.png
Kaart: kaart_wind_zondag_29mar2026.png
Kaart: kaart_wind_maandag_30mar2026.png
  Verwijderd: kaart_wind_noordzee_dinsdag_24mar2026.png
  Verwijderd: kaart_wind_noordzee_woensdag_25mar2026.png
  Verwijderd: kaart_wind_noordzee_donderdag_26mar2026.png
  Verwijderd: kaart_wind_noordzee_vrijdag_27mar2026.png
  Verwijderd: kaart_wind_noordzee_zaterdag_28mar2026.png
  Verwijderd: kaart_wind_noordzee_zondag_29mar2026.png
  Verwijderd: kaart_wind_noordzee_maandag_30mar2026.png
MOSMIX ophalen (wind nacht 18-06u)...
Ophalen: Eelde (06280)...
Ophalen: Terschelling (06250)...
Ophalen: Vlieland (06242)...
Ophalen: Leeuwarden (06270)...
Ophalen: Den Helder (06235)...
Ophalen: Amsterdam (06240)...
Ophalen: De Bilt (06260)...
Ophalen: Deelen (06275)...
Ophalen: Hoogeveen (06279)...
Ophalen: Enschede (06290)...
Ophalen: Vlissingen (06310)...
Ophalen: Hoek van Holland (06330)...
Ophalen: Rotterdam Airport (06344)...
Ophalen: Gilze Rijen (06350)...
Ophalen: Eindhoven (06370)...
Ophalen: Maastricht (06380)...
Ophalen: Gent (06431)...
Ophalen: Antwerpen (06450)...
Ophalen: Kleve (K1176)...
Ophalen: Brussel (06451)...
Ophalen: Kleine Brogel (06479)...
Ophalen: Dollart (E207)...
Ophalen: Wielen (P0122)...
Ophalen: Weeze (10405)...
Ophalen: Valkenburg (06210)...
Ophalen: Volkel (06375)...
Ophalen: Bocholt (10406)...
Ophalen: Nettetal (H512)...
Ophalen: IJsselmeer (E5305)...
Ophalen: Borkum (K1083)...
Ophalen: Geilenkirchen (10500)...
Data voor 7 dagen
Kaart: kaart_wind_nacht_dinsdag_24mar2026.png
Kaart: kaart_wind_nacht_woensdag_25mar2026.png
Kaart: kaart_wind_nacht_donderdag_26mar2026.png
Kaart: kaart_wind_nacht_vrijdag_27mar2026.png
Kaart: kaart_wind_nacht_zaterdag_28mar2026.png
Kaart: kaart_wind_nacht_zondag_29mar2026.png
Kaart: kaart_wind_nacht_maandag_30mar2026.png
  Verwijderd: kaart_wind_nacht_dinsdag_24mar2026.png
  Verwijderd: kaart_wind_nacht_donderdag_26mar2026.png
  Verwijderd: kaart_wind_nacht_maandag_23mar2026.png
MOSMIX ophalen (mist/zichtbaarheid)...
Ophalen: Eelde (06280)...
Ophalen: Terschelling (06250)...
Ophalen: Vlieland (06242)...
Ophalen: Leeuwarden (06270)...
Ophalen: Den Helder (06235)...
Ophalen: Amsterdam (06240)...
Ophalen: De Bilt (06260)...
Ophalen: Deelen (06275)...
Ophalen: Hoogeveen (06279)...
Ophalen: Enschede (06290)...
Ophalen: Vlissingen (06310)...
Ophalen: Hoek van Holland (06330)...
Ophalen: Rotterdam Airport (06344)...
Ophalen: Gilze Rijen (06350)...
Ophalen: Eindhoven (06370)...
Ophalen: Maastricht (06380)...
Ophalen: Gent (06431)...
Ophalen: Antwerpen (06450)...
Ophalen: Kleve (K1176)...
Ophalen: Brussel (06451)...
Ophalen: Kleine Brogel (06479)...
Ophalen: Dollart (E207)...
Ophalen: Wielen (P0122)...
Ophalen: Weeze (10405)...
Ophalen: Valkenburg (06210)...
Ophalen: Volkel (06375)...
Ophalen: Bocholt (10406)...
Ophalen: Nettetal (H512)...
Ophalen: IJsselmeer (E5305)...
Ophalen: Borkum (K1083)...
Ophalen: Geilenkirchen (10500)...
Data voor 7 dagen
Kaart: kaart_mist_dinsdag_24mar2026.png
Kaart: kaart_mist_woensdag_25mar2026.png
Kaart: kaart_mist_donderdag_26mar2026.png
Kaart: kaart_mist_vrijdag_27mar2026.png
Kaart: kaart_mist_zaterdag_28mar2026.png
Kaart: kaart_mist_zondag_29mar2026.png
Kaart: kaart_mist_maandag_30mar2026.png
MOSMIX ophalen (T5cm grastemperatuur)...
Ophalen: Eelde (06280)...
Ophalen: Terschelling (06250)...
Ophalen: Vlieland (06242)...
Ophalen: Leeuwarden (06270)...
Ophalen: Den Helder (06235)...
Ophalen: Amsterdam (06240)...
Ophalen: De Bilt (06260)...
Ophalen: Deelen (06275)...
Ophalen: Hoogeveen (06279)...
Ophalen: Enschede (06290)...
Ophalen: Vlissingen (06310)...
Ophalen: Hoek van Holland (06330)...
Ophalen: Rotterdam Airport (06344)...
Ophalen: Gilze Rijen (06350)...
Ophalen: Eindhoven (06370)...
Ophalen: Maastricht (06380)...
Ophalen: Gent (06431)...
Ophalen: Antwerpen (06450)...
Ophalen: Kleve (K1176)...
Ophalen: Brussel (06451)...
Ophalen: Kleine Brogel (06479)...
Ophalen: Dollart (E207)...
Ophalen: Wielen (P0122)...
Ophalen: Weeze (10405)...
Ophalen: Valkenburg (06210)...
Ophalen: Volkel (06375)...
Ophalen: Bocholt (10406)...
Ophalen: Nettetal (H512)...
Ophalen: IJsselmeer (E5305)...
Ophalen: Borkum (K1083)...
Ophalen: Geilenkirchen (10500)...
Data voor 7 dagen
Kaart: kaart_t5cm_dinsdag_24mar2026.png
Kaart: kaart_t5cm_woensdag_25mar2026.png
Kaart: kaart_t5cm_donderdag_26mar2026.png
Kaart: kaart_t5cm_vrijdag_27mar2026.png
Kaart: kaart_t5cm_zaterdag_28mar2026.png
Kaart: kaart_t5cm_zondag_29mar2026.png
Kaart: kaart_t5cm_maandag_30mar2026.png
MOSMIX ophalen (dauwpunt Td2)...
Ophalen: Eelde (06280)...
Ophalen: Terschelling (06250)...
Ophalen: Vlieland (06242)...
Ophalen: Leeuwarden (06270)...
Ophalen: Den Helder (06235)...
Ophalen: Amsterdam (06240)...
Ophalen: De Bilt (06260)...
Ophalen: Deelen (06275)...
Ophalen: Hoogeveen (06279)...
Ophalen: Enschede (06290)...
Ophalen: Vlissingen (06310)...
Ophalen: Hoek van Holland (06330)...
Ophalen: Rotterdam Airport (06344)...
Ophalen: Gilze Rijen (06350)...
Ophalen: Eindhoven (06370)...
Ophalen: Maastricht (06380)...
Ophalen: Gent (06431)...
Ophalen: Antwerpen (06450)...
Ophalen: Kleve (K1176)...
Ophalen: Brussel (06451)...
Ophalen: Kleine Brogel (06479)...
Ophalen: Dollart (E207)...
Ophalen: Wielen (P0122)...
Ophalen: Weeze (10405)...
Ophalen: Valkenburg (06210)...
Ophalen: Volkel (06375)...
Ophalen: Bocholt (10406)...
Ophalen: Nettetal (H512)...
Ophalen: IJsselmeer (E5305)...
Ophalen: Borkum (K1083)...
Ophalen: Geilenkirchen (10500)...
Data voor 7 dagen
Kaart: kaart_dauwpunt_dinsdag_24mar2026.png
Kaart: kaart_dauwpunt_woensdag_25mar2026.png
Kaart: kaart_dauwpunt_donderdag_26mar2026.png
Kaart: kaart_dauwpunt_vrijdag_27mar2026.png
Kaart: kaart_dauwpunt_zaterdag_28mar2026.png
Kaart: kaart_dauwpunt_zondag_29mar2026.png
Kaart: kaart_dauwpunt_maandag_30mar2026.png
MOSMIX ophalen (gevoelstemperatuur berekend via TTT+FF)...
Ophalen: Eelde (06280)...
Ophalen: Terschelling (06250)...
Ophalen: Vlieland (06242)...
Ophalen: Leeuwarden (06270)...
Ophalen: Den Helder (06235)...
Ophalen: Amsterdam (06240)...
Ophalen: De Bilt (06260)...
Ophalen: Deelen (06275)...
Ophalen: Hoogeveen (06279)...
Ophalen: Enschede (06290)...
Ophalen: Vlissingen (06310)...
Ophalen: Hoek van Holland (06330)...
Ophalen: Rotterdam Airport (06344)...
Ophalen: Gilze Rijen (06350)...
Ophalen: Eindhoven (06370)...
Ophalen: Maastricht (06380)...
Ophalen: Gent (06431)...
Ophalen: Antwerpen (06450)...
Ophalen: Kleve (K1176)...
Ophalen: Brussel (06451)...
Ophalen: Kleine Brogel (06479)...
Ophalen: Dollart (E207)...
Ophalen: Wielen (P0122)...
Ophalen: Weeze (10405)...
Ophalen: Valkenburg (06210)...
Ophalen: Volkel (06375)...
Ophalen: Bocholt (10406)...
Ophalen: Nettetal (H512)...
Ophalen: IJsselmeer (E5305)...
Ophalen: Borkum (K1083)...
Ophalen: Geilenkirchen (10500)...
Data voor 7 dagen
Kaart: kaart_gevoels_dinsdag_24mar2026.png
Kaart: kaart_gevoels_woensdag_25mar2026.png
Kaart: kaart_gevoels_donderdag_26mar2026.png
Kaart: kaart_gevoels_vrijdag_27mar2026.png
Kaart: kaart_gevoels_zaterdag_28mar2026.png
Kaart: kaart_gevoels_zondag_29mar2026.png
Kaart: kaart_gevoels_maandag_30mar2026.png
MOSMIX ophalen (neerslag)...
Ophalen: Eelde (06280)...
Ophalen: Terschelling (06250)...
Ophalen: Vlieland (06242)...
Ophalen: Leeuwarden (06270)...
Ophalen: Den Helder (06235)...
Ophalen: Amsterdam (06240)...
Ophalen: De Bilt (06260)...
Ophalen: Deelen (06275)...
Ophalen: Hoogeveen (06279)...
Ophalen: Enschede (06290)...
Ophalen: Vlissingen (06310)...
Ophalen: Hoek van Holland (06330)...
Ophalen: Rotterdam Airport (06344)...
Ophalen: Gilze Rijen (06350)...
Ophalen: Eindhoven (06370)...
Ophalen: Maastricht (06380)...
Ophalen: Gent (06431)...
Ophalen: Antwerpen (06450)...
Ophalen: Kleve (K1176)...
Ophalen: Brussel (06451)...
Ophalen: Kleine Brogel (06479)...
Ophalen: Dollart (E207)...
Ophalen: Wielen (P0122)...
Ophalen: Weeze (10405)...
Ophalen: Valkenburg (06210)...
Ophalen: Volkel (06375)...
Ophalen: Bocholt (10406)...
Ophalen: Nettetal (H512)...
Ophalen: IJsselmeer (E5305)...
Ophalen: Borkum (K1083)...
Ophalen: Geilenkirchen (10500)...
Data voor 7 dagen
Kaart: kaart_regen_dinsdag_24mar2026.png
Kaart: kaart_regen_woensdag_25mar2026.png
Kaart: kaart_regen_donderdag_26mar2026.png
Kaart: kaart_regen_vrijdag_27mar2026.png
Kaart: kaart_regen_zaterdag_28mar2026.png
Kaart: kaart_regen_zondag_29mar2026.png
Kaart: kaart_regen_maandag_30mar2026.png
MOSMIX ophalen (onweer: wwT, wwTd, CAPE, CIN)...
Ophalen: Eelde (06280)...
Ophalen: Terschelling (06250)...
Ophalen: Vlieland (06242)...
Ophalen: Leeuwarden (06270)...
Ophalen: Den Helder (06235)...
Ophalen: Amsterdam (06240)...
Ophalen: De Bilt (06260)...
Ophalen: Deelen (06275)...
Ophalen: Hoogeveen (06279)...
Ophalen: Enschede (06290)...
Ophalen: Vlissingen (06310)...
Ophalen: Hoek van Holland (06330)...
Ophalen: Rotterdam Airport (06344)...
Ophalen: Gilze Rijen (06350)...
Ophalen: Eindhoven (06370)...
Ophalen: Maastricht (06380)...
Ophalen: Gent (06431)...
Ophalen: Antwerpen (06450)...
Ophalen: Kleve (K1176)...
Ophalen: Brussel (06451)...
Ophalen: Kleine Brogel (06479)...
Ophalen: Dollart (E207)...
Ophalen: Wielen (P0122)...
Ophalen: Weeze (10405)...
Ophalen: Valkenburg (06210)...
Ophalen: Volkel (06375)...
Ophalen: Bocholt (10406)...
Ophalen: Nettetal (H512)...
Ophalen: IJsselmeer (E5305)...
Ophalen: Borkum (K1083)...
Ophalen: Geilenkirchen (10500)...
Data voor 7 dagen
Kaart: kaart_onweer_dinsdag_24mar2026.png
Kaart: kaart_onweer_woensdag_25mar2026.png
Kaart: kaart_onweer_donderdag_26mar2026.png
Kaart: kaart_onweer_vrijdag_27mar2026.png
Kaart: kaart_onweer_zaterdag_28mar2026.png
Kaart: kaart_onweer_zondag_29mar2026.png
Kaart: kaart_onweer_maandag_30mar2026.png

Bewolkingskaart voor Wo 25 mrt...
  Eelde...
  Terschelling...
  Vlieland...
  Leeuwarden...
  Den Helder...
  Amsterdam...
  De Bilt...
  Deelen...
  Hoogeveen...
  Enschede...
  Vlissingen...
  Hoek van Holland...
  Rotterdam Airport...
  Gilze Rijen...
  Eindhoven...
  Maastricht...
  Gent...
  Antwerpen...
  Kleve...
  Brussel...
  Kleine Brogel...
  Dollart...
  Wielen...
  Weeze...
  Valkenburg...
  Volkel...
  Bocholt...
  Nettetal...
  IJsselmeer...
  Borkum...
  Geilenkirchen...
  Data voor 31 stations
Kaart opgeslagen: kaart_bewolking_2026-03-25.png

Bewolkingskaart voor Do 26 mrt...
  Eelde...
  Terschelling...
  Vlieland...
  Leeuwarden...
  Den Helder...
  Amsterdam...
  De Bilt...
  Deelen...
  Hoogeveen...
  Enschede...
  Vlissingen...
  Hoek van Holland...
  Rotterdam Airport...
  Gilze Rijen...
  Eindhoven...
  Maastricht...
  Gent...
  Antwerpen...
  Kleve...
  Brussel...
  Kleine Brogel...
  Dollart...
  Wielen...
  Weeze...
  Valkenburg...
  Volkel...
  Bocholt...
  Nettetal...
  IJsselmeer...
  Borkum...
  Geilenkirchen...
  Data voor 31 stations
Kaart opgeslagen: kaart_bewolking_2026-03-26.png

Bewolkingskaart voor Vr 27 mrt...
  Eelde...
  Terschelling...
  Vlieland...
  Leeuwarden...
  Den Helder...
  Amsterdam...
  De Bilt...
  Deelen...
  Hoogeveen...
  Enschede...
  Vlissingen...
  Hoek van Holland...
  Rotterdam Airport...
  Gilze Rijen...
  Eindhoven...
  Maastricht...
  Gent...
  Antwerpen...
  Kleve...
  Brussel...
  Kleine Brogel...
  Dollart...
  Wielen...
  Weeze...
  Valkenburg...
  Volkel...
  Bocholt...
  Nettetal...
  IJsselmeer...
  Borkum...
  Geilenkirchen...
  Data voor 31 stations
Kaart opgeslagen: kaart_bewolking_2026-03-27.png

Bewolkingskaart voor Za 28 mrt...
  Eelde...
  Terschelling...
  Vlieland...
  Leeuwarden...
  Den Helder...
  Amsterdam...
  De Bilt...
  Deelen...
  Hoogeveen...
  Enschede...
  Vlissingen...
  Hoek van Holland...
  Rotterdam Airport...
  Gilze Rijen...
  Eindhoven...
  Maastricht...
  Gent...
  Antwerpen...
  Kleve...
  Brussel...
  Kleine Brogel...
  Dollart...
  Wielen...
  Weeze...
  Valkenburg...
  Volkel...
  Bocholt...
  Nettetal...
  IJsselmeer...
  Borkum...
  Geilenkirchen...
  Data voor 31 stations
Kaart opgeslagen: kaart_bewolking_2026-03-28.png

Bewolkingskaart voor Zo 29 mrt...
  Eelde...
  Terschelling...
  Vlieland...
  Leeuwarden...
  Den Helder...
  Amsterdam...
  De Bilt...
  Deelen...
  Hoogeveen...
  Enschede...
  Vlissingen...
  Hoek van Holland...
  Rotterdam Airport...
  Gilze Rijen...
  Eindhoven...
  Maastricht...
  Gent...
  Antwerpen...
  Kleve...
  Brussel...
  Kleine Brogel...
  Dollart...
  Wielen...
  Weeze...
  Valkenburg...
  Volkel...
  Bocholt...
  Nettetal...
  IJsselmeer...
  Borkum...
  Geilenkirchen...
  Data voor 31 stations
Kaart opgeslagen: kaart_bewolking_2026-03-29.png

Bewolkingskaart voor Ma 30 mrt...
  Eelde...
  Terschelling...
  Vlieland...
  Leeuwarden...
  Den Helder...
  Amsterdam...
  De Bilt...
  Deelen...
  Hoogeveen...
  Enschede...
  Vlissingen...
  Hoek van Holland...
  Rotterdam Airport...
  Gilze Rijen...
  Eindhoven...
  Maastricht...
  Gent...
  Antwerpen...
  Kleve...
  Brussel...
  Kleine Brogel...
  Dollart...
  Wielen...
  Weeze...
  Valkenburg...
  Volkel...
  Bocholt...
  Nettetal...
  IJsselmeer...
  Borkum...
  Geilenkirchen...
  Data voor 31 stations
Kaart opgeslagen: kaart_bewolking_2026-03-30.png

Bewolkingskaart voor Di 31 mrt...
  Eelde...
  Terschelling...
  Vlieland...
  Leeuwarden...
  Den Helder...
  Amsterdam...
  De Bilt...
  Deelen...
  Hoogeveen...
  Enschede...
  Vlissingen...
  Hoek van Holland...
  Rotterdam Airport...
  Gilze Rijen...
  Eindhoven...
  Maastricht...
  Gent...
  Antwerpen...
  Kleve...
  Brussel...
  Kleine Brogel...
  Dollart...
  Wielen...
  Weeze...
  Valkenburg...
  Volkel...
  Bocholt...
  Nettetal...
  IJsselmeer...
  Borkum...
  Geilenkirchen...
  Data voor 31 stations
Kaart opgeslagen: kaart_bewolking_2026-03-31.png

Bewolkingskaart voor Wo 1 apr...
  Eelde...
  Terschelling...
  Vlieland...
  Leeuwarden...
  Den Helder...
  Amsterdam...
  De Bilt...
  Deelen...
  Hoogeveen...
  Enschede...
  Vlissingen...
  Hoek van Holland...
  Rotterdam Airport...
  Gilze Rijen...
  Eindhoven...
  Maastricht...
  Gent...
  Antwerpen...
  Kleve...
  Brussel...
  Kleine Brogel...
  Dollart...
  Wielen...
  Weeze...
  Valkenburg...
  Volkel...
  Bocholt...
  Nettetal...
  IJsselmeer...
  Borkum...
  Geilenkirchen...
  Data voor 31 stations
Kaart opgeslagen: kaart_bewolking_2026-04-01.png

Bewolkingskaart voor Do 2 apr...
  Eelde...
  Terschelling...
  Vlieland...
  Leeuwarden...
  Den Helder...
  Amsterdam...
  De Bilt...
  Deelen...
  Hoogeveen...
  Enschede...
  Vlissingen...
  Hoek van Holland...
  Rotterdam Airport...
  Gilze Rijen...
  Eindhoven...
  Maastricht...
  Gent...
  Antwerpen...
  Kleve...
  Brussel...
  Kleine Brogel...
  Dollart...
  Wielen...
  Weeze...
  Valkenburg...
  Volkel...
  Bocholt...
  Nettetal...
  IJsselmeer...
  Borkum...
  Geilenkirchen...
  Data voor 31 stations
Kaart opgeslagen: kaart_bewolking_2026-04-02.png

Bewolkingskaart voor Vr 3 apr...
  Eelde...
  Terschelling...
  Vlieland...
  Leeuwarden...
  Den Helder...
  Amsterdam...
  De Bilt...
  Deelen...
  Hoogeveen...
  Enschede...
  Vlissingen...
  Hoek van Holland...
  Rotterdam Airport...
  Gilze Rijen...
  Eindhoven...
  Maastricht...
  Gent...
  Antwerpen...
  Kleve...
  Brussel...
  Kleine Brogel...
  Dollart...
  Wielen...
  Weeze...
  Valkenburg...
  Volkel...
  Bocholt...
  Nettetal...
  IJsselmeer...
  Borkum...
  Geilenkirchen...
  Data voor 31 stations
Kaart opgeslagen: kaart_bewolking_2026-04-03.png
MOSMIX ophalen (kans op sneeuw Nederland)...
Ophalen: Eelde (06280)...
Ophalen: Terschelling (06250)...
Ophalen: Vlieland (06242)...
Ophalen: Leeuwarden (06270)...
Ophalen: Den Helder (06235)...
Ophalen: Amsterdam (06240)...
Ophalen: De Bilt (06260)...
Ophalen: Deelen (06275)...
Ophalen: Hoogeveen (06279)...
Ophalen: Enschede (06290)...
Ophalen: Vlissingen (06310)...
Ophalen: Hoek van Holland (06330)...
Ophalen: Rotterdam Airport (06344)...
Ophalen: Gilze Rijen (06350)...
Ophalen: Eindhoven (06370)...
Ophalen: Maastricht (06380)...
Ophalen: Gent (06431)...
Ophalen: Antwerpen (06450)...
Ophalen: Kleve (K1176)...
Ophalen: Brussel (06451)...
Ophalen: Kleine Brogel (06479)...
Ophalen: Dollart (E207)...
Ophalen: Wielen (P0122)...
Ophalen: Weeze (10405)...
Ophalen: Valkenburg (06210)...
Ophalen: Volkel (06375)...
Ophalen: Bocholt (10406)...
Ophalen: Nettetal (H512)...
Ophalen: IJsselmeer (E5305)...
Ophalen: Borkum (K1083)...
Ophalen: Geilenkirchen (10500)...
Data voor 7 dagen
Kaart: kaart_sneeuw_dinsdag_24mar2026.png
Kaart: kaart_sneeuw_woensdag_25mar2026.png
Kaart: kaart_sneeuw_donderdag_26mar2026.png
Kaart: kaart_sneeuw_vrijdag_27mar2026.png
Kaart: kaart_sneeuw_zaterdag_28mar2026.png
Kaart: kaart_sneeuw_zondag_29mar2026.png
Kaart: kaart_sneeuw_maandag_30mar2026.png
MOSMIX ophalen (hagelkans Nederland)...
Ophalen: Eelde (06280)...
Ophalen: Terschelling (06250)...
Ophalen: Vlieland (06242)...
Ophalen: Leeuwarden (06270)...
Ophalen: Den Helder (06235)...
Ophalen: Amsterdam (06240)...
Ophalen: De Bilt (06260)...
Ophalen: Deelen (06275)...
Ophalen: Hoogeveen (06279)...
Ophalen: Enschede (06290)...
Ophalen: Vlissingen (06310)...
Ophalen: Hoek van Holland (06330)...
Ophalen: Rotterdam Airport (06344)...
Ophalen: Gilze Rijen (06350)...
Ophalen: Eindhoven (06370)...
Ophalen: Maastricht (06380)...
Ophalen: Gent (06431)...
Ophalen: Antwerpen (06450)...
Ophalen: Kleve (K1176)...
Ophalen: Brussel (06451)...
Ophalen: Kleine Brogel (06479)...
Ophalen: Dollart (E207)...
Ophalen: Wielen (P0122)...
Ophalen: Weeze (10405)...
Ophalen: Valkenburg (06210)...
Ophalen: Volkel (06375)...
Ophalen: Bocholt (10406)...
Ophalen: Nettetal (H512)...
Ophalen: IJsselmeer (E5305)...
Ophalen: Borkum (K1083)...
Ophalen: Geilenkirchen (10500)...
Data voor 7 dagen
Kaart: kaart_hagel_dinsdag_24mar2026.png
Kaart: kaart_hagel_woensdag_25mar2026.png
Kaart: kaart_hagel_donderdag_26mar2026.png
Kaart: kaart_hagel_vrijdag_27mar2026.png
Kaart: kaart_hagel_zaterdag_28mar2026.png
Kaart: kaart_hagel_zondag_29mar2026.png
Kaart: kaart_hagel_maandag_30mar2026.png
MOSMIX ophalen (temperatuur België)...
  Brussel (06451)...
  Gent (06431)...
  Antwerpen (06450)...
  Kleine Brogel (06479)...
  Oostende (06407)...
  Charleroi (06449)...
  Bierset (06478)...
  Spa (06490)...
  St-Hubert (06476)...
  Florennes (06456)...
  Lille (07015)...
  Heinerschied (F9600)...
  Beauvechain (06458)...
  Monschau (H908)...
  Brugge (P0155)...
  Charleville (07075)...
  Cambrai (07017)...
  Calais (P0437)...
  Saint-Quentin (07061)...
Data voor 7 dagen
Kaart: kaart_be_temp_dinsdag_24mar2026.png
Kaart: kaart_be_temp_woensdag_25mar2026.png
Kaart: kaart_be_temp_donderdag_26mar2026.png
Kaart: kaart_be_temp_vrijdag_27mar2026.png
Kaart: kaart_be_temp_zaterdag_28mar2026.png
Kaart: kaart_be_temp_zondag_29mar2026.png
Kaart: kaart_be_temp_maandag_30mar2026.png
MOSMIX ophalen (max temp dag 06-18u België)...
  Brussel (06451)...
  Gent (06431)...
  Antwerpen (06450)...
  Kleine Brogel (06479)...
  Oostende (06407)...
  Charleroi (06449)...
  Bierset (06478)...
  Spa (06490)...
  St-Hubert (06476)...
  Florennes (06456)...
  Lille (07015)...
  Heinerschied (F9600)...
  Beauvechain (06458)...
  Monschau (H908)...
  Brugge (P0155)...
  Charleville (07075)...
  Cambrai (07017)...
  Calais (P0437)...
  Saint-Quentin (07061)...
Data voor 7 dagen
Kaart: kaart_be_temp_dag_dinsdag_24mar2026.png
Kaart: kaart_be_temp_dag_woensdag_25mar2026.png
Kaart: kaart_be_temp_dag_donderdag_26mar2026.png
Kaart: kaart_be_temp_dag_vrijdag_27mar2026.png
Kaart: kaart_be_temp_dag_zaterdag_28mar2026.png
Kaart: kaart_be_temp_dag_zondag_29mar2026.png
Kaart: kaart_be_temp_dag_maandag_30mar2026.png
MOSMIX ophalen (min temp nacht 18-06u België)...
  Brussel (06451)...
  Gent (06431)...
  Antwerpen (06450)...
  Kleine Brogel (06479)...
  Oostende (06407)...
  Charleroi (06449)...
  Bierset (06478)...
  Spa (06490)...
  St-Hubert (06476)...
  Florennes (06456)...
  Lille (07015)...
  Heinerschied (F9600)...
  Beauvechain (06458)...
  Monschau (H908)...
  Brugge (P0155)...
  Charleville (07075)...
  Cambrai (07017)...
  Calais (P0437)...
  Saint-Quentin (07061)...
Data voor 7 dagen
Kaart: kaart_be_temp_nacht_dinsdag_24mar2026.png
Kaart: kaart_be_temp_nacht_woensdag_25mar2026.png
Kaart: kaart_be_temp_nacht_donderdag_26mar2026.png
Kaart: kaart_be_temp_nacht_vrijdag_27mar2026.png
Kaart: kaart_be_temp_nacht_zaterdag_28mar2026.png
Kaart: kaart_be_temp_nacht_zondag_29mar2026.png
Kaart: kaart_be_temp_nacht_maandag_30mar2026.png
MOSMIX ophalen (wind dag 06-18u België)...
  Brussel (06451)...
  Gent (06431)...
  Antwerpen (06450)...
  Kleine Brogel (06479)...
  Oostende (06407)...
  Charleroi (06449)...
  Bierset (06478)...
  Spa (06490)...
  St-Hubert (06476)...
  Florennes (06456)...
  Lille (07015)...
  Heinerschied (F9600)...
  Beauvechain (06458)...
  Monschau (H908)...
  Brugge (P0155)...
  Charleville (07075)...
  Cambrai (07017)...
  Calais (P0437)...
  Saint-Quentin (07061)...
Data voor 7 dagen
Kaart: kaart_be_wind_dinsdag_24mar2026.png
Kaart: kaart_be_wind_woensdag_25mar2026.png
Kaart: kaart_be_wind_donderdag_26mar2026.png
Kaart: kaart_be_wind_vrijdag_27mar2026.png
Kaart: kaart_be_wind_zaterdag_28mar2026.png
Kaart: kaart_be_wind_zondag_29mar2026.png
Kaart: kaart_be_wind_maandag_30mar2026.png
MOSMIX ophalen (wind nacht 18-06u België)...
  Brussel (06451)...
  Gent (06431)...
  Antwerpen (06450)...
  Kleine Brogel (06479)...
  Oostende (06407)...
  Charleroi (06449)...
  Bierset (06478)...
  Spa (06490)...
  St-Hubert (06476)...
  Florennes (06456)...
  Lille (07015)...
  Heinerschied (F9600)...
  Beauvechain (06458)...
  Monschau (H908)...
  Brugge (P0155)...
  Charleville (07075)...
  Cambrai (07017)...
  Calais (P0437)...
  Saint-Quentin (07061)...
Data voor 7 dagen
Kaart: kaart_be_wind_nacht_dinsdag_24mar2026.png
Kaart: kaart_be_wind_nacht_woensdag_25mar2026.png
Kaart: kaart_be_wind_nacht_donderdag_26mar2026.png
Kaart: kaart_be_wind_nacht_vrijdag_27mar2026.png
Kaart: kaart_be_wind_nacht_zaterdag_28mar2026.png
Kaart: kaart_be_wind_nacht_zondag_29mar2026.png
Kaart: kaart_be_wind_nacht_maandag_30mar2026.png
MOSMIX ophalen (zon België)...
  Brussel...
  Gent...
  Antwerpen...
  Kleine Brogel...
  Oostende...
  Charleroi...
  Bierset...
  Spa...
  St-Hubert...
  Florennes...
  Lille...
  Heinerschied...
  Beauvechain...
  Monschau...
  Brugge...
  Charleville...
  Cambrai...
  Calais...
  Saint-Quentin...
Kaart: kaart_be_zon_dinsdag_24mar2026.png
Kaart: kaart_be_zon_woensdag_25mar2026.png
Kaart: kaart_be_zon_donderdag_26mar2026.png
Kaart: kaart_be_zon_vrijdag_27mar2026.png
Kaart: kaart_be_zon_zaterdag_28mar2026.png
Kaart: kaart_be_zon_zondag_29mar2026.png
Kaart: kaart_be_zon_maandag_30mar2026.png
MOSMIX ophalen (neerslag België)...
  Brussel...
  Gent...
  Antwerpen...
  Kleine Brogel...
  Oostende...
  Charleroi...
  Bierset...
  Spa...
  St-Hubert...
  Florennes...
  Lille...
  Heinerschied...
  Beauvechain...
  Monschau...
  Brugge...
  Charleville...
  Cambrai...
  Calais...
  Saint-Quentin...
Kaart: kaart_be_regen_dinsdag_24mar2026.png
Kaart: kaart_be_regen_woensdag_25mar2026.png
Kaart: kaart_be_regen_donderdag_26mar2026.png
Kaart: kaart_be_regen_vrijdag_27mar2026.png
Kaart: kaart_be_regen_zaterdag_28mar2026.png
Kaart: kaart_be_regen_zondag_29mar2026.png
Kaart: kaart_be_regen_maandag_30mar2026.png
MOSMIX ophalen (mist België)...
  Brussel...
  Gent...
  Antwerpen...
  Kleine Brogel...
  Oostende...
  Charleroi...
  Bierset...
  Spa...
  St-Hubert...
  Florennes...
  Lille...
  Heinerschied...
  Beauvechain...
  Monschau...
  Brugge...
  Charleville...
  Cambrai...
  Calais...
  Saint-Quentin...
Kaart: kaart_be_mist_dinsdag_24mar2026.png
Kaart: kaart_be_mist_woensdag_25mar2026.png
Kaart: kaart_be_mist_donderdag_26mar2026.png
Kaart: kaart_be_mist_vrijdag_27mar2026.png
Kaart: kaart_be_mist_zaterdag_28mar2026.png
Kaart: kaart_be_mist_zondag_29mar2026.png
Kaart: kaart_be_mist_maandag_30mar2026.png
MOSMIX ophalen (onweer België)...
  Brussel...
  Gent...
  Antwerpen...
  Kleine Brogel...
  Oostende...
  Charleroi...
  Bierset...
  Spa...
  St-Hubert...
  Florennes...
  Lille...
  Heinerschied...
  Beauvechain...
  Monschau...
  Brugge...
  Charleville...
  Cambrai...
  Calais...
  Saint-Quentin...
Kaart: kaart_be_onweer_dinsdag_24mar2026.png
Kaart: kaart_be_onweer_woensdag_25mar2026.png
Kaart: kaart_be_onweer_donderdag_26mar2026.png
Kaart: kaart_be_onweer_vrijdag_27mar2026.png
Kaart: kaart_be_onweer_zaterdag_28mar2026.png
Kaart: kaart_be_onweer_zondag_29mar2026.png
Kaart: kaart_be_onweer_maandag_30mar2026.png

Bewolking België Wo 25 mrt...
  Brussel...
  Gent...
  Antwerpen...
  Kleine Brogel...
  Oostende...
  Charleroi...
  Bierset...
  Spa...
  St-Hubert...
  Florennes...
  Lille...
  Heinerschied...
  Beauvechain...
  Monschau...
  Brugge...
  Charleville...
  Cambrai...
  Calais...
  Saint-Quentin...
Kaart: kaart_be_bewolking_2026-03-25.png

Bewolking België Do 26 mrt...
  Brussel...
  Gent...
  Antwerpen...
  Kleine Brogel...
  Oostende...
  Charleroi...
  Bierset...
  Spa...
  St-Hubert...
  Florennes...
  Lille...
  Heinerschied...
  Beauvechain...
  Monschau...
  Brugge...
  Charleville...
  Cambrai...
  Calais...
  Saint-Quentin...
Kaart: kaart_be_bewolking_2026-03-26.png

Bewolking België Vr 27 mrt...
  Brussel...
  Gent...
  Antwerpen...
  Kleine Brogel...
  Oostende...
  Charleroi...
  Bierset...
  Spa...
  St-Hubert...
  Florennes...
  Lille...
  Heinerschied...
  Beauvechain...
  Monschau...
  Brugge...
  Charleville...
  Cambrai...
  Calais...
  Saint-Quentin...
Kaart: kaart_be_bewolking_2026-03-27.png

Bewolking België Za 28 mrt...
  Brussel...
  Gent...
  Antwerpen...
  Kleine Brogel...
  Oostende...
  Charleroi...
  Bierset...
  Spa...
  St-Hubert...
  Florennes...
  Lille...
  Heinerschied...
  Beauvechain...
  Monschau...
  Brugge...
  Charleville...
  Cambrai...
  Calais...
  Saint-Quentin...
Kaart: kaart_be_bewolking_2026-03-28.png

Bewolking België Zo 29 mrt...
  Brussel...
  Gent...
  Antwerpen...
  Kleine Brogel...
  Oostende...
  Charleroi...
  Bierset...
  Spa...
  St-Hubert...
  Florennes...
  Lille...
  Heinerschied...
  Beauvechain...
  Monschau...
  Brugge...
  Charleville...
  Cambrai...
  Calais...
  Saint-Quentin...
Kaart: kaart_be_bewolking_2026-03-29.png

Bewolking België Ma 30 mrt...
  Brussel...
  Gent...
  Antwerpen...
  Kleine Brogel...
  Oostende...
  Charleroi...
  Bierset...
  Spa...
  St-Hubert...
  Florennes...
  Lille...
  Heinerschied...
  Beauvechain...
  Monschau...
  Brugge...
  Charleville...
  Cambrai...
  Calais...
  Saint-Quentin...
Kaart: kaart_be_bewolking_2026-03-30.png

Bewolking België Di 31 mrt...
  Brussel...
  Gent...
  Antwerpen...
  Kleine Brogel...
  Oostende...
  Charleroi...
  Bierset...
  Spa...
  St-Hubert...
  Florennes...
  Lille...
  Heinerschied...
  Beauvechain...
  Monschau...
  Brugge...
  Charleville...
  Cambrai...
  Calais...
  Saint-Quentin...
Kaart: kaart_be_bewolking_2026-03-31.png

Bewolking België Wo 1 apr...
  Brussel...
  Gent...
  Antwerpen...
  Kleine Brogel...
  Oostende...
  Charleroi...
  Bierset...
  Spa...
  St-Hubert...
  Florennes...
  Lille...
  Heinerschied...
  Beauvechain...
  Monschau...
  Brugge...
  Charleville...
  Cambrai...
  Calais...
  Saint-Quentin...
Kaart: kaart_be_bewolking_2026-04-01.png

Bewolking België Do 2 apr...
  Brussel...
  Gent...
  Antwerpen...
  Kleine Brogel...
  Oostende...
  Charleroi...
  Bierset...
  Spa...
  St-Hubert...
  Florennes...
  Lille...
  Heinerschied...
  Beauvechain...
  Monschau...
  Brugge...
  Charleville...
  Cambrai...
  Calais...
  Saint-Quentin...
Kaart: kaart_be_bewolking_2026-04-02.png

Bewolking België Vr 3 apr...
  Brussel...
  Gent...
  Antwerpen...
  Kleine Brogel...
  Oostende...
  Charleroi...
  Bierset...
  Spa...
  St-Hubert...
  Florennes...
  Lille...
  Heinerschied...
  Beauvechain...
  Monschau...
  Brugge...
  Charleville...
  Cambrai...
  Calais...
  Saint-Quentin...
Kaart: kaart_be_bewolking_2026-04-03.png
MOSMIX ophalen (kans op sneeuw Belgie)...
  Brussel (06451)...
  Gent (06431)...
  Antwerpen (06450)...
  Kleine Brogel (06479)...
  Oostende (06407)...
  Charleroi (06449)...
  Bierset (06478)...
  Spa (06490)...
  St-Hubert (06476)...
  Florennes (06456)...
  Lille (07015)...
  Heinerschied (F9600)...
  Beauvechain (06458)...
  Monschau (H908)...
  Brugge (P0155)...
  Charleville (07075)...
  Cambrai (07017)...
  Calais (P0437)...
  Saint-Quentin (07061)...
Data voor 7 dagen
Kaart: kaart_be_sneeuw_dinsdag_24mar2026.png
Kaart: kaart_be_sneeuw_woensdag_25mar2026.png
Kaart: kaart_be_sneeuw_donderdag_26mar2026.png
Kaart: kaart_be_sneeuw_vrijdag_27mar2026.png
Kaart: kaart_be_sneeuw_zaterdag_28mar2026.png
Kaart: kaart_be_sneeuw_zondag_29mar2026.png
Kaart: kaart_be_sneeuw_maandag_30mar2026.png
MOSMIX ophalen (hagelkans Belgie)...
  Brussel (06451)...
  Gent (06431)...
  Antwerpen (06450)...
  Kleine Brogel (06479)...
  Oostende (06407)...
  Charleroi (06449)...
  Bierset (06478)...
  Spa (06490)...
  St-Hubert (06476)...
  Florennes (06456)...
  Lille (07015)...
  Heinerschied (F9600)...
  Beauvechain (06458)...
  Monschau (H908)...
  Brugge (P0155)...
  Charleville (07075)...
  Cambrai (07017)...
  Calais (P0437)...
  Saint-Quentin (07061)...
Data voor 7 dagen
Kaart: kaart_be_hagel_dinsdag_24mar2026.png
Kaart: kaart_be_hagel_woensdag_25mar2026.png
Kaart: kaart_be_hagel_donderdag_26mar2026.png
Kaart: kaart_be_hagel_vrijdag_27mar2026.png
Kaart: kaart_be_hagel_zaterdag_28mar2026.png
Kaart: kaart_be_hagel_zondag_29mar2026.png
Kaart: kaart_be_hagel_maandag_30mar2026.png
MOSMIX ophalen (gevoelstemperatuur België)...
  Brussel (06451)...
  Gent (06431)...
  Antwerpen (06450)...
  Kleine Brogel (06479)...
  Oostende (06407)...
  Charleroi (06449)...
  Bierset (06478)...
  Spa (06490)...
  St-Hubert (06476)...
  Florennes (06456)...
  Lille (07015)...
  Heinerschied (F9600)...
  Beauvechain (06458)...
  Monschau (H908)...
  Brugge (P0155)...
  Charleville (07075)...
  Cambrai (07017)...
  Calais (P0437)...
  Saint-Quentin (07061)...
Data voor 7 dagen
Kaart: kaart_be_gevoels_dinsdag_24mar2026.png
Kaart: kaart_be_gevoels_woensdag_25mar2026.png
Kaart: kaart_be_gevoels_donderdag_26mar2026.png
Kaart: kaart_be_gevoels_vrijdag_27mar2026.png
Kaart: kaart_be_gevoels_zaterdag_28mar2026.png
Kaart: kaart_be_gevoels_zondag_29mar2026.png
Kaart: kaart_be_gevoels_maandag_30mar2026.png
MOSMIX ophalen (dauwpunt Belgie)...
  Brussel (06451)...
  Gent (06431)...
  Antwerpen (06450)...
  Kleine Brogel (06479)...
  Oostende (06407)...
  Charleroi (06449)...
  Bierset (06478)...
  Spa (06490)...
  St-Hubert (06476)...
  Florennes (06456)...
  Lille (07015)...
  Heinerschied (F9600)...
  Beauvechain (06458)...
  Monschau (H908)...
  Brugge (P0155)...
  Charleville (07075)...
  Cambrai (07017)...
  Calais (P0437)...
  Saint-Quentin (07061)...
Data voor 7 dagen
Kaart: kaart_be_dauwpunt_dinsdag_24mar2026.png
Kaart: kaart_be_dauwpunt_woensdag_25mar2026.png
Kaart: kaart_be_dauwpunt_donderdag_26mar2026.png
Kaart: kaart_be_dauwpunt_vrijdag_27mar2026.png
Kaart: kaart_be_dauwpunt_zaterdag_28mar2026.png
Kaart: kaart_be_dauwpunt_zondag_29mar2026.png
Kaart: kaart_be_dauwpunt_maandag_30mar2026.png
MOSMIX ophalen (grondtemperatuur 5cm België)...
  Brussel (06451)...
  Gent (06431)...
  Antwerpen (06450)...
  Kleine Brogel (06479)...
  Oostende (06407)...
  Charleroi (06449)...
  Bierset (06478)...
  Spa (06490)...
  St-Hubert (06476)...
  Florennes (06456)...
  Lille (07015)...
  Heinerschied (F9600)...
  Beauvechain (06458)...
  Monschau (H908)...
  Brugge (P0155)...
  Charleville (07075)...
  Cambrai (07017)...
  Calais (P0437)...
  Saint-Quentin (07061)...
Data voor 7 dagen
Kaart: kaart_be_t5cm_dinsdag_24mar2026.png
Kaart: kaart_be_t5cm_woensdag_25mar2026.png
Kaart: kaart_be_t5cm_donderdag_26mar2026.png
Kaart: kaart_be_t5cm_vrijdag_27mar2026.png
Kaart: kaart_be_t5cm_zaterdag_28mar2026.png
Kaart: kaart_be_t5cm_zondag_29mar2026.png
Kaart: kaart_be_t5cm_maandag_30mar2026.png
MOSMIX ophalen: De Bilt (06260)...
  2026-03-24: TX=14.5 TN=None RR=0.0
  2026-03-25: TX=9.8 TN=6.2 RR=10.1
  2026-03-26: TX=8.0 TN=1.9 RR=4.8
  2026-03-27: TX=11.1 TN=-0.5 RR=1.8
MOSMIX ophalen: Hoek van Holland (06330)...
  2026-03-24: TX=12.8 TN=None RR=0.0
  2026-03-25: TX=9.4 TN=6.8 RR=4.2
  2026-03-26: TX=7.9 TN=3.9 RR=0.0
  2026-03-27: TX=11.0 TN=3.1 RR=0.0
MOSMIX ophalen: Rotterdam (06344)...
  2026-03-24: TX=14.0 TN=None RR=0.0
  2026-03-25: TX=9.9 TN=7.0 RR=10.4
  2026-03-26: TX=8.2 TN=2.3 RR=6.7
  2026-03-27: TX=10.8 TN=0.0 RR=0.9
MOSMIX ophalen: Enschede (06290)...
  2026-03-24: TX=15.1 TN=7.9 RR=0.0
  2026-03-25: TX=13.2 TN=4.5 RR=9.2
  2026-03-26: TX=7.5 TN=0.9 RR=3.6
  2026-03-27: TX=10.6 TN=-2.4 RR=1.0
MOSMIX ophalen: Eelde (06280)...
  2026-03-24: TX=12.9 TN=6.6 RR=0.0
  2026-03-25: TX=12.5 TN=4.4 RR=8.0
  2026-03-26: TX=7.6 TN=1.1 RR=5.8
  2026-03-27: TX=10.8 TN=-1.3 RR=2.6
MOSMIX ophalen: Maastricht (06380)...
  2026-03-24: TX=16.3 TN=6.5 RR=0.0
  2026-03-25: TX=14.3 TN=3.8 RR=8.3
  2026-03-26: TX=7.6 TN=1.2 RR=2.2
  2026-03-27: TX=10.7 TN=-1.1 RR=0.0
MOSMIX ophalen: Terschelling (06250)...
  2026-03-24: TX=10.9 TN=None RR=0.0
  2026-03-25: TX=8.9 TN=6.1 RR=7.4
  2026-03-26: TX=6.9 TN=3.7 RR=2.7
  2026-03-27: TX=9.4 TN=3.1 RR=3.1
MOSMIX ophalen: Vlissingen (06310)...
  2026-03-24: TX=12.8 TN=None RR=0.0
  2026-03-25: TX=9.4 TN=7.5 RR=7.1
  2026-03-26: TX=7.9 TN=4.1 RR=3.8
  2026-03-27: TX=10.3 TN=3.6 RR=0.0
MOSMIX ophalen: Deelen (06275)...
  2026-03-24: TX=14.9 TN=7.9 RR=0.0
  2026-03-25: TX=13.0 TN=4.1 RR=12.9
  2026-03-26: TX=8.0 TN=0.3 RR=4.0
  2026-03-27: TX=11.0 TN=-3.2 RR=0.7
MOSMIX ophalen: Gilze-Rijen (06350)...
  2026-03-24: TX=16.1 TN=None RR=0.0
  2026-03-25: TX=9.8 TN=6.5 RR=9.4
  2026-03-26: TX=8.5 TN=1.5 RR=2.6
  2026-03-27: TX=11.4 TN=-1.0 RR=0.9

beta_debilt.json opgeslagen (10 stations)
MOSMIX + Harmonie voorspellingen ophalen voor archief...
  De Bilt...
  Hoek van Holland...
  Rotterdam...
  Enschede...
  Eelde...
  Maastricht...
  Terschelling...
  Vlissingen...
  Deelen...
  Gilze-Rijen...
Archief opgeslagen (beta_verificatie_archive.json)

Werkelijke metingen ophalen (afgelopen 3 dagen)...
  De Bilt 2026-03-23: TX=15.1 TN=2.1
  De Bilt 2026-03-22: TX=16.0 TN=2.4
  De Bilt 2026-03-21: TX=12.4 TN=1.9
  Hoek van Holland 2026-03-23: TX=12.0 TN=4.3
  Hoek van Holland 2026-03-22: TX=14.2 TN=3.7
  Hoek van Holland 2026-03-21: TX=10.4 TN=2.6
  Rotterdam 2026-03-23: TX=14.2 TN=2.8
  Rotterdam 2026-03-22: TX=14.5 TN=1.7
  Rotterdam 2026-03-21: TX=12.5 TN=2.0
  Enschede 2026-03-23: TX=16.3 TN=-0.5
  Enschede 2026-03-22: TX=15.7 TN=1.8
  Enschede 2026-03-21: TX=8.0 TN=1.2
  Eelde 2026-03-23: TX=14.3 TN=-0.1
  Eelde 2026-03-22: TX=14.4 TN=1.0
  Eelde 2026-03-21: TX=6.3 TN=1.5
  Maastricht 2026-03-23: TX=15.5 TN=2.1
  Maastricht 2026-03-22: TX=14.5 TN=2.8
  Maastricht 2026-03-21: TX=14.2 TN=0.8
  Terschelling 2026-03-23: TX=10.7 TN=0.9
  Terschelling 2026-03-22: TX=12.4 TN=3.3
  Terschelling 2026-03-21: TX=6.8 TN=3.1
  Vlissingen 2026-03-23: TX=12.7 TN=6.8
  Vlissingen 2026-03-22: TX=14.3 TN=3.4
  Vlissingen 2026-03-21: TX=12.4 TN=3.6
  Deelen 2026-03-23: TX=16.0 TN=-0.9
  Deelen 2026-03-22: TX=16.0 TN=1.7
  Deelen 2026-03-21: TX=11.1 TN=1.6
  Gilze-Rijen 2026-03-23: TX=15.3 TN=0.6
  Gilze-Rijen 2026-03-22: TX=15.5 TN=0.9
  Gilze-Rijen 2026-03-21: TX=13.3 TN=0.4

beta_verificatie.json opgeslagen (10 stations)
MOSMIX ophalen (trend)...
  De Bilt (06260)...
  De Kooy (06235)...
  Eelde (06280)...
  Vlissingen (06310)...
  Beek (06380)...
  Rotterdam (06344)...
  Hoek v. Holland (06330)...
  Twenthe (06290)...
  Eindhoven (06370)...
  Wind Vlieland (06242)...
  Wind De Kooy (06235)...
  Wind Leeuwarden (06270)...
  Wind Hoek v. Holland (06330)...
  Wind Vlissingen (06310)...
JSON opgeslagen: grafiek_trend.json
Grafiek opgeslagen: grafiek_trend.png
MOSMIX ophalen (trend België)...
  Brussel (06451)...
  Gent (06431)...
  Antwerpen (06450)...
  Oostende (06407)...
  Bierset (06478)...
  Charleroi (06449)...
  Sint-Hubert (06476)...
  Kleine Brogel (06479)...
  Florennes (06456)...
  Wind Oostende (06407)...
  Wind Brussel (06451)...
  Wind Bierset (06478)...
  Wind Kleine Brogel (06479)...
  Wind Sint-Hubert (06476)...
JSON: grafiek_trend_be.json
Grafiek: grafiek_trend_be.png
Bestaande data geladen: 83 dagen
  Ophalen 2026-03-24 (tot nu)...
    TX top3: [(16.7, 'Maastricht', '14:20'), (16.6, 'Horst', '14:30'), (16.5, 'Ell', '14:00')]
    TN top3: [(1.8, 'Deelen', '01:00'), (1.8, 'Twenthe', '01:20'), (2.0, 'Hoogeveen', '01:30')]
    RR top3: [(0.0, 'Woensdrecht'), (0.0, 'Wilhelminadorp'), (0.0, 'Wijk aan Zee')]
  2026-01-01: al in cache, overgeslagen
  2026-01-02: al in cache, overgeslagen
  2026-01-03: al in cache, overgeslagen
  2026-01-04: al in cache, overgeslagen
  2026-01-05: al in cache, overgeslagen
  2026-01-06: al in cache, overgeslagen
  2026-01-07: al in cache, overgeslagen
  2026-01-08: al in cache, overgeslagen
  2026-01-09: al in cache, overgeslagen
  2026-01-10: al in cache, overgeslagen
  2026-01-11: al in cache, overgeslagen
  2026-01-12: al in cache, overgeslagen
  2026-01-13: al in cache, overgeslagen
  2026-01-14: al in cache, overgeslagen
  2026-01-15: al in cache, overgeslagen
  2026-01-16: al in cache, overgeslagen
  2026-01-17: al in cache, overgeslagen
  2026-01-18: al in cache, overgeslagen
  2026-01-19: al in cache, overgeslagen
  2026-01-20: al in cache, overgeslagen
  2026-01-21: al in cache, overgeslagen
  2026-01-22: al in cache, overgeslagen
  2026-01-23: al in cache, overgeslagen
  2026-01-24: al in cache, overgeslagen
  2026-01-25: al in cache, overgeslagen
  2026-01-26: al in cache, overgeslagen
  2026-01-27: al in cache, overgeslagen
  2026-01-28: al in cache, overgeslagen
  2026-01-29: al in cache, overgeslagen
  2026-01-30: al in cache, overgeslagen
  2026-01-31: al in cache, overgeslagen
  2026-02-01: al in cache, overgeslagen
  2026-02-02: al in cache, overgeslagen
  2026-02-03: al in cache, overgeslagen
  2026-02-04: al in cache, overgeslagen
  2026-02-05: al in cache, overgeslagen
  2026-02-06: al in cache, overgeslagen
  2026-02-07: al in cache, overgeslagen
  2026-02-08: al in cache, overgeslagen
  2026-02-09: al in cache, overgeslagen
  2026-02-10: al in cache, overgeslagen
  2026-02-11: al in cache, overgeslagen
  2026-02-12: al in cache, overgeslagen
  2026-02-13: al in cache, overgeslagen
  2026-02-14: al in cache, overgeslagen
  2026-02-15: al in cache, overgeslagen
  2026-02-16: al in cache, overgeslagen
  2026-02-17: al in cache, overgeslagen
  2026-02-18: al in cache, overgeslagen
  2026-02-19: al in cache, overgeslagen
  2026-02-20: al in cache, overgeslagen
  2026-02-21: al in cache, overgeslagen
  2026-02-22: al in cache, overgeslagen
  2026-02-23: al in cache, overgeslagen
  2026-02-24: al in cache, overgeslagen
  2026-02-25: al in cache, overgeslagen
  2026-02-26: al in cache, overgeslagen
  2026-02-27: al in cache, overgeslagen
  2026-02-28: al in cache, overgeslagen
  2026-03-01: al in cache, overgeslagen
  2026-03-02: al in cache, overgeslagen
  2026-03-03: al in cache, overgeslagen
  2026-03-04: al in cache, overgeslagen
  2026-03-05: al in cache, overgeslagen
  2026-03-06: al in cache, overgeslagen
  2026-03-07: al in cache, overgeslagen
  2026-03-08: al in cache, overgeslagen
  2026-03-09: al in cache, overgeslagen
  2026-03-10: al in cache, overgeslagen
  2026-03-11: al in cache, overgeslagen
  2026-03-12: al in cache, overgeslagen
  2026-03-13: al in cache, overgeslagen
  2026-03-14: al in cache, overgeslagen
  2026-03-15: al in cache, overgeslagen
  2026-03-16: al in cache, overgeslagen
  2026-03-17: al in cache, overgeslagen
  2026-03-18: al in cache, overgeslagen
  2026-03-19: al in cache, overgeslagen
  2026-03-20: al in cache, overgeslagen
  2026-03-21: al in cache, overgeslagen
  2026-03-22: al in cache, overgeslagen
  2026-03-23: al in cache, overgeslagen

toplijst.json bijgewerkt (83 dagen)
Kaarten maken voor 2026-03-15...
  → klaar voor 2026-03-15
Kaarten maken voor 2026-03-16...
  → klaar voor 2026-03-16
Kaarten maken voor 2026-03-17...
  → klaar voor 2026-03-17
Kaarten maken voor 2026-03-18...
  → klaar voor 2026-03-18
Kaarten maken voor 2026-03-19...
  → klaar voor 2026-03-19
Kaarten maken voor 2026-03-20...
  → klaar voor 2026-03-20
Kaarten maken voor 2026-03-21...
  → klaar voor 2026-03-21
Kaarten maken voor 2026-03-22...
  → klaar voor 2026-03-22
Kaarten maken voor 2026-03-23...
  → klaar voor 2026-03-23
Kaarten maken voor 2026-03-24...
  → klaar voor 2026-03-24
Alle waarnemingskaarten klaar!
index.json: 287 kaarten
ok: /Users/aldus/Desktop/KNMI_Project/weerkaarten 2/p13_records.html
Grootte: 17295 chars
Pluim: De Bilt...
  Opgeslagen: kaart_pluim_lijnen_de_bilt.png
Pluim: Rotterdam...
  Opgeslagen: kaart_pluim_lijnen_rotterdam.png
Pluim: Barendrecht...
  Opgeslagen: kaart_pluim_lijnen_barendrecht.png
Pluim: Maastricht...
  Opgeslagen: kaart_pluim_lijnen_maastricht.png
Pluim: Eelde...
  Opgeslagen: kaart_pluim_lijnen_eelde.png
Pluim: Vlissingen...
  Opgeslagen: kaart_pluim_lijnen_vlissingen.png
Pluim: Enschede...
  Opgeslagen: kaart_pluim_lijnen_enschede.png

Klaar!

Pluim: De Bilt...
  Opgeslagen: kaart_pluim_compleet_de_bilt.png

Pluim: Rotterdam...
  Opgeslagen: kaart_pluim_compleet_rotterdam.png

Pluim: Barendrecht...
  Opgeslagen: kaart_pluim_compleet_barendrecht.png

Pluim: Vlissingen...
  Opgeslagen: kaart_pluim_compleet_vlissingen.png

Pluim: Eelde...
  Opgeslagen: kaart_pluim_compleet_eelde.png

Pluim: Maastricht...
  Opgeslagen: kaart_pluim_compleet_maastricht.png

Klaar!

Multimodel neerslag: De Bilt...
  ECMWF ENS...
    51 leden × 384 stappen
  ICON-EPS...
    40 leden × 168 stappen
  GFS ENS...
    31 leden × 384 stappen
  Opgeslagen: kaart_pluim_multi_neerslag_de_bilt.png

Multimodel neerslag: Rotterdam...
  ECMWF ENS...
    51 leden × 384 stappen
  ICON-EPS...
    40 leden × 168 stappen
  GFS ENS...
    31 leden × 384 stappen
  Opgeslagen: kaart_pluim_multi_neerslag_rotterdam.png

Multimodel neerslag: Barendrecht...
  ECMWF ENS...
    51 leden × 384 stappen
  ICON-EPS...
    40 leden × 168 stappen
  GFS ENS...
    31 leden × 384 stappen
  Opgeslagen: kaart_pluim_multi_neerslag_barendrecht.png

Multimodel neerslag: Vlissingen...
  ECMWF ENS...
    51 leden × 384 stappen
  ICON-EPS...
    40 leden × 168 stappen
  GFS ENS...
    31 leden × 384 stappen
  Opgeslagen: kaart_pluim_multi_neerslag_vlissingen.png

Multimodel neerslag: Eelde...
  ECMWF ENS...
    51 leden × 384 stappen
  ICON-EPS...
    40 leden × 168 stappen
  GFS ENS...
    31 leden × 384 stappen
  Opgeslagen: kaart_pluim_multi_neerslag_eelde.png

Multimodel neerslag: Maastricht...
  ECMWF ENS...
    51 leden × 384 stappen
  ICON-EPS...
    40 leden × 168 stappen
  GFS ENS...
    31 leden × 384 stappen
  Opgeslagen: kaart_pluim_multi_neerslag_maastricht.png

Klaar!

Multimodel pluim: De Bilt...
  ECMWF ENS...
    51 leden × 384 stappen
  ICON-EPS...
    40 leden × 168 stappen
  GFS ENS...
    31 leden × 384 stappen
  Opgeslagen: kaart_pluim_multi_de_bilt.png

Multimodel pluim: Rotterdam...
  ECMWF ENS...
    51 leden × 384 stappen
  ICON-EPS...
    40 leden × 168 stappen
  GFS ENS...
    31 leden × 384 stappen
  Opgeslagen: kaart_pluim_multi_rotterdam.png

Multimodel pluim: Barendrecht...
  ECMWF ENS...
    51 leden × 384 stappen
  ICON-EPS...
    40 leden × 168 stappen
  GFS ENS...
    31 leden × 384 stappen
  Opgeslagen: kaart_pluim_multi_barendrecht.png

Multimodel pluim: Vlissingen...
  ECMWF ENS...
    51 leden × 384 stappen
  ICON-EPS...
    40 leden × 168 stappen
  GFS ENS...
    31 leden × 384 stappen
  Opgeslagen: kaart_pluim_multi_vlissingen.png

Multimodel pluim: Eelde...
  ECMWF ENS...
    51 leden × 384 stappen
  ICON-EPS...
    40 leden × 168 stappen
  GFS ENS...
    31 leden × 384 stappen
  Opgeslagen: kaart_pluim_multi_eelde.png

Multimodel pluim: Maastricht...
  ECMWF ENS...
    51 leden × 384 stappen
  ICON-EPS...
    40 leden × 168 stappen
  GFS ENS...
    31 leden × 384 stappen
  Opgeslagen: kaart_pluim_multi_maastricht.png

Klaar!

Multimodel wind: De Bilt...
  ECMWF ENS...
    51 leden × 384 stappen
  ICON-EPS...
    40 leden × 168 stappen
  GFS ENS...
    31 leden × 384 stappen
  Opgeslagen: kaart_pluim_multi_wind_de_bilt.png

Multimodel wind: Rotterdam...
  ECMWF ENS...
    51 leden × 384 stappen
  ICON-EPS...
    40 leden × 168 stappen
  GFS ENS...
    31 leden × 384 stappen
  Opgeslagen: kaart_pluim_multi_wind_rotterdam.png

Multimodel wind: Barendrecht...
  ECMWF ENS...
    51 leden × 384 stappen
  ICON-EPS...
    40 leden × 168 stappen
  GFS ENS...
    31 leden × 384 stappen
  Opgeslagen: kaart_pluim_multi_wind_barendrecht.png

Multimodel wind: Vlissingen...
  ECMWF ENS...
    51 leden × 384 stappen
  ICON-EPS...
    40 leden × 168 stappen
  GFS ENS...
    31 leden × 384 stappen
  Opgeslagen: kaart_pluim_multi_wind_vlissingen.png

Multimodel wind: Eelde...
  ECMWF ENS...
    51 leden × 384 stappen
  ICON-EPS...
    40 leden × 168 stappen
  GFS ENS...
    FOUT: 429 Client Error: Too Many Requests for url: https://ensemble-api.open-meteo.com/v1/ensemble?latitude=53.12&longitude=6.59&hourly=windspeed_10m,windgusts_10m,winddirection_10m&models=gfs025&wind_speed_unit=kmh&timezone=Europe/Amsterdam&forecast_days=16
  Opgeslagen: kaart_pluim_multi_wind_eelde.png

Multimodel wind: Maastricht...
  ECMWF ENS...
    FOUT: 429 Client Error: Too Many Requests for url: https://ensemble-api.open-meteo.com/v1/ensemble?latitude=50.91&longitude=5.77&hourly=windspeed_10m,windgusts_10m,winddirection_10m&models=ecmwf_ifs025&wind_speed_unit=kmh&timezone=Europe/Amsterdam&forecast_days=16
  ICON-EPS...
    FOUT: 429 Client Error: Too Many Requests for url: https://ensemble-api.open-meteo.com/v1/ensemble?latitude=50.91&longitude=5.77&hourly=windspeed_10m,windgusts_10m,winddirection_10m&models=icon_seamless&wind_speed_unit=kmh&timezone=Europe/Amsterdam&forecast_days=7
  GFS ENS...
    FOUT: 429 Client Error: Too Many Requests for url: https://ensemble-api.open-meteo.com/v1/ensemble?latitude=50.91&longitude=5.77&hourly=windspeed_10m,windgusts_10m,winddirection_10m&models=gfs025&wind_speed_unit=kmh&timezone=Europe/Amsterdam&forecast_days=16
  Geen data

Klaar!
[main ea11872e] Kaarten update 2026-03-24 15:36
 348 files changed, 2832 insertions(+), 10 deletions(-)
 delete mode 100644 kaart_synop_20260324_0847.png
 delete mode 100644 kaart_synop_20260324_0858.png
 delete mode 100644 kaart_synop_20260324_0910.png
 delete mode 100644 kaart_synop_20260324_0921.png
 delete mode 100644 kaart_synop_20260324_0932.png
 delete mode 100644 kaart_synop_20260324_0944.png
 delete mode 100644 kaart_synop_20260324_0955.png
 delete mode 100644 kaart_synop_20260324_1006.png
 delete mode 100644 kaart_synop_20260324_1017.png
 delete mode 100644 kaart_synop_20260324_1028.png
 delete mode 100644 kaart_synop_20260324_1039.png
 delete mode 100644 kaart_synop_20260324_1051.png
 delete mode 100644 kaart_synop_20260324_1102.png
 delete mode 100644 kaart_synop_20260324_1113.png
 delete mode 100644 kaart_synop_20260324_1124.png
 delete mode 100644 kaart_synop_20260324_1135.png
 delete mode 100644 kaart_synop_20260324_1146.png
 delete mode 100644 kaart_synop_20260324_1158.png
 delete mode 100644 kaart_synop_20260324_1209.png
 delete mode 100644 kaart_synop_20260324_1220.png
 delete mode 100644 kaart_synop_20260324_1231.png
 delete mode 100644 kaart_synop_20260324_1242.png
 delete mode 100644 kaart_synop_20260324_1254.png
 delete mode 100644 kaart_synop_20260324_1305.png
 delete mode 100644 kaart_synop_20260324_1316.png
 delete mode 100644 kaart_synop_20260324_1327.png
 delete mode 100644 kaart_synop_20260324_1338.png
 delete mode 100644 kaart_temp_nacht_maandag_23mar2026.png
 create mode 100644 kaart_temp_nacht_maandag_30mar2026.png
 delete mode 100644 kaart_wind_nacht_maandag_23mar2026.png
 create mode 100644 kaart_wind_nacht_maandag_30mar2026.png
 create mode 100644 scripts/mosmix_kaart_noordzee_wind.py
 create mode 100755 upload_guidance.sh
=== Upload klaar ===
=== Ed Aldus WM — upload Tue Mar 24 21:30:05 CET 2026 ===
Waarschuwingen opgeslagen: YELLOW (24 Mar 2026 21:30)
=== KNMI Guidance === 2026-03-24 21:30
  Ophalen: kort...
  Klaar: 4189 tekens
  Ophalen: lang...
  Klaar: 2820 tekens
Opgeslagen: guidance.json
Basiskaart aanmaken...
kaart_basis_nl.png aangemaakt
MOSMIX ophalen (temperatuur Nederland TX/TN)...
  Eelde (06280)...
  Terschelling (06250)...
  Vlieland (06242)...
  Leeuwarden (06270)...
  Den Helder (06235)...
  Amsterdam (06240)...
  De Bilt (06260)...
  Deelen (06275)...
  Hoogeveen (06279)...
  Enschede (06290)...
  Vlissingen (06310)...
  Hoek van Holland (06330)...
  Rotterdam Airport (06344)...
  Gilze Rijen (06350)...
  Eindhoven (06370)...
  Maastricht (06380)...
  Gent (06431)...
  Antwerpen (06450)...
  Kleve (K1176)...
  Brussel (06451)...
  Kleine Brogel (06479)...
  Dollart (E207)...
  Wielen (P0122)...
  Weeze (10405)...
  Valkenburg (06210)...
  Volkel (06375)...
  Bocholt (10406)...
  Nettetal (H512)...
  IJsselmeer (E5305)...
  Borkum (K1083)...
  Geilenkirchen (10500)...
Data voor 7 dagen
Kaart: kaart_temp_dinsdag_24mar2026.png
Kaart: kaart_temp_woensdag_25mar2026.png
Kaart: kaart_temp_donderdag_26mar2026.png
Kaart: kaart_temp_vrijdag_27mar2026.png
Kaart: kaart_temp_zaterdag_28mar2026.png
Kaart: kaart_temp_zondag_29mar2026.png
Kaart: kaart_temp_maandag_30mar2026.png
  Verwijderd: kaart_temp_dag_dinsdag_24mar2026.png
  Verwijderd: kaart_temp_dag_woensdag_25mar2026.png
  Verwijderd: kaart_temp_dag_donderdag_26mar2026.png
  Verwijderd: kaart_temp_dag_vrijdag_27mar2026.png
  Verwijderd: kaart_temp_dag_zaterdag_28mar2026.png
  Verwijderd: kaart_temp_dag_zondag_29mar2026.png
  Verwijderd: kaart_temp_dag_maandag_30mar2026.png
  Verwijderd: kaart_temp_nacht_dinsdag_24mar2026.png
  Verwijderd: kaart_temp_nacht_woensdag_25mar2026.png
  Verwijderd: kaart_temp_nacht_donderdag_26mar2026.png
  Verwijderd: kaart_temp_nacht_vrijdag_27mar2026.png
  Verwijderd: kaart_temp_nacht_zaterdag_28mar2026.png
  Verwijderd: kaart_temp_nacht_zondag_29mar2026.png
  Verwijderd: kaart_temp_nacht_maandag_30mar2026.png
MOSMIX ophalen (max temp dag 06-18u)...
Ophalen: Eelde (06280)...
Ophalen: Terschelling (06250)...
Ophalen: Vlieland (06242)...
Ophalen: Leeuwarden (06270)...
Ophalen: Den Helder (06235)...
Ophalen: Amsterdam (06240)...
Ophalen: De Bilt (06260)...
Ophalen: Deelen (06275)...
Ophalen: Hoogeveen (06279)...
Ophalen: Enschede (06290)...
Ophalen: Vlissingen (06310)...
Ophalen: Hoek van Holland (06330)...
Ophalen: Rotterdam Airport (06344)...
Ophalen: Gilze Rijen (06350)...
Ophalen: Eindhoven (06370)...
Ophalen: Maastricht (06380)...
Ophalen: Gent (06431)...
Ophalen: Antwerpen (06450)...
Ophalen: Kleve (K1176)...
Ophalen: Brussel (06451)...
Ophalen: Kleine Brogel (06479)...
Ophalen: Dollart (E207)...
Ophalen: Wielen (P0122)...
Ophalen: Weeze (10405)...
Ophalen: Valkenburg (06210)...
Ophalen: Volkel (06375)...
Ophalen: Bocholt (10406)...
Ophalen: Nettetal (H512)...
Ophalen: IJsselmeer (E5305)...
Ophalen: Borkum (K1083)...
Ophalen: Geilenkirchen (10500)...
Data voor 7 dagen
Kaart: kaart_temp_dag_dinsdag_24mar2026.png
Kaart: kaart_temp_dag_woensdag_25mar2026.png
Kaart: kaart_temp_dag_donderdag_26mar2026.png
Kaart: kaart_temp_dag_vrijdag_27mar2026.png
Kaart: kaart_temp_dag_zaterdag_28mar2026.png
Kaart: kaart_temp_dag_zondag_29mar2026.png
Kaart: kaart_temp_dag_maandag_30mar2026.png
MOSMIX ophalen (min temp nacht 18-06u)...
Ophalen: Eelde (06280)...
Ophalen: Terschelling (06250)...
Ophalen: Vlieland (06242)...
Ophalen: Leeuwarden (06270)...
Ophalen: Den Helder (06235)...
Ophalen: Amsterdam (06240)...
Ophalen: De Bilt (06260)...
Ophalen: Deelen (06275)...
Ophalen: Hoogeveen (06279)...
Ophalen: Enschede (06290)...
Ophalen: Vlissingen (06310)...
Ophalen: Hoek van Holland (06330)...
Ophalen: Rotterdam Airport (06344)...
Ophalen: Gilze Rijen (06350)...
Ophalen: Eindhoven (06370)...
Ophalen: Maastricht (06380)...
Ophalen: Gent (06431)...
Ophalen: Antwerpen (06450)...
Ophalen: Kleve (K1176)...
Ophalen: Brussel (06451)...
Ophalen: Kleine Brogel (06479)...
Ophalen: Dollart (E207)...
Ophalen: Wielen (P0122)...
Ophalen: Weeze (10405)...
Ophalen: Valkenburg (06210)...
Ophalen: Volkel (06375)...
Ophalen: Bocholt (10406)...
Ophalen: Nettetal (H512)...
Ophalen: IJsselmeer (E5305)...
Ophalen: Borkum (K1083)...
Ophalen: Geilenkirchen (10500)...
Data voor 7 dagen
Kaart: kaart_temp_nacht_dinsdag_24mar2026.png
Kaart: kaart_temp_nacht_woensdag_25mar2026.png
Kaart: kaart_temp_nacht_donderdag_26mar2026.png
Kaart: kaart_temp_nacht_vrijdag_27mar2026.png
Kaart: kaart_temp_nacht_zaterdag_28mar2026.png
Kaart: kaart_temp_nacht_zondag_29mar2026.png
Kaart: kaart_temp_nacht_maandag_30mar2026.png
MOSMIX ophalen (zon/bewolking)...
Ophalen: Eelde (06280)...
Ophalen: Terschelling (06250)...
Ophalen: Vlieland (06242)...
Ophalen: Leeuwarden (06270)...
Ophalen: Den Helder (06235)...
Ophalen: Amsterdam (06240)...
Ophalen: De Bilt (06260)...
Ophalen: Deelen (06275)...
Ophalen: Hoogeveen (06279)...
Ophalen: Enschede (06290)...
Ophalen: Hoek van Holland (06330)...
Ophalen: Rotterdam Airport (06344)...
Ophalen: Gilze Rijen (06350)...
Ophalen: Eindhoven (06370)...
Ophalen: Maastricht (06380)...
Ophalen: Kleve (K1176)...
Ophalen: Kleine Brogel (06479)...
Ophalen: Dollart (E207)...
Ophalen: Wielen (P0122)...
Ophalen: Weeze (10405)...
Ophalen: Valkenburg (06210)...
Ophalen: Volkel (06375)...
Ophalen: Bocholt (10406)...
Ophalen: Nettetal (H512)...
Ophalen: IJsselmeer (E5305)...
Ophalen: Borkum (K1083)...
Ophalen: Geilenkirchen (10500)...
Data voor 7 dagen
Kaart: kaart_zon_dinsdag_24mar2026.png
Kaart: kaart_zon_woensdag_25mar2026.png
Kaart: kaart_zon_donderdag_26mar2026.png
Kaart: kaart_zon_vrijdag_27mar2026.png
Kaart: kaart_zon_zaterdag_28mar2026.png
Kaart: kaart_zon_zondag_29mar2026.png
Kaart: kaart_zon_maandag_30mar2026.png
MOSMIX ophalen (wind dag 06-18u)...
Ophalen: Eelde (06280)...
Ophalen: Terschelling (06250)...
Ophalen: Vlieland (06242)...
Ophalen: Leeuwarden (06270)...
Ophalen: Den Helder (06235)...
Ophalen: Amsterdam (06240)...
Ophalen: De Bilt (06260)...
Ophalen: Deelen (06275)...
Ophalen: Hoogeveen (06279)...
Ophalen: Enschede (06290)...
Ophalen: Vlissingen (06310)...
Ophalen: Hoek van Holland (06330)...
Ophalen: Rotterdam Airport (06344)...
Ophalen: Gilze Rijen (06350)...
Ophalen: Eindhoven (06370)...
Ophalen: Maastricht (06380)...
Ophalen: Gent (06431)...
Ophalen: Antwerpen (06450)...
Ophalen: Kleve (K1176)...
Ophalen: Brussel (06451)...
Ophalen: Kleine Brogel (06479)...
Ophalen: Dollart (E207)...
Ophalen: Wielen (P0122)...
Ophalen: Weeze (10405)...
Ophalen: Valkenburg (06210)...
Ophalen: Volkel (06375)...
Ophalen: Bocholt (10406)...
Ophalen: Nettetal (H512)...
Ophalen: IJsselmeer (E5305)...
Ophalen: Borkum (K1083)...
Ophalen: Geilenkirchen (10500)...
Data voor 7 dagen
Kaart: kaart_wind_dinsdag_24mar2026.png
Kaart: kaart_wind_woensdag_25mar2026.png
Kaart: kaart_wind_donderdag_26mar2026.png
Kaart: kaart_wind_vrijdag_27mar2026.png
Kaart: kaart_wind_zaterdag_28mar2026.png
Kaart: kaart_wind_zondag_29mar2026.png
Kaart: kaart_wind_maandag_30mar2026.png
MOSMIX ophalen (wind nacht 18-06u)...
Ophalen: Eelde (06280)...
Ophalen: Terschelling (06250)...
Ophalen: Vlieland (06242)...
Ophalen: Leeuwarden (06270)...
Ophalen: Den Helder (06235)...
Ophalen: Amsterdam (06240)...
Ophalen: De Bilt (06260)...
Ophalen: Deelen (06275)...
Ophalen: Hoogeveen (06279)...
Ophalen: Enschede (06290)...
Ophalen: Vlissingen (06310)...
Ophalen: Hoek van Holland (06330)...
Ophalen: Rotterdam Airport (06344)...
Ophalen: Gilze Rijen (06350)...
Ophalen: Eindhoven (06370)...
Ophalen: Maastricht (06380)...
Ophalen: Gent (06431)...
Ophalen: Antwerpen (06450)...
Ophalen: Kleve (K1176)...
Ophalen: Brussel (06451)...
Ophalen: Kleine Brogel (06479)...
Ophalen: Dollart (E207)...
Ophalen: Wielen (P0122)...
Ophalen: Weeze (10405)...
Ophalen: Valkenburg (06210)...
Ophalen: Volkel (06375)...
Ophalen: Bocholt (10406)...
Ophalen: Nettetal (H512)...
Ophalen: IJsselmeer (E5305)...
Ophalen: Borkum (K1083)...
Ophalen: Geilenkirchen (10500)...
Data voor 7 dagen
Kaart: kaart_wind_nacht_dinsdag_24mar2026.png
Kaart: kaart_wind_nacht_woensdag_25mar2026.png
Kaart: kaart_wind_nacht_donderdag_26mar2026.png
Kaart: kaart_wind_nacht_vrijdag_27mar2026.png
Kaart: kaart_wind_nacht_zaterdag_28mar2026.png
Kaart: kaart_wind_nacht_zondag_29mar2026.png
Kaart: kaart_wind_nacht_maandag_30mar2026.png
  Verwijderd: kaart_wind_nacht_dinsdag_24mar2026.png
  Verwijderd: kaart_wind_nacht_donderdag_26mar2026.png
MOSMIX ophalen (mist/zichtbaarheid)...
Ophalen: Eelde (06280)...
Ophalen: Terschelling (06250)...
Ophalen: Vlieland (06242)...
Ophalen: Leeuwarden (06270)...
Ophalen: Den Helder (06235)...
Ophalen: Amsterdam (06240)...
Ophalen: De Bilt (06260)...
Ophalen: Deelen (06275)...
Ophalen: Hoogeveen (06279)...
Ophalen: Enschede (06290)...
Ophalen: Vlissingen (06310)...
Ophalen: Hoek van Holland (06330)...
Ophalen: Rotterdam Airport (06344)...
Ophalen: Gilze Rijen (06350)...
Ophalen: Eindhoven (06370)...
Ophalen: Maastricht (06380)...
Ophalen: Gent (06431)...
Ophalen: Antwerpen (06450)...
Ophalen: Kleve (K1176)...
Ophalen: Brussel (06451)...
Ophalen: Kleine Brogel (06479)...
Ophalen: Dollart (E207)...
Ophalen: Wielen (P0122)...
Ophalen: Weeze (10405)...
Ophalen: Valkenburg (06210)...
Ophalen: Volkel (06375)...
Ophalen: Bocholt (10406)...
Ophalen: Nettetal (H512)...
Ophalen: IJsselmeer (E5305)...
Ophalen: Borkum (K1083)...
Ophalen: Geilenkirchen (10500)...
Data voor 7 dagen
Kaart: kaart_mist_woensdag_25mar2026.png
Kaart: kaart_mist_donderdag_26mar2026.png
Kaart: kaart_mist_vrijdag_27mar2026.png
Kaart: kaart_mist_zaterdag_28mar2026.png
Kaart: kaart_mist_zondag_29mar2026.png
Kaart: kaart_mist_maandag_30mar2026.png
Kaart: kaart_mist_dinsdag_31mar2026.png
MOSMIX ophalen (T5cm grastemperatuur)...
Ophalen: Eelde (06280)...
Ophalen: Terschelling (06250)...
Ophalen: Vlieland (06242)...
Ophalen: Leeuwarden (06270)...
Ophalen: Den Helder (06235)...
Ophalen: Amsterdam (06240)...
Ophalen: De Bilt (06260)...
Ophalen: Deelen (06275)...
Ophalen: Hoogeveen (06279)...
Ophalen: Enschede (06290)...
Ophalen: Vlissingen (06310)...
Ophalen: Hoek van Holland (06330)...
Ophalen: Rotterdam Airport (06344)...
Ophalen: Gilze Rijen (06350)...
Ophalen: Eindhoven (06370)...
Ophalen: Maastricht (06380)...
Ophalen: Gent (06431)...
Ophalen: Antwerpen (06450)...
Ophalen: Kleve (K1176)...
Ophalen: Brussel (06451)...
Ophalen: Kleine Brogel (06479)...
Ophalen: Dollart (E207)...
Ophalen: Wielen (P0122)...
Ophalen: Weeze (10405)...
Ophalen: Valkenburg (06210)...
Ophalen: Volkel (06375)...
Ophalen: Bocholt (10406)...
Ophalen: Nettetal (H512)...
Ophalen: IJsselmeer (E5305)...
Ophalen: Borkum (K1083)...
Ophalen: Geilenkirchen (10500)...
Data voor 7 dagen
Kaart: kaart_t5cm_woensdag_25mar2026.png
Kaart: kaart_t5cm_donderdag_26mar2026.png
Kaart: kaart_t5cm_vrijdag_27mar2026.png
Kaart: kaart_t5cm_zaterdag_28mar2026.png
Kaart: kaart_t5cm_zondag_29mar2026.png
Kaart: kaart_t5cm_maandag_30mar2026.png
Kaart: kaart_t5cm_dinsdag_31mar2026.png
MOSMIX ophalen (dauwpunt Td2)...
Ophalen: Eelde (06280)...
Ophalen: Terschelling (06250)...
Ophalen: Vlieland (06242)...
Ophalen: Leeuwarden (06270)...
Ophalen: Den Helder (06235)...
Ophalen: Amsterdam (06240)...
Ophalen: De Bilt (06260)...
Ophalen: Deelen (06275)...
Ophalen: Hoogeveen (06279)...
Ophalen: Enschede (06290)...
Ophalen: Vlissingen (06310)...
Ophalen: Hoek van Holland (06330)...
Ophalen: Rotterdam Airport (06344)...
Ophalen: Gilze Rijen (06350)...
Ophalen: Eindhoven (06370)...
Ophalen: Maastricht (06380)...
Ophalen: Gent (06431)...
Ophalen: Antwerpen (06450)...
Ophalen: Kleve (K1176)...
Ophalen: Brussel (06451)...
Ophalen: Kleine Brogel (06479)...
Ophalen: Dollart (E207)...
Ophalen: Wielen (P0122)...
Ophalen: Weeze (10405)...
Ophalen: Valkenburg (06210)...
Ophalen: Volkel (06375)...
Ophalen: Bocholt (10406)...
Ophalen: Nettetal (H512)...
Ophalen: IJsselmeer (E5305)...
Ophalen: Borkum (K1083)...
Ophalen: Geilenkirchen (10500)...
Data voor 7 dagen
Kaart: kaart_dauwpunt_woensdag_25mar2026.png
Kaart: kaart_dauwpunt_donderdag_26mar2026.png
Kaart: kaart_dauwpunt_vrijdag_27mar2026.png
Kaart: kaart_dauwpunt_zaterdag_28mar2026.png
Kaart: kaart_dauwpunt_zondag_29mar2026.png
Kaart: kaart_dauwpunt_maandag_30mar2026.png
Kaart: kaart_dauwpunt_dinsdag_31mar2026.png
MOSMIX ophalen (gevoelstemperatuur berekend via TTT+FF)...
Ophalen: Eelde (06280)...
Ophalen: Terschelling (06250)...
Ophalen: Vlieland (06242)...
Ophalen: Leeuwarden (06270)...
Ophalen: Den Helder (06235)...
Ophalen: Amsterdam (06240)...
Ophalen: De Bilt (06260)...
Ophalen: Deelen (06275)...
Ophalen: Hoogeveen (06279)...
Ophalen: Enschede (06290)...
Ophalen: Vlissingen (06310)...
Ophalen: Hoek van Holland (06330)...
Ophalen: Rotterdam Airport (06344)...
Ophalen: Gilze Rijen (06350)...
Ophalen: Eindhoven (06370)...
Ophalen: Maastricht (06380)...
Ophalen: Gent (06431)...
Ophalen: Antwerpen (06450)...
Ophalen: Kleve (K1176)...
Ophalen: Brussel (06451)...
Ophalen: Kleine Brogel (06479)...
Ophalen: Dollart (E207)...
Ophalen: Wielen (P0122)...
Ophalen: Weeze (10405)...
Ophalen: Valkenburg (06210)...
Ophalen: Volkel (06375)...
Ophalen: Bocholt (10406)...
Ophalen: Nettetal (H512)...
Ophalen: IJsselmeer (E5305)...
Ophalen: Borkum (K1083)...
Ophalen: Geilenkirchen (10500)...
Data voor 7 dagen
Kaart: kaart_gevoels_dinsdag_24mar2026.png
Kaart: kaart_gevoels_woensdag_25mar2026.png
Kaart: kaart_gevoels_donderdag_26mar2026.png
Kaart: kaart_gevoels_vrijdag_27mar2026.png
Kaart: kaart_gevoels_zaterdag_28mar2026.png
Kaart: kaart_gevoels_zondag_29mar2026.png
Kaart: kaart_gevoels_maandag_30mar2026.png
MOSMIX ophalen (neerslag)...
Ophalen: Eelde (06280)...
Ophalen: Terschelling (06250)...
Ophalen: Vlieland (06242)...
Ophalen: Leeuwarden (06270)...
Ophalen: Den Helder (06235)...
Ophalen: Amsterdam (06240)...
Ophalen: De Bilt (06260)...
Ophalen: Deelen (06275)...
Ophalen: Hoogeveen (06279)...
Ophalen: Enschede (06290)...
Ophalen: Vlissingen (06310)...
Ophalen: Hoek van Holland (06330)...
Ophalen: Rotterdam Airport (06344)...
Ophalen: Gilze Rijen (06350)...
Ophalen: Eindhoven (06370)...
Ophalen: Maastricht (06380)...
Ophalen: Gent (06431)...
Ophalen: Antwerpen (06450)...
Ophalen: Kleve (K1176)...
Ophalen: Brussel (06451)...
Ophalen: Kleine Brogel (06479)...
Ophalen: Dollart (E207)...
Ophalen: Wielen (P0122)...
Ophalen: Weeze (10405)...
Ophalen: Valkenburg (06210)...
Ophalen: Volkel (06375)...
Ophalen: Bocholt (10406)...
Ophalen: Nettetal (H512)...
Ophalen: IJsselmeer (E5305)...
Ophalen: Borkum (K1083)...
Ophalen: Geilenkirchen (10500)...
Data voor 7 dagen
Kaart: kaart_regen_dinsdag_24mar2026.png
Kaart: kaart_regen_woensdag_25mar2026.png
Kaart: kaart_regen_donderdag_26mar2026.png
Kaart: kaart_regen_vrijdag_27mar2026.png
Kaart: kaart_regen_zaterdag_28mar2026.png
Kaart: kaart_regen_zondag_29mar2026.png
Kaart: kaart_regen_maandag_30mar2026.png
MOSMIX ophalen (onweer: wwT, wwTd, CAPE, CIN)...
Ophalen: Eelde (06280)...
Ophalen: Terschelling (06250)...
Ophalen: Vlieland (06242)...
Ophalen: Leeuwarden (06270)...
Ophalen: Den Helder (06235)...
Ophalen: Amsterdam (06240)...
Ophalen: De Bilt (06260)...
Ophalen: Deelen (06275)...
Ophalen: Hoogeveen (06279)...
Ophalen: Enschede (06290)...
Ophalen: Vlissingen (06310)...
Ophalen: Hoek van Holland (06330)...
Ophalen: Rotterdam Airport (06344)...
Ophalen: Gilze Rijen (06350)...
Ophalen: Eindhoven (06370)...
Ophalen: Maastricht (06380)...
Ophalen: Gent (06431)...
Ophalen: Antwerpen (06450)...
Ophalen: Kleve (K1176)...
Ophalen: Brussel (06451)...
Ophalen: Kleine Brogel (06479)...
Ophalen: Dollart (E207)...
Ophalen: Wielen (P0122)...
Ophalen: Weeze (10405)...
Ophalen: Valkenburg (06210)...
Ophalen: Volkel (06375)...
Ophalen: Bocholt (10406)...
Ophalen: Nettetal (H512)...
Ophalen: IJsselmeer (E5305)...
Ophalen: Borkum (K1083)...
Ophalen: Geilenkirchen (10500)...
Data voor 7 dagen
Kaart: kaart_onweer_dinsdag_24mar2026.png
Kaart: kaart_onweer_woensdag_25mar2026.png
Kaart: kaart_onweer_donderdag_26mar2026.png
Kaart: kaart_onweer_vrijdag_27mar2026.png
Kaart: kaart_onweer_zaterdag_28mar2026.png
Kaart: kaart_onweer_zondag_29mar2026.png
Kaart: kaart_onweer_maandag_30mar2026.png

Bewolkingskaart voor Wo 25 mrt...
  Eelde...
  Terschelling...
  Vlieland...
  Leeuwarden...
  Den Helder...
  Amsterdam...
  De Bilt...
  Deelen...
  Hoogeveen...
  Enschede...
  Vlissingen...
  Hoek van Holland...
  Rotterdam Airport...
  Gilze Rijen...
  Eindhoven...
  Maastricht...
  Gent...
  Antwerpen...
  Kleve...
  Brussel...
  Kleine Brogel...
  Dollart...
  Wielen...
  Weeze...
  Valkenburg...
  Volkel...
  Bocholt...
  Nettetal...
  IJsselmeer...
  Borkum...
  Geilenkirchen...
  Data voor 31 stations
Kaart opgeslagen: kaart_bewolking_2026-03-25.png

Bewolkingskaart voor Do 26 mrt...
  Eelde...
  Terschelling...
  Vlieland...
  Leeuwarden...
  Den Helder...
  Amsterdam...
  De Bilt...
  Deelen...
  Hoogeveen...
  Enschede...
  Vlissingen...
  Hoek van Holland...
  Rotterdam Airport...
  Gilze Rijen...
  Eindhoven...
  Maastricht...
  Gent...
  Antwerpen...
  Kleve...
  Brussel...
  Kleine Brogel...
  Dollart...
  Wielen...
  Weeze...
  Valkenburg...
  Volkel...
  Bocholt...
  Nettetal...
  IJsselmeer...
  Borkum...
  Geilenkirchen...
  Data voor 31 stations
Kaart opgeslagen: kaart_bewolking_2026-03-26.png

Bewolkingskaart voor Vr 27 mrt...
  Eelde...
  Terschelling...
  Vlieland...
  Leeuwarden...
  Den Helder...
  Amsterdam...
  De Bilt...
  Deelen...
  Hoogeveen...
  Enschede...
  Vlissingen...
  Hoek van Holland...
  Rotterdam Airport...
  Gilze Rijen...
  Eindhoven...
  Maastricht...
  Gent...
  Antwerpen...
  Kleve...
  Brussel...
  Kleine Brogel...
  Dollart...
  Wielen...
  Weeze...
  Valkenburg...
  Volkel...
  Bocholt...
  Nettetal...
  IJsselmeer...
  Borkum...
  Geilenkirchen...
  Data voor 31 stations
Kaart opgeslagen: kaart_bewolking_2026-03-27.png

Bewolkingskaart voor Za 28 mrt...
  Eelde...
  Terschelling...
  Vlieland...
  Leeuwarden...
  Den Helder...
  Amsterdam...
  De Bilt...
  Deelen...
  Hoogeveen...
  Enschede...
  Vlissingen...
  Hoek van Holland...
  Rotterdam Airport...
  Gilze Rijen...
  Eindhoven...
  Maastricht...
  Gent...
  Antwerpen...
  Kleve...
  Brussel...
  Kleine Brogel...
  Dollart...
  Wielen...
  Weeze...
  Valkenburg...
  Volkel...
  Bocholt...
  Nettetal...
  IJsselmeer...
  Borkum...
  Geilenkirchen...
  Data voor 31 stations
Kaart opgeslagen: kaart_bewolking_2026-03-28.png

Bewolkingskaart voor Zo 29 mrt...
  Eelde...
  Terschelling...
  Vlieland...
  Leeuwarden...
  Den Helder...
  Amsterdam...
  De Bilt...
  Deelen...
  Hoogeveen...
  Enschede...
  Vlissingen...
  Hoek van Holland...
  Rotterdam Airport...
  Gilze Rijen...
  Eindhoven...
  Maastricht...
  Gent...
  Antwerpen...
  Kleve...
  Brussel...
  Kleine Brogel...
  Dollart...
  Wielen...
  Weeze...
  Valkenburg...
  Volkel...
  Bocholt...
  Nettetal...
  IJsselmeer...
  Borkum...
  Geilenkirchen...
  Data voor 31 stations
Kaart opgeslagen: kaart_bewolking_2026-03-29.png

Bewolkingskaart voor Ma 30 mrt...
  Eelde...
  Terschelling...
  Vlieland...
  Leeuwarden...
  Den Helder...
  Amsterdam...
  De Bilt...
  Deelen...
  Hoogeveen...
  Enschede...
  Vlissingen...
  Hoek van Holland...
  Rotterdam Airport...
  Gilze Rijen...
  Eindhoven...
  Maastricht...
  Gent...
  Antwerpen...
  Kleve...
  Brussel...
  Kleine Brogel...
  Dollart...
  Wielen...
  Weeze...
  Valkenburg...
  Volkel...
  Bocholt...
  Nettetal...
  IJsselmeer...
  Borkum...
  Geilenkirchen...
  Data voor 31 stations
Kaart opgeslagen: kaart_bewolking_2026-03-30.png

Bewolkingskaart voor Di 31 mrt...
  Eelde...
  Terschelling...
  Vlieland...
  Leeuwarden...
  Den Helder...
  Amsterdam...
  De Bilt...
  Deelen...
  Hoogeveen...
  Enschede...
  Vlissingen...
  Hoek van Holland...
  Rotterdam Airport...
  Gilze Rijen...
  Eindhoven...
  Maastricht...
  Gent...
  Antwerpen...
  Kleve...
  Brussel...
  Kleine Brogel...
  Dollart...
  Wielen...
  Weeze...
  Valkenburg...
  Volkel...
  Bocholt...
  Nettetal...
  IJsselmeer...
  Borkum...
  Geilenkirchen...
  Data voor 31 stations
Kaart opgeslagen: kaart_bewolking_2026-03-31.png

Bewolkingskaart voor Wo 1 apr...
  Eelde...
  Terschelling...
  Vlieland...
  Leeuwarden...
  Den Helder...
  Amsterdam...
  De Bilt...
  Deelen...
  Hoogeveen...
  Enschede...
  Vlissingen...
  Hoek van Holland...
  Rotterdam Airport...
  Gilze Rijen...
  Eindhoven...
  Maastricht...
  Gent...
  Antwerpen...
  Kleve...
  Brussel...
  Kleine Brogel...
  Dollart...
  Wielen...
  Weeze...
  Valkenburg...
  Volkel...
  Bocholt...
  Nettetal...
  IJsselmeer...
  Borkum...
  Geilenkirchen...
  Data voor 31 stations
Kaart opgeslagen: kaart_bewolking_2026-04-01.png

Bewolkingskaart voor Do 2 apr...
  Eelde...
  Terschelling...
  Vlieland...
  Leeuwarden...
  Den Helder...
  Amsterdam...
  De Bilt...
  Deelen...
  Hoogeveen...
  Enschede...
  Vlissingen...
  Hoek van Holland...
  Rotterdam Airport...
  Gilze Rijen...
  Eindhoven...
  Maastricht...
  Gent...
  Antwerpen...
  Kleve...
  Brussel...
  Kleine Brogel...
  Dollart...
  Wielen...
  Weeze...
  Valkenburg...
  Volkel...
  Bocholt...
  Nettetal...
  IJsselmeer...
  Borkum...
  Geilenkirchen...
  Data voor 31 stations
Kaart opgeslagen: kaart_bewolking_2026-04-02.png

Bewolkingskaart voor Vr 3 apr...
  Eelde...
  Terschelling...
  Vlieland...
  Leeuwarden...
  Den Helder...
  Amsterdam...
  De Bilt...
  Deelen...
  Hoogeveen...
  Enschede...
  Vlissingen...
  Hoek van Holland...
  Rotterdam Airport...
  Gilze Rijen...
  Eindhoven...
  Maastricht...
  Gent...
  Antwerpen...
  Kleve...
  Brussel...
  Kleine Brogel...
  Dollart...
  Wielen...
  Weeze...
  Valkenburg...
  Volkel...
  Bocholt...
  Nettetal...
  IJsselmeer...
  Borkum...
  Geilenkirchen...
  Data voor 31 stations
Kaart opgeslagen: kaart_bewolking_2026-04-03.png
MOSMIX ophalen (kans op sneeuw Nederland)...
Ophalen: Eelde (06280)...
Ophalen: Terschelling (06250)...
Ophalen: Vlieland (06242)...
Ophalen: Leeuwarden (06270)...
Ophalen: Den Helder (06235)...
Ophalen: Amsterdam (06240)...
Ophalen: De Bilt (06260)...
Ophalen: Deelen (06275)...
Ophalen: Hoogeveen (06279)...
Ophalen: Enschede (06290)...
Ophalen: Vlissingen (06310)...
Ophalen: Hoek van Holland (06330)...
Ophalen: Rotterdam Airport (06344)...
Ophalen: Gilze Rijen (06350)...
Ophalen: Eindhoven (06370)...
Ophalen: Maastricht (06380)...
Ophalen: Gent (06431)...
Ophalen: Antwerpen (06450)...
Ophalen: Kleve (K1176)...
Ophalen: Brussel (06451)...
Ophalen: Kleine Brogel (06479)...
Ophalen: Dollart (E207)...
Ophalen: Wielen (P0122)...
Ophalen: Weeze (10405)...
Ophalen: Valkenburg (06210)...
Ophalen: Volkel (06375)...
Ophalen: Bocholt (10406)...
Ophalen: Nettetal (H512)...
Ophalen: IJsselmeer (E5305)...
Ophalen: Borkum (K1083)...
Ophalen: Geilenkirchen (10500)...
Data voor 7 dagen
Kaart: kaart_sneeuw_dinsdag_24mar2026.png
Kaart: kaart_sneeuw_woensdag_25mar2026.png
Kaart: kaart_sneeuw_donderdag_26mar2026.png
Kaart: kaart_sneeuw_vrijdag_27mar2026.png
Kaart: kaart_sneeuw_zaterdag_28mar2026.png
Kaart: kaart_sneeuw_zondag_29mar2026.png
Kaart: kaart_sneeuw_maandag_30mar2026.png
MOSMIX ophalen (hagelkans Nederland)...
Ophalen: Eelde (06280)...
Ophalen: Terschelling (06250)...
Ophalen: Vlieland (06242)...
Ophalen: Leeuwarden (06270)...
Ophalen: Den Helder (06235)...
Ophalen: Amsterdam (06240)...
Ophalen: De Bilt (06260)...
Ophalen: Deelen (06275)...
Ophalen: Hoogeveen (06279)...
Ophalen: Enschede (06290)...
Ophalen: Vlissingen (06310)...
Ophalen: Hoek van Holland (06330)...
Ophalen: Rotterdam Airport (06344)...
Ophalen: Gilze Rijen (06350)...
Ophalen: Eindhoven (06370)...
Ophalen: Maastricht (06380)...
Ophalen: Gent (06431)...
Ophalen: Antwerpen (06450)...
Ophalen: Kleve (K1176)...
Ophalen: Brussel (06451)...
Ophalen: Kleine Brogel (06479)...
Ophalen: Dollart (E207)...
Ophalen: Wielen (P0122)...
Ophalen: Weeze (10405)...
Ophalen: Valkenburg (06210)...
Ophalen: Volkel (06375)...
Ophalen: Bocholt (10406)...
Ophalen: Nettetal (H512)...
Ophalen: IJsselmeer (E5305)...
Ophalen: Borkum (K1083)...
Ophalen: Geilenkirchen (10500)...
Data voor 7 dagen
Kaart: kaart_hagel_dinsdag_24mar2026.png
Kaart: kaart_hagel_woensdag_25mar2026.png
Kaart: kaart_hagel_donderdag_26mar2026.png
Kaart: kaart_hagel_vrijdag_27mar2026.png
Kaart: kaart_hagel_zaterdag_28mar2026.png
Kaart: kaart_hagel_zondag_29mar2026.png
Kaart: kaart_hagel_maandag_30mar2026.png
MOSMIX ophalen (temperatuur België)...
  Brussel (06451)...
  Gent (06431)...
  Antwerpen (06450)...
  Kleine Brogel (06479)...
  Oostende (06407)...
  Charleroi (06449)...
  Bierset (06478)...
  Spa (06490)...
  St-Hubert (06476)...
  Florennes (06456)...
  Lille (07015)...
  Heinerschied (F9600)...
  Beauvechain (06458)...
  Monschau (H908)...
  Brugge (P0155)...
  Charleville (07075)...
  Cambrai (07017)...
  Calais (P0437)...
  Saint-Quentin (07061)...
Data voor 7 dagen
Kaart: kaart_be_temp_dinsdag_24mar2026.png
Kaart: kaart_be_temp_woensdag_25mar2026.png
Kaart: kaart_be_temp_donderdag_26mar2026.png
Kaart: kaart_be_temp_vrijdag_27mar2026.png
Kaart: kaart_be_temp_zaterdag_28mar2026.png
Kaart: kaart_be_temp_zondag_29mar2026.png
Kaart: kaart_be_temp_maandag_30mar2026.png
MOSMIX ophalen (max temp dag 06-18u België)...
  Brussel (06451)...
  Gent (06431)...
  Antwerpen (06450)...
  Kleine Brogel (06479)...
  Oostende (06407)...
  Charleroi (06449)...
  Bierset (06478)...
  Spa (06490)...
  St-Hubert (06476)...
  Florennes (06456)...
  Lille (07015)...
  Heinerschied (F9600)...
  Beauvechain (06458)...
  Monschau (H908)...
  Brugge (P0155)...
  Charleville (07075)...
  Cambrai (07017)...
  Calais (P0437)...
  Saint-Quentin (07061)...
Data voor 7 dagen
Kaart: kaart_be_temp_dag_dinsdag_24mar2026.png
Kaart: kaart_be_temp_dag_woensdag_25mar2026.png
Kaart: kaart_be_temp_dag_donderdag_26mar2026.png
Kaart: kaart_be_temp_dag_vrijdag_27mar2026.png
Kaart: kaart_be_temp_dag_zaterdag_28mar2026.png
Kaart: kaart_be_temp_dag_zondag_29mar2026.png
Kaart: kaart_be_temp_dag_maandag_30mar2026.png
MOSMIX ophalen (min temp nacht 18-06u België)...
  Brussel (06451)...
  Gent (06431)...
  Antwerpen (06450)...
  Kleine Brogel (06479)...
  Oostende (06407)...
  Charleroi (06449)...
  Bierset (06478)...
  Spa (06490)...
  St-Hubert (06476)...
  Florennes (06456)...
  Lille (07015)...
  Heinerschied (F9600)...
  Beauvechain (06458)...
  Monschau (H908)...
  Brugge (P0155)...
  Charleville (07075)...
  Cambrai (07017)...
  Calais (P0437)...
  Saint-Quentin (07061)...
Data voor 7 dagen
Kaart: kaart_be_temp_nacht_dinsdag_24mar2026.png
Kaart: kaart_be_temp_nacht_woensdag_25mar2026.png
Kaart: kaart_be_temp_nacht_donderdag_26mar2026.png
Kaart: kaart_be_temp_nacht_vrijdag_27mar2026.png
Kaart: kaart_be_temp_nacht_zaterdag_28mar2026.png
Kaart: kaart_be_temp_nacht_zondag_29mar2026.png
Kaart: kaart_be_temp_nacht_maandag_30mar2026.png
MOSMIX ophalen (wind dag 06-18u België)...
  Brussel (06451)...
  Gent (06431)...
  Antwerpen (06450)...
  Kleine Brogel (06479)...
  Oostende (06407)...
  Charleroi (06449)...
  Bierset (06478)...
  Spa (06490)...
  St-Hubert (06476)...
  Florennes (06456)...
  Lille (07015)...
  Heinerschied (F9600)...
  Beauvechain (06458)...
  Monschau (H908)...
  Brugge (P0155)...
  Charleville (07075)...
  Cambrai (07017)...
  Calais (P0437)...
  Saint-Quentin (07061)...
Data voor 7 dagen
Kaart: kaart_be_wind_dinsdag_24mar2026.png
Kaart: kaart_be_wind_woensdag_25mar2026.png
Kaart: kaart_be_wind_donderdag_26mar2026.png
Kaart: kaart_be_wind_vrijdag_27mar2026.png
Kaart: kaart_be_wind_zaterdag_28mar2026.png
Kaart: kaart_be_wind_zondag_29mar2026.png
Kaart: kaart_be_wind_maandag_30mar2026.png
MOSMIX ophalen (wind nacht 18-06u België)...
  Brussel (06451)...
  Gent (06431)...
  Antwerpen (06450)...
  Kleine Brogel (06479)...
  Oostende (06407)...
  Charleroi (06449)...
  Bierset (06478)...
  Spa (06490)...
  St-Hubert (06476)...
  Florennes (06456)...
  Lille (07015)...
  Heinerschied (F9600)...
  Beauvechain (06458)...
  Monschau (H908)...
  Brugge (P0155)...
  Charleville (07075)...
  Cambrai (07017)...
  Calais (P0437)...
  Saint-Quentin (07061)...
Data voor 7 dagen
Kaart: kaart_be_wind_nacht_dinsdag_24mar2026.png
Kaart: kaart_be_wind_nacht_woensdag_25mar2026.png
Kaart: kaart_be_wind_nacht_donderdag_26mar2026.png
Kaart: kaart_be_wind_nacht_vrijdag_27mar2026.png
Kaart: kaart_be_wind_nacht_zaterdag_28mar2026.png
Kaart: kaart_be_wind_nacht_zondag_29mar2026.png
Kaart: kaart_be_wind_nacht_maandag_30mar2026.png
MOSMIX ophalen (zon België)...
  Brussel...
  Gent...
  Antwerpen...
  Kleine Brogel...
  Oostende...
  Charleroi...
  Bierset...
  Spa...
  St-Hubert...
  Florennes...
  Lille...
  Heinerschied...
  Beauvechain...
  Monschau...
  Brugge...
  Charleville...
  Cambrai...
  Calais...
  Saint-Quentin...
Kaart: kaart_be_zon_dinsdag_24mar2026.png
Kaart: kaart_be_zon_woensdag_25mar2026.png
Kaart: kaart_be_zon_donderdag_26mar2026.png
Kaart: kaart_be_zon_vrijdag_27mar2026.png
Kaart: kaart_be_zon_zaterdag_28mar2026.png
Kaart: kaart_be_zon_zondag_29mar2026.png
Kaart: kaart_be_zon_maandag_30mar2026.png
MOSMIX ophalen (neerslag België)...
  Brussel...
  Gent...
  Antwerpen...
  Kleine Brogel...
  Oostende...
  Charleroi...
  Bierset...
  Spa...
  St-Hubert...
  Florennes...
  Lille...
  Heinerschied...
  Beauvechain...
  Monschau...
  Brugge...
  Charleville...
  Cambrai...
  Calais...
  Saint-Quentin...
Kaart: kaart_be_regen_dinsdag_24mar2026.png
Kaart: kaart_be_regen_woensdag_25mar2026.png
Kaart: kaart_be_regen_donderdag_26mar2026.png
Kaart: kaart_be_regen_vrijdag_27mar2026.png
Kaart: kaart_be_regen_zaterdag_28mar2026.png
Kaart: kaart_be_regen_zondag_29mar2026.png
Kaart: kaart_be_regen_maandag_30mar2026.png
MOSMIX ophalen (mist België)...
  Brussel...
  Gent...
  Antwerpen...
  Kleine Brogel...
  Oostende...
  Charleroi...
  Bierset...
  Spa...
  St-Hubert...
  Florennes...
  Lille...
  Heinerschied...
  Beauvechain...
  Monschau...
  Brugge...
  Charleville...
  Cambrai...
  Calais...
  Saint-Quentin...
Kaart: kaart_be_mist_woensdag_25mar2026.png
Kaart: kaart_be_mist_donderdag_26mar2026.png
Kaart: kaart_be_mist_vrijdag_27mar2026.png
Kaart: kaart_be_mist_zaterdag_28mar2026.png
Kaart: kaart_be_mist_zondag_29mar2026.png
Kaart: kaart_be_mist_maandag_30mar2026.png
Kaart: kaart_be_mist_dinsdag_31mar2026.png
  Verwijderd: kaart_be_mist_dinsdag_24mar2026.png
MOSMIX ophalen (onweer België)...
  Brussel...
  Gent...
  Antwerpen...
  Kleine Brogel...
  Oostende...
  Charleroi...
  Bierset...
  Spa...
  St-Hubert...
  Florennes...
  Lille...
  Heinerschied...
  Beauvechain...
  Monschau...
  Brugge...
  Charleville...
  Cambrai...
  Calais...
  Saint-Quentin...
Kaart: kaart_be_onweer_dinsdag_24mar2026.png
Kaart: kaart_be_onweer_woensdag_25mar2026.png
Kaart: kaart_be_onweer_donderdag_26mar2026.png
Kaart: kaart_be_onweer_vrijdag_27mar2026.png
Kaart: kaart_be_onweer_zaterdag_28mar2026.png
Kaart: kaart_be_onweer_zondag_29mar2026.png
Kaart: kaart_be_onweer_maandag_30mar2026.png

Bewolking België Wo 25 mrt...
  Brussel...
  Gent...
  Antwerpen...
  Kleine Brogel...
  Oostende...
  Charleroi...
  Bierset...
  Spa...
  St-Hubert...
  Florennes...
  Lille...
  Heinerschied...
  Beauvechain...
  Monschau...
  Brugge...
  Charleville...
  Cambrai...
  Calais...
  Saint-Quentin...
Kaart: kaart_be_bewolking_2026-03-25.png

Bewolking België Do 26 mrt...
  Brussel...
  Gent...
  Antwerpen...
  Kleine Brogel...
  Oostende...
  Charleroi...
  Bierset...
  Spa...
  St-Hubert...
  Florennes...
  Lille...
  Heinerschied...
  Beauvechain...
  Monschau...
  Brugge...
  Charleville...
  Cambrai...
  Calais...
  Saint-Quentin...
Kaart: kaart_be_bewolking_2026-03-26.png

Bewolking België Vr 27 mrt...
  Brussel...
  Gent...
  Antwerpen...
  Kleine Brogel...
  Oostende...
  Charleroi...
  Bierset...
  Spa...
  St-Hubert...
  Florennes...
  Lille...
  Heinerschied...
  Beauvechain...
  Monschau...
  Brugge...
  Charleville...
  Cambrai...
  Calais...
  Saint-Quentin...
Kaart: kaart_be_bewolking_2026-03-27.png

Bewolking België Za 28 mrt...
  Brussel...
  Gent...
  Antwerpen...
  Kleine Brogel...
  Oostende...
  Charleroi...
  Bierset...
  Spa...
  St-Hubert...
  Florennes...
  Lille...
  Heinerschied...
  Beauvechain...
  Monschau...
  Brugge...
  Charleville...
  Cambrai...
  Calais...
  Saint-Quentin...
Kaart: kaart_be_bewolking_2026-03-28.png

Bewolking België Zo 29 mrt...
  Brussel...
  Gent...
  Antwerpen...
  Kleine Brogel...
  Oostende...
  Charleroi...
  Bierset...
  Spa...
  St-Hubert...
  Florennes...
  Lille...
  Heinerschied...
  Beauvechain...
  Monschau...
  Brugge...
  Charleville...
  Cambrai...
  Calais...
  Saint-Quentin...
Kaart: kaart_be_bewolking_2026-03-29.png

Bewolking België Ma 30 mrt...
  Brussel...
  Gent...
  Antwerpen...
  Kleine Brogel...
  Oostende...
  Charleroi...
  Bierset...
  Spa...
  St-Hubert...
  Florennes...
  Lille...
  Heinerschied...
  Beauvechain...
  Monschau...
  Brugge...
  Charleville...
  Cambrai...
  Calais...
  Saint-Quentin...
Kaart: kaart_be_bewolking_2026-03-30.png

Bewolking België Di 31 mrt...
  Brussel...
  Gent...
  Antwerpen...
  Kleine Brogel...
  Oostende...
  Charleroi...
  Bierset...
  Spa...
  St-Hubert...
  Florennes...
  Lille...
  Heinerschied...
  Beauvechain...
  Monschau...
  Brugge...
  Charleville...
  Cambrai...
  Calais...
  Saint-Quentin...
Kaart: kaart_be_bewolking_2026-03-31.png

Bewolking België Wo 1 apr...
  Brussel...
  Gent...
  Antwerpen...
  Kleine Brogel...
  Oostende...
  Charleroi...
  Bierset...
  Spa...
  St-Hubert...
  Florennes...
  Lille...
  Heinerschied...
  Beauvechain...
  Monschau...
  Brugge...
  Charleville...
  Cambrai...
  Calais...
  Saint-Quentin...
Kaart: kaart_be_bewolking_2026-04-01.png

Bewolking België Do 2 apr...
  Brussel...
  Gent...
  Antwerpen...
  Kleine Brogel...
  Oostende...
  Charleroi...
  Bierset...
  Spa...
  St-Hubert...
  Florennes...
  Lille...
  Heinerschied...
  Beauvechain...
  Monschau...
  Brugge...
  Charleville...
  Cambrai...
  Calais...
  Saint-Quentin...
Kaart: kaart_be_bewolking_2026-04-02.png

Bewolking België Vr 3 apr...
  Brussel...
  Gent...
  Antwerpen...
  Kleine Brogel...
  Oostende...
  Charleroi...
  Bierset...
  Spa...
  St-Hubert...
  Florennes...
  Lille...
  Heinerschied...
  Beauvechain...
  Monschau...
  Brugge...
  Charleville...
  Cambrai...
  Calais...
  Saint-Quentin...
Kaart: kaart_be_bewolking_2026-04-03.png
MOSMIX ophalen (kans op sneeuw Belgie)...
  Brussel (06451)...
  Gent (06431)...
  Antwerpen (06450)...
  Kleine Brogel (06479)...
  Oostende (06407)...
  Charleroi (06449)...
  Bierset (06478)...
  Spa (06490)...
  St-Hubert (06476)...
  Florennes (06456)...
  Lille (07015)...
  Heinerschied (F9600)...
  Beauvechain (06458)...
  Monschau (H908)...
  Brugge (P0155)...
  Charleville (07075)...
  Cambrai (07017)...
  Calais (P0437)...
  Saint-Quentin (07061)...
Data voor 7 dagen
Kaart: kaart_be_sneeuw_dinsdag_24mar2026.png
Kaart: kaart_be_sneeuw_woensdag_25mar2026.png
Kaart: kaart_be_sneeuw_donderdag_26mar2026.png
Kaart: kaart_be_sneeuw_vrijdag_27mar2026.png
Kaart: kaart_be_sneeuw_zaterdag_28mar2026.png
Kaart: kaart_be_sneeuw_zondag_29mar2026.png
Kaart: kaart_be_sneeuw_maandag_30mar2026.png
MOSMIX ophalen (hagelkans Belgie)...
  Brussel (06451)...
  Gent (06431)...
  Antwerpen (06450)...
  Kleine Brogel (06479)...
  Oostende (06407)...
  Charleroi (06449)...
  Bierset (06478)...
  Spa (06490)...
  St-Hubert (06476)...
  Florennes (06456)...
  Lille (07015)...
  Heinerschied (F9600)...
  Beauvechain (06458)...
  Monschau (H908)...
  Brugge (P0155)...
  Charleville (07075)...
  Cambrai (07017)...
  Calais (P0437)...
  Saint-Quentin (07061)...
Data voor 7 dagen
Kaart: kaart_be_hagel_dinsdag_24mar2026.png
Kaart: kaart_be_hagel_woensdag_25mar2026.png
Kaart: kaart_be_hagel_donderdag_26mar2026.png
Kaart: kaart_be_hagel_vrijdag_27mar2026.png
Kaart: kaart_be_hagel_zaterdag_28mar2026.png
Kaart: kaart_be_hagel_zondag_29mar2026.png
Kaart: kaart_be_hagel_maandag_30mar2026.png
MOSMIX ophalen (gevoelstemperatuur België)...
  Brussel (06451)...
  Gent (06431)...
  Antwerpen (06450)...
  Kleine Brogel (06479)...
  Oostende (06407)...
  Charleroi (06449)...
  Bierset (06478)...
  Spa (06490)...
  St-Hubert (06476)...
  Florennes (06456)...
  Lille (07015)...
  Heinerschied (F9600)...
  Beauvechain (06458)...
  Monschau (H908)...
  Brugge (P0155)...
  Charleville (07075)...
  Cambrai (07017)...
  Calais (P0437)...
  Saint-Quentin (07061)...
Data voor 7 dagen
Kaart: kaart_be_gevoels_dinsdag_24mar2026.png
Kaart: kaart_be_gevoels_woensdag_25mar2026.png
Kaart: kaart_be_gevoels_donderdag_26mar2026.png
Kaart: kaart_be_gevoels_vrijdag_27mar2026.png
Kaart: kaart_be_gevoels_zaterdag_28mar2026.png
Kaart: kaart_be_gevoels_zondag_29mar2026.png
Kaart: kaart_be_gevoels_maandag_30mar2026.png
MOSMIX ophalen (dauwpunt Belgie)...
  Brussel (06451)...
  Gent (06431)...
  Antwerpen (06450)...
  Kleine Brogel (06479)...
  Oostende (06407)...
  Charleroi (06449)...
  Bierset (06478)...
  Spa (06490)...
  St-Hubert (06476)...
  Florennes (06456)...
  Lille (07015)...
  Heinerschied (F9600)...
  Beauvechain (06458)...
  Monschau (H908)...
  Brugge (P0155)...
  Charleville (07075)...
  Cambrai (07017)...
  Calais (P0437)...
  Saint-Quentin (07061)...
Data voor 7 dagen
Kaart: kaart_be_dauwpunt_woensdag_25mar2026.png
Kaart: kaart_be_dauwpunt_donderdag_26mar2026.png
Kaart: kaart_be_dauwpunt_vrijdag_27mar2026.png
Kaart: kaart_be_dauwpunt_zaterdag_28mar2026.png
Kaart: kaart_be_dauwpunt_zondag_29mar2026.png
Kaart: kaart_be_dauwpunt_maandag_30mar2026.png
Kaart: kaart_be_dauwpunt_dinsdag_31mar2026.png
  Verwijderd: kaart_be_dauwpunt_dinsdag_24mar2026.png
MOSMIX ophalen (grondtemperatuur 5cm België)...
  Brussel (06451)...
  Gent (06431)...
  Antwerpen (06450)...
  Kleine Brogel (06479)...
  Oostende (06407)...
  Charleroi (06449)...
  Bierset (06478)...
  Spa (06490)...
  St-Hubert (06476)...
  Florennes (06456)...
  Lille (07015)...
  Heinerschied (F9600)...
  Beauvechain (06458)...
  Monschau (H908)...
  Brugge (P0155)...
  Charleville (07075)...
  Cambrai (07017)...
  Calais (P0437)...
  Saint-Quentin (07061)...
Data voor 7 dagen
Kaart: kaart_be_t5cm_dinsdag_24mar2026.png
Kaart: kaart_be_t5cm_woensdag_25mar2026.png
Kaart: kaart_be_t5cm_donderdag_26mar2026.png
Kaart: kaart_be_t5cm_vrijdag_27mar2026.png
Kaart: kaart_be_t5cm_zaterdag_28mar2026.png
Kaart: kaart_be_t5cm_zondag_29mar2026.png
Kaart: kaart_be_t5cm_maandag_30mar2026.png
MOSMIX ophalen: De Bilt (06260)...
  2026-03-24: TX=14.3 TN=None RR=0.0
  2026-03-25: TX=9.5 TN=5.9 RR=7.7
  2026-03-26: TX=7.9 TN=2.0 RR=4.9
  2026-03-27: TX=11.3 TN=-0.3 RR=1.0
MOSMIX ophalen: Hoek van Holland (06330)...
  2026-03-24: TX=11.7 TN=None RR=0.0
  2026-03-25: TX=9.2 TN=6.3 RR=0.0
  2026-03-26: TX=8.0 TN=3.8 RR=0.0
  2026-03-27: TX=11.2 TN=3.3 RR=0.0
MOSMIX ophalen: Rotterdam (06344)...
  2026-03-24: TX=13.2 TN=None RR=0.0
  2026-03-25: TX=9.5 TN=6.8 RR=8.4
  2026-03-26: TX=8.2 TN=2.2 RR=7.1
  2026-03-27: TX=11.0 TN=0.2 RR=0.0
MOSMIX ophalen: Enschede (06290)...
  2026-03-24: TX=15.8 TN=7.8 RR=0.0
  2026-03-25: TX=13.5 TN=4.1 RR=8.2
  2026-03-26: TX=7.4 TN=0.8 RR=4.1
  2026-03-27: TX=10.9 TN=-1.3 RR=1.0
MOSMIX ophalen: Eelde (06280)...
  2026-03-24: TX=12.6 TN=6.8 RR=0.0
  2026-03-25: TX=12.3 TN=4.4 RR=6.2
  2026-03-26: TX=7.3 TN=1.1 RR=4.8
  2026-03-27: TX=11.3 TN=-0.9 RR=2.2
MOSMIX ophalen: Maastricht (06380)...
  2026-03-24: TX=16.5 TN=6.2 RR=0.0
  2026-03-25: TX=14.4 TN=4.0 RR=8.9
  2026-03-26: TX=7.3 TN=1.2 RR=3.3
  2026-03-27: TX=10.9 TN=-1.0 RR=0.0
MOSMIX ophalen: Terschelling (06250)...
  2026-03-24: TX=11.1 TN=None RR=0.1
  2026-03-25: TX=9.1 TN=6.3 RR=5.6
  2026-03-26: TX=6.8 TN=3.5 RR=2.1
  2026-03-27: TX=9.7 TN=3.2 RR=2.5
MOSMIX ophalen: Vlissingen (06310)...
  2026-03-24: TX=13.1 TN=None RR=0.0
  2026-03-25: TX=9.4 TN=7.5 RR=5.4
  2026-03-26: TX=8.0 TN=4.0 RR=4.4
  2026-03-27: TX=10.3 TN=3.6 RR=0.0
MOSMIX ophalen: Deelen (06275)...
  2026-03-24: TX=15.4 TN=7.7 RR=0.0
  2026-03-25: TX=13.1 TN=4.0 RR=9.9
  2026-03-26: TX=7.9 TN=0.1 RR=4.1
  2026-03-27: TX=11.2 TN=-2.8 RR=1.0
MOSMIX ophalen: Gilze-Rijen (06350)...
  2026-03-24: TX=15.7 TN=None RR=0.0
  2026-03-25: TX=9.5 TN=6.6 RR=6.8
  2026-03-26: TX=8.5 TN=1.3 RR=3.3
  2026-03-27: TX=11.6 TN=-1.0 RR=0.0

beta_debilt.json opgeslagen (10 stations)
MOSMIX + Harmonie voorspellingen ophalen voor archief...
  De Bilt...
  Hoek van Holland...
  Rotterdam...
  Enschede...
  Eelde...
  Maastricht...
  Terschelling...
  Vlissingen...
  Deelen...
  Gilze-Rijen...
Archief opgeslagen (beta_verificatie_archive.json)

Werkelijke metingen ophalen (afgelopen 3 dagen)...
  De Bilt 2026-03-23: TX=15.1 TN=2.1
  De Bilt 2026-03-22: TX=16.0 TN=2.4
  De Bilt 2026-03-21: TX=12.4 TN=1.9
  Hoek van Holland 2026-03-23: TX=12.0 TN=4.3
  Hoek van Holland 2026-03-22: TX=14.2 TN=3.7
  Hoek van Holland 2026-03-21: TX=10.4 TN=2.6
  Rotterdam 2026-03-23: TX=14.2 TN=2.8
  Rotterdam 2026-03-22: TX=14.5 TN=1.7
  Rotterdam 2026-03-21: TX=12.5 TN=2.0
  Enschede 2026-03-23: TX=16.3 TN=-0.5
  Enschede 2026-03-22: TX=15.7 TN=1.8
  Enschede 2026-03-21: TX=8.0 TN=1.2
  Eelde 2026-03-23: TX=14.3 TN=-0.1
  Eelde 2026-03-22: TX=14.4 TN=1.0
  Eelde 2026-03-21: TX=6.3 TN=1.5
  Maastricht 2026-03-23: TX=15.5 TN=2.1
  Maastricht 2026-03-22: TX=14.5 TN=2.8
  Maastricht 2026-03-21: TX=14.2 TN=0.8
  Terschelling 2026-03-23: TX=10.7 TN=0.9
  Terschelling 2026-03-22: TX=12.4 TN=3.3
  Terschelling 2026-03-21: TX=6.8 TN=3.1
  Vlissingen 2026-03-23: TX=12.7 TN=6.8
  Vlissingen 2026-03-22: TX=14.3 TN=3.4
  Vlissingen 2026-03-21: TX=12.4 TN=3.6
  Deelen 2026-03-23: TX=16.0 TN=-0.9
  Deelen 2026-03-22: TX=16.0 TN=1.7
  Deelen 2026-03-21: TX=11.1 TN=1.6
  Gilze-Rijen 2026-03-23: TX=15.3 TN=0.6
  Gilze-Rijen 2026-03-22: TX=15.5 TN=0.9
  Gilze-Rijen 2026-03-21: TX=13.3 TN=0.4

beta_verificatie.json opgeslagen (10 stations)
MOSMIX ophalen (trend)...
  De Bilt (06260)...
  De Kooy (06235)...
  Eelde (06280)...
  Vlissingen (06310)...
  Beek (06380)...
  Rotterdam (06344)...
  Hoek v. Holland (06330)...
  Twenthe (06290)...
  Eindhoven (06370)...
  Wind Vlieland (06242)...
  Wind De Kooy (06235)...
  Wind Leeuwarden (06270)...
  Wind Hoek v. Holland (06330)...
  Wind Vlissingen (06310)...
JSON opgeslagen: grafiek_trend.json
Grafiek opgeslagen: grafiek_trend.png
MOSMIX ophalen (trend België)...
  Brussel (06451)...
  Gent (06431)...
  Antwerpen (06450)...
  Oostende (06407)...
  Bierset (06478)...
  Charleroi (06449)...
  Sint-Hubert (06476)...
  Kleine Brogel (06479)...
  Florennes (06456)...
  Wind Oostende (06407)...
  Wind Brussel (06451)...
  Wind Bierset (06478)...
  Wind Kleine Brogel (06479)...
  Wind Sint-Hubert (06476)...
JSON: grafiek_trend_be.json
Grafiek: grafiek_trend_be.png
Bestaande data geladen: 83 dagen
  Ophalen 2026-03-24 (tot nu)...
    TX top3: [(16.7, 'Maastricht', '14:20'), (16.6, 'Horst', '14:30'), (16.5, 'Ell', '14:00')]
    TN top3: [(1.8, 'Deelen', '01:00'), (1.8, 'Twenthe', '01:20'), (2.0, 'Hoogeveen', '01:30')]
    RR top3: [(0.0, 'Woensdrecht'), (0.0, 'Wilhelminadorp'), (0.0, 'Wijk aan Zee')]
  2026-01-01: al in cache, overgeslagen
  2026-01-02: al in cache, overgeslagen
  2026-01-03: al in cache, overgeslagen
  2026-01-04: al in cache, overgeslagen
  2026-01-05: al in cache, overgeslagen
  2026-01-06: al in cache, overgeslagen
  2026-01-07: al in cache, overgeslagen
  2026-01-08: al in cache, overgeslagen
  2026-01-09: al in cache, overgeslagen
  2026-01-10: al in cache, overgeslagen
  2026-01-11: al in cache, overgeslagen
  2026-01-12: al in cache, overgeslagen
  2026-01-13: al in cache, overgeslagen
  2026-01-14: al in cache, overgeslagen
  2026-01-15: al in cache, overgeslagen
  2026-01-16: al in cache, overgeslagen
  2026-01-17: al in cache, overgeslagen
  2026-01-18: al in cache, overgeslagen
  2026-01-19: al in cache, overgeslagen
  2026-01-20: al in cache, overgeslagen
  2026-01-21: al in cache, overgeslagen
  2026-01-22: al in cache, overgeslagen
  2026-01-23: al in cache, overgeslagen
  2026-01-24: al in cache, overgeslagen
  2026-01-25: al in cache, overgeslagen
  2026-01-26: al in cache, overgeslagen
  2026-01-27: al in cache, overgeslagen
  2026-01-28: al in cache, overgeslagen
  2026-01-29: al in cache, overgeslagen
  2026-01-30: al in cache, overgeslagen
  2026-01-31: al in cache, overgeslagen
  2026-02-01: al in cache, overgeslagen
  2026-02-02: al in cache, overgeslagen
  2026-02-03: al in cache, overgeslagen
  2026-02-04: al in cache, overgeslagen
  2026-02-05: al in cache, overgeslagen
  2026-02-06: al in cache, overgeslagen
  2026-02-07: al in cache, overgeslagen
  2026-02-08: al in cache, overgeslagen
  2026-02-09: al in cache, overgeslagen
  2026-02-10: al in cache, overgeslagen
  2026-02-11: al in cache, overgeslagen
  2026-02-12: al in cache, overgeslagen
  2026-02-13: al in cache, overgeslagen
  2026-02-14: al in cache, overgeslagen
  2026-02-15: al in cache, overgeslagen
  2026-02-16: al in cache, overgeslagen
  2026-02-17: al in cache, overgeslagen
  2026-02-18: al in cache, overgeslagen
  2026-02-19: al in cache, overgeslagen
  2026-02-20: al in cache, overgeslagen
  2026-02-21: al in cache, overgeslagen
  2026-02-22: al in cache, overgeslagen
  2026-02-23: al in cache, overgeslagen
  2026-02-24: al in cache, overgeslagen
  2026-02-25: al in cache, overgeslagen
  2026-02-26: al in cache, overgeslagen
  2026-02-27: al in cache, overgeslagen
  2026-02-28: al in cache, overgeslagen
  2026-03-01: al in cache, overgeslagen
  2026-03-02: al in cache, overgeslagen
  2026-03-03: al in cache, overgeslagen
  2026-03-04: al in cache, overgeslagen
  2026-03-05: al in cache, overgeslagen
  2026-03-06: al in cache, overgeslagen
  2026-03-07: al in cache, overgeslagen
  2026-03-08: al in cache, overgeslagen
  2026-03-09: al in cache, overgeslagen
  2026-03-10: al in cache, overgeslagen
  2026-03-11: al in cache, overgeslagen
  2026-03-12: al in cache, overgeslagen
  2026-03-13: al in cache, overgeslagen
  2026-03-14: al in cache, overgeslagen
  2026-03-15: al in cache, overgeslagen
  2026-03-16: al in cache, overgeslagen
  2026-03-17: al in cache, overgeslagen
  2026-03-18: al in cache, overgeslagen
  2026-03-19: al in cache, overgeslagen
  2026-03-20: al in cache, overgeslagen
  2026-03-21: al in cache, overgeslagen
  2026-03-22: al in cache, overgeslagen
  2026-03-23: al in cache, overgeslagen

toplijst.json bijgewerkt (83 dagen)
Kaarten maken voor 2026-03-15...
  → klaar voor 2026-03-15
Kaarten maken voor 2026-03-16...
  → klaar voor 2026-03-16
Kaarten maken voor 2026-03-17...
  → klaar voor 2026-03-17
Kaarten maken voor 2026-03-18...
  → klaar voor 2026-03-18
Kaarten maken voor 2026-03-19...
  → klaar voor 2026-03-19
Kaarten maken voor 2026-03-20...
  → klaar voor 2026-03-20
Kaarten maken voor 2026-03-21...
  → klaar voor 2026-03-21
Kaarten maken voor 2026-03-22...
  → klaar voor 2026-03-22
Kaarten maken voor 2026-03-23...
  → klaar voor 2026-03-23
Kaarten maken voor 2026-03-24...
  → klaar voor 2026-03-24
Alle waarnemingskaarten klaar!
index.json: 290 kaarten
ok: /Users/aldus/Desktop/KNMI_Project/weerkaarten 2/p13_records.html
Grootte: 17295 chars
Pluim: De Bilt...
  Opgeslagen: kaart_pluim_lijnen_de_bilt.png
Pluim: Rotterdam...
  Opgeslagen: kaart_pluim_lijnen_rotterdam.png
Pluim: Barendrecht...
  Opgeslagen: kaart_pluim_lijnen_barendrecht.png
Pluim: Maastricht...
  Opgeslagen: kaart_pluim_lijnen_maastricht.png
Pluim: Eelde...
  Opgeslagen: kaart_pluim_lijnen_eelde.png
Pluim: Vlissingen...
  Opgeslagen: kaart_pluim_lijnen_vlissingen.png
Pluim: Enschede...
  Opgeslagen: kaart_pluim_lijnen_enschede.png

Klaar!

Pluim: De Bilt...
  Opgeslagen: kaart_pluim_compleet_de_bilt.png

Pluim: Rotterdam...
  Opgeslagen: kaart_pluim_compleet_rotterdam.png

Pluim: Barendrecht...
  Opgeslagen: kaart_pluim_compleet_barendrecht.png

Pluim: Vlissingen...
  Opgeslagen: kaart_pluim_compleet_vlissingen.png

Pluim: Eelde...
  Opgeslagen: kaart_pluim_compleet_eelde.png

Pluim: Maastricht...
  Opgeslagen: kaart_pluim_compleet_maastricht.png

Klaar!

Multimodel neerslag: De Bilt...
  ECMWF ENS...
    51 leden × 384 stappen
  ICON-EPS...
    40 leden × 168 stappen
  GFS ENS...
    31 leden × 384 stappen
  Opgeslagen: kaart_pluim_multi_neerslag_de_bilt.png

Multimodel neerslag: Rotterdam...
  ECMWF ENS...
    51 leden × 384 stappen
  ICON-EPS...
    40 leden × 168 stappen
  GFS ENS...
    31 leden × 384 stappen
  Opgeslagen: kaart_pluim_multi_neerslag_rotterdam.png

Multimodel neerslag: Barendrecht...
  ECMWF ENS...
    51 leden × 384 stappen
  ICON-EPS...
    40 leden × 168 stappen
  GFS ENS...
    31 leden × 384 stappen
  Opgeslagen: kaart_pluim_multi_neerslag_barendrecht.png

Multimodel neerslag: Vlissingen...
  ECMWF ENS...
    51 leden × 384 stappen
  ICON-EPS...
    40 leden × 168 stappen
  GFS ENS...
    31 leden × 384 stappen
  Opgeslagen: kaart_pluim_multi_neerslag_vlissingen.png

Multimodel neerslag: Eelde...
  ECMWF ENS...
    51 leden × 384 stappen
  ICON-EPS...
    40 leden × 168 stappen
  GFS ENS...
    31 leden × 384 stappen
  Opgeslagen: kaart_pluim_multi_neerslag_eelde.png

Multimodel neerslag: Maastricht...
  ECMWF ENS...
    51 leden × 384 stappen
  ICON-EPS...
    40 leden × 168 stappen
  GFS ENS...
    31 leden × 384 stappen
  Opgeslagen: kaart_pluim_multi_neerslag_maastricht.png

Klaar!

Multimodel pluim: De Bilt...
  ECMWF ENS...
    51 leden × 384 stappen
  ICON-EPS...
    40 leden × 168 stappen
  GFS ENS...
    31 leden × 384 stappen
  Opgeslagen: kaart_pluim_multi_de_bilt.png

Multimodel pluim: Rotterdam...
  ECMWF ENS...
    51 leden × 384 stappen
  ICON-EPS...
    40 leden × 168 stappen
  GFS ENS...
    31 leden × 384 stappen
  Opgeslagen: kaart_pluim_multi_rotterdam.png

Multimodel pluim: Barendrecht...
  ECMWF ENS...
    51 leden × 384 stappen
  ICON-EPS...
    40 leden × 168 stappen
  GFS ENS...
    31 leden × 384 stappen
  Opgeslagen: kaart_pluim_multi_barendrecht.png

Multimodel pluim: Vlissingen...
  ECMWF ENS...
    51 leden × 384 stappen
  ICON-EPS...
    40 leden × 168 stappen
  GFS ENS...
    31 leden × 384 stappen
  Opgeslagen: kaart_pluim_multi_vlissingen.png

Multimodel pluim: Eelde...
  ECMWF ENS...
    51 leden × 384 stappen
  ICON-EPS...
    40 leden × 168 stappen
  GFS ENS...
    31 leden × 384 stappen
  Opgeslagen: kaart_pluim_multi_eelde.png

Multimodel pluim: Maastricht...
  ECMWF ENS...
    51 leden × 384 stappen
  ICON-EPS...
    40 leden × 168 stappen
  GFS ENS...
    31 leden × 384 stappen
  Opgeslagen: kaart_pluim_multi_maastricht.png

Klaar!

Multimodel wind: De Bilt...
  ECMWF ENS...
    51 leden × 384 stappen
  ICON-EPS...
    40 leden × 168 stappen
  GFS ENS...
    31 leden × 384 stappen
  Opgeslagen: kaart_pluim_multi_wind_de_bilt.png

Multimodel wind: Rotterdam...
  ECMWF ENS...
    51 leden × 384 stappen
  ICON-EPS...
    40 leden × 168 stappen
  GFS ENS...
    31 leden × 384 stappen
  Opgeslagen: kaart_pluim_multi_wind_rotterdam.png

Multimodel wind: Barendrecht...
  ECMWF ENS...
    51 leden × 384 stappen
  ICON-EPS...
    40 leden × 168 stappen
  GFS ENS...
    31 leden × 384 stappen
  Opgeslagen: kaart_pluim_multi_wind_barendrecht.png

Multimodel wind: Vlissingen...
  ECMWF ENS...
    51 leden × 384 stappen
  ICON-EPS...
    40 leden × 168 stappen
  GFS ENS...
    31 leden × 384 stappen
  Opgeslagen: kaart_pluim_multi_wind_vlissingen.png

Multimodel wind: Eelde...
  ECMWF ENS...
    51 leden × 384 stappen
  ICON-EPS...
    40 leden × 168 stappen
  GFS ENS...
    31 leden × 384 stappen
  Opgeslagen: kaart_pluim_multi_wind_eelde.png

Multimodel wind: Maastricht...
  ECMWF ENS...
    51 leden × 384 stappen
  ICON-EPS...
    40 leden × 168 stappen
  GFS ENS...
    31 leden × 384 stappen
  Opgeslagen: kaart_pluim_multi_wind_maastricht.png

Klaar!
[main 9e8f7fa1] Kaarten update 2026-03-24 21:36
 347 files changed, 2527 insertions(+), 11 deletions(-)
 delete mode 100644 kaart_be_dauwpunt_dinsdag_24mar2026.png
 create mode 100644 kaart_be_dauwpunt_dinsdag_31mar2026.png
 delete mode 100644 kaart_be_mist_dinsdag_24mar2026.png
 create mode 100644 kaart_be_mist_dinsdag_31mar2026.png
 create mode 100644 kaart_dauwpunt_dinsdag_31mar2026.png
 create mode 100644 kaart_mist_dinsdag_31mar2026.png
 delete mode 100644 kaart_synop_20260324_1448.png
 delete mode 100644 kaart_synop_20260324_1459.png
 delete mode 100644 kaart_synop_20260324_1510.png
 delete mode 100644 kaart_synop_20260324_1521.png
 delete mode 100644 kaart_synop_20260324_1532.png
 delete mode 100644 kaart_synop_20260324_1543.png
 delete mode 100644 kaart_synop_20260324_1555.png
 delete mode 100644 kaart_synop_20260324_1606.png
 delete mode 100644 kaart_synop_20260324_1617.png
 delete mode 100644 kaart_synop_20260324_1628.png
 delete mode 100644 kaart_synop_20260324_1639.png
 delete mode 100644 kaart_synop_20260324_1650.png
 delete mode 100644 kaart_synop_20260324_1701.png
 delete mode 100644 kaart_synop_20260324_1712.png
 delete mode 100644 kaart_synop_20260324_1723.png
 delete mode 100644 kaart_synop_20260324_1734.png
 delete mode 100644 kaart_synop_20260324_1745.png
 delete mode 100644 kaart_synop_20260324_1756.png
 delete mode 100644 kaart_synop_20260324_1808.png
 delete mode 100644 kaart_synop_20260324_1819.png
 delete mode 100644 kaart_synop_20260324_1830.png
 delete mode 100644 kaart_synop_20260324_1841.png
 delete mode 100644 kaart_synop_20260324_1852.png
 delete mode 100644 kaart_synop_20260324_1903.png
 delete mode 100644 kaart_synop_20260324_1914.png
 delete mode 100644 kaart_synop_20260324_1925.png
 delete mode 100644 kaart_synop_20260324_1936.png
 create mode 100644 kaart_t5cm_dinsdag_31mar2026.png
=== Upload klaar ===
=== Ed Aldus WM — upload Wed Mar 25 03:30:05 CET 2026 ===
Waarschuwingen opgeslagen: YELLOW (25 Mar 2026 03:30)
=== KNMI Guidance === 2026-03-25 03:30
  Ophalen: kort...
  Klaar: 4810 tekens
  Ophalen: lang...
  Klaar: 2820 tekens
Opgeslagen: guidance.json
Basiskaart aanmaken...
kaart_basis_nl.png aangemaakt
MOSMIX ophalen (temperatuur Nederland TX/TN)...
  Eelde (06280)...
  Terschelling (06250)...
  Vlieland (06242)...
  Leeuwarden (06270)...
  Den Helder (06235)...
  Amsterdam (06240)...
  De Bilt (06260)...
  Deelen (06275)...
  Hoogeveen (06279)...
  Enschede (06290)...
  Vlissingen (06310)...
  Hoek van Holland (06330)...
  Rotterdam Airport (06344)...
  Gilze Rijen (06350)...
  Eindhoven (06370)...
  Maastricht (06380)...
  Gent (06431)...
  Antwerpen (06450)...
  Kleve (K1176)...
  Brussel (06451)...
  Kleine Brogel (06479)...
  Dollart (E207)...
  Wielen (P0122)...
  Weeze (10405)...
  Valkenburg (06210)...
  Volkel (06375)...
  Bocholt (10406)...
  Nettetal (H512)...
  IJsselmeer (E5305)...
  Borkum (K1083)...
  Geilenkirchen (10500)...
Data voor 7 dagen
Kaart: kaart_temp_woensdag_25mar2026.png
Kaart: kaart_temp_donderdag_26mar2026.png
Kaart: kaart_temp_vrijdag_27mar2026.png
Kaart: kaart_temp_zaterdag_28mar2026.png
Kaart: kaart_temp_zondag_29mar2026.png
Kaart: kaart_temp_maandag_30mar2026.png
Kaart: kaart_temp_dinsdag_31mar2026.png
  Verwijderd: kaart_temp_dinsdag_24mar2026.png
  Verwijderd: kaart_temp_dag_dinsdag_24mar2026.png
  Verwijderd: kaart_temp_dag_woensdag_25mar2026.png
  Verwijderd: kaart_temp_dag_donderdag_26mar2026.png
  Verwijderd: kaart_temp_dag_vrijdag_27mar2026.png
  Verwijderd: kaart_temp_dag_zaterdag_28mar2026.png
  Verwijderd: kaart_temp_dag_zondag_29mar2026.png
  Verwijderd: kaart_temp_dag_maandag_30mar2026.png
  Verwijderd: kaart_temp_nacht_dinsdag_24mar2026.png
  Verwijderd: kaart_temp_nacht_woensdag_25mar2026.png
  Verwijderd: kaart_temp_nacht_donderdag_26mar2026.png
  Verwijderd: kaart_temp_nacht_vrijdag_27mar2026.png
  Verwijderd: kaart_temp_nacht_zaterdag_28mar2026.png
  Verwijderd: kaart_temp_nacht_zondag_29mar2026.png
  Verwijderd: kaart_temp_nacht_maandag_30mar2026.png
MOSMIX ophalen (max temp dag 06-18u)...
Ophalen: Eelde (06280)...
Ophalen: Terschelling (06250)...
Ophalen: Vlieland (06242)...
Ophalen: Leeuwarden (06270)...
Ophalen: Den Helder (06235)...
Ophalen: Amsterdam (06240)...
Ophalen: De Bilt (06260)...
Ophalen: Deelen (06275)...
Ophalen: Hoogeveen (06279)...
Ophalen: Enschede (06290)...
Ophalen: Vlissingen (06310)...
Ophalen: Hoek van Holland (06330)...
Ophalen: Rotterdam Airport (06344)...
Ophalen: Gilze Rijen (06350)...
Ophalen: Eindhoven (06370)...
Ophalen: Maastricht (06380)...
Ophalen: Gent (06431)...
Ophalen: Antwerpen (06450)...
Ophalen: Kleve (K1176)...
Ophalen: Brussel (06451)...
Ophalen: Kleine Brogel (06479)...
Ophalen: Dollart (E207)...
Ophalen: Wielen (P0122)...
Ophalen: Weeze (10405)...
Ophalen: Valkenburg (06210)...
Ophalen: Volkel (06375)...
Ophalen: Bocholt (10406)...
Ophalen: Nettetal (H512)...
Ophalen: IJsselmeer (E5305)...
Ophalen: Borkum (K1083)...
Ophalen: Geilenkirchen (10500)...
Data voor 7 dagen
Kaart: kaart_temp_dag_woensdag_25mar2026.png
Kaart: kaart_temp_dag_donderdag_26mar2026.png
Kaart: kaart_temp_dag_vrijdag_27mar2026.png
Kaart: kaart_temp_dag_zaterdag_28mar2026.png
Kaart: kaart_temp_dag_zondag_29mar2026.png
Kaart: kaart_temp_dag_maandag_30mar2026.png
Kaart: kaart_temp_dag_dinsdag_31mar2026.png
MOSMIX ophalen (min temp nacht 18-06u)...
Ophalen: Eelde (06280)...
Ophalen: Terschelling (06250)...
Ophalen: Vlieland (06242)...
Ophalen: Leeuwarden (06270)...
Ophalen: Den Helder (06235)...
Ophalen: Amsterdam (06240)...
Ophalen: De Bilt (06260)...
Ophalen: Deelen (06275)...
Ophalen: Hoogeveen (06279)...
Ophalen: Enschede (06290)...
Ophalen: Vlissingen (06310)...
Ophalen: Hoek van Holland (06330)...
Ophalen: Rotterdam Airport (06344)...
Ophalen: Gilze Rijen (06350)...
Ophalen: Eindhoven (06370)...
Ophalen: Maastricht (06380)...
Ophalen: Gent (06431)...
Ophalen: Antwerpen (06450)...
Ophalen: Kleve (K1176)...
Ophalen: Brussel (06451)...
Ophalen: Kleine Brogel (06479)...
Ophalen: Dollart (E207)...
Ophalen: Wielen (P0122)...
Ophalen: Weeze (10405)...
Ophalen: Valkenburg (06210)...
Ophalen: Volkel (06375)...
Ophalen: Bocholt (10406)...
Ophalen: Nettetal (H512)...
Ophalen: IJsselmeer (E5305)...
Ophalen: Borkum (K1083)...
Ophalen: Geilenkirchen (10500)...
Data voor 7 dagen
Kaart: kaart_temp_nacht_dinsdag_24mar2026.png
Kaart: kaart_temp_nacht_woensdag_25mar2026.png
Kaart: kaart_temp_nacht_donderdag_26mar2026.png
Kaart: kaart_temp_nacht_vrijdag_27mar2026.png
Kaart: kaart_temp_nacht_zaterdag_28mar2026.png
Kaart: kaart_temp_nacht_zondag_29mar2026.png
Kaart: kaart_temp_nacht_maandag_30mar2026.png
MOSMIX ophalen (zon/bewolking)...
Ophalen: Eelde (06280)...
Ophalen: Terschelling (06250)...
Ophalen: Vlieland (06242)...
Ophalen: Leeuwarden (06270)...
Ophalen: Den Helder (06235)...
Ophalen: Amsterdam (06240)...
Ophalen: De Bilt (06260)...
Ophalen: Deelen (06275)...
Ophalen: Hoogeveen (06279)...
Ophalen: Enschede (06290)...
Ophalen: Hoek van Holland (06330)...
Ophalen: Rotterdam Airport (06344)...
Ophalen: Gilze Rijen (06350)...
Ophalen: Eindhoven (06370)...
Ophalen: Maastricht (06380)...
Ophalen: Kleve (K1176)...
Ophalen: Kleine Brogel (06479)...
Ophalen: Dollart (E207)...
Ophalen: Wielen (P0122)...
Ophalen: Weeze (10405)...
Ophalen: Valkenburg (06210)...
Ophalen: Volkel (06375)...
Ophalen: Bocholt (10406)...
Ophalen: Nettetal (H512)...
Ophalen: IJsselmeer (E5305)...
Ophalen: Borkum (K1083)...
Ophalen: Geilenkirchen (10500)...
Data voor 7 dagen
Kaart: kaart_zon_dinsdag_24mar2026.png
Kaart: kaart_zon_woensdag_25mar2026.png
Kaart: kaart_zon_donderdag_26mar2026.png
Kaart: kaart_zon_vrijdag_27mar2026.png
Kaart: kaart_zon_zaterdag_28mar2026.png
Kaart: kaart_zon_zondag_29mar2026.png
Kaart: kaart_zon_maandag_30mar2026.png
MOSMIX ophalen (wind dag 06-18u)...
Ophalen: Eelde (06280)...
Ophalen: Terschelling (06250)...
Ophalen: Vlieland (06242)...
Ophalen: Leeuwarden (06270)...
Ophalen: Den Helder (06235)...
Ophalen: Amsterdam (06240)...
Ophalen: De Bilt (06260)...
Ophalen: Deelen (06275)...
Ophalen: Hoogeveen (06279)...
Ophalen: Enschede (06290)...
Ophalen: Vlissingen (06310)...
Ophalen: Hoek van Holland (06330)...
Ophalen: Rotterdam Airport (06344)...
Ophalen: Gilze Rijen (06350)...
Ophalen: Eindhoven (06370)...
Ophalen: Maastricht (06380)...
Ophalen: Gent (06431)...
Ophalen: Antwerpen (06450)...
Ophalen: Kleve (K1176)...
Ophalen: Brussel (06451)...
Ophalen: Kleine Brogel (06479)...
Ophalen: Dollart (E207)...
Ophalen: Wielen (P0122)...
Ophalen: Weeze (10405)...
Ophalen: Valkenburg (06210)...
Ophalen: Volkel (06375)...
Ophalen: Bocholt (10406)...
Ophalen: Nettetal (H512)...
Ophalen: IJsselmeer (E5305)...
Ophalen: Borkum (K1083)...
Ophalen: Geilenkirchen (10500)...
Data voor 7 dagen
Kaart: kaart_wind_woensdag_25mar2026.png
Kaart: kaart_wind_donderdag_26mar2026.png
Kaart: kaart_wind_vrijdag_27mar2026.png
Kaart: kaart_wind_zaterdag_28mar2026.png
Kaart: kaart_wind_zondag_29mar2026.png
Kaart: kaart_wind_maandag_30mar2026.png
Kaart: kaart_wind_dinsdag_31mar2026.png
  Verwijderd: kaart_wind_dinsdag_24mar2026.png
MOSMIX ophalen (wind nacht 18-06u)...
Ophalen: Eelde (06280)...
Ophalen: Terschelling (06250)...
Ophalen: Vlieland (06242)...
Ophalen: Leeuwarden (06270)...
Ophalen: Den Helder (06235)...
Ophalen: Amsterdam (06240)...
Ophalen: De Bilt (06260)...
Ophalen: Deelen (06275)...
Ophalen: Hoogeveen (06279)...
Ophalen: Enschede (06290)...
Ophalen: Vlissingen (06310)...
Ophalen: Hoek van Holland (06330)...
Ophalen: Rotterdam Airport (06344)...
Ophalen: Gilze Rijen (06350)...
Ophalen: Eindhoven (06370)...
Ophalen: Maastricht (06380)...
Ophalen: Gent (06431)...
Ophalen: Antwerpen (06450)...
Ophalen: Kleve (K1176)...
Ophalen: Brussel (06451)...
Ophalen: Kleine Brogel (06479)...
Ophalen: Dollart (E207)...
Ophalen: Wielen (P0122)...
Ophalen: Weeze (10405)...
Ophalen: Valkenburg (06210)...
Ophalen: Volkel (06375)...
Ophalen: Bocholt (10406)...
Ophalen: Nettetal (H512)...
Ophalen: IJsselmeer (E5305)...
Ophalen: Borkum (K1083)...
Ophalen: Geilenkirchen (10500)...
Data voor 7 dagen
Kaart: kaart_wind_nacht_dinsdag_24mar2026.png
Kaart: kaart_wind_nacht_woensdag_25mar2026.png
Kaart: kaart_wind_nacht_donderdag_26mar2026.png
Kaart: kaart_wind_nacht_vrijdag_27mar2026.png
Kaart: kaart_wind_nacht_zaterdag_28mar2026.png
Kaart: kaart_wind_nacht_zondag_29mar2026.png
Kaart: kaart_wind_nacht_maandag_30mar2026.png
  Verwijderd: kaart_wind_nacht_dinsdag_24mar2026.png
  Verwijderd: kaart_wind_nacht_donderdag_26mar2026.png
MOSMIX ophalen (mist/zichtbaarheid)...
Ophalen: Eelde (06280)...
Ophalen: Terschelling (06250)...
Ophalen: Vlieland (06242)...
Ophalen: Leeuwarden (06270)...
Ophalen: Den Helder (06235)...
Ophalen: Amsterdam (06240)...
Ophalen: De Bilt (06260)...
Ophalen: Deelen (06275)...
Ophalen: Hoogeveen (06279)...
Ophalen: Enschede (06290)...
Ophalen: Vlissingen (06310)...
Ophalen: Hoek van Holland (06330)...
Ophalen: Rotterdam Airport (06344)...
Ophalen: Gilze Rijen (06350)...
Ophalen: Eindhoven (06370)...
Ophalen: Maastricht (06380)...
Ophalen: Gent (06431)...
Ophalen: Antwerpen (06450)...
Ophalen: Kleve (K1176)...
Ophalen: Brussel (06451)...
Ophalen: Kleine Brogel (06479)...
Ophalen: Dollart (E207)...
Ophalen: Wielen (P0122)...
Ophalen: Weeze (10405)...
Ophalen: Valkenburg (06210)...
Ophalen: Volkel (06375)...
Ophalen: Bocholt (10406)...
Ophalen: Nettetal (H512)...
Ophalen: IJsselmeer (E5305)...
Ophalen: Borkum (K1083)...
Ophalen: Geilenkirchen (10500)...
Data voor 7 dagen
Kaart: kaart_mist_woensdag_25mar2026.png
Kaart: kaart_mist_donderdag_26mar2026.png
Kaart: kaart_mist_vrijdag_27mar2026.png
Kaart: kaart_mist_zaterdag_28mar2026.png
Kaart: kaart_mist_zondag_29mar2026.png
Kaart: kaart_mist_maandag_30mar2026.png
Kaart: kaart_mist_dinsdag_31mar2026.png
MOSMIX ophalen (T5cm grastemperatuur)...
Ophalen: Eelde (06280)...
Ophalen: Terschelling (06250)...
Ophalen: Vlieland (06242)...
Ophalen: Leeuwarden (06270)...
Ophalen: Den Helder (06235)...
Ophalen: Amsterdam (06240)...
Ophalen: De Bilt (06260)...
Ophalen: Deelen (06275)...
Ophalen: Hoogeveen (06279)...
Ophalen: Enschede (06290)...
Ophalen: Vlissingen (06310)...
Ophalen: Hoek van Holland (06330)...
Ophalen: Rotterdam Airport (06344)...
Ophalen: Gilze Rijen (06350)...
Ophalen: Eindhoven (06370)...
Ophalen: Maastricht (06380)...
Ophalen: Gent (06431)...
Ophalen: Antwerpen (06450)...
Ophalen: Kleve (K1176)...
Ophalen: Brussel (06451)...
Ophalen: Kleine Brogel (06479)...
Ophalen: Dollart (E207)...
Ophalen: Wielen (P0122)...
Ophalen: Weeze (10405)...
Ophalen: Valkenburg (06210)...
Ophalen: Volkel (06375)...
Ophalen: Bocholt (10406)...
Ophalen: Nettetal (H512)...
Ophalen: IJsselmeer (E5305)...
Ophalen: Borkum (K1083)...
Ophalen: Geilenkirchen (10500)...
Data voor 7 dagen
Kaart: kaart_t5cm_woensdag_25mar2026.png
Kaart: kaart_t5cm_donderdag_26mar2026.png
Kaart: kaart_t5cm_vrijdag_27mar2026.png
Kaart: kaart_t5cm_zaterdag_28mar2026.png
Kaart: kaart_t5cm_zondag_29mar2026.png
Kaart: kaart_t5cm_maandag_30mar2026.png
Kaart: kaart_t5cm_dinsdag_31mar2026.png
MOSMIX ophalen (dauwpunt Td2)...
Ophalen: Eelde (06280)...
Ophalen: Terschelling (06250)...
Ophalen: Vlieland (06242)...
Ophalen: Leeuwarden (06270)...
Ophalen: Den Helder (06235)...
Ophalen: Amsterdam (06240)...
Ophalen: De Bilt (06260)...
Ophalen: Deelen (06275)...
Ophalen: Hoogeveen (06279)...
Ophalen: Enschede (06290)...
Ophalen: Vlissingen (06310)...
Ophalen: Hoek van Holland (06330)...
Ophalen: Rotterdam Airport (06344)...
Ophalen: Gilze Rijen (06350)...
Ophalen: Eindhoven (06370)...
Ophalen: Maastricht (06380)...
Ophalen: Gent (06431)...
Ophalen: Antwerpen (06450)...
Ophalen: Kleve (K1176)...
Ophalen: Brussel (06451)...
Ophalen: Kleine Brogel (06479)...
Ophalen: Dollart (E207)...
Ophalen: Wielen (P0122)...
Ophalen: Weeze (10405)...
Ophalen: Valkenburg (06210)...
Ophalen: Volkel (06375)...
Ophalen: Bocholt (10406)...
Ophalen: Nettetal (H512)...
Ophalen: IJsselmeer (E5305)...
Ophalen: Borkum (K1083)...
Ophalen: Geilenkirchen (10500)...
Data voor 7 dagen
Kaart: kaart_dauwpunt_woensdag_25mar2026.png
Kaart: kaart_dauwpunt_donderdag_26mar2026.png
Kaart: kaart_dauwpunt_vrijdag_27mar2026.png
Kaart: kaart_dauwpunt_zaterdag_28mar2026.png
Kaart: kaart_dauwpunt_zondag_29mar2026.png
Kaart: kaart_dauwpunt_maandag_30mar2026.png
Kaart: kaart_dauwpunt_dinsdag_31mar2026.png
MOSMIX ophalen (gevoelstemperatuur berekend via TTT+FF)...
Ophalen: Eelde (06280)...
Ophalen: Terschelling (06250)...
Ophalen: Vlieland (06242)...
Ophalen: Leeuwarden (06270)...
Ophalen: Den Helder (06235)...
Ophalen: Amsterdam (06240)...
Ophalen: De Bilt (06260)...
Ophalen: Deelen (06275)...
Ophalen: Hoogeveen (06279)...
Ophalen: Enschede (06290)...
Ophalen: Vlissingen (06310)...
Ophalen: Hoek van Holland (06330)...
Ophalen: Rotterdam Airport (06344)...
Ophalen: Gilze Rijen (06350)...
Ophalen: Eindhoven (06370)...
Ophalen: Maastricht (06380)...
Ophalen: Gent (06431)...
Ophalen: Antwerpen (06450)...
Ophalen: Kleve (K1176)...
Ophalen: Brussel (06451)...
Ophalen: Kleine Brogel (06479)...
Ophalen: Dollart (E207)...
Ophalen: Wielen (P0122)...
Ophalen: Weeze (10405)...
Ophalen: Valkenburg (06210)...
Ophalen: Volkel (06375)...
Ophalen: Bocholt (10406)...
Ophalen: Nettetal (H512)...
Ophalen: IJsselmeer (E5305)...
Ophalen: Borkum (K1083)...
Ophalen: Geilenkirchen (10500)...
Data voor 7 dagen
Kaart: kaart_gevoels_dinsdag_24mar2026.png
Kaart: kaart_gevoels_woensdag_25mar2026.png
Kaart: kaart_gevoels_donderdag_26mar2026.png
Kaart: kaart_gevoels_vrijdag_27mar2026.png
Kaart: kaart_gevoels_zaterdag_28mar2026.png
Kaart: kaart_gevoels_zondag_29mar2026.png
Kaart: kaart_gevoels_maandag_30mar2026.png
MOSMIX ophalen (neerslag)...
Ophalen: Eelde (06280)...
Ophalen: Terschelling (06250)...
Ophalen: Vlieland (06242)...
Ophalen: Leeuwarden (06270)...
Ophalen: Den Helder (06235)...
Ophalen: Amsterdam (06240)...
Ophalen: De Bilt (06260)...
Ophalen: Deelen (06275)...
Ophalen: Hoogeveen (06279)...
Ophalen: Enschede (06290)...
Ophalen: Vlissingen (06310)...
Ophalen: Hoek van Holland (06330)...
Ophalen: Rotterdam Airport (06344)...
Ophalen: Gilze Rijen (06350)...
Ophalen: Eindhoven (06370)...
Ophalen: Maastricht (06380)...
Ophalen: Gent (06431)...
Ophalen: Antwerpen (06450)...
Ophalen: Kleve (K1176)...
Ophalen: Brussel (06451)...
Ophalen: Kleine Brogel (06479)...
Ophalen: Dollart (E207)...
Ophalen: Wielen (P0122)...
Ophalen: Weeze (10405)...
Ophalen: Valkenburg (06210)...
Ophalen: Volkel (06375)...
Ophalen: Bocholt (10406)...
Ophalen: Nettetal (H512)...
Ophalen: IJsselmeer (E5305)...
Ophalen: Borkum (K1083)...
Ophalen: Geilenkirchen (10500)...
Data voor 7 dagen
Kaart: kaart_regen_dinsdag_24mar2026.png
Kaart: kaart_regen_woensdag_25mar2026.png
Kaart: kaart_regen_donderdag_26mar2026.png
Kaart: kaart_regen_vrijdag_27mar2026.png
Kaart: kaart_regen_zaterdag_28mar2026.png
Kaart: kaart_regen_zondag_29mar2026.png
Kaart: kaart_regen_maandag_30mar2026.png
MOSMIX ophalen (onweer: wwT, wwTd, CAPE, CIN)...
Ophalen: Eelde (06280)...
Ophalen: Terschelling (06250)...
Ophalen: Vlieland (06242)...
Ophalen: Leeuwarden (06270)...
Ophalen: Den Helder (06235)...
Ophalen: Amsterdam (06240)...
Ophalen: De Bilt (06260)...
Ophalen: Deelen (06275)...
Ophalen: Hoogeveen (06279)...
Ophalen: Enschede (06290)...
Ophalen: Vlissingen (06310)...
Ophalen: Hoek van Holland (06330)...
Ophalen: Rotterdam Airport (06344)...
Ophalen: Gilze Rijen (06350)...
Ophalen: Eindhoven (06370)...
Ophalen: Maastricht (06380)...
Ophalen: Gent (06431)...
Ophalen: Antwerpen (06450)...
Ophalen: Kleve (K1176)...
Ophalen: Brussel (06451)...
Ophalen: Kleine Brogel (06479)...
Ophalen: Dollart (E207)...
Ophalen: Wielen (P0122)...
Ophalen: Weeze (10405)...
Ophalen: Valkenburg (06210)...
Ophalen: Volkel (06375)...
Ophalen: Bocholt (10406)...
Ophalen: Nettetal (H512)...
Ophalen: IJsselmeer (E5305)...
Ophalen: Borkum (K1083)...
Ophalen: Geilenkirchen (10500)...
Data voor 7 dagen
Kaart: kaart_onweer_dinsdag_24mar2026.png
Kaart: kaart_onweer_woensdag_25mar2026.png
Kaart: kaart_onweer_donderdag_26mar2026.png
Kaart: kaart_onweer_vrijdag_27mar2026.png
Kaart: kaart_onweer_zaterdag_28mar2026.png
Kaart: kaart_onweer_zondag_29mar2026.png
Kaart: kaart_onweer_maandag_30mar2026.png

Bewolkingskaart voor Do 26 mrt...
  Eelde...
  Terschelling...
  Vlieland...
  Leeuwarden...
  Den Helder...
  Amsterdam...
  De Bilt...
  Deelen...
  Hoogeveen...
  Enschede...
  Vlissingen...
  Hoek van Holland...
  Rotterdam Airport...
  Gilze Rijen...
  Eindhoven...
  Maastricht...
  Gent...
  Antwerpen...
  Kleve...
  Brussel...
  Kleine Brogel...
  Dollart...
  Wielen...
  Weeze...
  Valkenburg...
  Volkel...
  Bocholt...
  Nettetal...
  IJsselmeer...
  Borkum...
  Geilenkirchen...
  Data voor 31 stations
Kaart opgeslagen: kaart_bewolking_2026-03-26.png

Bewolkingskaart voor Vr 27 mrt...
  Eelde...
  Terschelling...
  Vlieland...
  Leeuwarden...
  Den Helder...
  Amsterdam...
  De Bilt...
  Deelen...
  Hoogeveen...
  Enschede...
  Vlissingen...
  Hoek van Holland...
  Rotterdam Airport...
  Gilze Rijen...
  Eindhoven...
  Maastricht...
  Gent...
  Antwerpen...
  Kleve...
  Brussel...
  Kleine Brogel...
  Dollart...
  Wielen...
  Weeze...
  Valkenburg...
  Volkel...
  Bocholt...
  Nettetal...
  IJsselmeer...
  Borkum...
  Geilenkirchen...
  Data voor 31 stations
Kaart opgeslagen: kaart_bewolking_2026-03-27.png

Bewolkingskaart voor Za 28 mrt...
  Eelde...
  Terschelling...
  Vlieland...
  Leeuwarden...
  Den Helder...
  Amsterdam...
  De Bilt...
  Deelen...
  Hoogeveen...
  Enschede...
  Vlissingen...
  Hoek van Holland...
  Rotterdam Airport...
  Gilze Rijen...
  Eindhoven...
  Maastricht...
  Gent...
  Antwerpen...
  Kleve...
  Brussel...
  Kleine Brogel...
  Dollart...
  Wielen...
  Weeze...
  Valkenburg...
  Volkel...
  Bocholt...
  Nettetal...
  IJsselmeer...
  Borkum...
  Geilenkirchen...
  Data voor 31 stations
Kaart opgeslagen: kaart_bewolking_2026-03-28.png

Bewolkingskaart voor Zo 29 mrt...
  Eelde...
  Terschelling...
  Vlieland...
  Leeuwarden...
  Den Helder...
  Amsterdam...
  De Bilt...
  Deelen...
  Hoogeveen...
  Enschede...
  Vlissingen...
  Hoek van Holland...
  Rotterdam Airport...
  Gilze Rijen...
  Eindhoven...
  Maastricht...
  Gent...
  Antwerpen...
  Kleve...
  Brussel...
  Kleine Brogel...
  Dollart...
  Wielen...
  Weeze...
  Valkenburg...
  Volkel...
  Bocholt...
  Nettetal...
  IJsselmeer...
  Borkum...
  Geilenkirchen...
  Data voor 31 stations
Kaart opgeslagen: kaart_bewolking_2026-03-29.png

Bewolkingskaart voor Ma 30 mrt...
  Eelde...
  Terschelling...
  Vlieland...
  Leeuwarden...
  Den Helder...
  Amsterdam...
  De Bilt...
  Deelen...
  Hoogeveen...
  Enschede...
  Vlissingen...
  Hoek van Holland...
  Rotterdam Airport...
  Gilze Rijen...
  Eindhoven...
  Maastricht...
  Gent...
  Antwerpen...
  Kleve...
  Brussel...
  Kleine Brogel...
  Dollart...
  Wielen...
  Weeze...
  Valkenburg...
  Volkel...
  Bocholt...
  Nettetal...
  IJsselmeer...
  Borkum...
  Geilenkirchen...
  Data voor 31 stations
Kaart opgeslagen: kaart_bewolking_2026-03-30.png

Bewolkingskaart voor Di 31 mrt...
  Eelde...
  Terschelling...
  Vlieland...
  Leeuwarden...
  Den Helder...
  Amsterdam...
  De Bilt...
  Deelen...
  Hoogeveen...
  Enschede...
  Vlissingen...
  Hoek van Holland...
  Rotterdam Airport...
  Gilze Rijen...
  Eindhoven...
  Maastricht...
  Gent...
  Antwerpen...
  Kleve...
  Brussel...
  Kleine Brogel...
  Dollart...
  Wielen...
  Weeze...
  Valkenburg...
  Volkel...
  Bocholt...
  Nettetal...
  IJsselmeer...
  Borkum...
  Geilenkirchen...
  Data voor 31 stations
Kaart opgeslagen: kaart_bewolking_2026-03-31.png

Bewolkingskaart voor Wo 1 apr...
  Eelde...
  Terschelling...
  Vlieland...
  Leeuwarden...
  Den Helder...
  Amsterdam...
  De Bilt...
  Deelen...
  Hoogeveen...
  Enschede...
  Vlissingen...
  Hoek van Holland...
  Rotterdam Airport...
  Gilze Rijen...
  Eindhoven...
  Maastricht...
  Gent...
  Antwerpen...
  Kleve...
  Brussel...
  Kleine Brogel...
  Dollart...
  Wielen...
  Weeze...
  Valkenburg...
  Volkel...
  Bocholt...
  Nettetal...
  IJsselmeer...
  Borkum...
  Geilenkirchen...
  Data voor 31 stations
Kaart opgeslagen: kaart_bewolking_2026-04-01.png

Bewolkingskaart voor Do 2 apr...
  Eelde...
  Terschelling...
  Vlieland...
  Leeuwarden...
  Den Helder...
  Amsterdam...
  De Bilt...
  Deelen...
  Hoogeveen...
  Enschede...
  Vlissingen...
  Hoek van Holland...
  Rotterdam Airport...
  Gilze Rijen...
  Eindhoven...
  Maastricht...
  Gent...
  Antwerpen...
  Kleve...
  Brussel...
  Kleine Brogel...
  Dollart...
  Wielen...
  Weeze...
  Valkenburg...
  Volkel...
  Bocholt...
  Nettetal...
  IJsselmeer...
  Borkum...
  Geilenkirchen...
  Data voor 31 stations
Kaart opgeslagen: kaart_bewolking_2026-04-02.png

Bewolkingskaart voor Vr 3 apr...
  Eelde...
  Terschelling...
  Vlieland...
  Leeuwarden...
  Den Helder...
  Amsterdam...
  De Bilt...
  Deelen...
  Hoogeveen...
  Enschede...
  Vlissingen...
  Hoek van Holland...
  Rotterdam Airport...
  Gilze Rijen...
  Eindhoven...
  Maastricht...
  Gent...
  Antwerpen...
  Kleve...
  Brussel...
  Kleine Brogel...
  Dollart...
  Wielen...
  Weeze...
  Valkenburg...
  Volkel...
  Bocholt...
  Nettetal...
  IJsselmeer...
  Borkum...
  Geilenkirchen...
  Data voor 31 stations
Kaart opgeslagen: kaart_bewolking_2026-04-03.png

Bewolkingskaart voor Za 4 apr...
  Eelde...
  Terschelling...
  Vlieland...
  Leeuwarden...
  Den Helder...
  Amsterdam...
  De Bilt...
  Deelen...
  Hoogeveen...
  Enschede...
  Vlissingen...
  Hoek van Holland...
  Rotterdam Airport...
  Gilze Rijen...
  Eindhoven...
  Maastricht...
  Gent...
  Antwerpen...
  Kleve...
  Brussel...
  Kleine Brogel...
  Dollart...
  Wielen...
  Weeze...
  Valkenburg...
  Volkel...
  Bocholt...
  Nettetal...
  IJsselmeer...
  Borkum...
  Geilenkirchen...
  Data voor 31 stations
Kaart opgeslagen: kaart_bewolking_2026-04-04.png
MOSMIX ophalen (kans op sneeuw Nederland)...
Ophalen: Eelde (06280)...
Ophalen: Terschelling (06250)...
Ophalen: Vlieland (06242)...
Ophalen: Leeuwarden (06270)...
Ophalen: Den Helder (06235)...
Ophalen: Amsterdam (06240)...
Ophalen: De Bilt (06260)...
Ophalen: Deelen (06275)...
Ophalen: Hoogeveen (06279)...
Ophalen: Enschede (06290)...
Ophalen: Vlissingen (06310)...
Ophalen: Hoek van Holland (06330)...
Ophalen: Rotterdam Airport (06344)...
Ophalen: Gilze Rijen (06350)...
Ophalen: Eindhoven (06370)...
Ophalen: Maastricht (06380)...
Ophalen: Gent (06431)...
Ophalen: Antwerpen (06450)...
Ophalen: Kleve (K1176)...
Ophalen: Brussel (06451)...
Ophalen: Kleine Brogel (06479)...
Ophalen: Dollart (E207)...
Ophalen: Wielen (P0122)...
Ophalen: Weeze (10405)...
Ophalen: Valkenburg (06210)...
Ophalen: Volkel (06375)...
Ophalen: Bocholt (10406)...
Ophalen: Nettetal (H512)...
Ophalen: IJsselmeer (E5305)...
Ophalen: Borkum (K1083)...
Ophalen: Geilenkirchen (10500)...
Data voor 7 dagen
Kaart: kaart_sneeuw_woensdag_25mar2026.png
Kaart: kaart_sneeuw_donderdag_26mar2026.png
Kaart: kaart_sneeuw_vrijdag_27mar2026.png
Kaart: kaart_sneeuw_zaterdag_28mar2026.png
Kaart: kaart_sneeuw_zondag_29mar2026.png
Kaart: kaart_sneeuw_maandag_30mar2026.png
Kaart: kaart_sneeuw_dinsdag_31mar2026.png
  Verwijderd: kaart_sneeuw_dinsdag_24mar2026.png
MOSMIX ophalen (hagelkans Nederland)...
Ophalen: Eelde (06280)...
Ophalen: Terschelling (06250)...
Ophalen: Vlieland (06242)...
Ophalen: Leeuwarden (06270)...
Ophalen: Den Helder (06235)...
Ophalen: Amsterdam (06240)...
Ophalen: De Bilt (06260)...
Ophalen: Deelen (06275)...
Ophalen: Hoogeveen (06279)...
Ophalen: Enschede (06290)...
Ophalen: Vlissingen (06310)...
Ophalen: Hoek van Holland (06330)...
Ophalen: Rotterdam Airport (06344)...
Ophalen: Gilze Rijen (06350)...
Ophalen: Eindhoven (06370)...
Ophalen: Maastricht (06380)...
Ophalen: Gent (06431)...
Ophalen: Antwerpen (06450)...
Ophalen: Kleve (K1176)...
Ophalen: Brussel (06451)...
Ophalen: Kleine Brogel (06479)...
Ophalen: Dollart (E207)...
Ophalen: Wielen (P0122)...
Ophalen: Weeze (10405)...
Ophalen: Valkenburg (06210)...
Ophalen: Volkel (06375)...
Ophalen: Bocholt (10406)...
Ophalen: Nettetal (H512)...
Ophalen: IJsselmeer (E5305)...
Ophalen: Borkum (K1083)...
Ophalen: Geilenkirchen (10500)...
Data voor 7 dagen
Kaart: kaart_hagel_woensdag_25mar2026.png
Kaart: kaart_hagel_donderdag_26mar2026.png
Kaart: kaart_hagel_vrijdag_27mar2026.png
Kaart: kaart_hagel_zaterdag_28mar2026.png
Kaart: kaart_hagel_zondag_29mar2026.png
Kaart: kaart_hagel_maandag_30mar2026.png
Kaart: kaart_hagel_dinsdag_31mar2026.png
  Verwijderd: kaart_hagel_dinsdag_24mar2026.png
MOSMIX ophalen (temperatuur België)...
  Brussel (06451)...
  Gent (06431)...
  Antwerpen (06450)...
  Kleine Brogel (06479)...
  Oostende (06407)...
  Charleroi (06449)...
  Bierset (06478)...
  Spa (06490)...
  St-Hubert (06476)...
  Florennes (06456)...
  Lille (07015)...
  Heinerschied (F9600)...
  Beauvechain (06458)...
  Monschau (H908)...
  Brugge (P0155)...
  Charleville (07075)...
  Cambrai (07017)...
  Calais (P0437)...
  Saint-Quentin (07061)...
Data voor 7 dagen
Kaart: kaart_be_temp_woensdag_25mar2026.png
Kaart: kaart_be_temp_donderdag_26mar2026.png
Kaart: kaart_be_temp_vrijdag_27mar2026.png
Kaart: kaart_be_temp_zaterdag_28mar2026.png
Kaart: kaart_be_temp_zondag_29mar2026.png
Kaart: kaart_be_temp_maandag_30mar2026.png
Kaart: kaart_be_temp_dinsdag_31mar2026.png
  Verwijderd: kaart_be_temp_dinsdag_24mar2026.png
MOSMIX ophalen (max temp dag 06-18u België)...
  Brussel (06451)...
  Gent (06431)...
  Antwerpen (06450)...
  Kleine Brogel (06479)...
  Oostende (06407)...
  Charleroi (06449)...
  Bierset (06478)...
  Spa (06490)...
  St-Hubert (06476)...
  Florennes (06456)...
  Lille (07015)...
  Heinerschied (F9600)...
  Beauvechain (06458)...
  Monschau (H908)...
  Brugge (P0155)...
  Charleville (07075)...
  Cambrai (07017)...
  Calais (P0437)...
  Saint-Quentin (07061)...
Data voor 7 dagen
Kaart: kaart_be_temp_dag_woensdag_25mar2026.png
Kaart: kaart_be_temp_dag_donderdag_26mar2026.png
Kaart: kaart_be_temp_dag_vrijdag_27mar2026.png
Kaart: kaart_be_temp_dag_zaterdag_28mar2026.png
Kaart: kaart_be_temp_dag_zondag_29mar2026.png
Kaart: kaart_be_temp_dag_maandag_30mar2026.png
Kaart: kaart_be_temp_dag_dinsdag_31mar2026.png
  Verwijderd: kaart_be_temp_dag_dinsdag_24mar2026.png
MOSMIX ophalen (min temp nacht 18-06u België)...
  Brussel (06451)...
  Gent (06431)...
  Antwerpen (06450)...
  Kleine Brogel (06479)...
  Oostende (06407)...
  Charleroi (06449)...
  Bierset (06478)...
  Spa (06490)...
  St-Hubert (06476)...
  Florennes (06456)...
  Lille (07015)...
  Heinerschied (F9600)...
  Beauvechain (06458)...
  Monschau (H908)...
  Brugge (P0155)...
  Charleville (07075)...
  Cambrai (07017)...
  Calais (P0437)...
  Saint-Quentin (07061)...
Data voor 7 dagen
Kaart: kaart_be_temp_nacht_woensdag_25mar2026.png
Kaart: kaart_be_temp_nacht_donderdag_26mar2026.png
Kaart: kaart_be_temp_nacht_vrijdag_27mar2026.png
Kaart: kaart_be_temp_nacht_zaterdag_28mar2026.png
Kaart: kaart_be_temp_nacht_zondag_29mar2026.png
Kaart: kaart_be_temp_nacht_maandag_30mar2026.png
Kaart: kaart_be_temp_nacht_dinsdag_31mar2026.png
  Verwijderd: kaart_be_temp_nacht_dinsdag_24mar2026.png
MOSMIX ophalen (wind dag 06-18u België)...
  Brussel (06451)...
  Gent (06431)...
  Antwerpen (06450)...
  Kleine Brogel (06479)...
  Oostende (06407)...
  Charleroi (06449)...
  Bierset (06478)...
  Spa (06490)...
  St-Hubert (06476)...
  Florennes (06456)...
  Lille (07015)...
  Heinerschied (F9600)...
  Beauvechain (06458)...
  Monschau (H908)...
  Brugge (P0155)...
  Charleville (07075)...
  Cambrai (07017)...
  Calais (P0437)...
  Saint-Quentin (07061)...
Data voor 7 dagen
Kaart: kaart_be_wind_woensdag_25mar2026.png
Kaart: kaart_be_wind_donderdag_26mar2026.png
Kaart: kaart_be_wind_vrijdag_27mar2026.png
Kaart: kaart_be_wind_zaterdag_28mar2026.png
Kaart: kaart_be_wind_zondag_29mar2026.png
Kaart: kaart_be_wind_maandag_30mar2026.png
Kaart: kaart_be_wind_dinsdag_31mar2026.png
  Verwijderd: kaart_be_wind_dinsdag_24mar2026.png
MOSMIX ophalen (wind nacht 18-06u België)...
  Brussel (06451)...
  Gent (06431)...
  Antwerpen (06450)...
  Kleine Brogel (06479)...
  Oostende (06407)...
  Charleroi (06449)...
  Bierset (06478)...
  Spa (06490)...
  St-Hubert (06476)...
  Florennes (06456)...
  Lille (07015)...
  Heinerschied (F9600)...
  Beauvechain (06458)...
  Monschau (H908)...
  Brugge (P0155)...
  Charleville (07075)...
  Cambrai (07017)...
  Calais (P0437)...
  Saint-Quentin (07061)...
Data voor 7 dagen
Kaart: kaart_be_wind_nacht_woensdag_25mar2026.png
Kaart: kaart_be_wind_nacht_donderdag_26mar2026.png
Kaart: kaart_be_wind_nacht_vrijdag_27mar2026.png
Kaart: kaart_be_wind_nacht_zaterdag_28mar2026.png
Kaart: kaart_be_wind_nacht_zondag_29mar2026.png
Kaart: kaart_be_wind_nacht_maandag_30mar2026.png
Kaart: kaart_be_wind_nacht_dinsdag_31mar2026.png
  Verwijderd: kaart_be_wind_nacht_dinsdag_24mar2026.png
MOSMIX ophalen (zon België)...
  Brussel...
  Gent...
  Antwerpen...
  Kleine Brogel...
  Oostende...
  Charleroi...
  Bierset...
  Spa...
  St-Hubert...
  Florennes...
  Lille...
  Heinerschied...
  Beauvechain...
  Monschau...
  Brugge...
  Charleville...
  Cambrai...
  Calais...
  Saint-Quentin...
Kaart: kaart_be_zon_woensdag_25mar2026.png
Kaart: kaart_be_zon_donderdag_26mar2026.png
Kaart: kaart_be_zon_vrijdag_27mar2026.png
Kaart: kaart_be_zon_zaterdag_28mar2026.png
Kaart: kaart_be_zon_zondag_29mar2026.png
Kaart: kaart_be_zon_maandag_30mar2026.png
Kaart: kaart_be_zon_dinsdag_31mar2026.png
  Verwijderd: kaart_be_zon_dinsdag_24mar2026.png
MOSMIX ophalen (neerslag België)...
  Brussel...
  Gent...
  Antwerpen...
  Kleine Brogel...
  Oostende...
  Charleroi...
  Bierset...
  Spa...
  St-Hubert...
  Florennes...
  Lille...
  Heinerschied...
  Beauvechain...
  Monschau...
  Brugge...
  Charleville...
  Cambrai...
  Calais...
  Saint-Quentin...
Kaart: kaart_be_regen_woensdag_25mar2026.png
Kaart: kaart_be_regen_donderdag_26mar2026.png
Kaart: kaart_be_regen_vrijdag_27mar2026.png
Kaart: kaart_be_regen_zaterdag_28mar2026.png
Kaart: kaart_be_regen_zondag_29mar2026.png
Kaart: kaart_be_regen_maandag_30mar2026.png
Kaart: kaart_be_regen_dinsdag_31mar2026.png
  Verwijderd: kaart_be_regen_dinsdag_24mar2026.png
MOSMIX ophalen (mist België)...
  Brussel...
  Gent...
  Antwerpen...
  Kleine Brogel...
  Oostende...
  Charleroi...
  Bierset...
  Spa...
  St-Hubert...
  Florennes...
  Lille...
  Heinerschied...
  Beauvechain...
  Monschau...
  Brugge...
  Charleville...
  Cambrai...
  Calais...
  Saint-Quentin...
Kaart: kaart_be_mist_woensdag_25mar2026.png
Kaart: kaart_be_mist_donderdag_26mar2026.png
Kaart: kaart_be_mist_vrijdag_27mar2026.png
Kaart: kaart_be_mist_zaterdag_28mar2026.png
Kaart: kaart_be_mist_zondag_29mar2026.png
Kaart: kaart_be_mist_maandag_30mar2026.png
Kaart: kaart_be_mist_dinsdag_31mar2026.png
MOSMIX ophalen (onweer België)...
  Brussel...
  Gent...
  Antwerpen...
  Kleine Brogel...
  Oostende...
  Charleroi...
  Bierset...
  Spa...
  St-Hubert...
  Florennes...
  Lille...
  Heinerschied...
  Beauvechain...
  Monschau...
  Brugge...
  Charleville...
  Cambrai...
  Calais...
  Saint-Quentin...
Kaart: kaart_be_onweer_woensdag_25mar2026.png
Kaart: kaart_be_onweer_donderdag_26mar2026.png
Kaart: kaart_be_onweer_vrijdag_27mar2026.png
Kaart: kaart_be_onweer_zaterdag_28mar2026.png
Kaart: kaart_be_onweer_zondag_29mar2026.png
Kaart: kaart_be_onweer_maandag_30mar2026.png
Kaart: kaart_be_onweer_dinsdag_31mar2026.png
  Verwijderd: kaart_be_onweer_dinsdag_24mar2026.png

Bewolking België Do 26 mrt...
  Brussel...
  Gent...
  Antwerpen...
  Kleine Brogel...
  Oostende...
  Charleroi...
  Bierset...
  Spa...
  St-Hubert...
  Florennes...
  Lille...
  Heinerschied...
  Beauvechain...
  Monschau...
  Brugge...
  Charleville...
  Cambrai...
  Calais...
  Saint-Quentin...
Kaart: kaart_be_bewolking_2026-03-26.png

Bewolking België Vr 27 mrt...
  Brussel...
  Gent...
  Antwerpen...
  Kleine Brogel...
  Oostende...
  Charleroi...
  Bierset...
  Spa...
  St-Hubert...
  Florennes...
  Lille...
  Heinerschied...
  Beauvechain...
  Monschau...
  Brugge...
  Charleville...
  Cambrai...
  Calais...
  Saint-Quentin...
Kaart: kaart_be_bewolking_2026-03-27.png

Bewolking België Za 28 mrt...
  Brussel...
  Gent...
  Antwerpen...
  Kleine Brogel...
  Oostende...
  Charleroi...
  Bierset...
  Spa...
  St-Hubert...
  Florennes...
  Lille...
  Heinerschied...
  Beauvechain...
  Monschau...
  Brugge...
  Charleville...
  Cambrai...
  Calais...
  Saint-Quentin...
Kaart: kaart_be_bewolking_2026-03-28.png

Bewolking België Zo 29 mrt...
  Brussel...
  Gent...
  Antwerpen...
  Kleine Brogel...
  Oostende...
  Charleroi...
  Bierset...
  Spa...
  St-Hubert...
  Florennes...
  Lille...
  Heinerschied...
  Beauvechain...
  Monschau...
  Brugge...
  Charleville...
  Cambrai...
  Calais...
  Saint-Quentin...
Kaart: kaart_be_bewolking_2026-03-29.png

Bewolking België Ma 30 mrt...
  Brussel...
  Gent...
  Antwerpen...
  Kleine Brogel...
  Oostende...
  Charleroi...
  Bierset...
  Spa...
  St-Hubert...
  Florennes...
  Lille...
  Heinerschied...
  Beauvechain...
  Monschau...
  Brugge...
  Charleville...
  Cambrai...
  Calais...
  Saint-Quentin...
Kaart: kaart_be_bewolking_2026-03-30.png

Bewolking België Di 31 mrt...
  Brussel...
  Gent...
  Antwerpen...
  Kleine Brogel...
  Oostende...
  Charleroi...
  Bierset...
  Spa...
  St-Hubert...
  Florennes...
  Lille...
  Heinerschied...
  Beauvechain...
  Monschau...
  Brugge...
  Charleville...
  Cambrai...
  Calais...
  Saint-Quentin...
Kaart: kaart_be_bewolking_2026-03-31.png

Bewolking België Wo 1 apr...
  Brussel...
  Gent...
  Antwerpen...
  Kleine Brogel...
  Oostende...
  Charleroi...
  Bierset...
  Spa...
  St-Hubert...
  Florennes...
  Lille...
  Heinerschied...
  Beauvechain...
  Monschau...
  Brugge...
  Charleville...
  Cambrai...
  Calais...
  Saint-Quentin...
Kaart: kaart_be_bewolking_2026-04-01.png

Bewolking België Do 2 apr...
  Brussel...
  Gent...
  Antwerpen...
  Kleine Brogel...
  Oostende...
  Charleroi...
  Bierset...
  Spa...
  St-Hubert...
  Florennes...
  Lille...
  Heinerschied...
  Beauvechain...
  Monschau...
  Brugge...
  Charleville...
  Cambrai...
  Calais...
  Saint-Quentin...
Kaart: kaart_be_bewolking_2026-04-02.png

Bewolking België Vr 3 apr...
  Brussel...
  Gent...
  Antwerpen...
  Kleine Brogel...
  Oostende...
  Charleroi...
  Bierset...
  Spa...
  St-Hubert...
  Florennes...
  Lille...
  Heinerschied...
  Beauvechain...
  Monschau...
  Brugge...
  Charleville...
  Cambrai...
  Calais...
  Saint-Quentin...
Kaart: kaart_be_bewolking_2026-04-03.png

Bewolking België Za 4 apr...
  Brussel...
  Gent...
  Antwerpen...
  Kleine Brogel...
  Oostende...
  Charleroi...
  Bierset...
  Spa...
  St-Hubert...
  Florennes...
  Lille...
  Heinerschied...
  Beauvechain...
  Monschau...
  Brugge...
  Charleville...
  Cambrai...
  Calais...
  Saint-Quentin...
Kaart: kaart_be_bewolking_2026-04-04.png
  Verwijderd: kaart_be_bewolking_2026-03-25.png
MOSMIX ophalen (kans op sneeuw Belgie)...
  Brussel (06451)...
  Gent (06431)...
  Antwerpen (06450)...
  Kleine Brogel (06479)...
  Oostende (06407)...
  Charleroi (06449)...
  Bierset (06478)...
  Spa (06490)...
  St-Hubert (06476)...
  Florennes (06456)...
  Lille (07015)...
  Heinerschied (F9600)...
  Beauvechain (06458)...
  Monschau (H908)...
  Brugge (P0155)...
  Charleville (07075)...
  Cambrai (07017)...
  Calais (P0437)...
  Saint-Quentin (07061)...
Data voor 7 dagen
Kaart: kaart_be_sneeuw_woensdag_25mar2026.png
Kaart: kaart_be_sneeuw_donderdag_26mar2026.png
Kaart: kaart_be_sneeuw_vrijdag_27mar2026.png
Kaart: kaart_be_sneeuw_zaterdag_28mar2026.png
Kaart: kaart_be_sneeuw_zondag_29mar2026.png
Kaart: kaart_be_sneeuw_maandag_30mar2026.png
Kaart: kaart_be_sneeuw_dinsdag_31mar2026.png
  Verwijderd: kaart_be_sneeuw_dinsdag_24mar2026.png
MOSMIX ophalen (hagelkans Belgie)...
  Brussel (06451)...
  Gent (06431)...
  Antwerpen (06450)...
  Kleine Brogel (06479)...
  Oostende (06407)...
  Charleroi (06449)...
  Bierset (06478)...
  Spa (06490)...
  St-Hubert (06476)...
  Florennes (06456)...
  Lille (07015)...
  Heinerschied (F9600)...
  Beauvechain (06458)...
  Monschau (H908)...
  Brugge (P0155)...
  Charleville (07075)...
  Cambrai (07017)...
  Calais (P0437)...
  Saint-Quentin (07061)...
Data voor 7 dagen
Kaart: kaart_be_hagel_woensdag_25mar2026.png
Kaart: kaart_be_hagel_donderdag_26mar2026.png
Kaart: kaart_be_hagel_vrijdag_27mar2026.png
Kaart: kaart_be_hagel_zaterdag_28mar2026.png
Kaart: kaart_be_hagel_zondag_29mar2026.png
Kaart: kaart_be_hagel_maandag_30mar2026.png
Kaart: kaart_be_hagel_dinsdag_31mar2026.png
  Verwijderd: kaart_be_hagel_dinsdag_24mar2026.png
MOSMIX ophalen (gevoelstemperatuur België)...
  Brussel (06451)...
  Gent (06431)...
  Antwerpen (06450)...
  Kleine Brogel (06479)...
  Oostende (06407)...
  Charleroi (06449)...
  Bierset (06478)...
  Spa (06490)...
  St-Hubert (06476)...
  Florennes (06456)...
  Lille (07015)...
  Heinerschied (F9600)...
  Beauvechain (06458)...
  Monschau (H908)...
  Brugge (P0155)...
  Charleville (07075)...
  Cambrai (07017)...
  Calais (P0437)...
  Saint-Quentin (07061)...
Data voor 7 dagen
Kaart: kaart_be_gevoels_woensdag_25mar2026.png
Kaart: kaart_be_gevoels_donderdag_26mar2026.png
Kaart: kaart_be_gevoels_vrijdag_27mar2026.png
Kaart: kaart_be_gevoels_zaterdag_28mar2026.png
Kaart: kaart_be_gevoels_zondag_29mar2026.png
Kaart: kaart_be_gevoels_maandag_30mar2026.png
Kaart: kaart_be_gevoels_dinsdag_31mar2026.png
  Verwijderd: kaart_be_gevoels_dinsdag_24mar2026.png
MOSMIX ophalen (dauwpunt Belgie)...
  Brussel (06451)...
  Gent (06431)...
  Antwerpen (06450)...
  Kleine Brogel (06479)...
  Oostende (06407)...
  Charleroi (06449)...
  Bierset (06478)...
  Spa (06490)...
  St-Hubert (06476)...
  Florennes (06456)...
  Lille (07015)...
  Heinerschied (F9600)...
  Beauvechain (06458)...
  Monschau (H908)...
  Brugge (P0155)...
  Charleville (07075)...
  Cambrai (07017)...
  Calais (P0437)...
  Saint-Quentin (07061)...
Data voor 7 dagen
Kaart: kaart_be_dauwpunt_woensdag_25mar2026.png
Kaart: kaart_be_dauwpunt_donderdag_26mar2026.png
Kaart: kaart_be_dauwpunt_vrijdag_27mar2026.png
Kaart: kaart_be_dauwpunt_zaterdag_28mar2026.png
Kaart: kaart_be_dauwpunt_zondag_29mar2026.png
Kaart: kaart_be_dauwpunt_maandag_30mar2026.png
Kaart: kaart_be_dauwpunt_dinsdag_31mar2026.png
MOSMIX ophalen (grondtemperatuur 5cm België)...
  Brussel (06451)...
  Gent (06431)...
  Antwerpen (06450)...
  Kleine Brogel (06479)...
  Oostende (06407)...
  Charleroi (06449)...
  Bierset (06478)...
  Spa (06490)...
  St-Hubert (06476)...
  Florennes (06456)...
  Lille (07015)...
  Heinerschied (F9600)...
  Beauvechain (06458)...
  Monschau (H908)...
  Brugge (P0155)...
  Charleville (07075)...
  Cambrai (07017)...
  Calais (P0437)...
  Saint-Quentin (07061)...
Data voor 7 dagen
Kaart: kaart_be_t5cm_woensdag_25mar2026.png
Kaart: kaart_be_t5cm_donderdag_26mar2026.png
Kaart: kaart_be_t5cm_vrijdag_27mar2026.png
Kaart: kaart_be_t5cm_zaterdag_28mar2026.png
Kaart: kaart_be_t5cm_zondag_29mar2026.png
Kaart: kaart_be_t5cm_maandag_30mar2026.png
Kaart: kaart_be_t5cm_dinsdag_31mar2026.png
  Verwijderd: kaart_be_t5cm_dinsdag_24mar2026.png
MOSMIX ophalen: De Bilt (06260)...
  2026-03-24: TX=None TN=None RR=0.0
  2026-03-25: TX=9.4 TN=6.2 RR=8.6
  2026-03-26: TX=7.7 TN=2.0 RR=3.7
  2026-03-27: TX=11.0 TN=-0.2 RR=1.2
MOSMIX ophalen: Hoek van Holland (06330)...
  2026-03-24: TX=None TN=None RR=0.0
  2026-03-25: TX=9.2 TN=6.1 RR=0.0
  2026-03-26: TX=7.5 TN=3.8 RR=0.0
  2026-03-27: TX=11.4 TN=3.4 RR=0.0
MOSMIX ophalen: Rotterdam (06344)...
  2026-03-24: TX=None TN=None RR=0.0
  2026-03-25: TX=9.3 TN=6.6 RR=6.4
  2026-03-26: TX=7.9 TN=2.1 RR=6.2
  2026-03-27: TX=11.5 TN=0.0 RR=0.9
MOSMIX ophalen: Enschede (06290)...
  2026-03-24: TX=None TN=None RR=0.0
  2026-03-25: TX=14.3 TN=4.2 RR=8.3
  2026-03-26: TX=7.7 TN=0.9 RR=2.8
  2026-03-27: TX=10.6 TN=-1.4 RR=0.6
MOSMIX ophalen: Eelde (06280)...
  2026-03-24: TX=None TN=None RR=0.0
  2026-03-25: TX=12.6 TN=4.5 RR=6.5
  2026-03-26: TX=7.5 TN=1.3 RR=5.0
  2026-03-27: TX=11.3 TN=-1.1 RR=1.8
MOSMIX ophalen: Maastricht (06380)...
  2026-03-24: TX=None TN=None RR=0.0
  2026-03-25: TX=14.6 TN=4.0 RR=9.6
  2026-03-26: TX=7.2 TN=0.9 RR=2.0
  2026-03-27: TX=11.0 TN=-1.5 RR=0.0
MOSMIX ophalen: Terschelling (06250)...
  2026-03-24: TX=None TN=None RR=0.0
  2026-03-25: TX=9.2 TN=6.4 RR=4.1
  2026-03-26: TX=6.9 TN=3.3 RR=2.1
  2026-03-27: TX=10.1 TN=2.8 RR=2.3
MOSMIX ophalen: Vlissingen (06310)...
  2026-03-24: TX=None TN=None RR=0.0
  2026-03-25: TX=9.1 TN=7.5 RR=7.2
  2026-03-26: TX=7.6 TN=3.6 RR=4.4
  2026-03-27: TX=10.6 TN=3.7 RR=0.3
MOSMIX ophalen: Deelen (06275)...
  2026-03-24: TX=None TN=None RR=0.0
  2026-03-25: TX=13.8 TN=3.9 RR=10.8
  2026-03-26: TX=7.8 TN=0.1 RR=4.2
  2026-03-27: TX=11.0 TN=-2.5 RR=0.8
MOSMIX ophalen: Gilze-Rijen (06350)...
  2026-03-24: TX=None TN=None RR=0.0
  2026-03-25: TX=9.5 TN=6.8 RR=7.2
  2026-03-26: TX=8.4 TN=1.4 RR=3.6
  2026-03-27: TX=11.5 TN=-1.0 RR=0.3

beta_debilt.json opgeslagen (10 stations)
MOSMIX + Harmonie voorspellingen ophalen voor archief...
  De Bilt...
  Hoek van Holland...
  Rotterdam...
  Enschede...
  Eelde...
  Maastricht...
  Terschelling...
  Vlissingen...
  Deelen...
  Gilze-Rijen...
Archief opgeslagen (beta_verificatie_archive.json)

Werkelijke metingen ophalen (afgelopen 3 dagen)...
  De Bilt 2026-03-24: TX=14.3 TN=6.4
  De Bilt 2026-03-23: TX=15.1 TN=2.1
  De Bilt 2026-03-22: TX=16.0 TN=2.4
  Hoek van Holland 2026-03-24: TX=11.6 TN=8.4
  Hoek van Holland 2026-03-23: TX=12.0 TN=4.3
  Hoek van Holland 2026-03-22: TX=14.2 TN=3.7
  Rotterdam 2026-03-24: TX=13.2 TN=6.5
  Rotterdam 2026-03-23: TX=14.2 TN=2.8
  Rotterdam 2026-03-22: TX=14.5 TN=1.7
  Enschede 2026-03-24: TX=15.7 TN=1.8
  Enschede 2026-03-23: TX=16.3 TN=-0.5
  Enschede 2026-03-22: TX=15.7 TN=1.8
  Eelde 2026-03-24: TX=12.7 TN=2.1
  Eelde 2026-03-23: TX=14.3 TN=-0.1
  Eelde 2026-03-22: TX=14.4 TN=1.0
  Maastricht 2026-03-24: TX=16.7 TN=5.5
  Maastricht 2026-03-23: TX=15.5 TN=2.1
  Maastricht 2026-03-22: TX=14.5 TN=2.8
  Terschelling 2026-03-24: TX=10.4 TN=8.1
  Terschelling 2026-03-23: TX=10.7 TN=0.9
  Terschelling 2026-03-22: TX=12.4 TN=3.3
  Vlissingen 2026-03-24: TX=12.9 TN=7.8
  Vlissingen 2026-03-23: TX=12.7 TN=6.8
  Vlissingen 2026-03-22: TX=14.3 TN=3.4
  Deelen 2026-03-24: TX=15.3 TN=1.8
  Deelen 2026-03-23: TX=16.0 TN=-0.9
  Deelen 2026-03-22: TX=16.0 TN=1.7
  Gilze-Rijen 2026-03-24: TX=15.9 TN=4.2
  Gilze-Rijen 2026-03-23: TX=15.3 TN=0.6
  Gilze-Rijen 2026-03-22: TX=15.5 TN=0.9

beta_verificatie.json opgeslagen (10 stations)
MOSMIX ophalen (trend)...
  De Bilt (06260)...
  De Kooy (06235)...
  Eelde (06280)...
  Vlissingen (06310)...
  Beek (06380)...
  Rotterdam (06344)...
  Hoek v. Holland (06330)...
  Twenthe (06290)...
  Eindhoven (06370)...
  Wind Vlieland (06242)...
  Wind De Kooy (06235)...
  Wind Leeuwarden (06270)...
  Wind Hoek v. Holland (06330)...
  Wind Vlissingen (06310)...
JSON opgeslagen: grafiek_trend.json
Grafiek opgeslagen: grafiek_trend.png
MOSMIX ophalen (trend België)...
  Brussel (06451)...
  Gent (06431)...
  Antwerpen (06450)...
  Oostende (06407)...
  Bierset (06478)...
  Charleroi (06449)...
  Sint-Hubert (06476)...
  Kleine Brogel (06479)...
  Florennes (06456)...
  Wind Oostende (06407)...
  Wind Brussel (06451)...
  Wind Bierset (06478)...
  Wind Kleine Brogel (06479)...
  Wind Sint-Hubert (06476)...
JSON: grafiek_trend_be.json
Grafiek: grafiek_trend_be.png
Bestaande data geladen: 84 dagen
  Ophalen 2026-03-25 (tot nu)...
    TX top3: [(13.4, 'Eindhoven', '01:00'), (13.3, 'Volkel', '01:00'), (13.2, 'Horst', '01:00')]
    TN top3: [(7.4, 'Lauwersoog', '03:30'), (7.4, 'Leeuwarden', '03:20'), (7.7, 'Den Helder', '02:40')]
    RR top3: [(7.9, 'Westdorpe'), (2.8, 'Lauwersoog'), (2.1, 'Eelde')]
  2026-01-01: al in cache, overgeslagen
  2026-01-02: al in cache, overgeslagen
  2026-01-03: al in cache, overgeslagen
  2026-01-04: al in cache, overgeslagen
  2026-01-05: al in cache, overgeslagen
  2026-01-06: al in cache, overgeslagen
  2026-01-07: al in cache, overgeslagen
  2026-01-08: al in cache, overgeslagen
  2026-01-09: al in cache, overgeslagen
  2026-01-10: al in cache, overgeslagen
  2026-01-11: al in cache, overgeslagen
  2026-01-12: al in cache, overgeslagen
  2026-01-13: al in cache, overgeslagen
  2026-01-14: al in cache, overgeslagen
  2026-01-15: al in cache, overgeslagen
  2026-01-16: al in cache, overgeslagen
  2026-01-17: al in cache, overgeslagen
  2026-01-18: al in cache, overgeslagen
  2026-01-19: al in cache, overgeslagen
  2026-01-20: al in cache, overgeslagen
  2026-01-21: al in cache, overgeslagen
  2026-01-22: al in cache, overgeslagen
  2026-01-23: al in cache, overgeslagen
  2026-01-24: al in cache, overgeslagen
  2026-01-25: al in cache, overgeslagen
  2026-01-26: al in cache, overgeslagen
  2026-01-27: al in cache, overgeslagen
  2026-01-28: al in cache, overgeslagen
  2026-01-29: al in cache, overgeslagen
  2026-01-30: al in cache, overgeslagen
  2026-01-31: al in cache, overgeslagen
  2026-02-01: al in cache, overgeslagen
  2026-02-02: al in cache, overgeslagen
  2026-02-03: al in cache, overgeslagen
  2026-02-04: al in cache, overgeslagen
  2026-02-05: al in cache, overgeslagen
  2026-02-06: al in cache, overgeslagen
  2026-02-07: al in cache, overgeslagen
  2026-02-08: al in cache, overgeslagen
  2026-02-09: al in cache, overgeslagen
  2026-02-10: al in cache, overgeslagen
  2026-02-11: al in cache, overgeslagen
  2026-02-12: al in cache, overgeslagen
  2026-02-13: al in cache, overgeslagen
  2026-02-14: al in cache, overgeslagen
  2026-02-15: al in cache, overgeslagen
  2026-02-16: al in cache, overgeslagen
  2026-02-17: al in cache, overgeslagen
  2026-02-18: al in cache, overgeslagen
  2026-02-19: al in cache, overgeslagen
  2026-02-20: al in cache, overgeslagen
  2026-02-21: al in cache, overgeslagen
  2026-02-22: al in cache, overgeslagen
  2026-02-23: al in cache, overgeslagen
  2026-02-24: al in cache, overgeslagen
  2026-02-25: al in cache, overgeslagen
  2026-02-26: al in cache, overgeslagen
  2026-02-27: al in cache, overgeslagen
  2026-02-28: al in cache, overgeslagen
  2026-03-01: al in cache, overgeslagen
  2026-03-02: al in cache, overgeslagen
  2026-03-03: al in cache, overgeslagen
  2026-03-04: al in cache, overgeslagen
  2026-03-05: al in cache, overgeslagen
  2026-03-06: al in cache, overgeslagen
  2026-03-07: al in cache, overgeslagen
  2026-03-08: al in cache, overgeslagen
  2026-03-09: al in cache, overgeslagen
  2026-03-10: al in cache, overgeslagen
  2026-03-11: al in cache, overgeslagen
  2026-03-12: al in cache, overgeslagen
  2026-03-13: al in cache, overgeslagen
  2026-03-14: al in cache, overgeslagen
  2026-03-15: al in cache, overgeslagen
  2026-03-16: al in cache, overgeslagen
  2026-03-17: al in cache, overgeslagen
  2026-03-18: al in cache, overgeslagen
  2026-03-19: al in cache, overgeslagen
  2026-03-20: al in cache, overgeslagen
  2026-03-21: al in cache, overgeslagen
  2026-03-22: al in cache, overgeslagen
  2026-03-23: al in cache, overgeslagen
  2026-03-24: al in cache, overgeslagen

toplijst.json bijgewerkt (84 dagen)
Kaarten maken voor 2026-03-16...
  → klaar voor 2026-03-16
Kaarten maken voor 2026-03-17...
  → klaar voor 2026-03-17
Kaarten maken voor 2026-03-18...
  → klaar voor 2026-03-18
Kaarten maken voor 2026-03-19...
  → klaar voor 2026-03-19
Kaarten maken voor 2026-03-20...
  → klaar voor 2026-03-20
Kaarten maken voor 2026-03-21...
  → klaar voor 2026-03-21
Kaarten maken voor 2026-03-22...
  → klaar voor 2026-03-22
Kaarten maken voor 2026-03-23...
  → klaar voor 2026-03-23
Kaarten maken voor 2026-03-24...
  → klaar voor 2026-03-24
Kaarten maken voor 2026-03-25...
  → klaar voor 2026-03-25
Alle waarnemingskaarten klaar!
index.json: 282 kaarten
ok: /Users/aldus/Desktop/KNMI_Project/weerkaarten 2/p13_records.html
Grootte: 17295 chars
Pluim: De Bilt...
  Opgeslagen: kaart_pluim_lijnen_de_bilt.png
Pluim: Rotterdam...
  Opgeslagen: kaart_pluim_lijnen_rotterdam.png
Pluim: Barendrecht...
  Opgeslagen: kaart_pluim_lijnen_barendrecht.png
Pluim: Maastricht...
  Opgeslagen: kaart_pluim_lijnen_maastricht.png
Pluim: Eelde...
  Opgeslagen: kaart_pluim_lijnen_eelde.png
Pluim: Vlissingen...
  Opgeslagen: kaart_pluim_lijnen_vlissingen.png
Pluim: Enschede...
  Opgeslagen: kaart_pluim_lijnen_enschede.png

Klaar!

Pluim: De Bilt...
  Opgeslagen: kaart_pluim_compleet_de_bilt.png

Pluim: Rotterdam...
  Opgeslagen: kaart_pluim_compleet_rotterdam.png

Pluim: Barendrecht...
  Opgeslagen: kaart_pluim_compleet_barendrecht.png

Pluim: Vlissingen...
  Opgeslagen: kaart_pluim_compleet_vlissingen.png

Pluim: Eelde...
  Opgeslagen: kaart_pluim_compleet_eelde.png

Pluim: Maastricht...
  Opgeslagen: kaart_pluim_compleet_maastricht.png

Klaar!

Multimodel neerslag: De Bilt...
  ECMWF ENS...
    51 leden × 384 stappen
  ICON-EPS...
    40 leden × 168 stappen
  GFS ENS...
    31 leden × 384 stappen
  Opgeslagen: kaart_pluim_multi_neerslag_de_bilt.png

Multimodel neerslag: Rotterdam...
  ECMWF ENS...
    51 leden × 384 stappen
  ICON-EPS...
    40 leden × 168 stappen
  GFS ENS...
    31 leden × 384 stappen
  Opgeslagen: kaart_pluim_multi_neerslag_rotterdam.png

Multimodel neerslag: Barendrecht...
  ECMWF ENS...
    51 leden × 384 stappen
  ICON-EPS...
    40 leden × 168 stappen
  GFS ENS...
    31 leden × 384 stappen
  Opgeslagen: kaart_pluim_multi_neerslag_barendrecht.png

Multimodel neerslag: Vlissingen...
  ECMWF ENS...
    51 leden × 384 stappen
  ICON-EPS...
    40 leden × 168 stappen
  GFS ENS...
    31 leden × 384 stappen
  Opgeslagen: kaart_pluim_multi_neerslag_vlissingen.png

Multimodel neerslag: Eelde...
  ECMWF ENS...
    51 leden × 384 stappen
  ICON-EPS...
    40 leden × 168 stappen
  GFS ENS...
    31 leden × 384 stappen
  Opgeslagen: kaart_pluim_multi_neerslag_eelde.png

Multimodel neerslag: Maastricht...
  ECMWF ENS...
    51 leden × 384 stappen
  ICON-EPS...
    40 leden × 168 stappen
  GFS ENS...
    31 leden × 384 stappen
  Opgeslagen: kaart_pluim_multi_neerslag_maastricht.png

Klaar!

Multimodel pluim: De Bilt...
  ECMWF ENS...
    51 leden × 384 stappen
  ICON-EPS...
    40 leden × 168 stappen
  GFS ENS...
    31 leden × 384 stappen
  Opgeslagen: kaart_pluim_multi_de_bilt.png

Multimodel pluim: Rotterdam...
  ECMWF ENS...
    51 leden × 384 stappen
  ICON-EPS...
    40 leden × 168 stappen
  GFS ENS...
    31 leden × 384 stappen
  Opgeslagen: kaart_pluim_multi_rotterdam.png

Multimodel pluim: Barendrecht...
  ECMWF ENS...
    51 leden × 384 stappen
  ICON-EPS...
    40 leden × 168 stappen
  GFS ENS...
    31 leden × 384 stappen
  Opgeslagen: kaart_pluim_multi_barendrecht.png

Multimodel pluim: Vlissingen...
  ECMWF ENS...
    51 leden × 384 stappen
  ICON-EPS...
    40 leden × 168 stappen
  GFS ENS...
    31 leden × 384 stappen
  Opgeslagen: kaart_pluim_multi_vlissingen.png

Multimodel pluim: Eelde...
  ECMWF ENS...
    51 leden × 384 stappen
  ICON-EPS...
    40 leden × 168 stappen
  GFS ENS...
    31 leden × 384 stappen
  Opgeslagen: kaart_pluim_multi_eelde.png

Multimodel pluim: Maastricht...
  ECMWF ENS...
    51 leden × 384 stappen
  ICON-EPS...
    40 leden × 168 stappen
  GFS ENS...
    31 leden × 384 stappen
  Opgeslagen: kaart_pluim_multi_maastricht.png

Klaar!

Multimodel wind: De Bilt...
  ECMWF ENS...
    51 leden × 384 stappen
  ICON-EPS...
    40 leden × 168 stappen
  GFS ENS...
    31 leden × 384 stappen
  Opgeslagen: kaart_pluim_multi_wind_de_bilt.png

Multimodel wind: Rotterdam...
  ECMWF ENS...
    51 leden × 384 stappen
  ICON-EPS...
    40 leden × 168 stappen
  GFS ENS...
    31 leden × 384 stappen
  Opgeslagen: kaart_pluim_multi_wind_rotterdam.png

Multimodel wind: Barendrecht...
  ECMWF ENS...
    51 leden × 384 stappen
  ICON-EPS...
    40 leden × 168 stappen
  GFS ENS...
    31 leden × 384 stappen
  Opgeslagen: kaart_pluim_multi_wind_barendrecht.png

Multimodel wind: Vlissingen...
  ECMWF ENS...
    51 leden × 384 stappen
  ICON-EPS...
    40 leden × 168 stappen
  GFS ENS...
    31 leden × 384 stappen
  Opgeslagen: kaart_pluim_multi_wind_vlissingen.png

Multimodel wind: Eelde...
  ECMWF ENS...
    51 leden × 384 stappen
  ICON-EPS...
    40 leden × 168 stappen
  GFS ENS...
    31 leden × 384 stappen
  Opgeslagen: kaart_pluim_multi_wind_eelde.png

Multimodel wind: Maastricht...
  ECMWF ENS...
    51 leden × 384 stappen
  ICON-EPS...
    40 leden × 168 stappen
  GFS ENS...
    31 leden × 384 stappen
  Opgeslagen: kaart_pluim_multi_wind_maastricht.png

Klaar!
[main 9ba4af69] Kaarten update 2026-03-25 03:36
 361 files changed, 2599 insertions(+), 9 deletions(-)
 delete mode 100644 kaart_be_bewolking_2026-03-25.png
 create mode 100644 kaart_be_bewolking_2026-04-04.png
 delete mode 100644 kaart_be_gevoels_dinsdag_24mar2026.png
 create mode 100644 kaart_be_gevoels_dinsdag_31mar2026.png
 delete mode 100644 kaart_be_hagel_dinsdag_24mar2026.png
 create mode 100644 kaart_be_hagel_dinsdag_31mar2026.png
 delete mode 100644 kaart_be_onweer_dinsdag_24mar2026.png
 create mode 100644 kaart_be_onweer_dinsdag_31mar2026.png
 delete mode 100644 kaart_be_regen_dinsdag_24mar2026.png
 create mode 100644 kaart_be_regen_dinsdag_31mar2026.png
 delete mode 100644 kaart_be_sneeuw_dinsdag_24mar2026.png
 create mode 100644 kaart_be_sneeuw_dinsdag_31mar2026.png
 delete mode 100644 kaart_be_t5cm_dinsdag_24mar2026.png
 create mode 100644 kaart_be_t5cm_dinsdag_31mar2026.png
 delete mode 100644 kaart_be_temp_dag_dinsdag_24mar2026.png
 create mode 100644 kaart_be_temp_dag_dinsdag_31mar2026.png
 delete mode 100644 kaart_be_temp_dinsdag_24mar2026.png
 create mode 100644 kaart_be_temp_dinsdag_31mar2026.png
 delete mode 100644 kaart_be_temp_nacht_dinsdag_24mar2026.png
 create mode 100644 kaart_be_temp_nacht_dinsdag_31mar2026.png
 delete mode 100644 kaart_be_wind_dinsdag_24mar2026.png
 create mode 100644 kaart_be_wind_dinsdag_31mar2026.png
 delete mode 100644 kaart_be_wind_nacht_dinsdag_24mar2026.png
 create mode 100644 kaart_be_wind_nacht_dinsdag_31mar2026.png
 delete mode 100644 kaart_be_zon_dinsdag_24mar2026.png
 create mode 100644 kaart_be_zon_dinsdag_31mar2026.png
 create mode 100644 kaart_bewolking_2026-04-04.png
 delete mode 100644 kaart_hagel_dinsdag_24mar2026.png
 create mode 100644 kaart_hagel_dinsdag_31mar2026.png
 create mode 100644 kaart_obs_ff_woensdag_25mar2026.png
 create mode 100644 kaart_obs_fx_woensdag_25mar2026.png
 create mode 100644 kaart_obs_rr_woensdag_25mar2026.png
 create mode 100644 kaart_obs_t10n_woensdag_25mar2026.png
 create mode 100644 kaart_obs_tn_woensdag_25mar2026.png
 create mode 100644 kaart_obs_tx_woensdag_25mar2026.png
 delete mode 100644 kaart_sneeuw_dinsdag_24mar2026.png
 create mode 100644 kaart_sneeuw_dinsdag_31mar2026.png
 delete mode 100644 kaart_synop_20260324_2054.png
 delete mode 100644 kaart_synop_20260324_2105.png
 delete mode 100644 kaart_synop_20260324_2116.png
 delete mode 100644 kaart_synop_20260324_2127.png
 delete mode 100644 kaart_synop_20260324_2138.png
 delete mode 100644 kaart_synop_20260324_2149.png
 delete mode 100644 kaart_synop_20260324_2201.png
 delete mode 100644 kaart_synop_20260324_2212.png
 delete mode 100644 kaart_synop_20260324_2223.png
 delete mode 100644 kaart_synop_20260324_2234.png
 delete mode 100644 kaart_synop_20260324_2245.png
 delete mode 100644 kaart_synop_20260324_2256.png
 delete mode 100644 kaart_synop_20260324_2307.png
 delete mode 100644 kaart_synop_20260324_2318.png
 delete mode 100644 kaart_synop_20260324_2329.png
 delete mode 100644 kaart_synop_20260324_2341.png
 delete mode 100644 kaart_synop_20260324_2352.png
 delete mode 100644 kaart_synop_20260325_0003.png
 delete mode 100644 kaart_synop_20260325_0014.png
 delete mode 100644 kaart_synop_20260325_0025.png
 delete mode 100644 kaart_synop_20260325_0036.png
 delete mode 100644 kaart_synop_20260325_0047.png
 delete mode 100644 kaart_synop_20260325_0058.png
 delete mode 100644 kaart_synop_20260325_0110.png
 delete mode 100644 kaart_synop_20260325_0121.png
 delete mode 100644 kaart_synop_20260325_0132.png
 delete mode 100644 kaart_synop_20260325_0143.png
 delete mode 100644 kaart_temp_dag_dinsdag_24mar2026.png
 create mode 100644 kaart_temp_dag_dinsdag_31mar2026.png
 delete mode 100644 kaart_temp_dinsdag_24mar2026.png
 create mode 100644 kaart_temp_dinsdag_31mar2026.png
 delete mode 100644 kaart_wind_dinsdag_24mar2026.png
 create mode 100644 kaart_wind_dinsdag_31mar2026.png
=== Upload klaar ===
=== Ed Aldus WM — upload Wed Mar 25 09:30:00 CET 2026 ===
Waarschuwingen opgeslagen: GREEN (25 Mar 2026 09:30)
=== KNMI Guidance === 2026-03-25 09:30
  Ophalen: kort...
  Klaar: 4750 tekens
  Ophalen: lang...
  Klaar: 2784 tekens
Opgeslagen: guidance.json
Basiskaart aanmaken...
kaart_basis_nl.png aangemaakt
MOSMIX ophalen (temperatuur Nederland TX/TN)...
  Eelde (06280)...
  Terschelling (06250)...
  Vlieland (06242)...
  Leeuwarden (06270)...
  Den Helder (06235)...
  Amsterdam (06240)...
  De Bilt (06260)...
  Deelen (06275)...
  Hoogeveen (06279)...
  Enschede (06290)...
  Vlissingen (06310)...
  Hoek van Holland (06330)...
  Rotterdam Airport (06344)...
  Gilze Rijen (06350)...
  Eindhoven (06370)...
  Maastricht (06380)...
  Gent (06431)...
  Antwerpen (06450)...
  Kleve (K1176)...
  Brussel (06451)...
  Kleine Brogel (06479)...
  Dollart (E207)...
  Wielen (P0122)...
  Weeze (10405)...
  Valkenburg (06210)...
  Volkel (06375)...
  Bocholt (10406)...
  Nettetal (H512)...
  IJsselmeer (E5305)...
  Borkum (K1083)...
  Geilenkirchen (10500)...
Data voor 7 dagen
Kaart: kaart_temp_woensdag_25mar2026.png
Kaart: kaart_temp_donderdag_26mar2026.png
Kaart: kaart_temp_vrijdag_27mar2026.png
Kaart: kaart_temp_zaterdag_28mar2026.png
Kaart: kaart_temp_zondag_29mar2026.png
Kaart: kaart_temp_maandag_30mar2026.png
Kaart: kaart_temp_dinsdag_31mar2026.png
  Verwijderd: kaart_temp_dag_woensdag_25mar2026.png
  Verwijderd: kaart_temp_dag_donderdag_26mar2026.png
  Verwijderd: kaart_temp_dag_vrijdag_27mar2026.png
  Verwijderd: kaart_temp_dag_zaterdag_28mar2026.png
  Verwijderd: kaart_temp_dag_zondag_29mar2026.png
  Verwijderd: kaart_temp_dag_maandag_30mar2026.png
  Verwijderd: kaart_temp_dag_dinsdag_31mar2026.png
  Verwijderd: kaart_temp_nacht_dinsdag_24mar2026.png
  Verwijderd: kaart_temp_nacht_woensdag_25mar2026.png
  Verwijderd: kaart_temp_nacht_donderdag_26mar2026.png
  Verwijderd: kaart_temp_nacht_vrijdag_27mar2026.png
  Verwijderd: kaart_temp_nacht_zaterdag_28mar2026.png
  Verwijderd: kaart_temp_nacht_zondag_29mar2026.png
  Verwijderd: kaart_temp_nacht_maandag_30mar2026.png
MOSMIX ophalen (max temp dag 06-18u)...
Ophalen: Eelde (06280)...
Ophalen: Terschelling (06250)...
Ophalen: Vlieland (06242)...
Ophalen: Leeuwarden (06270)...
Ophalen: Den Helder (06235)...
Ophalen: Amsterdam (06240)...
Ophalen: De Bilt (06260)...
Ophalen: Deelen (06275)...
Ophalen: Hoogeveen (06279)...
Ophalen: Enschede (06290)...
Ophalen: Vlissingen (06310)...
Ophalen: Hoek van Holland (06330)...
Ophalen: Rotterdam Airport (06344)...
Ophalen: Gilze Rijen (06350)...
Ophalen: Eindhoven (06370)...
Ophalen: Maastricht (06380)...
Ophalen: Gent (06431)...
Ophalen: Antwerpen (06450)...
Ophalen: Kleve (K1176)...
Ophalen: Brussel (06451)...
Ophalen: Kleine Brogel (06479)...
Ophalen: Dollart (E207)...
Ophalen: Wielen (P0122)...
Ophalen: Weeze (10405)...
Ophalen: Valkenburg (06210)...
Ophalen: Volkel (06375)...
Ophalen: Bocholt (10406)...
Ophalen: Nettetal (H512)...
Ophalen: IJsselmeer (E5305)...
Ophalen: Borkum (K1083)...
Ophalen: Geilenkirchen (10500)...
Data voor 7 dagen
Kaart: kaart_temp_dag_woensdag_25mar2026.png
Kaart: kaart_temp_dag_donderdag_26mar2026.png
Kaart: kaart_temp_dag_vrijdag_27mar2026.png
Kaart: kaart_temp_dag_zaterdag_28mar2026.png
Kaart: kaart_temp_dag_zondag_29mar2026.png
Kaart: kaart_temp_dag_maandag_30mar2026.png
Kaart: kaart_temp_dag_dinsdag_31mar2026.png
MOSMIX ophalen (min temp nacht 18-06u)...
Ophalen: Eelde (06280)...
Ophalen: Terschelling (06250)...
Ophalen: Vlieland (06242)...
Ophalen: Leeuwarden (06270)...
Ophalen: Den Helder (06235)...
Ophalen: Amsterdam (06240)...
Ophalen: De Bilt (06260)...
Ophalen: Deelen (06275)...
Ophalen: Hoogeveen (06279)...
Ophalen: Enschede (06290)...
Ophalen: Vlissingen (06310)...
Ophalen: Hoek van Holland (06330)...
Ophalen: Rotterdam Airport (06344)...
Ophalen: Gilze Rijen (06350)...
Ophalen: Eindhoven (06370)...
Ophalen: Maastricht (06380)...
Ophalen: Gent (06431)...
Ophalen: Antwerpen (06450)...
Ophalen: Kleve (K1176)...
Ophalen: Brussel (06451)...
Ophalen: Kleine Brogel (06479)...
Ophalen: Dollart (E207)...
Ophalen: Wielen (P0122)...
Ophalen: Weeze (10405)...
Ophalen: Valkenburg (06210)...
Ophalen: Volkel (06375)...
Ophalen: Bocholt (10406)...
Ophalen: Nettetal (H512)...
Ophalen: IJsselmeer (E5305)...
Ophalen: Borkum (K1083)...
Ophalen: Geilenkirchen (10500)...
Data voor 7 dagen
Kaart: kaart_temp_nacht_dinsdag_24mar2026.png
Kaart: kaart_temp_nacht_woensdag_25mar2026.png
Kaart: kaart_temp_nacht_donderdag_26mar2026.png
Kaart: kaart_temp_nacht_vrijdag_27mar2026.png
Kaart: kaart_temp_nacht_zaterdag_28mar2026.png
Kaart: kaart_temp_nacht_zondag_29mar2026.png
Kaart: kaart_temp_nacht_maandag_30mar2026.png
MOSMIX ophalen (zon/bewolking)...
Ophalen: Eelde (06280)...
Ophalen: Terschelling (06250)...
Ophalen: Vlieland (06242)...
Ophalen: Leeuwarden (06270)...
Ophalen: Den Helder (06235)...
Ophalen: Amsterdam (06240)...
Ophalen: De Bilt (06260)...
Ophalen: Deelen (06275)...
Ophalen: Hoogeveen (06279)...
Ophalen: Enschede (06290)...
Ophalen: Hoek van Holland (06330)...
Ophalen: Rotterdam Airport (06344)...
Ophalen: Gilze Rijen (06350)...
Ophalen: Eindhoven (06370)...
Ophalen: Maastricht (06380)...
Ophalen: Kleve (K1176)...
Ophalen: Kleine Brogel (06479)...
Ophalen: Dollart (E207)...
Ophalen: Wielen (P0122)...
Ophalen: Weeze (10405)...
Ophalen: Valkenburg (06210)...
Ophalen: Volkel (06375)...
Ophalen: Bocholt (10406)...
Ophalen: Nettetal (H512)...
Ophalen: IJsselmeer (E5305)...
Ophalen: Borkum (K1083)...
Ophalen: Geilenkirchen (10500)...
Data voor 7 dagen
Kaart: kaart_zon_woensdag_25mar2026.png
Kaart: kaart_zon_donderdag_26mar2026.png
Kaart: kaart_zon_vrijdag_27mar2026.png
Kaart: kaart_zon_zaterdag_28mar2026.png
Kaart: kaart_zon_zondag_29mar2026.png
Kaart: kaart_zon_maandag_30mar2026.png
Kaart: kaart_zon_dinsdag_31mar2026.png
MOSMIX ophalen (wind dag 06-18u)...
Ophalen: Eelde (06280)...
Ophalen: Terschelling (06250)...
Ophalen: Vlieland (06242)...
Ophalen: Leeuwarden (06270)...
Ophalen: Den Helder (06235)...
Ophalen: Amsterdam (06240)...
Ophalen: De Bilt (06260)...
Ophalen: Deelen (06275)...
Ophalen: Hoogeveen (06279)...
Ophalen: Enschede (06290)...
Ophalen: Vlissingen (06310)...
Ophalen: Hoek van Holland (06330)...
Ophalen: Rotterdam Airport (06344)...
Ophalen: Gilze Rijen (06350)...
Ophalen: Eindhoven (06370)...
Ophalen: Maastricht (06380)...
Ophalen: Gent (06431)...
Ophalen: Antwerpen (06450)...
Ophalen: Kleve (K1176)...
Ophalen: Brussel (06451)...
Ophalen: Kleine Brogel (06479)...
Ophalen: Dollart (E207)...
Ophalen: Wielen (P0122)...
Ophalen: Weeze (10405)...
Ophalen: Valkenburg (06210)...
Ophalen: Volkel (06375)...
Ophalen: Bocholt (10406)...
Ophalen: Nettetal (H512)...
Ophalen: IJsselmeer (E5305)...
Ophalen: Borkum (K1083)...
Ophalen: Geilenkirchen (10500)...
Data voor 7 dagen
Kaart: kaart_wind_woensdag_25mar2026.png
Kaart: kaart_wind_donderdag_26mar2026.png
Kaart: kaart_wind_vrijdag_27mar2026.png
Kaart: kaart_wind_zaterdag_28mar2026.png
Kaart: kaart_wind_zondag_29mar2026.png
Kaart: kaart_wind_maandag_30mar2026.png
Kaart: kaart_wind_dinsdag_31mar2026.png
MOSMIX ophalen (wind nacht 18-06u)...
Ophalen: Eelde (06280)...
Ophalen: Terschelling (06250)...
Ophalen: Vlieland (06242)...
Ophalen: Leeuwarden (06270)...
Ophalen: Den Helder (06235)...
Ophalen: Amsterdam (06240)...
Ophalen: De Bilt (06260)...
Ophalen: Deelen (06275)...
Ophalen: Hoogeveen (06279)...
Ophalen: Enschede (06290)...
Ophalen: Vlissingen (06310)...
Ophalen: Hoek van Holland (06330)...
Ophalen: Rotterdam Airport (06344)...
Ophalen: Gilze Rijen (06350)...
Ophalen: Eindhoven (06370)...
Ophalen: Maastricht (06380)...
Ophalen: Gent (06431)...
Ophalen: Antwerpen (06450)...
Ophalen: Kleve (K1176)...
Ophalen: Brussel (06451)...
Ophalen: Kleine Brogel (06479)...
Ophalen: Dollart (E207)...
Ophalen: Wielen (P0122)...
Ophalen: Weeze (10405)...
Ophalen: Valkenburg (06210)...
Ophalen: Volkel (06375)...
Ophalen: Bocholt (10406)...
Ophalen: Nettetal (H512)...
Ophalen: IJsselmeer (E5305)...
Ophalen: Borkum (K1083)...
Ophalen: Geilenkirchen (10500)...
Data voor 7 dagen
Kaart: kaart_wind_nacht_dinsdag_24mar2026.png
Kaart: kaart_wind_nacht_woensdag_25mar2026.png
Kaart: kaart_wind_nacht_donderdag_26mar2026.png
Kaart: kaart_wind_nacht_vrijdag_27mar2026.png
Kaart: kaart_wind_nacht_zaterdag_28mar2026.png
Kaart: kaart_wind_nacht_zondag_29mar2026.png
Kaart: kaart_wind_nacht_maandag_30mar2026.png
  Verwijderd: kaart_wind_nacht_dinsdag_24mar2026.png
  Verwijderd: kaart_wind_nacht_donderdag_26mar2026.png
MOSMIX ophalen (mist/zichtbaarheid)...
Ophalen: Eelde (06280)...
Ophalen: Terschelling (06250)...
Ophalen: Vlieland (06242)...
Ophalen: Leeuwarden (06270)...
Ophalen: Den Helder (06235)...
Ophalen: Amsterdam (06240)...
Ophalen: De Bilt (06260)...
Ophalen: Deelen (06275)...
Ophalen: Hoogeveen (06279)...
Ophalen: Enschede (06290)...
Ophalen: Vlissingen (06310)...
Ophalen: Hoek van Holland (06330)...
Ophalen: Rotterdam Airport (06344)...
Ophalen: Gilze Rijen (06350)...
Ophalen: Eindhoven (06370)...
Ophalen: Maastricht (06380)...
Ophalen: Gent (06431)...
Ophalen: Antwerpen (06450)...
Ophalen: Kleve (K1176)...
Ophalen: Brussel (06451)...
Ophalen: Kleine Brogel (06479)...
Ophalen: Dollart (E207)...
Ophalen: Wielen (P0122)...
Ophalen: Weeze (10405)...
Ophalen: Valkenburg (06210)...
Ophalen: Volkel (06375)...
Ophalen: Bocholt (10406)...
Ophalen: Nettetal (H512)...
Ophalen: IJsselmeer (E5305)...
Ophalen: Borkum (K1083)...
Ophalen: Geilenkirchen (10500)...
Data voor 7 dagen
Kaart: kaart_mist_woensdag_25mar2026.png
Kaart: kaart_mist_donderdag_26mar2026.png
Kaart: kaart_mist_vrijdag_27mar2026.png
Kaart: kaart_mist_zaterdag_28mar2026.png
Kaart: kaart_mist_zondag_29mar2026.png
Kaart: kaart_mist_maandag_30mar2026.png
Kaart: kaart_mist_dinsdag_31mar2026.png
MOSMIX ophalen (T5cm grastemperatuur)...
Ophalen: Eelde (06280)...
Ophalen: Terschelling (06250)...
Ophalen: Vlieland (06242)...
Ophalen: Leeuwarden (06270)...
Ophalen: Den Helder (06235)...
Ophalen: Amsterdam (06240)...
Ophalen: De Bilt (06260)...
Ophalen: Deelen (06275)...
Ophalen: Hoogeveen (06279)...
Ophalen: Enschede (06290)...
Ophalen: Vlissingen (06310)...
Ophalen: Hoek van Holland (06330)...
Ophalen: Rotterdam Airport (06344)...
Ophalen: Gilze Rijen (06350)...
Ophalen: Eindhoven (06370)...
Ophalen: Maastricht (06380)...
Ophalen: Gent (06431)...
Ophalen: Antwerpen (06450)...
Ophalen: Kleve (K1176)...
Ophalen: Brussel (06451)...
Ophalen: Kleine Brogel (06479)...
Ophalen: Dollart (E207)...
Ophalen: Wielen (P0122)...
Ophalen: Weeze (10405)...
Ophalen: Valkenburg (06210)...
Ophalen: Volkel (06375)...
Ophalen: Bocholt (10406)...
Ophalen: Nettetal (H512)...
Ophalen: IJsselmeer (E5305)...
Ophalen: Borkum (K1083)...
Ophalen: Geilenkirchen (10500)...
Data voor 7 dagen
Kaart: kaart_t5cm_woensdag_25mar2026.png
Kaart: kaart_t5cm_donderdag_26mar2026.png
Kaart: kaart_t5cm_vrijdag_27mar2026.png
Kaart: kaart_t5cm_zaterdag_28mar2026.png
Kaart: kaart_t5cm_zondag_29mar2026.png
Kaart: kaart_t5cm_maandag_30mar2026.png
Kaart: kaart_t5cm_dinsdag_31mar2026.png
MOSMIX ophalen (dauwpunt Td2)...
Ophalen: Eelde (06280)...
Ophalen: Terschelling (06250)...
Ophalen: Vlieland (06242)...
Ophalen: Leeuwarden (06270)...
Ophalen: Den Helder (06235)...
Ophalen: Amsterdam (06240)...
Ophalen: De Bilt (06260)...
Ophalen: Deelen (06275)...
Ophalen: Hoogeveen (06279)...
Ophalen: Enschede (06290)...
Ophalen: Vlissingen (06310)...
Ophalen: Hoek van Holland (06330)...
Ophalen: Rotterdam Airport (06344)...
Ophalen: Gilze Rijen (06350)...
Ophalen: Eindhoven (06370)...
Ophalen: Maastricht (06380)...
Ophalen: Gent (06431)...
Ophalen: Antwerpen (06450)...
Ophalen: Kleve (K1176)...
Ophalen: Brussel (06451)...
Ophalen: Kleine Brogel (06479)...
Ophalen: Dollart (E207)...
Ophalen: Wielen (P0122)...
Ophalen: Weeze (10405)...
Ophalen: Valkenburg (06210)...
Ophalen: Volkel (06375)...
Ophalen: Bocholt (10406)...
Ophalen: Nettetal (H512)...
Ophalen: IJsselmeer (E5305)...
Ophalen: Borkum (K1083)...
Ophalen: Geilenkirchen (10500)...
Data voor 7 dagen
Kaart: kaart_dauwpunt_woensdag_25mar2026.png
Kaart: kaart_dauwpunt_donderdag_26mar2026.png
Kaart: kaart_dauwpunt_vrijdag_27mar2026.png
Kaart: kaart_dauwpunt_zaterdag_28mar2026.png
Kaart: kaart_dauwpunt_zondag_29mar2026.png
Kaart: kaart_dauwpunt_maandag_30mar2026.png
Kaart: kaart_dauwpunt_dinsdag_31mar2026.png
MOSMIX ophalen (gevoelstemperatuur berekend via TTT+FF)...
Ophalen: Eelde (06280)...
Ophalen: Terschelling (06250)...
Ophalen: Vlieland (06242)...
Ophalen: Leeuwarden (06270)...
Ophalen: Den Helder (06235)...
Ophalen: Amsterdam (06240)...
Ophalen: De Bilt (06260)...
Ophalen: Deelen (06275)...
Ophalen: Hoogeveen (06279)...
Ophalen: Enschede (06290)...
Ophalen: Vlissingen (06310)...
Ophalen: Hoek van Holland (06330)...
Ophalen: Rotterdam Airport (06344)...
Ophalen: Gilze Rijen (06350)...
Ophalen: Eindhoven (06370)...
Ophalen: Maastricht (06380)...
Ophalen: Gent (06431)...
Ophalen: Antwerpen (06450)...
Ophalen: Kleve (K1176)...
Ophalen: Brussel (06451)...
Ophalen: Kleine Brogel (06479)...
Ophalen: Dollart (E207)...
Ophalen: Wielen (P0122)...
Ophalen: Weeze (10405)...
Ophalen: Valkenburg (06210)...
Ophalen: Volkel (06375)...
Ophalen: Bocholt (10406)...
Ophalen: Nettetal (H512)...
Ophalen: IJsselmeer (E5305)...
Ophalen: Borkum (K1083)...
Ophalen: Geilenkirchen (10500)...
Data voor 7 dagen
Kaart: kaart_gevoels_woensdag_25mar2026.png
Kaart: kaart_gevoels_donderdag_26mar2026.png
Kaart: kaart_gevoels_vrijdag_27mar2026.png
Kaart: kaart_gevoels_zaterdag_28mar2026.png
Kaart: kaart_gevoels_zondag_29mar2026.png
Kaart: kaart_gevoels_maandag_30mar2026.png
Kaart: kaart_gevoels_dinsdag_31mar2026.png
MOSMIX ophalen (neerslag)...
Ophalen: Eelde (06280)...
Ophalen: Terschelling (06250)...
Ophalen: Vlieland (06242)...
Ophalen: Leeuwarden (06270)...
Ophalen: Den Helder (06235)...
Ophalen: Amsterdam (06240)...
Ophalen: De Bilt (06260)...
Ophalen: Deelen (06275)...
Ophalen: Hoogeveen (06279)...
Ophalen: Enschede (06290)...
Ophalen: Vlissingen (06310)...
Ophalen: Hoek van Holland (06330)...
Ophalen: Rotterdam Airport (06344)...
Ophalen: Gilze Rijen (06350)...
Ophalen: Eindhoven (06370)...
Ophalen: Maastricht (06380)...
Ophalen: Gent (06431)...
Ophalen: Antwerpen (06450)...
Ophalen: Kleve (K1176)...
Ophalen: Brussel (06451)...
Ophalen: Kleine Brogel (06479)...
Ophalen: Dollart (E207)...
Ophalen: Wielen (P0122)...
Ophalen: Weeze (10405)...
Ophalen: Valkenburg (06210)...
Ophalen: Volkel (06375)...
Ophalen: Bocholt (10406)...
Ophalen: Nettetal (H512)...
Ophalen: IJsselmeer (E5305)...
Ophalen: Borkum (K1083)...
Ophalen: Geilenkirchen (10500)...
Data voor 7 dagen
Kaart: kaart_regen_woensdag_25mar2026.png
Kaart: kaart_regen_donderdag_26mar2026.png
Kaart: kaart_regen_vrijdag_27mar2026.png
Kaart: kaart_regen_zaterdag_28mar2026.png
Kaart: kaart_regen_zondag_29mar2026.png
Kaart: kaart_regen_maandag_30mar2026.png
Kaart: kaart_regen_dinsdag_31mar2026.png
MOSMIX ophalen (onweer: wwT, wwTd, CAPE, CIN)...
Ophalen: Eelde (06280)...
Ophalen: Terschelling (06250)...
Ophalen: Vlieland (06242)...
Ophalen: Leeuwarden (06270)...
Ophalen: Den Helder (06235)...
Ophalen: Amsterdam (06240)...
Ophalen: De Bilt (06260)...
Ophalen: Deelen (06275)...
Ophalen: Hoogeveen (06279)...
Ophalen: Enschede (06290)...
Ophalen: Vlissingen (06310)...
Ophalen: Hoek van Holland (06330)...
Ophalen: Rotterdam Airport (06344)...
Ophalen: Gilze Rijen (06350)...
Ophalen: Eindhoven (06370)...
Ophalen: Maastricht (06380)...
Ophalen: Gent (06431)...
Ophalen: Antwerpen (06450)...
Ophalen: Kleve (K1176)...
Ophalen: Brussel (06451)...
Ophalen: Kleine Brogel (06479)...
Ophalen: Dollart (E207)...
Ophalen: Wielen (P0122)...
Ophalen: Weeze (10405)...
Ophalen: Valkenburg (06210)...
Ophalen: Volkel (06375)...
Ophalen: Bocholt (10406)...
Ophalen: Nettetal (H512)...
Ophalen: IJsselmeer (E5305)...
Ophalen: Borkum (K1083)...
Ophalen: Geilenkirchen (10500)...
Data voor 7 dagen
Kaart: kaart_onweer_woensdag_25mar2026.png
Kaart: kaart_onweer_donderdag_26mar2026.png
Kaart: kaart_onweer_vrijdag_27mar2026.png
Kaart: kaart_onweer_zaterdag_28mar2026.png
Kaart: kaart_onweer_zondag_29mar2026.png
Kaart: kaart_onweer_maandag_30mar2026.png
Kaart: kaart_onweer_dinsdag_31mar2026.png

Bewolkingskaart voor Do 26 mrt...
  Eelde...
  Terschelling...
  Vlieland...
  Leeuwarden...
  Den Helder...
  Amsterdam...
  De Bilt...
  Deelen...
  Hoogeveen...
  Enschede...
  Vlissingen...
  Hoek van Holland...
  Rotterdam Airport...
  Gilze Rijen...
  Eindhoven...
  Maastricht...
  Gent...
  Antwerpen...
  Kleve...
  Brussel...
  Kleine Brogel...
  Dollart...
  Wielen...
  Weeze...
  Valkenburg...
  Volkel...
  Bocholt...
  Nettetal...
  IJsselmeer...
  Borkum...
  Geilenkirchen...
  Data voor 31 stations
Kaart opgeslagen: kaart_bewolking_2026-03-26.png

Bewolkingskaart voor Vr 27 mrt...
  Eelde...
  Terschelling...
  Vlieland...
  Leeuwarden...
  Den Helder...
  Amsterdam...
  De Bilt...
  Deelen...
  Hoogeveen...
  Enschede...
  Vlissingen...
  Hoek van Holland...
  Rotterdam Airport...
  Gilze Rijen...
  Eindhoven...
  Maastricht...
  Gent...
  Antwerpen...
  Kleve...
  Brussel...
  Kleine Brogel...
  Dollart...
  Wielen...
  Weeze...
  Valkenburg...
  Volkel...
  Bocholt...
  Nettetal...
  IJsselmeer...
  Borkum...
  Geilenkirchen...
  Data voor 31 stations
Kaart opgeslagen: kaart_bewolking_2026-03-27.png

Bewolkingskaart voor Za 28 mrt...
  Eelde...
  Terschelling...
  Vlieland...
  Leeuwarden...
  Den Helder...
  Amsterdam...
  De Bilt...
  Deelen...
  Hoogeveen...
  Enschede...
  Vlissingen...
  Hoek van Holland...
  Rotterdam Airport...
  Gilze Rijen...
  Eindhoven...
  Maastricht...
  Gent...
  Antwerpen...
  Kleve...
  Brussel...
  Kleine Brogel...
  Dollart...
  Wielen...
  Weeze...
  Valkenburg...
  Volkel...
  Bocholt...
  Nettetal...
  IJsselmeer...
  Borkum...
  Geilenkirchen...
  Data voor 31 stations
Kaart opgeslagen: kaart_bewolking_2026-03-28.png

Bewolkingskaart voor Zo 29 mrt...
  Eelde...
  Terschelling...
  Vlieland...
  Leeuwarden...
  Den Helder...
  Amsterdam...
  De Bilt...
  Deelen...
  Hoogeveen...
  Enschede...
  Vlissingen...
  Hoek van Holland...
  Rotterdam Airport...
  Gilze Rijen...
  Eindhoven...
  Maastricht...
  Gent...
  Antwerpen...
  Kleve...
  Brussel...
  Kleine Brogel...
  Dollart...
  Wielen...
  Weeze...
  Valkenburg...
  Volkel...
  Bocholt...
  Nettetal...
  IJsselmeer...
  Borkum...
  Geilenkirchen...
  Data voor 31 stations
Kaart opgeslagen: kaart_bewolking_2026-03-29.png

Bewolkingskaart voor Ma 30 mrt...
  Eelde...
  Terschelling...
  Vlieland...
  Leeuwarden...
  Den Helder...
  Amsterdam...
  De Bilt...
  Deelen...
  Hoogeveen...
  Enschede...
  Vlissingen...
  Hoek van Holland...
  Rotterdam Airport...
  Gilze Rijen...
  Eindhoven...
  Maastricht...
  Gent...
  Antwerpen...
  Kleve...
  Brussel...
  Kleine Brogel...
  Dollart...
  Wielen...
  Weeze...
  Valkenburg...
  Volkel...
  Bocholt...
  Nettetal...
  IJsselmeer...
  Borkum...
  Geilenkirchen...
  Data voor 31 stations
Kaart opgeslagen: kaart_bewolking_2026-03-30.png

Bewolkingskaart voor Di 31 mrt...
  Eelde...
  Terschelling...
  Vlieland...
  Leeuwarden...
  Den Helder...
  Amsterdam...
  De Bilt...
  Deelen...
  Hoogeveen...
  Enschede...
  Vlissingen...
  Hoek van Holland...
  Rotterdam Airport...
  Gilze Rijen...
  Eindhoven...
  Maastricht...
  Gent...
  Antwerpen...
  Kleve...
  Brussel...
  Kleine Brogel...
  Dollart...
  Wielen...
  Weeze...
  Valkenburg...
  Volkel...
  Bocholt...
  Nettetal...
  IJsselmeer...
  Borkum...
  Geilenkirchen...
  Data voor 31 stations
Kaart opgeslagen: kaart_bewolking_2026-03-31.png

Bewolkingskaart voor Wo 1 apr...
  Eelde...
  Terschelling...
  Vlieland...
  Leeuwarden...
  Den Helder...
  Amsterdam...
  De Bilt...
  Deelen...
  Hoogeveen...
  Enschede...
  Vlissingen...
  Hoek van Holland...
  Rotterdam Airport...
  Gilze Rijen...
  Eindhoven...
  Maastricht...
  Gent...
  Antwerpen...
  Kleve...
  Brussel...
  Kleine Brogel...
  Dollart...
  Wielen...
  Weeze...
  Valkenburg...
  Volkel...
  Bocholt...
  Nettetal...
  IJsselmeer...
  Borkum...
  Geilenkirchen...
  Data voor 31 stations
Kaart opgeslagen: kaart_bewolking_2026-04-01.png

Bewolkingskaart voor Do 2 apr...
  Eelde...
  Terschelling...
  Vlieland...
  Leeuwarden...
  Den Helder...
  Amsterdam...
  De Bilt...
  Deelen...
  Hoogeveen...
  Enschede...
  Vlissingen...
  Hoek van Holland...
  Rotterdam Airport...
  Gilze Rijen...
  Eindhoven...
  Maastricht...
  Gent...
  Antwerpen...
  Kleve...
  Brussel...
  Kleine Brogel...
  Dollart...
  Wielen...
  Weeze...
  Valkenburg...
  Volkel...
  Bocholt...
  Nettetal...
  IJsselmeer...
  Borkum...
  Geilenkirchen...
  Data voor 31 stations
Kaart opgeslagen: kaart_bewolking_2026-04-02.png

Bewolkingskaart voor Vr 3 apr...
  Eelde...
  Terschelling...
  Vlieland...
  Leeuwarden...
  Den Helder...
  Amsterdam...
  De Bilt...
  Deelen...
  Hoogeveen...
  Enschede...
  Vlissingen...
  Hoek van Holland...
  Rotterdam Airport...
  Gilze Rijen...
  Eindhoven...
  Maastricht...
  Gent...
  Antwerpen...
  Kleve...
  Brussel...
  Kleine Brogel...
  Dollart...
  Wielen...
  Weeze...
  Valkenburg...
  Volkel...
  Bocholt...
  Nettetal...
  IJsselmeer...
  Borkum...
  Geilenkirchen...
  Data voor 31 stations
Kaart opgeslagen: kaart_bewolking_2026-04-03.png

Bewolkingskaart voor Za 4 apr...
  Eelde...
  Terschelling...
  Vlieland...
  Leeuwarden...
  Den Helder...
  Amsterdam...
  De Bilt...
  Deelen...
  Hoogeveen...
  Enschede...
  Vlissingen...
  Hoek van Holland...
  Rotterdam Airport...
  Gilze Rijen...
  Eindhoven...
  Maastricht...
  Gent...
  Antwerpen...
  Kleve...
  Brussel...
  Kleine Brogel...
  Dollart...
  Wielen...
  Weeze...
  Valkenburg...
  Volkel...
  Bocholt...
  Nettetal...
  IJsselmeer...
  Borkum...
  Geilenkirchen...
  Data voor 31 stations
Kaart opgeslagen: kaart_bewolking_2026-04-04.png
MOSMIX ophalen (kans op sneeuw Nederland)...
Ophalen: Eelde (06280)...
Ophalen: Terschelling (06250)...
Ophalen: Vlieland (06242)...
Ophalen: Leeuwarden (06270)...
Ophalen: Den Helder (06235)...
Ophalen: Amsterdam (06240)...
Ophalen: De Bilt (06260)...
Ophalen: Deelen (06275)...
Ophalen: Hoogeveen (06279)...
Ophalen: Enschede (06290)...
Ophalen: Vlissingen (06310)...
Ophalen: Hoek van Holland (06330)...
Ophalen: Rotterdam Airport (06344)...
Ophalen: Gilze Rijen (06350)...
Ophalen: Eindhoven (06370)...
Ophalen: Maastricht (06380)...
Ophalen: Gent (06431)...
Ophalen: Antwerpen (06450)...
Ophalen: Kleve (K1176)...
Ophalen: Brussel (06451)...
Ophalen: Kleine Brogel (06479)...
Ophalen: Dollart (E207)...
Ophalen: Wielen (P0122)...
Ophalen: Weeze (10405)...
Ophalen: Valkenburg (06210)...
Ophalen: Volkel (06375)...
Ophalen: Bocholt (10406)...
Ophalen: Nettetal (H512)...
Ophalen: IJsselmeer (E5305)...
Ophalen: Borkum (K1083)...
Ophalen: Geilenkirchen (10500)...
Data voor 7 dagen
Kaart: kaart_sneeuw_woensdag_25mar2026.png
Kaart: kaart_sneeuw_donderdag_26mar2026.png
Kaart: kaart_sneeuw_vrijdag_27mar2026.png
Kaart: kaart_sneeuw_zaterdag_28mar2026.png
Kaart: kaart_sneeuw_zondag_29mar2026.png
Kaart: kaart_sneeuw_maandag_30mar2026.png
Kaart: kaart_sneeuw_dinsdag_31mar2026.png
MOSMIX ophalen (hagelkans Nederland)...
Ophalen: Eelde (06280)...
Ophalen: Terschelling (06250)...
Ophalen: Vlieland (06242)...
Ophalen: Leeuwarden (06270)...
Ophalen: Den Helder (06235)...
Ophalen: Amsterdam (06240)...
Ophalen: De Bilt (06260)...
Ophalen: Deelen (06275)...
Ophalen: Hoogeveen (06279)...
Ophalen: Enschede (06290)...
Ophalen: Vlissingen (06310)...
Ophalen: Hoek van Holland (06330)...
Ophalen: Rotterdam Airport (06344)...
Ophalen: Gilze Rijen (06350)...
Ophalen: Eindhoven (06370)...
Ophalen: Maastricht (06380)...
Ophalen: Gent (06431)...
Ophalen: Antwerpen (06450)...
Ophalen: Kleve (K1176)...
Ophalen: Brussel (06451)...
Ophalen: Kleine Brogel (06479)...
Ophalen: Dollart (E207)...
Ophalen: Wielen (P0122)...
Ophalen: Weeze (10405)...
Ophalen: Valkenburg (06210)...
Ophalen: Volkel (06375)...
Ophalen: Bocholt (10406)...
Ophalen: Nettetal (H512)...
Ophalen: IJsselmeer (E5305)...
Ophalen: Borkum (K1083)...
Ophalen: Geilenkirchen (10500)...
Data voor 7 dagen
Kaart: kaart_hagel_woensdag_25mar2026.png
Kaart: kaart_hagel_donderdag_26mar2026.png
Kaart: kaart_hagel_vrijdag_27mar2026.png
Kaart: kaart_hagel_zaterdag_28mar2026.png
Kaart: kaart_hagel_zondag_29mar2026.png
Kaart: kaart_hagel_maandag_30mar2026.png
Kaart: kaart_hagel_dinsdag_31mar2026.png
MOSMIX ophalen (temperatuur België)...
  Brussel (06451)...
  Gent (06431)...
  Antwerpen (06450)...
  Kleine Brogel (06479)...
  Oostende (06407)...
  Charleroi (06449)...
  Bierset (06478)...
  Spa (06490)...
  St-Hubert (06476)...
  Florennes (06456)...
  Lille (07015)...
  Heinerschied (F9600)...
  Beauvechain (06458)...
  Monschau (H908)...
  Brugge (P0155)...
  Charleville (07075)...
  Cambrai (07017)...
  Calais (P0437)...
  Saint-Quentin (07061)...
Data voor 7 dagen
Kaart: kaart_be_temp_woensdag_25mar2026.png
Kaart: kaart_be_temp_donderdag_26mar2026.png
Kaart: kaart_be_temp_vrijdag_27mar2026.png
Kaart: kaart_be_temp_zaterdag_28mar2026.png
Kaart: kaart_be_temp_zondag_29mar2026.png
Kaart: kaart_be_temp_maandag_30mar2026.png
Kaart: kaart_be_temp_dinsdag_31mar2026.png
MOSMIX ophalen (max temp dag 06-18u België)...
  Brussel (06451)...
  Gent (06431)...
  Antwerpen (06450)...
  Kleine Brogel (06479)...
  Oostende (06407)...
  Charleroi (06449)...
  Bierset (06478)...
  Spa (06490)...
  St-Hubert (06476)...
  Florennes (06456)...
  Lille (07015)...
  Heinerschied (F9600)...
  Beauvechain (06458)...
  Monschau (H908)...
  Brugge (P0155)...
  Charleville (07075)...
  Cambrai (07017)...
  Calais (P0437)...
  Saint-Quentin (07061)...
Data voor 7 dagen
Kaart: kaart_be_temp_dag_woensdag_25mar2026.png
Kaart: kaart_be_temp_dag_donderdag_26mar2026.png
Kaart: kaart_be_temp_dag_vrijdag_27mar2026.png
Kaart: kaart_be_temp_dag_zaterdag_28mar2026.png
Kaart: kaart_be_temp_dag_zondag_29mar2026.png
Kaart: kaart_be_temp_dag_maandag_30mar2026.png
Kaart: kaart_be_temp_dag_dinsdag_31mar2026.png
MOSMIX ophalen (min temp nacht 18-06u België)...
  Brussel (06451)...
  Gent (06431)...
  Antwerpen (06450)...
  Kleine Brogel (06479)...
  Oostende (06407)...
  Charleroi (06449)...
  Bierset (06478)...
  Spa (06490)...
  St-Hubert (06476)...
  Florennes (06456)...
  Lille (07015)...
  Heinerschied (F9600)...
  Beauvechain (06458)...
  Monschau (H908)...
  Brugge (P0155)...
  Charleville (07075)...
  Cambrai (07017)...
  Calais (P0437)...
  Saint-Quentin (07061)...
Data voor 7 dagen
Kaart: kaart_be_temp_nacht_woensdag_25mar2026.png
Kaart: kaart_be_temp_nacht_donderdag_26mar2026.png
Kaart: kaart_be_temp_nacht_vrijdag_27mar2026.png
Kaart: kaart_be_temp_nacht_zaterdag_28mar2026.png
Kaart: kaart_be_temp_nacht_zondag_29mar2026.png
Kaart: kaart_be_temp_nacht_maandag_30mar2026.png
Kaart: kaart_be_temp_nacht_dinsdag_31mar2026.png
MOSMIX ophalen (wind dag 06-18u België)...
  Brussel (06451)...
  Gent (06431)...
  Antwerpen (06450)...
  Kleine Brogel (06479)...
  Oostende (06407)...
  Charleroi (06449)...
  Bierset (06478)...
  Spa (06490)...
  St-Hubert (06476)...
  Florennes (06456)...
  Lille (07015)...
  Heinerschied (F9600)...
  Beauvechain (06458)...
  Monschau (H908)...
  Brugge (P0155)...
  Charleville (07075)...
  Cambrai (07017)...
  Calais (P0437)...
  Saint-Quentin (07061)...
Data voor 7 dagen
Kaart: kaart_be_wind_woensdag_25mar2026.png
Kaart: kaart_be_wind_donderdag_26mar2026.png
Kaart: kaart_be_wind_vrijdag_27mar2026.png
Kaart: kaart_be_wind_zaterdag_28mar2026.png
Kaart: kaart_be_wind_zondag_29mar2026.png
Kaart: kaart_be_wind_maandag_30mar2026.png
Kaart: kaart_be_wind_dinsdag_31mar2026.png
MOSMIX ophalen (wind nacht 18-06u België)...
  Brussel (06451)...
  Gent (06431)...
  Antwerpen (06450)...
  Kleine Brogel (06479)...
  Oostende (06407)...
  Charleroi (06449)...
  Bierset (06478)...
  Spa (06490)...
  St-Hubert (06476)...
  Florennes (06456)...
  Lille (07015)...
  Heinerschied (F9600)...
  Beauvechain (06458)...
  Monschau (H908)...
  Brugge (P0155)...
  Charleville (07075)...
  Cambrai (07017)...
  Calais (P0437)...
  Saint-Quentin (07061)...
Data voor 7 dagen
Kaart: kaart_be_wind_nacht_woensdag_25mar2026.png
Kaart: kaart_be_wind_nacht_donderdag_26mar2026.png
Kaart: kaart_be_wind_nacht_vrijdag_27mar2026.png
Kaart: kaart_be_wind_nacht_zaterdag_28mar2026.png
Kaart: kaart_be_wind_nacht_zondag_29mar2026.png
Kaart: kaart_be_wind_nacht_maandag_30mar2026.png
Kaart: kaart_be_wind_nacht_dinsdag_31mar2026.png
MOSMIX ophalen (zon België)...
  Brussel...
  Gent...
  Antwerpen...
  Kleine Brogel...
  Oostende...
  Charleroi...
  Bierset...
  Spa...
  St-Hubert...
  Florennes...
  Lille...
  Heinerschied...
  Beauvechain...
  Monschau...
  Brugge...
  Charleville...
  Cambrai...
  Calais...
  Saint-Quentin...
Kaart: kaart_be_zon_woensdag_25mar2026.png
Kaart: kaart_be_zon_donderdag_26mar2026.png
Kaart: kaart_be_zon_vrijdag_27mar2026.png
Kaart: kaart_be_zon_zaterdag_28mar2026.png
Kaart: kaart_be_zon_zondag_29mar2026.png
Kaart: kaart_be_zon_maandag_30mar2026.png
Kaart: kaart_be_zon_dinsdag_31mar2026.png
MOSMIX ophalen (neerslag België)...
  Brussel...
  Gent...
  Antwerpen...
  Kleine Brogel...
  Oostende...
  Charleroi...
  Bierset...
  Spa...
  St-Hubert...
  Florennes...
  Lille...
  Heinerschied...
  Beauvechain...
  Monschau...
  Brugge...
  Charleville...
  Cambrai...
  Calais...
  Saint-Quentin...
Kaart: kaart_be_regen_woensdag_25mar2026.png
Kaart: kaart_be_regen_donderdag_26mar2026.png
Kaart: kaart_be_regen_vrijdag_27mar2026.png
Kaart: kaart_be_regen_zaterdag_28mar2026.png
Kaart: kaart_be_regen_zondag_29mar2026.png
Kaart: kaart_be_regen_maandag_30mar2026.png
Kaart: kaart_be_regen_dinsdag_31mar2026.png
MOSMIX ophalen (mist België)...
  Brussel...
  Gent...
  Antwerpen...
  Kleine Brogel...
  Oostende...
  Charleroi...
  Bierset...
  Spa...
  St-Hubert...
  Florennes...
  Lille...
  Heinerschied...
  Beauvechain...
  Monschau...
  Brugge...
  Charleville...
  Cambrai...
  Calais...
  Saint-Quentin...
Kaart: kaart_be_mist_woensdag_25mar2026.png
Kaart: kaart_be_mist_donderdag_26mar2026.png
Kaart: kaart_be_mist_vrijdag_27mar2026.png
Kaart: kaart_be_mist_zaterdag_28mar2026.png
Kaart: kaart_be_mist_zondag_29mar2026.png
Kaart: kaart_be_mist_maandag_30mar2026.png
Kaart: kaart_be_mist_dinsdag_31mar2026.png
MOSMIX ophalen (onweer België)...
  Brussel...
  Gent...
  Antwerpen...
  Kleine Brogel...
  Oostende...
  Charleroi...
  Bierset...
  Spa...
  St-Hubert...
  Florennes...
  Lille...
  Heinerschied...
  Beauvechain...
  Monschau...
  Brugge...
  Charleville...
  Cambrai...
  Calais...
  Saint-Quentin...
Kaart: kaart_be_onweer_woensdag_25mar2026.png
Kaart: kaart_be_onweer_donderdag_26mar2026.png
Kaart: kaart_be_onweer_vrijdag_27mar2026.png
Kaart: kaart_be_onweer_zaterdag_28mar2026.png
Kaart: kaart_be_onweer_zondag_29mar2026.png
Kaart: kaart_be_onweer_maandag_30mar2026.png
Kaart: kaart_be_onweer_dinsdag_31mar2026.png

Bewolking België Do 26 mrt...
  Brussel...
  Gent...
  Antwerpen...
  Kleine Brogel...
  Oostende...
  Charleroi...
  Bierset...
  Spa...
  St-Hubert...
  Florennes...
  Lille...
  Heinerschied...
  Beauvechain...
  Monschau...
  Brugge...
  Charleville...
  Cambrai...
  Calais...
  Saint-Quentin...
Kaart: kaart_be_bewolking_2026-03-26.png

Bewolking België Vr 27 mrt...
  Brussel...
  Gent...
  Antwerpen...
  Kleine Brogel...
  Oostende...
  Charleroi...
  Bierset...
  Spa...
  St-Hubert...
  Florennes...
  Lille...
  Heinerschied...
  Beauvechain...
  Monschau...
  Brugge...
  Charleville...
  Cambrai...
  Calais...
  Saint-Quentin...
Kaart: kaart_be_bewolking_2026-03-27.png

Bewolking België Za 28 mrt...
  Brussel...
  Gent...
  Antwerpen...
  Kleine Brogel...
  Oostende...
  Charleroi...
  Bierset...
  Spa...
  St-Hubert...
  Florennes...
  Lille...
  Heinerschied...
  Beauvechain...
  Monschau...
  Brugge...
  Charleville...
  Cambrai...
  Calais...
  Saint-Quentin...
Kaart: kaart_be_bewolking_2026-03-28.png

Bewolking België Zo 29 mrt...
  Brussel...
  Gent...
  Antwerpen...
  Kleine Brogel...
  Oostende...
  Charleroi...
  Bierset...
  Spa...
  St-Hubert...
  Florennes...
  Lille...
  Heinerschied...
  Beauvechain...
  Monschau...
  Brugge...
  Charleville...
  Cambrai...
  Calais...
  Saint-Quentin...
Kaart: kaart_be_bewolking_2026-03-29.png

Bewolking België Ma 30 mrt...
  Brussel...
  Gent...
  Antwerpen...
  Kleine Brogel...
  Oostende...
  Charleroi...
  Bierset...
  Spa...
  St-Hubert...
  Florennes...
  Lille...
  Heinerschied...
  Beauvechain...
  Monschau...
  Brugge...
  Charleville...
  Cambrai...
  Calais...
  Saint-Quentin...
Kaart: kaart_be_bewolking_2026-03-30.png

Bewolking België Di 31 mrt...
  Brussel...
  Gent...
  Antwerpen...
  Kleine Brogel...
  Oostende...
  Charleroi...
  Bierset...
  Spa...
  St-Hubert...
  Florennes...
  Lille...
  Heinerschied...
  Beauvechain...
  Monschau...
  Brugge...
  Charleville...
  Cambrai...
  Calais...
  Saint-Quentin...
Kaart: kaart_be_bewolking_2026-03-31.png

Bewolking België Wo 1 apr...
  Brussel...
  Gent...
  Antwerpen...
  Kleine Brogel...
  Oostende...
  Charleroi...
  Bierset...
  Spa...
  St-Hubert...
  Florennes...
  Lille...
  Heinerschied...
  Beauvechain...
  Monschau...
  Brugge...
  Charleville...
  Cambrai...
  Calais...
  Saint-Quentin...
Kaart: kaart_be_bewolking_2026-04-01.png

Bewolking België Do 2 apr...
  Brussel...
  Gent...
  Antwerpen...
  Kleine Brogel...
  Oostende...
  Charleroi...
  Bierset...
  Spa...
  St-Hubert...
  Florennes...
  Lille...
  Heinerschied...
  Beauvechain...
  Monschau...
  Brugge...
  Charleville...
  Cambrai...
  Calais...
  Saint-Quentin...
Kaart: kaart_be_bewolking_2026-04-02.png

Bewolking België Vr 3 apr...
  Brussel...
  Gent...
  Antwerpen...
  Kleine Brogel...
  Oostende...
  Charleroi...
  Bierset...
  Spa...
  St-Hubert...
  Florennes...
  Lille...
  Heinerschied...
  Beauvechain...
  Monschau...
  Brugge...
  Charleville...
  Cambrai...
  Calais...
  Saint-Quentin...
Kaart: kaart_be_bewolking_2026-04-03.png

Bewolking België Za 4 apr...
  Brussel...
  Gent...
  Antwerpen...
  Kleine Brogel...
  Oostende...
  Charleroi...
  Bierset...
  Spa...
  St-Hubert...
  Florennes...
  Lille...
  Heinerschied...
  Beauvechain...
  Monschau...
  Brugge...
  Charleville...
  Cambrai...
  Calais...
  Saint-Quentin...
Kaart: kaart_be_bewolking_2026-04-04.png
MOSMIX ophalen (kans op sneeuw Belgie)...
  Brussel (06451)...
  Gent (06431)...
  Antwerpen (06450)...
  Kleine Brogel (06479)...
  Oostende (06407)...
  Charleroi (06449)...
  Bierset (06478)...
  Spa (06490)...
  St-Hubert (06476)...
  Florennes (06456)...
  Lille (07015)...
  Heinerschied (F9600)...
  Beauvechain (06458)...
  Monschau (H908)...
  Brugge (P0155)...
  Charleville (07075)...
  Cambrai (07017)...
  Calais (P0437)...
  Saint-Quentin (07061)...
Data voor 7 dagen
Kaart: kaart_be_sneeuw_woensdag_25mar2026.png
Kaart: kaart_be_sneeuw_donderdag_26mar2026.png
Kaart: kaart_be_sneeuw_vrijdag_27mar2026.png
Kaart: kaart_be_sneeuw_zaterdag_28mar2026.png
Kaart: kaart_be_sneeuw_zondag_29mar2026.png
Kaart: kaart_be_sneeuw_maandag_30mar2026.png
Kaart: kaart_be_sneeuw_dinsdag_31mar2026.png
MOSMIX ophalen (hagelkans Belgie)...
  Brussel (06451)...
  Gent (06431)...
  Antwerpen (06450)...
  Kleine Brogel (06479)...
  Oostende (06407)...
  Charleroi (06449)...
  Bierset (06478)...
  Spa (06490)...
  St-Hubert (06476)...
  Florennes (06456)...
  Lille (07015)...
  Heinerschied (F9600)...
  Beauvechain (06458)...
  Monschau (H908)...
  Brugge (P0155)...
  Charleville (07075)...
  Cambrai (07017)...
  Calais (P0437)...
  Saint-Quentin (07061)...
Data voor 7 dagen
Kaart: kaart_be_hagel_woensdag_25mar2026.png
Kaart: kaart_be_hagel_donderdag_26mar2026.png
Kaart: kaart_be_hagel_vrijdag_27mar2026.png
Kaart: kaart_be_hagel_zaterdag_28mar2026.png
Kaart: kaart_be_hagel_zondag_29mar2026.png
Kaart: kaart_be_hagel_maandag_30mar2026.png
Kaart: kaart_be_hagel_dinsdag_31mar2026.png
MOSMIX ophalen (gevoelstemperatuur België)...
  Brussel (06451)...
  Gent (06431)...
  Antwerpen (06450)...
  Kleine Brogel (06479)...
  Oostende (06407)...
  Charleroi (06449)...
  Bierset (06478)...
  Spa (06490)...
  St-Hubert (06476)...
  Florennes (06456)...
  Lille (07015)...
  Heinerschied (F9600)...
  Beauvechain (06458)...
  Monschau (H908)...
  Brugge (P0155)...
  Charleville (07075)...
  Cambrai (07017)...
  Calais (P0437)...
  Saint-Quentin (07061)...
Data voor 7 dagen
Kaart: kaart_be_gevoels_woensdag_25mar2026.png
Kaart: kaart_be_gevoels_donderdag_26mar2026.png
Kaart: kaart_be_gevoels_vrijdag_27mar2026.png
Kaart: kaart_be_gevoels_zaterdag_28mar2026.png
Kaart: kaart_be_gevoels_zondag_29mar2026.png
Kaart: kaart_be_gevoels_maandag_30mar2026.png
Kaart: kaart_be_gevoels_dinsdag_31mar2026.png
MOSMIX ophalen (dauwpunt Belgie)...
  Brussel (06451)...
  Gent (06431)...
  Antwerpen (06450)...
  Kleine Brogel (06479)...
  Oostende (06407)...
  Charleroi (06449)...
  Bierset (06478)...
  Spa (06490)...
  St-Hubert (06476)...
  Florennes (06456)...
  Lille (07015)...
  Heinerschied (F9600)...
  Beauvechain (06458)...
  Monschau (H908)...
  Brugge (P0155)...
  Charleville (07075)...
  Cambrai (07017)...
  Calais (P0437)...
  Saint-Quentin (07061)...
Data voor 7 dagen
Kaart: kaart_be_dauwpunt_woensdag_25mar2026.png
Kaart: kaart_be_dauwpunt_donderdag_26mar2026.png
Kaart: kaart_be_dauwpunt_vrijdag_27mar2026.png
Kaart: kaart_be_dauwpunt_zaterdag_28mar2026.png
Kaart: kaart_be_dauwpunt_zondag_29mar2026.png
Kaart: kaart_be_dauwpunt_maandag_30mar2026.png
Kaart: kaart_be_dauwpunt_dinsdag_31mar2026.png
MOSMIX ophalen (grondtemperatuur 5cm België)...
  Brussel (06451)...
  Gent (06431)...
  Antwerpen (06450)...
  Kleine Brogel (06479)...
  Oostende (06407)...
  Charleroi (06449)...
  Bierset (06478)...
  Spa (06490)...
  St-Hubert (06476)...
  Florennes (06456)...
  Lille (07015)...
  Heinerschied (F9600)...
  Beauvechain (06458)...
  Monschau (H908)...
  Brugge (P0155)...
  Charleville (07075)...
  Cambrai (07017)...
  Calais (P0437)...
  Saint-Quentin (07061)...
Data voor 7 dagen
Kaart: kaart_be_t5cm_woensdag_25mar2026.png
Kaart: kaart_be_t5cm_donderdag_26mar2026.png
Kaart: kaart_be_t5cm_vrijdag_27mar2026.png
Kaart: kaart_be_t5cm_zaterdag_28mar2026.png
Kaart: kaart_be_t5cm_zondag_29mar2026.png
Kaart: kaart_be_t5cm_maandag_30mar2026.png
Kaart: kaart_be_t5cm_dinsdag_31mar2026.png
MOSMIX ophalen: De Bilt (06260)...
  2026-03-25: TX=9.4 TN=7.2 RR=7.7
  2026-03-26: TX=7.7 TN=1.9 RR=2.6
  2026-03-27: TX=11.0 TN=-0.9 RR=1.2
  2026-03-28: TX=10.6 TN=5.8 RR=3.9
MOSMIX ophalen: Hoek van Holland (06330)...
  2026-03-25: TX=8.9 TN=5.8 RR=0.0
  2026-03-26: TX=7.3 TN=4.0 RR=0.0
  2026-03-27: TX=11.4 TN=3.3 RR=0.0
  2026-03-28: TX=9.7 TN=6.9 RR=0.0
MOSMIX ophalen: Rotterdam (06344)...
  2026-03-25: TX=9.4 TN=7.1 RR=5.2
  2026-03-26: TX=7.5 TN=2.6 RR=5.2
  2026-03-27: TX=11.5 TN=0.1 RR=1.3
  2026-03-28: TX=10.1 TN=5.9 RR=4.6
MOSMIX ophalen: Enschede (06290)...
  2026-03-25: TX=14.2 TN=3.6 RR=6.1
  2026-03-26: TX=7.8 TN=1.2 RR=2.3
  2026-03-27: TX=10.4 TN=-1.8 RR=0.0
  2026-03-28: TX=10.8 TN=5.1 RR=5.0
MOSMIX ophalen: Eelde (06280)...
  2026-03-25: TX=12.6 TN=4.4 RR=3.2
  2026-03-26: TX=7.5 TN=1.5 RR=5.4
  2026-03-27: TX=10.9 TN=-1.7 RR=1.7
  2026-03-28: TX=9.8 TN=4.6 RR=3.6
MOSMIX ophalen: Maastricht (06380)...
  2026-03-25: TX=14.3 TN=3.6 RR=7.0
  2026-03-26: TX=7.0 TN=1.0 RR=2.2
  2026-03-27: TX=10.9 TN=-1.6 RR=0.0
  2026-03-28: TX=10.0 TN=5.2 RR=9.5
MOSMIX ophalen: Terschelling (06250)...
  2026-03-25: TX=9.1 TN=6.9 RR=1.7
  2026-03-26: TX=7.0 TN=3.3 RR=2.4
  2026-03-27: TX=9.9 TN=2.5 RR=2.6
  2026-03-28: TX=9.1 TN=5.5 RR=1.9
MOSMIX ophalen: Vlissingen (06310)...
  2026-03-25: TX=9.5 TN=7.7 RR=4.2
  2026-03-26: TX=7.2 TN=3.8 RR=4.0
  2026-03-27: TX=10.7 TN=3.6 RR=0.9
  2026-03-28: TX=9.4 TN=6.5 RR=4.5
MOSMIX ophalen: Deelen (06275)...
  2026-03-25: TX=13.7 TN=3.7 RR=7.7
  2026-03-26: TX=7.8 TN=0.2 RR=3.4
  2026-03-27: TX=10.9 TN=-3.1 RR=0.5
  2026-03-28: TX=10.8 TN=5.0 RR=5.5
MOSMIX ophalen: Gilze-Rijen (06350)...
  2026-03-25: TX=9.9 TN=6.6 RR=6.1
  2026-03-26: TX=8.3 TN=1.6 RR=2.7
  2026-03-27: TX=11.5 TN=-1.2 RR=0.6
  2026-03-28: TX=10.9 TN=6.2 RR=7.4

beta_debilt.json opgeslagen (10 stations)
MOSMIX + Harmonie voorspellingen ophalen voor archief...
  De Bilt...
  Hoek van Holland...
  Rotterdam...
  Enschede...
  Eelde...
  Maastricht...
  Terschelling...
  Vlissingen...
  Deelen...
  Gilze-Rijen...
Archief opgeslagen (beta_verificatie_archive.json)

Werkelijke metingen ophalen (afgelopen 3 dagen)...
  De Bilt 2026-03-24: TX=14.3 TN=6.4
  De Bilt 2026-03-23: TX=15.1 TN=2.1
  De Bilt 2026-03-22: TX=16.0 TN=2.4
  Hoek van Holland 2026-03-24: TX=11.6 TN=8.4
  Hoek van Holland 2026-03-23: TX=12.0 TN=4.3
  Hoek van Holland 2026-03-22: TX=14.2 TN=3.7
  Rotterdam 2026-03-24: TX=13.2 TN=6.5
  Rotterdam 2026-03-23: TX=14.2 TN=2.8
  Rotterdam 2026-03-22: TX=14.5 TN=1.7
  Enschede 2026-03-24: TX=15.7 TN=1.8
  Enschede 2026-03-23: TX=16.3 TN=-0.5
  Enschede 2026-03-22: TX=15.7 TN=1.8
  Eelde 2026-03-24: TX=12.7 TN=2.1
  Eelde 2026-03-23: TX=14.3 TN=-0.1
  Eelde 2026-03-22: TX=14.4 TN=1.0
  Maastricht 2026-03-24: TX=16.7 TN=5.5
  Maastricht 2026-03-23: TX=15.5 TN=2.1
  Maastricht 2026-03-22: TX=14.5 TN=2.8
  Terschelling 2026-03-24: TX=10.4 TN=8.1
  Terschelling 2026-03-23: TX=10.7 TN=0.9
  Terschelling 2026-03-22: TX=12.4 TN=3.3
  Vlissingen 2026-03-24: TX=12.9 TN=7.8
  Vlissingen 2026-03-23: TX=12.7 TN=6.8
  Vlissingen 2026-03-22: TX=14.3 TN=3.4
  Deelen 2026-03-24: TX=15.3 TN=1.8
  Deelen 2026-03-23: TX=16.0 TN=-0.9
  Deelen 2026-03-22: TX=16.0 TN=1.7
  Gilze-Rijen 2026-03-24: TX=15.9 TN=4.2
  Gilze-Rijen 2026-03-23: TX=15.3 TN=0.6
  Gilze-Rijen 2026-03-22: TX=15.5 TN=0.9

beta_verificatie.json opgeslagen (10 stations)
MOSMIX ophalen (trend)...
  De Bilt (06260)...
  De Kooy (06235)...
  Eelde (06280)...
  Vlissingen (06310)...
  Beek (06380)...
  Rotterdam (06344)...
  Hoek v. Holland (06330)...
  Twenthe (06290)...
  Eindhoven (06370)...
  Wind Vlieland (06242)...
  Wind De Kooy (06235)...
  Wind Leeuwarden (06270)...
  Wind Hoek v. Holland (06330)...
  Wind Vlissingen (06310)...
JSON opgeslagen: grafiek_trend.json
Grafiek opgeslagen: grafiek_trend.png
MOSMIX ophalen (trend België)...
  Brussel (06451)...
  Gent (06431)...
  Antwerpen (06450)...
  Oostende (06407)...
  Bierset (06478)...
  Charleroi (06449)...
  Sint-Hubert (06476)...
  Kleine Brogel (06479)...
  Florennes (06456)...
  Wind Oostende (06407)...
  Wind Brussel (06451)...
  Wind Bierset (06478)...
  Wind Kleine Brogel (06479)...
  Wind Sint-Hubert (06476)...
JSON: grafiek_trend_be.json
Grafiek: grafiek_trend_be.png
Bestaande data geladen: 84 dagen
  Ophalen 2026-03-25 (tot nu)...
    TX top3: [(13.4, 'Eindhoven', '01:00'), (13.3, 'Volkel', '01:00'), (13.2, 'Horst', '01:00')]
    TN top3: [(4.3, 'Deelen', '09:30'), (4.6, 'Volkel', '09:30'), (4.7, 'Rotterdam Airport', '08:50')]
    RR top3: [(9.8, 'Westdorpe'), (8.4, 'Deelen'), (6.9, 'De Bilt')]
  2026-01-01: al in cache, overgeslagen
  2026-01-02: al in cache, overgeslagen
  2026-01-03: al in cache, overgeslagen
  2026-01-04: al in cache, overgeslagen
  2026-01-05: al in cache, overgeslagen
  2026-01-06: al in cache, overgeslagen
  2026-01-07: al in cache, overgeslagen
  2026-01-08: al in cache, overgeslagen
  2026-01-09: al in cache, overgeslagen
  2026-01-10: al in cache, overgeslagen
  2026-01-11: al in cache, overgeslagen
  2026-01-12: al in cache, overgeslagen
  2026-01-13: al in cache, overgeslagen
  2026-01-14: al in cache, overgeslagen
  2026-01-15: al in cache, overgeslagen
  2026-01-16: al in cache, overgeslagen
  2026-01-17: al in cache, overgeslagen
  2026-01-18: al in cache, overgeslagen
  2026-01-19: al in cache, overgeslagen
  2026-01-20: al in cache, overgeslagen
  2026-01-21: al in cache, overgeslagen
  2026-01-22: al in cache, overgeslagen
  2026-01-23: al in cache, overgeslagen
  2026-01-24: al in cache, overgeslagen
  2026-01-25: al in cache, overgeslagen
  2026-01-26: al in cache, overgeslagen
  2026-01-27: al in cache, overgeslagen
  2026-01-28: al in cache, overgeslagen
  2026-01-29: al in cache, overgeslagen
  2026-01-30: al in cache, overgeslagen
  2026-01-31: al in cache, overgeslagen
  2026-02-01: al in cache, overgeslagen
  2026-02-02: al in cache, overgeslagen
  2026-02-03: al in cache, overgeslagen
  2026-02-04: al in cache, overgeslagen
  2026-02-05: al in cache, overgeslagen
  2026-02-06: al in cache, overgeslagen
  2026-02-07: al in cache, overgeslagen
  2026-02-08: al in cache, overgeslagen
  2026-02-09: al in cache, overgeslagen
  2026-02-10: al in cache, overgeslagen
  2026-02-11: al in cache, overgeslagen
  2026-02-12: al in cache, overgeslagen
  2026-02-13: al in cache, overgeslagen
  2026-02-14: al in cache, overgeslagen
  2026-02-15: al in cache, overgeslagen
  2026-02-16: al in cache, overgeslagen
  2026-02-17: al in cache, overgeslagen
  2026-02-18: al in cache, overgeslagen
  2026-02-19: al in cache, overgeslagen
  2026-02-20: al in cache, overgeslagen
  2026-02-21: al in cache, overgeslagen
  2026-02-22: al in cache, overgeslagen
  2026-02-23: al in cache, overgeslagen
  2026-02-24: al in cache, overgeslagen
  2026-02-25: al in cache, overgeslagen
  2026-02-26: al in cache, overgeslagen
  2026-02-27: al in cache, overgeslagen
  2026-02-28: al in cache, overgeslagen
  2026-03-01: al in cache, overgeslagen
  2026-03-02: al in cache, overgeslagen
  2026-03-03: al in cache, overgeslagen
  2026-03-04: al in cache, overgeslagen
  2026-03-05: al in cache, overgeslagen
  2026-03-06: al in cache, overgeslagen
  2026-03-07: al in cache, overgeslagen
  2026-03-08: al in cache, overgeslagen
  2026-03-09: al in cache, overgeslagen
  2026-03-10: al in cache, overgeslagen
  2026-03-11: al in cache, overgeslagen
  2026-03-12: al in cache, overgeslagen
  2026-03-13: al in cache, overgeslagen
  2026-03-14: al in cache, overgeslagen
  2026-03-15: al in cache, overgeslagen
  2026-03-16: al in cache, overgeslagen
  2026-03-17: al in cache, overgeslagen
  2026-03-18: al in cache, overgeslagen
  2026-03-19: al in cache, overgeslagen
  2026-03-20: al in cache, overgeslagen
  2026-03-21: al in cache, overgeslagen
  2026-03-22: al in cache, overgeslagen
  2026-03-23: al in cache, overgeslagen
  2026-03-24: al in cache, overgeslagen

toplijst.json bijgewerkt (84 dagen)
Kaarten maken voor 2026-03-16...
  → klaar voor 2026-03-16
Kaarten maken voor 2026-03-17...
  → klaar voor 2026-03-17
Kaarten maken voor 2026-03-18...
  → klaar voor 2026-03-18
Kaarten maken voor 2026-03-19...
  → klaar voor 2026-03-19
Kaarten maken voor 2026-03-20...
  → klaar voor 2026-03-20
Kaarten maken voor 2026-03-21...
  → klaar voor 2026-03-21
Kaarten maken voor 2026-03-22...
  → klaar voor 2026-03-22
Kaarten maken voor 2026-03-23...
  → klaar voor 2026-03-23
Kaarten maken voor 2026-03-24...
  → klaar voor 2026-03-24
Kaarten maken voor 2026-03-25...
  → klaar voor 2026-03-25
Alle waarnemingskaarten klaar!
index.json: 286 kaarten
ok: /Users/aldus/Desktop/KNMI_Project/weerkaarten 2/p13_records.html
Grootte: 17295 chars
Pluim: De Bilt...
  Opgeslagen: kaart_pluim_lijnen_de_bilt.png
Pluim: Rotterdam...
  Opgeslagen: kaart_pluim_lijnen_rotterdam.png
Pluim: Barendrecht...
  Opgeslagen: kaart_pluim_lijnen_barendrecht.png
Pluim: Maastricht...
  Opgeslagen: kaart_pluim_lijnen_maastricht.png
Pluim: Eelde...
  Opgeslagen: kaart_pluim_lijnen_eelde.png
Pluim: Vlissingen...
  Opgeslagen: kaart_pluim_lijnen_vlissingen.png
Pluim: Enschede...
  Opgeslagen: kaart_pluim_lijnen_enschede.png

Klaar!

Pluim: De Bilt...
  Opgeslagen: kaart_pluim_compleet_de_bilt.png

Pluim: Rotterdam...
  Opgeslagen: kaart_pluim_compleet_rotterdam.png

Pluim: Barendrecht...
  Opgeslagen: kaart_pluim_compleet_barendrecht.png

Pluim: Vlissingen...
  Opgeslagen: kaart_pluim_compleet_vlissingen.png

Pluim: Eelde...
  Opgeslagen: kaart_pluim_compleet_eelde.png

Pluim: Maastricht...
  Opgeslagen: kaart_pluim_compleet_maastricht.png

Klaar!

Multimodel neerslag: De Bilt...
  ECMWF ENS...
    51 leden × 384 stappen
  ICON-EPS...
    40 leden × 168 stappen
  GFS ENS...
    31 leden × 384 stappen
  Opgeslagen: kaart_pluim_multi_neerslag_de_bilt.png

Multimodel neerslag: Rotterdam...
  ECMWF ENS...
    51 leden × 384 stappen
  ICON-EPS...
    40 leden × 168 stappen
  GFS ENS...
    31 leden × 384 stappen
  Opgeslagen: kaart_pluim_multi_neerslag_rotterdam.png

Multimodel neerslag: Barendrecht...
  ECMWF ENS...
    51 leden × 384 stappen
  ICON-EPS...
    40 leden × 168 stappen
  GFS ENS...
    31 leden × 384 stappen
  Opgeslagen: kaart_pluim_multi_neerslag_barendrecht.png

Multimodel neerslag: Vlissingen...
  ECMWF ENS...
    51 leden × 384 stappen
  ICON-EPS...
    40 leden × 168 stappen
  GFS ENS...
    31 leden × 384 stappen
  Opgeslagen: kaart_pluim_multi_neerslag_vlissingen.png

Multimodel neerslag: Eelde...
  ECMWF ENS...
    51 leden × 384 stappen
  ICON-EPS...
    40 leden × 168 stappen
  GFS ENS...
    31 leden × 384 stappen
  Opgeslagen: kaart_pluim_multi_neerslag_eelde.png

Multimodel neerslag: Maastricht...
  ECMWF ENS...
    51 leden × 384 stappen
  ICON-EPS...
    40 leden × 168 stappen
  GFS ENS...
    31 leden × 384 stappen
  Opgeslagen: kaart_pluim_multi_neerslag_maastricht.png

Klaar!

Multimodel pluim: De Bilt...
  ECMWF ENS...
    51 leden × 384 stappen
  ICON-EPS...
    40 leden × 168 stappen
  GFS ENS...
    31 leden × 384 stappen
  Opgeslagen: kaart_pluim_multi_de_bilt.png

Multimodel pluim: Rotterdam...
  ECMWF ENS...
    51 leden × 384 stappen
  ICON-EPS...
    40 leden × 168 stappen
  GFS ENS...
    31 leden × 384 stappen
  Opgeslagen: kaart_pluim_multi_rotterdam.png

Multimodel pluim: Barendrecht...
  ECMWF ENS...
    51 leden × 384 stappen
  ICON-EPS...
    40 leden × 168 stappen
  GFS ENS...
    31 leden × 384 stappen
  Opgeslagen: kaart_pluim_multi_barendrecht.png

Multimodel pluim: Vlissingen...
  ECMWF ENS...
    51 leden × 384 stappen
  ICON-EPS...
    40 leden × 168 stappen
  GFS ENS...
    31 leden × 384 stappen
  Opgeslagen: kaart_pluim_multi_vlissingen.png

Multimodel pluim: Eelde...
  ECMWF ENS...
    51 leden × 384 stappen
  ICON-EPS...
    40 leden × 168 stappen
  GFS ENS...
    31 leden × 384 stappen
  Opgeslagen: kaart_pluim_multi_eelde.png

Multimodel pluim: Maastricht...
  ECMWF ENS...
    51 leden × 384 stappen
  ICON-EPS...
    40 leden × 168 stappen
  GFS ENS...
    31 leden × 384 stappen
  Opgeslagen: kaart_pluim_multi_maastricht.png

Klaar!

Multimodel wind: De Bilt...
  ECMWF ENS...
    51 leden × 384 stappen
  ICON-EPS...
    40 leden × 168 stappen
  GFS ENS...
    31 leden × 384 stappen
  Opgeslagen: kaart_pluim_multi_wind_de_bilt.png

Multimodel wind: Rotterdam...
  ECMWF ENS...
    51 leden × 384 stappen
  ICON-EPS...
    40 leden × 168 stappen
  GFS ENS...
    31 leden × 384 stappen
  Opgeslagen: kaart_pluim_multi_wind_rotterdam.png

Multimodel wind: Barendrecht...
  ECMWF ENS...
    51 leden × 384 stappen
  ICON-EPS...
    40 leden × 168 stappen
  GFS ENS...
    31 leden × 384 stappen
  Opgeslagen: kaart_pluim_multi_wind_barendrecht.png

Multimodel wind: Vlissingen...
  ECMWF ENS...
    51 leden × 384 stappen
  ICON-EPS...
    40 leden × 168 stappen
  GFS ENS...
    31 leden × 384 stappen
  Opgeslagen: kaart_pluim_multi_wind_vlissingen.png

Multimodel wind: Eelde...
  ECMWF ENS...
    51 leden × 384 stappen
  ICON-EPS...
    40 leden × 168 stappen
  GFS ENS...
    31 leden × 384 stappen
  Opgeslagen: kaart_pluim_multi_wind_eelde.png

Multimodel wind: Maastricht...
  ECMWF ENS...
    51 leden × 384 stappen
  ICON-EPS...
    40 leden × 168 stappen
  GFS ENS...
    31 leden × 384 stappen
  Opgeslagen: kaart_pluim_multi_wind_maastricht.png

Klaar!
[main 413c2383] Kaarten update 2026-03-25 09:38
 328 files changed, 2545 insertions(+), 10 deletions(-)
 create mode 100644 kaart_gevoels_dinsdag_31mar2026.png
 create mode 100644 kaart_onweer_dinsdag_31mar2026.png
 create mode 100644 kaart_regen_dinsdag_31mar2026.png
 delete mode 100644 kaart_synop_20260325_0548.png
 delete mode 100644 kaart_synop_20260325_0600.png
 delete mode 100644 kaart_synop_20260325_0611.png
 delete mode 100644 kaart_synop_20260325_0622.png
 delete mode 100644 kaart_synop_20260325_0633.png
 delete mode 100644 kaart_synop_20260325_0644.png
 delete mode 100644 kaart_synop_20260325_0655.png
 delete mode 100644 kaart_synop_20260325_0706.png
 delete mode 100644 kaart_synop_20260325_0718.png
 delete mode 100644 kaart_synop_20260325_0729.png
 delete mode 100644 kaart_synop_20260325_0740.png
 create mode 100644 kaart_zon_dinsdag_31mar2026.png
=== Upload klaar ===
=== Ed Aldus WM — upload Wed Mar 25 15:30:05 CET 2026 ===
Waarschuwingen opgeslagen: GREEN (25 Mar 2026 15:30)
=== KNMI Guidance === 2026-03-25 15:30
  Ophalen: kort...
  Klaar: 3698 tekens
  Ophalen: lang...
  Klaar: 2784 tekens
Opgeslagen: guidance.json
Basiskaart aanmaken...
kaart_basis_nl.png aangemaakt
MOSMIX ophalen (temperatuur Nederland TX/TN)...
  Eelde (06280)...
  Terschelling (06250)...
  Vlieland (06242)...
  Leeuwarden (06270)...
  Den Helder (06235)...
  Amsterdam (06240)...
  De Bilt (06260)...
  Deelen (06275)...
  Hoogeveen (06279)...
  Enschede (06290)...
  Vlissingen (06310)...
  Hoek van Holland (06330)...
  Rotterdam Airport (06344)...
  Gilze Rijen (06350)...
  Eindhoven (06370)...
  Maastricht (06380)...
  Gent (06431)...
  Antwerpen (06450)...
  Kleve (K1176)...
  Brussel (06451)...
  Kleine Brogel (06479)...
  Dollart (E207)...
  Wielen (P0122)...
  Weeze (10405)...
  Valkenburg (06210)...
  Volkel (06375)...
  Bocholt (10406)...
  Nettetal (H512)...
  IJsselmeer (E5305)...
  Borkum (K1083)...
  Geilenkirchen (10500)...
Data voor 7 dagen
Kaart: kaart_temp_woensdag_25mar2026.png
Kaart: kaart_temp_donderdag_26mar2026.png
Kaart: kaart_temp_vrijdag_27mar2026.png
Kaart: kaart_temp_zaterdag_28mar2026.png
Kaart: kaart_temp_zondag_29mar2026.png
Kaart: kaart_temp_maandag_30mar2026.png
Kaart: kaart_temp_dinsdag_31mar2026.png
  Verwijderd: kaart_temp_dag_woensdag_25mar2026.png
  Verwijderd: kaart_temp_dag_donderdag_26mar2026.png
  Verwijderd: kaart_temp_dag_vrijdag_27mar2026.png
  Verwijderd: kaart_temp_dag_zaterdag_28mar2026.png
  Verwijderd: kaart_temp_dag_zondag_29mar2026.png
  Verwijderd: kaart_temp_dag_maandag_30mar2026.png
  Verwijderd: kaart_temp_dag_dinsdag_31mar2026.png
  Verwijderd: kaart_temp_nacht_dinsdag_24mar2026.png
  Verwijderd: kaart_temp_nacht_woensdag_25mar2026.png
  Verwijderd: kaart_temp_nacht_donderdag_26mar2026.png
  Verwijderd: kaart_temp_nacht_vrijdag_27mar2026.png
  Verwijderd: kaart_temp_nacht_zaterdag_28mar2026.png
  Verwijderd: kaart_temp_nacht_zondag_29mar2026.png
  Verwijderd: kaart_temp_nacht_maandag_30mar2026.png
MOSMIX ophalen (max temp dag 06-18u)...
Ophalen: Eelde (06280)...
Ophalen: Terschelling (06250)...
Ophalen: Vlieland (06242)...
Ophalen: Leeuwarden (06270)...
Ophalen: Den Helder (06235)...
Ophalen: Amsterdam (06240)...
Ophalen: De Bilt (06260)...
Ophalen: Deelen (06275)...
Ophalen: Hoogeveen (06279)...
Ophalen: Enschede (06290)...
Ophalen: Vlissingen (06310)...
Ophalen: Hoek van Holland (06330)...
Ophalen: Rotterdam Airport (06344)...
Ophalen: Gilze Rijen (06350)...
Ophalen: Eindhoven (06370)...
Ophalen: Maastricht (06380)...
Ophalen: Gent (06431)...
Ophalen: Antwerpen (06450)...
Ophalen: Kleve (K1176)...
Ophalen: Brussel (06451)...
Ophalen: Kleine Brogel (06479)...
Ophalen: Dollart (E207)...
Ophalen: Wielen (P0122)...
Ophalen: Weeze (10405)...
Ophalen: Valkenburg (06210)...
Ophalen: Volkel (06375)...
Ophalen: Bocholt (10406)...
Ophalen: Nettetal (H512)...
Ophalen: IJsselmeer (E5305)...
Ophalen: Borkum (K1083)...
Ophalen: Geilenkirchen (10500)...
Data voor 7 dagen
Kaart: kaart_temp_dag_woensdag_25mar2026.png
Kaart: kaart_temp_dag_donderdag_26mar2026.png
Kaart: kaart_temp_dag_vrijdag_27mar2026.png
Kaart: kaart_temp_dag_zaterdag_28mar2026.png
Kaart: kaart_temp_dag_zondag_29mar2026.png
Kaart: kaart_temp_dag_maandag_30mar2026.png
Kaart: kaart_temp_dag_dinsdag_31mar2026.png
MOSMIX ophalen (min temp nacht 18-06u)...
Ophalen: Eelde (06280)...
Ophalen: Terschelling (06250)...
Ophalen: Vlieland (06242)...
Ophalen: Leeuwarden (06270)...
Ophalen: Den Helder (06235)...
Ophalen: Amsterdam (06240)...
Ophalen: De Bilt (06260)...
Ophalen: Deelen (06275)...
Ophalen: Hoogeveen (06279)...
Ophalen: Enschede (06290)...
Ophalen: Vlissingen (06310)...
Ophalen: Hoek van Holland (06330)...
Ophalen: Rotterdam Airport (06344)...
Ophalen: Gilze Rijen (06350)...
Ophalen: Eindhoven (06370)...
Ophalen: Maastricht (06380)...
Ophalen: Gent (06431)...
Ophalen: Antwerpen (06450)...
Ophalen: Kleve (K1176)...
Ophalen: Brussel (06451)...
Ophalen: Kleine Brogel (06479)...
Ophalen: Dollart (E207)...
Ophalen: Wielen (P0122)...
Ophalen: Weeze (10405)...
Ophalen: Valkenburg (06210)...
Ophalen: Volkel (06375)...
Ophalen: Bocholt (10406)...
Ophalen: Nettetal (H512)...
Ophalen: IJsselmeer (E5305)...
Ophalen: Borkum (K1083)...
Ophalen: Geilenkirchen (10500)...
Data voor 7 dagen
Kaart: kaart_temp_nacht_woensdag_25mar2026.png
Kaart: kaart_temp_nacht_donderdag_26mar2026.png
Kaart: kaart_temp_nacht_vrijdag_27mar2026.png
Kaart: kaart_temp_nacht_zaterdag_28mar2026.png
Kaart: kaart_temp_nacht_zondag_29mar2026.png
Kaart: kaart_temp_nacht_maandag_30mar2026.png
Kaart: kaart_temp_nacht_dinsdag_31mar2026.png
MOSMIX ophalen (zon/bewolking)...
Ophalen: Eelde (06280)...
Ophalen: Terschelling (06250)...
Ophalen: Vlieland (06242)...
Ophalen: Leeuwarden (06270)...
Ophalen: Den Helder (06235)...
Ophalen: Amsterdam (06240)...
Ophalen: De Bilt (06260)...
Ophalen: Deelen (06275)...
Ophalen: Hoogeveen (06279)...
Ophalen: Enschede (06290)...
Ophalen: Hoek van Holland (06330)...
Ophalen: Rotterdam Airport (06344)...
Ophalen: Gilze Rijen (06350)...
Ophalen: Eindhoven (06370)...
Ophalen: Maastricht (06380)...
Ophalen: Kleve (K1176)...
Ophalen: Kleine Brogel (06479)...
Ophalen: Dollart (E207)...
Ophalen: Wielen (P0122)...
Ophalen: Weeze (10405)...
Ophalen: Valkenburg (06210)...
Ophalen: Volkel (06375)...
Ophalen: Bocholt (10406)...
Ophalen: Nettetal (H512)...
Ophalen: IJsselmeer (E5305)...
Ophalen: Borkum (K1083)...
Ophalen: Geilenkirchen (10500)...
Data voor 7 dagen
Kaart: kaart_zon_woensdag_25mar2026.png
Kaart: kaart_zon_donderdag_26mar2026.png
Kaart: kaart_zon_vrijdag_27mar2026.png
Kaart: kaart_zon_zaterdag_28mar2026.png
Kaart: kaart_zon_zondag_29mar2026.png
Kaart: kaart_zon_maandag_30mar2026.png
Kaart: kaart_zon_dinsdag_31mar2026.png
MOSMIX ophalen (wind dag 06-18u)...
Ophalen: Eelde (06280)...
Ophalen: Terschelling (06250)...
Ophalen: Vlieland (06242)...
Ophalen: Leeuwarden (06270)...
Ophalen: Den Helder (06235)...
Ophalen: Amsterdam (06240)...
Ophalen: De Bilt (06260)...
Ophalen: Deelen (06275)...
Ophalen: Hoogeveen (06279)...
Ophalen: Enschede (06290)...
Ophalen: Vlissingen (06310)...
Ophalen: Hoek van Holland (06330)...
Ophalen: Rotterdam Airport (06344)...
Ophalen: Gilze Rijen (06350)...
Ophalen: Eindhoven (06370)...
Ophalen: Maastricht (06380)...
Ophalen: Gent (06431)...
Ophalen: Antwerpen (06450)...
Ophalen: Kleve (K1176)...
Ophalen: Brussel (06451)...
Ophalen: Kleine Brogel (06479)...
Ophalen: Dollart (E207)...
Ophalen: Wielen (P0122)...
Ophalen: Weeze (10405)...
Ophalen: Valkenburg (06210)...
Ophalen: Volkel (06375)...
Ophalen: Bocholt (10406)...
Ophalen: Nettetal (H512)...
Ophalen: IJsselmeer (E5305)...
Ophalen: Borkum (K1083)...
Ophalen: Geilenkirchen (10500)...
Data voor 7 dagen
Kaart: kaart_wind_woensdag_25mar2026.png
Kaart: kaart_wind_donderdag_26mar2026.png
Kaart: kaart_wind_vrijdag_27mar2026.png
Kaart: kaart_wind_zaterdag_28mar2026.png
Kaart: kaart_wind_zondag_29mar2026.png
Kaart: kaart_wind_maandag_30mar2026.png
Kaart: kaart_wind_dinsdag_31mar2026.png
MOSMIX ophalen (wind nacht 18-06u)...
Ophalen: Eelde (06280)...
Ophalen: Terschelling (06250)...
Ophalen: Vlieland (06242)...
Ophalen: Leeuwarden (06270)...
Ophalen: Den Helder (06235)...
Ophalen: Amsterdam (06240)...
Ophalen: De Bilt (06260)...
Ophalen: Deelen (06275)...
Ophalen: Hoogeveen (06279)...
Ophalen: Enschede (06290)...
Ophalen: Vlissingen (06310)...
Ophalen: Hoek van Holland (06330)...
Ophalen: Rotterdam Airport (06344)...
Ophalen: Gilze Rijen (06350)...
Ophalen: Eindhoven (06370)...
Ophalen: Maastricht (06380)...
Ophalen: Gent (06431)...
Ophalen: Antwerpen (06450)...
Ophalen: Kleve (K1176)...
Ophalen: Brussel (06451)...
Ophalen: Kleine Brogel (06479)...
Ophalen: Dollart (E207)...
Ophalen: Wielen (P0122)...
Ophalen: Weeze (10405)...
Ophalen: Valkenburg (06210)...
Ophalen: Volkel (06375)...
Ophalen: Bocholt (10406)...
Ophalen: Nettetal (H512)...
Ophalen: IJsselmeer (E5305)...
Ophalen: Borkum (K1083)...
Ophalen: Geilenkirchen (10500)...
Data voor 7 dagen
Kaart: kaart_wind_nacht_woensdag_25mar2026.png
Kaart: kaart_wind_nacht_donderdag_26mar2026.png
Kaart: kaart_wind_nacht_vrijdag_27mar2026.png
Kaart: kaart_wind_nacht_zaterdag_28mar2026.png
Kaart: kaart_wind_nacht_zondag_29mar2026.png
Kaart: kaart_wind_nacht_maandag_30mar2026.png
Kaart: kaart_wind_nacht_dinsdag_31mar2026.png
  Verwijderd: kaart_wind_nacht_dinsdag_31mar2026.png
  Verwijderd: kaart_wind_nacht_donderdag_26mar2026.png
MOSMIX ophalen (mist/zichtbaarheid)...
Ophalen: Eelde (06280)...
Ophalen: Terschelling (06250)...
Ophalen: Vlieland (06242)...
Ophalen: Leeuwarden (06270)...
Ophalen: Den Helder (06235)...
Ophalen: Amsterdam (06240)...
Ophalen: De Bilt (06260)...
Ophalen: Deelen (06275)...
Ophalen: Hoogeveen (06279)...
Ophalen: Enschede (06290)...
Ophalen: Vlissingen (06310)...
Ophalen: Hoek van Holland (06330)...
Ophalen: Rotterdam Airport (06344)...
Ophalen: Gilze Rijen (06350)...
Ophalen: Eindhoven (06370)...
Ophalen: Maastricht (06380)...
Ophalen: Gent (06431)...
Ophalen: Antwerpen (06450)...
Ophalen: Kleve (K1176)...
Ophalen: Brussel (06451)...
Ophalen: Kleine Brogel (06479)...
Ophalen: Dollart (E207)...
Ophalen: Wielen (P0122)...
Ophalen: Weeze (10405)...
Ophalen: Valkenburg (06210)...
Ophalen: Volkel (06375)...
Ophalen: Bocholt (10406)...
Ophalen: Nettetal (H512)...
Ophalen: IJsselmeer (E5305)...
Ophalen: Borkum (K1083)...
Ophalen: Geilenkirchen (10500)...
Data voor 7 dagen
Kaart: kaart_mist_woensdag_25mar2026.png
Kaart: kaart_mist_donderdag_26mar2026.png
Kaart: kaart_mist_vrijdag_27mar2026.png
Kaart: kaart_mist_zaterdag_28mar2026.png
Kaart: kaart_mist_zondag_29mar2026.png
Kaart: kaart_mist_maandag_30mar2026.png
Kaart: kaart_mist_dinsdag_31mar2026.png
MOSMIX ophalen (T5cm grastemperatuur)...
Ophalen: Eelde (06280)...
Ophalen: Terschelling (06250)...
Ophalen: Vlieland (06242)...
Ophalen: Leeuwarden (06270)...
Ophalen: Den Helder (06235)...
Ophalen: Amsterdam (06240)...
Ophalen: De Bilt (06260)...
Ophalen: Deelen (06275)...
Ophalen: Hoogeveen (06279)...
Ophalen: Enschede (06290)...
Ophalen: Vlissingen (06310)...
Ophalen: Hoek van Holland (06330)...
Ophalen: Rotterdam Airport (06344)...
Ophalen: Gilze Rijen (06350)...
Ophalen: Eindhoven (06370)...
Ophalen: Maastricht (06380)...
Ophalen: Gent (06431)...
Ophalen: Antwerpen (06450)...
Ophalen: Kleve (K1176)...
Ophalen: Brussel (06451)...
Ophalen: Kleine Brogel (06479)...
Ophalen: Dollart (E207)...
Ophalen: Wielen (P0122)...
Ophalen: Weeze (10405)...
Ophalen: Valkenburg (06210)...
Ophalen: Volkel (06375)...
Ophalen: Bocholt (10406)...
Ophalen: Nettetal (H512)...
Ophalen: IJsselmeer (E5305)...
Ophalen: Borkum (K1083)...
Ophalen: Geilenkirchen (10500)...
Data voor 7 dagen
Kaart: kaart_t5cm_woensdag_25mar2026.png
Kaart: kaart_t5cm_donderdag_26mar2026.png
Kaart: kaart_t5cm_vrijdag_27mar2026.png
Kaart: kaart_t5cm_zaterdag_28mar2026.png
Kaart: kaart_t5cm_zondag_29mar2026.png
Kaart: kaart_t5cm_maandag_30mar2026.png
Kaart: kaart_t5cm_dinsdag_31mar2026.png
MOSMIX ophalen (dauwpunt Td2)...
Ophalen: Eelde (06280)...
Ophalen: Terschelling (06250)...
Ophalen: Vlieland (06242)...
Ophalen: Leeuwarden (06270)...
Ophalen: Den Helder (06235)...
Ophalen: Amsterdam (06240)...
Ophalen: De Bilt (06260)...
Ophalen: Deelen (06275)...
Ophalen: Hoogeveen (06279)...
Ophalen: Enschede (06290)...
Ophalen: Vlissingen (06310)...
Ophalen: Hoek van Holland (06330)...
Ophalen: Rotterdam Airport (06344)...
Ophalen: Gilze Rijen (06350)...
Ophalen: Eindhoven (06370)...
Ophalen: Maastricht (06380)...
Ophalen: Gent (06431)...
Ophalen: Antwerpen (06450)...
Ophalen: Kleve (K1176)...
Ophalen: Brussel (06451)...
Ophalen: Kleine Brogel (06479)...
Ophalen: Dollart (E207)...
Ophalen: Wielen (P0122)...
Ophalen: Weeze (10405)...
Ophalen: Valkenburg (06210)...
Ophalen: Volkel (06375)...
Ophalen: Bocholt (10406)...
Ophalen: Nettetal (H512)...
Ophalen: IJsselmeer (E5305)...
Ophalen: Borkum (K1083)...
Ophalen: Geilenkirchen (10500)...
Data voor 7 dagen
Kaart: kaart_dauwpunt_woensdag_25mar2026.png
Kaart: kaart_dauwpunt_donderdag_26mar2026.png
Kaart: kaart_dauwpunt_vrijdag_27mar2026.png
Kaart: kaart_dauwpunt_zaterdag_28mar2026.png
Kaart: kaart_dauwpunt_zondag_29mar2026.png
Kaart: kaart_dauwpunt_maandag_30mar2026.png
Kaart: kaart_dauwpunt_dinsdag_31mar2026.png
MOSMIX ophalen (gevoelstemperatuur berekend via TTT+FF)...
Ophalen: Eelde (06280)...
Ophalen: Terschelling (06250)...
Ophalen: Vlieland (06242)...
Ophalen: Leeuwarden (06270)...
Ophalen: Den Helder (06235)...
Ophalen: Amsterdam (06240)...
Ophalen: De Bilt (06260)...
Ophalen: Deelen (06275)...
Ophalen: Hoogeveen (06279)...
Ophalen: Enschede (06290)...
Ophalen: Vlissingen (06310)...
Ophalen: Hoek van Holland (06330)...
Ophalen: Rotterdam Airport (06344)...
Ophalen: Gilze Rijen (06350)...
Ophalen: Eindhoven (06370)...
Ophalen: Maastricht (06380)...
Ophalen: Gent (06431)...
Ophalen: Antwerpen (06450)...
Ophalen: Kleve (K1176)...
Ophalen: Brussel (06451)...
Ophalen: Kleine Brogel (06479)...
Ophalen: Dollart (E207)...
Ophalen: Wielen (P0122)...
Ophalen: Weeze (10405)...
Ophalen: Valkenburg (06210)...
Ophalen: Volkel (06375)...
Ophalen: Bocholt (10406)...
Ophalen: Nettetal (H512)...
Ophalen: IJsselmeer (E5305)...
Ophalen: Borkum (K1083)...
Ophalen: Geilenkirchen (10500)...
Data voor 7 dagen
Kaart: kaart_gevoels_woensdag_25mar2026.png
Kaart: kaart_gevoels_donderdag_26mar2026.png
Kaart: kaart_gevoels_vrijdag_27mar2026.png
Kaart: kaart_gevoels_zaterdag_28mar2026.png
Kaart: kaart_gevoels_zondag_29mar2026.png
Kaart: kaart_gevoels_maandag_30mar2026.png
Kaart: kaart_gevoels_dinsdag_31mar2026.png
MOSMIX ophalen (neerslag)...
Ophalen: Eelde (06280)...
Ophalen: Terschelling (06250)...
Ophalen: Vlieland (06242)...
Ophalen: Leeuwarden (06270)...
Ophalen: Den Helder (06235)...
Ophalen: Amsterdam (06240)...
Ophalen: De Bilt (06260)...
Ophalen: Deelen (06275)...
Ophalen: Hoogeveen (06279)...
Ophalen: Enschede (06290)...
Ophalen: Vlissingen (06310)...
Ophalen: Hoek van Holland (06330)...
Ophalen: Rotterdam Airport (06344)...
Ophalen: Gilze Rijen (06350)...
Ophalen: Eindhoven (06370)...
Ophalen: Maastricht (06380)...
Ophalen: Gent (06431)...
Ophalen: Antwerpen (06450)...
Ophalen: Kleve (K1176)...
Ophalen: Brussel (06451)...
Ophalen: Kleine Brogel (06479)...
Ophalen: Dollart (E207)...
Ophalen: Wielen (P0122)...
Ophalen: Weeze (10405)...
Ophalen: Valkenburg (06210)...
Ophalen: Volkel (06375)...
Ophalen: Bocholt (10406)...
Ophalen: Nettetal (H512)...
Ophalen: IJsselmeer (E5305)...
Ophalen: Borkum (K1083)...
Ophalen: Geilenkirchen (10500)...
Data voor 7 dagen
Kaart: kaart_regen_woensdag_25mar2026.png
Kaart: kaart_regen_donderdag_26mar2026.png
Kaart: kaart_regen_vrijdag_27mar2026.png
Kaart: kaart_regen_zaterdag_28mar2026.png
Kaart: kaart_regen_zondag_29mar2026.png
Kaart: kaart_regen_maandag_30mar2026.png
Kaart: kaart_regen_dinsdag_31mar2026.png
MOSMIX ophalen (onweer: wwT, wwTd, CAPE, CIN)...
Ophalen: Eelde (06280)...
Ophalen: Terschelling (06250)...
Ophalen: Vlieland (06242)...
Ophalen: Leeuwarden (06270)...
Ophalen: Den Helder (06235)...
Ophalen: Amsterdam (06240)...
Ophalen: De Bilt (06260)...
Ophalen: Deelen (06275)...
Ophalen: Hoogeveen (06279)...
Ophalen: Enschede (06290)...
Ophalen: Vlissingen (06310)...
Ophalen: Hoek van Holland (06330)...
Ophalen: Rotterdam Airport (06344)...
Ophalen: Gilze Rijen (06350)...
Ophalen: Eindhoven (06370)...
Ophalen: Maastricht (06380)...
Ophalen: Gent (06431)...
Ophalen: Antwerpen (06450)...
Ophalen: Kleve (K1176)...
Ophalen: Brussel (06451)...
Ophalen: Kleine Brogel (06479)...
Ophalen: Dollart (E207)...
Ophalen: Wielen (P0122)...
Ophalen: Weeze (10405)...
Ophalen: Valkenburg (06210)...
Ophalen: Volkel (06375)...
Ophalen: Bocholt (10406)...
Ophalen: Nettetal (H512)...
Ophalen: IJsselmeer (E5305)...
Ophalen: Borkum (K1083)...
Ophalen: Geilenkirchen (10500)...
Data voor 7 dagen
Kaart: kaart_onweer_woensdag_25mar2026.png
Kaart: kaart_onweer_donderdag_26mar2026.png
Kaart: kaart_onweer_vrijdag_27mar2026.png
Kaart: kaart_onweer_zaterdag_28mar2026.png
Kaart: kaart_onweer_zondag_29mar2026.png
Kaart: kaart_onweer_maandag_30mar2026.png
Kaart: kaart_onweer_dinsdag_31mar2026.png

Bewolkingskaart voor Do 26 mrt...
  Eelde...
  Terschelling...
  Vlieland...
  Leeuwarden...
  Den Helder...
  Amsterdam...
  De Bilt...
  Deelen...
  Hoogeveen...
  Enschede...
  Vlissingen...
  Hoek van Holland...
  Rotterdam Airport...
  Gilze Rijen...
  Eindhoven...
  Maastricht...
  Gent...
  Antwerpen...
  Kleve...
  Brussel...
  Kleine Brogel...
  Dollart...
  Wielen...
  Weeze...
  Valkenburg...
  Volkel...
  Bocholt...
  Nettetal...
  IJsselmeer...
  Borkum...
  Geilenkirchen...
  Data voor 31 stations
Kaart opgeslagen: kaart_bewolking_2026-03-26.png

Bewolkingskaart voor Vr 27 mrt...
  Eelde...
  Terschelling...
  Vlieland...
  Leeuwarden...
  Den Helder...
  Amsterdam...
  De Bilt...
  Deelen...
  Hoogeveen...
  Enschede...
  Vlissingen...
  Hoek van Holland...
  Rotterdam Airport...
  Gilze Rijen...
  Eindhoven...
  Maastricht...
  Gent...
  Antwerpen...
  Kleve...
  Brussel...
  Kleine Brogel...
  Dollart...
  Wielen...
  Weeze...
  Valkenburg...
  Volkel...
  Bocholt...
  Nettetal...
  IJsselmeer...
  Borkum...
  Geilenkirchen...
  Data voor 31 stations
Kaart opgeslagen: kaart_bewolking_2026-03-27.png

Bewolkingskaart voor Za 28 mrt...
  Eelde...
  Terschelling...
  Vlieland...
  Leeuwarden...
  Den Helder...
  Amsterdam...
  De Bilt...
  Deelen...
  Hoogeveen...
  Enschede...
  Vlissingen...
  Hoek van Holland...
  Rotterdam Airport...
  Gilze Rijen...
  Eindhoven...
  Maastricht...
  Gent...
  Antwerpen...
  Kleve...
  Brussel...
  Kleine Brogel...
  Dollart...
  Wielen...
  Weeze...
  Valkenburg...
  Volkel...
  Bocholt...
  Nettetal...
  IJsselmeer...
  Borkum...
  Geilenkirchen...
  Data voor 31 stations
Kaart opgeslagen: kaart_bewolking_2026-03-28.png

Bewolkingskaart voor Zo 29 mrt...
  Eelde...
  Terschelling...
  Vlieland...
  Leeuwarden...
  Den Helder...
  Amsterdam...
  De Bilt...
  Deelen...
  Hoogeveen...
  Enschede...
  Vlissingen...
  Hoek van Holland...
  Rotterdam Airport...
  Gilze Rijen...
  Eindhoven...
  Maastricht...
  Gent...
  Antwerpen...
  Kleve...
  Brussel...
  Kleine Brogel...
  Dollart...
  Wielen...
  Weeze...
  Valkenburg...
  Volkel...
  Bocholt...
  Nettetal...
  IJsselmeer...
  Borkum...
  Geilenkirchen...
  Data voor 31 stations
Kaart opgeslagen: kaart_bewolking_2026-03-29.png

Bewolkingskaart voor Ma 30 mrt...
  Eelde...
  Terschelling...
  Vlieland...
  Leeuwarden...
  Den Helder...
  Amsterdam...
  De Bilt...
  Deelen...
  Hoogeveen...
  Enschede...
  Vlissingen...
  Hoek van Holland...
  Rotterdam Airport...
  Gilze Rijen...
  Eindhoven...
  Maastricht...
  Gent...
  Antwerpen...
  Kleve...
  Brussel...
  Kleine Brogel...
  Dollart...
  Wielen...
  Weeze...
  Valkenburg...
  Volkel...
  Bocholt...
  Nettetal...
  IJsselmeer...
  Borkum...
  Geilenkirchen...
  Data voor 31 stations
Kaart opgeslagen: kaart_bewolking_2026-03-30.png

Bewolkingskaart voor Di 31 mrt...
  Eelde...
  Terschelling...
  Vlieland...
  Leeuwarden...
  Den Helder...
  Amsterdam...
  De Bilt...
  Deelen...
  Hoogeveen...
  Enschede...
  Vlissingen...
  Hoek van Holland...
  Rotterdam Airport...
  Gilze Rijen...
  Eindhoven...
  Maastricht...
  Gent...
  Antwerpen...
  Kleve...
  Brussel...
  Kleine Brogel...
  Dollart...
  Wielen...
  Weeze...
  Valkenburg...
  Volkel...
  Bocholt...
  Nettetal...
  IJsselmeer...
  Borkum...
  Geilenkirchen...
  Data voor 31 stations
Kaart opgeslagen: kaart_bewolking_2026-03-31.png

Bewolkingskaart voor Wo 1 apr...
  Eelde...
  Terschelling...
  Vlieland...
  Leeuwarden...
  Den Helder...
  Amsterdam...
  De Bilt...
  Deelen...
  Hoogeveen...
  Enschede...
  Vlissingen...
  Hoek van Holland...
  Rotterdam Airport...
  Gilze Rijen...
  Eindhoven...
  Maastricht...
  Gent...
  Antwerpen...
  Kleve...
  Brussel...
  Kleine Brogel...
  Dollart...
  Wielen...
  Weeze...
  Valkenburg...
  Volkel...
  Bocholt...
  Nettetal...
  IJsselmeer...
  Borkum...
  Geilenkirchen...
  Data voor 31 stations
Kaart opgeslagen: kaart_bewolking_2026-04-01.png

Bewolkingskaart voor Do 2 apr...
  Eelde...
  Terschelling...
  Vlieland...
  Leeuwarden...
  Den Helder...
  Amsterdam...
  De Bilt...
  Deelen...
  Hoogeveen...
  Enschede...
  Vlissingen...
  Hoek van Holland...
  Rotterdam Airport...
  Gilze Rijen...
  Eindhoven...
  Maastricht...
  Gent...
  Antwerpen...
  Kleve...
  Brussel...
  Kleine Brogel...
  Dollart...
  Wielen...
  Weeze...
  Valkenburg...
  Volkel...
  Bocholt...
  Nettetal...
  IJsselmeer...
  Borkum...
  Geilenkirchen...
  Data voor 31 stations
Kaart opgeslagen: kaart_bewolking_2026-04-02.png

Bewolkingskaart voor Vr 3 apr...
  Eelde...
  Terschelling...
  Vlieland...
  Leeuwarden...
  Den Helder...
  Amsterdam...
  De Bilt...
  Deelen...
  Hoogeveen...
  Enschede...
  Vlissingen...
  Hoek van Holland...
  Rotterdam Airport...
  Gilze Rijen...
  Eindhoven...
  Maastricht...
  Gent...
  Antwerpen...
  Kleve...
  Brussel...
  Kleine Brogel...
  Dollart...
  Wielen...
  Weeze...
  Valkenburg...
  Volkel...
  Bocholt...
  Nettetal...
  IJsselmeer...
  Borkum...
  Geilenkirchen...
  Data voor 31 stations
Kaart opgeslagen: kaart_bewolking_2026-04-03.png

Bewolkingskaart voor Za 4 apr...
  Eelde...
  Terschelling...
  Vlieland...
  Leeuwarden...
  Den Helder...
  Amsterdam...
  De Bilt...
  Deelen...
  Hoogeveen...
  Enschede...
  Vlissingen...
  Hoek van Holland...
  Rotterdam Airport...
  Gilze Rijen...
  Eindhoven...
  Maastricht...
  Gent...
  Antwerpen...
  Kleve...
  Brussel...
  Kleine Brogel...
  Dollart...
  Wielen...
  Weeze...
  Valkenburg...
  Volkel...
  Bocholt...
  Nettetal...
  IJsselmeer...
  Borkum...
  Geilenkirchen...
  Data voor 31 stations
Kaart opgeslagen: kaart_bewolking_2026-04-04.png
MOSMIX ophalen (kans op sneeuw Nederland)...
Ophalen: Eelde (06280)...
Ophalen: Terschelling (06250)...
Ophalen: Vlieland (06242)...
Ophalen: Leeuwarden (06270)...
Ophalen: Den Helder (06235)...
Ophalen: Amsterdam (06240)...
Ophalen: De Bilt (06260)...
Ophalen: Deelen (06275)...
Ophalen: Hoogeveen (06279)...
Ophalen: Enschede (06290)...
Ophalen: Vlissingen (06310)...
Ophalen: Hoek van Holland (06330)...
Ophalen: Rotterdam Airport (06344)...
Ophalen: Gilze Rijen (06350)...
Ophalen: Eindhoven (06370)...
Ophalen: Maastricht (06380)...
Ophalen: Gent (06431)...
Ophalen: Antwerpen (06450)...
Ophalen: Kleve (K1176)...
Ophalen: Brussel (06451)...
Ophalen: Kleine Brogel (06479)...
Ophalen: Dollart (E207)...
Ophalen: Wielen (P0122)...
Ophalen: Weeze (10405)...
Ophalen: Valkenburg (06210)...
Ophalen: Volkel (06375)...
Ophalen: Bocholt (10406)...
Ophalen: Nettetal (H512)...
Ophalen: IJsselmeer (E5305)...
Ophalen: Borkum (K1083)...
Ophalen: Geilenkirchen (10500)...
Data voor 7 dagen
Kaart: kaart_sneeuw_woensdag_25mar2026.png
Kaart: kaart_sneeuw_donderdag_26mar2026.png
Kaart: kaart_sneeuw_vrijdag_27mar2026.png
Kaart: kaart_sneeuw_zaterdag_28mar2026.png
Kaart: kaart_sneeuw_zondag_29mar2026.png
Kaart: kaart_sneeuw_maandag_30mar2026.png
Kaart: kaart_sneeuw_dinsdag_31mar2026.png
MOSMIX ophalen (hagelkans Nederland)...
Ophalen: Eelde (06280)...
Ophalen: Terschelling (06250)...
Ophalen: Vlieland (06242)...
Ophalen: Leeuwarden (06270)...
Ophalen: Den Helder (06235)...
Ophalen: Amsterdam (06240)...
Ophalen: De Bilt (06260)...
Ophalen: Deelen (06275)...
Ophalen: Hoogeveen (06279)...
Ophalen: Enschede (06290)...
Ophalen: Vlissingen (06310)...
Ophalen: Hoek van Holland (06330)...
Ophalen: Rotterdam Airport (06344)...
Ophalen: Gilze Rijen (06350)...
Ophalen: Eindhoven (06370)...
Ophalen: Maastricht (06380)...
Ophalen: Gent (06431)...
Ophalen: Antwerpen (06450)...
Ophalen: Kleve (K1176)...
Ophalen: Brussel (06451)...
Ophalen: Kleine Brogel (06479)...
Ophalen: Dollart (E207)...
Ophalen: Wielen (P0122)...
Ophalen: Weeze (10405)...
Ophalen: Valkenburg (06210)...
Ophalen: Volkel (06375)...
Ophalen: Bocholt (10406)...
Ophalen: Nettetal (H512)...
Ophalen: IJsselmeer (E5305)...
Ophalen: Borkum (K1083)...
Ophalen: Geilenkirchen (10500)...
Data voor 7 dagen
Kaart: kaart_hagel_woensdag_25mar2026.png
Kaart: kaart_hagel_donderdag_26mar2026.png
Kaart: kaart_hagel_vrijdag_27mar2026.png
Kaart: kaart_hagel_zaterdag_28mar2026.png
Kaart: kaart_hagel_zondag_29mar2026.png
Kaart: kaart_hagel_maandag_30mar2026.png
Kaart: kaart_hagel_dinsdag_31mar2026.png
MOSMIX ophalen (temperatuur België)...
  Brussel (06451)...
  Gent (06431)...
  Antwerpen (06450)...
  Kleine Brogel (06479)...
  Oostende (06407)...
  Charleroi (06449)...
  Bierset (06478)...
  Spa (06490)...
  St-Hubert (06476)...
  Florennes (06456)...
  Lille (07015)...
  Heinerschied (F9600)...
  Beauvechain (06458)...
  Monschau (H908)...
  Brugge (P0155)...
  Charleville (07075)...
  Cambrai (07017)...
  Calais (P0437)...
  Saint-Quentin (07061)...
Data voor 7 dagen
Kaart: kaart_be_temp_woensdag_25mar2026.png
Kaart: kaart_be_temp_donderdag_26mar2026.png
Kaart: kaart_be_temp_vrijdag_27mar2026.png
Kaart: kaart_be_temp_zaterdag_28mar2026.png
Kaart: kaart_be_temp_zondag_29mar2026.png
Kaart: kaart_be_temp_maandag_30mar2026.png
Kaart: kaart_be_temp_dinsdag_31mar2026.png
MOSMIX ophalen (max temp dag 06-18u België)...
  Brussel (06451)...
  Gent (06431)...
  Antwerpen (06450)...
  Kleine Brogel (06479)...
  Oostende (06407)...
  Charleroi (06449)...
  Bierset (06478)...
  Spa (06490)...
  St-Hubert (06476)...
  Florennes (06456)...
  Lille (07015)...
  Heinerschied (F9600)...
  Beauvechain (06458)...
  Monschau (H908)...
  Brugge (P0155)...
  Charleville (07075)...
  Cambrai (07017)...
  Calais (P0437)...
  Saint-Quentin (07061)...
Data voor 7 dagen
Kaart: kaart_be_temp_dag_woensdag_25mar2026.png
Kaart: kaart_be_temp_dag_donderdag_26mar2026.png
Kaart: kaart_be_temp_dag_vrijdag_27mar2026.png
Kaart: kaart_be_temp_dag_zaterdag_28mar2026.png
Kaart: kaart_be_temp_dag_zondag_29mar2026.png
Kaart: kaart_be_temp_dag_maandag_30mar2026.png
Kaart: kaart_be_temp_dag_dinsdag_31mar2026.png
MOSMIX ophalen (min temp nacht 18-06u België)...
  Brussel (06451)...
  Gent (06431)...
  Antwerpen (06450)...
  Kleine Brogel (06479)...
  Oostende (06407)...
  Charleroi (06449)...
  Bierset (06478)...
  Spa (06490)...
  St-Hubert (06476)...
  Florennes (06456)...
  Lille (07015)...
  Heinerschied (F9600)...
  Beauvechain (06458)...
  Monschau (H908)...
  Brugge (P0155)...
  Charleville (07075)...
  Cambrai (07017)...
  Calais (P0437)...
  Saint-Quentin (07061)...
Data voor 7 dagen
Kaart: kaart_be_temp_nacht_woensdag_25mar2026.png
Kaart: kaart_be_temp_nacht_donderdag_26mar2026.png
Kaart: kaart_be_temp_nacht_vrijdag_27mar2026.png
Kaart: kaart_be_temp_nacht_zaterdag_28mar2026.png
Kaart: kaart_be_temp_nacht_zondag_29mar2026.png
Kaart: kaart_be_temp_nacht_maandag_30mar2026.png
Kaart: kaart_be_temp_nacht_dinsdag_31mar2026.png
MOSMIX ophalen (wind dag 06-18u België)...
  Brussel (06451)...
  Gent (06431)...
  Antwerpen (06450)...
  Kleine Brogel (06479)...
  Oostende (06407)...
  Charleroi (06449)...
  Bierset (06478)...
  Spa (06490)...
  St-Hubert (06476)...
  Florennes (06456)...
  Lille (07015)...
  Heinerschied (F9600)...
  Beauvechain (06458)...
  Monschau (H908)...
  Brugge (P0155)...
  Charleville (07075)...
  Cambrai (07017)...
  Calais (P0437)...
  Saint-Quentin (07061)...
Data voor 7 dagen
Kaart: kaart_be_wind_woensdag_25mar2026.png
Kaart: kaart_be_wind_donderdag_26mar2026.png
Kaart: kaart_be_wind_vrijdag_27mar2026.png
Kaart: kaart_be_wind_zaterdag_28mar2026.png
Kaart: kaart_be_wind_zondag_29mar2026.png
Kaart: kaart_be_wind_maandag_30mar2026.png
Kaart: kaart_be_wind_dinsdag_31mar2026.png
MOSMIX ophalen (wind nacht 18-06u België)...
  Brussel (06451)...
  Gent (06431)...
  Antwerpen (06450)...
  Kleine Brogel (06479)...
  Oostende (06407)...
  Charleroi (06449)...
  Bierset (06478)...
  Spa (06490)...
  St-Hubert (06476)...
  Florennes (06456)...
  Lille (07015)...
  Heinerschied (F9600)...
  Beauvechain (06458)...
  Monschau (H908)...
  Brugge (P0155)...
  Charleville (07075)...
  Cambrai (07017)...
  Calais (P0437)...
  Saint-Quentin (07061)...
Data voor 7 dagen
Kaart: kaart_be_wind_nacht_woensdag_25mar2026.png
Kaart: kaart_be_wind_nacht_donderdag_26mar2026.png
Kaart: kaart_be_wind_nacht_vrijdag_27mar2026.png
Kaart: kaart_be_wind_nacht_zaterdag_28mar2026.png
Kaart: kaart_be_wind_nacht_zondag_29mar2026.png
Kaart: kaart_be_wind_nacht_maandag_30mar2026.png
Kaart: kaart_be_wind_nacht_dinsdag_31mar2026.png
MOSMIX ophalen (zon België)...
  Brussel...
  Gent...
  Antwerpen...
  Kleine Brogel...
  Oostende...
  Charleroi...
  Bierset...
  Spa...
  St-Hubert...
  Florennes...
  Lille...
  Heinerschied...
  Beauvechain...
  Monschau...
  Brugge...
  Charleville...
  Cambrai...
  Calais...
  Saint-Quentin...
Kaart: kaart_be_zon_woensdag_25mar2026.png
Kaart: kaart_be_zon_donderdag_26mar2026.png
Kaart: kaart_be_zon_vrijdag_27mar2026.png
Kaart: kaart_be_zon_zaterdag_28mar2026.png
Kaart: kaart_be_zon_zondag_29mar2026.png
Kaart: kaart_be_zon_maandag_30mar2026.png
Kaart: kaart_be_zon_dinsdag_31mar2026.png
MOSMIX ophalen (neerslag België)...
  Brussel...
  Gent...
  Antwerpen...
  Kleine Brogel...
  Oostende...
  Charleroi...
  Bierset...
  Spa...
  St-Hubert...
  Florennes...
  Lille...
  Heinerschied...
  Beauvechain...
  Monschau...
  Brugge...
  Charleville...
  Cambrai...
  Calais...
  Saint-Quentin...
Kaart: kaart_be_regen_woensdag_25mar2026.png
Kaart: kaart_be_regen_donderdag_26mar2026.png
Kaart: kaart_be_regen_vrijdag_27mar2026.png
Kaart: kaart_be_regen_zaterdag_28mar2026.png
Kaart: kaart_be_regen_zondag_29mar2026.png
Kaart: kaart_be_regen_maandag_30mar2026.png
Kaart: kaart_be_regen_dinsdag_31mar2026.png
MOSMIX ophalen (mist België)...
  Brussel...
  Gent...
  Antwerpen...
  Kleine Brogel...
  Oostende...
  Charleroi...
  Bierset...
  Spa...
  St-Hubert...
  Florennes...
  Lille...
  Heinerschied...
  Beauvechain...
  Monschau...
  Brugge...
  Charleville...
  Cambrai...
  Calais...
  Saint-Quentin...
Kaart: kaart_be_mist_woensdag_25mar2026.png
Kaart: kaart_be_mist_donderdag_26mar2026.png
Kaart: kaart_be_mist_vrijdag_27mar2026.png
Kaart: kaart_be_mist_zaterdag_28mar2026.png
Kaart: kaart_be_mist_zondag_29mar2026.png
Kaart: kaart_be_mist_maandag_30mar2026.png
Kaart: kaart_be_mist_dinsdag_31mar2026.png
MOSMIX ophalen (onweer België)...
  Brussel...
  Gent...
  Antwerpen...
  Kleine Brogel...
  Oostende...
  Charleroi...
  Bierset...
  Spa...
  St-Hubert...
  Florennes...
  Lille...
  Heinerschied...
  Beauvechain...
  Monschau...
  Brugge...
  Charleville...
  Cambrai...
  Calais...
  Saint-Quentin...
Kaart: kaart_be_onweer_woensdag_25mar2026.png
Kaart: kaart_be_onweer_donderdag_26mar2026.png
Kaart: kaart_be_onweer_vrijdag_27mar2026.png
Kaart: kaart_be_onweer_zaterdag_28mar2026.png
Kaart: kaart_be_onweer_zondag_29mar2026.png
Kaart: kaart_be_onweer_maandag_30mar2026.png
Kaart: kaart_be_onweer_dinsdag_31mar2026.png

Bewolking België Do 26 mrt...
  Brussel...
  Gent...
  Antwerpen...
  Kleine Brogel...
  Oostende...
  Charleroi...
  Bierset...
  Spa...
  St-Hubert...
  Florennes...
  Lille...
  Heinerschied...
  Beauvechain...
  Monschau...
  Brugge...
  Charleville...
  Cambrai...
  Calais...
  Saint-Quentin...
Kaart: kaart_be_bewolking_2026-03-26.png

Bewolking België Vr 27 mrt...
  Brussel...
  Gent...
  Antwerpen...
  Kleine Brogel...
  Oostende...
  Charleroi...
  Bierset...
  Spa...
  St-Hubert...
  Florennes...
  Lille...
  Heinerschied...
  Beauvechain...
  Monschau...
  Brugge...
  Charleville...
  Cambrai...
  Calais...
  Saint-Quentin...
Kaart: kaart_be_bewolking_2026-03-27.png

Bewolking België Za 28 mrt...
  Brussel...
  Gent...
  Antwerpen...
  Kleine Brogel...
  Oostende...
  Charleroi...
  Bierset...
  Spa...
  St-Hubert...
  Florennes...
  Lille...
  Heinerschied...
  Beauvechain...
  Monschau...
  Brugge...
  Charleville...
  Cambrai...
  Calais...
  Saint-Quentin...
Kaart: kaart_be_bewolking_2026-03-28.png

Bewolking België Zo 29 mrt...
  Brussel...
  Gent...
  Antwerpen...
  Kleine Brogel...
  Oostende...
  Charleroi...
  Bierset...
  Spa...
  St-Hubert...
  Florennes...
  Lille...
  Heinerschied...
  Beauvechain...
  Monschau...
  Brugge...
  Charleville...
  Cambrai...
  Calais...
  Saint-Quentin...
Kaart: kaart_be_bewolking_2026-03-29.png

Bewolking België Ma 30 mrt...
  Brussel...
  Gent...
  Antwerpen...
  Kleine Brogel...
  Oostende...
  Charleroi...
  Bierset...
  Spa...
  St-Hubert...
  Florennes...
  Lille...
  Heinerschied...
  Beauvechain...
  Monschau...
  Brugge...
  Charleville...
  Cambrai...
  Calais...
  Saint-Quentin...
Kaart: kaart_be_bewolking_2026-03-30.png

Bewolking België Di 31 mrt...
  Brussel...
  Gent...
  Antwerpen...
  Kleine Brogel...
  Oostende...
  Charleroi...
  Bierset...
  Spa...
  St-Hubert...
  Florennes...
  Lille...
  Heinerschied...
  Beauvechain...
  Monschau...
  Brugge...
  Charleville...
  Cambrai...
  Calais...
  Saint-Quentin...
Kaart: kaart_be_bewolking_2026-03-31.png

Bewolking België Wo 1 apr...
  Brussel...
  Gent...
  Antwerpen...
  Kleine Brogel...
  Oostende...
  Charleroi...
  Bierset...
  Spa...
  St-Hubert...
  Florennes...
  Lille...
  Heinerschied...
  Beauvechain...
  Monschau...
  Brugge...
  Charleville...
  Cambrai...
  Calais...
  Saint-Quentin...
Kaart: kaart_be_bewolking_2026-04-01.png

Bewolking België Do 2 apr...
  Brussel...
  Gent...
  Antwerpen...
  Kleine Brogel...
  Oostende...
  Charleroi...
  Bierset...
  Spa...
  St-Hubert...
  Florennes...
  Lille...
  Heinerschied...
  Beauvechain...
  Monschau...
  Brugge...
  Charleville...
  Cambrai...
  Calais...
  Saint-Quentin...
Kaart: kaart_be_bewolking_2026-04-02.png

Bewolking België Vr 3 apr...
  Brussel...
  Gent...
  Antwerpen...
  Kleine Brogel...
  Oostende...
  Charleroi...
  Bierset...
  Spa...
  St-Hubert...
  Florennes...
  Lille...
  Heinerschied...
  Beauvechain...
  Monschau...
  Brugge...
  Charleville...
  Cambrai...
  Calais...
  Saint-Quentin...
Kaart: kaart_be_bewolking_2026-04-03.png

Bewolking België Za 4 apr...
  Brussel...
  Gent...
  Antwerpen...
  Kleine Brogel...
  Oostende...
  Charleroi...
  Bierset...
  Spa...
  St-Hubert...
  Florennes...
  Lille...
  Heinerschied...
  Beauvechain...
  Monschau...
  Brugge...
  Charleville...
  Cambrai...
  Calais...
  Saint-Quentin...
Kaart: kaart_be_bewolking_2026-04-04.png
MOSMIX ophalen (kans op sneeuw Belgie)...
  Brussel (06451)...
  Gent (06431)...
  Antwerpen (06450)...
  Kleine Brogel (06479)...
  Oostende (06407)...
  Charleroi (06449)...
  Bierset (06478)...
  Spa (06490)...
  St-Hubert (06476)...
  Florennes (06456)...
  Lille (07015)...
  Heinerschied (F9600)...
  Beauvechain (06458)...
  Monschau (H908)...
  Brugge (P0155)...
  Charleville (07075)...
  Cambrai (07017)...
  Calais (P0437)...
  Saint-Quentin (07061)...
Data voor 7 dagen
Kaart: kaart_be_sneeuw_woensdag_25mar2026.png
Kaart: kaart_be_sneeuw_donderdag_26mar2026.png
Kaart: kaart_be_sneeuw_vrijdag_27mar2026.png
Kaart: kaart_be_sneeuw_zaterdag_28mar2026.png
Kaart: kaart_be_sneeuw_zondag_29mar2026.png
Kaart: kaart_be_sneeuw_maandag_30mar2026.png
Kaart: kaart_be_sneeuw_dinsdag_31mar2026.png
MOSMIX ophalen (hagelkans Belgie)...
  Brussel (06451)...
  Gent (06431)...
  Antwerpen (06450)...
  Kleine Brogel (06479)...
  Oostende (06407)...
  Charleroi (06449)...
  Bierset (06478)...
  Spa (06490)...
  St-Hubert (06476)...
  Florennes (06456)...
  Lille (07015)...
  Heinerschied (F9600)...
  Beauvechain (06458)...
  Monschau (H908)...
  Brugge (P0155)...
  Charleville (07075)...
  Cambrai (07017)...
  Calais (P0437)...
  Saint-Quentin (07061)...
Data voor 7 dagen
Kaart: kaart_be_hagel_woensdag_25mar2026.png
Kaart: kaart_be_hagel_donderdag_26mar2026.png
Kaart: kaart_be_hagel_vrijdag_27mar2026.png
Kaart: kaart_be_hagel_zaterdag_28mar2026.png
Kaart: kaart_be_hagel_zondag_29mar2026.png
Kaart: kaart_be_hagel_maandag_30mar2026.png
Kaart: kaart_be_hagel_dinsdag_31mar2026.png
MOSMIX ophalen (gevoelstemperatuur België)...
  Brussel (06451)...
  Gent (06431)...
  Antwerpen (06450)...
  Kleine Brogel (06479)...
  Oostende (06407)...
  Charleroi (06449)...
  Bierset (06478)...
  Spa (06490)...
  St-Hubert (06476)...
  Florennes (06456)...
  Lille (07015)...
  Heinerschied (F9600)...
  Beauvechain (06458)...
  Monschau (H908)...
  Brugge (P0155)...
  Charleville (07075)...
  Cambrai (07017)...
  Calais (P0437)...
  Saint-Quentin (07061)...
Data voor 7 dagen
Kaart: kaart_be_gevoels_woensdag_25mar2026.png
Kaart: kaart_be_gevoels_donderdag_26mar2026.png
Kaart: kaart_be_gevoels_vrijdag_27mar2026.png
Kaart: kaart_be_gevoels_zaterdag_28mar2026.png
Kaart: kaart_be_gevoels_zondag_29mar2026.png
Kaart: kaart_be_gevoels_maandag_30mar2026.png
Kaart: kaart_be_gevoels_dinsdag_31mar2026.png
MOSMIX ophalen (dauwpunt Belgie)...
  Brussel (06451)...
  Gent (06431)...
  Antwerpen (06450)...
  Kleine Brogel (06479)...
  Oostende (06407)...
  Charleroi (06449)...
  Bierset (06478)...
  Spa (06490)...
  St-Hubert (06476)...
  Florennes (06456)...
  Lille (07015)...
  Heinerschied (F9600)...
  Beauvechain (06458)...
  Monschau (H908)...
  Brugge (P0155)...
  Charleville (07075)...
  Cambrai (07017)...
  Calais (P0437)...
  Saint-Quentin (07061)...
Data voor 7 dagen
Kaart: kaart_be_dauwpunt_woensdag_25mar2026.png
Kaart: kaart_be_dauwpunt_donderdag_26mar2026.png
Kaart: kaart_be_dauwpunt_vrijdag_27mar2026.png
Kaart: kaart_be_dauwpunt_zaterdag_28mar2026.png
Kaart: kaart_be_dauwpunt_zondag_29mar2026.png
Kaart: kaart_be_dauwpunt_maandag_30mar2026.png
Kaart: kaart_be_dauwpunt_dinsdag_31mar2026.png
MOSMIX ophalen (grondtemperatuur 5cm België)...
  Brussel (06451)...
  Gent (06431)...
  Antwerpen (06450)...
  Kleine Brogel (06479)...
  Oostende (06407)...
  Charleroi (06449)...
  Bierset (06478)...
  Spa (06490)...
  St-Hubert (06476)...
  Florennes (06456)...
  Lille (07015)...
  Heinerschied (F9600)...
  Beauvechain (06458)...
  Monschau (H908)...
  Brugge (P0155)...
  Charleville (07075)...
  Cambrai (07017)...
  Calais (P0437)...
  Saint-Quentin (07061)...
Data voor 7 dagen
Kaart: kaart_be_t5cm_woensdag_25mar2026.png
Kaart: kaart_be_t5cm_donderdag_26mar2026.png
Kaart: kaart_be_t5cm_vrijdag_27mar2026.png
Kaart: kaart_be_t5cm_zaterdag_28mar2026.png
Kaart: kaart_be_t5cm_zondag_29mar2026.png
Kaart: kaart_be_t5cm_maandag_30mar2026.png
Kaart: kaart_be_t5cm_dinsdag_31mar2026.png
MOSMIX ophalen: De Bilt (06260)...
  2026-03-25: TX=9.7 TN=None RR=3.8
  2026-03-26: TX=8.2 TN=1.7 RR=0.9
  2026-03-27: TX=11.0 TN=-0.9 RR=1.4
  2026-03-28: TX=10.7 TN=6.8 RR=3.9
MOSMIX ophalen: Hoek van Holland (06330)...
  2026-03-25: TX=9.1 TN=None RR=0.0
  2026-03-26: TX=7.1 TN=4.2 RR=0.0
  2026-03-27: TX=11.6 TN=3.1 RR=0.0
  2026-03-28: TX=10.0 TN=7.2 RR=0.0
MOSMIX ophalen: Rotterdam (06344)...
  2026-03-25: TX=9.2 TN=None RR=3.2
  2026-03-26: TX=7.8 TN=2.6 RR=5.5
  2026-03-27: TX=11.1 TN=0.5 RR=1.5
  2026-03-28: TX=10.1 TN=6.5 RR=5.3
MOSMIX ophalen: Enschede (06290)...
  2026-03-25: TX=9.1 TN=3.9 RR=4.4
  2026-03-26: TX=8.0 TN=0.9 RR=3.2
  2026-03-27: TX=10.6 TN=-1.8 RR=0.3
  2026-03-28: TX=11.0 TN=5.4 RR=6.4
MOSMIX ophalen: Eelde (06280)...
  2026-03-25: TX=10.0 TN=4.5 RR=1.4
  2026-03-26: TX=7.5 TN=1.4 RR=4.2
  2026-03-27: TX=11.1 TN=-1.3 RR=2.3
  2026-03-28: TX=10.3 TN=5.2 RR=3.7
MOSMIX ophalen: Maastricht (06380)...
  2026-03-25: TX=9.6 TN=4.6 RR=3.8
  2026-03-26: TX=7.6 TN=1.1 RR=1.5
  2026-03-27: TX=11.2 TN=-1.4 RR=0.0
  2026-03-28: TX=10.0 TN=5.5 RR=11.4
MOSMIX ophalen: Terschelling (06250)...
  2026-03-25: TX=9.5 TN=None RR=0.6
  2026-03-26: TX=7.1 TN=3.3 RR=1.8
  2026-03-27: TX=9.8 TN=2.7 RR=2.5
  2026-03-28: TX=9.2 TN=5.5 RR=2.4
MOSMIX ophalen: Vlissingen (06310)...
  2026-03-25: TX=9.6 TN=None RR=2.2
  2026-03-26: TX=7.2 TN=3.8 RR=4.9
  2026-03-27: TX=11.0 TN=4.1 RR=1.1
  2026-03-28: TX=9.8 TN=7.1 RR=5.3
MOSMIX ophalen: Deelen (06275)...
  2026-03-25: TX=8.7 TN=4.0 RR=5.0
  2026-03-26: TX=7.9 TN=0.0 RR=2.4
  2026-03-27: TX=10.9 TN=-2.9 RR=0.5
  2026-03-28: TX=10.8 TN=5.5 RR=5.6
MOSMIX ophalen: Gilze-Rijen (06350)...
  2026-03-25: TX=9.7 TN=None RR=3.3
  2026-03-26: TX=8.6 TN=1.5 RR=2.5
  2026-03-27: TX=11.7 TN=-1.0 RR=0.3
  2026-03-28: TX=11.2 TN=7.0 RR=6.5

beta_debilt.json opgeslagen (10 stations)
MOSMIX + Harmonie voorspellingen ophalen voor archief...
  De Bilt...
  Hoek van Holland...
  Rotterdam...
  Enschede...
  Eelde...
  Maastricht...
  Terschelling...
  Vlissingen...
  Deelen...
  Gilze-Rijen...
Archief opgeslagen (beta_verificatie_archive.json)

Werkelijke metingen ophalen (afgelopen 3 dagen)...
  De Bilt 2026-03-24: TX=14.3 TN=6.4
  De Bilt 2026-03-23: TX=15.1 TN=2.1
  De Bilt 2026-03-22: TX=16.0 TN=2.4
  Hoek van Holland 2026-03-24: TX=11.6 TN=8.4
  Hoek van Holland 2026-03-23: TX=12.0 TN=4.3
  Hoek van Holland 2026-03-22: TX=14.2 TN=3.7
  Rotterdam 2026-03-24: TX=13.2 TN=6.5
  Rotterdam 2026-03-23: TX=14.2 TN=2.8
  Rotterdam 2026-03-22: TX=14.5 TN=1.7
  Enschede 2026-03-24: TX=15.7 TN=1.8
  Enschede 2026-03-23: TX=16.3 TN=-0.5
  Enschede 2026-03-22: TX=15.7 TN=1.8
  Eelde 2026-03-24: TX=12.7 TN=2.1
  Eelde 2026-03-23: TX=14.3 TN=-0.1
  Eelde 2026-03-22: TX=14.4 TN=1.0
  Maastricht 2026-03-24: TX=16.7 TN=5.5
  Maastricht 2026-03-23: TX=15.5 TN=2.1
  Maastricht 2026-03-22: TX=14.5 TN=2.8
  Terschelling 2026-03-24: TX=10.4 TN=8.1
  Terschelling 2026-03-23: TX=10.7 TN=0.9
  Terschelling 2026-03-22: TX=12.4 TN=3.3
  Vlissingen 2026-03-24: TX=12.9 TN=7.8
  Vlissingen 2026-03-23: TX=12.7 TN=6.8
  Vlissingen 2026-03-22: TX=14.3 TN=3.4
  Deelen 2026-03-24: TX=15.3 TN=1.8
  Deelen 2026-03-23: TX=16.0 TN=-0.9
  Deelen 2026-03-22: TX=16.0 TN=1.7
  Gilze-Rijen 2026-03-24: TX=15.9 TN=4.2
  Gilze-Rijen 2026-03-23: TX=15.3 TN=0.6
  Gilze-Rijen 2026-03-22: TX=15.5 TN=0.9

beta_verificatie.json opgeslagen (10 stations)
MOSMIX ophalen (trend)...
  De Bilt (06260)...
  De Kooy (06235)...
  Eelde (06280)...
  Vlissingen (06310)...
  Beek (06380)...
  Rotterdam (06344)...
  Hoek v. Holland (06330)...
  Twenthe (06290)...
  Eindhoven (06370)...
  Wind Vlieland (06242)...
  Wind De Kooy (06235)...
  Wind Leeuwarden (06270)...
  Wind Hoek v. Holland (06330)...
  Wind Vlissingen (06310)...
JSON opgeslagen: grafiek_trend.json
Grafiek opgeslagen: grafiek_trend.png
MOSMIX ophalen (trend België)...
  Brussel (06451)...
  Gent (06431)...
  Antwerpen (06450)...
  Oostende (06407)...
  Bierset (06478)...
  Charleroi (06449)...
  Sint-Hubert (06476)...
  Kleine Brogel (06479)...
  Florennes (06456)...
  Wind Oostende (06407)...
  Wind Brussel (06451)...
  Wind Bierset (06478)...
  Wind Kleine Brogel (06479)...
  Wind Sint-Hubert (06476)...
JSON: grafiek_trend_be.json
Grafiek: grafiek_trend_be.png
Bestaande data geladen: 84 dagen
  Ophalen 2026-03-25 (tot nu)...
    TX top3: [(13.4, 'Eindhoven', '01:00'), (13.3, 'Volkel', '01:00'), (13.2, 'Horst', '01:00')]
    TN top3: [(3.9, 'Horst', '10:50'), (4.1, 'Volkel', '09:50'), (4.3, 'Deelen', '09:30')]
    RR top3: [(12.8, 'Deelen'), (9.8, 'Westdorpe'), (9.8, 'Heino')]
  2026-01-01: al in cache, overgeslagen
  2026-01-02: al in cache, overgeslagen
  2026-01-03: al in cache, overgeslagen
  2026-01-04: al in cache, overgeslagen
  2026-01-05: al in cache, overgeslagen
  2026-01-06: al in cache, overgeslagen
  2026-01-07: al in cache, overgeslagen
  2026-01-08: al in cache, overgeslagen
  2026-01-09: al in cache, overgeslagen
  2026-01-10: al in cache, overgeslagen
  2026-01-11: al in cache, overgeslagen
  2026-01-12: al in cache, overgeslagen
  2026-01-13: al in cache, overgeslagen
  2026-01-14: al in cache, overgeslagen
  2026-01-15: al in cache, overgeslagen
  2026-01-16: al in cache, overgeslagen
  2026-01-17: al in cache, overgeslagen
  2026-01-18: al in cache, overgeslagen
  2026-01-19: al in cache, overgeslagen
  2026-01-20: al in cache, overgeslagen
  2026-01-21: al in cache, overgeslagen
  2026-01-22: al in cache, overgeslagen
  2026-01-23: al in cache, overgeslagen
  2026-01-24: al in cache, overgeslagen
  2026-01-25: al in cache, overgeslagen
  2026-01-26: al in cache, overgeslagen
  2026-01-27: al in cache, overgeslagen
  2026-01-28: al in cache, overgeslagen
  2026-01-29: al in cache, overgeslagen
  2026-01-30: al in cache, overgeslagen
  2026-01-31: al in cache, overgeslagen
  2026-02-01: al in cache, overgeslagen
  2026-02-02: al in cache, overgeslagen
  2026-02-03: al in cache, overgeslagen
  2026-02-04: al in cache, overgeslagen
  2026-02-05: al in cache, overgeslagen
  2026-02-06: al in cache, overgeslagen
  2026-02-07: al in cache, overgeslagen
  2026-02-08: al in cache, overgeslagen
  2026-02-09: al in cache, overgeslagen
  2026-02-10: al in cache, overgeslagen
  2026-02-11: al in cache, overgeslagen
  2026-02-12: al in cache, overgeslagen
  2026-02-13: al in cache, overgeslagen
  2026-02-14: al in cache, overgeslagen
  2026-02-15: al in cache, overgeslagen
  2026-02-16: al in cache, overgeslagen
  2026-02-17: al in cache, overgeslagen
  2026-02-18: al in cache, overgeslagen
  2026-02-19: al in cache, overgeslagen
  2026-02-20: al in cache, overgeslagen
  2026-02-21: al in cache, overgeslagen
  2026-02-22: al in cache, overgeslagen
  2026-02-23: al in cache, overgeslagen
  2026-02-24: al in cache, overgeslagen
  2026-02-25: al in cache, overgeslagen
  2026-02-26: al in cache, overgeslagen
  2026-02-27: al in cache, overgeslagen
  2026-02-28: al in cache, overgeslagen
  2026-03-01: al in cache, overgeslagen
  2026-03-02: al in cache, overgeslagen
  2026-03-03: al in cache, overgeslagen
  2026-03-04: al in cache, overgeslagen
  2026-03-05: al in cache, overgeslagen
  2026-03-06: al in cache, overgeslagen
  2026-03-07: al in cache, overgeslagen
  2026-03-08: al in cache, overgeslagen
  2026-03-09: al in cache, overgeslagen
  2026-03-10: al in cache, overgeslagen
  2026-03-11: al in cache, overgeslagen
  2026-03-12: al in cache, overgeslagen
  2026-03-13: al in cache, overgeslagen
  2026-03-14: al in cache, overgeslagen
  2026-03-15: al in cache, overgeslagen
  2026-03-16: al in cache, overgeslagen
  2026-03-17: al in cache, overgeslagen
  2026-03-18: al in cache, overgeslagen
  2026-03-19: al in cache, overgeslagen
  2026-03-20: al in cache, overgeslagen
  2026-03-21: al in cache, overgeslagen
  2026-03-22: al in cache, overgeslagen
  2026-03-23: al in cache, overgeslagen
  2026-03-24: al in cache, overgeslagen

toplijst.json bijgewerkt (84 dagen)
Kaarten maken voor 2026-03-16...
  → klaar voor 2026-03-16
Kaarten maken voor 2026-03-17...
  → klaar voor 2026-03-17
Kaarten maken voor 2026-03-18...
  → klaar voor 2026-03-18
Kaarten maken voor 2026-03-19...
  → klaar voor 2026-03-19
Kaarten maken voor 2026-03-20...
  → klaar voor 2026-03-20
Kaarten maken voor 2026-03-21...
  → klaar voor 2026-03-21
Kaarten maken voor 2026-03-22...
  → klaar voor 2026-03-22
Kaarten maken voor 2026-03-23...
  → klaar voor 2026-03-23
Kaarten maken voor 2026-03-24...
  → klaar voor 2026-03-24
Kaarten maken voor 2026-03-25...
  → klaar voor 2026-03-25
Alle waarnemingskaarten klaar!
index.json: 287 kaarten
ok: /Users/aldus/Desktop/KNMI_Project/weerkaarten 2/p13_records.html
Grootte: 17295 chars
Pluim: De Bilt...
  Opgeslagen: kaart_pluim_lijnen_de_bilt.png
Pluim: Rotterdam...
  Opgeslagen: kaart_pluim_lijnen_rotterdam.png
Pluim: Barendrecht...
  Opgeslagen: kaart_pluim_lijnen_barendrecht.png
Pluim: Maastricht...
  Opgeslagen: kaart_pluim_lijnen_maastricht.png
Pluim: Eelde...
  Opgeslagen: kaart_pluim_lijnen_eelde.png
Pluim: Vlissingen...
  Opgeslagen: kaart_pluim_lijnen_vlissingen.png
Pluim: Enschede...
  Opgeslagen: kaart_pluim_lijnen_enschede.png

Klaar!

Pluim: De Bilt...
  Opgeslagen: kaart_pluim_compleet_de_bilt.png

Pluim: Rotterdam...
  Opgeslagen: kaart_pluim_compleet_rotterdam.png

Pluim: Barendrecht...
  Opgeslagen: kaart_pluim_compleet_barendrecht.png

Pluim: Vlissingen...
  Opgeslagen: kaart_pluim_compleet_vlissingen.png

Pluim: Eelde...
  Opgeslagen: kaart_pluim_compleet_eelde.png

Pluim: Maastricht...
  Opgeslagen: kaart_pluim_compleet_maastricht.png

Klaar!

Multimodel neerslag: De Bilt...
  ECMWF ENS...
    51 leden × 384 stappen
  ICON-EPS...
    40 leden × 168 stappen
  GFS ENS...
    31 leden × 384 stappen
  Opgeslagen: kaart_pluim_multi_neerslag_de_bilt.png

Multimodel neerslag: Rotterdam...
  ECMWF ENS...
    51 leden × 384 stappen
  ICON-EPS...
    40 leden × 168 stappen
  GFS ENS...
    31 leden × 384 stappen
  Opgeslagen: kaart_pluim_multi_neerslag_rotterdam.png

Multimodel neerslag: Barendrecht...
  ECMWF ENS...
    51 leden × 384 stappen
  ICON-EPS...
    40 leden × 168 stappen
  GFS ENS...
    31 leden × 384 stappen
  Opgeslagen: kaart_pluim_multi_neerslag_barendrecht.png

Multimodel neerslag: Vlissingen...
  ECMWF ENS...
    51 leden × 384 stappen
  ICON-EPS...
    40 leden × 168 stappen
  GFS ENS...
    31 leden × 384 stappen
  Opgeslagen: kaart_pluim_multi_neerslag_vlissingen.png

Multimodel neerslag: Eelde...
  ECMWF ENS...
    51 leden × 384 stappen
  ICON-EPS...
    40 leden × 168 stappen
  GFS ENS...
    31 leden × 384 stappen
  Opgeslagen: kaart_pluim_multi_neerslag_eelde.png

Multimodel neerslag: Maastricht...
  ECMWF ENS...
    51 leden × 384 stappen
  ICON-EPS...
    40 leden × 168 stappen
  GFS ENS...
    31 leden × 384 stappen
  Opgeslagen: kaart_pluim_multi_neerslag_maastricht.png

Klaar!

Multimodel pluim: De Bilt...
  ECMWF ENS...
    51 leden × 384 stappen
  ICON-EPS...
    40 leden × 168 stappen
  GFS ENS...
    31 leden × 384 stappen
  Opgeslagen: kaart_pluim_multi_de_bilt.png

Multimodel pluim: Rotterdam...
  ECMWF ENS...
    51 leden × 384 stappen
  ICON-EPS...
    40 leden × 168 stappen
  GFS ENS...
    31 leden × 384 stappen
  Opgeslagen: kaart_pluim_multi_rotterdam.png

Multimodel pluim: Barendrecht...
  ECMWF ENS...
    51 leden × 384 stappen
  ICON-EPS...
    40 leden × 168 stappen
  GFS ENS...
    31 leden × 384 stappen
  Opgeslagen: kaart_pluim_multi_barendrecht.png

Multimodel pluim: Vlissingen...
  ECMWF ENS...
    51 leden × 384 stappen
  ICON-EPS...
    40 leden × 168 stappen
  GFS ENS...
    31 leden × 384 stappen
  Opgeslagen: kaart_pluim_multi_vlissingen.png

Multimodel pluim: Eelde...
  ECMWF ENS...
    51 leden × 384 stappen
  ICON-EPS...
    40 leden × 168 stappen
  GFS ENS...
    31 leden × 384 stappen
  Opgeslagen: kaart_pluim_multi_eelde.png

Multimodel pluim: Maastricht...
  ECMWF ENS...
    51 leden × 384 stappen
  ICON-EPS...
    40 leden × 168 stappen
  GFS ENS...
    31 leden × 384 stappen
  Opgeslagen: kaart_pluim_multi_maastricht.png

Klaar!

Multimodel wind: De Bilt...
  ECMWF ENS...
    51 leden × 384 stappen
  ICON-EPS...
    40 leden × 168 stappen
  GFS ENS...
    31 leden × 384 stappen
  Opgeslagen: kaart_pluim_multi_wind_de_bilt.png

Multimodel wind: Rotterdam...
  ECMWF ENS...
    51 leden × 384 stappen
  ICON-EPS...
    40 leden × 168 stappen
  GFS ENS...
    31 leden × 384 stappen
  Opgeslagen: kaart_pluim_multi_wind_rotterdam.png

Multimodel wind: Barendrecht...
  ECMWF ENS...
    51 leden × 384 stappen
  ICON-EPS...
    40 leden × 168 stappen
  GFS ENS...
    31 leden × 384 stappen
  Opgeslagen: kaart_pluim_multi_wind_barendrecht.png

Multimodel wind: Vlissingen...
  ECMWF ENS...
    51 leden × 384 stappen
  ICON-EPS...
    40 leden × 168 stappen
  GFS ENS...
    31 leden × 384 stappen
  Opgeslagen: kaart_pluim_multi_wind_vlissingen.png

Multimodel wind: Eelde...
  ECMWF ENS...
    51 leden × 384 stappen
  ICON-EPS...
    40 leden × 168 stappen
  GFS ENS...
    31 leden × 384 stappen
  Opgeslagen: kaart_pluim_multi_wind_eelde.png

Multimodel wind: Maastricht...
  ECMWF ENS...
    51 leden × 384 stappen
  ICON-EPS...
    40 leden × 168 stappen
  GFS ENS...
    31 leden × 384 stappen
  Opgeslagen: kaart_pluim_multi_wind_maastricht.png

Klaar!
=== Ed Aldus WM — upload Wed Mar 25 21:30:05 CET 2026 ===
Waarschuwingen opgeslagen: GREEN (25 Mar 2026 21:30)
=== KNMI Guidance === 2026-03-25 21:30
  Ophalen: kort...
  Klaar: 2874 tekens
  Ophalen: lang...
  Klaar: 2784 tekens
Opgeslagen: guidance.json
Basiskaart aanmaken...
kaart_basis_nl.png aangemaakt
MOSMIX ophalen (temperatuur Nederland TX/TN)...
  Eelde (06280)...
  Terschelling (06250)...
  Vlieland (06242)...
  Leeuwarden (06270)...
  Den Helder (06235)...
  Amsterdam (06240)...
  De Bilt (06260)...
  Deelen (06275)...
  Hoogeveen (06279)...
  Enschede (06290)...
  Vlissingen (06310)...
  Hoek van Holland (06330)...
  Rotterdam Airport (06344)...
  Gilze Rijen (06350)...
  Eindhoven (06370)...
  Maastricht (06380)...
  Gent (06431)...
  Antwerpen (06450)...
  Kleve (K1176)...
  Brussel (06451)...
  Kleine Brogel (06479)...
  Dollart (E207)...
  Wielen (P0122)...
  Weeze (10405)...
  Valkenburg (06210)...
  Volkel (06375)...
  Bocholt (10406)...
  Nettetal (H512)...
  IJsselmeer (E5305)...
  Borkum (K1083)...
  Geilenkirchen (10500)...
Data voor 7 dagen
Kaart: kaart_temp_woensdag_25mar2026.png
Kaart: kaart_temp_donderdag_26mar2026.png
Kaart: kaart_temp_vrijdag_27mar2026.png
Kaart: kaart_temp_zaterdag_28mar2026.png
Kaart: kaart_temp_zondag_29mar2026.png
Kaart: kaart_temp_maandag_30mar2026.png
Kaart: kaart_temp_dinsdag_31mar2026.png
  Verwijderd: kaart_temp_dag_dinsdag_31mar2026.png
  Verwijderd: kaart_temp_dag_donderdag_26mar2026.png
  Verwijderd: kaart_temp_dag_maandag_30mar2026.png
  Verwijderd: kaart_temp_dag_vrijdag_27mar2026.png
  Verwijderd: kaart_temp_dag_woensdag_25mar2026.png
  Verwijderd: kaart_temp_dag_zaterdag_28mar2026.png
  Verwijderd: kaart_temp_dag_zondag_29mar2026.png
  Verwijderd: kaart_temp_nacht_dinsdag_31mar2026.png
  Verwijderd: kaart_temp_nacht_donderdag_26mar2026.png
  Verwijderd: kaart_temp_nacht_maandag_30mar2026.png
  Verwijderd: kaart_temp_nacht_vrijdag_27mar2026.png
  Verwijderd: kaart_temp_nacht_woensdag_25mar2026.png
  Verwijderd: kaart_temp_nacht_zaterdag_28mar2026.png
  Verwijderd: kaart_temp_nacht_zondag_29mar2026.png
MOSMIX ophalen (max temp dag 06-18u)...
Ophalen: Eelde (06280)...
Ophalen: Terschelling (06250)...
Ophalen: Vlieland (06242)...
Ophalen: Leeuwarden (06270)...
Ophalen: Den Helder (06235)...
Ophalen: Amsterdam (06240)...
Ophalen: De Bilt (06260)...
Ophalen: Deelen (06275)...
Ophalen: Hoogeveen (06279)...
Ophalen: Enschede (06290)...
Ophalen: Vlissingen (06310)...
Ophalen: Hoek van Holland (06330)...
Ophalen: Rotterdam Airport (06344)...
Ophalen: Gilze Rijen (06350)...
Ophalen: Eindhoven (06370)...
Ophalen: Maastricht (06380)...
Ophalen: Gent (06431)...
Ophalen: Antwerpen (06450)...
Ophalen: Kleve (K1176)...
Ophalen: Brussel (06451)...
Ophalen: Kleine Brogel (06479)...
Ophalen: Dollart (E207)...
Ophalen: Wielen (P0122)...
Ophalen: Weeze (10405)...
Ophalen: Valkenburg (06210)...
Ophalen: Volkel (06375)...
Ophalen: Bocholt (10406)...
Ophalen: Nettetal (H512)...
Ophalen: IJsselmeer (E5305)...
Ophalen: Borkum (K1083)...
Ophalen: Geilenkirchen (10500)...
Data voor 7 dagen
Kaart: kaart_temp_dag_woensdag_25mar2026.png
Kaart: kaart_temp_dag_donderdag_26mar2026.png
Kaart: kaart_temp_dag_vrijdag_27mar2026.png
Kaart: kaart_temp_dag_zaterdag_28mar2026.png
Kaart: kaart_temp_dag_zondag_29mar2026.png
Kaart: kaart_temp_dag_maandag_30mar2026.png
Kaart: kaart_temp_dag_dinsdag_31mar2026.png
MOSMIX ophalen (min temp nacht 18-06u)...
Ophalen: Eelde (06280)...
Ophalen: Terschelling (06250)...
Ophalen: Vlieland (06242)...
Ophalen: Leeuwarden (06270)...
Ophalen: Den Helder (06235)...
Ophalen: Amsterdam (06240)...
Ophalen: De Bilt (06260)...
Ophalen: Deelen (06275)...
Ophalen: Hoogeveen (06279)...
Ophalen: Enschede (06290)...
Ophalen: Vlissingen (06310)...
Ophalen: Hoek van Holland (06330)...
Ophalen: Rotterdam Airport (06344)...
Ophalen: Gilze Rijen (06350)...
Ophalen: Eindhoven (06370)...
Ophalen: Maastricht (06380)...
Ophalen: Gent (06431)...
Ophalen: Antwerpen (06450)...
Ophalen: Kleve (K1176)...
Ophalen: Brussel (06451)...
Ophalen: Kleine Brogel (06479)...
Ophalen: Dollart (E207)...
Ophalen: Wielen (P0122)...
Ophalen: Weeze (10405)...
Ophalen: Valkenburg (06210)...
Ophalen: Volkel (06375)...
Ophalen: Bocholt (10406)...
Ophalen: Nettetal (H512)...
Ophalen: IJsselmeer (E5305)...
Ophalen: Borkum (K1083)...
Ophalen: Geilenkirchen (10500)...
Data voor 7 dagen
Kaart: kaart_temp_nacht_woensdag_25mar2026.png
Kaart: kaart_temp_nacht_donderdag_26mar2026.png
Kaart: kaart_temp_nacht_vrijdag_27mar2026.png
Kaart: kaart_temp_nacht_zaterdag_28mar2026.png
Kaart: kaart_temp_nacht_zondag_29mar2026.png
Kaart: kaart_temp_nacht_maandag_30mar2026.png
Kaart: kaart_temp_nacht_dinsdag_31mar2026.png
MOSMIX ophalen (zon/bewolking)...
Ophalen: Eelde (06280)...
Ophalen: Terschelling (06250)...
Ophalen: Vlieland (06242)...
Ophalen: Leeuwarden (06270)...
Ophalen: Den Helder (06235)...
Ophalen: Amsterdam (06240)...
Ophalen: De Bilt (06260)...
Ophalen: Deelen (06275)...
Ophalen: Hoogeveen (06279)...
Ophalen: Enschede (06290)...
Ophalen: Hoek van Holland (06330)...
Ophalen: Rotterdam Airport (06344)...
Ophalen: Gilze Rijen (06350)...
Ophalen: Eindhoven (06370)...
Ophalen: Maastricht (06380)...
Ophalen: Kleve (K1176)...
Ophalen: Kleine Brogel (06479)...
Ophalen: Dollart (E207)...
Ophalen: Wielen (P0122)...
Ophalen: Weeze (10405)...
Ophalen: Valkenburg (06210)...
Ophalen: Volkel (06375)...
Ophalen: Bocholt (10406)...
Ophalen: Nettetal (H512)...
Ophalen: IJsselmeer (E5305)...
Ophalen: Borkum (K1083)...
Ophalen: Geilenkirchen (10500)...
Data voor 7 dagen
Kaart: kaart_zon_woensdag_25mar2026.png
Kaart: kaart_zon_donderdag_26mar2026.png
Kaart: kaart_zon_vrijdag_27mar2026.png
Kaart: kaart_zon_zaterdag_28mar2026.png
Kaart: kaart_zon_zondag_29mar2026.png
Kaart: kaart_zon_maandag_30mar2026.png
Kaart: kaart_zon_dinsdag_31mar2026.png
MOSMIX ophalen (wind dag 06-18u)...
Ophalen: Eelde (06280)...
Ophalen: Terschelling (06250)...
Ophalen: Vlieland (06242)...
Ophalen: Leeuwarden (06270)...
Ophalen: Den Helder (06235)...
Ophalen: Amsterdam (06240)...
Ophalen: De Bilt (06260)...
Ophalen: Deelen (06275)...
Ophalen: Hoogeveen (06279)...
Ophalen: Enschede (06290)...
Ophalen: Vlissingen (06310)...
Ophalen: Hoek van Holland (06330)...
Ophalen: Rotterdam Airport (06344)...
Ophalen: Gilze Rijen (06350)...
Ophalen: Eindhoven (06370)...
Ophalen: Maastricht (06380)...
Ophalen: Gent (06431)...
Ophalen: Antwerpen (06450)...
Ophalen: Kleve (K1176)...
Ophalen: Brussel (06451)...
Ophalen: Kleine Brogel (06479)...
Ophalen: Dollart (E207)...
Ophalen: Wielen (P0122)...
Ophalen: Weeze (10405)...
Ophalen: Valkenburg (06210)...
Ophalen: Volkel (06375)...
Ophalen: Bocholt (10406)...
Ophalen: Nettetal (H512)...
Ophalen: IJsselmeer (E5305)...
Ophalen: Borkum (K1083)...
Ophalen: Geilenkirchen (10500)...
Data voor 7 dagen
Kaart: kaart_wind_woensdag_25mar2026.png
Kaart: kaart_wind_donderdag_26mar2026.png
Kaart: kaart_wind_vrijdag_27mar2026.png
Kaart: kaart_wind_zaterdag_28mar2026.png
Kaart: kaart_wind_zondag_29mar2026.png
Kaart: kaart_wind_maandag_30mar2026.png
Kaart: kaart_wind_dinsdag_31mar2026.png
MOSMIX ophalen (wind nacht 18-06u)...
Ophalen: Eelde (06280)...
Ophalen: Terschelling (06250)...
Ophalen: Vlieland (06242)...
Ophalen: Leeuwarden (06270)...
Ophalen: Den Helder (06235)...
Ophalen: Amsterdam (06240)...
Ophalen: De Bilt (06260)...
Ophalen: Deelen (06275)...
Ophalen: Hoogeveen (06279)...
Ophalen: Enschede (06290)...
Ophalen: Vlissingen (06310)...
Ophalen: Hoek van Holland (06330)...
Ophalen: Rotterdam Airport (06344)...
Ophalen: Gilze Rijen (06350)...
Ophalen: Eindhoven (06370)...
Ophalen: Maastricht (06380)...
Ophalen: Gent (06431)...
Ophalen: Antwerpen (06450)...
Ophalen: Kleve (K1176)...
Ophalen: Brussel (06451)...
Ophalen: Kleine Brogel (06479)...
Ophalen: Dollart (E207)...
Ophalen: Wielen (P0122)...
Ophalen: Weeze (10405)...
Ophalen: Valkenburg (06210)...
Ophalen: Volkel (06375)...
Ophalen: Bocholt (10406)...
Ophalen: Nettetal (H512)...
Ophalen: IJsselmeer (E5305)...
Ophalen: Borkum (K1083)...
Ophalen: Geilenkirchen (10500)...
Data voor 7 dagen
Kaart: kaart_wind_nacht_woensdag_25mar2026.png
Kaart: kaart_wind_nacht_donderdag_26mar2026.png
Kaart: kaart_wind_nacht_vrijdag_27mar2026.png
Kaart: kaart_wind_nacht_zaterdag_28mar2026.png
Kaart: kaart_wind_nacht_zondag_29mar2026.png
Kaart: kaart_wind_nacht_maandag_30mar2026.png
Kaart: kaart_wind_nacht_dinsdag_31mar2026.png
  Verwijderd: kaart_wind_nacht_dinsdag_31mar2026.png
  Verwijderd: kaart_wind_nacht_donderdag_26mar2026.png
MOSMIX ophalen (mist/zichtbaarheid)...
Ophalen: Eelde (06280)...
Ophalen: Terschelling (06250)...
Ophalen: Vlieland (06242)...
Ophalen: Leeuwarden (06270)...
Ophalen: Den Helder (06235)...
Ophalen: Amsterdam (06240)...
Ophalen: De Bilt (06260)...
Ophalen: Deelen (06275)...
Ophalen: Hoogeveen (06279)...
Ophalen: Enschede (06290)...
Ophalen: Vlissingen (06310)...
Ophalen: Hoek van Holland (06330)...
Ophalen: Rotterdam Airport (06344)...
Ophalen: Gilze Rijen (06350)...
Ophalen: Eindhoven (06370)...
Ophalen: Maastricht (06380)...
Ophalen: Gent (06431)...
Ophalen: Antwerpen (06450)...
Ophalen: Kleve (K1176)...
Ophalen: Brussel (06451)...
Ophalen: Kleine Brogel (06479)...
Ophalen: Dollart (E207)...
Ophalen: Wielen (P0122)...
Ophalen: Weeze (10405)...
Ophalen: Valkenburg (06210)...
Ophalen: Volkel (06375)...
Ophalen: Bocholt (10406)...
Ophalen: Nettetal (H512)...
Ophalen: IJsselmeer (E5305)...
Ophalen: Borkum (K1083)...
Ophalen: Geilenkirchen (10500)...
Data voor 7 dagen
Kaart: kaart_mist_donderdag_26mar2026.png
Kaart: kaart_mist_vrijdag_27mar2026.png
Kaart: kaart_mist_zaterdag_28mar2026.png
Kaart: kaart_mist_zondag_29mar2026.png
Kaart: kaart_mist_maandag_30mar2026.png
Kaart: kaart_mist_dinsdag_31mar2026.png
Kaart: kaart_mist_woensdag_01apr2026.png
MOSMIX ophalen (T5cm grastemperatuur)...
Ophalen: Eelde (06280)...
Ophalen: Terschelling (06250)...
Ophalen: Vlieland (06242)...
Ophalen: Leeuwarden (06270)...
Ophalen: Den Helder (06235)...
Ophalen: Amsterdam (06240)...
Ophalen: De Bilt (06260)...
Ophalen: Deelen (06275)...
Ophalen: Hoogeveen (06279)...
Ophalen: Enschede (06290)...
Ophalen: Vlissingen (06310)...
Ophalen: Hoek van Holland (06330)...
Ophalen: Rotterdam Airport (06344)...
Ophalen: Gilze Rijen (06350)...
Ophalen: Eindhoven (06370)...
Ophalen: Maastricht (06380)...
Ophalen: Gent (06431)...
Ophalen: Antwerpen (06450)...
Ophalen: Kleve (K1176)...
Ophalen: Brussel (06451)...
Ophalen: Kleine Brogel (06479)...
Ophalen: Dollart (E207)...
Ophalen: Wielen (P0122)...
Ophalen: Weeze (10405)...
Ophalen: Valkenburg (06210)...
Ophalen: Volkel (06375)...
Ophalen: Bocholt (10406)...
Ophalen: Nettetal (H512)...
Ophalen: IJsselmeer (E5305)...
Ophalen: Borkum (K1083)...
Ophalen: Geilenkirchen (10500)...
Data voor 7 dagen
Kaart: kaart_t5cm_donderdag_26mar2026.png
Kaart: kaart_t5cm_vrijdag_27mar2026.png
Kaart: kaart_t5cm_zaterdag_28mar2026.png
Kaart: kaart_t5cm_zondag_29mar2026.png
Kaart: kaart_t5cm_maandag_30mar2026.png
Kaart: kaart_t5cm_dinsdag_31mar2026.png
Kaart: kaart_t5cm_woensdag_01apr2026.png
MOSMIX ophalen (dauwpunt Td2)...
Ophalen: Eelde (06280)...
Ophalen: Terschelling (06250)...
Ophalen: Vlieland (06242)...
Ophalen: Leeuwarden (06270)...
Ophalen: Den Helder (06235)...
Ophalen: Amsterdam (06240)...
Ophalen: De Bilt (06260)...
Ophalen: Deelen (06275)...
Ophalen: Hoogeveen (06279)...
Ophalen: Enschede (06290)...
Ophalen: Vlissingen (06310)...
Ophalen: Hoek van Holland (06330)...
Ophalen: Rotterdam Airport (06344)...
Ophalen: Gilze Rijen (06350)...
Ophalen: Eindhoven (06370)...
Ophalen: Maastricht (06380)...
Ophalen: Gent (06431)...
Ophalen: Antwerpen (06450)...
Ophalen: Kleve (K1176)...
Ophalen: Brussel (06451)...
Ophalen: Kleine Brogel (06479)...
Ophalen: Dollart (E207)...
Ophalen: Wielen (P0122)...
Ophalen: Weeze (10405)...
Ophalen: Valkenburg (06210)...
Ophalen: Volkel (06375)...
Ophalen: Bocholt (10406)...
Ophalen: Nettetal (H512)...
Ophalen: IJsselmeer (E5305)...
Ophalen: Borkum (K1083)...
Ophalen: Geilenkirchen (10500)...
Data voor 7 dagen
Kaart: kaart_dauwpunt_donderdag_26mar2026.png
Kaart: kaart_dauwpunt_vrijdag_27mar2026.png
Kaart: kaart_dauwpunt_zaterdag_28mar2026.png
Kaart: kaart_dauwpunt_zondag_29mar2026.png
Kaart: kaart_dauwpunt_maandag_30mar2026.png
Kaart: kaart_dauwpunt_dinsdag_31mar2026.png
Kaart: kaart_dauwpunt_woensdag_01apr2026.png
MOSMIX ophalen (gevoelstemperatuur berekend via TTT+FF)...
Ophalen: Eelde (06280)...
Ophalen: Terschelling (06250)...
Ophalen: Vlieland (06242)...
Ophalen: Leeuwarden (06270)...
Ophalen: Den Helder (06235)...
Ophalen: Amsterdam (06240)...
Ophalen: De Bilt (06260)...
Ophalen: Deelen (06275)...
Ophalen: Hoogeveen (06279)...
Ophalen: Enschede (06290)...
Ophalen: Vlissingen (06310)...
Ophalen: Hoek van Holland (06330)...
Ophalen: Rotterdam Airport (06344)...
Ophalen: Gilze Rijen (06350)...
Ophalen: Eindhoven (06370)...
Ophalen: Maastricht (06380)...
Ophalen: Gent (06431)...
Ophalen: Antwerpen (06450)...
Ophalen: Kleve (K1176)...
Ophalen: Brussel (06451)...
Ophalen: Kleine Brogel (06479)...
Ophalen: Dollart (E207)...
Ophalen: Wielen (P0122)...
Ophalen: Weeze (10405)...
Ophalen: Valkenburg (06210)...
Ophalen: Volkel (06375)...
Ophalen: Bocholt (10406)...
Ophalen: Nettetal (H512)...
Ophalen: IJsselmeer (E5305)...
Ophalen: Borkum (K1083)...
Ophalen: Geilenkirchen (10500)...
Data voor 7 dagen
Kaart: kaart_gevoels_woensdag_25mar2026.png
Kaart: kaart_gevoels_donderdag_26mar2026.png
Kaart: kaart_gevoels_vrijdag_27mar2026.png
Kaart: kaart_gevoels_zaterdag_28mar2026.png
Kaart: kaart_gevoels_zondag_29mar2026.png
Kaart: kaart_gevoels_maandag_30mar2026.png
Kaart: kaart_gevoels_dinsdag_31mar2026.png
MOSMIX ophalen (neerslag)...
Ophalen: Eelde (06280)...
Ophalen: Terschelling (06250)...
Ophalen: Vlieland (06242)...
Ophalen: Leeuwarden (06270)...
Ophalen: Den Helder (06235)...
Ophalen: Amsterdam (06240)...
Ophalen: De Bilt (06260)...
Ophalen: Deelen (06275)...
Ophalen: Hoogeveen (06279)...
Ophalen: Enschede (06290)...
Ophalen: Vlissingen (06310)...
Ophalen: Hoek van Holland (06330)...
Ophalen: Rotterdam Airport (06344)...
Ophalen: Gilze Rijen (06350)...
Ophalen: Eindhoven (06370)...
Ophalen: Maastricht (06380)...
Ophalen: Gent (06431)...
Ophalen: Antwerpen (06450)...
Ophalen: Kleve (K1176)...
Ophalen: Brussel (06451)...
Ophalen: Kleine Brogel (06479)...
Ophalen: Dollart (E207)...
Ophalen: Wielen (P0122)...
Ophalen: Weeze (10405)...
Ophalen: Valkenburg (06210)...
Ophalen: Volkel (06375)...
Ophalen: Bocholt (10406)...
Ophalen: Nettetal (H512)...
Ophalen: IJsselmeer (E5305)...
Ophalen: Borkum (K1083)...
Ophalen: Geilenkirchen (10500)...
Data voor 7 dagen
Kaart: kaart_regen_woensdag_25mar2026.png
Kaart: kaart_regen_donderdag_26mar2026.png
Kaart: kaart_regen_vrijdag_27mar2026.png
Kaart: kaart_regen_zaterdag_28mar2026.png
Kaart: kaart_regen_zondag_29mar2026.png
Kaart: kaart_regen_maandag_30mar2026.png
Kaart: kaart_regen_dinsdag_31mar2026.png
MOSMIX ophalen (onweer: wwT, wwTd, CAPE, CIN)...
Ophalen: Eelde (06280)...
Ophalen: Terschelling (06250)...
Ophalen: Vlieland (06242)...
Ophalen: Leeuwarden (06270)...
Ophalen: Den Helder (06235)...
Ophalen: Amsterdam (06240)...
Ophalen: De Bilt (06260)...
Ophalen: Deelen (06275)...
Ophalen: Hoogeveen (06279)...
Ophalen: Enschede (06290)...
Ophalen: Vlissingen (06310)...
Ophalen: Hoek van Holland (06330)...
Ophalen: Rotterdam Airport (06344)...
Ophalen: Gilze Rijen (06350)...
Ophalen: Eindhoven (06370)...
Ophalen: Maastricht (06380)...
Ophalen: Gent (06431)...
Ophalen: Antwerpen (06450)...
Ophalen: Kleve (K1176)...
Ophalen: Brussel (06451)...
Ophalen: Kleine Brogel (06479)...
Ophalen: Dollart (E207)...
Ophalen: Wielen (P0122)...
Ophalen: Weeze (10405)...
Ophalen: Valkenburg (06210)...
Ophalen: Volkel (06375)...
Ophalen: Bocholt (10406)...
Ophalen: Nettetal (H512)...
Ophalen: IJsselmeer (E5305)...
Ophalen: Borkum (K1083)...
Ophalen: Geilenkirchen (10500)...
Data voor 7 dagen
Kaart: kaart_onweer_woensdag_25mar2026.png
Kaart: kaart_onweer_donderdag_26mar2026.png
Kaart: kaart_onweer_vrijdag_27mar2026.png
Kaart: kaart_onweer_zaterdag_28mar2026.png
Kaart: kaart_onweer_zondag_29mar2026.png
Kaart: kaart_onweer_maandag_30mar2026.png
Kaart: kaart_onweer_dinsdag_31mar2026.png

Bewolkingskaart voor Do 26 mrt...
  Eelde...
  Terschelling...
  Vlieland...
  Leeuwarden...
  Den Helder...
  Amsterdam...
  De Bilt...
  Deelen...
  Hoogeveen...
  Enschede...
  Vlissingen...
  Hoek van Holland...
  Rotterdam Airport...
  Gilze Rijen...
  Eindhoven...
  Maastricht...
  Gent...
  Antwerpen...
  Kleve...
  Brussel...
  Kleine Brogel...
  Dollart...
  Wielen...
  Weeze...
  Valkenburg...
  Volkel...
  Bocholt...
  Nettetal...
  IJsselmeer...
  Borkum...
  Geilenkirchen...
  Data voor 31 stations
Kaart opgeslagen: kaart_bewolking_2026-03-26.png

Bewolkingskaart voor Vr 27 mrt...
  Eelde...
  Terschelling...
  Vlieland...
  Leeuwarden...
  Den Helder...
  Amsterdam...
  De Bilt...
  Deelen...
  Hoogeveen...
  Enschede...
  Vlissingen...
  Hoek van Holland...
  Rotterdam Airport...
  Gilze Rijen...
  Eindhoven...
  Maastricht...
  Gent...
  Antwerpen...
  Kleve...
  Brussel...
  Kleine Brogel...
  Dollart...
  Wielen...
  Weeze...
  Valkenburg...
  Volkel...
  Bocholt...
  Nettetal...
  IJsselmeer...
  Borkum...
  Geilenkirchen...
  Data voor 31 stations
Kaart opgeslagen: kaart_bewolking_2026-03-27.png

Bewolkingskaart voor Za 28 mrt...
  Eelde...
  Terschelling...
  Vlieland...
  Leeuwarden...
  Den Helder...
  Amsterdam...
  De Bilt...
  Deelen...
  Hoogeveen...
  Enschede...
  Vlissingen...
  Hoek van Holland...
  Rotterdam Airport...
  Gilze Rijen...
  Eindhoven...
  Maastricht...
  Gent...
  Antwerpen...
  Kleve...
  Brussel...
  Kleine Brogel...
  Dollart...
  Wielen...
  Weeze...
  Valkenburg...
  Volkel...
  Bocholt...
  Nettetal...
  IJsselmeer...
  Borkum...
  Geilenkirchen...
  Data voor 31 stations
Kaart opgeslagen: kaart_bewolking_2026-03-28.png

Bewolkingskaart voor Zo 29 mrt...
  Eelde...
  Terschelling...
  Vlieland...
  Leeuwarden...
  Den Helder...
  Amsterdam...
  De Bilt...
  Deelen...
  Hoogeveen...
  Enschede...
  Vlissingen...
  Hoek van Holland...
  Rotterdam Airport...
  Gilze Rijen...
  Eindhoven...
  Maastricht...
  Gent...
  Antwerpen...
  Kleve...
  Brussel...
  Kleine Brogel...
  Dollart...
  Wielen...
  Weeze...
  Valkenburg...
  Volkel...
  Bocholt...
  Nettetal...
  IJsselmeer...
  Borkum...
  Geilenkirchen...
  Data voor 31 stations
Kaart opgeslagen: kaart_bewolking_2026-03-29.png

Bewolkingskaart voor Ma 30 mrt...
  Eelde...
  Terschelling...
  Vlieland...
  Leeuwarden...
  Den Helder...
  Amsterdam...
  De Bilt...
  Deelen...
  Hoogeveen...
  Enschede...
  Vlissingen...
  Hoek van Holland...
  Rotterdam Airport...
  Gilze Rijen...
  Eindhoven...
  Maastricht...
  Gent...
  Antwerpen...
  Kleve...
  Brussel...
  Kleine Brogel...
  Dollart...
  Wielen...
  Weeze...
  Valkenburg...
  Volkel...
  Bocholt...
  Nettetal...
  IJsselmeer...
  Borkum...
  Geilenkirchen...
  Data voor 31 stations
Kaart opgeslagen: kaart_bewolking_2026-03-30.png

Bewolkingskaart voor Di 31 mrt...
  Eelde...
  Terschelling...
  Vlieland...
  Leeuwarden...
  Den Helder...
  Amsterdam...
  De Bilt...
  Deelen...
  Hoogeveen...
  Enschede...
  Vlissingen...
  Hoek van Holland...
  Rotterdam Airport...
  Gilze Rijen...
  Eindhoven...
  Maastricht...
  Gent...
  Antwerpen...
  Kleve...
  Brussel...
  Kleine Brogel...
  Dollart...
  Wielen...
  Weeze...
  Valkenburg...
  Volkel...
  Bocholt...
  Nettetal...
  IJsselmeer...
  Borkum...
  Geilenkirchen...
  Data voor 31 stations
Kaart opgeslagen: kaart_bewolking_2026-03-31.png

Bewolkingskaart voor Wo 1 apr...
  Eelde...
  Terschelling...
  Vlieland...
  Leeuwarden...
  Den Helder...
  Amsterdam...
  De Bilt...
  Deelen...
  Hoogeveen...
  Enschede...
  Vlissingen...
  Hoek van Holland...
  Rotterdam Airport...
  Gilze Rijen...
  Eindhoven...
  Maastricht...
  Gent...
  Antwerpen...
  Kleve...
  Brussel...
  Kleine Brogel...
  Dollart...
  Wielen...
  Weeze...
  Valkenburg...
  Volkel...
  Bocholt...
  Nettetal...
  IJsselmeer...
  Borkum...
  Geilenkirchen...
  Data voor 31 stations
Kaart opgeslagen: kaart_bewolking_2026-04-01.png

Bewolkingskaart voor Do 2 apr...
  Eelde...
  Terschelling...
  Vlieland...
  Leeuwarden...
  Den Helder...
  Amsterdam...
  De Bilt...
  Deelen...
  Hoogeveen...
  Enschede...
  Vlissingen...
  Hoek van Holland...
  Rotterdam Airport...
  Gilze Rijen...
  Eindhoven...
  Maastricht...
  Gent...
  Antwerpen...
  Kleve...
  Brussel...
  Kleine Brogel...
  Dollart...
  Wielen...
  Weeze...
  Valkenburg...
  Volkel...
  Bocholt...
  Nettetal...
  IJsselmeer...
  Borkum...
  Geilenkirchen...
  Data voor 31 stations
Kaart opgeslagen: kaart_bewolking_2026-04-02.png

Bewolkingskaart voor Vr 3 apr...
  Eelde...
  Terschelling...
  Vlieland...
  Leeuwarden...
  Den Helder...
  Amsterdam...
  De Bilt...
  Deelen...
  Hoogeveen...
  Enschede...
  Vlissingen...
  Hoek van Holland...
  Rotterdam Airport...
  Gilze Rijen...
  Eindhoven...
  Maastricht...
  Gent...
  Antwerpen...
  Kleve...
  Brussel...
  Kleine Brogel...
  Dollart...
  Wielen...
  Weeze...
  Valkenburg...
  Volkel...
  Bocholt...
  Nettetal...
  IJsselmeer...
  Borkum...
  Geilenkirchen...
  Data voor 31 stations
Kaart opgeslagen: kaart_bewolking_2026-04-03.png

Bewolkingskaart voor Za 4 apr...
  Eelde...
  Terschelling...
  Vlieland...
  Leeuwarden...
  Den Helder...
  Amsterdam...
  De Bilt...
  Deelen...
  Hoogeveen...
  Enschede...
  Vlissingen...
  Hoek van Holland...
  Rotterdam Airport...
  Gilze Rijen...
  Eindhoven...
  Maastricht...
  Gent...
  Antwerpen...
  Kleve...
  Brussel...
  Kleine Brogel...
  Dollart...
  Wielen...
  Weeze...
  Valkenburg...
  Volkel...
  Bocholt...
  Nettetal...
  IJsselmeer...
  Borkum...
  Geilenkirchen...
  Data voor 31 stations
Kaart opgeslagen: kaart_bewolking_2026-04-04.png
MOSMIX ophalen (kans op sneeuw Nederland)...
Ophalen: Eelde (06280)...
Ophalen: Terschelling (06250)...
Ophalen: Vlieland (06242)...
Ophalen: Leeuwarden (06270)...
Ophalen: Den Helder (06235)...
Ophalen: Amsterdam (06240)...
Ophalen: De Bilt (06260)...
Ophalen: Deelen (06275)...
Ophalen: Hoogeveen (06279)...
Ophalen: Enschede (06290)...
Ophalen: Vlissingen (06310)...
Ophalen: Hoek van Holland (06330)...
Ophalen: Rotterdam Airport (06344)...
Ophalen: Gilze Rijen (06350)...
Ophalen: Eindhoven (06370)...
Ophalen: Maastricht (06380)...
Ophalen: Gent (06431)...
Ophalen: Antwerpen (06450)...
Ophalen: Kleve (K1176)...
Ophalen: Brussel (06451)...
Ophalen: Kleine Brogel (06479)...
Ophalen: Dollart (E207)...
Ophalen: Wielen (P0122)...
Ophalen: Weeze (10405)...
Ophalen: Valkenburg (06210)...
Ophalen: Volkel (06375)...
Ophalen: Bocholt (10406)...
Ophalen: Nettetal (H512)...
Ophalen: IJsselmeer (E5305)...
Ophalen: Borkum (K1083)...
Ophalen: Geilenkirchen (10500)...
Data voor 7 dagen
Kaart: kaart_sneeuw_woensdag_25mar2026.png
Kaart: kaart_sneeuw_donderdag_26mar2026.png
Kaart: kaart_sneeuw_vrijdag_27mar2026.png
Kaart: kaart_sneeuw_zaterdag_28mar2026.png
Kaart: kaart_sneeuw_zondag_29mar2026.png
Kaart: kaart_sneeuw_maandag_30mar2026.png
Kaart: kaart_sneeuw_dinsdag_31mar2026.png
MOSMIX ophalen (hagelkans Nederland)...
Ophalen: Eelde (06280)...
Ophalen: Terschelling (06250)...
Ophalen: Vlieland (06242)...
Ophalen: Leeuwarden (06270)...
Ophalen: Den Helder (06235)...
Ophalen: Amsterdam (06240)...
Ophalen: De Bilt (06260)...
Ophalen: Deelen (06275)...
Ophalen: Hoogeveen (06279)...
Ophalen: Enschede (06290)...
Ophalen: Vlissingen (06310)...
Ophalen: Hoek van Holland (06330)...
Ophalen: Rotterdam Airport (06344)...
Ophalen: Gilze Rijen (06350)...
Ophalen: Eindhoven (06370)...
Ophalen: Maastricht (06380)...
Ophalen: Gent (06431)...
Ophalen: Antwerpen (06450)...
Ophalen: Kleve (K1176)...
Ophalen: Brussel (06451)...
Ophalen: Kleine Brogel (06479)...
Ophalen: Dollart (E207)...
Ophalen: Wielen (P0122)...
Ophalen: Weeze (10405)...
Ophalen: Valkenburg (06210)...
Ophalen: Volkel (06375)...
Ophalen: Bocholt (10406)...
Ophalen: Nettetal (H512)...
Ophalen: IJsselmeer (E5305)...
Ophalen: Borkum (K1083)...
Ophalen: Geilenkirchen (10500)...
Data voor 7 dagen
Kaart: kaart_hagel_woensdag_25mar2026.png
Kaart: kaart_hagel_donderdag_26mar2026.png
Kaart: kaart_hagel_vrijdag_27mar2026.png
Kaart: kaart_hagel_zaterdag_28mar2026.png
Kaart: kaart_hagel_zondag_29mar2026.png
Kaart: kaart_hagel_maandag_30mar2026.png
Kaart: kaart_hagel_dinsdag_31mar2026.png
MOSMIX ophalen (temperatuur België)...
  Brussel (06451)...
  Gent (06431)...
  Antwerpen (06450)...
  Kleine Brogel (06479)...
  Oostende (06407)...
  Charleroi (06449)...
  Bierset (06478)...
  Spa (06490)...
  St-Hubert (06476)...
  Florennes (06456)...
  Lille (07015)...
  Heinerschied (F9600)...
  Beauvechain (06458)...
  Monschau (H908)...
  Brugge (P0155)...
  Charleville (07075)...
  Cambrai (07017)...
  Calais (P0437)...
  Saint-Quentin (07061)...
Data voor 7 dagen
Kaart: kaart_be_temp_woensdag_25mar2026.png
Kaart: kaart_be_temp_donderdag_26mar2026.png
Kaart: kaart_be_temp_vrijdag_27mar2026.png
Kaart: kaart_be_temp_zaterdag_28mar2026.png
Kaart: kaart_be_temp_zondag_29mar2026.png
Kaart: kaart_be_temp_maandag_30mar2026.png
Kaart: kaart_be_temp_dinsdag_31mar2026.png
MOSMIX ophalen (max temp dag 06-18u België)...
  Brussel (06451)...
  Gent (06431)...
  Antwerpen (06450)...
  Kleine Brogel (06479)...
  Oostende (06407)...
  Charleroi (06449)...
  Bierset (06478)...
  Spa (06490)...
  St-Hubert (06476)...
  Florennes (06456)...
  Lille (07015)...
  Heinerschied (F9600)...
  Beauvechain (06458)...
  Monschau (H908)...
  Brugge (P0155)...
  Charleville (07075)...
  Cambrai (07017)...
  Calais (P0437)...
  Saint-Quentin (07061)...
Data voor 7 dagen
Kaart: kaart_be_temp_dag_woensdag_25mar2026.png
Kaart: kaart_be_temp_dag_donderdag_26mar2026.png
Kaart: kaart_be_temp_dag_vrijdag_27mar2026.png
Kaart: kaart_be_temp_dag_zaterdag_28mar2026.png
Kaart: kaart_be_temp_dag_zondag_29mar2026.png
Kaart: kaart_be_temp_dag_maandag_30mar2026.png
Kaart: kaart_be_temp_dag_dinsdag_31mar2026.png
MOSMIX ophalen (min temp nacht 18-06u België)...
  Brussel (06451)...
  Gent (06431)...
  Antwerpen (06450)...
  Kleine Brogel (06479)...
  Oostende (06407)...
  Charleroi (06449)...
  Bierset (06478)...
  Spa (06490)...
  St-Hubert (06476)...
  Florennes (06456)...
  Lille (07015)...
  Heinerschied (F9600)...
  Beauvechain (06458)...
  Monschau (H908)...
  Brugge (P0155)...
  Charleville (07075)...
  Cambrai (07017)...
  Calais (P0437)...
  Saint-Quentin (07061)...
Data voor 7 dagen
Kaart: kaart_be_temp_nacht_woensdag_25mar2026.png
Kaart: kaart_be_temp_nacht_donderdag_26mar2026.png
Kaart: kaart_be_temp_nacht_vrijdag_27mar2026.png
Kaart: kaart_be_temp_nacht_zaterdag_28mar2026.png
Kaart: kaart_be_temp_nacht_zondag_29mar2026.png
Kaart: kaart_be_temp_nacht_maandag_30mar2026.png
Kaart: kaart_be_temp_nacht_dinsdag_31mar2026.png
MOSMIX ophalen (wind dag 06-18u België)...
  Brussel (06451)...
  Gent (06431)...
  Antwerpen (06450)...
  Kleine Brogel (06479)...
  Oostende (06407)...
  Charleroi (06449)...
  Bierset (06478)...
  Spa (06490)...
  St-Hubert (06476)...
  Florennes (06456)...
  Lille (07015)...
  Heinerschied (F9600)...
  Beauvechain (06458)...
  Monschau (H908)...
  Brugge (P0155)...
  Charleville (07075)...
  Cambrai (07017)...
  Calais (P0437)...
  Saint-Quentin (07061)...
Data voor 7 dagen
Kaart: kaart_be_wind_woensdag_25mar2026.png
Kaart: kaart_be_wind_donderdag_26mar2026.png
Kaart: kaart_be_wind_vrijdag_27mar2026.png
Kaart: kaart_be_wind_zaterdag_28mar2026.png
Kaart: kaart_be_wind_zondag_29mar2026.png
Kaart: kaart_be_wind_maandag_30mar2026.png
Kaart: kaart_be_wind_dinsdag_31mar2026.png
MOSMIX ophalen (wind nacht 18-06u België)...
  Brussel (06451)...
  Gent (06431)...
  Antwerpen (06450)...
  Kleine Brogel (06479)...
  Oostende (06407)...
  Charleroi (06449)...
  Bierset (06478)...
  Spa (06490)...
  St-Hubert (06476)...
  Florennes (06456)...
  Lille (07015)...
  Heinerschied (F9600)...
  Beauvechain (06458)...
  Monschau (H908)...
  Brugge (P0155)...
  Charleville (07075)...
  Cambrai (07017)...
  Calais (P0437)...
  Saint-Quentin (07061)...
Data voor 7 dagen
Kaart: kaart_be_wind_nacht_woensdag_25mar2026.png
Kaart: kaart_be_wind_nacht_donderdag_26mar2026.png
Kaart: kaart_be_wind_nacht_vrijdag_27mar2026.png
Kaart: kaart_be_wind_nacht_zaterdag_28mar2026.png
Kaart: kaart_be_wind_nacht_zondag_29mar2026.png
Kaart: kaart_be_wind_nacht_maandag_30mar2026.png
Kaart: kaart_be_wind_nacht_dinsdag_31mar2026.png
MOSMIX ophalen (zon België)...
  Brussel...
  Gent...
  Antwerpen...
  Kleine Brogel...
  Oostende...
  Charleroi...
  Bierset...
  Spa...
  St-Hubert...
  Florennes...
  Lille...
  Heinerschied...
  Beauvechain...
  Monschau...
  Brugge...
  Charleville...
  Cambrai...
  Calais...
  Saint-Quentin...
Kaart: kaart_be_zon_woensdag_25mar2026.png
Kaart: kaart_be_zon_donderdag_26mar2026.png
Kaart: kaart_be_zon_vrijdag_27mar2026.png
Kaart: kaart_be_zon_zaterdag_28mar2026.png
Kaart: kaart_be_zon_zondag_29mar2026.png
Kaart: kaart_be_zon_maandag_30mar2026.png
Kaart: kaart_be_zon_dinsdag_31mar2026.png
MOSMIX ophalen (neerslag België)...
  Brussel...
  Gent...
  Antwerpen...
  Kleine Brogel...
  Oostende...
  Charleroi...
  Bierset...
  Spa...
  St-Hubert...
  Florennes...
  Lille...
  Heinerschied...
  Beauvechain...
  Monschau...
  Brugge...
  Charleville...
  Cambrai...
  Calais...
  Saint-Quentin...
Kaart: kaart_be_regen_woensdag_25mar2026.png
Kaart: kaart_be_regen_donderdag_26mar2026.png
Kaart: kaart_be_regen_vrijdag_27mar2026.png
Kaart: kaart_be_regen_zaterdag_28mar2026.png
Kaart: kaart_be_regen_zondag_29mar2026.png
Kaart: kaart_be_regen_maandag_30mar2026.png
Kaart: kaart_be_regen_dinsdag_31mar2026.png
MOSMIX ophalen (mist België)...
  Brussel...
  Gent...
  Antwerpen...
  Kleine Brogel...
  Oostende...
  Charleroi...
  Bierset...
  Spa...
  St-Hubert...
  Florennes...
  Lille...
  Heinerschied...
  Beauvechain...
  Monschau...
  Brugge...
  Charleville...
  Cambrai...
  Calais...
  Saint-Quentin...
Kaart: kaart_be_mist_donderdag_26mar2026.png
Kaart: kaart_be_mist_vrijdag_27mar2026.png
Kaart: kaart_be_mist_zaterdag_28mar2026.png
Kaart: kaart_be_mist_zondag_29mar2026.png
Kaart: kaart_be_mist_maandag_30mar2026.png
Kaart: kaart_be_mist_dinsdag_31mar2026.png
Kaart: kaart_be_mist_woensdag_01apr2026.png
  Verwijderd: kaart_be_mist_woensdag_25mar2026.png
MOSMIX ophalen (onweer België)...
  Brussel...
  Gent...
  Antwerpen...
  Kleine Brogel...
  Oostende...
  Charleroi...
  Bierset...
  Spa...
  St-Hubert...
  Florennes...
  Lille...
  Heinerschied...
  Beauvechain...
  Monschau...
  Brugge...
  Charleville...
  Cambrai...
  Calais...
  Saint-Quentin...
Kaart: kaart_be_onweer_woensdag_25mar2026.png
Kaart: kaart_be_onweer_donderdag_26mar2026.png
Kaart: kaart_be_onweer_vrijdag_27mar2026.png
Kaart: kaart_be_onweer_zaterdag_28mar2026.png
Kaart: kaart_be_onweer_zondag_29mar2026.png
Kaart: kaart_be_onweer_maandag_30mar2026.png
Kaart: kaart_be_onweer_dinsdag_31mar2026.png

Bewolking België Do 26 mrt...
  Brussel...
  Gent...
  Antwerpen...
  Kleine Brogel...
  Oostende...
  Charleroi...
  Bierset...
  Spa...
  St-Hubert...
  Florennes...
  Lille...
  Heinerschied...
  Beauvechain...
  Monschau...
  Brugge...
  Charleville...
  Cambrai...
  Calais...
  Saint-Quentin...
Kaart: kaart_be_bewolking_2026-03-26.png

Bewolking België Vr 27 mrt...
  Brussel...
  Gent...
  Antwerpen...
  Kleine Brogel...
  Oostende...
  Charleroi...
  Bierset...
  Spa...
  St-Hubert...
  Florennes...
  Lille...
  Heinerschied...
  Beauvechain...
  Monschau...
  Brugge...
  Charleville...
  Cambrai...
  Calais...
  Saint-Quentin...
Kaart: kaart_be_bewolking_2026-03-27.png

Bewolking België Za 28 mrt...
  Brussel...
  Gent...
  Antwerpen...
  Kleine Brogel...
  Oostende...
  Charleroi...
  Bierset...
  Spa...
  St-Hubert...
  Florennes...
  Lille...
  Heinerschied...
  Beauvechain...
  Monschau...
  Brugge...
  Charleville...
  Cambrai...
  Calais...
  Saint-Quentin...
Kaart: kaart_be_bewolking_2026-03-28.png

Bewolking België Zo 29 mrt...
  Brussel...
  Gent...
  Antwerpen...
  Kleine Brogel...
  Oostende...
  Charleroi...
  Bierset...
  Spa...
  St-Hubert...
  Florennes...
  Lille...
  Heinerschied...
  Beauvechain...
  Monschau...
  Brugge...
  Charleville...
  Cambrai...
  Calais...
  Saint-Quentin...
Kaart: kaart_be_bewolking_2026-03-29.png

Bewolking België Ma 30 mrt...
  Brussel...
  Gent...
  Antwerpen...
  Kleine Brogel...
  Oostende...
  Charleroi...
  Bierset...
  Spa...
  St-Hubert...
  Florennes...
  Lille...
  Heinerschied...
  Beauvechain...
  Monschau...
  Brugge...
  Charleville...
  Cambrai...
  Calais...
  Saint-Quentin...
Kaart: kaart_be_bewolking_2026-03-30.png

Bewolking België Di 31 mrt...
  Brussel...
  Gent...
  Antwerpen...
  Kleine Brogel...
  Oostende...
  Charleroi...
  Bierset...
  Spa...
  St-Hubert...
  Florennes...
  Lille...
  Heinerschied...
  Beauvechain...
  Monschau...
  Brugge...
  Charleville...
  Cambrai...
  Calais...
  Saint-Quentin...
Kaart: kaart_be_bewolking_2026-03-31.png

Bewolking België Wo 1 apr...
  Brussel...
  Gent...
  Antwerpen...
  Kleine Brogel...
  Oostende...
  Charleroi...
  Bierset...
  Spa...
  St-Hubert...
  Florennes...
  Lille...
  Heinerschied...
  Beauvechain...
  Monschau...
  Brugge...
  Charleville...
  Cambrai...
  Calais...
  Saint-Quentin...
Kaart: kaart_be_bewolking_2026-04-01.png

Bewolking België Do 2 apr...
  Brussel...
  Gent...
  Antwerpen...
  Kleine Brogel...
  Oostende...
  Charleroi...
  Bierset...
  Spa...
  St-Hubert...
  Florennes...
  Lille...
  Heinerschied...
  Beauvechain...
  Monschau...
  Brugge...
  Charleville...
  Cambrai...
  Calais...
  Saint-Quentin...
Kaart: kaart_be_bewolking_2026-04-02.png

Bewolking België Vr 3 apr...
  Brussel...
  Gent...
  Antwerpen...
  Kleine Brogel...
  Oostende...
  Charleroi...
  Bierset...
  Spa...
  St-Hubert...
  Florennes...
  Lille...
  Heinerschied...
  Beauvechain...
  Monschau...
  Brugge...
  Charleville...
  Cambrai...
  Calais...
  Saint-Quentin...
Kaart: kaart_be_bewolking_2026-04-03.png

Bewolking België Za 4 apr...
  Brussel...
  Gent...
  Antwerpen...
  Kleine Brogel...
  Oostende...
  Charleroi...
  Bierset...
  Spa...
  St-Hubert...
  Florennes...
  Lille...
  Heinerschied...
  Beauvechain...
  Monschau...
  Brugge...
  Charleville...
  Cambrai...
  Calais...
  Saint-Quentin...
Kaart: kaart_be_bewolking_2026-04-04.png
MOSMIX ophalen (kans op sneeuw Belgie)...
  Brussel (06451)...
  Gent (06431)...
  Antwerpen (06450)...
  Kleine Brogel (06479)...
  Oostende (06407)...
  Charleroi (06449)...
  Bierset (06478)...
  Spa (06490)...
  St-Hubert (06476)...
  Florennes (06456)...
  Lille (07015)...
  Heinerschied (F9600)...
  Beauvechain (06458)...
  Monschau (H908)...
  Brugge (P0155)...
  Charleville (07075)...
  Cambrai (07017)...
  Calais (P0437)...
  Saint-Quentin (07061)...
Data voor 7 dagen
Kaart: kaart_be_sneeuw_woensdag_25mar2026.png
Kaart: kaart_be_sneeuw_donderdag_26mar2026.png
Kaart: kaart_be_sneeuw_vrijdag_27mar2026.png
Kaart: kaart_be_sneeuw_zaterdag_28mar2026.png
Kaart: kaart_be_sneeuw_zondag_29mar2026.png
Kaart: kaart_be_sneeuw_maandag_30mar2026.png
Kaart: kaart_be_sneeuw_dinsdag_31mar2026.png
MOSMIX ophalen (hagelkans Belgie)...
  Brussel (06451)...
  Gent (06431)...
  Antwerpen (06450)...
  Kleine Brogel (06479)...
  Oostende (06407)...
  Charleroi (06449)...
  Bierset (06478)...
  Spa (06490)...
  St-Hubert (06476)...
  Florennes (06456)...
  Lille (07015)...
  Heinerschied (F9600)...
  Beauvechain (06458)...
  Monschau (H908)...
  Brugge (P0155)...
  Charleville (07075)...
  Cambrai (07017)...
  Calais (P0437)...
  Saint-Quentin (07061)...
Data voor 7 dagen
Kaart: kaart_be_hagel_woensdag_25mar2026.png
Kaart: kaart_be_hagel_donderdag_26mar2026.png
Kaart: kaart_be_hagel_vrijdag_27mar2026.png
Kaart: kaart_be_hagel_zaterdag_28mar2026.png
Kaart: kaart_be_hagel_zondag_29mar2026.png
Kaart: kaart_be_hagel_maandag_30mar2026.png
Kaart: kaart_be_hagel_dinsdag_31mar2026.png
MOSMIX ophalen (gevoelstemperatuur België)...
  Brussel (06451)...
  Gent (06431)...
  Antwerpen (06450)...
  Kleine Brogel (06479)...
  Oostende (06407)...
  Charleroi (06449)...
  Bierset (06478)...
  Spa (06490)...
  St-Hubert (06476)...
  Florennes (06456)...
  Lille (07015)...
  Heinerschied (F9600)...
  Beauvechain (06458)...
  Monschau (H908)...
  Brugge (P0155)...
  Charleville (07075)...
  Cambrai (07017)...
  Calais (P0437)...
  Saint-Quentin (07061)...
Data voor 7 dagen
Kaart: kaart_be_gevoels_woensdag_25mar2026.png
Kaart: kaart_be_gevoels_donderdag_26mar2026.png
Kaart: kaart_be_gevoels_vrijdag_27mar2026.png
Kaart: kaart_be_gevoels_zaterdag_28mar2026.png
Kaart: kaart_be_gevoels_zondag_29mar2026.png
Kaart: kaart_be_gevoels_maandag_30mar2026.png
Kaart: kaart_be_gevoels_dinsdag_31mar2026.png
MOSMIX ophalen (dauwpunt Belgie)...
  Brussel (06451)...
  Gent (06431)...
  Antwerpen (06450)...
  Kleine Brogel (06479)...
  Oostende (06407)...
  Charleroi (06449)...
  Bierset (06478)...
  Spa (06490)...
  St-Hubert (06476)...
  Florennes (06456)...
  Lille (07015)...
  Heinerschied (F9600)...
  Beauvechain (06458)...
  Monschau (H908)...
  Brugge (P0155)...
  Charleville (07075)...
  Cambrai (07017)...
  Calais (P0437)...
  Saint-Quentin (07061)...
Data voor 7 dagen
Kaart: kaart_be_dauwpunt_donderdag_26mar2026.png
Kaart: kaart_be_dauwpunt_vrijdag_27mar2026.png
Kaart: kaart_be_dauwpunt_zaterdag_28mar2026.png
Kaart: kaart_be_dauwpunt_zondag_29mar2026.png
Kaart: kaart_be_dauwpunt_maandag_30mar2026.png
Kaart: kaart_be_dauwpunt_dinsdag_31mar2026.png
Kaart: kaart_be_dauwpunt_woensdag_01apr2026.png
  Verwijderd: kaart_be_dauwpunt_woensdag_25mar2026.png
MOSMIX ophalen (grondtemperatuur 5cm België)...
  Brussel (06451)...
  Gent (06431)...
  Antwerpen (06450)...
  Kleine Brogel (06479)...
  Oostende (06407)...
  Charleroi (06449)...
  Bierset (06478)...
  Spa (06490)...
  St-Hubert (06476)...
  Florennes (06456)...
  Lille (07015)...
  Heinerschied (F9600)...
  Beauvechain (06458)...
  Monschau (H908)...
  Brugge (P0155)...
  Charleville (07075)...
  Cambrai (07017)...
  Calais (P0437)...
  Saint-Quentin (07061)...
Data voor 7 dagen
Kaart: kaart_be_t5cm_woensdag_25mar2026.png
Kaart: kaart_be_t5cm_donderdag_26mar2026.png
Kaart: kaart_be_t5cm_vrijdag_27mar2026.png
Kaart: kaart_be_t5cm_zaterdag_28mar2026.png
Kaart: kaart_be_t5cm_zondag_29mar2026.png
Kaart: kaart_be_t5cm_maandag_30mar2026.png
Kaart: kaart_be_t5cm_dinsdag_31mar2026.png
MOSMIX ophalen: De Bilt (06260)...
  2026-03-25: TX=10.2 TN=None RR=2.4
  2026-03-26: TX=7.8 TN=2.1 RR=1.6
  2026-03-27: TX=11.1 TN=-0.8 RR=1.2
  2026-03-28: TX=10.3 TN=7.0 RR=4.3
MOSMIX ophalen: Hoek van Holland (06330)...
  2026-03-25: TX=9.5 TN=None RR=0.0
  2026-03-26: TX=7.1 TN=4.4 RR=0.0
  2026-03-27: TX=11.4 TN=3.2 RR=0.0
  2026-03-28: TX=10.0 TN=7.0 RR=0.0
MOSMIX ophalen: Rotterdam (06344)...
  2026-03-25: TX=9.6 TN=None RR=2.9
  2026-03-26: TX=7.5 TN=2.6 RR=4.3
  2026-03-27: TX=10.7 TN=0.3 RR=1.4
  2026-03-28: TX=10.2 TN=6.4 RR=4.6
MOSMIX ophalen: Enschede (06290)...
  2026-03-25: TX=8.3 TN=4.4 RR=2.7
  2026-03-26: TX=7.8 TN=0.7 RR=2.6
  2026-03-27: TX=10.4 TN=-2.0 RR=0.4
  2026-03-28: TX=10.8 TN=5.4 RR=6.1
MOSMIX ophalen: Eelde (06280)...
  2026-03-25: TX=9.5 TN=4.6 RR=1.5
  2026-03-26: TX=7.5 TN=1.4 RR=2.9
  2026-03-27: TX=10.9 TN=-1.7 RR=2.0
  2026-03-28: TX=10.0 TN=4.9 RR=4.2
MOSMIX ophalen: Maastricht (06380)...
  2026-03-25: TX=8.8 TN=4.1 RR=2.5
  2026-03-26: TX=7.5 TN=1.6 RR=1.8
  2026-03-27: TX=10.8 TN=-1.3 RR=0.0
  2026-03-28: TX=9.6 TN=5.4 RR=9.4
MOSMIX ophalen: Terschelling (06250)...
  2026-03-25: TX=9.2 TN=None RR=0.7
  2026-03-26: TX=7.1 TN=3.5 RR=1.4
  2026-03-27: TX=9.8 TN=2.7 RR=2.8
  2026-03-28: TX=9.1 TN=5.7 RR=2.7
MOSMIX ophalen: Vlissingen (06310)...
  2026-03-25: TX=9.9 TN=None RR=1.6
  2026-03-26: TX=7.2 TN=4.0 RR=3.8
  2026-03-27: TX=10.5 TN=4.0 RR=1.4
  2026-03-28: TX=9.7 TN=7.4 RR=3.7
MOSMIX ophalen: Deelen (06275)...
  2026-03-25: TX=9.9 TN=4.3 RR=4.0
  2026-03-26: TX=7.8 TN=0.1 RR=1.9
  2026-03-27: TX=11.1 TN=-3.0 RR=0.6
  2026-03-28: TX=10.7 TN=5.5 RR=6.5
MOSMIX ophalen: Gilze-Rijen (06350)...
  2026-03-25: TX=9.2 TN=None RR=2.4
  2026-03-26: TX=8.3 TN=1.6 RR=2.0
  2026-03-27: TX=11.8 TN=-1.0 RR=0.5
  2026-03-28: TX=10.9 TN=6.7 RR=6.2

beta_debilt.json opgeslagen (10 stations)
MOSMIX + Harmonie voorspellingen ophalen voor archief...
  De Bilt...
  Hoek van Holland...
  Rotterdam...
  Enschede...
  Eelde...
  Maastricht...
  Terschelling...
  Vlissingen...
  Deelen...
  Gilze-Rijen...
Archief opgeslagen (beta_verificatie_archive.json)

Werkelijke metingen ophalen (afgelopen 3 dagen)...
  De Bilt 2026-03-24: TX=14.3 TN=6.4
  De Bilt 2026-03-23: TX=15.1 TN=2.1
  De Bilt 2026-03-22: TX=16.0 TN=2.4
  Hoek van Holland 2026-03-24: TX=11.6 TN=8.4
  Hoek van Holland 2026-03-23: TX=12.0 TN=4.3
  Hoek van Holland 2026-03-22: TX=14.2 TN=3.7
  Rotterdam 2026-03-24: TX=13.2 TN=6.5
  Rotterdam 2026-03-23: TX=14.2 TN=2.8
  Rotterdam 2026-03-22: TX=14.5 TN=1.7
  Enschede 2026-03-24: TX=15.7 TN=1.8
  Enschede 2026-03-23: TX=16.3 TN=-0.5
  Enschede 2026-03-22: TX=15.7 TN=1.8
  Eelde 2026-03-24: TX=12.7 TN=2.1
  Eelde 2026-03-23: TX=14.3 TN=-0.1
  Eelde 2026-03-22: TX=14.4 TN=1.0
  Maastricht 2026-03-24: TX=16.7 TN=5.5
  Maastricht 2026-03-23: TX=15.5 TN=2.1
  Maastricht 2026-03-22: TX=14.5 TN=2.8
  Terschelling 2026-03-24: TX=10.4 TN=8.1
  Terschelling 2026-03-23: TX=10.7 TN=0.9
  Terschelling 2026-03-22: TX=12.4 TN=3.3
  Vlissingen 2026-03-24: TX=12.9 TN=7.8
  Vlissingen 2026-03-23: TX=12.7 TN=6.8
  Vlissingen 2026-03-22: TX=14.3 TN=3.4
  Deelen 2026-03-24: TX=15.3 TN=1.8
  Deelen 2026-03-23: TX=16.0 TN=-0.9
  Deelen 2026-03-22: TX=16.0 TN=1.7
  Gilze-Rijen 2026-03-24: TX=15.9 TN=4.2
  Gilze-Rijen 2026-03-23: TX=15.3 TN=0.6
  Gilze-Rijen 2026-03-22: TX=15.5 TN=0.9

beta_verificatie.json opgeslagen (10 stations)
MOSMIX ophalen (trend)...
  De Bilt (06260)...
  De Kooy (06235)...
  Eelde (06280)...
  Vlissingen (06310)...
  Beek (06380)...
  Rotterdam (06344)...
  Hoek v. Holland (06330)...
  Twenthe (06290)...
  Eindhoven (06370)...
  Wind Vlieland (06242)...
  Wind De Kooy (06235)...
  Wind Leeuwarden (06270)...
  Wind Hoek v. Holland (06330)...
  Wind Vlissingen (06310)...
JSON opgeslagen: grafiek_trend.json
Grafiek opgeslagen: grafiek_trend.png
MOSMIX ophalen (trend België)...
  Brussel (06451)...
  Gent (06431)...
  Antwerpen (06450)...
  Oostende (06407)...
  Bierset (06478)...
  Charleroi (06449)...
  Sint-Hubert (06476)...
  Kleine Brogel (06479)...
  Florennes (06456)...
  Wind Oostende (06407)...
  Wind Brussel (06451)...
  Wind Bierset (06478)...
  Wind Kleine Brogel (06479)...
  Wind Sint-Hubert (06476)...
JSON: grafiek_trend_be.json
Grafiek: grafiek_trend_be.png
Bestaande data geladen: 84 dagen
  Ophalen 2026-03-25 (tot nu)...
    TX top3: [(13.4, 'Eindhoven', '01:00'), (13.3, 'Volkel', '01:00'), (13.2, 'Horst', '01:00')]
    TN top3: [(1.5, 'Deelen', '20:50'), (1.6, 'Woensdrecht', '21:20'), (1.8, 'Hupsel', '21:10')]
    RR top3: [(14.4, 'Deelen'), (13.2, 'Westdorpe'), (12.6, 'Heino')]
  2026-01-01: al in cache, overgeslagen
  2026-01-02: al in cache, overgeslagen
  2026-01-03: al in cache, overgeslagen
  2026-01-04: al in cache, overgeslagen
  2026-01-05: al in cache, overgeslagen
  2026-01-06: al in cache, overgeslagen
  2026-01-07: al in cache, overgeslagen
  2026-01-08: al in cache, overgeslagen
  2026-01-09: al in cache, overgeslagen
  2026-01-10: al in cache, overgeslagen
  2026-01-11: al in cache, overgeslagen
  2026-01-12: al in cache, overgeslagen
  2026-01-13: al in cache, overgeslagen
  2026-01-14: al in cache, overgeslagen
  2026-01-15: al in cache, overgeslagen
  2026-01-16: al in cache, overgeslagen
  2026-01-17: al in cache, overgeslagen
  2026-01-18: al in cache, overgeslagen
  2026-01-19: al in cache, overgeslagen
  2026-01-20: al in cache, overgeslagen
  2026-01-21: al in cache, overgeslagen
  2026-01-22: al in cache, overgeslagen
  2026-01-23: al in cache, overgeslagen
  2026-01-24: al in cache, overgeslagen
  2026-01-25: al in cache, overgeslagen
  2026-01-26: al in cache, overgeslagen
  2026-01-27: al in cache, overgeslagen
  2026-01-28: al in cache, overgeslagen
  2026-01-29: al in cache, overgeslagen
  2026-01-30: al in cache, overgeslagen
  2026-01-31: al in cache, overgeslagen
  2026-02-01: al in cache, overgeslagen
  2026-02-02: al in cache, overgeslagen
  2026-02-03: al in cache, overgeslagen
  2026-02-04: al in cache, overgeslagen
  2026-02-05: al in cache, overgeslagen
  2026-02-06: al in cache, overgeslagen
  2026-02-07: al in cache, overgeslagen
  2026-02-08: al in cache, overgeslagen
  2026-02-09: al in cache, overgeslagen
  2026-02-10: al in cache, overgeslagen
  2026-02-11: al in cache, overgeslagen
  2026-02-12: al in cache, overgeslagen
  2026-02-13: al in cache, overgeslagen
  2026-02-14: al in cache, overgeslagen
  2026-02-15: al in cache, overgeslagen
  2026-02-16: al in cache, overgeslagen
  2026-02-17: al in cache, overgeslagen
  2026-02-18: al in cache, overgeslagen
  2026-02-19: al in cache, overgeslagen
  2026-02-20: al in cache, overgeslagen
  2026-02-21: al in cache, overgeslagen
  2026-02-22: al in cache, overgeslagen
  2026-02-23: al in cache, overgeslagen
  2026-02-24: al in cache, overgeslagen
  2026-02-25: al in cache, overgeslagen
  2026-02-26: al in cache, overgeslagen
  2026-02-27: al in cache, overgeslagen
  2026-02-28: al in cache, overgeslagen
  2026-03-01: al in cache, overgeslagen
  2026-03-02: al in cache, overgeslagen
  2026-03-03: al in cache, overgeslagen
  2026-03-04: al in cache, overgeslagen
  2026-03-05: al in cache, overgeslagen
  2026-03-06: al in cache, overgeslagen
  2026-03-07: al in cache, overgeslagen
  2026-03-08: al in cache, overgeslagen
  2026-03-09: al in cache, overgeslagen
  2026-03-10: al in cache, overgeslagen
  2026-03-11: al in cache, overgeslagen
  2026-03-12: al in cache, overgeslagen
  2026-03-13: al in cache, overgeslagen
  2026-03-14: al in cache, overgeslagen
  2026-03-15: al in cache, overgeslagen
  2026-03-16: al in cache, overgeslagen
  2026-03-17: al in cache, overgeslagen
  2026-03-18: al in cache, overgeslagen
  2026-03-19: al in cache, overgeslagen
  2026-03-20: al in cache, overgeslagen
  2026-03-21: al in cache, overgeslagen
  2026-03-22: al in cache, overgeslagen
  2026-03-23: al in cache, overgeslagen
  2026-03-24: al in cache, overgeslagen

toplijst.json bijgewerkt (84 dagen)
Kaarten maken voor 2026-03-16...
  → klaar voor 2026-03-16
Kaarten maken voor 2026-03-17...
  → klaar voor 2026-03-17
Kaarten maken voor 2026-03-18...
  → klaar voor 2026-03-18
Kaarten maken voor 2026-03-19...
  → klaar voor 2026-03-19
Kaarten maken voor 2026-03-20...
  → klaar voor 2026-03-20
Kaarten maken voor 2026-03-21...
  → klaar voor 2026-03-21
Kaarten maken voor 2026-03-22...
  → klaar voor 2026-03-22
Kaarten maken voor 2026-03-23...
  → klaar voor 2026-03-23
Kaarten maken voor 2026-03-24...
  → klaar voor 2026-03-24
Kaarten maken voor 2026-03-25...
  → klaar voor 2026-03-25
Alle waarnemingskaarten klaar!
index.json: 290 kaarten
ok: /Users/aldus/Desktop/KNMI_Project/weerkaarten 2/p13_records.html
Grootte: 17295 chars
Pluim: De Bilt...
  Opgeslagen: kaart_pluim_lijnen_de_bilt.png
Pluim: Rotterdam...
  Opgeslagen: kaart_pluim_lijnen_rotterdam.png
Pluim: Barendrecht...
  Opgeslagen: kaart_pluim_lijnen_barendrecht.png
Pluim: Maastricht...
  Opgeslagen: kaart_pluim_lijnen_maastricht.png
Pluim: Eelde...
  Opgeslagen: kaart_pluim_lijnen_eelde.png
Pluim: Vlissingen...
  Opgeslagen: kaart_pluim_lijnen_vlissingen.png
Pluim: Enschede...
  Opgeslagen: kaart_pluim_lijnen_enschede.png

Klaar!

Pluim: De Bilt...
  Opgeslagen: kaart_pluim_compleet_de_bilt.png

Pluim: Rotterdam...
  Opgeslagen: kaart_pluim_compleet_rotterdam.png

Pluim: Barendrecht...
  Opgeslagen: kaart_pluim_compleet_barendrecht.png

Pluim: Vlissingen...
  Opgeslagen: kaart_pluim_compleet_vlissingen.png

Pluim: Eelde...
  Opgeslagen: kaart_pluim_compleet_eelde.png

Pluim: Maastricht...
  Opgeslagen: kaart_pluim_compleet_maastricht.png

Klaar!

Multimodel neerslag: De Bilt...
  ECMWF ENS...
    51 leden × 384 stappen
  ICON-EPS...
    40 leden × 168 stappen
  GFS ENS...
    31 leden × 384 stappen
  Opgeslagen: kaart_pluim_multi_neerslag_de_bilt.png

Multimodel neerslag: Rotterdam...
  ECMWF ENS...
    51 leden × 384 stappen
  ICON-EPS...
    40 leden × 168 stappen
  GFS ENS...
    31 leden × 384 stappen
  Opgeslagen: kaart_pluim_multi_neerslag_rotterdam.png

Multimodel neerslag: Barendrecht...
  ECMWF ENS...
    51 leden × 384 stappen
  ICON-EPS...
    40 leden × 168 stappen
  GFS ENS...
    31 leden × 384 stappen
  Opgeslagen: kaart_pluim_multi_neerslag_barendrecht.png

Multimodel neerslag: Vlissingen...
  ECMWF ENS...
    51 leden × 384 stappen
  ICON-EPS...
    40 leden × 168 stappen
  GFS ENS...
    31 leden × 384 stappen
  Opgeslagen: kaart_pluim_multi_neerslag_vlissingen.png

Multimodel neerslag: Eelde...
  ECMWF ENS...
    51 leden × 384 stappen
  ICON-EPS...
    40 leden × 168 stappen
  GFS ENS...
    31 leden × 384 stappen
  Opgeslagen: kaart_pluim_multi_neerslag_eelde.png

Multimodel neerslag: Maastricht...
  ECMWF ENS...
    51 leden × 384 stappen
  ICON-EPS...
    40 leden × 168 stappen
  GFS ENS...
    31 leden × 384 stappen
  Opgeslagen: kaart_pluim_multi_neerslag_maastricht.png

Klaar!

Multimodel pluim: De Bilt...
  ECMWF ENS...
    51 leden × 384 stappen
  ICON-EPS...
    40 leden × 168 stappen
  GFS ENS...
    31 leden × 384 stappen
  Opgeslagen: kaart_pluim_multi_de_bilt.png

Multimodel pluim: Rotterdam...
  ECMWF ENS...
    51 leden × 384 stappen
  ICON-EPS...
    40 leden × 168 stappen
  GFS ENS...
    31 leden × 384 stappen
  Opgeslagen: kaart_pluim_multi_rotterdam.png

Multimodel pluim: Barendrecht...
  ECMWF ENS...
    51 leden × 384 stappen
  ICON-EPS...
    40 leden × 168 stappen
  GFS ENS...
    31 leden × 384 stappen
  Opgeslagen: kaart_pluim_multi_barendrecht.png

Multimodel pluim: Vlissingen...
  ECMWF ENS...
    51 leden × 384 stappen
  ICON-EPS...
    40 leden × 168 stappen
  GFS ENS...
    31 leden × 384 stappen
  Opgeslagen: kaart_pluim_multi_vlissingen.png

Multimodel pluim: Eelde...
  ECMWF ENS...
    51 leden × 384 stappen
  ICON-EPS...
    40 leden × 168 stappen
  GFS ENS...
    31 leden × 384 stappen
  Opgeslagen: kaart_pluim_multi_eelde.png

Multimodel pluim: Maastricht...
  ECMWF ENS...
    51 leden × 384 stappen
  ICON-EPS...
    40 leden × 168 stappen
  GFS ENS...
    31 leden × 384 stappen
  Opgeslagen: kaart_pluim_multi_maastricht.png

Klaar!

Multimodel wind: De Bilt...
  ECMWF ENS...
    51 leden × 384 stappen
  ICON-EPS...
    40 leden × 168 stappen
  GFS ENS...
    31 leden × 384 stappen
  Opgeslagen: kaart_pluim_multi_wind_de_bilt.png

Multimodel wind: Rotterdam...
  ECMWF ENS...
    51 leden × 384 stappen
  ICON-EPS...
    40 leden × 168 stappen
  GFS ENS...
    31 leden × 384 stappen
  Opgeslagen: kaart_pluim_multi_wind_rotterdam.png

Multimodel wind: Barendrecht...
  ECMWF ENS...
    51 leden × 384 stappen
  ICON-EPS...
    40 leden × 168 stappen
  GFS ENS...
    31 leden × 384 stappen
  Opgeslagen: kaart_pluim_multi_wind_barendrecht.png

Multimodel wind: Vlissingen...
  ECMWF ENS...
    51 leden × 384 stappen
  ICON-EPS...
    40 leden × 168 stappen
  GFS ENS...
    31 leden × 384 stappen
  Opgeslagen: kaart_pluim_multi_wind_vlissingen.png

Multimodel wind: Eelde...
  ECMWF ENS...
    51 leden × 384 stappen
  ICON-EPS...
    40 leden × 168 stappen
  GFS ENS...
    31 leden × 384 stappen
  Opgeslagen: kaart_pluim_multi_wind_eelde.png

Multimodel wind: Maastricht...
  ECMWF ENS...
    51 leden × 384 stappen
  ICON-EPS...
    40 leden × 168 stappen
  GFS ENS...
    31 leden × 384 stappen
  Opgeslagen: kaart_pluim_multi_wind_maastricht.png

Klaar!
[main 3f73e47e] Kaarten update 2026-03-25 21:36
 348 files changed, 2530 insertions(+), 9 deletions(-)
 create mode 100644 kaart_be_dauwpunt_woensdag_01apr2026.png
 delete mode 100644 kaart_be_dauwpunt_woensdag_25mar2026.png
 create mode 100644 kaart_be_mist_woensdag_01apr2026.png
 delete mode 100644 kaart_be_mist_woensdag_25mar2026.png
 create mode 100644 kaart_dauwpunt_woensdag_01apr2026.png
 create mode 100644 kaart_mist_woensdag_01apr2026.png
 delete mode 100644 kaart_synop_20260325_1351.png
 delete mode 100644 kaart_synop_20260325_1402.png
 delete mode 100644 kaart_synop_20260325_1413.png
 delete mode 100644 kaart_synop_20260325_1424.png
 delete mode 100644 kaart_synop_20260325_1435.png
 delete mode 100644 kaart_synop_20260325_1447.png
 delete mode 100644 kaart_synop_20260325_1458.png
 delete mode 100644 kaart_synop_20260325_1509.png
 delete mode 100644 kaart_synop_20260325_1521.png
 delete mode 100644 kaart_synop_20260325_1532.png
 delete mode 100644 kaart_synop_20260325_1544.png
 delete mode 100644 kaart_synop_20260325_1555.png
 delete mode 100644 kaart_synop_20260325_1618.png
 delete mode 100644 kaart_synop_20260325_1629.png
 delete mode 100644 kaart_synop_20260325_1651.png
 delete mode 100644 kaart_synop_20260325_1703.png
 delete mode 100644 kaart_synop_20260325_1714.png
 delete mode 100644 kaart_synop_20260325_1725.png
 delete mode 100644 kaart_synop_20260325_1737.png
 delete mode 100644 kaart_synop_20260325_1748.png
 delete mode 100644 kaart_synop_20260325_1759.png
 delete mode 100644 kaart_synop_20260325_1810.png
 delete mode 100644 kaart_synop_20260325_1822.png
 delete mode 100644 kaart_synop_20260325_1833.png
 delete mode 100644 kaart_synop_20260325_1844.png
 delete mode 100644 kaart_synop_20260325_1855.png
 delete mode 100644 kaart_synop_20260325_1907.png
 delete mode 100644 kaart_synop_20260325_1918.png
 delete mode 100644 kaart_synop_20260325_1930.png
 delete mode 100644 kaart_synop_20260325_1941.png
 create mode 100644 kaart_t5cm_woensdag_01apr2026.png
=== Ed Aldus WM — upload Thu Mar 26 03:30:05 CET 2026 ===
Waarschuwingen opgeslagen: GREEN (26 Mar 2026 03:30)
=== KNMI Guidance === 2026-03-26 03:30
  Ophalen: kort...
  Klaar: 4081 tekens
  Ophalen: lang...
  Klaar: 2784 tekens
Opgeslagen: guidance.json
Basiskaart aanmaken...
kaart_basis_nl.png aangemaakt
MOSMIX ophalen (temperatuur Nederland TX/TN)...
  Eelde (06280)...
  Terschelling (06250)...
  Vlieland (06242)...
  Leeuwarden (06270)...
  Den Helder (06235)...
  Amsterdam (06240)...
  De Bilt (06260)...
  Deelen (06275)...
  Hoogeveen (06279)...
  Enschede (06290)...
  Vlissingen (06310)...
  Hoek van Holland (06330)...
  Rotterdam Airport (06344)...
  Gilze Rijen (06350)...
  Eindhoven (06370)...
  Maastricht (06380)...
  Gent (06431)...
  Antwerpen (06450)...
  Kleve (K1176)...
  Brussel (06451)...
  Kleine Brogel (06479)...
  Dollart (E207)...
  Wielen (P0122)...
  Weeze (10405)...
  Valkenburg (06210)...
  Volkel (06375)...
  Bocholt (10406)...
  Nettetal (H512)...
  IJsselmeer (E5305)...
  Borkum (K1083)...
  Geilenkirchen (10500)...
Data voor 7 dagen
Kaart: kaart_temp_donderdag_26mar2026.png
Kaart: kaart_temp_vrijdag_27mar2026.png
Kaart: kaart_temp_zaterdag_28mar2026.png
Kaart: kaart_temp_zondag_29mar2026.png
Kaart: kaart_temp_maandag_30mar2026.png
Kaart: kaart_temp_dinsdag_31mar2026.png
Kaart: kaart_temp_woensdag_01apr2026.png
  Verwijderd: kaart_temp_woensdag_25mar2026.png
  Verwijderd: kaart_temp_dag_woensdag_25mar2026.png
  Verwijderd: kaart_temp_dag_donderdag_26mar2026.png
  Verwijderd: kaart_temp_dag_vrijdag_27mar2026.png
  Verwijderd: kaart_temp_dag_zaterdag_28mar2026.png
  Verwijderd: kaart_temp_dag_zondag_29mar2026.png
  Verwijderd: kaart_temp_dag_maandag_30mar2026.png
  Verwijderd: kaart_temp_dag_dinsdag_31mar2026.png
  Verwijderd: kaart_temp_nacht_woensdag_25mar2026.png
  Verwijderd: kaart_temp_nacht_donderdag_26mar2026.png
  Verwijderd: kaart_temp_nacht_vrijdag_27mar2026.png
  Verwijderd: kaart_temp_nacht_zaterdag_28mar2026.png
  Verwijderd: kaart_temp_nacht_zondag_29mar2026.png
  Verwijderd: kaart_temp_nacht_maandag_30mar2026.png
  Verwijderd: kaart_temp_nacht_dinsdag_31mar2026.png
MOSMIX ophalen (max temp dag 06-18u)...
Ophalen: Eelde (06280)...
Ophalen: Terschelling (06250)...
Ophalen: Vlieland (06242)...
Ophalen: Leeuwarden (06270)...
Ophalen: Den Helder (06235)...
Ophalen: Amsterdam (06240)...
Ophalen: De Bilt (06260)...
Ophalen: Deelen (06275)...
Ophalen: Hoogeveen (06279)...
Ophalen: Enschede (06290)...
Ophalen: Vlissingen (06310)...
Ophalen: Hoek van Holland (06330)...
Ophalen: Rotterdam Airport (06344)...
Ophalen: Gilze Rijen (06350)...
Ophalen: Eindhoven (06370)...
Ophalen: Maastricht (06380)...
Ophalen: Gent (06431)...
Ophalen: Antwerpen (06450)...
Ophalen: Kleve (K1176)...
Ophalen: Brussel (06451)...
Ophalen: Kleine Brogel (06479)...
Ophalen: Dollart (E207)...
Ophalen: Wielen (P0122)...
Ophalen: Weeze (10405)...
Ophalen: Valkenburg (06210)...
Ophalen: Volkel (06375)...
Ophalen: Bocholt (10406)...
Ophalen: Nettetal (H512)...
Ophalen: IJsselmeer (E5305)...
Ophalen: Borkum (K1083)...
Ophalen: Geilenkirchen (10500)...
Data voor 7 dagen
Kaart: kaart_temp_dag_donderdag_26mar2026.png
Kaart: kaart_temp_dag_vrijdag_27mar2026.png
Kaart: kaart_temp_dag_zaterdag_28mar2026.png
Kaart: kaart_temp_dag_zondag_29mar2026.png
Kaart: kaart_temp_dag_maandag_30mar2026.png
Kaart: kaart_temp_dag_dinsdag_31mar2026.png
Kaart: kaart_temp_dag_woensdag_01apr2026.png
MOSMIX ophalen (min temp nacht 18-06u)...
Ophalen: Eelde (06280)...
Ophalen: Terschelling (06250)...
Ophalen: Vlieland (06242)...
Ophalen: Leeuwarden (06270)...
Ophalen: Den Helder (06235)...
Ophalen: Amsterdam (06240)...
Ophalen: De Bilt (06260)...
Ophalen: Deelen (06275)...
Ophalen: Hoogeveen (06279)...
Ophalen: Enschede (06290)...
Ophalen: Vlissingen (06310)...
Ophalen: Hoek van Holland (06330)...
Ophalen: Rotterdam Airport (06344)...
Ophalen: Gilze Rijen (06350)...
Ophalen: Eindhoven (06370)...
Ophalen: Maastricht (06380)...
Ophalen: Gent (06431)...
Ophalen: Antwerpen (06450)...
Ophalen: Kleve (K1176)...
Ophalen: Brussel (06451)...
Ophalen: Kleine Brogel (06479)...
Ophalen: Dollart (E207)...
Ophalen: Wielen (P0122)...
Ophalen: Weeze (10405)...
Ophalen: Valkenburg (06210)...
Ophalen: Volkel (06375)...
Ophalen: Bocholt (10406)...
Ophalen: Nettetal (H512)...
Ophalen: IJsselmeer (E5305)...
Ophalen: Borkum (K1083)...
Ophalen: Geilenkirchen (10500)...
Data voor 7 dagen
Kaart: kaart_temp_nacht_woensdag_25mar2026.png
Kaart: kaart_temp_nacht_donderdag_26mar2026.png
Kaart: kaart_temp_nacht_vrijdag_27mar2026.png
Kaart: kaart_temp_nacht_zaterdag_28mar2026.png
Kaart: kaart_temp_nacht_zondag_29mar2026.png
Kaart: kaart_temp_nacht_maandag_30mar2026.png
Kaart: kaart_temp_nacht_dinsdag_31mar2026.png
MOSMIX ophalen (zon/bewolking)...
Ophalen: Eelde (06280)...
Ophalen: Terschelling (06250)...
Ophalen: Vlieland (06242)...
Ophalen: Leeuwarden (06270)...
Ophalen: Den Helder (06235)...
Ophalen: Amsterdam (06240)...
Ophalen: De Bilt (06260)...
Ophalen: Deelen (06275)...
Ophalen: Hoogeveen (06279)...
Ophalen: Enschede (06290)...
Ophalen: Hoek van Holland (06330)...
Ophalen: Rotterdam Airport (06344)...
Ophalen: Gilze Rijen (06350)...
Ophalen: Eindhoven (06370)...
Ophalen: Maastricht (06380)...
Ophalen: Kleve (K1176)...
Ophalen: Kleine Brogel (06479)...
Ophalen: Dollart (E207)...
Ophalen: Wielen (P0122)...
Ophalen: Weeze (10405)...
Ophalen: Valkenburg (06210)...
Ophalen: Volkel (06375)...
Ophalen: Bocholt (10406)...
Ophalen: Nettetal (H512)...
Ophalen: IJsselmeer (E5305)...
Ophalen: Borkum (K1083)...
Ophalen: Geilenkirchen (10500)...
Data voor 7 dagen
Kaart: kaart_zon_woensdag_25mar2026.png
Kaart: kaart_zon_donderdag_26mar2026.png
Kaart: kaart_zon_vrijdag_27mar2026.png
Kaart: kaart_zon_zaterdag_28mar2026.png
Kaart: kaart_zon_zondag_29mar2026.png
Kaart: kaart_zon_maandag_30mar2026.png
Kaart: kaart_zon_dinsdag_31mar2026.png
MOSMIX ophalen (wind dag 06-18u)...
Ophalen: Eelde (06280)...
Ophalen: Terschelling (06250)...
Ophalen: Vlieland (06242)...
Ophalen: Leeuwarden (06270)...
Ophalen: Den Helder (06235)...
Ophalen: Amsterdam (06240)...
Ophalen: De Bilt (06260)...
Ophalen: Deelen (06275)...
Ophalen: Hoogeveen (06279)...
Ophalen: Enschede (06290)...
Ophalen: Vlissingen (06310)...
Ophalen: Hoek van Holland (06330)...
Ophalen: Rotterdam Airport (06344)...
Ophalen: Gilze Rijen (06350)...
Ophalen: Eindhoven (06370)...
Ophalen: Maastricht (06380)...
Ophalen: Gent (06431)...
Ophalen: Antwerpen (06450)...
Ophalen: Kleve (K1176)...
Ophalen: Brussel (06451)...
Ophalen: Kleine Brogel (06479)...
Ophalen: Dollart (E207)...
Ophalen: Wielen (P0122)...
Ophalen: Weeze (10405)...
Ophalen: Valkenburg (06210)...
Ophalen: Volkel (06375)...
Ophalen: Bocholt (10406)...
Ophalen: Nettetal (H512)...
Ophalen: IJsselmeer (E5305)...
Ophalen: Borkum (K1083)...
Ophalen: Geilenkirchen (10500)...
Data voor 7 dagen
Kaart: kaart_wind_donderdag_26mar2026.png
Kaart: kaart_wind_vrijdag_27mar2026.png
Kaart: kaart_wind_zaterdag_28mar2026.png
Kaart: kaart_wind_zondag_29mar2026.png
Kaart: kaart_wind_maandag_30mar2026.png
Kaart: kaart_wind_dinsdag_31mar2026.png
Kaart: kaart_wind_woensdag_01apr2026.png
  Verwijderd: kaart_wind_woensdag_25mar2026.png
MOSMIX ophalen (wind nacht 18-06u)...
Ophalen: Eelde (06280)...
Ophalen: Terschelling (06250)...
Ophalen: Vlieland (06242)...
Ophalen: Leeuwarden (06270)...
Ophalen: Den Helder (06235)...
Ophalen: Amsterdam (06240)...
Ophalen: De Bilt (06260)...
Ophalen: Deelen (06275)...
Ophalen: Hoogeveen (06279)...
Ophalen: Enschede (06290)...
Ophalen: Vlissingen (06310)...
Ophalen: Hoek van Holland (06330)...
Ophalen: Rotterdam Airport (06344)...
Ophalen: Gilze Rijen (06350)...
Ophalen: Eindhoven (06370)...
Ophalen: Maastricht (06380)...
Ophalen: Gent (06431)...
Ophalen: Antwerpen (06450)...
Ophalen: Kleve (K1176)...
Ophalen: Brussel (06451)...
Ophalen: Kleine Brogel (06479)...
Ophalen: Dollart (E207)...
Ophalen: Wielen (P0122)...
Ophalen: Weeze (10405)...
Ophalen: Valkenburg (06210)...
Ophalen: Volkel (06375)...
Ophalen: Bocholt (10406)...
Ophalen: Nettetal (H512)...
Ophalen: IJsselmeer (E5305)...
Ophalen: Borkum (K1083)...
Ophalen: Geilenkirchen (10500)...
Data voor 7 dagen
Kaart: kaart_wind_nacht_woensdag_25mar2026.png
Kaart: kaart_wind_nacht_donderdag_26mar2026.png
Kaart: kaart_wind_nacht_vrijdag_27mar2026.png
Kaart: kaart_wind_nacht_zaterdag_28mar2026.png
Kaart: kaart_wind_nacht_zondag_29mar2026.png
Kaart: kaart_wind_nacht_maandag_30mar2026.png
Kaart: kaart_wind_nacht_dinsdag_31mar2026.png
  Verwijderd: kaart_wind_nacht_dinsdag_31mar2026.png
  Verwijderd: kaart_wind_nacht_donderdag_26mar2026.png
MOSMIX ophalen (mist/zichtbaarheid)...
Ophalen: Eelde (06280)...
Ophalen: Terschelling (06250)...
Ophalen: Vlieland (06242)...
Ophalen: Leeuwarden (06270)...
Ophalen: Den Helder (06235)...
Ophalen: Amsterdam (06240)...
Ophalen: De Bilt (06260)...
Ophalen: Deelen (06275)...
Ophalen: Hoogeveen (06279)...
Ophalen: Enschede (06290)...
Ophalen: Vlissingen (06310)...
Ophalen: Hoek van Holland (06330)...
Ophalen: Rotterdam Airport (06344)...
Ophalen: Gilze Rijen (06350)...
Ophalen: Eindhoven (06370)...
Ophalen: Maastricht (06380)...
Ophalen: Gent (06431)...
Ophalen: Antwerpen (06450)...
Ophalen: Kleve (K1176)...
Ophalen: Brussel (06451)...
Ophalen: Kleine Brogel (06479)...
Ophalen: Dollart (E207)...
Ophalen: Wielen (P0122)...
Ophalen: Weeze (10405)...
Ophalen: Valkenburg (06210)...
Ophalen: Volkel (06375)...
Ophalen: Bocholt (10406)...
Ophalen: Nettetal (H512)...
Ophalen: IJsselmeer (E5305)...
Ophalen: Borkum (K1083)...
Ophalen: Geilenkirchen (10500)...
Data voor 7 dagen
Kaart: kaart_mist_donderdag_26mar2026.png
Kaart: kaart_mist_vrijdag_27mar2026.png
Kaart: kaart_mist_zaterdag_28mar2026.png
Kaart: kaart_mist_zondag_29mar2026.png
Kaart: kaart_mist_maandag_30mar2026.png
Kaart: kaart_mist_dinsdag_31mar2026.png
Kaart: kaart_mist_woensdag_01apr2026.png
MOSMIX ophalen (T5cm grastemperatuur)...
Ophalen: Eelde (06280)...
Ophalen: Terschelling (06250)...
Ophalen: Vlieland (06242)...
Ophalen: Leeuwarden (06270)...
Ophalen: Den Helder (06235)...
Ophalen: Amsterdam (06240)...
Ophalen: De Bilt (06260)...
Ophalen: Deelen (06275)...
Ophalen: Hoogeveen (06279)...
Ophalen: Enschede (06290)...
Ophalen: Vlissingen (06310)...
Ophalen: Hoek van Holland (06330)...
Ophalen: Rotterdam Airport (06344)...
Ophalen: Gilze Rijen (06350)...
Ophalen: Eindhoven (06370)...
Ophalen: Maastricht (06380)...
Ophalen: Gent (06431)...
Ophalen: Antwerpen (06450)...
Ophalen: Kleve (K1176)...
Ophalen: Brussel (06451)...
Ophalen: Kleine Brogel (06479)...
Ophalen: Dollart (E207)...
Ophalen: Wielen (P0122)...
Ophalen: Weeze (10405)...
Ophalen: Valkenburg (06210)...
Ophalen: Volkel (06375)...
Ophalen: Bocholt (10406)...
Ophalen: Nettetal (H512)...
Ophalen: IJsselmeer (E5305)...
Ophalen: Borkum (K1083)...
Ophalen: Geilenkirchen (10500)...
Data voor 7 dagen
Kaart: kaart_t5cm_donderdag_26mar2026.png
Kaart: kaart_t5cm_vrijdag_27mar2026.png
Kaart: kaart_t5cm_zaterdag_28mar2026.png
Kaart: kaart_t5cm_zondag_29mar2026.png
Kaart: kaart_t5cm_maandag_30mar2026.png
Kaart: kaart_t5cm_dinsdag_31mar2026.png
Kaart: kaart_t5cm_woensdag_01apr2026.png
MOSMIX ophalen (dauwpunt Td2)...
Ophalen: Eelde (06280)...
Ophalen: Terschelling (06250)...
Ophalen: Vlieland (06242)...
Ophalen: Leeuwarden (06270)...
Ophalen: Den Helder (06235)...
Ophalen: Amsterdam (06240)...
Ophalen: De Bilt (06260)...
Ophalen: Deelen (06275)...
Ophalen: Hoogeveen (06279)...
Ophalen: Enschede (06290)...
Ophalen: Vlissingen (06310)...
Ophalen: Hoek van Holland (06330)...
Ophalen: Rotterdam Airport (06344)...
Ophalen: Gilze Rijen (06350)...
Ophalen: Eindhoven (06370)...
Ophalen: Maastricht (06380)...
Ophalen: Gent (06431)...
Ophalen: Antwerpen (06450)...
Ophalen: Kleve (K1176)...
Ophalen: Brussel (06451)...
Ophalen: Kleine Brogel (06479)...
Ophalen: Dollart (E207)...
Ophalen: Wielen (P0122)...
Ophalen: Weeze (10405)...
Ophalen: Valkenburg (06210)...
Ophalen: Volkel (06375)...
Ophalen: Bocholt (10406)...
Ophalen: Nettetal (H512)...
Ophalen: IJsselmeer (E5305)...
Ophalen: Borkum (K1083)...
Ophalen: Geilenkirchen (10500)...
Data voor 7 dagen
Kaart: kaart_dauwpunt_donderdag_26mar2026.png
Kaart: kaart_dauwpunt_vrijdag_27mar2026.png
Kaart: kaart_dauwpunt_zaterdag_28mar2026.png
Kaart: kaart_dauwpunt_zondag_29mar2026.png
Kaart: kaart_dauwpunt_maandag_30mar2026.png
Kaart: kaart_dauwpunt_dinsdag_31mar2026.png
Kaart: kaart_dauwpunt_woensdag_01apr2026.png
MOSMIX ophalen (gevoelstemperatuur berekend via TTT+FF)...
Ophalen: Eelde (06280)...
Ophalen: Terschelling (06250)...
Ophalen: Vlieland (06242)...
Ophalen: Leeuwarden (06270)...
Ophalen: Den Helder (06235)...
Ophalen: Amsterdam (06240)...
Ophalen: De Bilt (06260)...
Ophalen: Deelen (06275)...
Ophalen: Hoogeveen (06279)...
Ophalen: Enschede (06290)...
Ophalen: Vlissingen (06310)...
Ophalen: Hoek van Holland (06330)...
Ophalen: Rotterdam Airport (06344)...
Ophalen: Gilze Rijen (06350)...
Ophalen: Eindhoven (06370)...
Ophalen: Maastricht (06380)...
Ophalen: Gent (06431)...
Ophalen: Antwerpen (06450)...
Ophalen: Kleve (K1176)...
Ophalen: Brussel (06451)...
Ophalen: Kleine Brogel (06479)...
Ophalen: Dollart (E207)...
Ophalen: Wielen (P0122)...
Ophalen: Weeze (10405)...
Ophalen: Valkenburg (06210)...
Ophalen: Volkel (06375)...
Ophalen: Bocholt (10406)...
Ophalen: Nettetal (H512)...
Ophalen: IJsselmeer (E5305)...
Ophalen: Borkum (K1083)...
Ophalen: Geilenkirchen (10500)...
Data voor 7 dagen
Kaart: kaart_gevoels_woensdag_25mar2026.png
Kaart: kaart_gevoels_donderdag_26mar2026.png
Kaart: kaart_gevoels_vrijdag_27mar2026.png
Kaart: kaart_gevoels_zaterdag_28mar2026.png
Kaart: kaart_gevoels_zondag_29mar2026.png
Kaart: kaart_gevoels_maandag_30mar2026.png
Kaart: kaart_gevoels_dinsdag_31mar2026.png
MOSMIX ophalen (neerslag)...
Ophalen: Eelde (06280)...
Ophalen: Terschelling (06250)...
Ophalen: Vlieland (06242)...
Ophalen: Leeuwarden (06270)...
Ophalen: Den Helder (06235)...
Ophalen: Amsterdam (06240)...
Ophalen: De Bilt (06260)...
Ophalen: Deelen (06275)...
Ophalen: Hoogeveen (06279)...
Ophalen: Enschede (06290)...
Ophalen: Vlissingen (06310)...
Ophalen: Hoek van Holland (06330)...
Ophalen: Rotterdam Airport (06344)...
Ophalen: Gilze Rijen (06350)...
Ophalen: Eindhoven (06370)...
Ophalen: Maastricht (06380)...
Ophalen: Gent (06431)...
Ophalen: Antwerpen (06450)...
Ophalen: Kleve (K1176)...
Ophalen: Brussel (06451)...
Ophalen: Kleine Brogel (06479)...
Ophalen: Dollart (E207)...
Ophalen: Wielen (P0122)...
Ophalen: Weeze (10405)...
Ophalen: Valkenburg (06210)...
Ophalen: Volkel (06375)...
Ophalen: Bocholt (10406)...
Ophalen: Nettetal (H512)...
Ophalen: IJsselmeer (E5305)...
Ophalen: Borkum (K1083)...
Ophalen: Geilenkirchen (10500)...
Data voor 7 dagen
Kaart: kaart_regen_woensdag_25mar2026.png
Kaart: kaart_regen_donderdag_26mar2026.png
Kaart: kaart_regen_vrijdag_27mar2026.png
Kaart: kaart_regen_zaterdag_28mar2026.png
Kaart: kaart_regen_zondag_29mar2026.png
Kaart: kaart_regen_maandag_30mar2026.png
Kaart: kaart_regen_dinsdag_31mar2026.png
MOSMIX ophalen (onweer: wwT, wwTd, CAPE, CIN)...
Ophalen: Eelde (06280)...
Ophalen: Terschelling (06250)...
Ophalen: Vlieland (06242)...
Ophalen: Leeuwarden (06270)...
Ophalen: Den Helder (06235)...
Ophalen: Amsterdam (06240)...
Ophalen: De Bilt (06260)...
Ophalen: Deelen (06275)...
Ophalen: Hoogeveen (06279)...
Ophalen: Enschede (06290)...
Ophalen: Vlissingen (06310)...
Ophalen: Hoek van Holland (06330)...
Ophalen: Rotterdam Airport (06344)...
Ophalen: Gilze Rijen (06350)...
Ophalen: Eindhoven (06370)...
Ophalen: Maastricht (06380)...
Ophalen: Gent (06431)...
Ophalen: Antwerpen (06450)...
Ophalen: Kleve (K1176)...
Ophalen: Brussel (06451)...
Ophalen: Kleine Brogel (06479)...
Ophalen: Dollart (E207)...
Ophalen: Wielen (P0122)...
Ophalen: Weeze (10405)...
Ophalen: Valkenburg (06210)...
Ophalen: Volkel (06375)...
Ophalen: Bocholt (10406)...
Ophalen: Nettetal (H512)...
Ophalen: IJsselmeer (E5305)...
Ophalen: Borkum (K1083)...
Ophalen: Geilenkirchen (10500)...
Data voor 7 dagen
Kaart: kaart_onweer_woensdag_25mar2026.png
Kaart: kaart_onweer_donderdag_26mar2026.png
Kaart: kaart_onweer_vrijdag_27mar2026.png
Kaart: kaart_onweer_zaterdag_28mar2026.png
Kaart: kaart_onweer_zondag_29mar2026.png
Kaart: kaart_onweer_maandag_30mar2026.png
Kaart: kaart_onweer_dinsdag_31mar2026.png

Bewolkingskaart voor Vr 27 mrt...
  Eelde...
  Terschelling...
  Vlieland...
  Leeuwarden...
  Den Helder...
  Amsterdam...
  De Bilt...
  Deelen...
  Hoogeveen...
  Enschede...
  Vlissingen...
  Hoek van Holland...
  Rotterdam Airport...
  Gilze Rijen...
  Eindhoven...
  Maastricht...
  Gent...
  Antwerpen...
  Kleve...
  Brussel...
  Kleine Brogel...
  Dollart...
  Wielen...
  Weeze...
  Valkenburg...
  Volkel...
  Bocholt...
  Nettetal...
  IJsselmeer...
  Borkum...
  Geilenkirchen...
  Data voor 31 stations
Kaart opgeslagen: kaart_bewolking_2026-03-27.png

Bewolkingskaart voor Za 28 mrt...
  Eelde...
  Terschelling...
  Vlieland...
  Leeuwarden...
  Den Helder...
  Amsterdam...
  De Bilt...
  Deelen...
  Hoogeveen...
  Enschede...
  Vlissingen...
  Hoek van Holland...
  Rotterdam Airport...
  Gilze Rijen...
  Eindhoven...
  Maastricht...
  Gent...
  Antwerpen...
  Kleve...
  Brussel...
  Kleine Brogel...
  Dollart...
  Wielen...
  Weeze...
  Valkenburg...
  Volkel...
  Bocholt...
  Nettetal...
  IJsselmeer...
  Borkum...
  Geilenkirchen...
  Data voor 31 stations
Kaart opgeslagen: kaart_bewolking_2026-03-28.png

Bewolkingskaart voor Zo 29 mrt...
  Eelde...
  Terschelling...
  Vlieland...
  Leeuwarden...
  Den Helder...
  Amsterdam...
  De Bilt...
  Deelen...
  Hoogeveen...
  Enschede...
  Vlissingen...
  Hoek van Holland...
  Rotterdam Airport...
  Gilze Rijen...
  Eindhoven...
  Maastricht...
  Gent...
  Antwerpen...
  Kleve...
  Brussel...
  Kleine Brogel...
  Dollart...
  Wielen...
  Weeze...
  Valkenburg...
  Volkel...
  Bocholt...
  Nettetal...
  IJsselmeer...
  Borkum...
  Geilenkirchen...
  Data voor 31 stations
Kaart opgeslagen: kaart_bewolking_2026-03-29.png

Bewolkingskaart voor Ma 30 mrt...
  Eelde...
  Terschelling...
  Vlieland...
  Leeuwarden...
  Den Helder...
  Amsterdam...
  De Bilt...
  Deelen...
  Hoogeveen...
  Enschede...
  Vlissingen...
  Hoek van Holland...
  Rotterdam Airport...
  Gilze Rijen...
  Eindhoven...
  Maastricht...
  Gent...
  Antwerpen...
  Kleve...
  Brussel...
  Kleine Brogel...
  Dollart...
  Wielen...
  Weeze...
  Valkenburg...
  Volkel...
  Bocholt...
  Nettetal...
  IJsselmeer...
  Borkum...
  Geilenkirchen...
  Data voor 31 stations
Kaart opgeslagen: kaart_bewolking_2026-03-30.png

Bewolkingskaart voor Di 31 mrt...
  Eelde...
  Terschelling...
  Vlieland...
  Leeuwarden...
  Den Helder...
  Amsterdam...
  De Bilt...
  Deelen...
  Hoogeveen...
  Enschede...
  Vlissingen...
  Hoek van Holland...
  Rotterdam Airport...
  Gilze Rijen...
  Eindhoven...
  Maastricht...
  Gent...
  Antwerpen...
  Kleve...
  Brussel...
  Kleine Brogel...
  Dollart...
  Wielen...
  Weeze...
  Valkenburg...
  Volkel...
  Bocholt...
  Nettetal...
  IJsselmeer...
  Borkum...
  Geilenkirchen...
  Data voor 31 stations
Kaart opgeslagen: kaart_bewolking_2026-03-31.png

Bewolkingskaart voor Wo 1 apr...
  Eelde...
  Terschelling...
  Vlieland...
  Leeuwarden...
  Den Helder...
  Amsterdam...
  De Bilt...
  Deelen...
  Hoogeveen...
  Enschede...
  Vlissingen...
  Hoek van Holland...
  Rotterdam Airport...
  Gilze Rijen...
  Eindhoven...
  Maastricht...
  Gent...
  Antwerpen...
  Kleve...
  Brussel...
  Kleine Brogel...
  Dollart...
  Wielen...
  Weeze...
  Valkenburg...
  Volkel...
  Bocholt...
  Nettetal...
  IJsselmeer...
  Borkum...
  Geilenkirchen...
  Data voor 31 stations
Kaart opgeslagen: kaart_bewolking_2026-04-01.png

Bewolkingskaart voor Do 2 apr...
  Eelde...
  Terschelling...
  Vlieland...
  Leeuwarden...
  Den Helder...
  Amsterdam...
  De Bilt...
  Deelen...
  Hoogeveen...
  Enschede...
  Vlissingen...
  Hoek van Holland...
  Rotterdam Airport...
  Gilze Rijen...
  Eindhoven...
  Maastricht...
  Gent...
  Antwerpen...
  Kleve...
  Brussel...
  Kleine Brogel...
  Dollart...
  Wielen...
  Weeze...
  Valkenburg...
  Volkel...
  Bocholt...
  Nettetal...
  IJsselmeer...
  Borkum...
  Geilenkirchen...
  Data voor 31 stations
Kaart opgeslagen: kaart_bewolking_2026-04-02.png

Bewolkingskaart voor Vr 3 apr...
  Eelde...
  Terschelling...
  Vlieland...
  Leeuwarden...
  Den Helder...
  Amsterdam...
  De Bilt...
  Deelen...
  Hoogeveen...
  Enschede...
  Vlissingen...
  Hoek van Holland...
  Rotterdam Airport...
  Gilze Rijen...
  Eindhoven...
  Maastricht...
  Gent...
  Antwerpen...
  Kleve...
  Brussel...
  Kleine Brogel...
  Dollart...
  Wielen...
  Weeze...
  Valkenburg...
  Volkel...
  Bocholt...
  Nettetal...
  IJsselmeer...
  Borkum...
  Geilenkirchen...
  Data voor 31 stations
Kaart opgeslagen: kaart_bewolking_2026-04-03.png

Bewolkingskaart voor Za 4 apr...
  Eelde...
  Terschelling...
  Vlieland...
  Leeuwarden...
  Den Helder...
  Amsterdam...
  De Bilt...
  Deelen...
  Hoogeveen...
  Enschede...
  Vlissingen...
  Hoek van Holland...
  Rotterdam Airport...
  Gilze Rijen...
  Eindhoven...
  Maastricht...
  Gent...
  Antwerpen...
  Kleve...
  Brussel...
  Kleine Brogel...
  Dollart...
  Wielen...
  Weeze...
  Valkenburg...
  Volkel...
  Bocholt...
  Nettetal...
  IJsselmeer...
  Borkum...
  Geilenkirchen...
  Data voor 31 stations
Kaart opgeslagen: kaart_bewolking_2026-04-04.png

Bewolkingskaart voor Zo 5 apr...
  Eelde...
  Terschelling...
  Vlieland...
  Leeuwarden...
  Den Helder...
  Amsterdam...
  De Bilt...
  Deelen...
  Hoogeveen...
  Enschede...
  Vlissingen...
  Hoek van Holland...
  Rotterdam Airport...
  Gilze Rijen...
  Eindhoven...
  Maastricht...
  Gent...
  Antwerpen...
  Kleve...
  Brussel...
  Kleine Brogel...
  Dollart...
  Wielen...
  Weeze...
  Valkenburg...
  Volkel...
  Bocholt...
  Nettetal...
  IJsselmeer...
  Borkum...
  Geilenkirchen...
  Data voor 31 stations
Kaart opgeslagen: kaart_bewolking_2026-04-05.png
MOSMIX ophalen (kans op sneeuw Nederland)...
Ophalen: Eelde (06280)...
Ophalen: Terschelling (06250)...
Ophalen: Vlieland (06242)...
Ophalen: Leeuwarden (06270)...
Ophalen: Den Helder (06235)...
Ophalen: Amsterdam (06240)...
Ophalen: De Bilt (06260)...
Ophalen: Deelen (06275)...
Ophalen: Hoogeveen (06279)...
Ophalen: Enschede (06290)...
Ophalen: Vlissingen (06310)...
Ophalen: Hoek van Holland (06330)...
Ophalen: Rotterdam Airport (06344)...
Ophalen: Gilze Rijen (06350)...
Ophalen: Eindhoven (06370)...
Ophalen: Maastricht (06380)...
Ophalen: Gent (06431)...
Ophalen: Antwerpen (06450)...
Ophalen: Kleve (K1176)...
Ophalen: Brussel (06451)...
Ophalen: Kleine Brogel (06479)...
Ophalen: Dollart (E207)...
Ophalen: Wielen (P0122)...
Ophalen: Weeze (10405)...
Ophalen: Valkenburg (06210)...
Ophalen: Volkel (06375)...
Ophalen: Bocholt (10406)...
Ophalen: Nettetal (H512)...
Ophalen: IJsselmeer (E5305)...
Ophalen: Borkum (K1083)...
Ophalen: Geilenkirchen (10500)...
Data voor 7 dagen
Kaart: kaart_sneeuw_donderdag_26mar2026.png
Kaart: kaart_sneeuw_vrijdag_27mar2026.png
Kaart: kaart_sneeuw_zaterdag_28mar2026.png
Kaart: kaart_sneeuw_zondag_29mar2026.png
Kaart: kaart_sneeuw_maandag_30mar2026.png
Kaart: kaart_sneeuw_dinsdag_31mar2026.png
Kaart: kaart_sneeuw_woensdag_01apr2026.png
  Verwijderd: kaart_sneeuw_woensdag_25mar2026.png
MOSMIX ophalen (hagelkans Nederland)...
Ophalen: Eelde (06280)...
Ophalen: Terschelling (06250)...
Ophalen: Vlieland (06242)...
Ophalen: Leeuwarden (06270)...
Ophalen: Den Helder (06235)...
Ophalen: Amsterdam (06240)...
Ophalen: De Bilt (06260)...
Ophalen: Deelen (06275)...
Ophalen: Hoogeveen (06279)...
Ophalen: Enschede (06290)...
Ophalen: Vlissingen (06310)...
Ophalen: Hoek van Holland (06330)...
Ophalen: Rotterdam Airport (06344)...
Ophalen: Gilze Rijen (06350)...
Ophalen: Eindhoven (06370)...
Ophalen: Maastricht (06380)...
Ophalen: Gent (06431)...
Ophalen: Antwerpen (06450)...
Ophalen: Kleve (K1176)...
Ophalen: Brussel (06451)...
Ophalen: Kleine Brogel (06479)...
Ophalen: Dollart (E207)...
Ophalen: Wielen (P0122)...
Ophalen: Weeze (10405)...
Ophalen: Valkenburg (06210)...
Ophalen: Volkel (06375)...
Ophalen: Bocholt (10406)...
Ophalen: Nettetal (H512)...
Ophalen: IJsselmeer (E5305)...
Ophalen: Borkum (K1083)...
Ophalen: Geilenkirchen (10500)...
Data voor 7 dagen
Kaart: kaart_hagel_donderdag_26mar2026.png
Kaart: kaart_hagel_vrijdag_27mar2026.png
Kaart: kaart_hagel_zaterdag_28mar2026.png
Kaart: kaart_hagel_zondag_29mar2026.png
Kaart: kaart_hagel_maandag_30mar2026.png
Kaart: kaart_hagel_dinsdag_31mar2026.png
Kaart: kaart_hagel_woensdag_01apr2026.png
  Verwijderd: kaart_hagel_woensdag_25mar2026.png
MOSMIX ophalen (temperatuur België)...
  Brussel (06451)...
  Gent (06431)...
  Antwerpen (06450)...
  Kleine Brogel (06479)...
  Oostende (06407)...
  Charleroi (06449)...
  Bierset (06478)...
  Spa (06490)...
  St-Hubert (06476)...
  Florennes (06456)...
  Lille (07015)...
  Heinerschied (F9600)...
  Beauvechain (06458)...
  Monschau (H908)...
  Brugge (P0155)...
  Charleville (07075)...
  Cambrai (07017)...
  Calais (P0437)...
  Saint-Quentin (07061)...
Data voor 7 dagen
Kaart: kaart_be_temp_donderdag_26mar2026.png
Kaart: kaart_be_temp_vrijdag_27mar2026.png
Kaart: kaart_be_temp_zaterdag_28mar2026.png
Kaart: kaart_be_temp_zondag_29mar2026.png
Kaart: kaart_be_temp_maandag_30mar2026.png
Kaart: kaart_be_temp_dinsdag_31mar2026.png
Kaart: kaart_be_temp_woensdag_01apr2026.png
  Verwijderd: kaart_be_temp_woensdag_25mar2026.png
MOSMIX ophalen (max temp dag 06-18u België)...
  Brussel (06451)...
  Gent (06431)...
  Antwerpen (06450)...
  Kleine Brogel (06479)...
  Oostende (06407)...
  Charleroi (06449)...
  Bierset (06478)...
  Spa (06490)...
  St-Hubert (06476)...
  Florennes (06456)...
  Lille (07015)...
  Heinerschied (F9600)...
  Beauvechain (06458)...
  Monschau (H908)...
  Brugge (P0155)...
  Charleville (07075)...
  Cambrai (07017)...
  Calais (P0437)...
  Saint-Quentin (07061)...
Data voor 7 dagen
Kaart: kaart_be_temp_dag_donderdag_26mar2026.png
Kaart: kaart_be_temp_dag_vrijdag_27mar2026.png
Kaart: kaart_be_temp_dag_zaterdag_28mar2026.png
Kaart: kaart_be_temp_dag_zondag_29mar2026.png
Kaart: kaart_be_temp_dag_maandag_30mar2026.png
Kaart: kaart_be_temp_dag_dinsdag_31mar2026.png
Kaart: kaart_be_temp_dag_woensdag_01apr2026.png
  Verwijderd: kaart_be_temp_dag_woensdag_25mar2026.png
MOSMIX ophalen (min temp nacht 18-06u België)...
  Brussel (06451)...
  Gent (06431)...
  Antwerpen (06450)...
  Kleine Brogel (06479)...
  Oostende (06407)...
  Charleroi (06449)...
  Bierset (06478)...
  Spa (06490)...
  St-Hubert (06476)...
  Florennes (06456)...
  Lille (07015)...
  Heinerschied (F9600)...
  Beauvechain (06458)...
  Monschau (H908)...
  Brugge (P0155)...
  Charleville (07075)...
  Cambrai (07017)...
  Calais (P0437)...
  Saint-Quentin (07061)...
Data voor 7 dagen
Kaart: kaart_be_temp_nacht_donderdag_26mar2026.png
Kaart: kaart_be_temp_nacht_vrijdag_27mar2026.png
Kaart: kaart_be_temp_nacht_zaterdag_28mar2026.png
Kaart: kaart_be_temp_nacht_zondag_29mar2026.png
Kaart: kaart_be_temp_nacht_maandag_30mar2026.png
Kaart: kaart_be_temp_nacht_dinsdag_31mar2026.png
Kaart: kaart_be_temp_nacht_woensdag_01apr2026.png
  Verwijderd: kaart_be_temp_nacht_woensdag_25mar2026.png
MOSMIX ophalen (wind dag 06-18u België)...
  Brussel (06451)...
  Gent (06431)...
  Antwerpen (06450)...
  Kleine Brogel (06479)...
  Oostende (06407)...
  Charleroi (06449)...
  Bierset (06478)...
  Spa (06490)...
  St-Hubert (06476)...
  Florennes (06456)...
  Lille (07015)...
  Heinerschied (F9600)...
  Beauvechain (06458)...
  Monschau (H908)...
  Brugge (P0155)...
  Charleville (07075)...
  Cambrai (07017)...
  Calais (P0437)...
  Saint-Quentin (07061)...
Data voor 7 dagen
Kaart: kaart_be_wind_donderdag_26mar2026.png
Kaart: kaart_be_wind_vrijdag_27mar2026.png
Kaart: kaart_be_wind_zaterdag_28mar2026.png
Kaart: kaart_be_wind_zondag_29mar2026.png
Kaart: kaart_be_wind_maandag_30mar2026.png
Kaart: kaart_be_wind_dinsdag_31mar2026.png
Kaart: kaart_be_wind_woensdag_01apr2026.png
  Verwijderd: kaart_be_wind_woensdag_25mar2026.png
MOSMIX ophalen (wind nacht 18-06u België)...
  Brussel (06451)...
  Gent (06431)...
  Antwerpen (06450)...
  Kleine Brogel (06479)...
  Oostende (06407)...
  Charleroi (06449)...
  Bierset (06478)...
  Spa (06490)...
  St-Hubert (06476)...
  Florennes (06456)...
  Lille (07015)...
  Heinerschied (F9600)...
  Beauvechain (06458)...
  Monschau (H908)...
  Brugge (P0155)...
  Charleville (07075)...
  Cambrai (07017)...
  Calais (P0437)...
  Saint-Quentin (07061)...
Data voor 7 dagen
Kaart: kaart_be_wind_nacht_donderdag_26mar2026.png
Kaart: kaart_be_wind_nacht_vrijdag_27mar2026.png
Kaart: kaart_be_wind_nacht_zaterdag_28mar2026.png
Kaart: kaart_be_wind_nacht_zondag_29mar2026.png
Kaart: kaart_be_wind_nacht_maandag_30mar2026.png
Kaart: kaart_be_wind_nacht_dinsdag_31mar2026.png
Kaart: kaart_be_wind_nacht_woensdag_01apr2026.png
  Verwijderd: kaart_be_wind_nacht_woensdag_25mar2026.png
MOSMIX ophalen (zon België)...
  Brussel...
  Gent...
  Antwerpen...
  Kleine Brogel...
  Oostende...
  Charleroi...
  Bierset...
  Spa...
  St-Hubert...
  Florennes...
  Lille...
  Heinerschied...
  Beauvechain...
  Monschau...
  Brugge...
  Charleville...
  Cambrai...
  Calais...
  Saint-Quentin...
Kaart: kaart_be_zon_donderdag_26mar2026.png
Kaart: kaart_be_zon_vrijdag_27mar2026.png
Kaart: kaart_be_zon_zaterdag_28mar2026.png
Kaart: kaart_be_zon_zondag_29mar2026.png
Kaart: kaart_be_zon_maandag_30mar2026.png
Kaart: kaart_be_zon_dinsdag_31mar2026.png
Kaart: kaart_be_zon_woensdag_01apr2026.png
  Verwijderd: kaart_be_zon_woensdag_25mar2026.png
MOSMIX ophalen (neerslag België)...
  Brussel...
  Gent...
  Antwerpen...
  Kleine Brogel...
  Oostende...
  Charleroi...
  Bierset...
  Spa...
  St-Hubert...
  Florennes...
  Lille...
  Heinerschied...
  Beauvechain...
  Monschau...
  Brugge...
  Charleville...
  Cambrai...
  Calais...
  Saint-Quentin...
Kaart: kaart_be_regen_donderdag_26mar2026.png
Kaart: kaart_be_regen_vrijdag_27mar2026.png
Kaart: kaart_be_regen_zaterdag_28mar2026.png
Kaart: kaart_be_regen_zondag_29mar2026.png
Kaart: kaart_be_regen_maandag_30mar2026.png
Kaart: kaart_be_regen_dinsdag_31mar2026.png
Kaart: kaart_be_regen_woensdag_01apr2026.png
  Verwijderd: kaart_be_regen_woensdag_25mar2026.png
MOSMIX ophalen (mist België)...
  Brussel...
  Gent...
  Antwerpen...
  Kleine Brogel...
  Oostende...
  Charleroi...
  Bierset...
  Spa...
  St-Hubert...
  Florennes...
  Lille...
  Heinerschied...
  Beauvechain...
  Monschau...
  Brugge...
  Charleville...
  Cambrai...
  Calais...
  Saint-Quentin...
Kaart: kaart_be_mist_donderdag_26mar2026.png
Kaart: kaart_be_mist_vrijdag_27mar2026.png
Kaart: kaart_be_mist_zaterdag_28mar2026.png
Kaart: kaart_be_mist_zondag_29mar2026.png
Kaart: kaart_be_mist_maandag_30mar2026.png
Kaart: kaart_be_mist_dinsdag_31mar2026.png
Kaart: kaart_be_mist_woensdag_01apr2026.png
MOSMIX ophalen (onweer België)...
  Brussel...
  Gent...
  Antwerpen...
  Kleine Brogel...
  Oostende...
  Charleroi...
  Bierset...
  Spa...
  St-Hubert...
  Florennes...
  Lille...
  Heinerschied...
  Beauvechain...
  Monschau...
  Brugge...
  Charleville...
  Cambrai...
  Calais...
  Saint-Quentin...
Kaart: kaart_be_onweer_donderdag_26mar2026.png
Kaart: kaart_be_onweer_vrijdag_27mar2026.png
Kaart: kaart_be_onweer_zaterdag_28mar2026.png
Kaart: kaart_be_onweer_zondag_29mar2026.png
Kaart: kaart_be_onweer_maandag_30mar2026.png
Kaart: kaart_be_onweer_dinsdag_31mar2026.png
Kaart: kaart_be_onweer_woensdag_01apr2026.png
  Verwijderd: kaart_be_onweer_woensdag_25mar2026.png

Bewolking België Vr 27 mrt...
  Brussel...
  Gent...
  Antwerpen...
  Kleine Brogel...
  Oostende...
  Charleroi...
  Bierset...
  Spa...
  St-Hubert...
  Florennes...
  Lille...
  Heinerschied...
  Beauvechain...
  Monschau...
  Brugge...
  Charleville...
  Cambrai...
  Calais...
  Saint-Quentin...
Kaart: kaart_be_bewolking_2026-03-27.png

Bewolking België Za 28 mrt...
  Brussel...
  Gent...
  Antwerpen...
  Kleine Brogel...
  Oostende...
  Charleroi...
  Bierset...
  Spa...
  St-Hubert...
  Florennes...
  Lille...
  Heinerschied...
  Beauvechain...
  Monschau...
  Brugge...
  Charleville...
  Cambrai...
  Calais...
  Saint-Quentin...
Kaart: kaart_be_bewolking_2026-03-28.png

Bewolking België Zo 29 mrt...
  Brussel...
  Gent...
  Antwerpen...
  Kleine Brogel...
  Oostende...
  Charleroi...
  Bierset...
  Spa...
  St-Hubert...
  Florennes...
  Lille...
  Heinerschied...
  Beauvechain...
  Monschau...
  Brugge...
  Charleville...
  Cambrai...
  Calais...
  Saint-Quentin...
Kaart: kaart_be_bewolking_2026-03-29.png

Bewolking België Ma 30 mrt...
  Brussel...
  Gent...
  Antwerpen...
  Kleine Brogel...
  Oostende...
  Charleroi...
  Bierset...
  Spa...
  St-Hubert...
  Florennes...
  Lille...
  Heinerschied...
  Beauvechain...
  Monschau...
  Brugge...
  Charleville...
  Cambrai...
  Calais...
  Saint-Quentin...
Kaart: kaart_be_bewolking_2026-03-30.png

Bewolking België Di 31 mrt...
  Brussel...
  Gent...
  Antwerpen...
  Kleine Brogel...
  Oostende...
  Charleroi...
  Bierset...
  Spa...
  St-Hubert...
  Florennes...
  Lille...
  Heinerschied...
  Beauvechain...
  Monschau...
  Brugge...
  Charleville...
  Cambrai...
  Calais...
  Saint-Quentin...
Kaart: kaart_be_bewolking_2026-03-31.png

Bewolking België Wo 1 apr...
  Brussel...
  Gent...
  Antwerpen...
  Kleine Brogel...
  Oostende...
  Charleroi...
  Bierset...
  Spa...
  St-Hubert...
  Florennes...
  Lille...
  Heinerschied...
  Beauvechain...
  Monschau...
  Brugge...
  Charleville...
  Cambrai...
  Calais...
  Saint-Quentin...
Kaart: kaart_be_bewolking_2026-04-01.png

Bewolking België Do 2 apr...
  Brussel...
  Gent...
  Antwerpen...
  Kleine Brogel...
  Oostende...
  Charleroi...
  Bierset...
  Spa...
  St-Hubert...
  Florennes...
  Lille...
  Heinerschied...
  Beauvechain...
  Monschau...
  Brugge...
  Charleville...
  Cambrai...
  Calais...
  Saint-Quentin...
Kaart: kaart_be_bewolking_2026-04-02.png

Bewolking België Vr 3 apr...
  Brussel...
  Gent...
  Antwerpen...
  Kleine Brogel...
  Oostende...
  Charleroi...
  Bierset...
  Spa...
  St-Hubert...
  Florennes...
  Lille...
  Heinerschied...
  Beauvechain...
  Monschau...
  Brugge...
  Charleville...
  Cambrai...
  Calais...
  Saint-Quentin...
Kaart: kaart_be_bewolking_2026-04-03.png

Bewolking België Za 4 apr...
  Brussel...
  Gent...
  Antwerpen...
  Kleine Brogel...
  Oostende...
  Charleroi...
  Bierset...
  Spa...
  St-Hubert...
  Florennes...
  Lille...
  Heinerschied...
  Beauvechain...
  Monschau...
  Brugge...
  Charleville...
  Cambrai...
  Calais...
  Saint-Quentin...
Kaart: kaart_be_bewolking_2026-04-04.png

Bewolking België Zo 5 apr...
  Brussel...
  Gent...
  Antwerpen...
  Kleine Brogel...
  Oostende...
  Charleroi...
  Bierset...
  Spa...
  St-Hubert...
  Florennes...
  Lille...
  Heinerschied...
  Beauvechain...
  Monschau...
  Brugge...
  Charleville...
  Cambrai...
  Calais...
  Saint-Quentin...
Kaart: kaart_be_bewolking_2026-04-05.png
  Verwijderd: kaart_be_bewolking_2026-03-26.png
MOSMIX ophalen (kans op sneeuw Belgie)...
  Brussel (06451)...
  Gent (06431)...
  Antwerpen (06450)...
  Kleine Brogel (06479)...
  Oostende (06407)...
  Charleroi (06449)...
  Bierset (06478)...
  Spa (06490)...
  St-Hubert (06476)...
  Florennes (06456)...
  Lille (07015)...
  Heinerschied (F9600)...
  Beauvechain (06458)...
  Monschau (H908)...
  Brugge (P0155)...
  Charleville (07075)...
  Cambrai (07017)...
  Calais (P0437)...
  Saint-Quentin (07061)...
Data voor 7 dagen
Kaart: kaart_be_sneeuw_donderdag_26mar2026.png
Kaart: kaart_be_sneeuw_vrijdag_27mar2026.png
Kaart: kaart_be_sneeuw_zaterdag_28mar2026.png
Kaart: kaart_be_sneeuw_zondag_29mar2026.png
Kaart: kaart_be_sneeuw_maandag_30mar2026.png
Kaart: kaart_be_sneeuw_dinsdag_31mar2026.png
Kaart: kaart_be_sneeuw_woensdag_01apr2026.png
  Verwijderd: kaart_be_sneeuw_woensdag_25mar2026.png
MOSMIX ophalen (hagelkans Belgie)...
  Brussel (06451)...
  Gent (06431)...
  Antwerpen (06450)...
  Kleine Brogel (06479)...
  Oostende (06407)...
  Charleroi (06449)...
  Bierset (06478)...
  Spa (06490)...
  St-Hubert (06476)...
  Florennes (06456)...
  Lille (07015)...
  Heinerschied (F9600)...
  Beauvechain (06458)...
  Monschau (H908)...
  Brugge (P0155)...
  Charleville (07075)...
  Cambrai (07017)...
  Calais (P0437)...
  Saint-Quentin (07061)...
Data voor 7 dagen
Kaart: kaart_be_hagel_donderdag_26mar2026.png
Kaart: kaart_be_hagel_vrijdag_27mar2026.png
Kaart: kaart_be_hagel_zaterdag_28mar2026.png
Kaart: kaart_be_hagel_zondag_29mar2026.png
Kaart: kaart_be_hagel_maandag_30mar2026.png
Kaart: kaart_be_hagel_dinsdag_31mar2026.png
Kaart: kaart_be_hagel_woensdag_01apr2026.png
  Verwijderd: kaart_be_hagel_woensdag_25mar2026.png
MOSMIX ophalen (gevoelstemperatuur België)...
  Brussel (06451)...
  Gent (06431)...
  Antwerpen (06450)...
  Kleine Brogel (06479)...
  Oostende (06407)...
  Charleroi (06449)...
  Bierset (06478)...
  Spa (06490)...
  St-Hubert (06476)...
  Florennes (06456)...
  Lille (07015)...
  Heinerschied (F9600)...
  Beauvechain (06458)...
  Monschau (H908)...
  Brugge (P0155)...
  Charleville (07075)...
  Cambrai (07017)...
  Calais (P0437)...
  Saint-Quentin (07061)...
Data voor 7 dagen
Kaart: kaart_be_gevoels_donderdag_26mar2026.png
Kaart: kaart_be_gevoels_vrijdag_27mar2026.png
Kaart: kaart_be_gevoels_zaterdag_28mar2026.png
Kaart: kaart_be_gevoels_zondag_29mar2026.png
Kaart: kaart_be_gevoels_maandag_30mar2026.png
Kaart: kaart_be_gevoels_dinsdag_31mar2026.png
Kaart: kaart_be_gevoels_woensdag_01apr2026.png
  Verwijderd: kaart_be_gevoels_woensdag_25mar2026.png
MOSMIX ophalen (dauwpunt Belgie)...
  Brussel (06451)...
  Gent (06431)...
  Antwerpen (06450)...
  Kleine Brogel (06479)...
  Oostende (06407)...
  Charleroi (06449)...
  Bierset (06478)...
  Spa (06490)...
  St-Hubert (06476)...
  Florennes (06456)...
  Lille (07015)...
  Heinerschied (F9600)...
  Beauvechain (06458)...
  Monschau (H908)...
  Brugge (P0155)...
  Charleville (07075)...
  Cambrai (07017)...
  Calais (P0437)...
  Saint-Quentin (07061)...
Data voor 7 dagen
Kaart: kaart_be_dauwpunt_donderdag_26mar2026.png
Kaart: kaart_be_dauwpunt_vrijdag_27mar2026.png
Kaart: kaart_be_dauwpunt_zaterdag_28mar2026.png
Kaart: kaart_be_dauwpunt_zondag_29mar2026.png
Kaart: kaart_be_dauwpunt_maandag_30mar2026.png
Kaart: kaart_be_dauwpunt_dinsdag_31mar2026.png
Kaart: kaart_be_dauwpunt_woensdag_01apr2026.png
MOSMIX ophalen (grondtemperatuur 5cm België)...
  Brussel (06451)...
  Gent (06431)...
  Antwerpen (06450)...
  Kleine Brogel (06479)...
  Oostende (06407)...
  Charleroi (06449)...
  Bierset (06478)...
  Spa (06490)...
  St-Hubert (06476)...
  Florennes (06456)...
  Lille (07015)...
  Heinerschied (F9600)...
  Beauvechain (06458)...
  Monschau (H908)...
  Brugge (P0155)...
  Charleville (07075)...
  Cambrai (07017)...
  Calais (P0437)...
  Saint-Quentin (07061)...
Data voor 7 dagen
Kaart: kaart_be_t5cm_donderdag_26mar2026.png
Kaart: kaart_be_t5cm_vrijdag_27mar2026.png
Kaart: kaart_be_t5cm_zaterdag_28mar2026.png
Kaart: kaart_be_t5cm_zondag_29mar2026.png
Kaart: kaart_be_t5cm_maandag_30mar2026.png
Kaart: kaart_be_t5cm_dinsdag_31mar2026.png
Kaart: kaart_be_t5cm_woensdag_01apr2026.png
  Verwijderd: kaart_be_t5cm_woensdag_25mar2026.png
MOSMIX ophalen: De Bilt (06260)...
  2026-03-25: TX=None TN=None RR=0.3
  2026-03-26: TX=7.6 TN=1.5 RR=2.7
  2026-03-27: TX=10.6 TN=-0.7 RR=1.3
  2026-03-28: TX=11.0 TN=6.5 RR=3.5
MOSMIX ophalen: Hoek van Holland (06330)...
  2026-03-25: TX=None TN=None RR=0.0
  2026-03-26: TX=7.0 TN=3.2 RR=0.0
  2026-03-27: TX=10.5 TN=3.0 RR=0.0
  2026-03-28: TX=10.0 TN=6.8 RR=0.0
MOSMIX ophalen: Rotterdam (06344)...
  2026-03-25: TX=None TN=None RR=0.3
  2026-03-26: TX=7.4 TN=2.5 RR=3.9
  2026-03-27: TX=10.2 TN=0.0 RR=2.3
  2026-03-28: TX=10.4 TN=5.9 RR=4.2
MOSMIX ophalen: Enschede (06290)...
  2026-03-25: TX=None TN=None RR=0.7
  2026-03-26: TX=7.7 TN=0.7 RR=2.2
  2026-03-27: TX=10.1 TN=-2.2 RR=0.0
  2026-03-28: TX=10.6 TN=5.4 RR=4.6
MOSMIX ophalen: Eelde (06280)...
  2026-03-25: TX=None TN=None RR=0.1
  2026-03-26: TX=7.7 TN=1.2 RR=3.8
  2026-03-27: TX=10.4 TN=-2.2 RR=1.1
  2026-03-28: TX=10.5 TN=4.9 RR=3.1
MOSMIX ophalen: Maastricht (06380)...
  2026-03-25: TX=None TN=None RR=0.3
  2026-03-26: TX=7.4 TN=1.1 RR=3.0
  2026-03-27: TX=10.5 TN=-1.7 RR=0.2
  2026-03-28: TX=9.7 TN=5.0 RR=5.6
MOSMIX ophalen: Terschelling (06250)...
  2026-03-25: TX=None TN=None RR=0.3
  2026-03-26: TX=7.1 TN=3.4 RR=1.1
  2026-03-27: TX=9.7 TN=2.5 RR=3.0
  2026-03-28: TX=9.7 TN=5.4 RR=2.0
MOSMIX ophalen: Vlissingen (06310)...
  2026-03-25: TX=None TN=None RR=0.3
  2026-03-26: TX=6.9 TN=3.9 RR=4.6
  2026-03-27: TX=9.6 TN=3.9 RR=2.5
  2026-03-28: TX=9.9 TN=7.4 RR=3.7
MOSMIX ophalen: Deelen (06275)...
  2026-03-25: TX=None TN=None RR=0.0
  2026-03-26: TX=7.5 TN=0.0 RR=2.0
  2026-03-27: TX=10.5 TN=-3.2 RR=0.7
  2026-03-28: TX=11.2 TN=5.7 RR=3.9
MOSMIX ophalen: Gilze-Rijen (06350)...
  2026-03-25: TX=None TN=None RR=0.4
  2026-03-26: TX=8.2 TN=1.4 RR=4.0
  2026-03-27: TX=11.2 TN=-1.5 RR=0.5
  2026-03-28: TX=11.3 TN=6.2 RR=4.4

beta_debilt.json opgeslagen (10 stations)
MOSMIX + Harmonie voorspellingen ophalen voor archief...
  De Bilt...
  Hoek van Holland...
  Rotterdam...
  Enschede...
  Eelde...
  Maastricht...
  Terschelling...
  Vlissingen...
  Deelen...
  Gilze-Rijen...
Archief opgeslagen (beta_verificatie_archive.json)

Werkelijke metingen ophalen (afgelopen 3 dagen)...
  De Bilt 2026-03-25: TX=11.5 TN=2.4
  De Bilt 2026-03-24: TX=14.3 TN=6.4
  De Bilt 2026-03-23: TX=15.1 TN=2.1
  Hoek van Holland 2026-03-25: TX=10.8 TN=3.5
  Hoek van Holland 2026-03-24: TX=11.6 TN=8.4
  Hoek van Holland 2026-03-23: TX=12.0 TN=4.3
  Rotterdam 2026-03-25: TX=11.0 TN=1.8
  Rotterdam 2026-03-24: TX=13.2 TN=6.5
  Rotterdam 2026-03-23: TX=14.2 TN=2.8
  Enschede 2026-03-25: TX=13.0 TN=0.9
  Enschede 2026-03-24: TX=15.7 TN=1.8
  Enschede 2026-03-23: TX=16.3 TN=-0.5
  Eelde 2026-03-25: TX=11.4 TN=1.8
  Eelde 2026-03-24: TX=12.7 TN=2.1
  Eelde 2026-03-23: TX=14.3 TN=-0.1
  Maastricht 2026-03-25: TX=12.6 TN=1.4
  Maastricht 2026-03-24: TX=16.7 TN=5.5
  Maastricht 2026-03-23: TX=15.5 TN=2.1
  Terschelling 2026-03-25: TX=9.9 TN=4.1
  Terschelling 2026-03-24: TX=10.4 TN=8.1
  Terschelling 2026-03-23: TX=10.7 TN=0.9
  Vlissingen 2026-03-25: TX=10.3 TN=2.4
  Vlissingen 2026-03-24: TX=12.9 TN=7.8
  Vlissingen 2026-03-23: TX=12.7 TN=6.8
  Deelen 2026-03-25: TX=12.6 TN=1.4
  Deelen 2026-03-24: TX=15.3 TN=1.8
  Deelen 2026-03-23: TX=16.0 TN=-0.9
  Gilze-Rijen 2026-03-25: TX=13.0 TN=2.3
  Gilze-Rijen 2026-03-24: TX=15.9 TN=4.2
  Gilze-Rijen 2026-03-23: TX=15.3 TN=0.6

beta_verificatie.json opgeslagen (10 stations)
MOSMIX ophalen (trend)...
  De Bilt (06260)...
  De Kooy (06235)...
  Eelde (06280)...
  Vlissingen (06310)...
  Beek (06380)...
  Rotterdam (06344)...
  Hoek v. Holland (06330)...
  Twenthe (06290)...
  Eindhoven (06370)...
  Wind Vlieland (06242)...
  Wind De Kooy (06235)...
  Wind Leeuwarden (06270)...
  Wind Hoek v. Holland (06330)...
  Wind Vlissingen (06310)...
JSON opgeslagen: grafiek_trend.json
Grafiek opgeslagen: grafiek_trend.png
MOSMIX ophalen (trend België)...
  Brussel (06451)...
  Gent (06431)...
  Antwerpen (06450)...
  Oostende (06407)...
  Bierset (06478)...
  Charleroi (06449)...
  Sint-Hubert (06476)...
  Kleine Brogel (06479)...
  Florennes (06456)...
  Wind Oostende (06407)...
  Wind Brussel (06451)...
  Wind Bierset (06478)...
  Wind Kleine Brogel (06479)...
  Wind Sint-Hubert (06476)...
JSON: grafiek_trend_be.json
Grafiek: grafiek_trend_be.png
Bestaande data geladen: 85 dagen
  Ophalen 2026-03-26 (tot nu)...
    TX top3: [(6.8, 'Hoek van Holland', '01:20'), (6.1, 'Wijk aan Zee', '02:20'), (6.0, 'Voorschoten', '02:40')]
    TN top3: [(0.1, 'Deelen', '03:30'), (1.2, 'Herwijnen', '03:30'), (1.3, 'Eelde', '02:20')]
    RR top3: [(7.2, 'Westdorpe'), (1.8, 'Woensdrecht'), (1.4, 'Wilhelminadorp')]
  2026-01-01: al in cache, overgeslagen
  2026-01-02: al in cache, overgeslagen
  2026-01-03: al in cache, overgeslagen
  2026-01-04: al in cache, overgeslagen
  2026-01-05: al in cache, overgeslagen
  2026-01-06: al in cache, overgeslagen
  2026-01-07: al in cache, overgeslagen
  2026-01-08: al in cache, overgeslagen
  2026-01-09: al in cache, overgeslagen
  2026-01-10: al in cache, overgeslagen
  2026-01-11: al in cache, overgeslagen
  2026-01-12: al in cache, overgeslagen
  2026-01-13: al in cache, overgeslagen
  2026-01-14: al in cache, overgeslagen
  2026-01-15: al in cache, overgeslagen
  2026-01-16: al in cache, overgeslagen
  2026-01-17: al in cache, overgeslagen
  2026-01-18: al in cache, overgeslagen
  2026-01-19: al in cache, overgeslagen
  2026-01-20: al in cache, overgeslagen
  2026-01-21: al in cache, overgeslagen
  2026-01-22: al in cache, overgeslagen
  2026-01-23: al in cache, overgeslagen
  2026-01-24: al in cache, overgeslagen
  2026-01-25: al in cache, overgeslagen
  2026-01-26: al in cache, overgeslagen
  2026-01-27: al in cache, overgeslagen
  2026-01-28: al in cache, overgeslagen
  2026-01-29: al in cache, overgeslagen
  2026-01-30: al in cache, overgeslagen
  2026-01-31: al in cache, overgeslagen
  2026-02-01: al in cache, overgeslagen
  2026-02-02: al in cache, overgeslagen
  2026-02-03: al in cache, overgeslagen
  2026-02-04: al in cache, overgeslagen
  2026-02-05: al in cache, overgeslagen
  2026-02-06: al in cache, overgeslagen
  2026-02-07: al in cache, overgeslagen
  2026-02-08: al in cache, overgeslagen
  2026-02-09: al in cache, overgeslagen
  2026-02-10: al in cache, overgeslagen
  2026-02-11: al in cache, overgeslagen
  2026-02-12: al in cache, overgeslagen
  2026-02-13: al in cache, overgeslagen
  2026-02-14: al in cache, overgeslagen
  2026-02-15: al in cache, overgeslagen
  2026-02-16: al in cache, overgeslagen
  2026-02-17: al in cache, overgeslagen
  2026-02-18: al in cache, overgeslagen
  2026-02-19: al in cache, overgeslagen
  2026-02-20: al in cache, overgeslagen
  2026-02-21: al in cache, overgeslagen
  2026-02-22: al in cache, overgeslagen
  2026-02-23: al in cache, overgeslagen
  2026-02-24: al in cache, overgeslagen
  2026-02-25: al in cache, overgeslagen
  2026-02-26: al in cache, overgeslagen
  2026-02-27: al in cache, overgeslagen
  2026-02-28: al in cache, overgeslagen
  2026-03-01: al in cache, overgeslagen
  2026-03-02: al in cache, overgeslagen
  2026-03-03: al in cache, overgeslagen
  2026-03-04: al in cache, overgeslagen
  2026-03-05: al in cache, overgeslagen
  2026-03-06: al in cache, overgeslagen
  2026-03-07: al in cache, overgeslagen
  2026-03-08: al in cache, overgeslagen
  2026-03-09: al in cache, overgeslagen
  2026-03-10: al in cache, overgeslagen
  2026-03-11: al in cache, overgeslagen
  2026-03-12: al in cache, overgeslagen
  2026-03-13: al in cache, overgeslagen
  2026-03-14: al in cache, overgeslagen
  2026-03-15: al in cache, overgeslagen
  2026-03-16: al in cache, overgeslagen
  2026-03-17: al in cache, overgeslagen
  2026-03-18: al in cache, overgeslagen
  2026-03-19: al in cache, overgeslagen
  2026-03-20: al in cache, overgeslagen
  2026-03-21: al in cache, overgeslagen
  2026-03-22: al in cache, overgeslagen
  2026-03-23: al in cache, overgeslagen
  2026-03-24: al in cache, overgeslagen
  2026-03-25: al in cache, overgeslagen

toplijst.json bijgewerkt (85 dagen)
Kaarten maken voor 2026-03-17...
  → klaar voor 2026-03-17
Kaarten maken voor 2026-03-18...
  → klaar voor 2026-03-18
Kaarten maken voor 2026-03-19...
  → klaar voor 2026-03-19
Kaarten maken voor 2026-03-20...
  → klaar voor 2026-03-20
Kaarten maken voor 2026-03-21...
  → klaar voor 2026-03-21
Kaarten maken voor 2026-03-22...
  → klaar voor 2026-03-22
Kaarten maken voor 2026-03-23...
  → klaar voor 2026-03-23
Kaarten maken voor 2026-03-24...
  → klaar voor 2026-03-24
Kaarten maken voor 2026-03-25...
  → klaar voor 2026-03-25
Kaarten maken voor 2026-03-26...
  → klaar voor 2026-03-26
Alle waarnemingskaarten klaar!
index.json: 281 kaarten
ok: /Users/aldus/Desktop/KNMI_Project/weerkaarten 2/p13_records.html
Grootte: 17295 chars
Pluim: De Bilt...
  Opgeslagen: kaart_pluim_lijnen_de_bilt.png
Pluim: Rotterdam...
  Opgeslagen: kaart_pluim_lijnen_rotterdam.png
Pluim: Barendrecht...
  Opgeslagen: kaart_pluim_lijnen_barendrecht.png
Pluim: Maastricht...
  Opgeslagen: kaart_pluim_lijnen_maastricht.png
Pluim: Eelde...
  Opgeslagen: kaart_pluim_lijnen_eelde.png
Pluim: Vlissingen...
  Opgeslagen: kaart_pluim_lijnen_vlissingen.png
Pluim: Enschede...
  Opgeslagen: kaart_pluim_lijnen_enschede.png

Klaar!

Pluim: De Bilt...
  Opgeslagen: kaart_pluim_compleet_de_bilt.png

Pluim: Rotterdam...
  Opgeslagen: kaart_pluim_compleet_rotterdam.png

Pluim: Barendrecht...
  Opgeslagen: kaart_pluim_compleet_barendrecht.png

Pluim: Vlissingen...
  Opgeslagen: kaart_pluim_compleet_vlissingen.png

Pluim: Eelde...
  Opgeslagen: kaart_pluim_compleet_eelde.png

Pluim: Maastricht...
  Opgeslagen: kaart_pluim_compleet_maastricht.png

Klaar!

Multimodel neerslag: De Bilt...
  ECMWF ENS...
    51 leden × 384 stappen
  ICON-EPS...
    40 leden × 168 stappen
  GFS ENS...
    31 leden × 384 stappen
  Opgeslagen: kaart_pluim_multi_neerslag_de_bilt.png

Multimodel neerslag: Rotterdam...
  ECMWF ENS...
    51 leden × 384 stappen
  ICON-EPS...
    40 leden × 168 stappen
  GFS ENS...
    31 leden × 384 stappen
  Opgeslagen: kaart_pluim_multi_neerslag_rotterdam.png

Multimodel neerslag: Barendrecht...
  ECMWF ENS...
    51 leden × 384 stappen
  ICON-EPS...
    40 leden × 168 stappen
  GFS ENS...
    31 leden × 384 stappen
  Opgeslagen: kaart_pluim_multi_neerslag_barendrecht.png

Multimodel neerslag: Vlissingen...
  ECMWF ENS...
    51 leden × 384 stappen
  ICON-EPS...
    40 leden × 168 stappen
  GFS ENS...
    31 leden × 384 stappen
  Opgeslagen: kaart_pluim_multi_neerslag_vlissingen.png

Multimodel neerslag: Eelde...
  ECMWF ENS...
    51 leden × 384 stappen
  ICON-EPS...
    40 leden × 168 stappen
  GFS ENS...
    31 leden × 384 stappen
  Opgeslagen: kaart_pluim_multi_neerslag_eelde.png

Multimodel neerslag: Maastricht...
  ECMWF ENS...
    51 leden × 384 stappen
  ICON-EPS...
    40 leden × 168 stappen
  GFS ENS...
    31 leden × 384 stappen
  Opgeslagen: kaart_pluim_multi_neerslag_maastricht.png

Klaar!

Multimodel pluim: De Bilt...
  ECMWF ENS...
    51 leden × 384 stappen
  ICON-EPS...
    40 leden × 168 stappen
  GFS ENS...
    31 leden × 384 stappen
  Opgeslagen: kaart_pluim_multi_de_bilt.png

Multimodel pluim: Rotterdam...
  ECMWF ENS...
    51 leden × 384 stappen
  ICON-EPS...
    40 leden × 168 stappen
  GFS ENS...
    31 leden × 384 stappen
  Opgeslagen: kaart_pluim_multi_rotterdam.png

Multimodel pluim: Barendrecht...
  ECMWF ENS...
    51 leden × 384 stappen
  ICON-EPS...
    40 leden × 168 stappen
  GFS ENS...
    31 leden × 384 stappen
  Opgeslagen: kaart_pluim_multi_barendrecht.png

Multimodel pluim: Vlissingen...
  ECMWF ENS...
    51 leden × 384 stappen
  ICON-EPS...
    40 leden × 168 stappen
  GFS ENS...
    31 leden × 384 stappen
  Opgeslagen: kaart_pluim_multi_vlissingen.png

Multimodel pluim: Eelde...
  ECMWF ENS...
    51 leden × 384 stappen
  ICON-EPS...
    40 leden × 168 stappen
  GFS ENS...
    31 leden × 384 stappen
  Opgeslagen: kaart_pluim_multi_eelde.png

Multimodel pluim: Maastricht...
  ECMWF ENS...
    51 leden × 384 stappen
  ICON-EPS...
    40 leden × 168 stappen
  GFS ENS...
    31 leden × 384 stappen
  Opgeslagen: kaart_pluim_multi_maastricht.png

Klaar!

Multimodel wind: De Bilt...
  ECMWF ENS...
    51 leden × 384 stappen
  ICON-EPS...
    40 leden × 168 stappen
  GFS ENS...
    31 leden × 384 stappen
  Opgeslagen: kaart_pluim_multi_wind_de_bilt.png

Multimodel wind: Rotterdam...
  ECMWF ENS...
    51 leden × 384 stappen
  ICON-EPS...
    40 leden × 168 stappen
  GFS ENS...
    31 leden × 384 stappen
  Opgeslagen: kaart_pluim_multi_wind_rotterdam.png

Multimodel wind: Barendrecht...
  ECMWF ENS...
    51 leden × 384 stappen
  ICON-EPS...
    40 leden × 168 stappen
  GFS ENS...
    31 leden × 384 stappen
  Opgeslagen: kaart_pluim_multi_wind_barendrecht.png

Multimodel wind: Vlissingen...
  ECMWF ENS...
    51 leden × 384 stappen
  ICON-EPS...
    40 leden × 168 stappen
  GFS ENS...
    31 leden × 384 stappen
  Opgeslagen: kaart_pluim_multi_wind_vlissingen.png

Multimodel wind: Eelde...
  ECMWF ENS...
    51 leden × 384 stappen
  ICON-EPS...
    40 leden × 168 stappen
  GFS ENS...
    31 leden × 384 stappen
  Opgeslagen: kaart_pluim_multi_wind_eelde.png

Multimodel wind: Maastricht...
  ECMWF ENS...
    51 leden × 384 stappen
  ICON-EPS...
    40 leden × 168 stappen
  GFS ENS...
    31 leden × 384 stappen
  Opgeslagen: kaart_pluim_multi_wind_maastricht.png

Klaar!
[main 2a6229e7] Kaarten update 2026-03-26 03:36
 362 files changed, 2488 insertions(+), 11 deletions(-)
 delete mode 100644 kaart_be_bewolking_2026-03-26.png
 create mode 100644 kaart_be_bewolking_2026-04-05.png
 create mode 100644 kaart_be_gevoels_woensdag_01apr2026.png
 delete mode 100644 kaart_be_gevoels_woensdag_25mar2026.png
 create mode 100644 kaart_be_hagel_woensdag_01apr2026.png
 delete mode 100644 kaart_be_hagel_woensdag_25mar2026.png
 create mode 100644 kaart_be_onweer_woensdag_01apr2026.png
 delete mode 100644 kaart_be_onweer_woensdag_25mar2026.png
 create mode 100644 kaart_be_regen_woensdag_01apr2026.png
 delete mode 100644 kaart_be_regen_woensdag_25mar2026.png
 create mode 100644 kaart_be_sneeuw_woensdag_01apr2026.png
 delete mode 100644 kaart_be_sneeuw_woensdag_25mar2026.png
 create mode 100644 kaart_be_t5cm_woensdag_01apr2026.png
 delete mode 100644 kaart_be_t5cm_woensdag_25mar2026.png
 create mode 100644 kaart_be_temp_dag_woensdag_01apr2026.png
 delete mode 100644 kaart_be_temp_dag_woensdag_25mar2026.png
 create mode 100644 kaart_be_temp_nacht_woensdag_01apr2026.png
 delete mode 100644 kaart_be_temp_nacht_woensdag_25mar2026.png
 create mode 100644 kaart_be_temp_woensdag_01apr2026.png
 delete mode 100644 kaart_be_temp_woensdag_25mar2026.png
 create mode 100644 kaart_be_wind_nacht_woensdag_01apr2026.png
 delete mode 100644 kaart_be_wind_nacht_woensdag_25mar2026.png
 create mode 100644 kaart_be_wind_woensdag_01apr2026.png
 delete mode 100644 kaart_be_wind_woensdag_25mar2026.png
 create mode 100644 kaart_be_zon_woensdag_01apr2026.png
 delete mode 100644 kaart_be_zon_woensdag_25mar2026.png
 create mode 100644 kaart_bewolking_2026-04-05.png
 create mode 100644 kaart_hagel_woensdag_01apr2026.png
 delete mode 100644 kaart_hagel_woensdag_25mar2026.png
 create mode 100644 kaart_obs_ff_donderdag_26mar2026.png
 create mode 100644 kaart_obs_fx_donderdag_26mar2026.png
 create mode 100644 kaart_obs_rr_donderdag_26mar2026.png
 create mode 100644 kaart_obs_t10n_donderdag_26mar2026.png
 create mode 100644 kaart_obs_tn_donderdag_26mar2026.png
 create mode 100644 kaart_obs_tx_donderdag_26mar2026.png
 create mode 100644 kaart_sneeuw_woensdag_01apr2026.png
 delete mode 100644 kaart_sneeuw_woensdag_25mar2026.png
 delete mode 100644 kaart_synop_20260325_2049.png
 delete mode 100644 kaart_synop_20260325_2100.png
 delete mode 100644 kaart_synop_20260325_2111.png
 delete mode 100644 kaart_synop_20260325_2123.png
 delete mode 100644 kaart_synop_20260325_2134.png
 delete mode 100644 kaart_synop_20260325_2145.png
 delete mode 100644 kaart_synop_20260325_2157.png
 delete mode 100644 kaart_synop_20260325_2208.png
 delete mode 100644 kaart_synop_20260325_2220.png
 delete mode 100644 kaart_synop_20260325_2231.png
 delete mode 100644 kaart_synop_20260325_2242.png
 delete mode 100644 kaart_synop_20260325_2254.png
 delete mode 100644 kaart_synop_20260325_2305.png
 delete mode 100644 kaart_synop_20260325_2317.png
 delete mode 100644 kaart_synop_20260325_2328.png
 delete mode 100644 kaart_synop_20260325_2339.png
 delete mode 100644 kaart_synop_20260325_2351.png
 delete mode 100644 kaart_synop_20260326_0002.png
 delete mode 100644 kaart_synop_20260326_0013.png
 delete mode 100644 kaart_synop_20260326_0025.png
 delete mode 100644 kaart_synop_20260326_0036.png
 delete mode 100644 kaart_synop_20260326_0047.png
 delete mode 100644 kaart_synop_20260326_0059.png
 delete mode 100644 kaart_synop_20260326_0110.png
 delete mode 100644 kaart_synop_20260326_0122.png
 delete mode 100644 kaart_synop_20260326_0133.png
 create mode 100644 kaart_temp_dag_woensdag_01apr2026.png
 delete mode 100644 kaart_temp_dag_woensdag_25mar2026.png
 create mode 100644 kaart_temp_woensdag_01apr2026.png
 delete mode 100644 kaart_temp_woensdag_25mar2026.png
 create mode 100644 kaart_wind_woensdag_01apr2026.png
 delete mode 100644 kaart_wind_woensdag_25mar2026.png
=== Ed Aldus WM — upload Thu Mar 26 09:30:00 CET 2026 ===
Waarschuwingen opgeslagen: GREEN (26 Mar 2026 09:30)
=== KNMI Guidance === 2026-03-26 09:30
  Ophalen: kort...
  Klaar: 5014 tekens
  Ophalen: lang...
  Klaar: 3036 tekens
Opgeslagen: guidance.json
Basiskaart aanmaken...
kaart_basis_nl.png aangemaakt
MOSMIX ophalen (temperatuur Nederland TX/TN)...
  Eelde (06280)...
  Terschelling (06250)...
  Vlieland (06242)...
  Leeuwarden (06270)...
  Den Helder (06235)...
  Amsterdam (06240)...
  De Bilt (06260)...
  Deelen (06275)...
  Hoogeveen (06279)...
  Enschede (06290)...
  Vlissingen (06310)...
  Hoek van Holland (06330)...
  Rotterdam Airport (06344)...
  Gilze Rijen (06350)...
  Eindhoven (06370)...
  Maastricht (06380)...
  Gent (06431)...
  Antwerpen (06450)...
  Kleve (K1176)...
  Brussel (06451)...
  Kleine Brogel (06479)...
  Dollart (E207)...
  Wielen (P0122)...
  Weeze (10405)...
  Valkenburg (06210)...
  Volkel (06375)...
  Bocholt (10406)...
  Nettetal (H512)...
  IJsselmeer (E5305)...
  Borkum (K1083)...
  Geilenkirchen (10500)...
Data voor 7 dagen
Kaart: kaart_temp_donderdag_26mar2026.png
Kaart: kaart_temp_vrijdag_27mar2026.png
Kaart: kaart_temp_zaterdag_28mar2026.png
Kaart: kaart_temp_zondag_29mar2026.png
Kaart: kaart_temp_maandag_30mar2026.png
Kaart: kaart_temp_dinsdag_31mar2026.png
Kaart: kaart_temp_woensdag_01apr2026.png
  Verwijderd: kaart_temp_dag_donderdag_26mar2026.png
  Verwijderd: kaart_temp_dag_vrijdag_27mar2026.png
  Verwijderd: kaart_temp_dag_zaterdag_28mar2026.png
  Verwijderd: kaart_temp_dag_zondag_29mar2026.png
  Verwijderd: kaart_temp_dag_maandag_30mar2026.png
  Verwijderd: kaart_temp_dag_dinsdag_31mar2026.png
  Verwijderd: kaart_temp_dag_woensdag_01apr2026.png
  Verwijderd: kaart_temp_nacht_woensdag_25mar2026.png
  Verwijderd: kaart_temp_nacht_donderdag_26mar2026.png
  Verwijderd: kaart_temp_nacht_vrijdag_27mar2026.png
  Verwijderd: kaart_temp_nacht_zaterdag_28mar2026.png
  Verwijderd: kaart_temp_nacht_zondag_29mar2026.png
  Verwijderd: kaart_temp_nacht_maandag_30mar2026.png
  Verwijderd: kaart_temp_nacht_dinsdag_31mar2026.png
MOSMIX ophalen (max temp dag 06-18u)...
Ophalen: Eelde (06280)...
Ophalen: Terschelling (06250)...
Ophalen: Vlieland (06242)...
Ophalen: Leeuwarden (06270)...
Ophalen: Den Helder (06235)...
Ophalen: Amsterdam (06240)...
Ophalen: De Bilt (06260)...
Ophalen: Deelen (06275)...
Ophalen: Hoogeveen (06279)...
Ophalen: Enschede (06290)...
Ophalen: Vlissingen (06310)...
Ophalen: Hoek van Holland (06330)...
Ophalen: Rotterdam Airport (06344)...
Ophalen: Gilze Rijen (06350)...
Ophalen: Eindhoven (06370)...
Ophalen: Maastricht (06380)...
Ophalen: Gent (06431)...
Ophalen: Antwerpen (06450)...
Ophalen: Kleve (K1176)...
Ophalen: Brussel (06451)...
Ophalen: Kleine Brogel (06479)...
Ophalen: Dollart (E207)...
Ophalen: Wielen (P0122)...
Ophalen: Weeze (10405)...
Ophalen: Valkenburg (06210)...
Ophalen: Volkel (06375)...
Ophalen: Bocholt (10406)...
Ophalen: Nettetal (H512)...
Ophalen: IJsselmeer (E5305)...
Ophalen: Borkum (K1083)...
Ophalen: Geilenkirchen (10500)...
Data voor 7 dagen
Kaart: kaart_temp_dag_donderdag_26mar2026.png
Kaart: kaart_temp_dag_vrijdag_27mar2026.png
Kaart: kaart_temp_dag_zaterdag_28mar2026.png
Kaart: kaart_temp_dag_zondag_29mar2026.png
Kaart: kaart_temp_dag_maandag_30mar2026.png
Kaart: kaart_temp_dag_dinsdag_31mar2026.png
Kaart: kaart_temp_dag_woensdag_01apr2026.png
MOSMIX ophalen (min temp nacht 18-06u)...
Ophalen: Eelde (06280)...
Ophalen: Terschelling (06250)...
Ophalen: Vlieland (06242)...
Ophalen: Leeuwarden (06270)...
Ophalen: Den Helder (06235)...
Ophalen: Amsterdam (06240)...
Ophalen: De Bilt (06260)...
Ophalen: Deelen (06275)...
Ophalen: Hoogeveen (06279)...
Ophalen: Enschede (06290)...
Ophalen: Vlissingen (06310)...
Ophalen: Hoek van Holland (06330)...
Ophalen: Rotterdam Airport (06344)...
Ophalen: Gilze Rijen (06350)...
Ophalen: Eindhoven (06370)...
Ophalen: Maastricht (06380)...
Ophalen: Gent (06431)...
Ophalen: Antwerpen (06450)...
Ophalen: Kleve (K1176)...
Ophalen: Brussel (06451)...
Ophalen: Kleine Brogel (06479)...
Ophalen: Dollart (E207)...
Ophalen: Wielen (P0122)...
Ophalen: Weeze (10405)...
Ophalen: Valkenburg (06210)...
Ophalen: Volkel (06375)...
Ophalen: Bocholt (10406)...
Ophalen: Nettetal (H512)...
Ophalen: IJsselmeer (E5305)...
Ophalen: Borkum (K1083)...
Ophalen: Geilenkirchen (10500)...
Data voor 7 dagen
Kaart: kaart_temp_nacht_woensdag_25mar2026.png
Kaart: kaart_temp_nacht_donderdag_26mar2026.png
Kaart: kaart_temp_nacht_vrijdag_27mar2026.png
Kaart: kaart_temp_nacht_zaterdag_28mar2026.png
Kaart: kaart_temp_nacht_zondag_29mar2026.png
Kaart: kaart_temp_nacht_maandag_30mar2026.png
Kaart: kaart_temp_nacht_dinsdag_31mar2026.png
MOSMIX ophalen (zon/bewolking)...
Ophalen: Eelde (06280)...
Ophalen: Terschelling (06250)...
Ophalen: Vlieland (06242)...
Ophalen: Leeuwarden (06270)...
Ophalen: Den Helder (06235)...
Ophalen: Amsterdam (06240)...
Ophalen: De Bilt (06260)...
Ophalen: Deelen (06275)...
Ophalen: Hoogeveen (06279)...
Ophalen: Enschede (06290)...
Ophalen: Hoek van Holland (06330)...
Ophalen: Rotterdam Airport (06344)...
Ophalen: Gilze Rijen (06350)...
Ophalen: Eindhoven (06370)...
Ophalen: Maastricht (06380)...
Ophalen: Kleve (K1176)...
Ophalen: Kleine Brogel (06479)...
Ophalen: Dollart (E207)...
Ophalen: Wielen (P0122)...
Ophalen: Weeze (10405)...
Ophalen: Valkenburg (06210)...
Ophalen: Volkel (06375)...
Ophalen: Bocholt (10406)...
Ophalen: Nettetal (H512)...
Ophalen: IJsselmeer (E5305)...
Ophalen: Borkum (K1083)...
Ophalen: Geilenkirchen (10500)...
Data voor 7 dagen
Kaart: kaart_zon_donderdag_26mar2026.png
Kaart: kaart_zon_vrijdag_27mar2026.png
Kaart: kaart_zon_zaterdag_28mar2026.png
Kaart: kaart_zon_zondag_29mar2026.png
Kaart: kaart_zon_maandag_30mar2026.png
Kaart: kaart_zon_dinsdag_31mar2026.png
Kaart: kaart_zon_woensdag_01apr2026.png
MOSMIX ophalen (wind dag 06-18u)...
Ophalen: Eelde (06280)...
Ophalen: Terschelling (06250)...
Ophalen: Vlieland (06242)...
Ophalen: Leeuwarden (06270)...
Ophalen: Den Helder (06235)...
Ophalen: Amsterdam (06240)...
Ophalen: De Bilt (06260)...
Ophalen: Deelen (06275)...
Ophalen: Hoogeveen (06279)...
Ophalen: Enschede (06290)...
Ophalen: Vlissingen (06310)...
Ophalen: Hoek van Holland (06330)...
Ophalen: Rotterdam Airport (06344)...
Ophalen: Gilze Rijen (06350)...
Ophalen: Eindhoven (06370)...
Ophalen: Maastricht (06380)...
Ophalen: Gent (06431)...
Ophalen: Antwerpen (06450)...
Ophalen: Kleve (K1176)...
Ophalen: Brussel (06451)...
Ophalen: Kleine Brogel (06479)...
Ophalen: Dollart (E207)...
Ophalen: Wielen (P0122)...
Ophalen: Weeze (10405)...
Ophalen: Valkenburg (06210)...
Ophalen: Volkel (06375)...
Ophalen: Bocholt (10406)...
Ophalen: Nettetal (H512)...
Ophalen: IJsselmeer (E5305)...
Ophalen: Borkum (K1083)...
Ophalen: Geilenkirchen (10500)...
Data voor 7 dagen
Kaart: kaart_wind_donderdag_26mar2026.png
Kaart: kaart_wind_vrijdag_27mar2026.png
Kaart: kaart_wind_zaterdag_28mar2026.png
Kaart: kaart_wind_zondag_29mar2026.png
Kaart: kaart_wind_maandag_30mar2026.png
Kaart: kaart_wind_dinsdag_31mar2026.png
Kaart: kaart_wind_woensdag_01apr2026.png
MOSMIX ophalen (wind nacht 18-06u)...
Ophalen: Eelde (06280)...
Ophalen: Terschelling (06250)...
Ophalen: Vlieland (06242)...
Ophalen: Leeuwarden (06270)...
Ophalen: Den Helder (06235)...
Ophalen: Amsterdam (06240)...
Ophalen: De Bilt (06260)...
Ophalen: Deelen (06275)...
Ophalen: Hoogeveen (06279)...
Ophalen: Enschede (06290)...
Ophalen: Vlissingen (06310)...
Ophalen: Hoek van Holland (06330)...
Ophalen: Rotterdam Airport (06344)...
Ophalen: Gilze Rijen (06350)...
Ophalen: Eindhoven (06370)...
Ophalen: Maastricht (06380)...
Ophalen: Gent (06431)...
Ophalen: Antwerpen (06450)...
Ophalen: Kleve (K1176)...
Ophalen: Brussel (06451)...
Ophalen: Kleine Brogel (06479)...
Ophalen: Dollart (E207)...
Ophalen: Wielen (P0122)...
Ophalen: Weeze (10405)...
Ophalen: Valkenburg (06210)...
Ophalen: Volkel (06375)...
Ophalen: Bocholt (10406)...
Ophalen: Nettetal (H512)...
Ophalen: IJsselmeer (E5305)...
Ophalen: Borkum (K1083)...
Ophalen: Geilenkirchen (10500)...
Data voor 7 dagen
Kaart: kaart_wind_nacht_woensdag_25mar2026.png
Kaart: kaart_wind_nacht_donderdag_26mar2026.png
Kaart: kaart_wind_nacht_vrijdag_27mar2026.png
Kaart: kaart_wind_nacht_zaterdag_28mar2026.png
Kaart: kaart_wind_nacht_zondag_29mar2026.png
Kaart: kaart_wind_nacht_maandag_30mar2026.png
Kaart: kaart_wind_nacht_dinsdag_31mar2026.png
  Verwijderd: kaart_wind_nacht_dinsdag_31mar2026.png
  Verwijderd: kaart_wind_nacht_donderdag_26mar2026.png
MOSMIX ophalen (mist/zichtbaarheid)...
Ophalen: Eelde (06280)...
Ophalen: Terschelling (06250)...
Ophalen: Vlieland (06242)...
Ophalen: Leeuwarden (06270)...
Ophalen: Den Helder (06235)...
Ophalen: Amsterdam (06240)...
Ophalen: De Bilt (06260)...
Ophalen: Deelen (06275)...
Ophalen: Hoogeveen (06279)...
Ophalen: Enschede (06290)...
Ophalen: Vlissingen (06310)...
Ophalen: Hoek van Holland (06330)...
Ophalen: Rotterdam Airport (06344)...
Ophalen: Gilze Rijen (06350)...
Ophalen: Eindhoven (06370)...
Ophalen: Maastricht (06380)...
Ophalen: Gent (06431)...
Ophalen: Antwerpen (06450)...
Ophalen: Kleve (K1176)...
Ophalen: Brussel (06451)...
Ophalen: Kleine Brogel (06479)...
Ophalen: Dollart (E207)...
Ophalen: Wielen (P0122)...
Ophalen: Weeze (10405)...
Ophalen: Valkenburg (06210)...
Ophalen: Volkel (06375)...
Ophalen: Bocholt (10406)...
Ophalen: Nettetal (H512)...
Ophalen: IJsselmeer (E5305)...
Ophalen: Borkum (K1083)...
Ophalen: Geilenkirchen (10500)...
Data voor 7 dagen
Kaart: kaart_mist_donderdag_26mar2026.png
Kaart: kaart_mist_vrijdag_27mar2026.png
Kaart: kaart_mist_zaterdag_28mar2026.png
Kaart: kaart_mist_zondag_29mar2026.png
Kaart: kaart_mist_maandag_30mar2026.png
Kaart: kaart_mist_dinsdag_31mar2026.png
Kaart: kaart_mist_woensdag_01apr2026.png
MOSMIX ophalen (T5cm grastemperatuur)...
Ophalen: Eelde (06280)...
Ophalen: Terschelling (06250)...
Ophalen: Vlieland (06242)...
Ophalen: Leeuwarden (06270)...
Ophalen: Den Helder (06235)...
Ophalen: Amsterdam (06240)...
Ophalen: De Bilt (06260)...
Ophalen: Deelen (06275)...
Ophalen: Hoogeveen (06279)...
Ophalen: Enschede (06290)...
Ophalen: Vlissingen (06310)...
Ophalen: Hoek van Holland (06330)...
Ophalen: Rotterdam Airport (06344)...
Ophalen: Gilze Rijen (06350)...
Ophalen: Eindhoven (06370)...
Ophalen: Maastricht (06380)...
Ophalen: Gent (06431)...
Ophalen: Antwerpen (06450)...
Ophalen: Kleve (K1176)...
Ophalen: Brussel (06451)...
Ophalen: Kleine Brogel (06479)...
Ophalen: Dollart (E207)...
Ophalen: Wielen (P0122)...
Ophalen: Weeze (10405)...
Ophalen: Valkenburg (06210)...
Ophalen: Volkel (06375)...
Ophalen: Bocholt (10406)...
Ophalen: Nettetal (H512)...
Ophalen: IJsselmeer (E5305)...
Ophalen: Borkum (K1083)...
Ophalen: Geilenkirchen (10500)...
Data voor 7 dagen
Kaart: kaart_t5cm_donderdag_26mar2026.png
Kaart: kaart_t5cm_vrijdag_27mar2026.png
Kaart: kaart_t5cm_zaterdag_28mar2026.png
Kaart: kaart_t5cm_zondag_29mar2026.png
Kaart: kaart_t5cm_maandag_30mar2026.png
Kaart: kaart_t5cm_dinsdag_31mar2026.png
Kaart: kaart_t5cm_woensdag_01apr2026.png
MOSMIX ophalen (dauwpunt Td2)...
Ophalen: Eelde (06280)...
Ophalen: Terschelling (06250)...
Ophalen: Vlieland (06242)...
Ophalen: Leeuwarden (06270)...
Ophalen: Den Helder (06235)...
Ophalen: Amsterdam (06240)...
Ophalen: De Bilt (06260)...
Ophalen: Deelen (06275)...
Ophalen: Hoogeveen (06279)...
Ophalen: Enschede (06290)...
Ophalen: Vlissingen (06310)...
Ophalen: Hoek van Holland (06330)...
Ophalen: Rotterdam Airport (06344)...
Ophalen: Gilze Rijen (06350)...
Ophalen: Eindhoven (06370)...
Ophalen: Maastricht (06380)...
Ophalen: Gent (06431)...
Ophalen: Antwerpen (06450)...
Ophalen: Kleve (K1176)...
Ophalen: Brussel (06451)...
Ophalen: Kleine Brogel (06479)...
Ophalen: Dollart (E207)...
Ophalen: Wielen (P0122)...
Ophalen: Weeze (10405)...
Ophalen: Valkenburg (06210)...
Ophalen: Volkel (06375)...
Ophalen: Bocholt (10406)...
Ophalen: Nettetal (H512)...
Ophalen: IJsselmeer (E5305)...
Ophalen: Borkum (K1083)...
Ophalen: Geilenkirchen (10500)...
Data voor 7 dagen
Kaart: kaart_dauwpunt_donderdag_26mar2026.png
Kaart: kaart_dauwpunt_vrijdag_27mar2026.png
Kaart: kaart_dauwpunt_zaterdag_28mar2026.png
Kaart: kaart_dauwpunt_zondag_29mar2026.png
Kaart: kaart_dauwpunt_maandag_30mar2026.png
Kaart: kaart_dauwpunt_dinsdag_31mar2026.png
Kaart: kaart_dauwpunt_woensdag_01apr2026.png
MOSMIX ophalen (gevoelstemperatuur berekend via TTT+FF)...
Ophalen: Eelde (06280)...
Ophalen: Terschelling (06250)...
Ophalen: Vlieland (06242)...
Ophalen: Leeuwarden (06270)...
Ophalen: Den Helder (06235)...
Ophalen: Amsterdam (06240)...
Ophalen: De Bilt (06260)...
Ophalen: Deelen (06275)...
Ophalen: Hoogeveen (06279)...
Ophalen: Enschede (06290)...
Ophalen: Vlissingen (06310)...
Ophalen: Hoek van Holland (06330)...
Ophalen: Rotterdam Airport (06344)...
Ophalen: Gilze Rijen (06350)...
Ophalen: Eindhoven (06370)...
Ophalen: Maastricht (06380)...
Ophalen: Gent (06431)...
Ophalen: Antwerpen (06450)...
Ophalen: Kleve (K1176)...
Ophalen: Brussel (06451)...
Ophalen: Kleine Brogel (06479)...
Ophalen: Dollart (E207)...
Ophalen: Wielen (P0122)...
Ophalen: Weeze (10405)...
Ophalen: Valkenburg (06210)...
Ophalen: Volkel (06375)...
Ophalen: Bocholt (10406)...
Ophalen: Nettetal (H512)...
Ophalen: IJsselmeer (E5305)...
Ophalen: Borkum (K1083)...
Ophalen: Geilenkirchen (10500)...
Data voor 7 dagen
Kaart: kaart_gevoels_donderdag_26mar2026.png
Kaart: kaart_gevoels_vrijdag_27mar2026.png
Kaart: kaart_gevoels_zaterdag_28mar2026.png
Kaart: kaart_gevoels_zondag_29mar2026.png
Kaart: kaart_gevoels_maandag_30mar2026.png
Kaart: kaart_gevoels_dinsdag_31mar2026.png
Kaart: kaart_gevoels_woensdag_01apr2026.png
MOSMIX ophalen (neerslag)...
Ophalen: Eelde (06280)...
Ophalen: Terschelling (06250)...
Ophalen: Vlieland (06242)...
Ophalen: Leeuwarden (06270)...
Ophalen: Den Helder (06235)...
Ophalen: Amsterdam (06240)...
Ophalen: De Bilt (06260)...
Ophalen: Deelen (06275)...
Ophalen: Hoogeveen (06279)...
Ophalen: Enschede (06290)...
Ophalen: Vlissingen (06310)...
Ophalen: Hoek van Holland (06330)...
Ophalen: Rotterdam Airport (06344)...
Ophalen: Gilze Rijen (06350)...
Ophalen: Eindhoven (06370)...
Ophalen: Maastricht (06380)...
Ophalen: Gent (06431)...
Ophalen: Antwerpen (06450)...
Ophalen: Kleve (K1176)...
Ophalen: Brussel (06451)...
Ophalen: Kleine Brogel (06479)...
Ophalen: Dollart (E207)...
Ophalen: Wielen (P0122)...
Ophalen: Weeze (10405)...
Ophalen: Valkenburg (06210)...
Ophalen: Volkel (06375)...
Ophalen: Bocholt (10406)...
Ophalen: Nettetal (H512)...
Ophalen: IJsselmeer (E5305)...
Ophalen: Borkum (K1083)...
Ophalen: Geilenkirchen (10500)...
Data voor 7 dagen
Kaart: kaart_regen_donderdag_26mar2026.png
Kaart: kaart_regen_vrijdag_27mar2026.png
Kaart: kaart_regen_zaterdag_28mar2026.png
Kaart: kaart_regen_zondag_29mar2026.png
Kaart: kaart_regen_maandag_30mar2026.png
Kaart: kaart_regen_dinsdag_31mar2026.png
Kaart: kaart_regen_woensdag_01apr2026.png
MOSMIX ophalen (onweer: wwT, wwTd, CAPE, CIN)...
Ophalen: Eelde (06280)...
Ophalen: Terschelling (06250)...
Ophalen: Vlieland (06242)...
Ophalen: Leeuwarden (06270)...
Ophalen: Den Helder (06235)...
Ophalen: Amsterdam (06240)...
Ophalen: De Bilt (06260)...
Ophalen: Deelen (06275)...
Ophalen: Hoogeveen (06279)...
Ophalen: Enschede (06290)...
Ophalen: Vlissingen (06310)...
Ophalen: Hoek van Holland (06330)...
Ophalen: Rotterdam Airport (06344)...
Ophalen: Gilze Rijen (06350)...
Ophalen: Eindhoven (06370)...
Ophalen: Maastricht (06380)...
Ophalen: Gent (06431)...
Ophalen: Antwerpen (06450)...
Ophalen: Kleve (K1176)...
Ophalen: Brussel (06451)...
Ophalen: Kleine Brogel (06479)...
Ophalen: Dollart (E207)...
Ophalen: Wielen (P0122)...
Ophalen: Weeze (10405)...
Ophalen: Valkenburg (06210)...
Ophalen: Volkel (06375)...
Ophalen: Bocholt (10406)...
Ophalen: Nettetal (H512)...
Ophalen: IJsselmeer (E5305)...
Ophalen: Borkum (K1083)...
Ophalen: Geilenkirchen (10500)...
Data voor 7 dagen
Kaart: kaart_onweer_donderdag_26mar2026.png
Kaart: kaart_onweer_vrijdag_27mar2026.png
Kaart: kaart_onweer_zaterdag_28mar2026.png
Kaart: kaart_onweer_zondag_29mar2026.png
Kaart: kaart_onweer_maandag_30mar2026.png
Kaart: kaart_onweer_dinsdag_31mar2026.png
Kaart: kaart_onweer_woensdag_01apr2026.png

Bewolkingskaart voor Vr 27 mrt...
  Eelde...
  Terschelling...
  Vlieland...
  Leeuwarden...
  Den Helder...
  Amsterdam...
  De Bilt...
  Deelen...
  Hoogeveen...
  Enschede...
  Vlissingen...
  Hoek van Holland...
  Rotterdam Airport...
  Gilze Rijen...
  Eindhoven...
  Maastricht...
  Gent...
  Antwerpen...
  Kleve...
  Brussel...
  Kleine Brogel...
  Dollart...
  Wielen...
  Weeze...
  Valkenburg...
  Volkel...
  Bocholt...
  Nettetal...
  IJsselmeer...
  Borkum...
  Geilenkirchen...
  Data voor 31 stations
Kaart opgeslagen: kaart_bewolking_2026-03-27.png

Bewolkingskaart voor Za 28 mrt...
  Eelde...
  Terschelling...
  Vlieland...
  Leeuwarden...
  Den Helder...
  Amsterdam...
  De Bilt...
  Deelen...
  Hoogeveen...
  Enschede...
  Vlissingen...
  Hoek van Holland...
  Rotterdam Airport...
  Gilze Rijen...
  Eindhoven...
  Maastricht...
  Gent...
  Antwerpen...
  Kleve...
  Brussel...
  Kleine Brogel...
  Dollart...
  Wielen...
  Weeze...
  Valkenburg...
  Volkel...
  Bocholt...
  Nettetal...
  IJsselmeer...
  Borkum...
  Geilenkirchen...
  Data voor 31 stations
Kaart opgeslagen: kaart_bewolking_2026-03-28.png

Bewolkingskaart voor Zo 29 mrt...
  Eelde...
  Terschelling...
  Vlieland...
  Leeuwarden...
  Den Helder...
  Amsterdam...
  De Bilt...
  Deelen...
  Hoogeveen...
  Enschede...
  Vlissingen...
  Hoek van Holland...
  Rotterdam Airport...
  Gilze Rijen...
  Eindhoven...
  Maastricht...
  Gent...
  Antwerpen...
  Kleve...
  Brussel...
  Kleine Brogel...
  Dollart...
  Wielen...
  Weeze...
  Valkenburg...
  Volkel...
  Bocholt...
  Nettetal...
  IJsselmeer...
  Borkum...
  Geilenkirchen...
  Data voor 31 stations
Kaart opgeslagen: kaart_bewolking_2026-03-29.png

Bewolkingskaart voor Ma 30 mrt...
  Eelde...
  Terschelling...
  Vlieland...
  Leeuwarden...
  Den Helder...
  Amsterdam...
  De Bilt...
  Deelen...
  Hoogeveen...
  Enschede...
  Vlissingen...
  Hoek van Holland...
  Rotterdam Airport...
  Gilze Rijen...
  Eindhoven...
  Maastricht...
  Gent...
  Antwerpen...
  Kleve...
  Brussel...
  Kleine Brogel...
  Dollart...
  Wielen...
  Weeze...
  Valkenburg...
  Volkel...
  Bocholt...
  Nettetal...
  IJsselmeer...
  Borkum...
  Geilenkirchen...
  Data voor 31 stations
Kaart opgeslagen: kaart_bewolking_2026-03-30.png

Bewolkingskaart voor Di 31 mrt...
  Eelde...
  Terschelling...
  Vlieland...
  Leeuwarden...
  Den Helder...
  Amsterdam...
  De Bilt...
  Deelen...
  Hoogeveen...
  Enschede...
  Vlissingen...
  Hoek van Holland...
  Rotterdam Airport...
  Gilze Rijen...
  Eindhoven...
  Maastricht...
  Gent...
  Antwerpen...
  Kleve...
  Brussel...
  Kleine Brogel...
  Dollart...
  Wielen...
  Weeze...
  Valkenburg...
  Volkel...
  Bocholt...
  Nettetal...
  IJsselmeer...
  Borkum...
  Geilenkirchen...
  Data voor 31 stations
Kaart opgeslagen: kaart_bewolking_2026-03-31.png

Bewolkingskaart voor Wo 1 apr...
  Eelde...
  Terschelling...
  Vlieland...
  Leeuwarden...
  Den Helder...
  Amsterdam...
  De Bilt...
  Deelen...
  Hoogeveen...
  Enschede...
  Vlissingen...
  Hoek van Holland...
  Rotterdam Airport...
  Gilze Rijen...
  Eindhoven...
  Maastricht...
  Gent...
  Antwerpen...
  Kleve...
  Brussel...
  Kleine Brogel...
  Dollart...
  Wielen...
  Weeze...
  Valkenburg...
  Volkel...
  Bocholt...
  Nettetal...
  IJsselmeer...
  Borkum...
  Geilenkirchen...
  Data voor 31 stations
Kaart opgeslagen: kaart_bewolking_2026-04-01.png

Bewolkingskaart voor Do 2 apr...
  Eelde...
  Terschelling...
  Vlieland...
  Leeuwarden...
  Den Helder...
  Amsterdam...
  De Bilt...
  Deelen...
  Hoogeveen...
  Enschede...
  Vlissingen...
  Hoek van Holland...
  Rotterdam Airport...
  Gilze Rijen...
  Eindhoven...
  Maastricht...
  Gent...
  Antwerpen...
  Kleve...
  Brussel...
  Kleine Brogel...
  Dollart...
  Wielen...
  Weeze...
  Valkenburg...
  Volkel...
  Bocholt...
  Nettetal...
  IJsselmeer...
  Borkum...
  Geilenkirchen...
  Data voor 31 stations
Kaart opgeslagen: kaart_bewolking_2026-04-02.png

Bewolkingskaart voor Vr 3 apr...
  Eelde...
  Terschelling...
  Vlieland...
  Leeuwarden...
  Den Helder...
  Amsterdam...
  De Bilt...
  Deelen...
  Hoogeveen...
  Enschede...
  Vlissingen...
  Hoek van Holland...
  Rotterdam Airport...
  Gilze Rijen...
  Eindhoven...
  Maastricht...
  Gent...
  Antwerpen...
  Kleve...
  Brussel...
  Kleine Brogel...
  Dollart...
  Wielen...
  Weeze...
  Valkenburg...
  Volkel...
  Bocholt...
  Nettetal...
  IJsselmeer...
  Borkum...
  Geilenkirchen...
  Data voor 31 stations
Kaart opgeslagen: kaart_bewolking_2026-04-03.png

Bewolkingskaart voor Za 4 apr...
  Eelde...
  Terschelling...
  Vlieland...
  Leeuwarden...
  Den Helder...
  Amsterdam...
  De Bilt...
  Deelen...
  Hoogeveen...
  Enschede...
  Vlissingen...
  Hoek van Holland...
  Rotterdam Airport...
  Gilze Rijen...
  Eindhoven...
  Maastricht...
  Gent...
  Antwerpen...
  Kleve...
  Brussel...
  Kleine Brogel...
  Dollart...
  Wielen...
  Weeze...
  Valkenburg...
  Volkel...
  Bocholt...
  Nettetal...
  IJsselmeer...
  Borkum...
  Geilenkirchen...
  Data voor 31 stations
Kaart opgeslagen: kaart_bewolking_2026-04-04.png

Bewolkingskaart voor Zo 5 apr...
  Eelde...
  Terschelling...
  Vlieland...
  Leeuwarden...
  Den Helder...
  Amsterdam...
  De Bilt...
  Deelen...
  Hoogeveen...
  Enschede...
  Vlissingen...
  Hoek van Holland...
  Rotterdam Airport...
  Gilze Rijen...
  Eindhoven...
  Maastricht...
  Gent...
  Antwerpen...
  Kleve...
  Brussel...
  Kleine Brogel...
  Dollart...
  Wielen...
  Weeze...
  Valkenburg...
  Volkel...
  Bocholt...
  Nettetal...
  IJsselmeer...
  Borkum...
  Geilenkirchen...
  Data voor 31 stations
Kaart opgeslagen: kaart_bewolking_2026-04-05.png
MOSMIX ophalen (kans op sneeuw Nederland)...
Ophalen: Eelde (06280)...
Ophalen: Terschelling (06250)...
Ophalen: Vlieland (06242)...
Ophalen: Leeuwarden (06270)...
Ophalen: Den Helder (06235)...
Ophalen: Amsterdam (06240)...
Ophalen: De Bilt (06260)...
Ophalen: Deelen (06275)...
Ophalen: Hoogeveen (06279)...
Ophalen: Enschede (06290)...
Ophalen: Vlissingen (06310)...
Ophalen: Hoek van Holland (06330)...
Ophalen: Rotterdam Airport (06344)...
Ophalen: Gilze Rijen (06350)...
Ophalen: Eindhoven (06370)...
Ophalen: Maastricht (06380)...
Ophalen: Gent (06431)...
Ophalen: Antwerpen (06450)...
Ophalen: Kleve (K1176)...
Ophalen: Brussel (06451)...
Ophalen: Kleine Brogel (06479)...
Ophalen: Dollart (E207)...
Ophalen: Wielen (P0122)...
Ophalen: Weeze (10405)...
Ophalen: Valkenburg (06210)...
Ophalen: Volkel (06375)...
Ophalen: Bocholt (10406)...
Ophalen: Nettetal (H512)...
Ophalen: IJsselmeer (E5305)...
Ophalen: Borkum (K1083)...
Ophalen: Geilenkirchen (10500)...
Data voor 7 dagen
Kaart: kaart_sneeuw_donderdag_26mar2026.png
Kaart: kaart_sneeuw_vrijdag_27mar2026.png
Kaart: kaart_sneeuw_zaterdag_28mar2026.png
Kaart: kaart_sneeuw_zondag_29mar2026.png
Kaart: kaart_sneeuw_maandag_30mar2026.png
Kaart: kaart_sneeuw_dinsdag_31mar2026.png
Kaart: kaart_sneeuw_woensdag_01apr2026.png
MOSMIX ophalen (hagelkans Nederland)...
Ophalen: Eelde (06280)...
Ophalen: Terschelling (06250)...
Ophalen: Vlieland (06242)...
Ophalen: Leeuwarden (06270)...
Ophalen: Den Helder (06235)...
Ophalen: Amsterdam (06240)...
Ophalen: De Bilt (06260)...
Ophalen: Deelen (06275)...
Ophalen: Hoogeveen (06279)...
Ophalen: Enschede (06290)...
Ophalen: Vlissingen (06310)...
Ophalen: Hoek van Holland (06330)...
Ophalen: Rotterdam Airport (06344)...
Ophalen: Gilze Rijen (06350)...
Ophalen: Eindhoven (06370)...
Ophalen: Maastricht (06380)...
Ophalen: Gent (06431)...
Ophalen: Antwerpen (06450)...
Ophalen: Kleve (K1176)...
Ophalen: Brussel (06451)...
Ophalen: Kleine Brogel (06479)...
Ophalen: Dollart (E207)...
Ophalen: Wielen (P0122)...
Ophalen: Weeze (10405)...
Ophalen: Valkenburg (06210)...
Ophalen: Volkel (06375)...
Ophalen: Bocholt (10406)...
Ophalen: Nettetal (H512)...
Ophalen: IJsselmeer (E5305)...
Ophalen: Borkum (K1083)...
Ophalen: Geilenkirchen (10500)...
Data voor 7 dagen
Kaart: kaart_hagel_donderdag_26mar2026.png
Kaart: kaart_hagel_vrijdag_27mar2026.png
Kaart: kaart_hagel_zaterdag_28mar2026.png
Kaart: kaart_hagel_zondag_29mar2026.png
Kaart: kaart_hagel_maandag_30mar2026.png
Kaart: kaart_hagel_dinsdag_31mar2026.png
Kaart: kaart_hagel_woensdag_01apr2026.png
MOSMIX ophalen (temperatuur België)...
  Brussel (06451)...
  Gent (06431)...
  Antwerpen (06450)...
  Kleine Brogel (06479)...
  Oostende (06407)...
  Charleroi (06449)...
  Bierset (06478)...
  Spa (06490)...
  St-Hubert (06476)...
  Florennes (06456)...
  Lille (07015)...
  Heinerschied (F9600)...
  Beauvechain (06458)...
  Monschau (H908)...
  Brugge (P0155)...
  Charleville (07075)...
  Cambrai (07017)...
  Calais (P0437)...
  Saint-Quentin (07061)...
Data voor 7 dagen
Kaart: kaart_be_temp_donderdag_26mar2026.png
Kaart: kaart_be_temp_vrijdag_27mar2026.png
Kaart: kaart_be_temp_zaterdag_28mar2026.png
Kaart: kaart_be_temp_zondag_29mar2026.png
Kaart: kaart_be_temp_maandag_30mar2026.png
Kaart: kaart_be_temp_dinsdag_31mar2026.png
Kaart: kaart_be_temp_woensdag_01apr2026.png
MOSMIX ophalen (max temp dag 06-18u België)...
  Brussel (06451)...
  Gent (06431)...
  Antwerpen (06450)...
  Kleine Brogel (06479)...
  Oostende (06407)...
  Charleroi (06449)...
  Bierset (06478)...
  Spa (06490)...
  St-Hubert (06476)...
  Florennes (06456)...
  Lille (07015)...
  Heinerschied (F9600)...
  Beauvechain (06458)...
  Monschau (H908)...
  Brugge (P0155)...
  Charleville (07075)...
  Cambrai (07017)...
  Calais (P0437)...
  Saint-Quentin (07061)...
Data voor 7 dagen
Kaart: kaart_be_temp_dag_donderdag_26mar2026.png
Kaart: kaart_be_temp_dag_vrijdag_27mar2026.png
Kaart: kaart_be_temp_dag_zaterdag_28mar2026.png
Kaart: kaart_be_temp_dag_zondag_29mar2026.png
Kaart: kaart_be_temp_dag_maandag_30mar2026.png
Kaart: kaart_be_temp_dag_dinsdag_31mar2026.png
Kaart: kaart_be_temp_dag_woensdag_01apr2026.png
MOSMIX ophalen (min temp nacht 18-06u België)...
  Brussel (06451)...
  Gent (06431)...
  Antwerpen (06450)...
  Kleine Brogel (06479)...
  Oostende (06407)...
  Charleroi (06449)...
  Bierset (06478)...
  Spa (06490)...
  St-Hubert (06476)...
  Florennes (06456)...
  Lille (07015)...
  Heinerschied (F9600)...
  Beauvechain (06458)...
  Monschau (H908)...
  Brugge (P0155)...
  Charleville (07075)...
  Cambrai (07017)...
  Calais (P0437)...
  Saint-Quentin (07061)...
Data voor 7 dagen
Kaart: kaart_be_temp_nacht_donderdag_26mar2026.png
Kaart: kaart_be_temp_nacht_vrijdag_27mar2026.png
Kaart: kaart_be_temp_nacht_zaterdag_28mar2026.png
Kaart: kaart_be_temp_nacht_zondag_29mar2026.png
Kaart: kaart_be_temp_nacht_maandag_30mar2026.png
Kaart: kaart_be_temp_nacht_dinsdag_31mar2026.png
Kaart: kaart_be_temp_nacht_woensdag_01apr2026.png
MOSMIX ophalen (wind dag 06-18u België)...
  Brussel (06451)...
  Gent (06431)...
  Antwerpen (06450)...
  Kleine Brogel (06479)...
  Oostende (06407)...
  Charleroi (06449)...
  Bierset (06478)...
  Spa (06490)...
  St-Hubert (06476)...
  Florennes (06456)...
  Lille (07015)...
  Heinerschied (F9600)...
  Beauvechain (06458)...
  Monschau (H908)...
  Brugge (P0155)...
  Charleville (07075)...
  Cambrai (07017)...
  Calais (P0437)...
  Saint-Quentin (07061)...
Data voor 7 dagen
Kaart: kaart_be_wind_donderdag_26mar2026.png
Kaart: kaart_be_wind_vrijdag_27mar2026.png
Kaart: kaart_be_wind_zaterdag_28mar2026.png
Kaart: kaart_be_wind_zondag_29mar2026.png
Kaart: kaart_be_wind_maandag_30mar2026.png
Kaart: kaart_be_wind_dinsdag_31mar2026.png
Kaart: kaart_be_wind_woensdag_01apr2026.png
MOSMIX ophalen (wind nacht 18-06u België)...
  Brussel (06451)...
  Gent (06431)...
  Antwerpen (06450)...
  Kleine Brogel (06479)...
  Oostende (06407)...
  Charleroi (06449)...
  Bierset (06478)...
  Spa (06490)...
  St-Hubert (06476)...
  Florennes (06456)...
  Lille (07015)...
  Heinerschied (F9600)...
  Beauvechain (06458)...
  Monschau (H908)...
  Brugge (P0155)...
  Charleville (07075)...
  Cambrai (07017)...
  Calais (P0437)...
  Saint-Quentin (07061)...
Data voor 7 dagen
Kaart: kaart_be_wind_nacht_donderdag_26mar2026.png
Kaart: kaart_be_wind_nacht_vrijdag_27mar2026.png
Kaart: kaart_be_wind_nacht_zaterdag_28mar2026.png
Kaart: kaart_be_wind_nacht_zondag_29mar2026.png
Kaart: kaart_be_wind_nacht_maandag_30mar2026.png
Kaart: kaart_be_wind_nacht_dinsdag_31mar2026.png
Kaart: kaart_be_wind_nacht_woensdag_01apr2026.png
MOSMIX ophalen (zon België)...
  Brussel...
  Gent...
  Antwerpen...
  Kleine Brogel...
  Oostende...
  Charleroi...
  Bierset...
  Spa...
  St-Hubert...
  Florennes...
  Lille...
  Heinerschied...
  Beauvechain...
  Monschau...
  Brugge...
  Charleville...
  Cambrai...
  Calais...
  Saint-Quentin...
Kaart: kaart_be_zon_donderdag_26mar2026.png
Kaart: kaart_be_zon_vrijdag_27mar2026.png
Kaart: kaart_be_zon_zaterdag_28mar2026.png
Kaart: kaart_be_zon_zondag_29mar2026.png
Kaart: kaart_be_zon_maandag_30mar2026.png
Kaart: kaart_be_zon_dinsdag_31mar2026.png
Kaart: kaart_be_zon_woensdag_01apr2026.png
MOSMIX ophalen (neerslag België)...
  Brussel...
  Gent...
  Antwerpen...
  Kleine Brogel...
  Oostende...
  Charleroi...
  Bierset...
  Spa...
  St-Hubert...
  Florennes...
  Lille...
  Heinerschied...
  Beauvechain...
  Monschau...
  Brugge...
  Charleville...
  Cambrai...
  Calais...
  Saint-Quentin...
Kaart: kaart_be_regen_donderdag_26mar2026.png
Kaart: kaart_be_regen_vrijdag_27mar2026.png
Kaart: kaart_be_regen_zaterdag_28mar2026.png
Kaart: kaart_be_regen_zondag_29mar2026.png
Kaart: kaart_be_regen_maandag_30mar2026.png
Kaart: kaart_be_regen_dinsdag_31mar2026.png
Kaart: kaart_be_regen_woensdag_01apr2026.png
MOSMIX ophalen (mist België)...
  Brussel...
  Gent...
  Antwerpen...
  Kleine Brogel...
  Oostende...
  Charleroi...
  Bierset...
  Spa...
  St-Hubert...
  Florennes...
  Lille...
  Heinerschied...
  Beauvechain...
  Monschau...
  Brugge...
  Charleville...
  Cambrai...
  Calais...
  Saint-Quentin...
Kaart: kaart_be_mist_donderdag_26mar2026.png
Kaart: kaart_be_mist_vrijdag_27mar2026.png
Kaart: kaart_be_mist_zaterdag_28mar2026.png
Kaart: kaart_be_mist_zondag_29mar2026.png
Kaart: kaart_be_mist_maandag_30mar2026.png
Kaart: kaart_be_mist_dinsdag_31mar2026.png
Kaart: kaart_be_mist_woensdag_01apr2026.png
MOSMIX ophalen (onweer België)...
  Brussel...
  Gent...
  Antwerpen...
  Kleine Brogel...
  Oostende...
  Charleroi...
  Bierset...
  Spa...
  St-Hubert...
  Florennes...
  Lille...
  Heinerschied...
  Beauvechain...
  Monschau...
  Brugge...
  Charleville...
  Cambrai...
  Calais...
  Saint-Quentin...
Kaart: kaart_be_onweer_donderdag_26mar2026.png
Kaart: kaart_be_onweer_vrijdag_27mar2026.png
Kaart: kaart_be_onweer_zaterdag_28mar2026.png
Kaart: kaart_be_onweer_zondag_29mar2026.png
Kaart: kaart_be_onweer_maandag_30mar2026.png
Kaart: kaart_be_onweer_dinsdag_31mar2026.png
Kaart: kaart_be_onweer_woensdag_01apr2026.png

Bewolking België Vr 27 mrt...
  Brussel...
  Gent...
  Antwerpen...
  Kleine Brogel...
  Oostende...
  Charleroi...
  Bierset...
  Spa...
  St-Hubert...
  Florennes...
  Lille...
  Heinerschied...
  Beauvechain...
  Monschau...
  Brugge...
  Charleville...
  Cambrai...
  Calais...
  Saint-Quentin...
Kaart: kaart_be_bewolking_2026-03-27.png

Bewolking België Za 28 mrt...
  Brussel...
  Gent...
  Antwerpen...
  Kleine Brogel...
  Oostende...
  Charleroi...
  Bierset...
  Spa...
  St-Hubert...
  Florennes...
  Lille...
  Heinerschied...
  Beauvechain...
  Monschau...
  Brugge...
  Charleville...
  Cambrai...
  Calais...
  Saint-Quentin...
Kaart: kaart_be_bewolking_2026-03-28.png

Bewolking België Zo 29 mrt...
  Brussel...
  Gent...
  Antwerpen...
  Kleine Brogel...
  Oostende...
  Charleroi...
  Bierset...
  Spa...
  St-Hubert...
  Florennes...
  Lille...
  Heinerschied...
  Beauvechain...
  Monschau...
  Brugge...
  Charleville...
  Cambrai...
  Calais...
  Saint-Quentin...
Kaart: kaart_be_bewolking_2026-03-29.png

Bewolking België Ma 30 mrt...
  Brussel...
  Gent...
  Antwerpen...
  Kleine Brogel...
  Oostende...
  Charleroi...
  Bierset...
  Spa...
  St-Hubert...
  Florennes...
  Lille...
  Heinerschied...
  Beauvechain...
  Monschau...
  Brugge...
  Charleville...
  Cambrai...
  Calais...
  Saint-Quentin...
Kaart: kaart_be_bewolking_2026-03-30.png

Bewolking België Di 31 mrt...
  Brussel...
  Gent...
  Antwerpen...
  Kleine Brogel...
  Oostende...
  Charleroi...
  Bierset...
  Spa...
  St-Hubert...
  Florennes...
  Lille...
  Heinerschied...
  Beauvechain...
  Monschau...
  Brugge...
  Charleville...
  Cambrai...
  Calais...
  Saint-Quentin...
Kaart: kaart_be_bewolking_2026-03-31.png

Bewolking België Wo 1 apr...
  Brussel...
  Gent...
  Antwerpen...
  Kleine Brogel...
  Oostende...
  Charleroi...
  Bierset...
  Spa...
  St-Hubert...
  Florennes...
  Lille...
  Heinerschied...
  Beauvechain...
  Monschau...
  Brugge...
  Charleville...
  Cambrai...
  Calais...
  Saint-Quentin...
Kaart: kaart_be_bewolking_2026-04-01.png

Bewolking België Do 2 apr...
  Brussel...
  Gent...
  Antwerpen...
  Kleine Brogel...
  Oostende...
  Charleroi...
  Bierset...
  Spa...
  St-Hubert...
  Florennes...
  Lille...
  Heinerschied...
  Beauvechain...
  Monschau...
  Brugge...
  Charleville...
  Cambrai...
  Calais...
  Saint-Quentin...
Kaart: kaart_be_bewolking_2026-04-02.png

Bewolking België Vr 3 apr...
  Brussel...
  Gent...
  Antwerpen...
  Kleine Brogel...
  Oostende...
  Charleroi...
  Bierset...
  Spa...
  St-Hubert...
  Florennes...
  Lille...
  Heinerschied...
  Beauvechain...
  Monschau...
  Brugge...
  Charleville...
  Cambrai...
  Calais...
  Saint-Quentin...
Kaart: kaart_be_bewolking_2026-04-03.png

Bewolking België Za 4 apr...
  Brussel...
  Gent...
  Antwerpen...
  Kleine Brogel...
  Oostende...
  Charleroi...
  Bierset...
  Spa...
  St-Hubert...
  Florennes...
  Lille...
  Heinerschied...
  Beauvechain...
  Monschau...
  Brugge...
  Charleville...
  Cambrai...
  Calais...
  Saint-Quentin...
Kaart: kaart_be_bewolking_2026-04-04.png

Bewolking België Zo 5 apr...
  Brussel...
  Gent...
  Antwerpen...
  Kleine Brogel...
  Oostende...
  Charleroi...
  Bierset...
  Spa...
  St-Hubert...
  Florennes...
  Lille...
  Heinerschied...
  Beauvechain...
  Monschau...
  Brugge...
  Charleville...
  Cambrai...
  Calais...
  Saint-Quentin...
Kaart: kaart_be_bewolking_2026-04-05.png
MOSMIX ophalen (kans op sneeuw Belgie)...
  Brussel (06451)...
  Gent (06431)...
  Antwerpen (06450)...
  Kleine Brogel (06479)...
  Oostende (06407)...
  Charleroi (06449)...
  Bierset (06478)...
  Spa (06490)...
  St-Hubert (06476)...
  Florennes (06456)...
  Lille (07015)...
  Heinerschied (F9600)...
  Beauvechain (06458)...
  Monschau (H908)...
  Brugge (P0155)...
  Charleville (07075)...
  Cambrai (07017)...
  Calais (P0437)...
  Saint-Quentin (07061)...
Data voor 7 dagen
Kaart: kaart_be_sneeuw_donderdag_26mar2026.png
Kaart: kaart_be_sneeuw_vrijdag_27mar2026.png
Kaart: kaart_be_sneeuw_zaterdag_28mar2026.png
Kaart: kaart_be_sneeuw_zondag_29mar2026.png
Kaart: kaart_be_sneeuw_maandag_30mar2026.png
Kaart: kaart_be_sneeuw_dinsdag_31mar2026.png
Kaart: kaart_be_sneeuw_woensdag_01apr2026.png
MOSMIX ophalen (hagelkans Belgie)...
  Brussel (06451)...
  Gent (06431)...
  Antwerpen (06450)...
  Kleine Brogel (06479)...
  Oostende (06407)...
  Charleroi (06449)...
  Bierset (06478)...
  Spa (06490)...
  St-Hubert (06476)...
  Florennes (06456)...
  Lille (07015)...
  Heinerschied (F9600)...
  Beauvechain (06458)...
  Monschau (H908)...
  Brugge (P0155)...
  Charleville (07075)...
  Cambrai (07017)...
  Calais (P0437)...
  Saint-Quentin (07061)...
Data voor 7 dagen
Kaart: kaart_be_hagel_donderdag_26mar2026.png
Kaart: kaart_be_hagel_vrijdag_27mar2026.png
Kaart: kaart_be_hagel_zaterdag_28mar2026.png
Kaart: kaart_be_hagel_zondag_29mar2026.png
Kaart: kaart_be_hagel_maandag_30mar2026.png
Kaart: kaart_be_hagel_dinsdag_31mar2026.png
Kaart: kaart_be_hagel_woensdag_01apr2026.png
MOSMIX ophalen (gevoelstemperatuur België)...
  Brussel (06451)...
  Gent (06431)...
  Antwerpen (06450)...
  Kleine Brogel (06479)...
  Oostende (06407)...
  Charleroi (06449)...
  Bierset (06478)...
  Spa (06490)...
  St-Hubert (06476)...
  Florennes (06456)...
  Lille (07015)...
  Heinerschied (F9600)...
  Beauvechain (06458)...
  Monschau (H908)...
  Brugge (P0155)...
  Charleville (07075)...
  Cambrai (07017)...
  Calais (P0437)...
  Saint-Quentin (07061)...
Data voor 7 dagen
Kaart: kaart_be_gevoels_donderdag_26mar2026.png
Kaart: kaart_be_gevoels_vrijdag_27mar2026.png
Kaart: kaart_be_gevoels_zaterdag_28mar2026.png
Kaart: kaart_be_gevoels_zondag_29mar2026.png
Kaart: kaart_be_gevoels_maandag_30mar2026.png
Kaart: kaart_be_gevoels_dinsdag_31mar2026.png
Kaart: kaart_be_gevoels_woensdag_01apr2026.png
MOSMIX ophalen (dauwpunt Belgie)...
  Brussel (06451)...
  Gent (06431)...
  Antwerpen (06450)...
  Kleine Brogel (06479)...
  Oostende (06407)...
  Charleroi (06449)...
  Bierset (06478)...
  Spa (06490)...
  St-Hubert (06476)...
  Florennes (06456)...
  Lille (07015)...
  Heinerschied (F9600)...
  Beauvechain (06458)...
  Monschau (H908)...
  Brugge (P0155)...
  Charleville (07075)...
  Cambrai (07017)...
  Calais (P0437)...
  Saint-Quentin (07061)...
Data voor 7 dagen
Kaart: kaart_be_dauwpunt_donderdag_26mar2026.png
Kaart: kaart_be_dauwpunt_vrijdag_27mar2026.png
Kaart: kaart_be_dauwpunt_zaterdag_28mar2026.png
Kaart: kaart_be_dauwpunt_zondag_29mar2026.png
Kaart: kaart_be_dauwpunt_maandag_30mar2026.png
Kaart: kaart_be_dauwpunt_dinsdag_31mar2026.png
Kaart: kaart_be_dauwpunt_woensdag_01apr2026.png
MOSMIX ophalen (grondtemperatuur 5cm België)...
  Brussel (06451)...
  Gent (06431)...
  Antwerpen (06450)...
  Kleine Brogel (06479)...
  Oostende (06407)...
  Charleroi (06449)...
  Bierset (06478)...
  Spa (06490)...
  St-Hubert (06476)...
  Florennes (06456)...
  Lille (07015)...
  Heinerschied (F9600)...
  Beauvechain (06458)...
  Monschau (H908)...
  Brugge (P0155)...
  Charleville (07075)...
  Cambrai (07017)...
  Calais (P0437)...
  Saint-Quentin (07061)...
Data voor 7 dagen
Kaart: kaart_be_t5cm_donderdag_26mar2026.png
Kaart: kaart_be_t5cm_vrijdag_27mar2026.png
Kaart: kaart_be_t5cm_zaterdag_28mar2026.png
Kaart: kaart_be_t5cm_zondag_29mar2026.png
Kaart: kaart_be_t5cm_maandag_30mar2026.png
Kaart: kaart_be_t5cm_dinsdag_31mar2026.png
Kaart: kaart_be_t5cm_woensdag_01apr2026.png
MOSMIX ophalen: De Bilt (06260)...
  2026-03-26: TX=7.7 TN=2.4 RR=2.6
  2026-03-27: TX=10.4 TN=-1.3 RR=1.2
  2026-03-28: TX=10.8 TN=5.6 RR=3.5
  2026-03-29: TX=10.7 TN=1.1 RR=0.7
MOSMIX ophalen: Hoek van Holland (06330)...
  2026-03-26: TX=6.7 TN=3.0 RR=0.0
  2026-03-27: TX=10.4 TN=2.9 RR=0.0
  2026-03-28: TX=9.7 TN=6.9 RR=0.0
  2026-03-29: TX=9.8 TN=5.0 RR=0.0
MOSMIX ophalen: Rotterdam (06344)...
  2026-03-26: TX=7.5 TN=1.7 RR=3.4
  2026-03-27: TX=10.2 TN=-0.3 RR=2.2
  2026-03-28: TX=10.1 TN=6.1 RR=4.1
  2026-03-29: TX=10.4 TN=1.9 RR=0.0
MOSMIX ophalen: Enschede (06290)...
  2026-03-26: TX=7.9 TN=1.2 RR=1.4
  2026-03-27: TX=10.5 TN=-2.6 RR=0.0
  2026-03-28: TX=10.4 TN=5.2 RR=4.6
  2026-03-29: TX=11.0 TN=-0.6 RR=0.0
MOSMIX ophalen: Eelde (06280)...
  2026-03-26: TX=7.7 TN=1.2 RR=2.3
  2026-03-27: TX=10.4 TN=-2.6 RR=0.9
  2026-03-28: TX=10.5 TN=4.6 RR=3.8
  2026-03-29: TX=10.6 TN=-0.2 RR=4.1
MOSMIX ophalen: Maastricht (06380)...
  2026-03-26: TX=7.2 TN=1.4 RR=2.8
  2026-03-27: TX=9.9 TN=-1.9 RR=0.1
  2026-03-28: TX=9.6 TN=4.5 RR=5.4
  2026-03-29: TX=10.7 TN=0.5 RR=0.0
MOSMIX ophalen: Terschelling (06250)...
  2026-03-26: TX=7.0 TN=3.7 RR=1.0
  2026-03-27: TX=9.8 TN=2.5 RR=2.8
  2026-03-28: TX=9.4 TN=5.3 RR=2.0
  2026-03-29: TX=9.1 TN=3.8 RR=4.2
MOSMIX ophalen: Vlissingen (06310)...
  2026-03-26: TX=7.3 TN=2.8 RR=2.2
  2026-03-27: TX=9.5 TN=3.8 RR=2.5
  2026-03-28: TX=9.8 TN=7.0 RR=3.3
  2026-03-29: TX=9.7 TN=5.2 RR=0.0
MOSMIX ophalen: Deelen (06275)...
  2026-03-26: TX=7.6 TN=-0.5 RR=1.3
  2026-03-27: TX=10.5 TN=-3.6 RR=0.7
  2026-03-28: TX=11.1 TN=5.1 RR=4.2
  2026-03-29: TX=10.9 TN=-1.3 RR=2.9
MOSMIX ophalen: Gilze-Rijen (06350)...
  2026-03-26: TX=8.3 TN=1.3 RR=3.2
  2026-03-27: TX=10.5 TN=-1.7 RR=0.5
  2026-03-28: TX=11.1 TN=5.7 RR=3.8
  2026-03-29: TX=11.4 TN=0.3 RR=0.0

beta_debilt.json opgeslagen (10 stations)
MOSMIX + Harmonie voorspellingen ophalen voor archief...
  De Bilt...
  Hoek van Holland...
  Rotterdam...
  Enschede...
  Eelde...
  Maastricht...
  Terschelling...
  Vlissingen...
  Deelen...
  Gilze-Rijen...
Archief opgeslagen (beta_verificatie_archive.json)

Werkelijke metingen ophalen (afgelopen 3 dagen)...
  De Bilt 2026-03-25: TX=11.5 TN=2.4
  De Bilt 2026-03-24: TX=14.3 TN=6.4
  De Bilt 2026-03-23: TX=15.1 TN=2.1
  Hoek van Holland 2026-03-25: TX=10.8 TN=3.5
  Hoek van Holland 2026-03-24: TX=11.6 TN=8.4
  Hoek van Holland 2026-03-23: TX=12.0 TN=4.3
  Rotterdam 2026-03-25: TX=11.0 TN=1.8
  Rotterdam 2026-03-24: TX=13.2 TN=6.5
  Rotterdam 2026-03-23: TX=14.2 TN=2.8
  Enschede 2026-03-25: TX=13.0 TN=0.9
  Enschede 2026-03-24: TX=15.7 TN=1.8
  Enschede 2026-03-23: TX=16.3 TN=-0.5
  Eelde 2026-03-25: TX=11.4 TN=1.8
  Eelde 2026-03-24: TX=12.7 TN=2.1
  Eelde 2026-03-23: TX=14.3 TN=-0.1
  Maastricht 2026-03-25: TX=12.6 TN=1.4
  Maastricht 2026-03-24: TX=16.7 TN=5.5
  Maastricht 2026-03-23: TX=15.5 TN=2.1
  Terschelling 2026-03-25: TX=9.9 TN=4.1
  Terschelling 2026-03-24: TX=10.4 TN=8.1
  Terschelling 2026-03-23: TX=10.7 TN=0.9
  Vlissingen 2026-03-25: TX=10.3 TN=2.4
  Vlissingen 2026-03-24: TX=12.9 TN=7.8
  Vlissingen 2026-03-23: TX=12.7 TN=6.8
  Deelen 2026-03-25: TX=12.6 TN=1.4
  Deelen 2026-03-24: TX=15.3 TN=1.8
  Deelen 2026-03-23: TX=16.0 TN=-0.9
  Gilze-Rijen 2026-03-25: TX=13.0 TN=2.3
  Gilze-Rijen 2026-03-24: TX=15.9 TN=4.2
  Gilze-Rijen 2026-03-23: TX=15.3 TN=0.6

beta_verificatie.json opgeslagen (10 stations)
MOSMIX ophalen (trend)...
  De Bilt (06260)...
  De Kooy (06235)...
  Eelde (06280)...
  Vlissingen (06310)...
  Beek (06380)...
  Rotterdam (06344)...
  Hoek v. Holland (06330)...
  Twenthe (06290)...
  Eindhoven (06370)...
  Wind Vlieland (06242)...
  Wind De Kooy (06235)...
  Wind Leeuwarden (06270)...
  Wind Hoek v. Holland (06330)...
  Wind Vlissingen (06310)...
JSON opgeslagen: grafiek_trend.json
Grafiek opgeslagen: grafiek_trend.png
MOSMIX ophalen (trend België)...
  Brussel (06451)...
  Gent (06431)...
  Antwerpen (06450)...
  Oostende (06407)...
  Bierset (06478)...
  Charleroi (06449)...
  Sint-Hubert (06476)...
  Kleine Brogel (06479)...
  Florennes (06456)...
  Wind Oostende (06407)...
  Wind Brussel (06451)...
  Wind Bierset (06478)...
  Wind Kleine Brogel (06479)...
  Wind Sint-Hubert (06476)...
JSON: grafiek_trend_be.json
Grafiek: grafiek_trend_be.png
Bestaande data geladen: 85 dagen
  Ophalen 2026-03-26 (tot nu)...
    TX top3: [(6.9, 'Rotterdam Airport', '09:30'), (6.9, 'Hoek van Holland', '09:10'), (6.8, 'Wijk aan Zee', '09:30')]
    TN top3: [(-1.2, 'Deelen', '05:40'), (0.4, 'Herwijnen', '06:50'), (0.6, 'Heino', '06:40')]
    RR top3: [(13.3, 'Westdorpe'), (3.4, 'Woensdrecht'), (2.7, 'Hoek van Holland')]
  2026-01-01: al in cache, overgeslagen
  2026-01-02: al in cache, overgeslagen
  2026-01-03: al in cache, overgeslagen
  2026-01-04: al in cache, overgeslagen
  2026-01-05: al in cache, overgeslagen
  2026-01-06: al in cache, overgeslagen
  2026-01-07: al in cache, overgeslagen
  2026-01-08: al in cache, overgeslagen
  2026-01-09: al in cache, overgeslagen
  2026-01-10: al in cache, overgeslagen
  2026-01-11: al in cache, overgeslagen
  2026-01-12: al in cache, overgeslagen
  2026-01-13: al in cache, overgeslagen
  2026-01-14: al in cache, overgeslagen
  2026-01-15: al in cache, overgeslagen
  2026-01-16: al in cache, overgeslagen
  2026-01-17: al in cache, overgeslagen
  2026-01-18: al in cache, overgeslagen
  2026-01-19: al in cache, overgeslagen
  2026-01-20: al in cache, overgeslagen
  2026-01-21: al in cache, overgeslagen
  2026-01-22: al in cache, overgeslagen
  2026-01-23: al in cache, overgeslagen
  2026-01-24: al in cache, overgeslagen
  2026-01-25: al in cache, overgeslagen
  2026-01-26: al in cache, overgeslagen
  2026-01-27: al in cache, overgeslagen
  2026-01-28: al in cache, overgeslagen
  2026-01-29: al in cache, overgeslagen
  2026-01-30: al in cache, overgeslagen
  2026-01-31: al in cache, overgeslagen
  2026-02-01: al in cache, overgeslagen
  2026-02-02: al in cache, overgeslagen
  2026-02-03: al in cache, overgeslagen
  2026-02-04: al in cache, overgeslagen
  2026-02-05: al in cache, overgeslagen
  2026-02-06: al in cache, overgeslagen
  2026-02-07: al in cache, overgeslagen
  2026-02-08: al in cache, overgeslagen
  2026-02-09: al in cache, overgeslagen
  2026-02-10: al in cache, overgeslagen
  2026-02-11: al in cache, overgeslagen
  2026-02-12: al in cache, overgeslagen
  2026-02-13: al in cache, overgeslagen
  2026-02-14: al in cache, overgeslagen
  2026-02-15: al in cache, overgeslagen
  2026-02-16: al in cache, overgeslagen
  2026-02-17: al in cache, overgeslagen
  2026-02-18: al in cache, overgeslagen
  2026-02-19: al in cache, overgeslagen
  2026-02-20: al in cache, overgeslagen
  2026-02-21: al in cache, overgeslagen
  2026-02-22: al in cache, overgeslagen
  2026-02-23: al in cache, overgeslagen
  2026-02-24: al in cache, overgeslagen
  2026-02-25: al in cache, overgeslagen
  2026-02-26: al in cache, overgeslagen
  2026-02-27: al in cache, overgeslagen
  2026-02-28: al in cache, overgeslagen
  2026-03-01: al in cache, overgeslagen
  2026-03-02: al in cache, overgeslagen
  2026-03-03: al in cache, overgeslagen
  2026-03-04: al in cache, overgeslagen
  2026-03-05: al in cache, overgeslagen
  2026-03-06: al in cache, overgeslagen
  2026-03-07: al in cache, overgeslagen
  2026-03-08: al in cache, overgeslagen
  2026-03-09: al in cache, overgeslagen
  2026-03-10: al in cache, overgeslagen
  2026-03-11: al in cache, overgeslagen
  2026-03-12: al in cache, overgeslagen
  2026-03-13: al in cache, overgeslagen
  2026-03-14: al in cache, overgeslagen
  2026-03-15: al in cache, overgeslagen
  2026-03-16: al in cache, overgeslagen
  2026-03-17: al in cache, overgeslagen
  2026-03-18: al in cache, overgeslagen
  2026-03-19: al in cache, overgeslagen
  2026-03-20: al in cache, overgeslagen
  2026-03-21: al in cache, overgeslagen
  2026-03-22: al in cache, overgeslagen
  2026-03-23: al in cache, overgeslagen
  2026-03-24: al in cache, overgeslagen
  2026-03-25: al in cache, overgeslagen

toplijst.json bijgewerkt (85 dagen)
Kaarten maken voor 2026-03-17...
  → klaar voor 2026-03-17
Kaarten maken voor 2026-03-18...
  → klaar voor 2026-03-18
Kaarten maken voor 2026-03-19...
  → klaar voor 2026-03-19
Kaarten maken voor 2026-03-20...
  → klaar voor 2026-03-20
Kaarten maken voor 2026-03-21...
  → klaar voor 2026-03-21
Kaarten maken voor 2026-03-22...
  → klaar voor 2026-03-22
Kaarten maken voor 2026-03-23...
  → klaar voor 2026-03-23
Kaarten maken voor 2026-03-24...
  → klaar voor 2026-03-24
Kaarten maken voor 2026-03-25...
  → klaar voor 2026-03-25
Kaarten maken voor 2026-03-26...
  → klaar voor 2026-03-26
Alle waarnemingskaarten klaar!
index.json: 287 kaarten
ok: /Users/aldus/Desktop/KNMI_Project/weerkaarten 2/p13_records.html
Grootte: 17295 chars
Pluim: De Bilt...
  Opgeslagen: kaart_pluim_lijnen_de_bilt.png
Pluim: Rotterdam...
  Opgeslagen: kaart_pluim_lijnen_rotterdam.png
Pluim: Barendrecht...
  Opgeslagen: kaart_pluim_lijnen_barendrecht.png
Pluim: Maastricht...
  Opgeslagen: kaart_pluim_lijnen_maastricht.png
Pluim: Eelde...
  Opgeslagen: kaart_pluim_lijnen_eelde.png
Pluim: Vlissingen...
  Opgeslagen: kaart_pluim_lijnen_vlissingen.png
Pluim: Enschede...
  Opgeslagen: kaart_pluim_lijnen_enschede.png

Klaar!

Pluim: De Bilt...
  Opgeslagen: kaart_pluim_compleet_de_bilt.png

Pluim: Rotterdam...
  Opgeslagen: kaart_pluim_compleet_rotterdam.png

Pluim: Barendrecht...
  Opgeslagen: kaart_pluim_compleet_barendrecht.png

Pluim: Vlissingen...
  Opgeslagen: kaart_pluim_compleet_vlissingen.png

Pluim: Eelde...
  Opgeslagen: kaart_pluim_compleet_eelde.png

Pluim: Maastricht...
  Opgeslagen: kaart_pluim_compleet_maastricht.png

Klaar!

Multimodel neerslag: De Bilt...
  ECMWF ENS...
    51 leden × 384 stappen
  ICON-EPS...
    40 leden × 168 stappen
  GFS ENS...
    31 leden × 384 stappen
  Opgeslagen: kaart_pluim_multi_neerslag_de_bilt.png

Multimodel neerslag: Rotterdam...
  ECMWF ENS...
    51 leden × 384 stappen
  ICON-EPS...
    40 leden × 168 stappen
  GFS ENS...
    31 leden × 384 stappen
  Opgeslagen: kaart_pluim_multi_neerslag_rotterdam.png

Multimodel neerslag: Barendrecht...
  ECMWF ENS...
    51 leden × 384 stappen
  ICON-EPS...
    40 leden × 168 stappen
  GFS ENS...
    31 leden × 384 stappen
  Opgeslagen: kaart_pluim_multi_neerslag_barendrecht.png

Multimodel neerslag: Vlissingen...
  ECMWF ENS...
    51 leden × 384 stappen
  ICON-EPS...
    40 leden × 168 stappen
  GFS ENS...
    31 leden × 384 stappen
  Opgeslagen: kaart_pluim_multi_neerslag_vlissingen.png

Multimodel neerslag: Eelde...
  ECMWF ENS...
    51 leden × 384 stappen
  ICON-EPS...
    40 leden × 168 stappen
  GFS ENS...
    31 leden × 384 stappen
  Opgeslagen: kaart_pluim_multi_neerslag_eelde.png

Multimodel neerslag: Maastricht...
  ECMWF ENS...
    51 leden × 384 stappen
  ICON-EPS...
    40 leden × 168 stappen
  GFS ENS...
    31 leden × 384 stappen
  Opgeslagen: kaart_pluim_multi_neerslag_maastricht.png

Klaar!

Multimodel pluim: De Bilt...
  ECMWF ENS...
    51 leden × 384 stappen
  ICON-EPS...
    40 leden × 168 stappen
  GFS ENS...
    31 leden × 384 stappen
  Opgeslagen: kaart_pluim_multi_de_bilt.png

Multimodel pluim: Rotterdam...
  ECMWF ENS...
    51 leden × 384 stappen
  ICON-EPS...
    40 leden × 168 stappen
  GFS ENS...
    31 leden × 384 stappen
  Opgeslagen: kaart_pluim_multi_rotterdam.png

Multimodel pluim: Barendrecht...
  ECMWF ENS...
    51 leden × 384 stappen
  ICON-EPS...
    40 leden × 168 stappen
  GFS ENS...
    31 leden × 384 stappen
  Opgeslagen: kaart_pluim_multi_barendrecht.png

Multimodel pluim: Vlissingen...
  ECMWF ENS...
    51 leden × 384 stappen
  ICON-EPS...
    40 leden × 168 stappen
  GFS ENS...
    31 leden × 384 stappen
  Opgeslagen: kaart_pluim_multi_vlissingen.png

Multimodel pluim: Eelde...
  ECMWF ENS...
    51 leden × 384 stappen
  ICON-EPS...
    40 leden × 168 stappen
  GFS ENS...
    31 leden × 384 stappen
  Opgeslagen: kaart_pluim_multi_eelde.png

Multimodel pluim: Maastricht...
  ECMWF ENS...
    51 leden × 384 stappen
  ICON-EPS...
    40 leden × 168 stappen
  GFS ENS...
    31 leden × 384 stappen
  Opgeslagen: kaart_pluim_multi_maastricht.png

Klaar!

Multimodel wind: De Bilt...
  ECMWF ENS...
    51 leden × 384 stappen
  ICON-EPS...
    40 leden × 168 stappen
  GFS ENS...
    31 leden × 384 stappen
  Opgeslagen: kaart_pluim_multi_wind_de_bilt.png

Multimodel wind: Rotterdam...
  ECMWF ENS...
    51 leden × 384 stappen
  ICON-EPS...
    40 leden × 168 stappen
  GFS ENS...
    31 leden × 384 stappen
  Opgeslagen: kaart_pluim_multi_wind_rotterdam.png

Multimodel wind: Barendrecht...
  ECMWF ENS...
    51 leden × 384 stappen
  ICON-EPS...
    40 leden × 168 stappen
  GFS ENS...
    31 leden × 384 stappen
  Opgeslagen: kaart_pluim_multi_wind_barendrecht.png

Multimodel wind: Vlissingen...
  ECMWF ENS...
    51 leden × 384 stappen
  ICON-EPS...
    40 leden × 168 stappen
  GFS ENS...
    31 leden × 384 stappen
  Opgeslagen: kaart_pluim_multi_wind_vlissingen.png

Multimodel wind: Eelde...
  ECMWF ENS...
    51 leden × 384 stappen
  ICON-EPS...
    40 leden × 168 stappen
  GFS ENS...
    31 leden × 384 stappen
  Opgeslagen: kaart_pluim_multi_wind_eelde.png

Multimodel wind: Maastricht...
  ECMWF ENS...
    FOUT: 429 Client Error: Too Many Requests for url: https://ensemble-api.open-meteo.com/v1/ensemble?latitude=50.91&longitude=5.77&hourly=windspeed_10m,windgusts_10m,winddirection_10m&models=ecmwf_ifs025&wind_speed_unit=kmh&timezone=Europe/Amsterdam&forecast_days=16
  ICON-EPS...
    FOUT: 429 Client Error: Too Many Requests for url: https://ensemble-api.open-meteo.com/v1/ensemble?latitude=50.91&longitude=5.77&hourly=windspeed_10m,windgusts_10m,winddirection_10m&models=icon_seamless&wind_speed_unit=kmh&timezone=Europe/Amsterdam&forecast_days=7
  GFS ENS...
    FOUT: 429 Client Error: Too Many Requests for url: https://ensemble-api.open-meteo.com/v1/ensemble?latitude=50.91&longitude=5.77&hourly=windspeed_10m,windgusts_10m,winddirection_10m&models=gfs025&wind_speed_unit=kmh&timezone=Europe/Amsterdam&forecast_days=16
  Geen data

Klaar!
[main e3918442] Kaarten update 2026-03-26 09:36
 345 files changed, 2453 insertions(+), 11 deletions(-)
 create mode 100644 kaart_gevoels_woensdag_01apr2026.png
 create mode 100644 kaart_onweer_woensdag_01apr2026.png
 create mode 100644 kaart_regen_woensdag_01apr2026.png
 delete mode 100644 kaart_synop_20260326_0252.png
 delete mode 100644 kaart_synop_20260326_0304.png
 delete mode 100644 kaart_synop_20260326_0315.png
 delete mode 100644 kaart_synop_20260326_0327.png
 delete mode 100644 kaart_synop_20260326_0338.png
 delete mode 100644 kaart_synop_20260326_0349.png
 delete mode 100644 kaart_synop_20260326_0401.png
 delete mode 100644 kaart_synop_20260326_0412.png
 delete mode 100644 kaart_synop_20260326_0424.png
 delete mode 100644 kaart_synop_20260326_0435.png
 delete mode 100644 kaart_synop_20260326_0447.png
 delete mode 100644 kaart_synop_20260326_0458.png
 delete mode 100644 kaart_synop_20260326_0509.png
 delete mode 100644 kaart_synop_20260326_0520.png
 delete mode 100644 kaart_synop_20260326_0531.png
 delete mode 100644 kaart_synop_20260326_0543.png
 delete mode 100644 kaart_synop_20260326_0554.png
 delete mode 100644 kaart_synop_20260326_0605.png
 delete mode 100644 kaart_synop_20260326_0616.png
 delete mode 100644 kaart_synop_20260326_0628.png
 delete mode 100644 kaart_synop_20260326_0639.png
 delete mode 100644 kaart_synop_20260326_0650.png
 delete mode 100644 kaart_synop_20260326_0701.png
 delete mode 100644 kaart_synop_20260326_0713.png
 delete mode 100644 kaart_synop_20260326_0724.png
 delete mode 100644 kaart_synop_20260326_0736.png
 create mode 100644 kaart_zon_woensdag_01apr2026.png
  ZIP downloaden station 260...
  EDR aanvullen De Bilt van 2026-03-26 t/m 2026-03-26...
    EDR fout 260: 403 Client Error: Forbidden for url: https://api.dataplatform.knmi.nl/edr/v1/collections/daily-in-situ-meteorological-observations-validated/locations/0-20000-0-06260?datetime=2026-03-26T00:00:00Z/2026-03-26T23:59:59Z&parameter-name=TX,TN,RH,SQ
  Opgeslagen: maanddata_260.json (45740 dagen)
  ZIP downloaden station 235...
  EDR aanvullen Den Helder van 2026-03-26 t/m 2026-03-26...
    EDR fout 235: 403 Client Error: Forbidden for url: https://api.dataplatform.knmi.nl/edr/v1/collections/daily-in-situ-meteorological-observations-validated/locations/0-20000-0-06235?datetime=2026-03-26T00:00:00Z/2026-03-26T23:59:59Z&parameter-name=TX,TN,RH,SQ
  Opgeslagen: maanddata_235.json (43914 dagen)
  ZIP downloaden station 280...
  EDR aanvullen Eelde van 2026-03-26 t/m 2026-03-26...
    EDR fout 280: 403 Client Error: Forbidden for url: https://api.dataplatform.knmi.nl/edr/v1/collections/daily-in-situ-meteorological-observations-validated/locations/0-20000-0-06280?datetime=2026-03-26T00:00:00Z/2026-03-26T23:59:59Z&parameter-name=TX,TN,RH,SQ
  Opgeslagen: maanddata_280.json (43914 dagen)
  ZIP downloaden station 310...
  EDR aanvullen Vlissingen van 2026-03-26 t/m 2026-03-26...
    EDR fout 310: 403 Client Error: Forbidden for url: https://api.dataplatform.knmi.nl/edr/v1/collections/daily-in-situ-meteorological-observations-validated/locations/0-20000-0-06310?datetime=2026-03-26T00:00:00Z/2026-03-26T23:59:59Z&parameter-name=TX,TN,RH,SQ
  Opgeslagen: maanddata_310.json (43914 dagen)
  ZIP downloaden station 380...
  EDR aanvullen Maastricht van 2026-03-26 t/m 2026-03-26...
    EDR fout 380: 403 Client Error: Forbidden for url: https://api.dataplatform.knmi.nl/edr/v1/collections/daily-in-situ-meteorological-observations-validated/locations/0-20000-0-06380?datetime=2026-03-26T00:00:00Z/2026-03-26T23:59:59Z&parameter-name=TX,TN,RH,SQ
  Opgeslagen: maanddata_380.json (43914 dagen)
  ZIP downloaden station 330...
  EDR aanvullen Hoek van Holland van 2026-03-26 t/m 2026-03-26...
    EDR fout 330: 403 Client Error: Forbidden for url: https://api.dataplatform.knmi.nl/edr/v1/collections/daily-in-situ-meteorological-observations-validated/locations/0-20000-0-06330?datetime=2026-03-26T00:00:00Z/2026-03-26T23:59:59Z&parameter-name=TX,TN,RH,SQ
  Opgeslagen: maanddata_330.json (20173 dagen)
  ZIP downloaden station 344...
  EDR aanvullen Rotterdam Airport van 2026-03-26 t/m 2026-03-26...
    EDR fout 344: 403 Client Error: Forbidden for url: https://api.dataplatform.knmi.nl/edr/v1/collections/daily-in-situ-meteorological-observations-validated/locations/0-20000-0-06344?datetime=2026-03-26T00:00:00Z/2026-03-26T23:59:59Z&parameter-name=TX,TN,RH,SQ
  Opgeslagen: maanddata_344.json (25378 dagen)
Klaar!
MOSMIX ophalen (max temp dag 06-18u)...
Ophalen: Eelde (06280)...
Ophalen: Terschelling (06250)...
Ophalen: Vlieland (06242)...
Ophalen: Leeuwarden (06270)...
Ophalen: Den Helder (06235)...
Ophalen: Amsterdam (06240)...
Ophalen: De Bilt (06260)...
Ophalen: Deelen (06275)...
Ophalen: Hoogeveen (06279)...
Ophalen: Enschede (06290)...
Ophalen: Vlissingen (06310)...
Ophalen: Hoek van Holland (06330)...
Ophalen: Rotterdam Airport (06344)...
Ophalen: Gilze Rijen (06350)...
Ophalen: Eindhoven (06370)...
Ophalen: Maastricht (06380)...
Ophalen: Gent (06431)...
Ophalen: Antwerpen (06450)...
Ophalen: Kleve (K1176)...
Ophalen: Brussel (06451)...
Ophalen: Kleine Brogel (06479)...
Ophalen: Dollart (E207)...
Ophalen: Wielen (P0122)...
Ophalen: Weeze (10405)...
Ophalen: Valkenburg (06210)...
Ophalen: Volkel (06375)...
Ophalen: Bocholt (10406)...
Ophalen: Nettetal (H512)...
Ophalen: IJsselmeer (E5305)...
Ophalen: Borkum (K1083)...
Ophalen: Geilenkirchen (10500)...
Data voor 7 dagen
Kaart: kaart_temp_dag_donderdag_26mar2026.png
Kaart: kaart_temp_dag_vrijdag_27mar2026.png
Kaart: kaart_temp_dag_zaterdag_28mar2026.png
Kaart: kaart_temp_dag_zondag_29mar2026.png
Kaart: kaart_temp_dag_maandag_30mar2026.png
Kaart: kaart_temp_dag_dinsdag_31mar2026.png
Kaart: kaart_temp_dag_woensdag_01apr2026.png
MOSMIX ophalen (min temp nacht 18-06u)...
Ophalen: Eelde (06280)...
Ophalen: Terschelling (06250)...
Ophalen: Vlieland (06242)...
Ophalen: Leeuwarden (06270)...
Ophalen: Den Helder (06235)...
Ophalen: Amsterdam (06240)...
Ophalen: De Bilt (06260)...
Ophalen: Deelen (06275)...
Ophalen: Hoogeveen (06279)...
Ophalen: Enschede (06290)...
Ophalen: Vlissingen (06310)...
Ophalen: Hoek van Holland (06330)...
Ophalen: Rotterdam Airport (06344)...
Ophalen: Gilze Rijen (06350)...
Ophalen: Eindhoven (06370)...
Ophalen: Maastricht (06380)...
Ophalen: Gent (06431)...
Ophalen: Antwerpen (06450)...
Ophalen: Kleve (K1176)...
Ophalen: Brussel (06451)...
Ophalen: Kleine Brogel (06479)...
Ophalen: Dollart (E207)...
Ophalen: Wielen (P0122)...
Ophalen: Weeze (10405)...
Ophalen: Valkenburg (06210)...
Ophalen: Volkel (06375)...
Ophalen: Bocholt (10406)...
Ophalen: Nettetal (H512)...
Ophalen: IJsselmeer (E5305)...
Ophalen: Borkum (K1083)...
Ophalen: Geilenkirchen (10500)...
Data voor 7 dagen
Kaart: kaart_temp_nacht_woensdag_25mar2026.png
Kaart: kaart_temp_nacht_donderdag_26mar2026.png
Kaart: kaart_temp_nacht_vrijdag_27mar2026.png
Kaart: kaart_temp_nacht_zaterdag_28mar2026.png
Kaart: kaart_temp_nacht_zondag_29mar2026.png
Kaart: kaart_temp_nacht_maandag_30mar2026.png
Kaart: kaart_temp_nacht_dinsdag_31mar2026.png
MOSMIX ophalen (max temp dag 06-18u België)...
  Brussel (06451)...
  Gent (06431)...
  Antwerpen (06450)...
  Kleine Brogel (06479)...
  Oostende (06407)...
  Charleroi (06449)...
  Bierset (06478)...
  Spa (06490)...
  St-Hubert (06476)...
  Florennes (06456)...
  Lille (07015)...
  Heinerschied (F9600)...
  Beauvechain (06458)...
  Monschau (H908)...
  Brugge (P0155)...
  Charleville (07075)...
  Cambrai (07017)...
  Calais (P0437)...
  Saint-Quentin (07061)...
Data voor 7 dagen
Kaart: kaart_be_temp_dag_donderdag_26mar2026.png
Kaart: kaart_be_temp_dag_vrijdag_27mar2026.png
Kaart: kaart_be_temp_dag_zaterdag_28mar2026.png
Kaart: kaart_be_temp_dag_zondag_29mar2026.png
Kaart: kaart_be_temp_dag_maandag_30mar2026.png
Kaart: kaart_be_temp_dag_dinsdag_31mar2026.png
Kaart: kaart_be_temp_dag_woensdag_01apr2026.png
MOSMIX ophalen (min temp nacht 18-06u België)...
  Brussel (06451)...
  Gent (06431)...
  Antwerpen (06450)...
  Kleine Brogel (06479)...
  Oostende (06407)...
  Charleroi (06449)...
  Bierset (06478)...
  Spa (06490)...
  St-Hubert (06476)...
  Florennes (06456)...
  Lille (07015)...
  Heinerschied (F9600)...
  Beauvechain (06458)...
  Monschau (H908)...
  Brugge (P0155)...
  Charleville (07075)...
  Cambrai (07017)...
  Calais (P0437)...
  Saint-Quentin (07061)...
Data voor 7 dagen
Kaart: kaart_be_temp_nacht_donderdag_26mar2026.png
Kaart: kaart_be_temp_nacht_vrijdag_27mar2026.png
Kaart: kaart_be_temp_nacht_zaterdag_28mar2026.png
Kaart: kaart_be_temp_nacht_zondag_29mar2026.png
Kaart: kaart_be_temp_nacht_maandag_30mar2026.png
Kaart: kaart_be_temp_nacht_dinsdag_31mar2026.png
Kaart: kaart_be_temp_nacht_woensdag_01apr2026.png
=== Ed Aldus WM — upload Thu Mar 26 15:30:05 CET 2026 ===
Waarschuwingen opgeslagen: GREEN (26 Mar 2026 15:30)
=== KNMI Guidance === 2026-03-26 15:30
  Ophalen: kort...
  Klaar: 4131 tekens
  Ophalen: lang...
  Klaar: 3015 tekens
Opgeslagen: guidance.json
Basiskaart aanmaken...
kaart_basis_nl.png aangemaakt
MOSMIX ophalen (temperatuur Nederland TX/TN)...
  Eelde (06280)...
  Terschelling (06250)...
  Vlieland (06242)...
  Leeuwarden (06270)...
  Den Helder (06235)...
  Amsterdam (06240)...
  De Bilt (06260)...
  Deelen (06275)...
  Hoogeveen (06279)...
  Enschede (06290)...
  Vlissingen (06310)...
  Hoek van Holland (06330)...
  Rotterdam Airport (06344)...
  Gilze Rijen (06350)...
  Eindhoven (06370)...
  Maastricht (06380)...
  Gent (06431)...
  Antwerpen (06450)...
  Kleve (K1176)...
  Brussel (06451)...
  Kleine Brogel (06479)...
  Dollart (E207)...
  Wielen (P0122)...
  Weeze (10405)...
  Valkenburg (06210)...
  Volkel (06375)...
  Bocholt (10406)...
  Nettetal (H512)...
  IJsselmeer (E5305)...
  Borkum (K1083)...
  Geilenkirchen (10500)...
Data voor 7 dagen
Kaart: kaart_temp_donderdag_26mar2026.png
Kaart: kaart_temp_vrijdag_27mar2026.png
Kaart: kaart_temp_zaterdag_28mar2026.png
Kaart: kaart_temp_zondag_29mar2026.png
Kaart: kaart_temp_maandag_30mar2026.png
Kaart: kaart_temp_dinsdag_31mar2026.png
Kaart: kaart_temp_woensdag_01apr2026.png
  Verwijderd: kaart_temp_nacht_woensdag_25mar2026.png
  Verwijderd: kaart_temp_dag_donderdag_26mar2026.png
  Verwijderd: kaart_temp_dag_vrijdag_27mar2026.png
  Verwijderd: kaart_temp_dag_zaterdag_28mar2026.png
  Verwijderd: kaart_temp_dag_zondag_29mar2026.png
  Verwijderd: kaart_temp_dag_maandag_30mar2026.png
  Verwijderd: kaart_temp_dag_dinsdag_31mar2026.png
  Verwijderd: kaart_temp_dag_woensdag_01apr2026.png
  Verwijderd: kaart_temp_nacht_donderdag_26mar2026.png
  Verwijderd: kaart_temp_nacht_vrijdag_27mar2026.png
  Verwijderd: kaart_temp_nacht_zaterdag_28mar2026.png
  Verwijderd: kaart_temp_nacht_zondag_29mar2026.png
  Verwijderd: kaart_temp_nacht_maandag_30mar2026.png
  Verwijderd: kaart_temp_nacht_dinsdag_31mar2026.png
  Verwijderd: kaart_temp_nacht_woensdag_01apr2026.png
MOSMIX ophalen (max temp dag 06-18u)...
Ophalen: Eelde (06280)...
Ophalen: Terschelling (06250)...
Ophalen: Vlieland (06242)...
Ophalen: Leeuwarden (06270)...
Ophalen: Den Helder (06235)...
Ophalen: Amsterdam (06240)...
Ophalen: De Bilt (06260)...
Ophalen: Deelen (06275)...
Ophalen: Hoogeveen (06279)...
Ophalen: Enschede (06290)...
Ophalen: Vlissingen (06310)...
Ophalen: Hoek van Holland (06330)...
Ophalen: Rotterdam Airport (06344)...
Ophalen: Gilze Rijen (06350)...
Ophalen: Eindhoven (06370)...
Ophalen: Maastricht (06380)...
Ophalen: Gent (06431)...
Ophalen: Antwerpen (06450)...
Ophalen: Kleve (K1176)...
Ophalen: Brussel (06451)...
Ophalen: Kleine Brogel (06479)...
Ophalen: Dollart (E207)...
Ophalen: Wielen (P0122)...
Ophalen: Weeze (10405)...
Ophalen: Valkenburg (06210)...
Ophalen: Volkel (06375)...
Ophalen: Bocholt (10406)...
Ophalen: Nettetal (H512)...
Ophalen: IJsselmeer (E5305)...
Ophalen: Borkum (K1083)...
Ophalen: Geilenkirchen (10500)...
Data voor 7 dagen
Kaart: kaart_temp_dag_donderdag_26mar2026.png
Kaart: kaart_temp_dag_vrijdag_27mar2026.png
Kaart: kaart_temp_dag_zaterdag_28mar2026.png
Kaart: kaart_temp_dag_zondag_29mar2026.png
Kaart: kaart_temp_dag_maandag_30mar2026.png
Kaart: kaart_temp_dag_dinsdag_31mar2026.png
Kaart: kaart_temp_dag_woensdag_01apr2026.png
MOSMIX ophalen (min temp nacht 18-06u)...
Ophalen: Eelde (06280)...
Ophalen: Terschelling (06250)...
Ophalen: Vlieland (06242)...
Ophalen: Leeuwarden (06270)...
Ophalen: Den Helder (06235)...
Ophalen: Amsterdam (06240)...
Ophalen: De Bilt (06260)...
Ophalen: Deelen (06275)...
Ophalen: Hoogeveen (06279)...
Ophalen: Enschede (06290)...
Ophalen: Vlissingen (06310)...
Ophalen: Hoek van Holland (06330)...
Ophalen: Rotterdam Airport (06344)...
Ophalen: Gilze Rijen (06350)...
Ophalen: Eindhoven (06370)...
Ophalen: Maastricht (06380)...
Ophalen: Gent (06431)...
Ophalen: Antwerpen (06450)...
Ophalen: Kleve (K1176)...
Ophalen: Brussel (06451)...
Ophalen: Kleine Brogel (06479)...
Ophalen: Dollart (E207)...
Ophalen: Wielen (P0122)...
Ophalen: Weeze (10405)...
Ophalen: Valkenburg (06210)...
Ophalen: Volkel (06375)...
Ophalen: Bocholt (10406)...
Ophalen: Nettetal (H512)...
Ophalen: IJsselmeer (E5305)...
Ophalen: Borkum (K1083)...
Ophalen: Geilenkirchen (10500)...
Data voor 7 dagen
Kaart: kaart_temp_nacht_donderdag_26mar2026.png
Kaart: kaart_temp_nacht_vrijdag_27mar2026.png
Kaart: kaart_temp_nacht_zaterdag_28mar2026.png
Kaart: kaart_temp_nacht_zondag_29mar2026.png
Kaart: kaart_temp_nacht_maandag_30mar2026.png
Kaart: kaart_temp_nacht_dinsdag_31mar2026.png
Kaart: kaart_temp_nacht_woensdag_01apr2026.png
MOSMIX ophalen (zon/bewolking)...
Ophalen: Eelde (06280)...
Ophalen: Terschelling (06250)...
Ophalen: Vlieland (06242)...
Ophalen: Leeuwarden (06270)...
Ophalen: Den Helder (06235)...
Ophalen: Amsterdam (06240)...
Ophalen: De Bilt (06260)...
Ophalen: Deelen (06275)...
Ophalen: Hoogeveen (06279)...
Ophalen: Enschede (06290)...
Ophalen: Hoek van Holland (06330)...
Ophalen: Rotterdam Airport (06344)...
Ophalen: Gilze Rijen (06350)...
Ophalen: Eindhoven (06370)...
Ophalen: Maastricht (06380)...
Ophalen: Kleve (K1176)...
Ophalen: Kleine Brogel (06479)...
Ophalen: Dollart (E207)...
Ophalen: Wielen (P0122)...
Ophalen: Weeze (10405)...
Ophalen: Valkenburg (06210)...
Ophalen: Volkel (06375)...
Ophalen: Bocholt (10406)...
Ophalen: Nettetal (H512)...
Ophalen: IJsselmeer (E5305)...
Ophalen: Borkum (K1083)...
Ophalen: Geilenkirchen (10500)...
Data voor 7 dagen
Kaart: kaart_zon_donderdag_26mar2026.png
Kaart: kaart_zon_vrijdag_27mar2026.png
Kaart: kaart_zon_zaterdag_28mar2026.png
Kaart: kaart_zon_zondag_29mar2026.png
Kaart: kaart_zon_maandag_30mar2026.png
Kaart: kaart_zon_dinsdag_31mar2026.png
Kaart: kaart_zon_woensdag_01apr2026.png
MOSMIX ophalen (wind dag 06-18u)...
Ophalen: Eelde (06280)...
Ophalen: Terschelling (06250)...
Ophalen: Vlieland (06242)...
Ophalen: Leeuwarden (06270)...
Ophalen: Den Helder (06235)...
Ophalen: Amsterdam (06240)...
Ophalen: De Bilt (06260)...
Ophalen: Deelen (06275)...
Ophalen: Hoogeveen (06279)...
Ophalen: Enschede (06290)...
Ophalen: Vlissingen (06310)...
Ophalen: Hoek van Holland (06330)...
Ophalen: Rotterdam Airport (06344)...
Ophalen: Gilze Rijen (06350)...
Ophalen: Eindhoven (06370)...
Ophalen: Maastricht (06380)...
Ophalen: Gent (06431)...
Ophalen: Antwerpen (06450)...
Ophalen: Kleve (K1176)...
Ophalen: Brussel (06451)...
Ophalen: Kleine Brogel (06479)...
Ophalen: Dollart (E207)...
Ophalen: Wielen (P0122)...
Ophalen: Weeze (10405)...
Ophalen: Valkenburg (06210)...
Ophalen: Volkel (06375)...
Ophalen: Bocholt (10406)...
Ophalen: Nettetal (H512)...
Ophalen: IJsselmeer (E5305)...
Ophalen: Borkum (K1083)...
Ophalen: Geilenkirchen (10500)...
Data voor 7 dagen
Kaart: kaart_wind_donderdag_26mar2026.png
Kaart: kaart_wind_vrijdag_27mar2026.png
Kaart: kaart_wind_zaterdag_28mar2026.png
Kaart: kaart_wind_zondag_29mar2026.png
Kaart: kaart_wind_maandag_30mar2026.png
Kaart: kaart_wind_dinsdag_31mar2026.png
Kaart: kaart_wind_woensdag_01apr2026.png
MOSMIX ophalen (wind nacht 18-06u)...
Ophalen: Eelde (06280)...
Ophalen: Terschelling (06250)...
Ophalen: Vlieland (06242)...
Ophalen: Leeuwarden (06270)...
Ophalen: Den Helder (06235)...
Ophalen: Amsterdam (06240)...
Ophalen: De Bilt (06260)...
Ophalen: Deelen (06275)...
Ophalen: Hoogeveen (06279)...
Ophalen: Enschede (06290)...
Ophalen: Vlissingen (06310)...
Ophalen: Hoek van Holland (06330)...
Ophalen: Rotterdam Airport (06344)...
Ophalen: Gilze Rijen (06350)...
Ophalen: Eindhoven (06370)...
Ophalen: Maastricht (06380)...
Ophalen: Gent (06431)...
Ophalen: Antwerpen (06450)...
Ophalen: Kleve (K1176)...
Ophalen: Brussel (06451)...
Ophalen: Kleine Brogel (06479)...
Ophalen: Dollart (E207)...
Ophalen: Wielen (P0122)...
Ophalen: Weeze (10405)...
Ophalen: Valkenburg (06210)...
Ophalen: Volkel (06375)...
Ophalen: Bocholt (10406)...
Ophalen: Nettetal (H512)...
Ophalen: IJsselmeer (E5305)...
Ophalen: Borkum (K1083)...
Ophalen: Geilenkirchen (10500)...
Data voor 7 dagen
Kaart: kaart_wind_nacht_donderdag_26mar2026.png
Kaart: kaart_wind_nacht_vrijdag_27mar2026.png
Kaart: kaart_wind_nacht_zaterdag_28mar2026.png
Kaart: kaart_wind_nacht_zondag_29mar2026.png
Kaart: kaart_wind_nacht_maandag_30mar2026.png
Kaart: kaart_wind_nacht_dinsdag_31mar2026.png
Kaart: kaart_wind_nacht_woensdag_01apr2026.png
  Verwijderd: kaart_wind_nacht_dinsdag_31mar2026.png
  Verwijderd: kaart_wind_nacht_donderdag_26mar2026.png
  Verwijderd: kaart_wind_nacht_maandag_30mar2026.png
MOSMIX ophalen (mist/zichtbaarheid)...
Ophalen: Eelde (06280)...
Ophalen: Terschelling (06250)...
Ophalen: Vlieland (06242)...
Ophalen: Leeuwarden (06270)...
Ophalen: Den Helder (06235)...
Ophalen: Amsterdam (06240)...
Ophalen: De Bilt (06260)...
Ophalen: Deelen (06275)...
Ophalen: Hoogeveen (06279)...
Ophalen: Enschede (06290)...
Ophalen: Vlissingen (06310)...
Ophalen: Hoek van Holland (06330)...
Ophalen: Rotterdam Airport (06344)...
Ophalen: Gilze Rijen (06350)...
Ophalen: Eindhoven (06370)...
Ophalen: Maastricht (06380)...
Ophalen: Gent (06431)...
Ophalen: Antwerpen (06450)...
Ophalen: Kleve (K1176)...
Ophalen: Brussel (06451)...
Ophalen: Kleine Brogel (06479)...
Ophalen: Dollart (E207)...
Ophalen: Wielen (P0122)...
Ophalen: Weeze (10405)...
Ophalen: Valkenburg (06210)...
Ophalen: Volkel (06375)...
Ophalen: Bocholt (10406)...
Ophalen: Nettetal (H512)...
Ophalen: IJsselmeer (E5305)...
Ophalen: Borkum (K1083)...
Ophalen: Geilenkirchen (10500)...
Data voor 7 dagen
Kaart: kaart_mist_donderdag_26mar2026.png
Kaart: kaart_mist_vrijdag_27mar2026.png
Kaart: kaart_mist_zaterdag_28mar2026.png
Kaart: kaart_mist_zondag_29mar2026.png
Kaart: kaart_mist_maandag_30mar2026.png
Kaart: kaart_mist_dinsdag_31mar2026.png
Kaart: kaart_mist_woensdag_01apr2026.png
MOSMIX ophalen (T5cm grastemperatuur)...
Ophalen: Eelde (06280)...
Ophalen: Terschelling (06250)...
Ophalen: Vlieland (06242)...
Ophalen: Leeuwarden (06270)...
Ophalen: Den Helder (06235)...
Ophalen: Amsterdam (06240)...
Ophalen: De Bilt (06260)...
Ophalen: Deelen (06275)...
Ophalen: Hoogeveen (06279)...
Ophalen: Enschede (06290)...
Ophalen: Vlissingen (06310)...
Ophalen: Hoek van Holland (06330)...
Ophalen: Rotterdam Airport (06344)...
Ophalen: Gilze Rijen (06350)...
Ophalen: Eindhoven (06370)...
Ophalen: Maastricht (06380)...
Ophalen: Gent (06431)...
Ophalen: Antwerpen (06450)...
Ophalen: Kleve (K1176)...
Ophalen: Brussel (06451)...
Ophalen: Kleine Brogel (06479)...
Ophalen: Dollart (E207)...
Ophalen: Wielen (P0122)...
Ophalen: Weeze (10405)...
Ophalen: Valkenburg (06210)...
Ophalen: Volkel (06375)...
Ophalen: Bocholt (10406)...
Ophalen: Nettetal (H512)...
Ophalen: IJsselmeer (E5305)...
Ophalen: Borkum (K1083)...
Ophalen: Geilenkirchen (10500)...
Data voor 7 dagen
Kaart: kaart_t5cm_donderdag_26mar2026.png
Kaart: kaart_t5cm_vrijdag_27mar2026.png
Kaart: kaart_t5cm_zaterdag_28mar2026.png
Kaart: kaart_t5cm_zondag_29mar2026.png
Kaart: kaart_t5cm_maandag_30mar2026.png
Kaart: kaart_t5cm_dinsdag_31mar2026.png
Kaart: kaart_t5cm_woensdag_01apr2026.png
MOSMIX ophalen (dauwpunt Td2)...
Ophalen: Eelde (06280)...
Ophalen: Terschelling (06250)...
Ophalen: Vlieland (06242)...
Ophalen: Leeuwarden (06270)...
Ophalen: Den Helder (06235)...
Ophalen: Amsterdam (06240)...
Ophalen: De Bilt (06260)...
Ophalen: Deelen (06275)...
Ophalen: Hoogeveen (06279)...
Ophalen: Enschede (06290)...
Ophalen: Vlissingen (06310)...
Ophalen: Hoek van Holland (06330)...
Ophalen: Rotterdam Airport (06344)...
Ophalen: Gilze Rijen (06350)...
Ophalen: Eindhoven (06370)...
Ophalen: Maastricht (06380)...
Ophalen: Gent (06431)...
Ophalen: Antwerpen (06450)...
Ophalen: Kleve (K1176)...
Ophalen: Brussel (06451)...
Ophalen: Kleine Brogel (06479)...
Ophalen: Dollart (E207)...
Ophalen: Wielen (P0122)...
Ophalen: Weeze (10405)...
Ophalen: Valkenburg (06210)...
Ophalen: Volkel (06375)...
Ophalen: Bocholt (10406)...
Ophalen: Nettetal (H512)...
Ophalen: IJsselmeer (E5305)...
Ophalen: Borkum (K1083)...
Ophalen: Geilenkirchen (10500)...
Data voor 7 dagen
Kaart: kaart_dauwpunt_donderdag_26mar2026.png
Kaart: kaart_dauwpunt_vrijdag_27mar2026.png
Kaart: kaart_dauwpunt_zaterdag_28mar2026.png
Kaart: kaart_dauwpunt_zondag_29mar2026.png
Kaart: kaart_dauwpunt_maandag_30mar2026.png
Kaart: kaart_dauwpunt_dinsdag_31mar2026.png
Kaart: kaart_dauwpunt_woensdag_01apr2026.png
MOSMIX ophalen (gevoelstemperatuur berekend via TTT+FF)...
Ophalen: Eelde (06280)...
Ophalen: Terschelling (06250)...
Ophalen: Vlieland (06242)...
Ophalen: Leeuwarden (06270)...
Ophalen: Den Helder (06235)...
Ophalen: Amsterdam (06240)...
Ophalen: De Bilt (06260)...
Ophalen: Deelen (06275)...
Ophalen: Hoogeveen (06279)...
Ophalen: Enschede (06290)...
Ophalen: Vlissingen (06310)...
Ophalen: Hoek van Holland (06330)...
Ophalen: Rotterdam Airport (06344)...
Ophalen: Gilze Rijen (06350)...
Ophalen: Eindhoven (06370)...
Ophalen: Maastricht (06380)...
Ophalen: Gent (06431)...
Ophalen: Antwerpen (06450)...
Ophalen: Kleve (K1176)...
Ophalen: Brussel (06451)...
Ophalen: Kleine Brogel (06479)...
Ophalen: Dollart (E207)...
Ophalen: Wielen (P0122)...
Ophalen: Weeze (10405)...
Ophalen: Valkenburg (06210)...
Ophalen: Volkel (06375)...
Ophalen: Bocholt (10406)...
Ophalen: Nettetal (H512)...
Ophalen: IJsselmeer (E5305)...
Ophalen: Borkum (K1083)...
Ophalen: Geilenkirchen (10500)...
Data voor 7 dagen
Kaart: kaart_gevoels_donderdag_26mar2026.png
Kaart: kaart_gevoels_vrijdag_27mar2026.png
Kaart: kaart_gevoels_zaterdag_28mar2026.png
Kaart: kaart_gevoels_zondag_29mar2026.png
Kaart: kaart_gevoels_maandag_30mar2026.png
Kaart: kaart_gevoels_dinsdag_31mar2026.png
Kaart: kaart_gevoels_woensdag_01apr2026.png
MOSMIX ophalen (neerslag)...
Ophalen: Eelde (06280)...
Ophalen: Terschelling (06250)...
Ophalen: Vlieland (06242)...
Ophalen: Leeuwarden (06270)...
Ophalen: Den Helder (06235)...
Ophalen: Amsterdam (06240)...
Ophalen: De Bilt (06260)...
Ophalen: Deelen (06275)...
Ophalen: Hoogeveen (06279)...
Ophalen: Enschede (06290)...
Ophalen: Vlissingen (06310)...
Ophalen: Hoek van Holland (06330)...
Ophalen: Rotterdam Airport (06344)...
Ophalen: Gilze Rijen (06350)...
Ophalen: Eindhoven (06370)...
Ophalen: Maastricht (06380)...
Ophalen: Gent (06431)...
Ophalen: Antwerpen (06450)...
Ophalen: Kleve (K1176)...
Ophalen: Brussel (06451)...
Ophalen: Kleine Brogel (06479)...
Ophalen: Dollart (E207)...
Ophalen: Wielen (P0122)...
Ophalen: Weeze (10405)...
Ophalen: Valkenburg (06210)...
Ophalen: Volkel (06375)...
Ophalen: Bocholt (10406)...
Ophalen: Nettetal (H512)...
Ophalen: IJsselmeer (E5305)...
Ophalen: Borkum (K1083)...
Ophalen: Geilenkirchen (10500)...
Data voor 7 dagen
Kaart: kaart_regen_donderdag_26mar2026.png
Kaart: kaart_regen_vrijdag_27mar2026.png
Kaart: kaart_regen_zaterdag_28mar2026.png
Kaart: kaart_regen_zondag_29mar2026.png
Kaart: kaart_regen_maandag_30mar2026.png
Kaart: kaart_regen_dinsdag_31mar2026.png
Kaart: kaart_regen_woensdag_01apr2026.png
MOSMIX ophalen (onweer: wwT, wwTd, CAPE, CIN)...
Ophalen: Eelde (06280)...
Ophalen: Terschelling (06250)...
Ophalen: Vlieland (06242)...
Ophalen: Leeuwarden (06270)...
Ophalen: Den Helder (06235)...
Ophalen: Amsterdam (06240)...
Ophalen: De Bilt (06260)...
Ophalen: Deelen (06275)...
Ophalen: Hoogeveen (06279)...
Ophalen: Enschede (06290)...
Ophalen: Vlissingen (06310)...
Ophalen: Hoek van Holland (06330)...
Ophalen: Rotterdam Airport (06344)...
Ophalen: Gilze Rijen (06350)...
Ophalen: Eindhoven (06370)...
Ophalen: Maastricht (06380)...
Ophalen: Gent (06431)...
Ophalen: Antwerpen (06450)...
Ophalen: Kleve (K1176)...
Ophalen: Brussel (06451)...
Ophalen: Kleine Brogel (06479)...
Ophalen: Dollart (E207)...
Ophalen: Wielen (P0122)...
Ophalen: Weeze (10405)...
Ophalen: Valkenburg (06210)...
Ophalen: Volkel (06375)...
Ophalen: Bocholt (10406)...
Ophalen: Nettetal (H512)...
Ophalen: IJsselmeer (E5305)...
Ophalen: Borkum (K1083)...
Ophalen: Geilenkirchen (10500)...
Data voor 7 dagen
Kaart: kaart_onweer_donderdag_26mar2026.png
Kaart: kaart_onweer_vrijdag_27mar2026.png
Kaart: kaart_onweer_zaterdag_28mar2026.png
Kaart: kaart_onweer_zondag_29mar2026.png
Kaart: kaart_onweer_maandag_30mar2026.png
Kaart: kaart_onweer_dinsdag_31mar2026.png
Kaart: kaart_onweer_woensdag_01apr2026.png

Bewolkingskaart voor Vr 27 mrt...
  Eelde...
  Terschelling...
  Vlieland...
  Leeuwarden...
  Den Helder...
  Amsterdam...
  De Bilt...
  Deelen...
  Hoogeveen...
  Enschede...
  Vlissingen...
  Hoek van Holland...
  Rotterdam Airport...
  Gilze Rijen...
  Eindhoven...
  Maastricht...
  Gent...
  Antwerpen...
  Kleve...
  Brussel...
  Kleine Brogel...
  Dollart...
  Wielen...
  Weeze...
  Valkenburg...
  Volkel...
  Bocholt...
  Nettetal...
  IJsselmeer...
  Borkum...
  Geilenkirchen...
  Data voor 31 stations
Kaart opgeslagen: kaart_bewolking_2026-03-27.png

Bewolkingskaart voor Za 28 mrt...
  Eelde...
  Terschelling...
  Vlieland...
  Leeuwarden...
  Den Helder...
  Amsterdam...
  De Bilt...
  Deelen...
  Hoogeveen...
  Enschede...
  Vlissingen...
  Hoek van Holland...
  Rotterdam Airport...
  Gilze Rijen...
  Eindhoven...
  Maastricht...
  Gent...
  Antwerpen...
  Kleve...
  Brussel...
  Kleine Brogel...
  Dollart...
  Wielen...
  Weeze...
  Valkenburg...
  Volkel...
  Bocholt...
  Nettetal...
  IJsselmeer...
  Borkum...
  Geilenkirchen...
  Data voor 31 stations
Kaart opgeslagen: kaart_bewolking_2026-03-28.png

Bewolkingskaart voor Zo 29 mrt...
  Eelde...
  Terschelling...
  Vlieland...
  Leeuwarden...
  Den Helder...
  Amsterdam...
  De Bilt...
  Deelen...
  Hoogeveen...
  Enschede...
  Vlissingen...
  Hoek van Holland...
  Rotterdam Airport...
  Gilze Rijen...
  Eindhoven...
  Maastricht...
  Gent...
  Antwerpen...
  Kleve...
  Brussel...
  Kleine Brogel...
  Dollart...
  Wielen...
  Weeze...
  Valkenburg...
  Volkel...
  Bocholt...
  Nettetal...
  IJsselmeer...
  Borkum...
  Geilenkirchen...
  Data voor 31 stations
Kaart opgeslagen: kaart_bewolking_2026-03-29.png

Bewolkingskaart voor Ma 30 mrt...
  Eelde...
  Terschelling...
  Vlieland...
  Leeuwarden...
  Den Helder...
  Amsterdam...
  De Bilt...
  Deelen...
  Hoogeveen...
  Enschede...
  Vlissingen...
  Hoek van Holland...
  Rotterdam Airport...
  Gilze Rijen...
  Eindhoven...
  Maastricht...
  Gent...
  Antwerpen...
  Kleve...
  Brussel...
  Kleine Brogel...
  Dollart...
  Wielen...
  Weeze...
  Valkenburg...
  Volkel...
  Bocholt...
  Nettetal...
  IJsselmeer...
  Borkum...
  Geilenkirchen...
  Data voor 31 stations
Kaart opgeslagen: kaart_bewolking_2026-03-30.png

Bewolkingskaart voor Di 31 mrt...
  Eelde...
  Terschelling...
  Vlieland...
  Leeuwarden...
  Den Helder...
  Amsterdam...
  De Bilt...
  Deelen...
  Hoogeveen...
  Enschede...
  Vlissingen...
  Hoek van Holland...
  Rotterdam Airport...
  Gilze Rijen...
  Eindhoven...
  Maastricht...
  Gent...
  Antwerpen...
  Kleve...
  Brussel...
  Kleine Brogel...
  Dollart...
  Wielen...
  Weeze...
  Valkenburg...
  Volkel...
  Bocholt...
  Nettetal...
  IJsselmeer...
  Borkum...
  Geilenkirchen...
  Data voor 31 stations
Kaart opgeslagen: kaart_bewolking_2026-03-31.png

Bewolkingskaart voor Wo 1 apr...
  Eelde...
  Terschelling...
  Vlieland...
  Leeuwarden...
  Den Helder...
  Amsterdam...
  De Bilt...
  Deelen...
  Hoogeveen...
  Enschede...
  Vlissingen...
  Hoek van Holland...
  Rotterdam Airport...
  Gilze Rijen...
  Eindhoven...
  Maastricht...
  Gent...
  Antwerpen...
  Kleve...
  Brussel...
  Kleine Brogel...
  Dollart...
  Wielen...
  Weeze...
  Valkenburg...
  Volkel...
  Bocholt...
  Nettetal...
  IJsselmeer...
  Borkum...
  Geilenkirchen...
  Data voor 31 stations
Kaart opgeslagen: kaart_bewolking_2026-04-01.png

Bewolkingskaart voor Do 2 apr...
  Eelde...
  Terschelling...
  Vlieland...
  Leeuwarden...
  Den Helder...
  Amsterdam...
  De Bilt...
  Deelen...
  Hoogeveen...
  Enschede...
  Vlissingen...
  Hoek van Holland...
  Rotterdam Airport...
  Gilze Rijen...
  Eindhoven...
  Maastricht...
  Gent...
  Antwerpen...
  Kleve...
  Brussel...
  Kleine Brogel...
  Dollart...
  Wielen...
  Weeze...
  Valkenburg...
  Volkel...
  Bocholt...
  Nettetal...
  IJsselmeer...
  Borkum...
  Geilenkirchen...
  Data voor 31 stations
Kaart opgeslagen: kaart_bewolking_2026-04-02.png

Bewolkingskaart voor Vr 3 apr...
  Eelde...
  Terschelling...
  Vlieland...
  Leeuwarden...
  Den Helder...
  Amsterdam...
  De Bilt...
  Deelen...
  Hoogeveen...
  Enschede...
  Vlissingen...
  Hoek van Holland...
  Rotterdam Airport...
  Gilze Rijen...
  Eindhoven...
  Maastricht...
  Gent...
  Antwerpen...
  Kleve...
  Brussel...
  Kleine Brogel...
  Dollart...
  Wielen...
  Weeze...
  Valkenburg...
  Volkel...
  Bocholt...
  Nettetal...
  IJsselmeer...
  Borkum...
  Geilenkirchen...
  Data voor 31 stations
Kaart opgeslagen: kaart_bewolking_2026-04-03.png

Bewolkingskaart voor Za 4 apr...
  Eelde...
  Terschelling...
  Vlieland...
  Leeuwarden...
  Den Helder...
  Amsterdam...
  De Bilt...
  Deelen...
  Hoogeveen...
  Enschede...
  Vlissingen...
  Hoek van Holland...
  Rotterdam Airport...
  Gilze Rijen...
  Eindhoven...
  Maastricht...
  Gent...
  Antwerpen...
  Kleve...
  Brussel...
  Kleine Brogel...
  Dollart...
  Wielen...
  Weeze...
  Valkenburg...
  Volkel...
  Bocholt...
  Nettetal...
  IJsselmeer...
  Borkum...
  Geilenkirchen...
  Data voor 31 stations
Kaart opgeslagen: kaart_bewolking_2026-04-04.png

Bewolkingskaart voor Zo 5 apr...
  Eelde...
  Terschelling...
  Vlieland...
  Leeuwarden...
  Den Helder...
  Amsterdam...
  De Bilt...
  Deelen...
  Hoogeveen...
  Enschede...
  Vlissingen...
  Hoek van Holland...
  Rotterdam Airport...
  Gilze Rijen...
  Eindhoven...
  Maastricht...
  Gent...
  Antwerpen...
  Kleve...
  Brussel...
  Kleine Brogel...
  Dollart...
  Wielen...
  Weeze...
  Valkenburg...
  Volkel...
  Bocholt...
  Nettetal...
  IJsselmeer...
  Borkum...
  Geilenkirchen...
  Data voor 31 stations
Kaart opgeslagen: kaart_bewolking_2026-04-05.png
MOSMIX ophalen (kans op sneeuw Nederland)...
Ophalen: Eelde (06280)...
Ophalen: Terschelling (06250)...
Ophalen: Vlieland (06242)...
Ophalen: Leeuwarden (06270)...
Ophalen: Den Helder (06235)...
Ophalen: Amsterdam (06240)...
Ophalen: De Bilt (06260)...
Ophalen: Deelen (06275)...
Ophalen: Hoogeveen (06279)...
Ophalen: Enschede (06290)...
Ophalen: Vlissingen (06310)...
Ophalen: Hoek van Holland (06330)...
Ophalen: Rotterdam Airport (06344)...
Ophalen: Gilze Rijen (06350)...
Ophalen: Eindhoven (06370)...
Ophalen: Maastricht (06380)...
Ophalen: Gent (06431)...
Ophalen: Antwerpen (06450)...
Ophalen: Kleve (K1176)...
Ophalen: Brussel (06451)...
Ophalen: Kleine Brogel (06479)...
Ophalen: Dollart (E207)...
Ophalen: Wielen (P0122)...
Ophalen: Weeze (10405)...
Ophalen: Valkenburg (06210)...
Ophalen: Volkel (06375)...
Ophalen: Bocholt (10406)...
Ophalen: Nettetal (H512)...
Ophalen: IJsselmeer (E5305)...
Ophalen: Borkum (K1083)...
Ophalen: Geilenkirchen (10500)...
Data voor 7 dagen
Kaart: kaart_sneeuw_donderdag_26mar2026.png
Kaart: kaart_sneeuw_vrijdag_27mar2026.png
Kaart: kaart_sneeuw_zaterdag_28mar2026.png
Kaart: kaart_sneeuw_zondag_29mar2026.png
Kaart: kaart_sneeuw_maandag_30mar2026.png
Kaart: kaart_sneeuw_dinsdag_31mar2026.png
Kaart: kaart_sneeuw_woensdag_01apr2026.png
MOSMIX ophalen (hagelkans Nederland)...
Ophalen: Eelde (06280)...
Ophalen: Terschelling (06250)...
Ophalen: Vlieland (06242)...
Ophalen: Leeuwarden (06270)...
Ophalen: Den Helder (06235)...
Ophalen: Amsterdam (06240)...
Ophalen: De Bilt (06260)...
Ophalen: Deelen (06275)...
Ophalen: Hoogeveen (06279)...
Ophalen: Enschede (06290)...
Ophalen: Vlissingen (06310)...
Ophalen: Hoek van Holland (06330)...
Ophalen: Rotterdam Airport (06344)...
Ophalen: Gilze Rijen (06350)...
Ophalen: Eindhoven (06370)...
Ophalen: Maastricht (06380)...
Ophalen: Gent (06431)...
Ophalen: Antwerpen (06450)...
Ophalen: Kleve (K1176)...
Ophalen: Brussel (06451)...
Ophalen: Kleine Brogel (06479)...
Ophalen: Dollart (E207)...
Ophalen: Wielen (P0122)...
Ophalen: Weeze (10405)...
Ophalen: Valkenburg (06210)...
Ophalen: Volkel (06375)...
Ophalen: Bocholt (10406)...
Ophalen: Nettetal (H512)...
Ophalen: IJsselmeer (E5305)...
Ophalen: Borkum (K1083)...
Ophalen: Geilenkirchen (10500)...
Data voor 7 dagen
Kaart: kaart_hagel_donderdag_26mar2026.png
Kaart: kaart_hagel_vrijdag_27mar2026.png
Kaart: kaart_hagel_zaterdag_28mar2026.png
Kaart: kaart_hagel_zondag_29mar2026.png
Kaart: kaart_hagel_maandag_30mar2026.png
Kaart: kaart_hagel_dinsdag_31mar2026.png
Kaart: kaart_hagel_woensdag_01apr2026.png
MOSMIX ophalen (temperatuur België)...
  Brussel (06451)...
  Gent (06431)...
  Antwerpen (06450)...
  Kleine Brogel (06479)...
  Oostende (06407)...
  Charleroi (06449)...
  Bierset (06478)...
  Spa (06490)...
  St-Hubert (06476)...
  Florennes (06456)...
  Lille (07015)...
  Heinerschied (F9600)...
  Beauvechain (06458)...
  Monschau (H908)...
  Brugge (P0155)...
  Charleville (07075)...
  Cambrai (07017)...
  Calais (P0437)...
  Saint-Quentin (07061)...
Data voor 7 dagen
Kaart: kaart_be_temp_donderdag_26mar2026.png
Kaart: kaart_be_temp_vrijdag_27mar2026.png
Kaart: kaart_be_temp_zaterdag_28mar2026.png
Kaart: kaart_be_temp_zondag_29mar2026.png
Kaart: kaart_be_temp_maandag_30mar2026.png
Kaart: kaart_be_temp_dinsdag_31mar2026.png
Kaart: kaart_be_temp_woensdag_01apr2026.png
MOSMIX ophalen (max temp dag 06-18u België)...
  Brussel (06451)...
  Gent (06431)...
  Antwerpen (06450)...
  Kleine Brogel (06479)...
  Oostende (06407)...
  Charleroi (06449)...
  Bierset (06478)...
  Spa (06490)...
  St-Hubert (06476)...
  Florennes (06456)...
  Lille (07015)...
  Heinerschied (F9600)...
  Beauvechain (06458)...
  Monschau (H908)...
  Brugge (P0155)...
  Charleville (07075)...
  Cambrai (07017)...
  Calais (P0437)...
  Saint-Quentin (07061)...
Data voor 7 dagen
Kaart: kaart_be_temp_dag_donderdag_26mar2026.png
Kaart: kaart_be_temp_dag_vrijdag_27mar2026.png
Kaart: kaart_be_temp_dag_zaterdag_28mar2026.png
Kaart: kaart_be_temp_dag_zondag_29mar2026.png
Kaart: kaart_be_temp_dag_maandag_30mar2026.png
Kaart: kaart_be_temp_dag_dinsdag_31mar2026.png
Kaart: kaart_be_temp_dag_woensdag_01apr2026.png
MOSMIX ophalen (min temp nacht 18-06u België)...
  Brussel (06451)...
  Gent (06431)...
  Antwerpen (06450)...
  Kleine Brogel (06479)...
  Oostende (06407)...
  Charleroi (06449)...
  Bierset (06478)...
  Spa (06490)...
  St-Hubert (06476)...
  Florennes (06456)...
  Lille (07015)...
  Heinerschied (F9600)...
  Beauvechain (06458)...
  Monschau (H908)...
  Brugge (P0155)...
  Charleville (07075)...
  Cambrai (07017)...
  Calais (P0437)...
  Saint-Quentin (07061)...
Data voor 7 dagen
Kaart: kaart_be_temp_nacht_donderdag_26mar2026.png
Kaart: kaart_be_temp_nacht_vrijdag_27mar2026.png
Kaart: kaart_be_temp_nacht_zaterdag_28mar2026.png
Kaart: kaart_be_temp_nacht_zondag_29mar2026.png
Kaart: kaart_be_temp_nacht_maandag_30mar2026.png
Kaart: kaart_be_temp_nacht_dinsdag_31mar2026.png
Kaart: kaart_be_temp_nacht_woensdag_01apr2026.png
MOSMIX ophalen (wind dag 06-18u België)...
  Brussel (06451)...
  Gent (06431)...
  Antwerpen (06450)...
  Kleine Brogel (06479)...
  Oostende (06407)...
  Charleroi (06449)...
  Bierset (06478)...
  Spa (06490)...
  St-Hubert (06476)...
  Florennes (06456)...
  Lille (07015)...
  Heinerschied (F9600)...
  Beauvechain (06458)...
  Monschau (H908)...
  Brugge (P0155)...
  Charleville (07075)...
  Cambrai (07017)...
  Calais (P0437)...
  Saint-Quentin (07061)...
Data voor 7 dagen
Kaart: kaart_be_wind_donderdag_26mar2026.png
Kaart: kaart_be_wind_vrijdag_27mar2026.png
Kaart: kaart_be_wind_zaterdag_28mar2026.png
Kaart: kaart_be_wind_zondag_29mar2026.png
Kaart: kaart_be_wind_maandag_30mar2026.png
Kaart: kaart_be_wind_dinsdag_31mar2026.png
Kaart: kaart_be_wind_woensdag_01apr2026.png
MOSMIX ophalen (wind nacht 18-06u België)...
  Brussel (06451)...
  Gent (06431)...
  Antwerpen (06450)...
  Kleine Brogel (06479)...
  Oostende (06407)...
  Charleroi (06449)...
  Bierset (06478)...
  Spa (06490)...
  St-Hubert (06476)...
  Florennes (06456)...
  Lille (07015)...
  Heinerschied (F9600)...
  Beauvechain (06458)...
  Monschau (H908)...
  Brugge (P0155)...
  Charleville (07075)...
  Cambrai (07017)...
  Calais (P0437)...
  Saint-Quentin (07061)...
Data voor 7 dagen
Kaart: kaart_be_wind_nacht_donderdag_26mar2026.png
Kaart: kaart_be_wind_nacht_vrijdag_27mar2026.png
Kaart: kaart_be_wind_nacht_zaterdag_28mar2026.png
Kaart: kaart_be_wind_nacht_zondag_29mar2026.png
Kaart: kaart_be_wind_nacht_maandag_30mar2026.png
Kaart: kaart_be_wind_nacht_dinsdag_31mar2026.png
Kaart: kaart_be_wind_nacht_woensdag_01apr2026.png
MOSMIX ophalen (zon België)...
  Brussel...
  Gent...
  Antwerpen...
  Kleine Brogel...
  Oostende...
  Charleroi...
  Bierset...
  Spa...
  St-Hubert...
  Florennes...
  Lille...
  Heinerschied...
  Beauvechain...
  Monschau...
  Brugge...
  Charleville...
  Cambrai...
  Calais...
  Saint-Quentin...
Kaart: kaart_be_zon_donderdag_26mar2026.png
Kaart: kaart_be_zon_vrijdag_27mar2026.png
Kaart: kaart_be_zon_zaterdag_28mar2026.png
Kaart: kaart_be_zon_zondag_29mar2026.png
Kaart: kaart_be_zon_maandag_30mar2026.png
Kaart: kaart_be_zon_dinsdag_31mar2026.png
Kaart: kaart_be_zon_woensdag_01apr2026.png
MOSMIX ophalen (neerslag België)...
  Brussel...
  Gent...
  Antwerpen...
  Kleine Brogel...
  Oostende...
  Charleroi...
  Bierset...
  Spa...
  St-Hubert...
  Florennes...
  Lille...
  Heinerschied...
  Beauvechain...
  Monschau...
  Brugge...
  Charleville...
  Cambrai...
  Calais...
  Saint-Quentin...
Kaart: kaart_be_regen_donderdag_26mar2026.png
Kaart: kaart_be_regen_vrijdag_27mar2026.png
Kaart: kaart_be_regen_zaterdag_28mar2026.png
Kaart: kaart_be_regen_zondag_29mar2026.png
Kaart: kaart_be_regen_maandag_30mar2026.png
Kaart: kaart_be_regen_dinsdag_31mar2026.png
Kaart: kaart_be_regen_woensdag_01apr2026.png
MOSMIX ophalen (mist België)...
  Brussel...
  Gent...
  Antwerpen...
  Kleine Brogel...
  Oostende...
  Charleroi...
  Bierset...
  Spa...
  St-Hubert...
  Florennes...
  Lille...
  Heinerschied...
  Beauvechain...
  Monschau...
  Brugge...
  Charleville...
  Cambrai...
  Calais...
  Saint-Quentin...
Kaart: kaart_be_mist_donderdag_26mar2026.png
Kaart: kaart_be_mist_vrijdag_27mar2026.png
Kaart: kaart_be_mist_zaterdag_28mar2026.png
Kaart: kaart_be_mist_zondag_29mar2026.png
Kaart: kaart_be_mist_maandag_30mar2026.png
Kaart: kaart_be_mist_dinsdag_31mar2026.png
Kaart: kaart_be_mist_woensdag_01apr2026.png
MOSMIX ophalen (onweer België)...
  Brussel...
  Gent...
  Antwerpen...
  Kleine Brogel...
  Oostende...
  Charleroi...
  Bierset...
  Spa...
  St-Hubert...
  Florennes...
  Lille...
  Heinerschied...
  Beauvechain...
  Monschau...
  Brugge...
  Charleville...
  Cambrai...
  Calais...
  Saint-Quentin...
Kaart: kaart_be_onweer_donderdag_26mar2026.png
Kaart: kaart_be_onweer_vrijdag_27mar2026.png
Kaart: kaart_be_onweer_zaterdag_28mar2026.png
Kaart: kaart_be_onweer_zondag_29mar2026.png
Kaart: kaart_be_onweer_maandag_30mar2026.png
Kaart: kaart_be_onweer_dinsdag_31mar2026.png
Kaart: kaart_be_onweer_woensdag_01apr2026.png

Bewolking België Vr 27 mrt...
  Brussel...
  Gent...
  Antwerpen...
  Kleine Brogel...
  Oostende...
  Charleroi...
  Bierset...
  Spa...
  St-Hubert...
  Florennes...
  Lille...
  Heinerschied...
  Beauvechain...
  Monschau...
  Brugge...
  Charleville...
  Cambrai...
  Calais...
  Saint-Quentin...
Kaart: kaart_be_bewolking_2026-03-27.png

Bewolking België Za 28 mrt...
  Brussel...
  Gent...
  Antwerpen...
  Kleine Brogel...
  Oostende...
  Charleroi...
  Bierset...
  Spa...
  St-Hubert...
  Florennes...
  Lille...
  Heinerschied...
  Beauvechain...
  Monschau...
  Brugge...
  Charleville...
  Cambrai...
  Calais...
  Saint-Quentin...
Kaart: kaart_be_bewolking_2026-03-28.png

Bewolking België Zo 29 mrt...
  Brussel...
  Gent...
  Antwerpen...
  Kleine Brogel...
  Oostende...
  Charleroi...
  Bierset...
  Spa...
  St-Hubert...
  Florennes...
  Lille...
  Heinerschied...
  Beauvechain...
  Monschau...
  Brugge...
  Charleville...
  Cambrai...
  Calais...
  Saint-Quentin...
Kaart: kaart_be_bewolking_2026-03-29.png

Bewolking België Ma 30 mrt...
  Brussel...
  Gent...
  Antwerpen...
  Kleine Brogel...
  Oostende...
  Charleroi...
  Bierset...
  Spa...
  St-Hubert...
  Florennes...
  Lille...
  Heinerschied...
  Beauvechain...
  Monschau...
  Brugge...
  Charleville...
  Cambrai...
  Calais...
  Saint-Quentin...
Kaart: kaart_be_bewolking_2026-03-30.png

Bewolking België Di 31 mrt...
  Brussel...
  Gent...
  Antwerpen...
  Kleine Brogel...
  Oostende...
  Charleroi...
  Bierset...
  Spa...
  St-Hubert...
  Florennes...
  Lille...
  Heinerschied...
  Beauvechain...
  Monschau...
  Brugge...
  Charleville...
  Cambrai...
  Calais...
  Saint-Quentin...
Kaart: kaart_be_bewolking_2026-03-31.png

Bewolking België Wo 1 apr...
  Brussel...
  Gent...
  Antwerpen...
  Kleine Brogel...
  Oostende...
  Charleroi...
  Bierset...
  Spa...
  St-Hubert...
  Florennes...
  Lille...
  Heinerschied...
  Beauvechain...
  Monschau...
  Brugge...
  Charleville...
  Cambrai...
  Calais...
  Saint-Quentin...
Kaart: kaart_be_bewolking_2026-04-01.png

Bewolking België Do 2 apr...
  Brussel...
  Gent...
  Antwerpen...
  Kleine Brogel...
  Oostende...
  Charleroi...
  Bierset...
  Spa...
  St-Hubert...
  Florennes...
  Lille...
  Heinerschied...
  Beauvechain...
  Monschau...
  Brugge...
  Charleville...
  Cambrai...
  Calais...
  Saint-Quentin...
Kaart: kaart_be_bewolking_2026-04-02.png

Bewolking België Vr 3 apr...
  Brussel...
  Gent...
  Antwerpen...
  Kleine Brogel...
  Oostende...
  Charleroi...
  Bierset...
  Spa...
  St-Hubert...
  Florennes...
  Lille...
  Heinerschied...
  Beauvechain...
  Monschau...
  Brugge...
  Charleville...
  Cambrai...
  Calais...
  Saint-Quentin...
Kaart: kaart_be_bewolking_2026-04-03.png

Bewolking België Za 4 apr...
  Brussel...
  Gent...
  Antwerpen...
  Kleine Brogel...
  Oostende...
  Charleroi...
  Bierset...
  Spa...
  St-Hubert...
  Florennes...
  Lille...
  Heinerschied...
  Beauvechain...
  Monschau...
  Brugge...
  Charleville...
  Cambrai...
  Calais...
  Saint-Quentin...
Kaart: kaart_be_bewolking_2026-04-04.png

Bewolking België Zo 5 apr...
  Brussel...
  Gent...
  Antwerpen...
  Kleine Brogel...
  Oostende...
  Charleroi...
  Bierset...
  Spa...
  St-Hubert...
  Florennes...
  Lille...
  Heinerschied...
  Beauvechain...
  Monschau...
  Brugge...
  Charleville...
  Cambrai...
  Calais...
  Saint-Quentin...
Kaart: kaart_be_bewolking_2026-04-05.png
MOSMIX ophalen (kans op sneeuw Belgie)...
  Brussel (06451)...
  Gent (06431)...
  Antwerpen (06450)...
  Kleine Brogel (06479)...
  Oostende (06407)...
  Charleroi (06449)...
  Bierset (06478)...
  Spa (06490)...
  St-Hubert (06476)...
  Florennes (06456)...
  Lille (07015)...
  Heinerschied (F9600)...
  Beauvechain (06458)...
  Monschau (H908)...
  Brugge (P0155)...
  Charleville (07075)...
  Cambrai (07017)...
  Calais (P0437)...
  Saint-Quentin (07061)...
Data voor 7 dagen
Kaart: kaart_be_sneeuw_donderdag_26mar2026.png
Kaart: kaart_be_sneeuw_vrijdag_27mar2026.png
Kaart: kaart_be_sneeuw_zaterdag_28mar2026.png
Kaart: kaart_be_sneeuw_zondag_29mar2026.png
Kaart: kaart_be_sneeuw_maandag_30mar2026.png
Kaart: kaart_be_sneeuw_dinsdag_31mar2026.png
Kaart: kaart_be_sneeuw_woensdag_01apr2026.png
MOSMIX ophalen (hagelkans Belgie)...
  Brussel (06451)...
  Gent (06431)...
  Antwerpen (06450)...
  Kleine Brogel (06479)...
  Oostende (06407)...
  Charleroi (06449)...
  Bierset (06478)...
  Spa (06490)...
  St-Hubert (06476)...
  Florennes (06456)...
  Lille (07015)...
  Heinerschied (F9600)...
  Beauvechain (06458)...
  Monschau (H908)...
  Brugge (P0155)...
  Charleville (07075)...
  Cambrai (07017)...
  Calais (P0437)...
  Saint-Quentin (07061)...
Data voor 7 dagen
Kaart: kaart_be_hagel_donderdag_26mar2026.png
Kaart: kaart_be_hagel_vrijdag_27mar2026.png
Kaart: kaart_be_hagel_zaterdag_28mar2026.png
Kaart: kaart_be_hagel_zondag_29mar2026.png
Kaart: kaart_be_hagel_maandag_30mar2026.png
Kaart: kaart_be_hagel_dinsdag_31mar2026.png
Kaart: kaart_be_hagel_woensdag_01apr2026.png
MOSMIX ophalen (gevoelstemperatuur België)...
  Brussel (06451)...
  Gent (06431)...
  Antwerpen (06450)...
  Kleine Brogel (06479)...
  Oostende (06407)...
  Charleroi (06449)...
  Bierset (06478)...
  Spa (06490)...
  St-Hubert (06476)...
  Florennes (06456)...
  Lille (07015)...
  Heinerschied (F9600)...
  Beauvechain (06458)...
  Monschau (H908)...
  Brugge (P0155)...
  Charleville (07075)...
  Cambrai (07017)...
  Calais (P0437)...
  Saint-Quentin (07061)...
Data voor 7 dagen
Kaart: kaart_be_gevoels_donderdag_26mar2026.png
Kaart: kaart_be_gevoels_vrijdag_27mar2026.png
Kaart: kaart_be_gevoels_zaterdag_28mar2026.png
Kaart: kaart_be_gevoels_zondag_29mar2026.png
Kaart: kaart_be_gevoels_maandag_30mar2026.png
Kaart: kaart_be_gevoels_dinsdag_31mar2026.png
Kaart: kaart_be_gevoels_woensdag_01apr2026.png
MOSMIX ophalen (dauwpunt Belgie)...
  Brussel (06451)...
  Gent (06431)...
  Antwerpen (06450)...
  Kleine Brogel (06479)...
  Oostende (06407)...
  Charleroi (06449)...
  Bierset (06478)...
  Spa (06490)...
  St-Hubert (06476)...
  Florennes (06456)...
  Lille (07015)...
  Heinerschied (F9600)...
  Beauvechain (06458)...
  Monschau (H908)...
  Brugge (P0155)...
  Charleville (07075)...
  Cambrai (07017)...
  Calais (P0437)...
  Saint-Quentin (07061)...
Data voor 7 dagen
Kaart: kaart_be_dauwpunt_donderdag_26mar2026.png
Kaart: kaart_be_dauwpunt_vrijdag_27mar2026.png
Kaart: kaart_be_dauwpunt_zaterdag_28mar2026.png
Kaart: kaart_be_dauwpunt_zondag_29mar2026.png
Kaart: kaart_be_dauwpunt_maandag_30mar2026.png
Kaart: kaart_be_dauwpunt_dinsdag_31mar2026.png
Kaart: kaart_be_dauwpunt_woensdag_01apr2026.png
MOSMIX ophalen (grondtemperatuur 5cm België)...
  Brussel (06451)...
  Gent (06431)...
  Antwerpen (06450)...
  Kleine Brogel (06479)...
  Oostende (06407)...
  Charleroi (06449)...
  Bierset (06478)...
  Spa (06490)...
  St-Hubert (06476)...
  Florennes (06456)...
  Lille (07015)...
  Heinerschied (F9600)...
  Beauvechain (06458)...
  Monschau (H908)...
  Brugge (P0155)...
  Charleville (07075)...
  Cambrai (07017)...
  Calais (P0437)...
  Saint-Quentin (07061)...
Data voor 7 dagen
Kaart: kaart_be_t5cm_donderdag_26mar2026.png
Kaart: kaart_be_t5cm_vrijdag_27mar2026.png
Kaart: kaart_be_t5cm_zaterdag_28mar2026.png
Kaart: kaart_be_t5cm_zondag_29mar2026.png
Kaart: kaart_be_t5cm_maandag_30mar2026.png
Kaart: kaart_be_t5cm_dinsdag_31mar2026.png
Kaart: kaart_be_t5cm_woensdag_01apr2026.png
MOSMIX ophalen: De Bilt (06260)...
  2026-03-26: TX=7.1 TN=None RR=0.9
  2026-03-27: TX=10.5 TN=-0.9 RR=2.4
  2026-03-28: TX=10.4 TN=5.9 RR=5.3
  2026-03-29: TX=10.9 TN=1.1 RR=0.9
MOSMIX ophalen: Hoek van Holland (06330)...
  2026-03-26: TX=7.0 TN=None RR=0.0
  2026-03-27: TX=10.1 TN=3.3 RR=3.4
  2026-03-28: TX=9.9 TN=6.7 RR=0.0
  2026-03-29: TX=10.3 TN=5.4 RR=0.0
MOSMIX ophalen: Rotterdam (06344)...
  2026-03-26: TX=8.1 TN=None RR=1.5
  2026-03-27: TX=10.4 TN=-0.2 RR=6.0
  2026-03-28: TX=10.5 TN=6.5 RR=3.9
  2026-03-29: TX=10.4 TN=1.8 RR=0.0
MOSMIX ophalen: Enschede (06290)...
  2026-03-26: TX=7.2 TN=0.7 RR=2.2
  2026-03-27: TX=10.3 TN=-2.1 RR=0.3
  2026-03-28: TX=9.7 TN=5.1 RR=6.5
  2026-03-29: TX=11.1 TN=-0.7 RR=1.2
MOSMIX ophalen: Eelde (06280)...
  2026-03-26: TX=6.9 TN=2.0 RR=1.5
  2026-03-27: TX=10.3 TN=-2.5 RR=2.2
  2026-03-28: TX=9.9 TN=4.6 RR=3.3
  2026-03-29: TX=10.5 TN=-0.3 RR=3.8
MOSMIX ophalen: Maastricht (06380)...
  2026-03-26: TX=7.2 TN=1.6 RR=1.4
  2026-03-27: TX=9.7 TN=-1.7 RR=0.1
  2026-03-28: TX=8.9 TN=4.8 RR=8.4
  2026-03-29: TX=11.0 TN=0.3 RR=0.0
MOSMIX ophalen: Terschelling (06250)...
  2026-03-26: TX=7.1 TN=None RR=0.6
  2026-03-27: TX=9.7 TN=2.8 RR=3.4
  2026-03-28: TX=9.2 TN=5.1 RR=1.6
  2026-03-29: TX=8.8 TN=4.1 RR=3.2
MOSMIX ophalen: Vlissingen (06310)...
  2026-03-26: TX=7.1 TN=None RR=0.9
  2026-03-27: TX=10.1 TN=3.7 RR=3.3
  2026-03-28: TX=10.0 TN=7.2 RR=3.5
  2026-03-29: TX=9.6 TN=5.0 RR=0.0
MOSMIX ophalen: Deelen (06275)...
  2026-03-26: TX=7.4 TN=-0.4 RR=1.1
  2026-03-27: TX=10.3 TN=-3.2 RR=1.1
  2026-03-28: TX=10.6 TN=5.0 RR=5.9
  2026-03-29: TX=11.0 TN=-1.9 RR=1.7
MOSMIX ophalen: Gilze-Rijen (06350)...
  2026-03-26: TX=7.6 TN=None RR=1.2
  2026-03-27: TX=10.5 TN=-1.4 RR=1.3
  2026-03-28: TX=10.7 TN=6.2 RR=4.5
  2026-03-29: TX=11.3 TN=0.2 RR=1.2

beta_debilt.json opgeslagen (10 stations)
MOSMIX + Harmonie voorspellingen ophalen voor archief...
  De Bilt...
  Hoek van Holland...
  Rotterdam...
  Enschede...
  Eelde...
  Maastricht...
  Terschelling...
  Vlissingen...
  Deelen...
  Gilze-Rijen...
Archief opgeslagen (beta_verificatie_archive.json)

Werkelijke metingen ophalen (afgelopen 3 dagen)...
  De Bilt 2026-03-25: TX=11.5 TN=2.4
  De Bilt 2026-03-24: TX=14.3 TN=6.4
  De Bilt 2026-03-23: TX=15.1 TN=2.1
  Hoek van Holland 2026-03-25: TX=10.8 TN=3.5
  Hoek van Holland 2026-03-24: TX=11.6 TN=8.4
  Hoek van Holland 2026-03-23: TX=12.0 TN=4.3
  Rotterdam 2026-03-25: TX=11.0 TN=1.8
  Rotterdam 2026-03-24: TX=13.2 TN=6.5
  Rotterdam 2026-03-23: TX=14.2 TN=2.8
  Enschede 2026-03-25: TX=13.0 TN=0.9
  Enschede 2026-03-24: TX=15.7 TN=1.8
  Enschede 2026-03-23: TX=16.3 TN=-0.5
  Eelde 2026-03-25: TX=11.4 TN=1.8
  Eelde 2026-03-24: TX=12.7 TN=2.1
  Eelde 2026-03-23: TX=14.3 TN=-0.1
  Maastricht 2026-03-25: TX=12.6 TN=1.4
  Maastricht 2026-03-24: TX=16.7 TN=5.5
  Maastricht 2026-03-23: TX=15.5 TN=2.1
  Terschelling 2026-03-25: TX=9.9 TN=4.1
  Terschelling 2026-03-24: TX=10.4 TN=8.1
  Terschelling 2026-03-23: TX=10.7 TN=0.9
  Vlissingen 2026-03-25: TX=10.3 TN=2.4
  Vlissingen 2026-03-24: TX=12.9 TN=7.8
  Vlissingen 2026-03-23: TX=12.7 TN=6.8
  Deelen 2026-03-25: TX=12.6 TN=1.4
  Deelen 2026-03-24: TX=15.3 TN=1.8
  Deelen 2026-03-23: TX=16.0 TN=-0.9
  Gilze-Rijen 2026-03-25: TX=13.0 TN=2.3
  Gilze-Rijen 2026-03-24: TX=15.9 TN=4.2
  Gilze-Rijen 2026-03-23: TX=15.3 TN=0.6

beta_verificatie.json opgeslagen (10 stations)
MOSMIX ophalen (trend)...
  De Bilt (06260)...
  De Kooy (06235)...
  Eelde (06280)...
  Vlissingen (06310)...
  Beek (06380)...
  Rotterdam (06344)...
  Hoek v. Holland (06330)...
  Twenthe (06290)...
  Eindhoven (06370)...
  Wind Vlieland (06242)...
  Wind De Kooy (06235)...
  Wind Leeuwarden (06270)...
  Wind Hoek v. Holland (06330)...
  Wind Vlissingen (06310)...
JSON opgeslagen: grafiek_trend.json
Grafiek opgeslagen: grafiek_trend.png
MOSMIX ophalen (trend België)...
  Brussel (06451)...
  Gent (06431)...
  Antwerpen (06450)...
  Oostende (06407)...
  Bierset (06478)...
  Charleroi (06449)...
  Sint-Hubert (06476)...
  Kleine Brogel (06479)...
  Florennes (06456)...
  Wind Oostende (06407)...
  Wind Brussel (06451)...
  Wind Bierset (06478)...
  Wind Kleine Brogel (06479)...
  Wind Sint-Hubert (06476)...
JSON: grafiek_trend_be.json
Grafiek: grafiek_trend_be.png
Bestaande data geladen: 85 dagen
  Ophalen 2026-03-26 (tot nu)...
    TX top3: [(8.4, 'Gilze-Rijen', '11:50'), (8.4, 'Ell', '13:10'), (8.2, 'Westdorpe', '14:30')]
    TN top3: [(-1.2, 'Deelen', '05:40'), (0.4, 'Herwijnen', '06:50'), (0.6, 'Heino', '06:40')]
    RR top3: [(14.8, 'Westdorpe'), (5.8, 'Woensdrecht'), (3.5, 'Schiphol')]
  2026-01-01: al in cache, overgeslagen
  2026-01-02: al in cache, overgeslagen
  2026-01-03: al in cache, overgeslagen
  2026-01-04: al in cache, overgeslagen
  2026-01-05: al in cache, overgeslagen
  2026-01-06: al in cache, overgeslagen
  2026-01-07: al in cache, overgeslagen
  2026-01-08: al in cache, overgeslagen
  2026-01-09: al in cache, overgeslagen
  2026-01-10: al in cache, overgeslagen
  2026-01-11: al in cache, overgeslagen
  2026-01-12: al in cache, overgeslagen
  2026-01-13: al in cache, overgeslagen
  2026-01-14: al in cache, overgeslagen
  2026-01-15: al in cache, overgeslagen
  2026-01-16: al in cache, overgeslagen
  2026-01-17: al in cache, overgeslagen
  2026-01-18: al in cache, overgeslagen
  2026-01-19: al in cache, overgeslagen
  2026-01-20: al in cache, overgeslagen
  2026-01-21: al in cache, overgeslagen
  2026-01-22: al in cache, overgeslagen
  2026-01-23: al in cache, overgeslagen
  2026-01-24: al in cache, overgeslagen
  2026-01-25: al in cache, overgeslagen
  2026-01-26: al in cache, overgeslagen
  2026-01-27: al in cache, overgeslagen
  2026-01-28: al in cache, overgeslagen
  2026-01-29: al in cache, overgeslagen
  2026-01-30: al in cache, overgeslagen
  2026-01-31: al in cache, overgeslagen
  2026-02-01: al in cache, overgeslagen
  2026-02-02: al in cache, overgeslagen
  2026-02-03: al in cache, overgeslagen
  2026-02-04: al in cache, overgeslagen
  2026-02-05: al in cache, overgeslagen
  2026-02-06: al in cache, overgeslagen
  2026-02-07: al in cache, overgeslagen
  2026-02-08: al in cache, overgeslagen
  2026-02-09: al in cache, overgeslagen
  2026-02-10: al in cache, overgeslagen
  2026-02-11: al in cache, overgeslagen
  2026-02-12: al in cache, overgeslagen
  2026-02-13: al in cache, overgeslagen
  2026-02-14: al in cache, overgeslagen
  2026-02-15: al in cache, overgeslagen
  2026-02-16: al in cache, overgeslagen
  2026-02-17: al in cache, overgeslagen
  2026-02-18: al in cache, overgeslagen
  2026-02-19: al in cache, overgeslagen
  2026-02-20: al in cache, overgeslagen
  2026-02-21: al in cache, overgeslagen
  2026-02-22: al in cache, overgeslagen
  2026-02-23: al in cache, overgeslagen
  2026-02-24: al in cache, overgeslagen
  2026-02-25: al in cache, overgeslagen
  2026-02-26: al in cache, overgeslagen
  2026-02-27: al in cache, overgeslagen
  2026-02-28: al in cache, overgeslagen
  2026-03-01: al in cache, overgeslagen
  2026-03-02: al in cache, overgeslagen
  2026-03-03: al in cache, overgeslagen
  2026-03-04: al in cache, overgeslagen
  2026-03-05: al in cache, overgeslagen
  2026-03-06: al in cache, overgeslagen
  2026-03-07: al in cache, overgeslagen
  2026-03-08: al in cache, overgeslagen
  2026-03-09: al in cache, overgeslagen
  2026-03-10: al in cache, overgeslagen
  2026-03-11: al in cache, overgeslagen
  2026-03-12: al in cache, overgeslagen
  2026-03-13: al in cache, overgeslagen
  2026-03-14: al in cache, overgeslagen
  2026-03-15: al in cache, overgeslagen
  2026-03-16: al in cache, overgeslagen
  2026-03-17: al in cache, overgeslagen
  2026-03-18: al in cache, overgeslagen
  2026-03-19: al in cache, overgeslagen
  2026-03-20: al in cache, overgeslagen
  2026-03-21: al in cache, overgeslagen
  2026-03-22: al in cache, overgeslagen
  2026-03-23: al in cache, overgeslagen
  2026-03-24: al in cache, overgeslagen
  2026-03-25: al in cache, overgeslagen

toplijst.json bijgewerkt (85 dagen)
Kaarten maken voor 2026-03-17...
  → klaar voor 2026-03-17
Kaarten maken voor 2026-03-18...
  → klaar voor 2026-03-18
Kaarten maken voor 2026-03-19...
  → klaar voor 2026-03-19
Kaarten maken voor 2026-03-20...
  → klaar voor 2026-03-20
Kaarten maken voor 2026-03-21...
  → klaar voor 2026-03-21
Kaarten maken voor 2026-03-22...
  → klaar voor 2026-03-22
Kaarten maken voor 2026-03-23...
  → klaar voor 2026-03-23
Kaarten maken voor 2026-03-24...
  → klaar voor 2026-03-24
Kaarten maken voor 2026-03-25...
  → klaar voor 2026-03-25
Kaarten maken voor 2026-03-26...
  → klaar voor 2026-03-26
Alle waarnemingskaarten klaar!
index.json: 288 kaarten
ok: /Users/aldus/Desktop/KNMI_Project/weerkaarten 2/p13_records.html
Grootte: 17295 chars
Pluim: De Bilt...
  Opgeslagen: kaart_pluim_lijnen_de_bilt.png
Pluim: Rotterdam...
  Opgeslagen: kaart_pluim_lijnen_rotterdam.png
Pluim: Barendrecht...
  Opgeslagen: kaart_pluim_lijnen_barendrecht.png
Pluim: Maastricht...
  Opgeslagen: kaart_pluim_lijnen_maastricht.png
Pluim: Eelde...
  Opgeslagen: kaart_pluim_lijnen_eelde.png
Pluim: Vlissingen...
  Opgeslagen: kaart_pluim_lijnen_vlissingen.png
Pluim: Enschede...
  Opgeslagen: kaart_pluim_lijnen_enschede.png

Klaar!

Pluim: De Bilt...
  Opgeslagen: kaart_pluim_compleet_de_bilt.png

Pluim: Rotterdam...
  Opgeslagen: kaart_pluim_compleet_rotterdam.png

Pluim: Barendrecht...
  Opgeslagen: kaart_pluim_compleet_barendrecht.png

Pluim: Vlissingen...
  Opgeslagen: kaart_pluim_compleet_vlissingen.png

Pluim: Eelde...
  Opgeslagen: kaart_pluim_compleet_eelde.png

Pluim: Maastricht...
  Opgeslagen: kaart_pluim_compleet_maastricht.png

Klaar!

Multimodel neerslag: De Bilt...
  ECMWF ENS...
    51 leden × 384 stappen
  ICON-EPS...
    40 leden × 168 stappen
  GFS ENS...
    31 leden × 384 stappen
  Opgeslagen: kaart_pluim_multi_neerslag_de_bilt.png

Multimodel neerslag: Rotterdam...
  ECMWF ENS...
    51 leden × 384 stappen
  ICON-EPS...
    40 leden × 168 stappen
  GFS ENS...
    31 leden × 384 stappen
  Opgeslagen: kaart_pluim_multi_neerslag_rotterdam.png

Multimodel neerslag: Barendrecht...
  ECMWF ENS...
    51 leden × 384 stappen
  ICON-EPS...
    40 leden × 168 stappen
  GFS ENS...
    31 leden × 384 stappen
  Opgeslagen: kaart_pluim_multi_neerslag_barendrecht.png

Multimodel neerslag: Vlissingen...
  ECMWF ENS...
    51 leden × 384 stappen
  ICON-EPS...
    40 leden × 168 stappen
  GFS ENS...
    31 leden × 384 stappen
  Opgeslagen: kaart_pluim_multi_neerslag_vlissingen.png

Multimodel neerslag: Eelde...
  ECMWF ENS...
    51 leden × 384 stappen
  ICON-EPS...
    40 leden × 168 stappen
  GFS ENS...
    31 leden × 384 stappen
  Opgeslagen: kaart_pluim_multi_neerslag_eelde.png

Multimodel neerslag: Maastricht...
  ECMWF ENS...
    51 leden × 384 stappen
  ICON-EPS...
    40 leden × 168 stappen
  GFS ENS...
    31 leden × 384 stappen
  Opgeslagen: kaart_pluim_multi_neerslag_maastricht.png

Klaar!

Multimodel pluim: De Bilt...
  ECMWF ENS...
    51 leden × 384 stappen
  ICON-EPS...
    40 leden × 168 stappen
  GFS ENS...
    31 leden × 384 stappen
  Opgeslagen: kaart_pluim_multi_de_bilt.png

Multimodel pluim: Rotterdam...
  ECMWF ENS...
    51 leden × 384 stappen
  ICON-EPS...
    40 leden × 168 stappen
  GFS ENS...
    31 leden × 384 stappen
  Opgeslagen: kaart_pluim_multi_rotterdam.png

Multimodel pluim: Barendrecht...
  ECMWF ENS...
    51 leden × 384 stappen
  ICON-EPS...
    40 leden × 168 stappen
  GFS ENS...
    31 leden × 384 stappen
  Opgeslagen: kaart_pluim_multi_barendrecht.png

Multimodel pluim: Vlissingen...
  ECMWF ENS...
    51 leden × 384 stappen
  ICON-EPS...
    40 leden × 168 stappen
  GFS ENS...
    31 leden × 384 stappen
  Opgeslagen: kaart_pluim_multi_vlissingen.png

Multimodel pluim: Eelde...
  ECMWF ENS...
    51 leden × 384 stappen
  ICON-EPS...
    40 leden × 168 stappen
  GFS ENS...
    31 leden × 384 stappen
  Opgeslagen: kaart_pluim_multi_eelde.png

Multimodel pluim: Maastricht...
  ECMWF ENS...
    51 leden × 384 stappen
  ICON-EPS...
    40 leden × 168 stappen
  GFS ENS...
    31 leden × 384 stappen
  Opgeslagen: kaart_pluim_multi_maastricht.png

Klaar!

Multimodel wind: De Bilt...
  ECMWF ENS...
    51 leden × 384 stappen
  ICON-EPS...
    40 leden × 168 stappen
  GFS ENS...
    31 leden × 384 stappen
  Opgeslagen: kaart_pluim_multi_wind_de_bilt.png

Multimodel wind: Rotterdam...
  ECMWF ENS...
    51 leden × 384 stappen
  ICON-EPS...
    40 leden × 168 stappen
  GFS ENS...
    31 leden × 384 stappen
  Opgeslagen: kaart_pluim_multi_wind_rotterdam.png

Multimodel wind: Barendrecht...
  ECMWF ENS...
    51 leden × 384 stappen
  ICON-EPS...
    40 leden × 168 stappen
  GFS ENS...
    31 leden × 384 stappen
  Opgeslagen: kaart_pluim_multi_wind_barendrecht.png

Multimodel wind: Vlissingen...
  ECMWF ENS...
    51 leden × 384 stappen
  ICON-EPS...
    40 leden × 168 stappen
  GFS ENS...
    31 leden × 384 stappen
  Opgeslagen: kaart_pluim_multi_wind_vlissingen.png

Multimodel wind: Eelde...
  ECMWF ENS...
    51 leden × 384 stappen
  ICON-EPS...
    40 leden × 168 stappen
  GFS ENS...
    31 leden × 384 stappen
  Opgeslagen: kaart_pluim_multi_wind_eelde.png

Multimodel wind: Maastricht...
  ECMWF ENS...
    51 leden × 384 stappen
  ICON-EPS...
    40 leden × 168 stappen
  GFS ENS...
    31 leden × 384 stappen
  Opgeslagen: kaart_pluim_multi_wind_maastricht.png

Klaar!
[main c64159b5] Kaarten update 2026-03-26 15:36
 367 files changed, 2455 insertions(+), 21 deletions(-)
 delete mode 100644 kaart_synop_20260326_0854.png
 delete mode 100644 kaart_synop_20260326_0905.png
 delete mode 100644 kaart_synop_20260326_0916.png
 delete mode 100644 kaart_synop_20260326_0928.png
 delete mode 100644 kaart_synop_20260326_0939.png
 delete mode 100644 kaart_synop_20260326_0950.png
 delete mode 100644 kaart_synop_20260326_1001.png
 delete mode 100644 kaart_synop_20260326_1013.png
 delete mode 100644 kaart_synop_20260326_1024.png
 delete mode 100644 kaart_synop_20260326_1035.png
 delete mode 100644 kaart_synop_20260326_1047.png
 delete mode 100644 kaart_synop_20260326_1058.png
 delete mode 100644 kaart_synop_20260326_1109.png
 delete mode 100644 kaart_synop_20260326_1120.png
 delete mode 100644 kaart_synop_20260326_1131.png
 delete mode 100644 kaart_synop_20260326_1143.png
 delete mode 100644 kaart_synop_20260326_1144.png
 delete mode 100644 kaart_synop_20260326_1154.png
 delete mode 100644 kaart_synop_20260326_1205.png
 delete mode 100644 kaart_synop_20260326_1216.png
 delete mode 100644 kaart_synop_20260326_1228.png
 delete mode 100644 kaart_synop_20260326_1239.png
 delete mode 100644 kaart_synop_20260326_1250.png
 delete mode 100644 kaart_synop_20260326_1301.png
 delete mode 100644 kaart_synop_20260326_1312.png
 delete mode 100644 kaart_synop_20260326_1324.png
 delete mode 100644 kaart_synop_20260326_1335.png
 delete mode 100644 kaart_synop_20260326_1346.png
 create mode 100644 kaart_synop_20260326_1420.png
 create mode 100644 kaart_synop_20260326_1430.png
 create mode 100644 kaart_synop_20260326_1440.png
 create mode 100644 kaart_synop_20260326_1450.png
 create mode 100644 kaart_synop_20260326_1501.png
 create mode 100644 kaart_synop_20260326_1511.png
 create mode 100644 kaart_synop_20260326_1521.png
 create mode 100644 kaart_synop_20260326_1531.png
 delete mode 100644 kaart_temp_nacht_woensdag_25mar2026.png
 delete mode 100644 kaart_wind_nacht_maandag_30mar2026.png
 create mode 100644 kaart_wind_nacht_woensdag_01apr2026.png
  ZIP downloaden station 260...
  EDR aanvullen De Bilt van 2026-03-26 t/m 2026-03-26...
    EDR fout 260: 403 Client Error: Forbidden for url: https://api.dataplatform.knmi.nl/edr/v1/collections/daily-in-situ-meteorological-observations-validated/locations/0-20000-0-06260?datetime=2026-03-26T00:00:00Z/2026-03-26T23:59:59Z&parameter-name=TX,TN,RH,SQ
  Opgeslagen: maanddata_260.json (45740 dagen)
  ZIP downloaden station 235...
  EDR aanvullen Den Helder van 2026-03-26 t/m 2026-03-26...
    EDR fout 235: 403 Client Error: Forbidden for url: https://api.dataplatform.knmi.nl/edr/v1/collections/daily-in-situ-meteorological-observations-validated/locations/0-20000-0-06235?datetime=2026-03-26T00:00:00Z/2026-03-26T23:59:59Z&parameter-name=TX,TN,RH,SQ
  Opgeslagen: maanddata_235.json (43914 dagen)
  ZIP downloaden station 280...
  EDR aanvullen Eelde van 2026-03-26 t/m 2026-03-26...
    EDR fout 280: 403 Client Error: Forbidden for url: https://api.dataplatform.knmi.nl/edr/v1/collections/daily-in-situ-meteorological-observations-validated/locations/0-20000-0-06280?datetime=2026-03-26T00:00:00Z/2026-03-26T23:59:59Z&parameter-name=TX,TN,RH,SQ
  Opgeslagen: maanddata_280.json (43914 dagen)
  ZIP downloaden station 310...
  EDR aanvullen Vlissingen van 2026-03-26 t/m 2026-03-26...
    EDR fout 310: 403 Client Error: Forbidden for url: https://api.dataplatform.knmi.nl/edr/v1/collections/daily-in-situ-meteorological-observations-validated/locations/0-20000-0-06310?datetime=2026-03-26T00:00:00Z/2026-03-26T23:59:59Z&parameter-name=TX,TN,RH,SQ
  Opgeslagen: maanddata_310.json (43914 dagen)
  ZIP downloaden station 380...
  EDR aanvullen Maastricht van 2026-03-26 t/m 2026-03-26...
    EDR fout 380: 403 Client Error: Forbidden for url: https://api.dataplatform.knmi.nl/edr/v1/collections/daily-in-situ-meteorological-observations-validated/locations/0-20000-0-06380?datetime=2026-03-26T00:00:00Z/2026-03-26T23:59:59Z&parameter-name=TX,TN,RH,SQ
  Opgeslagen: maanddata_380.json (43914 dagen)
  ZIP downloaden station 330...
  EDR aanvullen Hoek van Holland van 2026-03-26 t/m 2026-03-26...
    EDR fout 330: 403 Client Error: Forbidden for url: https://api.dataplatform.knmi.nl/edr/v1/collections/daily-in-situ-meteorological-observations-validated/locations/0-20000-0-06330?datetime=2026-03-26T00:00:00Z/2026-03-26T23:59:59Z&parameter-name=TX,TN,RH,SQ
  Opgeslagen: maanddata_330.json (20173 dagen)
  ZIP downloaden station 344...
  EDR aanvullen Rotterdam Airport van 2026-03-26 t/m 2026-03-26...
    EDR fout 344: 403 Client Error: Forbidden for url: https://api.dataplatform.knmi.nl/edr/v1/collections/daily-in-situ-meteorological-observations-validated/locations/0-20000-0-06344?datetime=2026-03-26T00:00:00Z/2026-03-26T23:59:59Z&parameter-name=TX,TN,RH,SQ
  Opgeslagen: maanddata_344.json (25378 dagen)
Klaar!
MOSMIX ophalen (max temp dag 06-18u)...
Ophalen: Eelde (06280)...
Ophalen: Terschelling (06250)...
Ophalen: Vlieland (06242)...
Ophalen: Leeuwarden (06270)...
Ophalen: Den Helder (06235)...
Ophalen: Amsterdam (06240)...
Ophalen: De Bilt (06260)...
Ophalen: Deelen (06275)...
Ophalen: Hoogeveen (06279)...
Ophalen: Enschede (06290)...
Ophalen: Vlissingen (06310)...
Ophalen: Hoek van Holland (06330)...
Ophalen: Rotterdam Airport (06344)...
Ophalen: Gilze Rijen (06350)...
Ophalen: Eindhoven (06370)...
Ophalen: Maastricht (06380)...
Ophalen: Gent (06431)...
Ophalen: Antwerpen (06450)...
Ophalen: Kleve (K1176)...
Ophalen: Brussel (06451)...
Ophalen: Kleine Brogel (06479)...
Ophalen: Dollart (E207)...
Ophalen: Wielen (P0122)...
Ophalen: Weeze (10405)...
Ophalen: Valkenburg (06210)...
Ophalen: Volkel (06375)...
Ophalen: Bocholt (10406)...
Ophalen: Nettetal (H512)...
Ophalen: IJsselmeer (E5305)...
Ophalen: Borkum (K1083)...
Ophalen: Geilenkirchen (10500)...
Data voor 7 dagen
Kaart: kaart_temp_dag_donderdag_26mar2026.png
Kaart: kaart_temp_dag_vrijdag_27mar2026.png
Kaart: kaart_temp_dag_zaterdag_28mar2026.png
Kaart: kaart_temp_dag_zondag_29mar2026.png
Kaart: kaart_temp_dag_maandag_30mar2026.png
Kaart: kaart_temp_dag_dinsdag_31mar2026.png
Kaart: kaart_temp_dag_woensdag_01apr2026.png
MOSMIX ophalen (min temp nacht 18-06u)...
Ophalen: Eelde (06280)...
Ophalen: Terschelling (06250)...
Ophalen: Vlieland (06242)...
Ophalen: Leeuwarden (06270)...
Ophalen: Den Helder (06235)...
Ophalen: Amsterdam (06240)...
Ophalen: De Bilt (06260)...
Ophalen: Deelen (06275)...
Ophalen: Hoogeveen (06279)...
Ophalen: Enschede (06290)...
Ophalen: Vlissingen (06310)...
Ophalen: Hoek van Holland (06330)...
Ophalen: Rotterdam Airport (06344)...
Ophalen: Gilze Rijen (06350)...
Ophalen: Eindhoven (06370)...
Ophalen: Maastricht (06380)...
Ophalen: Gent (06431)...
Ophalen: Antwerpen (06450)...
Ophalen: Kleve (K1176)...
Ophalen: Brussel (06451)...
Ophalen: Kleine Brogel (06479)...
Ophalen: Dollart (E207)...
Ophalen: Wielen (P0122)...
Ophalen: Weeze (10405)...
Ophalen: Valkenburg (06210)...
Ophalen: Volkel (06375)...
Ophalen: Bocholt (10406)...
Ophalen: Nettetal (H512)...
Ophalen: IJsselmeer (E5305)...
Ophalen: Borkum (K1083)...
Ophalen: Geilenkirchen (10500)...
Data voor 7 dagen
Kaart: kaart_temp_nacht_donderdag_26mar2026.png
Kaart: kaart_temp_nacht_vrijdag_27mar2026.png
Kaart: kaart_temp_nacht_zaterdag_28mar2026.png
Kaart: kaart_temp_nacht_zondag_29mar2026.png
Kaart: kaart_temp_nacht_maandag_30mar2026.png
Kaart: kaart_temp_nacht_dinsdag_31mar2026.png
Kaart: kaart_temp_nacht_woensdag_01apr2026.png
MOSMIX ophalen (max temp dag 06-18u België)...
  Brussel (06451)...
  Gent (06431)...
  Antwerpen (06450)...
  Kleine Brogel (06479)...
  Oostende (06407)...
  Charleroi (06449)...
  Bierset (06478)...
  Spa (06490)...
  St-Hubert (06476)...
  Florennes (06456)...
  Lille (07015)...
  Heinerschied (F9600)...
  Beauvechain (06458)...
  Monschau (H908)...
  Brugge (P0155)...
  Charleville (07075)...
  Cambrai (07017)...
  Calais (P0437)...
  Saint-Quentin (07061)...
Data voor 7 dagen
Kaart: kaart_be_temp_dag_donderdag_26mar2026.png
Kaart: kaart_be_temp_dag_vrijdag_27mar2026.png
Kaart: kaart_be_temp_dag_zaterdag_28mar2026.png
Kaart: kaart_be_temp_dag_zondag_29mar2026.png
Kaart: kaart_be_temp_dag_maandag_30mar2026.png
Kaart: kaart_be_temp_dag_dinsdag_31mar2026.png
Kaart: kaart_be_temp_dag_woensdag_01apr2026.png
MOSMIX ophalen (min temp nacht 18-06u België)...
  Brussel (06451)...
  Gent (06431)...
  Antwerpen (06450)...
  Kleine Brogel (06479)...
  Oostende (06407)...
  Charleroi (06449)...
  Bierset (06478)...
  Spa (06490)...
  St-Hubert (06476)...
  Florennes (06456)...
  Lille (07015)...
  Heinerschied (F9600)...
  Beauvechain (06458)...
  Monschau (H908)...
  Brugge (P0155)...
  Charleville (07075)...
  Cambrai (07017)...
  Calais (P0437)...
  Saint-Quentin (07061)...
Data voor 7 dagen
Kaart: kaart_be_temp_nacht_donderdag_26mar2026.png
Kaart: kaart_be_temp_nacht_vrijdag_27mar2026.png
Kaart: kaart_be_temp_nacht_zaterdag_28mar2026.png
Kaart: kaart_be_temp_nacht_zondag_29mar2026.png
Kaart: kaart_be_temp_nacht_maandag_30mar2026.png
Kaart: kaart_be_temp_nacht_dinsdag_31mar2026.png
Kaart: kaart_be_temp_nacht_woensdag_01apr2026.png
=== Ed Aldus WM — upload Thu Mar 26 21:30:05 CET 2026 ===
Waarschuwingen opgeslagen: GREEN (26 Mar 2026 21:30)
=== KNMI Guidance === 2026-03-26 21:30
  Ophalen: kort...
  Klaar: 3869 tekens
  Ophalen: lang...
  Klaar: 3015 tekens
Opgeslagen: guidance.json
Basiskaart aanmaken...
kaart_basis_nl.png aangemaakt
MOSMIX ophalen (temperatuur Nederland TX/TN)...
  Eelde (06280)...
  Terschelling (06250)...
  Vlieland (06242)...
  Leeuwarden (06270)...
  Den Helder (06235)...
  Amsterdam (06240)...
  De Bilt (06260)...
  Deelen (06275)...
  Hoogeveen (06279)...
  Enschede (06290)...
  Vlissingen (06310)...
  Hoek van Holland (06330)...
  Rotterdam Airport (06344)...
  Gilze Rijen (06350)...
  Eindhoven (06370)...
  Maastricht (06380)...
  Gent (06431)...
  Antwerpen (06450)...
  Kleve (K1176)...
  Brussel (06451)...
  Kleine Brogel (06479)...
  Dollart (E207)...
  Wielen (P0122)...
  Weeze (10405)...
  Valkenburg (06210)...
  Volkel (06375)...
  Bocholt (10406)...
  Nettetal (H512)...
  IJsselmeer (E5305)...
  Borkum (K1083)...
  Geilenkirchen (10500)...
Data voor 7 dagen
Kaart: kaart_temp_donderdag_26mar2026.png
Kaart: kaart_temp_vrijdag_27mar2026.png
Kaart: kaart_temp_zaterdag_28mar2026.png
Kaart: kaart_temp_zondag_29mar2026.png
Kaart: kaart_temp_maandag_30mar2026.png
Kaart: kaart_temp_dinsdag_31mar2026.png
Kaart: kaart_temp_woensdag_01apr2026.png
  Verwijderd: kaart_temp_dag_donderdag_26mar2026.png
  Verwijderd: kaart_temp_dag_vrijdag_27mar2026.png
  Verwijderd: kaart_temp_dag_zaterdag_28mar2026.png
  Verwijderd: kaart_temp_dag_zondag_29mar2026.png
  Verwijderd: kaart_temp_dag_maandag_30mar2026.png
  Verwijderd: kaart_temp_dag_dinsdag_31mar2026.png
  Verwijderd: kaart_temp_dag_woensdag_01apr2026.png
  Verwijderd: kaart_temp_nacht_donderdag_26mar2026.png
  Verwijderd: kaart_temp_nacht_vrijdag_27mar2026.png
  Verwijderd: kaart_temp_nacht_zaterdag_28mar2026.png
  Verwijderd: kaart_temp_nacht_zondag_29mar2026.png
  Verwijderd: kaart_temp_nacht_maandag_30mar2026.png
  Verwijderd: kaart_temp_nacht_dinsdag_31mar2026.png
  Verwijderd: kaart_temp_nacht_woensdag_01apr2026.png
MOSMIX ophalen (max temp dag 06-18u)...
Ophalen: Eelde (06280)...
Ophalen: Terschelling (06250)...
Ophalen: Vlieland (06242)...
Ophalen: Leeuwarden (06270)...
Ophalen: Den Helder (06235)...
Ophalen: Amsterdam (06240)...
Ophalen: De Bilt (06260)...
Ophalen: Deelen (06275)...
Ophalen: Hoogeveen (06279)...
Ophalen: Enschede (06290)...
Ophalen: Vlissingen (06310)...
Ophalen: Hoek van Holland (06330)...
Ophalen: Rotterdam Airport (06344)...
Ophalen: Gilze Rijen (06350)...
Ophalen: Eindhoven (06370)...
Ophalen: Maastricht (06380)...
Ophalen: Gent (06431)...
Ophalen: Antwerpen (06450)...
Ophalen: Kleve (K1176)...
Ophalen: Brussel (06451)...
Ophalen: Kleine Brogel (06479)...
Ophalen: Dollart (E207)...
Ophalen: Wielen (P0122)...
Ophalen: Weeze (10405)...
Ophalen: Valkenburg (06210)...
Ophalen: Volkel (06375)...
Ophalen: Bocholt (10406)...
Ophalen: Nettetal (H512)...
Ophalen: IJsselmeer (E5305)...
Ophalen: Borkum (K1083)...
Ophalen: Geilenkirchen (10500)...
Data voor 7 dagen
Kaart: kaart_temp_dag_donderdag_26mar2026.png
Kaart: kaart_temp_dag_vrijdag_27mar2026.png
Kaart: kaart_temp_dag_zaterdag_28mar2026.png
Kaart: kaart_temp_dag_zondag_29mar2026.png
Kaart: kaart_temp_dag_maandag_30mar2026.png
Kaart: kaart_temp_dag_dinsdag_31mar2026.png
Kaart: kaart_temp_dag_woensdag_01apr2026.png
MOSMIX ophalen (min temp nacht 18-06u)...
Ophalen: Eelde (06280)...
Ophalen: Terschelling (06250)...
Ophalen: Vlieland (06242)...
Ophalen: Leeuwarden (06270)...
Ophalen: Den Helder (06235)...
Ophalen: Amsterdam (06240)...
Ophalen: De Bilt (06260)...
Ophalen: Deelen (06275)...
Ophalen: Hoogeveen (06279)...
Ophalen: Enschede (06290)...
Ophalen: Vlissingen (06310)...
Ophalen: Hoek van Holland (06330)...
Ophalen: Rotterdam Airport (06344)...
Ophalen: Gilze Rijen (06350)...
Ophalen: Eindhoven (06370)...
Ophalen: Maastricht (06380)...
Ophalen: Gent (06431)...
Ophalen: Antwerpen (06450)...
Ophalen: Kleve (K1176)...
Ophalen: Brussel (06451)...
Ophalen: Kleine Brogel (06479)...
Ophalen: Dollart (E207)...
Ophalen: Wielen (P0122)...
Ophalen: Weeze (10405)...
Ophalen: Valkenburg (06210)...
Ophalen: Volkel (06375)...
Ophalen: Bocholt (10406)...
Ophalen: Nettetal (H512)...
Ophalen: IJsselmeer (E5305)...
Ophalen: Borkum (K1083)...
Ophalen: Geilenkirchen (10500)...
Data voor 7 dagen
Kaart: kaart_temp_nacht_donderdag_26mar2026.png
Kaart: kaart_temp_nacht_vrijdag_27mar2026.png
Kaart: kaart_temp_nacht_zaterdag_28mar2026.png
Kaart: kaart_temp_nacht_zondag_29mar2026.png
Kaart: kaart_temp_nacht_maandag_30mar2026.png
Kaart: kaart_temp_nacht_dinsdag_31mar2026.png
Kaart: kaart_temp_nacht_woensdag_01apr2026.png
MOSMIX ophalen (zon/bewolking)...
Ophalen: Eelde (06280)...
Ophalen: Terschelling (06250)...
Ophalen: Vlieland (06242)...
Ophalen: Leeuwarden (06270)...
Ophalen: Den Helder (06235)...
Ophalen: Amsterdam (06240)...
Ophalen: De Bilt (06260)...
Ophalen: Deelen (06275)...
Ophalen: Hoogeveen (06279)...
Ophalen: Enschede (06290)...
Ophalen: Hoek van Holland (06330)...
Ophalen: Rotterdam Airport (06344)...
Ophalen: Gilze Rijen (06350)...
Ophalen: Eindhoven (06370)...
Ophalen: Maastricht (06380)...
Ophalen: Kleve (K1176)...
Ophalen: Kleine Brogel (06479)...
Ophalen: Dollart (E207)...
Ophalen: Wielen (P0122)...
Ophalen: Weeze (10405)...
Ophalen: Valkenburg (06210)...
Ophalen: Volkel (06375)...
Ophalen: Bocholt (10406)...
Ophalen: Nettetal (H512)...
Ophalen: IJsselmeer (E5305)...
Ophalen: Borkum (K1083)...
Ophalen: Geilenkirchen (10500)...
Data voor 7 dagen
Kaart: kaart_zon_donderdag_26mar2026.png
Kaart: kaart_zon_vrijdag_27mar2026.png
Kaart: kaart_zon_zaterdag_28mar2026.png
Kaart: kaart_zon_zondag_29mar2026.png
Kaart: kaart_zon_maandag_30mar2026.png
Kaart: kaart_zon_dinsdag_31mar2026.png
Kaart: kaart_zon_woensdag_01apr2026.png
MOSMIX ophalen (wind dag 06-18u)...
Ophalen: Eelde (06280)...
Ophalen: Terschelling (06250)...
Ophalen: Vlieland (06242)...
Ophalen: Leeuwarden (06270)...
Ophalen: Den Helder (06235)...
Ophalen: Amsterdam (06240)...
Ophalen: De Bilt (06260)...
Ophalen: Deelen (06275)...
Ophalen: Hoogeveen (06279)...
Ophalen: Enschede (06290)...
Ophalen: Vlissingen (06310)...
Ophalen: Hoek van Holland (06330)...
Ophalen: Rotterdam Airport (06344)...
Ophalen: Gilze Rijen (06350)...
Ophalen: Eindhoven (06370)...
Ophalen: Maastricht (06380)...
Ophalen: Gent (06431)...
Ophalen: Antwerpen (06450)...
Ophalen: Kleve (K1176)...
Ophalen: Brussel (06451)...
Ophalen: Kleine Brogel (06479)...
Ophalen: Dollart (E207)...
Ophalen: Wielen (P0122)...
Ophalen: Weeze (10405)...
Ophalen: Valkenburg (06210)...
Ophalen: Volkel (06375)...
Ophalen: Bocholt (10406)...
Ophalen: Nettetal (H512)...
Ophalen: IJsselmeer (E5305)...
Ophalen: Borkum (K1083)...
Ophalen: Geilenkirchen (10500)...
Data voor 7 dagen
Kaart: kaart_wind_donderdag_26mar2026.png
Kaart: kaart_wind_vrijdag_27mar2026.png
Kaart: kaart_wind_zaterdag_28mar2026.png
Kaart: kaart_wind_zondag_29mar2026.png
Kaart: kaart_wind_maandag_30mar2026.png
Kaart: kaart_wind_dinsdag_31mar2026.png
Kaart: kaart_wind_woensdag_01apr2026.png
MOSMIX ophalen (wind nacht 18-06u)...
Ophalen: Eelde (06280)...
Ophalen: Terschelling (06250)...
Ophalen: Vlieland (06242)...
Ophalen: Leeuwarden (06270)...
Ophalen: Den Helder (06235)...
Ophalen: Amsterdam (06240)...
Ophalen: De Bilt (06260)...
Ophalen: Deelen (06275)...
Ophalen: Hoogeveen (06279)...
Ophalen: Enschede (06290)...
Ophalen: Vlissingen (06310)...
Ophalen: Hoek van Holland (06330)...
Ophalen: Rotterdam Airport (06344)...
Ophalen: Gilze Rijen (06350)...
Ophalen: Eindhoven (06370)...
Ophalen: Maastricht (06380)...
Ophalen: Gent (06431)...
Ophalen: Antwerpen (06450)...
Ophalen: Kleve (K1176)...
Ophalen: Brussel (06451)...
Ophalen: Kleine Brogel (06479)...
Ophalen: Dollart (E207)...
Ophalen: Wielen (P0122)...
Ophalen: Weeze (10405)...
Ophalen: Valkenburg (06210)...
Ophalen: Volkel (06375)...
Ophalen: Bocholt (10406)...
Ophalen: Nettetal (H512)...
Ophalen: IJsselmeer (E5305)...
Ophalen: Borkum (K1083)...
Ophalen: Geilenkirchen (10500)...
Data voor 7 dagen
Kaart: kaart_wind_nacht_donderdag_26mar2026.png
Kaart: kaart_wind_nacht_vrijdag_27mar2026.png
Kaart: kaart_wind_nacht_zaterdag_28mar2026.png
Kaart: kaart_wind_nacht_zondag_29mar2026.png
Kaart: kaart_wind_nacht_maandag_30mar2026.png
Kaart: kaart_wind_nacht_dinsdag_31mar2026.png
Kaart: kaart_wind_nacht_woensdag_01apr2026.png
  Verwijderd: kaart_wind_nacht_dinsdag_31mar2026.png
  Verwijderd: kaart_wind_nacht_donderdag_26mar2026.png
  Verwijderd: kaart_wind_nacht_maandag_30mar2026.png
MOSMIX ophalen (mist/zichtbaarheid)...
Ophalen: Eelde (06280)...
Ophalen: Terschelling (06250)...
Ophalen: Vlieland (06242)...
Ophalen: Leeuwarden (06270)...
Ophalen: Den Helder (06235)...
Ophalen: Amsterdam (06240)...
Ophalen: De Bilt (06260)...
Ophalen: Deelen (06275)...
Ophalen: Hoogeveen (06279)...
Ophalen: Enschede (06290)...
Ophalen: Vlissingen (06310)...
Ophalen: Hoek van Holland (06330)...
Ophalen: Rotterdam Airport (06344)...
Ophalen: Gilze Rijen (06350)...
Ophalen: Eindhoven (06370)...
Ophalen: Maastricht (06380)...
Ophalen: Gent (06431)...
Ophalen: Antwerpen (06450)...
Ophalen: Kleve (K1176)...
Ophalen: Brussel (06451)...
Ophalen: Kleine Brogel (06479)...
Ophalen: Dollart (E207)...
Ophalen: Wielen (P0122)...
Ophalen: Weeze (10405)...
Ophalen: Valkenburg (06210)...
Ophalen: Volkel (06375)...
Ophalen: Bocholt (10406)...
Ophalen: Nettetal (H512)...
Ophalen: IJsselmeer (E5305)...
Ophalen: Borkum (K1083)...
Ophalen: Geilenkirchen (10500)...
Data voor 7 dagen
Kaart: kaart_mist_vrijdag_27mar2026.png
Kaart: kaart_mist_zaterdag_28mar2026.png
Kaart: kaart_mist_zondag_29mar2026.png
Kaart: kaart_mist_maandag_30mar2026.png
Kaart: kaart_mist_dinsdag_31mar2026.png
Kaart: kaart_mist_woensdag_01apr2026.png
Kaart: kaart_mist_donderdag_02apr2026.png
MOSMIX ophalen (T5cm grastemperatuur)...
Ophalen: Eelde (06280)...
Ophalen: Terschelling (06250)...
Ophalen: Vlieland (06242)...
Ophalen: Leeuwarden (06270)...
Ophalen: Den Helder (06235)...
Ophalen: Amsterdam (06240)...
Ophalen: De Bilt (06260)...
Ophalen: Deelen (06275)...
Ophalen: Hoogeveen (06279)...
Ophalen: Enschede (06290)...
Ophalen: Vlissingen (06310)...
Ophalen: Hoek van Holland (06330)...
Ophalen: Rotterdam Airport (06344)...
Ophalen: Gilze Rijen (06350)...
Ophalen: Eindhoven (06370)...
Ophalen: Maastricht (06380)...
Ophalen: Gent (06431)...
Ophalen: Antwerpen (06450)...
Ophalen: Kleve (K1176)...
Ophalen: Brussel (06451)...
Ophalen: Kleine Brogel (06479)...
Ophalen: Dollart (E207)...
Ophalen: Wielen (P0122)...
Ophalen: Weeze (10405)...
Ophalen: Valkenburg (06210)...
Ophalen: Volkel (06375)...
Ophalen: Bocholt (10406)...
Ophalen: Nettetal (H512)...
Ophalen: IJsselmeer (E5305)...
Ophalen: Borkum (K1083)...
Ophalen: Geilenkirchen (10500)...
Data voor 7 dagen
Kaart: kaart_t5cm_vrijdag_27mar2026.png
Kaart: kaart_t5cm_zaterdag_28mar2026.png
Kaart: kaart_t5cm_zondag_29mar2026.png
Kaart: kaart_t5cm_maandag_30mar2026.png
Kaart: kaart_t5cm_dinsdag_31mar2026.png
Kaart: kaart_t5cm_woensdag_01apr2026.png
Kaart: kaart_t5cm_donderdag_02apr2026.png
MOSMIX ophalen (dauwpunt Td2)...
Ophalen: Eelde (06280)...
Ophalen: Terschelling (06250)...
Ophalen: Vlieland (06242)...
Ophalen: Leeuwarden (06270)...
Ophalen: Den Helder (06235)...
Ophalen: Amsterdam (06240)...
Ophalen: De Bilt (06260)...
Ophalen: Deelen (06275)...
Ophalen: Hoogeveen (06279)...
Ophalen: Enschede (06290)...
Ophalen: Vlissingen (06310)...
Ophalen: Hoek van Holland (06330)...
Ophalen: Rotterdam Airport (06344)...
Ophalen: Gilze Rijen (06350)...
Ophalen: Eindhoven (06370)...
Ophalen: Maastricht (06380)...
Ophalen: Gent (06431)...
Ophalen: Antwerpen (06450)...
Ophalen: Kleve (K1176)...
Ophalen: Brussel (06451)...
Ophalen: Kleine Brogel (06479)...
Ophalen: Dollart (E207)...
Ophalen: Wielen (P0122)...
Ophalen: Weeze (10405)...
Ophalen: Valkenburg (06210)...
Ophalen: Volkel (06375)...
Ophalen: Bocholt (10406)...
Ophalen: Nettetal (H512)...
Ophalen: IJsselmeer (E5305)...
Ophalen: Borkum (K1083)...
Ophalen: Geilenkirchen (10500)...
Data voor 7 dagen
Kaart: kaart_dauwpunt_vrijdag_27mar2026.png
Kaart: kaart_dauwpunt_zaterdag_28mar2026.png
Kaart: kaart_dauwpunt_zondag_29mar2026.png
Kaart: kaart_dauwpunt_maandag_30mar2026.png
Kaart: kaart_dauwpunt_dinsdag_31mar2026.png
Kaart: kaart_dauwpunt_woensdag_01apr2026.png
Kaart: kaart_dauwpunt_donderdag_02apr2026.png
MOSMIX ophalen (gevoelstemperatuur berekend via TTT+FF)...
Ophalen: Eelde (06280)...
Ophalen: Terschelling (06250)...
Ophalen: Vlieland (06242)...
Ophalen: Leeuwarden (06270)...
Ophalen: Den Helder (06235)...
Ophalen: Amsterdam (06240)...
Ophalen: De Bilt (06260)...
Ophalen: Deelen (06275)...
Ophalen: Hoogeveen (06279)...
Ophalen: Enschede (06290)...
Ophalen: Vlissingen (06310)...
Ophalen: Hoek van Holland (06330)...
Ophalen: Rotterdam Airport (06344)...
Ophalen: Gilze Rijen (06350)...
Ophalen: Eindhoven (06370)...
Ophalen: Maastricht (06380)...
Ophalen: Gent (06431)...
Ophalen: Antwerpen (06450)...
Ophalen: Kleve (K1176)...
Ophalen: Brussel (06451)...
Ophalen: Kleine Brogel (06479)...
Ophalen: Dollart (E207)...
Ophalen: Wielen (P0122)...
Ophalen: Weeze (10405)...
Ophalen: Valkenburg (06210)...
Ophalen: Volkel (06375)...
Ophalen: Bocholt (10406)...
Ophalen: Nettetal (H512)...
Ophalen: IJsselmeer (E5305)...
Ophalen: Borkum (K1083)...
Ophalen: Geilenkirchen (10500)...
Data voor 7 dagen
Kaart: kaart_gevoels_donderdag_26mar2026.png
Kaart: kaart_gevoels_vrijdag_27mar2026.png
Kaart: kaart_gevoels_zaterdag_28mar2026.png
Kaart: kaart_gevoels_zondag_29mar2026.png
Kaart: kaart_gevoels_maandag_30mar2026.png
Kaart: kaart_gevoels_dinsdag_31mar2026.png
Kaart: kaart_gevoels_woensdag_01apr2026.png
MOSMIX ophalen (neerslag)...
Ophalen: Eelde (06280)...
Ophalen: Terschelling (06250)...
Ophalen: Vlieland (06242)...
Ophalen: Leeuwarden (06270)...
Ophalen: Den Helder (06235)...
Ophalen: Amsterdam (06240)...
Ophalen: De Bilt (06260)...
Ophalen: Deelen (06275)...
Ophalen: Hoogeveen (06279)...
Ophalen: Enschede (06290)...
Ophalen: Vlissingen (06310)...
Ophalen: Hoek van Holland (06330)...
Ophalen: Rotterdam Airport (06344)...
Ophalen: Gilze Rijen (06350)...
Ophalen: Eindhoven (06370)...
Ophalen: Maastricht (06380)...
Ophalen: Gent (06431)...
Ophalen: Antwerpen (06450)...
Ophalen: Kleve (K1176)...
Ophalen: Brussel (06451)...
Ophalen: Kleine Brogel (06479)...
Ophalen: Dollart (E207)...
Ophalen: Wielen (P0122)...
Ophalen: Weeze (10405)...
Ophalen: Valkenburg (06210)...
Ophalen: Volkel (06375)...
Ophalen: Bocholt (10406)...
Ophalen: Nettetal (H512)...
Ophalen: IJsselmeer (E5305)...
Ophalen: Borkum (K1083)...
Ophalen: Geilenkirchen (10500)...
Data voor 7 dagen
Kaart: kaart_regen_donderdag_26mar2026.png
Kaart: kaart_regen_vrijdag_27mar2026.png
Kaart: kaart_regen_zaterdag_28mar2026.png
Kaart: kaart_regen_zondag_29mar2026.png
Kaart: kaart_regen_maandag_30mar2026.png
Kaart: kaart_regen_dinsdag_31mar2026.png
Kaart: kaart_regen_woensdag_01apr2026.png
MOSMIX ophalen (onweer: wwT, wwTd, CAPE, CIN)...
Ophalen: Eelde (06280)...
Ophalen: Terschelling (06250)...
Ophalen: Vlieland (06242)...
Ophalen: Leeuwarden (06270)...
Ophalen: Den Helder (06235)...
Ophalen: Amsterdam (06240)...
Ophalen: De Bilt (06260)...
Ophalen: Deelen (06275)...
Ophalen: Hoogeveen (06279)...
Ophalen: Enschede (06290)...
Ophalen: Vlissingen (06310)...
Ophalen: Hoek van Holland (06330)...
Ophalen: Rotterdam Airport (06344)...
Ophalen: Gilze Rijen (06350)...
Ophalen: Eindhoven (06370)...
Ophalen: Maastricht (06380)...
Ophalen: Gent (06431)...
Ophalen: Antwerpen (06450)...
Ophalen: Kleve (K1176)...
Ophalen: Brussel (06451)...
Ophalen: Kleine Brogel (06479)...
Ophalen: Dollart (E207)...
Ophalen: Wielen (P0122)...
Ophalen: Weeze (10405)...
Ophalen: Valkenburg (06210)...
Ophalen: Volkel (06375)...
Ophalen: Bocholt (10406)...
Ophalen: Nettetal (H512)...
Ophalen: IJsselmeer (E5305)...
Ophalen: Borkum (K1083)...
Ophalen: Geilenkirchen (10500)...
Data voor 7 dagen
Kaart: kaart_onweer_donderdag_26mar2026.png
Kaart: kaart_onweer_vrijdag_27mar2026.png
Kaart: kaart_onweer_zaterdag_28mar2026.png
Kaart: kaart_onweer_zondag_29mar2026.png
Kaart: kaart_onweer_maandag_30mar2026.png
Kaart: kaart_onweer_dinsdag_31mar2026.png
Kaart: kaart_onweer_woensdag_01apr2026.png

Bewolkingskaart voor Vr 27 mrt...
  Eelde...
  Terschelling...
  Vlieland...
  Leeuwarden...
  Den Helder...
  Amsterdam...
  De Bilt...
  Deelen...
  Hoogeveen...
  Enschede...
  Vlissingen...
  Hoek van Holland...
  Rotterdam Airport...
  Gilze Rijen...
  Eindhoven...
  Maastricht...
  Gent...
  Antwerpen...
  Kleve...
  Brussel...
  Kleine Brogel...
  Dollart...
  Wielen...
  Weeze...
  Valkenburg...
  Volkel...
  Bocholt...
  Nettetal...
  IJsselmeer...
  Borkum...
  Geilenkirchen...
  Data voor 31 stations
Kaart opgeslagen: kaart_bewolking_2026-03-27.png

Bewolkingskaart voor Za 28 mrt...
  Eelde...
  Terschelling...
  Vlieland...
  Leeuwarden...
  Den Helder...
  Amsterdam...
  De Bilt...
  Deelen...
  Hoogeveen...
  Enschede...
  Vlissingen...
  Hoek van Holland...
  Rotterdam Airport...
  Gilze Rijen...
  Eindhoven...
  Maastricht...
  Gent...
  Antwerpen...
  Kleve...
  Brussel...
  Kleine Brogel...
  Dollart...
  Wielen...
  Weeze...
  Valkenburg...
  Volkel...
  Bocholt...
  Nettetal...
  IJsselmeer...
  Borkum...
  Geilenkirchen...
  Data voor 31 stations
Kaart opgeslagen: kaart_bewolking_2026-03-28.png

Bewolkingskaart voor Zo 29 mrt...
  Eelde...
  Terschelling...
  Vlieland...
  Leeuwarden...
  Den Helder...
  Amsterdam...
  De Bilt...
  Deelen...
  Hoogeveen...
  Enschede...
  Vlissingen...
  Hoek van Holland...
  Rotterdam Airport...
  Gilze Rijen...
  Eindhoven...
  Maastricht...
  Gent...
  Antwerpen...
  Kleve...
  Brussel...
  Kleine Brogel...
  Dollart...
  Wielen...
  Weeze...
  Valkenburg...
  Volkel...
  Bocholt...
  Nettetal...
  IJsselmeer...
  Borkum...
  Geilenkirchen...
  Data voor 31 stations
Kaart opgeslagen: kaart_bewolking_2026-03-29.png

Bewolkingskaart voor Ma 30 mrt...
  Eelde...
  Terschelling...
  Vlieland...
  Leeuwarden...
  Den Helder...
  Amsterdam...
  De Bilt...
  Deelen...
  Hoogeveen...
  Enschede...
  Vlissingen...
  Hoek van Holland...
  Rotterdam Airport...
  Gilze Rijen...
  Eindhoven...
  Maastricht...
  Gent...
  Antwerpen...
  Kleve...
  Brussel...
  Kleine Brogel...
  Dollart...
  Wielen...
  Weeze...
  Valkenburg...
  Volkel...
  Bocholt...
  Nettetal...
  IJsselmeer...
  Borkum...
  Geilenkirchen...
  Data voor 31 stations
Kaart opgeslagen: kaart_bewolking_2026-03-30.png

Bewolkingskaart voor Di 31 mrt...
  Eelde...
  Terschelling...
  Vlieland...
  Leeuwarden...
  Den Helder...
  Amsterdam...
  De Bilt...
  Deelen...
  Hoogeveen...
  Enschede...
  Vlissingen...
  Hoek van Holland...
  Rotterdam Airport...
  Gilze Rijen...
  Eindhoven...
  Maastricht...
  Gent...
  Antwerpen...
  Kleve...
  Brussel...
  Kleine Brogel...
  Dollart...
  Wielen...
  Weeze...
  Valkenburg...
  Volkel...
  Bocholt...
  Nettetal...
  IJsselmeer...
  Borkum...
  Geilenkirchen...
  Data voor 31 stations
Kaart opgeslagen: kaart_bewolking_2026-03-31.png

Bewolkingskaart voor Wo 1 apr...
  Eelde...
  Terschelling...
  Vlieland...
  Leeuwarden...
  Den Helder...
  Amsterdam...
  De Bilt...
  Deelen...
  Hoogeveen...
  Enschede...
  Vlissingen...
  Hoek van Holland...
  Rotterdam Airport...
  Gilze Rijen...
  Eindhoven...
  Maastricht...
  Gent...
  Antwerpen...
  Kleve...
  Brussel...
  Kleine Brogel...
  Dollart...
  Wielen...
  Weeze...
  Valkenburg...
  Volkel...
  Bocholt...
  Nettetal...
  IJsselmeer...
  Borkum...
  Geilenkirchen...
  Data voor 31 stations
Kaart opgeslagen: kaart_bewolking_2026-04-01.png

Bewolkingskaart voor Do 2 apr...
  Eelde...
  Terschelling...
  Vlieland...
  Leeuwarden...
  Den Helder...
  Amsterdam...
  De Bilt...
  Deelen...
  Hoogeveen...
  Enschede...
  Vlissingen...
  Hoek van Holland...
  Rotterdam Airport...
  Gilze Rijen...
  Eindhoven...
  Maastricht...
  Gent...
  Antwerpen...
  Kleve...
  Brussel...
  Kleine Brogel...
  Dollart...
  Wielen...
  Weeze...
  Valkenburg...
  Volkel...
  Bocholt...
  Nettetal...
  IJsselmeer...
  Borkum...
  Geilenkirchen...
  Data voor 31 stations
Kaart opgeslagen: kaart_bewolking_2026-04-02.png

Bewolkingskaart voor Vr 3 apr...
  Eelde...
  Terschelling...
  Vlieland...
  Leeuwarden...
  Den Helder...
  Amsterdam...
  De Bilt...
  Deelen...
  Hoogeveen...
  Enschede...
  Vlissingen...
  Hoek van Holland...
  Rotterdam Airport...
  Gilze Rijen...
  Eindhoven...
  Maastricht...
  Gent...
  Antwerpen...
  Kleve...
  Brussel...
  Kleine Brogel...
  Dollart...
  Wielen...
  Weeze...
  Valkenburg...
  Volkel...
  Bocholt...
  Nettetal...
  IJsselmeer...
  Borkum...
  Geilenkirchen...
  Data voor 31 stations
Kaart opgeslagen: kaart_bewolking_2026-04-03.png

Bewolkingskaart voor Za 4 apr...
  Eelde...
  Terschelling...
  Vlieland...
  Leeuwarden...
  Den Helder...
  Amsterdam...
  De Bilt...
  Deelen...
  Hoogeveen...
  Enschede...
  Vlissingen...
  Hoek van Holland...
  Rotterdam Airport...
  Gilze Rijen...
  Eindhoven...
  Maastricht...
  Gent...
  Antwerpen...
  Kleve...
  Brussel...
  Kleine Brogel...
  Dollart...
  Wielen...
  Weeze...
  Valkenburg...
  Volkel...
  Bocholt...
  Nettetal...
  IJsselmeer...
  Borkum...
  Geilenkirchen...
  Data voor 31 stations
Kaart opgeslagen: kaart_bewolking_2026-04-04.png

Bewolkingskaart voor Zo 5 apr...
  Eelde...
  Terschelling...
  Vlieland...
  Leeuwarden...
  Den Helder...
  Amsterdam...
  De Bilt...
  Deelen...
  Hoogeveen...
  Enschede...
  Vlissingen...
  Hoek van Holland...
  Rotterdam Airport...
  Gilze Rijen...
  Eindhoven...
  Maastricht...
  Gent...
  Antwerpen...
  Kleve...
  Brussel...
  Kleine Brogel...
  Dollart...
  Wielen...
  Weeze...
  Valkenburg...
  Volkel...
  Bocholt...
  Nettetal...
  IJsselmeer...
  Borkum...
  Geilenkirchen...
  Data voor 31 stations
Kaart opgeslagen: kaart_bewolking_2026-04-05.png
MOSMIX ophalen (kans op sneeuw Nederland)...
Ophalen: Eelde (06280)...
Ophalen: Terschelling (06250)...
Ophalen: Vlieland (06242)...
Ophalen: Leeuwarden (06270)...
Ophalen: Den Helder (06235)...
Ophalen: Amsterdam (06240)...
Ophalen: De Bilt (06260)...
Ophalen: Deelen (06275)...
Ophalen: Hoogeveen (06279)...
Ophalen: Enschede (06290)...
Ophalen: Vlissingen (06310)...
Ophalen: Hoek van Holland (06330)...
Ophalen: Rotterdam Airport (06344)...
Ophalen: Gilze Rijen (06350)...
Ophalen: Eindhoven (06370)...
Ophalen: Maastricht (06380)...
Ophalen: Gent (06431)...
Ophalen: Antwerpen (06450)...
Ophalen: Kleve (K1176)...
Ophalen: Brussel (06451)...
Ophalen: Kleine Brogel (06479)...
Ophalen: Dollart (E207)...
Ophalen: Wielen (P0122)...
Ophalen: Weeze (10405)...
Ophalen: Valkenburg (06210)...
Ophalen: Volkel (06375)...
Ophalen: Bocholt (10406)...
Ophalen: Nettetal (H512)...
Ophalen: IJsselmeer (E5305)...
Ophalen: Borkum (K1083)...
Ophalen: Geilenkirchen (10500)...
Data voor 7 dagen
Kaart: kaart_sneeuw_donderdag_26mar2026.png
Kaart: kaart_sneeuw_vrijdag_27mar2026.png
Kaart: kaart_sneeuw_zaterdag_28mar2026.png
Kaart: kaart_sneeuw_zondag_29mar2026.png
Kaart: kaart_sneeuw_maandag_30mar2026.png
Kaart: kaart_sneeuw_dinsdag_31mar2026.png
Kaart: kaart_sneeuw_woensdag_01apr2026.png
MOSMIX ophalen (hagelkans Nederland)...
Ophalen: Eelde (06280)...
Ophalen: Terschelling (06250)...
Ophalen: Vlieland (06242)...
Ophalen: Leeuwarden (06270)...
Ophalen: Den Helder (06235)...
Ophalen: Amsterdam (06240)...
Ophalen: De Bilt (06260)...
Ophalen: Deelen (06275)...
Ophalen: Hoogeveen (06279)...
Ophalen: Enschede (06290)...
Ophalen: Vlissingen (06310)...
Ophalen: Hoek van Holland (06330)...
Ophalen: Rotterdam Airport (06344)...
Ophalen: Gilze Rijen (06350)...
Ophalen: Eindhoven (06370)...
Ophalen: Maastricht (06380)...
Ophalen: Gent (06431)...
Ophalen: Antwerpen (06450)...
Ophalen: Kleve (K1176)...
Ophalen: Brussel (06451)...
Ophalen: Kleine Brogel (06479)...
Ophalen: Dollart (E207)...
Ophalen: Wielen (P0122)...
Ophalen: Weeze (10405)...
Ophalen: Valkenburg (06210)...
Ophalen: Volkel (06375)...
Ophalen: Bocholt (10406)...
Ophalen: Nettetal (H512)...
Ophalen: IJsselmeer (E5305)...
Ophalen: Borkum (K1083)...
Ophalen: Geilenkirchen (10500)...
Data voor 7 dagen
Kaart: kaart_hagel_donderdag_26mar2026.png
Kaart: kaart_hagel_vrijdag_27mar2026.png
Kaart: kaart_hagel_zaterdag_28mar2026.png
Kaart: kaart_hagel_zondag_29mar2026.png
Kaart: kaart_hagel_maandag_30mar2026.png
Kaart: kaart_hagel_dinsdag_31mar2026.png
Kaart: kaart_hagel_woensdag_01apr2026.png
MOSMIX ophalen (temperatuur België)...
  Brussel (06451)...
  Gent (06431)...
  Antwerpen (06450)...
  Kleine Brogel (06479)...
  Oostende (06407)...
  Charleroi (06449)...
  Bierset (06478)...
  Spa (06490)...
  St-Hubert (06476)...
  Florennes (06456)...
  Lille (07015)...
  Heinerschied (F9600)...
  Beauvechain (06458)...
  Monschau (H908)...
  Brugge (P0155)...
  Charleville (07075)...
  Cambrai (07017)...
  Calais (P0437)...
  Saint-Quentin (07061)...
Data voor 7 dagen
Kaart: kaart_be_temp_donderdag_26mar2026.png
Kaart: kaart_be_temp_vrijdag_27mar2026.png
Kaart: kaart_be_temp_zaterdag_28mar2026.png
Kaart: kaart_be_temp_zondag_29mar2026.png
Kaart: kaart_be_temp_maandag_30mar2026.png
Kaart: kaart_be_temp_dinsdag_31mar2026.png
Kaart: kaart_be_temp_woensdag_01apr2026.png
MOSMIX ophalen (max temp dag 06-18u België)...
  Brussel (06451)...
  Gent (06431)...
  Antwerpen (06450)...
  Kleine Brogel (06479)...
  Oostende (06407)...
  Charleroi (06449)...
  Bierset (06478)...
  Spa (06490)...
  St-Hubert (06476)...
  Florennes (06456)...
  Lille (07015)...
  Heinerschied (F9600)...
  Beauvechain (06458)...
  Monschau (H908)...
  Brugge (P0155)...
  Charleville (07075)...
  Cambrai (07017)...
  Calais (P0437)...
  Saint-Quentin (07061)...
Data voor 7 dagen
Kaart: kaart_be_temp_dag_donderdag_26mar2026.png
Kaart: kaart_be_temp_dag_vrijdag_27mar2026.png
Kaart: kaart_be_temp_dag_zaterdag_28mar2026.png
Kaart: kaart_be_temp_dag_zondag_29mar2026.png
Kaart: kaart_be_temp_dag_maandag_30mar2026.png
Kaart: kaart_be_temp_dag_dinsdag_31mar2026.png
Kaart: kaart_be_temp_dag_woensdag_01apr2026.png
MOSMIX ophalen (min temp nacht 18-06u België)...
  Brussel (06451)...
  Gent (06431)...
  Antwerpen (06450)...
  Kleine Brogel (06479)...
  Oostende (06407)...
  Charleroi (06449)...
  Bierset (06478)...
  Spa (06490)...
  St-Hubert (06476)...
  Florennes (06456)...
  Lille (07015)...
  Heinerschied (F9600)...
  Beauvechain (06458)...
  Monschau (H908)...
  Brugge (P0155)...
  Charleville (07075)...
  Cambrai (07017)...
  Calais (P0437)...
  Saint-Quentin (07061)...
Data voor 7 dagen
Kaart: kaart_be_temp_nacht_donderdag_26mar2026.png
Kaart: kaart_be_temp_nacht_vrijdag_27mar2026.png
Kaart: kaart_be_temp_nacht_zaterdag_28mar2026.png
Kaart: kaart_be_temp_nacht_zondag_29mar2026.png
Kaart: kaart_be_temp_nacht_maandag_30mar2026.png
Kaart: kaart_be_temp_nacht_dinsdag_31mar2026.png
Kaart: kaart_be_temp_nacht_woensdag_01apr2026.png
MOSMIX ophalen (wind dag 06-18u België)...
  Brussel (06451)...
  Gent (06431)...
  Antwerpen (06450)...
  Kleine Brogel (06479)...
  Oostende (06407)...
  Charleroi (06449)...
  Bierset (06478)...
  Spa (06490)...
  St-Hubert (06476)...
  Florennes (06456)...
  Lille (07015)...
  Heinerschied (F9600)...
  Beauvechain (06458)...
  Monschau (H908)...
  Brugge (P0155)...
  Charleville (07075)...
  Cambrai (07017)...
  Calais (P0437)...
  Saint-Quentin (07061)...
Data voor 7 dagen
Kaart: kaart_be_wind_donderdag_26mar2026.png
Kaart: kaart_be_wind_vrijdag_27mar2026.png
Kaart: kaart_be_wind_zaterdag_28mar2026.png
Kaart: kaart_be_wind_zondag_29mar2026.png
Kaart: kaart_be_wind_maandag_30mar2026.png
Kaart: kaart_be_wind_dinsdag_31mar2026.png
Kaart: kaart_be_wind_woensdag_01apr2026.png
MOSMIX ophalen (wind nacht 18-06u België)...
  Brussel (06451)...
  Gent (06431)...
  Antwerpen (06450)...
  Kleine Brogel (06479)...
  Oostende (06407)...
  Charleroi (06449)...
  Bierset (06478)...
  Spa (06490)...
  St-Hubert (06476)...
  Florennes (06456)...
  Lille (07015)...
  Heinerschied (F9600)...
  Beauvechain (06458)...
  Monschau (H908)...
  Brugge (P0155)...
  Charleville (07075)...
  Cambrai (07017)...
  Calais (P0437)...
  Saint-Quentin (07061)...
Data voor 7 dagen
Kaart: kaart_be_wind_nacht_donderdag_26mar2026.png
Kaart: kaart_be_wind_nacht_vrijdag_27mar2026.png
Kaart: kaart_be_wind_nacht_zaterdag_28mar2026.png
Kaart: kaart_be_wind_nacht_zondag_29mar2026.png
Kaart: kaart_be_wind_nacht_maandag_30mar2026.png
Kaart: kaart_be_wind_nacht_dinsdag_31mar2026.png
Kaart: kaart_be_wind_nacht_woensdag_01apr2026.png
MOSMIX ophalen (zon België)...
  Brussel...
  Gent...
  Antwerpen...
  Kleine Brogel...
  Oostende...
  Charleroi...
  Bierset...
  Spa...
  St-Hubert...
  Florennes...
  Lille...
  Heinerschied...
  Beauvechain...
  Monschau...
  Brugge...
  Charleville...
  Cambrai...
  Calais...
  Saint-Quentin...
Kaart: kaart_be_zon_donderdag_26mar2026.png
Kaart: kaart_be_zon_vrijdag_27mar2026.png
Kaart: kaart_be_zon_zaterdag_28mar2026.png
Kaart: kaart_be_zon_zondag_29mar2026.png
Kaart: kaart_be_zon_maandag_30mar2026.png
Kaart: kaart_be_zon_dinsdag_31mar2026.png
Kaart: kaart_be_zon_woensdag_01apr2026.png
MOSMIX ophalen (neerslag België)...
  Brussel...
  Gent...
  Antwerpen...
  Kleine Brogel...
  Oostende...
  Charleroi...
  Bierset...
  Spa...
  St-Hubert...
  Florennes...
  Lille...
  Heinerschied...
  Beauvechain...
  Monschau...
  Brugge...
  Charleville...
  Cambrai...
  Calais...
  Saint-Quentin...
Kaart: kaart_be_regen_donderdag_26mar2026.png
Kaart: kaart_be_regen_vrijdag_27mar2026.png
Kaart: kaart_be_regen_zaterdag_28mar2026.png
Kaart: kaart_be_regen_zondag_29mar2026.png
Kaart: kaart_be_regen_maandag_30mar2026.png
Kaart: kaart_be_regen_dinsdag_31mar2026.png
Kaart: kaart_be_regen_woensdag_01apr2026.png
MOSMIX ophalen (mist België)...
  Brussel...
  Gent...
  Antwerpen...
  Kleine Brogel...
  Oostende...
  Charleroi...
  Bierset...
  Spa...
  St-Hubert...
  Florennes...
  Lille...
  Heinerschied...
  Beauvechain...
  Monschau...
  Brugge...
  Charleville...
  Cambrai...
  Calais...
  Saint-Quentin...
Kaart: kaart_be_mist_vrijdag_27mar2026.png
Kaart: kaart_be_mist_zaterdag_28mar2026.png
Kaart: kaart_be_mist_zondag_29mar2026.png
Kaart: kaart_be_mist_maandag_30mar2026.png
Kaart: kaart_be_mist_dinsdag_31mar2026.png
Kaart: kaart_be_mist_woensdag_01apr2026.png
Kaart: kaart_be_mist_donderdag_02apr2026.png
  Verwijderd: kaart_be_mist_donderdag_26mar2026.png
MOSMIX ophalen (onweer België)...
  Brussel...
  Gent...
  Antwerpen...
  Kleine Brogel...
  Oostende...
  Charleroi...
  Bierset...
  Spa...
  St-Hubert...
  Florennes...
  Lille...
  Heinerschied...
  Beauvechain...
  Monschau...
  Brugge...
  Charleville...
  Cambrai...
  Calais...
  Saint-Quentin...
Kaart: kaart_be_onweer_donderdag_26mar2026.png
Kaart: kaart_be_onweer_vrijdag_27mar2026.png
Kaart: kaart_be_onweer_zaterdag_28mar2026.png
Kaart: kaart_be_onweer_zondag_29mar2026.png
Kaart: kaart_be_onweer_maandag_30mar2026.png
Kaart: kaart_be_onweer_dinsdag_31mar2026.png
Kaart: kaart_be_onweer_woensdag_01apr2026.png

Bewolking België Vr 27 mrt...
  Brussel...
  Gent...
  Antwerpen...
  Kleine Brogel...
  Oostende...
  Charleroi...
  Bierset...
  Spa...
  St-Hubert...
  Florennes...
  Lille...
  Heinerschied...
  Beauvechain...
  Monschau...
  Brugge...
  Charleville...
  Cambrai...
  Calais...
  Saint-Quentin...
Kaart: kaart_be_bewolking_2026-03-27.png

Bewolking België Za 28 mrt...
  Brussel...
  Gent...
  Antwerpen...
  Kleine Brogel...
  Oostende...
  Charleroi...
  Bierset...
  Spa...
  St-Hubert...
  Florennes...
  Lille...
  Heinerschied...
  Beauvechain...
  Monschau...
  Brugge...
  Charleville...
  Cambrai...
  Calais...
  Saint-Quentin...
Kaart: kaart_be_bewolking_2026-03-28.png

Bewolking België Zo 29 mrt...
  Brussel...
  Gent...
  Antwerpen...
  Kleine Brogel...
  Oostende...
  Charleroi...
  Bierset...
  Spa...
  St-Hubert...
  Florennes...
  Lille...
  Heinerschied...
  Beauvechain...
  Monschau...
  Brugge...
  Charleville...
  Cambrai...
  Calais...
  Saint-Quentin...
Kaart: kaart_be_bewolking_2026-03-29.png

Bewolking België Ma 30 mrt...
  Brussel...
  Gent...
  Antwerpen...
  Kleine Brogel...
  Oostende...
  Charleroi...
  Bierset...
  Spa...
  St-Hubert...
  Florennes...
  Lille...
  Heinerschied...
  Beauvechain...
  Monschau...
  Brugge...
  Charleville...
  Cambrai...
  Calais...
  Saint-Quentin...
Kaart: kaart_be_bewolking_2026-03-30.png

Bewolking België Di 31 mrt...
  Brussel...
  Gent...
  Antwerpen...
  Kleine Brogel...
  Oostende...
  Charleroi...
  Bierset...
  Spa...
  St-Hubert...
  Florennes...
  Lille...
  Heinerschied...
  Beauvechain...
  Monschau...
  Brugge...
  Charleville...
  Cambrai...
  Calais...
  Saint-Quentin...
Kaart: kaart_be_bewolking_2026-03-31.png

Bewolking België Wo 1 apr...
  Brussel...
  Gent...
  Antwerpen...
  Kleine Brogel...
  Oostende...
  Charleroi...
  Bierset...
  Spa...
  St-Hubert...
  Florennes...
  Lille...
  Heinerschied...
  Beauvechain...
  Monschau...
  Brugge...
  Charleville...
  Cambrai...
  Calais...
  Saint-Quentin...
Kaart: kaart_be_bewolking_2026-04-01.png

Bewolking België Do 2 apr...
  Brussel...
  Gent...
  Antwerpen...
  Kleine Brogel...
  Oostende...
  Charleroi...
  Bierset...
  Spa...
  St-Hubert...
  Florennes...
  Lille...
  Heinerschied...
  Beauvechain...
  Monschau...
  Brugge...
  Charleville...
  Cambrai...
  Calais...
  Saint-Quentin...
Kaart: kaart_be_bewolking_2026-04-02.png

Bewolking België Vr 3 apr...
  Brussel...
  Gent...
  Antwerpen...
  Kleine Brogel...
  Oostende...
  Charleroi...
  Bierset...
  Spa...
  St-Hubert...
  Florennes...
  Lille...
  Heinerschied...
  Beauvechain...
  Monschau...
  Brugge...
  Charleville...
  Cambrai...
  Calais...
  Saint-Quentin...
Kaart: kaart_be_bewolking_2026-04-03.png

Bewolking België Za 4 apr...
  Brussel...
  Gent...
  Antwerpen...
  Kleine Brogel...
  Oostende...
  Charleroi...
  Bierset...
  Spa...
  St-Hubert...
  Florennes...
  Lille...
  Heinerschied...
  Beauvechain...
  Monschau...
  Brugge...
  Charleville...
  Cambrai...
  Calais...
  Saint-Quentin...
Kaart: kaart_be_bewolking_2026-04-04.png

Bewolking België Zo 5 apr...
  Brussel...
  Gent...
  Antwerpen...
  Kleine Brogel...
  Oostende...
  Charleroi...
  Bierset...
  Spa...
  St-Hubert...
  Florennes...
  Lille...
  Heinerschied...
  Beauvechain...
  Monschau...
  Brugge...
  Charleville...
  Cambrai...
  Calais...
  Saint-Quentin...
Kaart: kaart_be_bewolking_2026-04-05.png
MOSMIX ophalen (kans op sneeuw Belgie)...
  Brussel (06451)...
  Gent (06431)...
  Antwerpen (06450)...
  Kleine Brogel (06479)...
  Oostende (06407)...
  Charleroi (06449)...
  Bierset (06478)...
  Spa (06490)...
  St-Hubert (06476)...
  Florennes (06456)...
  Lille (07015)...
  Heinerschied (F9600)...
  Beauvechain (06458)...
  Monschau (H908)...
  Brugge (P0155)...
  Charleville (07075)...
  Cambrai (07017)...
  Calais (P0437)...
  Saint-Quentin (07061)...
Data voor 7 dagen
Kaart: kaart_be_sneeuw_donderdag_26mar2026.png
Kaart: kaart_be_sneeuw_vrijdag_27mar2026.png
Kaart: kaart_be_sneeuw_zaterdag_28mar2026.png
Kaart: kaart_be_sneeuw_zondag_29mar2026.png
Kaart: kaart_be_sneeuw_maandag_30mar2026.png
Kaart: kaart_be_sneeuw_dinsdag_31mar2026.png
Kaart: kaart_be_sneeuw_woensdag_01apr2026.png
MOSMIX ophalen (hagelkans Belgie)...
  Brussel (06451)...
  Gent (06431)...
  Antwerpen (06450)...
  Kleine Brogel (06479)...
  Oostende (06407)...
  Charleroi (06449)...
  Bierset (06478)...
  Spa (06490)...
  St-Hubert (06476)...
  Florennes (06456)...
  Lille (07015)...
  Heinerschied (F9600)...
  Beauvechain (06458)...
  Monschau (H908)...
  Brugge (P0155)...
  Charleville (07075)...
  Cambrai (07017)...
  Calais (P0437)...
  Saint-Quentin (07061)...
Data voor 7 dagen
Kaart: kaart_be_hagel_donderdag_26mar2026.png
Kaart: kaart_be_hagel_vrijdag_27mar2026.png
Kaart: kaart_be_hagel_zaterdag_28mar2026.png
Kaart: kaart_be_hagel_zondag_29mar2026.png
Kaart: kaart_be_hagel_maandag_30mar2026.png
Kaart: kaart_be_hagel_dinsdag_31mar2026.png
Kaart: kaart_be_hagel_woensdag_01apr2026.png
MOSMIX ophalen (gevoelstemperatuur België)...
  Brussel (06451)...
  Gent (06431)...
  Antwerpen (06450)...
  Kleine Brogel (06479)...
  Oostende (06407)...
  Charleroi (06449)...
  Bierset (06478)...
  Spa (06490)...
  St-Hubert (06476)...
  Florennes (06456)...
  Lille (07015)...
  Heinerschied (F9600)...
  Beauvechain (06458)...
  Monschau (H908)...
  Brugge (P0155)...
  Charleville (07075)...
  Cambrai (07017)...
  Calais (P0437)...
  Saint-Quentin (07061)...
Data voor 7 dagen
Kaart: kaart_be_gevoels_donderdag_26mar2026.png
Kaart: kaart_be_gevoels_vrijdag_27mar2026.png
Kaart: kaart_be_gevoels_zaterdag_28mar2026.png
Kaart: kaart_be_gevoels_zondag_29mar2026.png
Kaart: kaart_be_gevoels_maandag_30mar2026.png
Kaart: kaart_be_gevoels_dinsdag_31mar2026.png
Kaart: kaart_be_gevoels_woensdag_01apr2026.png
MOSMIX ophalen (dauwpunt Belgie)...
  Brussel (06451)...
  Gent (06431)...
  Antwerpen (06450)...
  Kleine Brogel (06479)...
  Oostende (06407)...
  Charleroi (06449)...
  Bierset (06478)...
  Spa (06490)...
  St-Hubert (06476)...
  Florennes (06456)...
  Lille (07015)...
  Heinerschied (F9600)...
  Beauvechain (06458)...
  Monschau (H908)...
  Brugge (P0155)...
  Charleville (07075)...
  Cambrai (07017)...
  Calais (P0437)...
  Saint-Quentin (07061)...
Data voor 7 dagen
Kaart: kaart_be_dauwpunt_vrijdag_27mar2026.png
Kaart: kaart_be_dauwpunt_zaterdag_28mar2026.png
Kaart: kaart_be_dauwpunt_zondag_29mar2026.png
Kaart: kaart_be_dauwpunt_maandag_30mar2026.png
Kaart: kaart_be_dauwpunt_dinsdag_31mar2026.png
Kaart: kaart_be_dauwpunt_woensdag_01apr2026.png
Kaart: kaart_be_dauwpunt_donderdag_02apr2026.png
  Verwijderd: kaart_be_dauwpunt_donderdag_26mar2026.png
MOSMIX ophalen (grondtemperatuur 5cm België)...
  Brussel (06451)...
  Gent (06431)...
  Antwerpen (06450)...
  Kleine Brogel (06479)...
  Oostende (06407)...
  Charleroi (06449)...
  Bierset (06478)...
  Spa (06490)...
  St-Hubert (06476)...
  Florennes (06456)...
  Lille (07015)...
  Heinerschied (F9600)...
  Beauvechain (06458)...
  Monschau (H908)...
  Brugge (P0155)...
  Charleville (07075)...
  Cambrai (07017)...
  Calais (P0437)...
  Saint-Quentin (07061)...
Data voor 7 dagen
Kaart: kaart_be_t5cm_donderdag_26mar2026.png
Kaart: kaart_be_t5cm_vrijdag_27mar2026.png
Kaart: kaart_be_t5cm_zaterdag_28mar2026.png
Kaart: kaart_be_t5cm_zondag_29mar2026.png
Kaart: kaart_be_t5cm_maandag_30mar2026.png
Kaart: kaart_be_t5cm_dinsdag_31mar2026.png
Kaart: kaart_be_t5cm_woensdag_01apr2026.png
MOSMIX ophalen: De Bilt (06260)...
  2026-03-26: TX=7.9 TN=None RR=0.5
  2026-03-27: TX=10.3 TN=-0.9 RR=2.5
  2026-03-28: TX=10.5 TN=6.0 RR=4.6
  2026-03-29: TX=11.1 TN=0.8 RR=0.9
MOSMIX ophalen: Hoek van Holland (06330)...
  2026-03-26: TX=7.6 TN=None RR=0.0
  2026-03-27: TX=10.5 TN=3.0 RR=3.0
  2026-03-28: TX=9.8 TN=6.6 RR=0.0
  2026-03-29: TX=10.7 TN=5.2 RR=0.0
MOSMIX ophalen: Rotterdam (06344)...
  2026-03-26: TX=7.8 TN=None RR=0.0
  2026-03-27: TX=10.5 TN=0.3 RR=6.4
  2026-03-28: TX=10.5 TN=6.4 RR=3.6
  2026-03-29: TX=10.3 TN=1.6 RR=0.0
MOSMIX ophalen: Enschede (06290)...
  2026-03-26: TX=7.6 TN=0.9 RR=1.2
  2026-03-27: TX=10.4 TN=-2.1 RR=0.3
  2026-03-28: TX=9.8 TN=5.0 RR=6.3
  2026-03-29: TX=11.4 TN=-1.0 RR=0.0
MOSMIX ophalen: Eelde (06280)...
  2026-03-26: TX=7.1 TN=2.1 RR=1.0
  2026-03-27: TX=10.5 TN=-2.6 RR=1.9
  2026-03-28: TX=10.0 TN=4.1 RR=2.7
  2026-03-29: TX=10.9 TN=-0.6 RR=3.3
MOSMIX ophalen: Maastricht (06380)...
  2026-03-26: TX=7.0 TN=1.6 RR=0.6
  2026-03-27: TX=10.1 TN=-1.6 RR=0.2
  2026-03-28: TX=8.9 TN=4.8 RR=8.0
  2026-03-29: TX=11.2 TN=0.2 RR=0.0
MOSMIX ophalen: Terschelling (06250)...
  2026-03-26: TX=6.9 TN=None RR=0.5
  2026-03-27: TX=10.0 TN=2.8 RR=3.7
  2026-03-28: TX=9.0 TN=5.0 RR=0.9
  2026-03-29: TX=9.0 TN=4.0 RR=2.8
MOSMIX ophalen: Vlissingen (06310)...
  2026-03-26: TX=7.5 TN=None RR=0.2
  2026-03-27: TX=10.1 TN=3.7 RR=3.2
  2026-03-28: TX=9.7 TN=7.2 RR=2.6
  2026-03-29: TX=9.4 TN=4.9 RR=0.0
MOSMIX ophalen: Deelen (06275)...
  2026-03-26: TX=7.6 TN=-0.1 RR=0.6
  2026-03-27: TX=10.6 TN=-3.4 RR=1.1
  2026-03-28: TX=10.3 TN=4.8 RR=5.2
  2026-03-29: TX=11.3 TN=-2.2 RR=0.3
MOSMIX ophalen: Gilze-Rijen (06350)...
  2026-03-26: TX=8.5 TN=None RR=0.3
  2026-03-27: TX=10.8 TN=-1.4 RR=1.6
  2026-03-28: TX=10.7 TN=6.1 RR=4.8
  2026-03-29: TX=11.2 TN=0.1 RR=0.0

beta_debilt.json opgeslagen (10 stations)
MOSMIX + Harmonie voorspellingen ophalen voor archief...
  De Bilt...
  Hoek van Holland...
  Rotterdam...
  Enschede...
  Eelde...
  Maastricht...
  Terschelling...
  Vlissingen...
  Deelen...
  Gilze-Rijen...
Archief opgeslagen (beta_verificatie_archive.json)

Werkelijke metingen ophalen (afgelopen 3 dagen)...
  De Bilt 2026-03-25: TX=11.5 TN=2.4
  De Bilt 2026-03-24: TX=14.3 TN=6.4
  De Bilt 2026-03-23: TX=15.1 TN=2.1
  Hoek van Holland 2026-03-25: TX=10.8 TN=3.5
  Hoek van Holland 2026-03-24: TX=11.6 TN=8.4
  Hoek van Holland 2026-03-23: TX=12.0 TN=4.3
  Rotterdam 2026-03-25: TX=11.0 TN=1.8
  Rotterdam 2026-03-24: TX=13.2 TN=6.5
  Rotterdam 2026-03-23: TX=14.2 TN=2.8
  Enschede 2026-03-25: TX=13.0 TN=0.9
  Enschede 2026-03-24: TX=15.7 TN=1.8
  Enschede 2026-03-23: TX=16.3 TN=-0.5
  Eelde 2026-03-25: TX=11.4 TN=1.8
  Eelde 2026-03-24: TX=12.7 TN=2.1
  Eelde 2026-03-23: TX=14.3 TN=-0.1
  Maastricht 2026-03-25: TX=12.6 TN=1.4
  Maastricht 2026-03-24: TX=16.7 TN=5.5
  Maastricht 2026-03-23: TX=15.5 TN=2.1
  Terschelling 2026-03-25: TX=9.9 TN=4.1
  Terschelling 2026-03-24: TX=10.4 TN=8.1
  Terschelling 2026-03-23: TX=10.7 TN=0.9
  Vlissingen 2026-03-25: TX=10.3 TN=2.4
  Vlissingen 2026-03-24: TX=12.9 TN=7.8
  Vlissingen 2026-03-23: TX=12.7 TN=6.8
  Deelen 2026-03-25: TX=12.6 TN=1.4
  Deelen 2026-03-24: TX=15.3 TN=1.8
  Deelen 2026-03-23: TX=16.0 TN=-0.9
  Gilze-Rijen 2026-03-25: TX=13.0 TN=2.3
  Gilze-Rijen 2026-03-24: TX=15.9 TN=4.2
  Gilze-Rijen 2026-03-23: TX=15.3 TN=0.6

beta_verificatie.json opgeslagen (10 stations)
MOSMIX ophalen (trend)...
  De Bilt (06260)...
  De Kooy (06235)...
  Eelde (06280)...
  Vlissingen (06310)...
  Beek (06380)...
  Rotterdam (06344)...
  Hoek v. Holland (06330)...
  Twenthe (06290)...
  Eindhoven (06370)...
  Wind Vlieland (06242)...
  Wind De Kooy (06235)...
  Wind Leeuwarden (06270)...
  Wind Hoek v. Holland (06330)...
  Wind Vlissingen (06310)...
JSON opgeslagen: grafiek_trend.json
Grafiek opgeslagen: grafiek_trend.png
MOSMIX ophalen (trend België)...
  Brussel (06451)...
  Gent (06431)...
  Antwerpen (06450)...
  Oostende (06407)...
  Bierset (06478)...
  Charleroi (06449)...
  Sint-Hubert (06476)...
  Kleine Brogel (06479)...
  Florennes (06456)...
  Wind Oostende (06407)...
  Wind Brussel (06451)...
  Wind Bierset (06478)...
  Wind Kleine Brogel (06479)...
  Wind Sint-Hubert (06476)...
JSON: grafiek_trend_be.json
Grafiek: grafiek_trend_be.png
Bestaande data geladen: 85 dagen
  Ophalen 2026-03-26 (tot nu)...
    TX top3: [(8.4, 'Gilze-Rijen', '11:50'), (8.4, 'Ell', '13:10'), (8.2, 'Westdorpe', '14:30')]
    TN top3: [(-1.2, 'Deelen', '05:40'), (-0.2, 'Heino', '20:20'), (-0.2, 'Hupsel', '21:30')]
    RR top3: [(15.4, 'Westdorpe'), (7.2, 'Woensdrecht'), (4.4, 'Wilhelminadorp')]
  2026-01-01: al in cache, overgeslagen
  2026-01-02: al in cache, overgeslagen
  2026-01-03: al in cache, overgeslagen
  2026-01-04: al in cache, overgeslagen
  2026-01-05: al in cache, overgeslagen
  2026-01-06: al in cache, overgeslagen
  2026-01-07: al in cache, overgeslagen
  2026-01-08: al in cache, overgeslagen
  2026-01-09: al in cache, overgeslagen
  2026-01-10: al in cache, overgeslagen
  2026-01-11: al in cache, overgeslagen
  2026-01-12: al in cache, overgeslagen
  2026-01-13: al in cache, overgeslagen
  2026-01-14: al in cache, overgeslagen
  2026-01-15: al in cache, overgeslagen
  2026-01-16: al in cache, overgeslagen
  2026-01-17: al in cache, overgeslagen
  2026-01-18: al in cache, overgeslagen
  2026-01-19: al in cache, overgeslagen
  2026-01-20: al in cache, overgeslagen
  2026-01-21: al in cache, overgeslagen
  2026-01-22: al in cache, overgeslagen
  2026-01-23: al in cache, overgeslagen
  2026-01-24: al in cache, overgeslagen
  2026-01-25: al in cache, overgeslagen
  2026-01-26: al in cache, overgeslagen
  2026-01-27: al in cache, overgeslagen
  2026-01-28: al in cache, overgeslagen
  2026-01-29: al in cache, overgeslagen
  2026-01-30: al in cache, overgeslagen
  2026-01-31: al in cache, overgeslagen
  2026-02-01: al in cache, overgeslagen
  2026-02-02: al in cache, overgeslagen
  2026-02-03: al in cache, overgeslagen
  2026-02-04: al in cache, overgeslagen
  2026-02-05: al in cache, overgeslagen
  2026-02-06: al in cache, overgeslagen
  2026-02-07: al in cache, overgeslagen
  2026-02-08: al in cache, overgeslagen
  2026-02-09: al in cache, overgeslagen
  2026-02-10: al in cache, overgeslagen
  2026-02-11: al in cache, overgeslagen
  2026-02-12: al in cache, overgeslagen
  2026-02-13: al in cache, overgeslagen
  2026-02-14: al in cache, overgeslagen
  2026-02-15: al in cache, overgeslagen
  2026-02-16: al in cache, overgeslagen
  2026-02-17: al in cache, overgeslagen
  2026-02-18: al in cache, overgeslagen
  2026-02-19: al in cache, overgeslagen
  2026-02-20: al in cache, overgeslagen
  2026-02-21: al in cache, overgeslagen
  2026-02-22: al in cache, overgeslagen
  2026-02-23: al in cache, overgeslagen
  2026-02-24: al in cache, overgeslagen
  2026-02-25: al in cache, overgeslagen
  2026-02-26: al in cache, overgeslagen
  2026-02-27: al in cache, overgeslagen
  2026-02-28: al in cache, overgeslagen
  2026-03-01: al in cache, overgeslagen
  2026-03-02: al in cache, overgeslagen
  2026-03-03: al in cache, overgeslagen
  2026-03-04: al in cache, overgeslagen
  2026-03-05: al in cache, overgeslagen
  2026-03-06: al in cache, overgeslagen
  2026-03-07: al in cache, overgeslagen
  2026-03-08: al in cache, overgeslagen
  2026-03-09: al in cache, overgeslagen
  2026-03-10: al in cache, overgeslagen
  2026-03-11: al in cache, overgeslagen
  2026-03-12: al in cache, overgeslagen
  2026-03-13: al in cache, overgeslagen
  2026-03-14: al in cache, overgeslagen
  2026-03-15: al in cache, overgeslagen
  2026-03-16: al in cache, overgeslagen
  2026-03-17: al in cache, overgeslagen
  2026-03-18: al in cache, overgeslagen
  2026-03-19: al in cache, overgeslagen
  2026-03-20: al in cache, overgeslagen
  2026-03-21: al in cache, overgeslagen
  2026-03-22: al in cache, overgeslagen
  2026-03-23: al in cache, overgeslagen
  2026-03-24: al in cache, overgeslagen
  2026-03-25: al in cache, overgeslagen

toplijst.json bijgewerkt (85 dagen)
Kaarten maken voor 2026-03-17...
  → klaar voor 2026-03-17
Kaarten maken voor 2026-03-18...
  → klaar voor 2026-03-18
Kaarten maken voor 2026-03-19...
  → klaar voor 2026-03-19
Kaarten maken voor 2026-03-20...
  → klaar voor 2026-03-20
Kaarten maken voor 2026-03-21...
  → klaar voor 2026-03-21
Kaarten maken voor 2026-03-22...
  → klaar voor 2026-03-22
Kaarten maken voor 2026-03-23...
  → klaar voor 2026-03-23
Kaarten maken voor 2026-03-24...
  → klaar voor 2026-03-24
Kaarten maken voor 2026-03-25...
  → klaar voor 2026-03-25
Kaarten maken voor 2026-03-26...
  → klaar voor 2026-03-26
Alle waarnemingskaarten klaar!
index.json: 291 kaarten
ok: /Users/aldus/Desktop/KNMI_Project/weerkaarten 2/p13_records.html
Grootte: 17295 chars
Pluim: De Bilt...
  Opgeslagen: kaart_pluim_lijnen_de_bilt.png
Pluim: Rotterdam...
  Opgeslagen: kaart_pluim_lijnen_rotterdam.png
Pluim: Barendrecht...
  Opgeslagen: kaart_pluim_lijnen_barendrecht.png
Pluim: Maastricht...
  Opgeslagen: kaart_pluim_lijnen_maastricht.png
Pluim: Eelde...
  Opgeslagen: kaart_pluim_lijnen_eelde.png
Pluim: Vlissingen...
  Opgeslagen: kaart_pluim_lijnen_vlissingen.png
Pluim: Enschede...
  Opgeslagen: kaart_pluim_lijnen_enschede.png

Klaar!

Pluim: De Bilt...
  Opgeslagen: kaart_pluim_compleet_de_bilt.png

Pluim: Rotterdam...
  Opgeslagen: kaart_pluim_compleet_rotterdam.png

Pluim: Barendrecht...
  Opgeslagen: kaart_pluim_compleet_barendrecht.png

Pluim: Vlissingen...
  Opgeslagen: kaart_pluim_compleet_vlissingen.png

Pluim: Eelde...
  Opgeslagen: kaart_pluim_compleet_eelde.png

Pluim: Maastricht...
  Opgeslagen: kaart_pluim_compleet_maastricht.png

Klaar!

Multimodel neerslag: De Bilt...
  ECMWF ENS...
    51 leden × 384 stappen
  ICON-EPS...
    40 leden × 168 stappen
  GFS ENS...
    31 leden × 384 stappen
  Opgeslagen: kaart_pluim_multi_neerslag_de_bilt.png

Multimodel neerslag: Rotterdam...
  ECMWF ENS...
    51 leden × 384 stappen
  ICON-EPS...
    40 leden × 168 stappen
  GFS ENS...
    31 leden × 384 stappen
  Opgeslagen: kaart_pluim_multi_neerslag_rotterdam.png

Multimodel neerslag: Barendrecht...
  ECMWF ENS...
    51 leden × 384 stappen
  ICON-EPS...
    40 leden × 168 stappen
  GFS ENS...
    31 leden × 384 stappen
  Opgeslagen: kaart_pluim_multi_neerslag_barendrecht.png

Multimodel neerslag: Vlissingen...
  ECMWF ENS...
    51 leden × 384 stappen
  ICON-EPS...
    40 leden × 168 stappen
  GFS ENS...
    31 leden × 384 stappen
  Opgeslagen: kaart_pluim_multi_neerslag_vlissingen.png

Multimodel neerslag: Eelde...
  ECMWF ENS...
    51 leden × 384 stappen
  ICON-EPS...
    40 leden × 168 stappen
  GFS ENS...
    31 leden × 384 stappen
  Opgeslagen: kaart_pluim_multi_neerslag_eelde.png

Multimodel neerslag: Maastricht...
  ECMWF ENS...
    51 leden × 384 stappen
  ICON-EPS...
    40 leden × 168 stappen
  GFS ENS...
    31 leden × 384 stappen
  Opgeslagen: kaart_pluim_multi_neerslag_maastricht.png

Klaar!

Multimodel pluim: De Bilt...
  ECMWF ENS...
    51 leden × 384 stappen
  ICON-EPS...
    40 leden × 168 stappen
  GFS ENS...
    31 leden × 384 stappen
  Opgeslagen: kaart_pluim_multi_de_bilt.png

Multimodel pluim: Rotterdam...
  ECMWF ENS...
    51 leden × 384 stappen
  ICON-EPS...
    40 leden × 168 stappen
  GFS ENS...
    31 leden × 384 stappen
  Opgeslagen: kaart_pluim_multi_rotterdam.png

Multimodel pluim: Barendrecht...
  ECMWF ENS...
    51 leden × 384 stappen
  ICON-EPS...
    40 leden × 168 stappen
  GFS ENS...
    31 leden × 384 stappen
  Opgeslagen: kaart_pluim_multi_barendrecht.png

Multimodel pluim: Vlissingen...
  ECMWF ENS...
    51 leden × 384 stappen
  ICON-EPS...
    40 leden × 168 stappen
  GFS ENS...
    31 leden × 384 stappen
  Opgeslagen: kaart_pluim_multi_vlissingen.png

Multimodel pluim: Eelde...
  ECMWF ENS...
    51 leden × 384 stappen
  ICON-EPS...
    40 leden × 168 stappen
  GFS ENS...
    31 leden × 384 stappen
  Opgeslagen: kaart_pluim_multi_eelde.png

Multimodel pluim: Maastricht...
  ECMWF ENS...
    51 leden × 384 stappen
  ICON-EPS...
    40 leden × 168 stappen
  GFS ENS...
    31 leden × 384 stappen
  Opgeslagen: kaart_pluim_multi_maastricht.png

Klaar!

Multimodel wind: De Bilt...
  ECMWF ENS...
    51 leden × 384 stappen
  ICON-EPS...
    40 leden × 168 stappen
  GFS ENS...
    31 leden × 384 stappen
  Opgeslagen: kaart_pluim_multi_wind_de_bilt.png

Multimodel wind: Rotterdam...
  ECMWF ENS...
    51 leden × 384 stappen
  ICON-EPS...
    40 leden × 168 stappen
  GFS ENS...
    31 leden × 384 stappen
  Opgeslagen: kaart_pluim_multi_wind_rotterdam.png

Multimodel wind: Barendrecht...
  ECMWF ENS...
    51 leden × 384 stappen
  ICON-EPS...
    40 leden × 168 stappen
  GFS ENS...
    31 leden × 384 stappen
  Opgeslagen: kaart_pluim_multi_wind_barendrecht.png

Multimodel wind: Vlissingen...
  ECMWF ENS...
    51 leden × 384 stappen
  ICON-EPS...
    40 leden × 168 stappen
  GFS ENS...
    31 leden × 384 stappen
  Opgeslagen: kaart_pluim_multi_wind_vlissingen.png

Multimodel wind: Eelde...
  ECMWF ENS...
    51 leden × 384 stappen
  ICON-EPS...
    40 leden × 168 stappen
  GFS ENS...
    31 leden × 384 stappen
  Opgeslagen: kaart_pluim_multi_wind_eelde.png

Multimodel wind: Maastricht...
  ECMWF ENS...
    51 leden × 384 stappen
  ICON-EPS...
    40 leden × 168 stappen
  GFS ENS...
    31 leden × 384 stappen
  Opgeslagen: kaart_pluim_multi_wind_maastricht.png

Klaar!
[main fe6fae31] Kaarten update 2026-03-26 21:36
 345 files changed, 2409 insertions(+), 10 deletions(-)
 create mode 100644 kaart_be_dauwpunt_donderdag_02apr2026.png
 delete mode 100644 kaart_be_dauwpunt_donderdag_26mar2026.png
 create mode 100644 kaart_be_mist_donderdag_02apr2026.png
 delete mode 100644 kaart_be_mist_donderdag_26mar2026.png
 create mode 100644 kaart_dauwpunt_donderdag_02apr2026.png
 create mode 100644 kaart_mist_donderdag_02apr2026.png
 delete mode 100644 kaart_synop_20260326_1501.png
 delete mode 100644 kaart_synop_20260326_1511.png
 delete mode 100644 kaart_synop_20260326_1521.png
 delete mode 100644 kaart_synop_20260326_1531.png
 delete mode 100644 kaart_synop_20260326_1541.png
 delete mode 100644 kaart_synop_20260326_1552.png
 delete mode 100644 kaart_synop_20260326_1602.png
 delete mode 100644 kaart_synop_20260326_1612.png
 delete mode 100644 kaart_synop_20260326_1622.png
 delete mode 100644 kaart_synop_20260326_1633.png
 delete mode 100644 kaart_synop_20260326_1643.png
 delete mode 100644 kaart_synop_20260326_1653.png
 delete mode 100644 kaart_synop_20260326_1704.png
 delete mode 100644 kaart_synop_20260326_1715.png
 delete mode 100644 kaart_synop_20260326_1726.png
 delete mode 100644 kaart_synop_20260326_1738.png
 delete mode 100644 kaart_synop_20260326_1749.png
 delete mode 100644 kaart_synop_20260326_1800.png
 delete mode 100644 kaart_synop_20260326_1811.png
 delete mode 100644 kaart_synop_20260326_1822.png
 delete mode 100644 kaart_synop_20260326_1833.png
 delete mode 100644 kaart_synop_20260326_1845.png
 delete mode 100644 kaart_synop_20260326_1856.png
 delete mode 100644 kaart_synop_20260326_1907.png
 delete mode 100644 kaart_synop_20260326_1918.png
 delete mode 100644 kaart_synop_20260326_1929.png
 delete mode 100644 kaart_synop_20260326_1941.png
 create mode 100644 kaart_t5cm_donderdag_02apr2026.png
  ZIP downloaden station 260...
  EDR aanvullen De Bilt van 2026-03-26 t/m 2026-03-26...
    EDR fout 260: 403 Client Error: Forbidden for url: https://api.dataplatform.knmi.nl/edr/v1/collections/daily-in-situ-meteorological-observations-validated/locations/0-20000-0-06260?datetime=2026-03-26T00:00:00Z/2026-03-26T23:59:59Z&parameter-name=TX,TN,RH,SQ
  Opgeslagen: maanddata_260.json (45740 dagen)
  ZIP downloaden station 235...
  EDR aanvullen Den Helder van 2026-03-26 t/m 2026-03-26...
    EDR fout 235: 403 Client Error: Forbidden for url: https://api.dataplatform.knmi.nl/edr/v1/collections/daily-in-situ-meteorological-observations-validated/locations/0-20000-0-06235?datetime=2026-03-26T00:00:00Z/2026-03-26T23:59:59Z&parameter-name=TX,TN,RH,SQ
  Opgeslagen: maanddata_235.json (43914 dagen)
  ZIP downloaden station 280...
  EDR aanvullen Eelde van 2026-03-26 t/m 2026-03-26...
    EDR fout 280: 403 Client Error: Forbidden for url: https://api.dataplatform.knmi.nl/edr/v1/collections/daily-in-situ-meteorological-observations-validated/locations/0-20000-0-06280?datetime=2026-03-26T00:00:00Z/2026-03-26T23:59:59Z&parameter-name=TX,TN,RH,SQ
  Opgeslagen: maanddata_280.json (43914 dagen)
  ZIP downloaden station 310...
  EDR aanvullen Vlissingen van 2026-03-26 t/m 2026-03-26...
    EDR fout 310: 403 Client Error: Forbidden for url: https://api.dataplatform.knmi.nl/edr/v1/collections/daily-in-situ-meteorological-observations-validated/locations/0-20000-0-06310?datetime=2026-03-26T00:00:00Z/2026-03-26T23:59:59Z&parameter-name=TX,TN,RH,SQ
  Opgeslagen: maanddata_310.json (43914 dagen)
  ZIP downloaden station 380...
  EDR aanvullen Maastricht van 2026-03-26 t/m 2026-03-26...
    EDR fout 380: 403 Client Error: Forbidden for url: https://api.dataplatform.knmi.nl/edr/v1/collections/daily-in-situ-meteorological-observations-validated/locations/0-20000-0-06380?datetime=2026-03-26T00:00:00Z/2026-03-26T23:59:59Z&parameter-name=TX,TN,RH,SQ
  Opgeslagen: maanddata_380.json (43914 dagen)
  ZIP downloaden station 330...
  EDR aanvullen Hoek van Holland van 2026-03-26 t/m 2026-03-26...
    EDR fout 330: 403 Client Error: Forbidden for url: https://api.dataplatform.knmi.nl/edr/v1/collections/daily-in-situ-meteorological-observations-validated/locations/0-20000-0-06330?datetime=2026-03-26T00:00:00Z/2026-03-26T23:59:59Z&parameter-name=TX,TN,RH,SQ
  Opgeslagen: maanddata_330.json (20173 dagen)
  ZIP downloaden station 344...
  EDR aanvullen Rotterdam Airport van 2026-03-26 t/m 2026-03-26...
    EDR fout 344: 403 Client Error: Forbidden for url: https://api.dataplatform.knmi.nl/edr/v1/collections/daily-in-situ-meteorological-observations-validated/locations/0-20000-0-06344?datetime=2026-03-26T00:00:00Z/2026-03-26T23:59:59Z&parameter-name=TX,TN,RH,SQ
  Opgeslagen: maanddata_344.json (25378 dagen)
Klaar!
MOSMIX ophalen (max temp dag 06-18u)...
Ophalen: Eelde (06280)...
Ophalen: Terschelling (06250)...
Ophalen: Vlieland (06242)...
Ophalen: Leeuwarden (06270)...
Ophalen: Den Helder (06235)...
Ophalen: Amsterdam (06240)...
Ophalen: De Bilt (06260)...
Ophalen: Deelen (06275)...
Ophalen: Hoogeveen (06279)...
Ophalen: Enschede (06290)...
Ophalen: Vlissingen (06310)...
Ophalen: Hoek van Holland (06330)...
Ophalen: Rotterdam Airport (06344)...
Ophalen: Gilze Rijen (06350)...
Ophalen: Eindhoven (06370)...
Ophalen: Maastricht (06380)...
Ophalen: Gent (06431)...
Ophalen: Antwerpen (06450)...
Ophalen: Kleve (K1176)...
Ophalen: Brussel (06451)...
Ophalen: Kleine Brogel (06479)...
Ophalen: Dollart (E207)...
Ophalen: Wielen (P0122)...
Ophalen: Weeze (10405)...
Ophalen: Valkenburg (06210)...
Ophalen: Volkel (06375)...
Ophalen: Bocholt (10406)...
Ophalen: Nettetal (H512)...
Ophalen: IJsselmeer (E5305)...
Ophalen: Borkum (K1083)...
Ophalen: Geilenkirchen (10500)...
Data voor 7 dagen
Kaart: kaart_temp_dag_donderdag_26mar2026.png
Kaart: kaart_temp_dag_vrijdag_27mar2026.png
Kaart: kaart_temp_dag_zaterdag_28mar2026.png
Kaart: kaart_temp_dag_zondag_29mar2026.png
Kaart: kaart_temp_dag_maandag_30mar2026.png
Kaart: kaart_temp_dag_dinsdag_31mar2026.png
Kaart: kaart_temp_dag_woensdag_01apr2026.png
MOSMIX ophalen (min temp nacht 18-06u)...
Ophalen: Eelde (06280)...
Ophalen: Terschelling (06250)...
Ophalen: Vlieland (06242)...
Ophalen: Leeuwarden (06270)...
Ophalen: Den Helder (06235)...
Ophalen: Amsterdam (06240)...
Ophalen: De Bilt (06260)...
Ophalen: Deelen (06275)...
Ophalen: Hoogeveen (06279)...
Ophalen: Enschede (06290)...
Ophalen: Vlissingen (06310)...
Ophalen: Hoek van Holland (06330)...
Ophalen: Rotterdam Airport (06344)...
Ophalen: Gilze Rijen (06350)...
Ophalen: Eindhoven (06370)...
Ophalen: Maastricht (06380)...
Ophalen: Gent (06431)...
Ophalen: Antwerpen (06450)...
Ophalen: Kleve (K1176)...
Ophalen: Brussel (06451)...
Ophalen: Kleine Brogel (06479)...
Ophalen: Dollart (E207)...
Ophalen: Wielen (P0122)...
Ophalen: Weeze (10405)...
Ophalen: Valkenburg (06210)...
Ophalen: Volkel (06375)...
Ophalen: Bocholt (10406)...
Ophalen: Nettetal (H512)...
Ophalen: IJsselmeer (E5305)...
Ophalen: Borkum (K1083)...
Ophalen: Geilenkirchen (10500)...
Data voor 7 dagen
Kaart: kaart_temp_nacht_donderdag_26mar2026.png
Kaart: kaart_temp_nacht_vrijdag_27mar2026.png
Kaart: kaart_temp_nacht_zaterdag_28mar2026.png
Kaart: kaart_temp_nacht_zondag_29mar2026.png
Kaart: kaart_temp_nacht_maandag_30mar2026.png
Kaart: kaart_temp_nacht_dinsdag_31mar2026.png
Kaart: kaart_temp_nacht_woensdag_01apr2026.png
MOSMIX ophalen (max temp dag 06-18u België)...
  Brussel (06451)...
  Gent (06431)...
  Antwerpen (06450)...
  Kleine Brogel (06479)...
  Oostende (06407)...
  Charleroi (06449)...
  Bierset (06478)...
  Spa (06490)...
  St-Hubert (06476)...
  Florennes (06456)...
  Lille (07015)...
  Heinerschied (F9600)...
  Beauvechain (06458)...
  Monschau (H908)...
  Brugge (P0155)...
  Charleville (07075)...
  Cambrai (07017)...
  Calais (P0437)...
  Saint-Quentin (07061)...
Data voor 7 dagen
Kaart: kaart_be_temp_dag_donderdag_26mar2026.png
Kaart: kaart_be_temp_dag_vrijdag_27mar2026.png
Kaart: kaart_be_temp_dag_zaterdag_28mar2026.png
Kaart: kaart_be_temp_dag_zondag_29mar2026.png
Kaart: kaart_be_temp_dag_maandag_30mar2026.png
Kaart: kaart_be_temp_dag_dinsdag_31mar2026.png
Kaart: kaart_be_temp_dag_woensdag_01apr2026.png
MOSMIX ophalen (min temp nacht 18-06u België)...
  Brussel (06451)...
  Gent (06431)...
  Antwerpen (06450)...
  Kleine Brogel (06479)...
  Oostende (06407)...
  Charleroi (06449)...
  Bierset (06478)...
  Spa (06490)...
  St-Hubert (06476)...
  Florennes (06456)...
  Lille (07015)...
  Heinerschied (F9600)...
  Beauvechain (06458)...
  Monschau (H908)...
  Brugge (P0155)...
  Charleville (07075)...
  Cambrai (07017)...
  Calais (P0437)...
  Saint-Quentin (07061)...
Data voor 7 dagen
Kaart: kaart_be_temp_nacht_donderdag_26mar2026.png
Kaart: kaart_be_temp_nacht_vrijdag_27mar2026.png
Kaart: kaart_be_temp_nacht_zaterdag_28mar2026.png
Kaart: kaart_be_temp_nacht_zondag_29mar2026.png
Kaart: kaart_be_temp_nacht_maandag_30mar2026.png
Kaart: kaart_be_temp_nacht_dinsdag_31mar2026.png
Kaart: kaart_be_temp_nacht_woensdag_01apr2026.png
=== Ed Aldus WM — upload Fri Mar 27 03:30:02 CET 2026 ===
Waarschuwingen opgeslagen: GREEN (27 Mar 2026 03:30)
=== KNMI Guidance === 2026-03-27 03:30
  Ophalen: kort...
  Klaar: 3699 tekens
  Ophalen: lang...
  Klaar: 2444 tekens
Opgeslagen: guidance.json
Basiskaart aanmaken...
kaart_basis_nl.png aangemaakt
MOSMIX ophalen (temperatuur Nederland TX/TN)...
  Eelde (06280)...
  Terschelling (06250)...
  Vlieland (06242)...
  Leeuwarden (06270)...
  Den Helder (06235)...
  Amsterdam (06240)...
  De Bilt (06260)...
  Deelen (06275)...
  Hoogeveen (06279)...
  Enschede (06290)...
  Vlissingen (06310)...
  Hoek van Holland (06330)...
  Rotterdam Airport (06344)...
  Gilze Rijen (06350)...
  Eindhoven (06370)...
  Maastricht (06380)...
  Gent (06431)...
  Antwerpen (06450)...
  Kleve (K1176)...
  Brussel (06451)...
  Kleine Brogel (06479)...
  Dollart (E207)...
  Wielen (P0122)...
  Weeze (10405)...
  Valkenburg (06210)...
  Volkel (06375)...
  Bocholt (10406)...
  Nettetal (H512)...
  IJsselmeer (E5305)...
  Borkum (K1083)...
  Geilenkirchen (10500)...
Data voor 7 dagen
Kaart: kaart_temp_vrijdag_27mar2026.png
Kaart: kaart_temp_zaterdag_28mar2026.png
Kaart: kaart_temp_zondag_29mar2026.png
Kaart: kaart_temp_maandag_30mar2026.png
Kaart: kaart_temp_dinsdag_31mar2026.png
Kaart: kaart_temp_woensdag_01apr2026.png
Kaart: kaart_temp_donderdag_02apr2026.png
  Verwijderd: kaart_temp_donderdag_26mar2026.png
  Verwijderd: kaart_temp_dag_donderdag_26mar2026.png
  Verwijderd: kaart_temp_dag_vrijdag_27mar2026.png
  Verwijderd: kaart_temp_dag_zaterdag_28mar2026.png
  Verwijderd: kaart_temp_dag_zondag_29mar2026.png
  Verwijderd: kaart_temp_dag_maandag_30mar2026.png
  Verwijderd: kaart_temp_dag_dinsdag_31mar2026.png
  Verwijderd: kaart_temp_dag_woensdag_01apr2026.png
  Verwijderd: kaart_temp_nacht_donderdag_26mar2026.png
  Verwijderd: kaart_temp_nacht_vrijdag_27mar2026.png
  Verwijderd: kaart_temp_nacht_zaterdag_28mar2026.png
  Verwijderd: kaart_temp_nacht_zondag_29mar2026.png
  Verwijderd: kaart_temp_nacht_maandag_30mar2026.png
  Verwijderd: kaart_temp_nacht_dinsdag_31mar2026.png
  Verwijderd: kaart_temp_nacht_woensdag_01apr2026.png
MOSMIX ophalen (max temp dag 06-18u)...
Ophalen: Eelde (06280)...
Ophalen: Terschelling (06250)...
Ophalen: Vlieland (06242)...
Ophalen: Leeuwarden (06270)...
Ophalen: Den Helder (06235)...
Ophalen: Amsterdam (06240)...
Ophalen: De Bilt (06260)...
Ophalen: Deelen (06275)...
Ophalen: Hoogeveen (06279)...
Ophalen: Enschede (06290)...
Ophalen: Vlissingen (06310)...
Ophalen: Hoek van Holland (06330)...
Ophalen: Rotterdam Airport (06344)...
Ophalen: Gilze Rijen (06350)...
Ophalen: Eindhoven (06370)...
Ophalen: Maastricht (06380)...
Ophalen: Gent (06431)...
Ophalen: Antwerpen (06450)...
Ophalen: Kleve (K1176)...
Ophalen: Brussel (06451)...
Ophalen: Kleine Brogel (06479)...
Ophalen: Dollart (E207)...
Ophalen: Wielen (P0122)...
Ophalen: Weeze (10405)...
Ophalen: Valkenburg (06210)...
Ophalen: Volkel (06375)...
Ophalen: Bocholt (10406)...
Ophalen: Nettetal (H512)...
Ophalen: IJsselmeer (E5305)...
Ophalen: Borkum (K1083)...
Ophalen: Geilenkirchen (10500)...
Data voor 7 dagen
Kaart: kaart_temp_dag_vrijdag_27mar2026.png
Kaart: kaart_temp_dag_zaterdag_28mar2026.png
Kaart: kaart_temp_dag_zondag_29mar2026.png
Kaart: kaart_temp_dag_maandag_30mar2026.png
Kaart: kaart_temp_dag_dinsdag_31mar2026.png
Kaart: kaart_temp_dag_woensdag_01apr2026.png
Kaart: kaart_temp_dag_donderdag_02apr2026.png
MOSMIX ophalen (min temp nacht 18-06u)...
Ophalen: Eelde (06280)...
Ophalen: Terschelling (06250)...
Ophalen: Vlieland (06242)...
Ophalen: Leeuwarden (06270)...
Ophalen: Den Helder (06235)...
Ophalen: Amsterdam (06240)...
Ophalen: De Bilt (06260)...
Ophalen: Deelen (06275)...
Ophalen: Hoogeveen (06279)...
Ophalen: Enschede (06290)...
Ophalen: Vlissingen (06310)...
Ophalen: Hoek van Holland (06330)...
Ophalen: Rotterdam Airport (06344)...
Ophalen: Gilze Rijen (06350)...
Ophalen: Eindhoven (06370)...
Ophalen: Maastricht (06380)...
Ophalen: Gent (06431)...
Ophalen: Antwerpen (06450)...
Ophalen: Kleve (K1176)...
Ophalen: Brussel (06451)...
Ophalen: Kleine Brogel (06479)...
Ophalen: Dollart (E207)...
Ophalen: Wielen (P0122)...
Ophalen: Weeze (10405)...
Ophalen: Valkenburg (06210)...
Ophalen: Volkel (06375)...
Ophalen: Bocholt (10406)...
Ophalen: Nettetal (H512)...
Ophalen: IJsselmeer (E5305)...
Ophalen: Borkum (K1083)...
Ophalen: Geilenkirchen (10500)...
Data voor 7 dagen
Kaart: kaart_temp_nacht_donderdag_26mar2026.png
Kaart: kaart_temp_nacht_vrijdag_27mar2026.png
Kaart: kaart_temp_nacht_zaterdag_28mar2026.png
Kaart: kaart_temp_nacht_zondag_29mar2026.png
Kaart: kaart_temp_nacht_maandag_30mar2026.png
Kaart: kaart_temp_nacht_dinsdag_31mar2026.png
Kaart: kaart_temp_nacht_woensdag_01apr2026.png
MOSMIX ophalen (zon/bewolking)...
Ophalen: Eelde (06280)...
Ophalen: Terschelling (06250)...
Ophalen: Vlieland (06242)...
Ophalen: Leeuwarden (06270)...
Ophalen: Den Helder (06235)...
Ophalen: Amsterdam (06240)...
Ophalen: De Bilt (06260)...
Ophalen: Deelen (06275)...
Ophalen: Hoogeveen (06279)...
Ophalen: Enschede (06290)...
Ophalen: Hoek van Holland (06330)...
Ophalen: Rotterdam Airport (06344)...
Ophalen: Gilze Rijen (06350)...
Ophalen: Eindhoven (06370)...
Ophalen: Maastricht (06380)...
Ophalen: Kleve (K1176)...
Ophalen: Kleine Brogel (06479)...
Ophalen: Dollart (E207)...
Ophalen: Wielen (P0122)...
Ophalen: Weeze (10405)...
Ophalen: Valkenburg (06210)...
Ophalen: Volkel (06375)...
Ophalen: Bocholt (10406)...
Ophalen: Nettetal (H512)...
Ophalen: IJsselmeer (E5305)...
Ophalen: Borkum (K1083)...
Ophalen: Geilenkirchen (10500)...
Data voor 7 dagen
Kaart: kaart_zon_donderdag_26mar2026.png
Kaart: kaart_zon_vrijdag_27mar2026.png
Kaart: kaart_zon_zaterdag_28mar2026.png
Kaart: kaart_zon_zondag_29mar2026.png
Kaart: kaart_zon_maandag_30mar2026.png
Kaart: kaart_zon_dinsdag_31mar2026.png
Kaart: kaart_zon_woensdag_01apr2026.png
MOSMIX ophalen (wind dag 06-18u)...
Ophalen: Eelde (06280)...
Ophalen: Terschelling (06250)...
Ophalen: Vlieland (06242)...
Ophalen: Leeuwarden (06270)...
Ophalen: Den Helder (06235)...
Ophalen: Amsterdam (06240)...
Ophalen: De Bilt (06260)...
Ophalen: Deelen (06275)...
Ophalen: Hoogeveen (06279)...
Ophalen: Enschede (06290)...
Ophalen: Vlissingen (06310)...
Ophalen: Hoek van Holland (06330)...
Ophalen: Rotterdam Airport (06344)...
Ophalen: Gilze Rijen (06350)...
Ophalen: Eindhoven (06370)...
Ophalen: Maastricht (06380)...
Ophalen: Gent (06431)...
Ophalen: Antwerpen (06450)...
Ophalen: Kleve (K1176)...
Ophalen: Brussel (06451)...
Ophalen: Kleine Brogel (06479)...
Ophalen: Dollart (E207)...
Ophalen: Wielen (P0122)...
Ophalen: Weeze (10405)...
Ophalen: Valkenburg (06210)...
Ophalen: Volkel (06375)...
Ophalen: Bocholt (10406)...
Ophalen: Nettetal (H512)...
Ophalen: IJsselmeer (E5305)...
Ophalen: Borkum (K1083)...
Ophalen: Geilenkirchen (10500)...
Data voor 7 dagen
Kaart: kaart_wind_vrijdag_27mar2026.png
Kaart: kaart_wind_zaterdag_28mar2026.png
Kaart: kaart_wind_zondag_29mar2026.png
Kaart: kaart_wind_maandag_30mar2026.png
Kaart: kaart_wind_dinsdag_31mar2026.png
Kaart: kaart_wind_woensdag_01apr2026.png
Kaart: kaart_wind_donderdag_02apr2026.png
  Verwijderd: kaart_wind_donderdag_26mar2026.png
MOSMIX ophalen (wind nacht 18-06u)...
Ophalen: Eelde (06280)...
Ophalen: Terschelling (06250)...
Ophalen: Vlieland (06242)...
Ophalen: Leeuwarden (06270)...
Ophalen: Den Helder (06235)...
Ophalen: Amsterdam (06240)...
Ophalen: De Bilt (06260)...
Ophalen: Deelen (06275)...
Ophalen: Hoogeveen (06279)...
Ophalen: Enschede (06290)...
Ophalen: Vlissingen (06310)...
Ophalen: Hoek van Holland (06330)...
Ophalen: Rotterdam Airport (06344)...
Ophalen: Gilze Rijen (06350)...
Ophalen: Eindhoven (06370)...
Ophalen: Maastricht (06380)...
Ophalen: Gent (06431)...
Ophalen: Antwerpen (06450)...
Ophalen: Kleve (K1176)...
Ophalen: Brussel (06451)...
Ophalen: Kleine Brogel (06479)...
Ophalen: Dollart (E207)...
Ophalen: Wielen (P0122)...
Ophalen: Weeze (10405)...
Ophalen: Valkenburg (06210)...
Ophalen: Volkel (06375)...
Ophalen: Bocholt (10406)...
Ophalen: Nettetal (H512)...
Ophalen: IJsselmeer (E5305)...
Ophalen: Borkum (K1083)...
Ophalen: Geilenkirchen (10500)...
Data voor 7 dagen
Kaart: kaart_wind_nacht_donderdag_26mar2026.png
Kaart: kaart_wind_nacht_vrijdag_27mar2026.png
Kaart: kaart_wind_nacht_zaterdag_28mar2026.png
Kaart: kaart_wind_nacht_zondag_29mar2026.png
Kaart: kaart_wind_nacht_maandag_30mar2026.png
Kaart: kaart_wind_nacht_dinsdag_31mar2026.png
Kaart: kaart_wind_nacht_woensdag_01apr2026.png
  Verwijderd: kaart_wind_nacht_dinsdag_31mar2026.png
  Verwijderd: kaart_wind_nacht_donderdag_26mar2026.png
  Verwijderd: kaart_wind_nacht_maandag_30mar2026.png
MOSMIX ophalen (mist/zichtbaarheid)...
Ophalen: Eelde (06280)...
Ophalen: Terschelling (06250)...
Ophalen: Vlieland (06242)...
Ophalen: Leeuwarden (06270)...
Ophalen: Den Helder (06235)...
Ophalen: Amsterdam (06240)...
Ophalen: De Bilt (06260)...
Ophalen: Deelen (06275)...
Ophalen: Hoogeveen (06279)...
Ophalen: Enschede (06290)...
Ophalen: Vlissingen (06310)...
Ophalen: Hoek van Holland (06330)...
Ophalen: Rotterdam Airport (06344)...
Ophalen: Gilze Rijen (06350)...
Ophalen: Eindhoven (06370)...
Ophalen: Maastricht (06380)...
Ophalen: Gent (06431)...
Ophalen: Antwerpen (06450)...
Ophalen: Kleve (K1176)...
Ophalen: Brussel (06451)...
Ophalen: Kleine Brogel (06479)...
Ophalen: Dollart (E207)...
Ophalen: Wielen (P0122)...
Ophalen: Weeze (10405)...
Ophalen: Valkenburg (06210)...
Ophalen: Volkel (06375)...
Ophalen: Bocholt (10406)...
Ophalen: Nettetal (H512)...
Ophalen: IJsselmeer (E5305)...
Ophalen: Borkum (K1083)...
Ophalen: Geilenkirchen (10500)...
Data voor 7 dagen
Kaart: kaart_mist_vrijdag_27mar2026.png
Kaart: kaart_mist_zaterdag_28mar2026.png
Kaart: kaart_mist_zondag_29mar2026.png
Kaart: kaart_mist_maandag_30mar2026.png
Kaart: kaart_mist_dinsdag_31mar2026.png
Kaart: kaart_mist_woensdag_01apr2026.png
Kaart: kaart_mist_donderdag_02apr2026.png
MOSMIX ophalen (T5cm grastemperatuur)...
Ophalen: Eelde (06280)...
Ophalen: Terschelling (06250)...
Ophalen: Vlieland (06242)...
Ophalen: Leeuwarden (06270)...
Ophalen: Den Helder (06235)...
Ophalen: Amsterdam (06240)...
Ophalen: De Bilt (06260)...
Ophalen: Deelen (06275)...
Ophalen: Hoogeveen (06279)...
Ophalen: Enschede (06290)...
Ophalen: Vlissingen (06310)...
Ophalen: Hoek van Holland (06330)...
Ophalen: Rotterdam Airport (06344)...
Ophalen: Gilze Rijen (06350)...
Ophalen: Eindhoven (06370)...
Ophalen: Maastricht (06380)...
Ophalen: Gent (06431)...
Ophalen: Antwerpen (06450)...
Ophalen: Kleve (K1176)...
Ophalen: Brussel (06451)...
Ophalen: Kleine Brogel (06479)...
Ophalen: Dollart (E207)...
Ophalen: Wielen (P0122)...
Ophalen: Weeze (10405)...
Ophalen: Valkenburg (06210)...
Ophalen: Volkel (06375)...
Ophalen: Bocholt (10406)...
Ophalen: Nettetal (H512)...
Ophalen: IJsselmeer (E5305)...
Ophalen: Borkum (K1083)...
Ophalen: Geilenkirchen (10500)...
Data voor 7 dagen
Kaart: kaart_t5cm_vrijdag_27mar2026.png
Kaart: kaart_t5cm_zaterdag_28mar2026.png
Kaart: kaart_t5cm_zondag_29mar2026.png
Kaart: kaart_t5cm_maandag_30mar2026.png
Kaart: kaart_t5cm_dinsdag_31mar2026.png
Kaart: kaart_t5cm_woensdag_01apr2026.png
Kaart: kaart_t5cm_donderdag_02apr2026.png
MOSMIX ophalen (dauwpunt Td2)...
Ophalen: Eelde (06280)...
Ophalen: Terschelling (06250)...
Ophalen: Vlieland (06242)...
Ophalen: Leeuwarden (06270)...
Ophalen: Den Helder (06235)...
Ophalen: Amsterdam (06240)...
Ophalen: De Bilt (06260)...
Ophalen: Deelen (06275)...
Ophalen: Hoogeveen (06279)...
Ophalen: Enschede (06290)...
Ophalen: Vlissingen (06310)...
Ophalen: Hoek van Holland (06330)...
Ophalen: Rotterdam Airport (06344)...
Ophalen: Gilze Rijen (06350)...
Ophalen: Eindhoven (06370)...
Ophalen: Maastricht (06380)...
Ophalen: Gent (06431)...
Ophalen: Antwerpen (06450)...
Ophalen: Kleve (K1176)...
Ophalen: Brussel (06451)...
Ophalen: Kleine Brogel (06479)...
Ophalen: Dollart (E207)...
Ophalen: Wielen (P0122)...
Ophalen: Weeze (10405)...
Ophalen: Valkenburg (06210)...
Ophalen: Volkel (06375)...
Ophalen: Bocholt (10406)...
Ophalen: Nettetal (H512)...
Ophalen: IJsselmeer (E5305)...
Ophalen: Borkum (K1083)...
Ophalen: Geilenkirchen (10500)...
Data voor 7 dagen
Kaart: kaart_dauwpunt_vrijdag_27mar2026.png
Kaart: kaart_dauwpunt_zaterdag_28mar2026.png
Kaart: kaart_dauwpunt_zondag_29mar2026.png
Kaart: kaart_dauwpunt_maandag_30mar2026.png
Kaart: kaart_dauwpunt_dinsdag_31mar2026.png
Kaart: kaart_dauwpunt_woensdag_01apr2026.png
Kaart: kaart_dauwpunt_donderdag_02apr2026.png
MOSMIX ophalen (gevoelstemperatuur berekend via TTT+FF)...
Ophalen: Eelde (06280)...
Ophalen: Terschelling (06250)...
Ophalen: Vlieland (06242)...
Ophalen: Leeuwarden (06270)...
Ophalen: Den Helder (06235)...
Ophalen: Amsterdam (06240)...
Ophalen: De Bilt (06260)...
Ophalen: Deelen (06275)...
Ophalen: Hoogeveen (06279)...
Ophalen: Enschede (06290)...
Ophalen: Vlissingen (06310)...
Ophalen: Hoek van Holland (06330)...
Ophalen: Rotterdam Airport (06344)...
Ophalen: Gilze Rijen (06350)...
Ophalen: Eindhoven (06370)...
Ophalen: Maastricht (06380)...
Ophalen: Gent (06431)...
Ophalen: Antwerpen (06450)...
Ophalen: Kleve (K1176)...
Ophalen: Brussel (06451)...
Ophalen: Kleine Brogel (06479)...
Ophalen: Dollart (E207)...
Ophalen: Wielen (P0122)...
Ophalen: Weeze (10405)...
Ophalen: Valkenburg (06210)...
Ophalen: Volkel (06375)...
Ophalen: Bocholt (10406)...
Ophalen: Nettetal (H512)...
Ophalen: IJsselmeer (E5305)...
Ophalen: Borkum (K1083)...
Ophalen: Geilenkirchen (10500)...
Data voor 7 dagen
Kaart: kaart_gevoels_donderdag_26mar2026.png
Kaart: kaart_gevoels_vrijdag_27mar2026.png
Kaart: kaart_gevoels_zaterdag_28mar2026.png
Kaart: kaart_gevoels_zondag_29mar2026.png
Kaart: kaart_gevoels_maandag_30mar2026.png
Kaart: kaart_gevoels_dinsdag_31mar2026.png
Kaart: kaart_gevoels_woensdag_01apr2026.png
MOSMIX ophalen (neerslag)...
Ophalen: Eelde (06280)...
Ophalen: Terschelling (06250)...
Ophalen: Vlieland (06242)...
Ophalen: Leeuwarden (06270)...
Ophalen: Den Helder (06235)...
Ophalen: Amsterdam (06240)...
Ophalen: De Bilt (06260)...
Ophalen: Deelen (06275)...
Ophalen: Hoogeveen (06279)...
Ophalen: Enschede (06290)...
Ophalen: Vlissingen (06310)...
Ophalen: Hoek van Holland (06330)...
Ophalen: Rotterdam Airport (06344)...
Ophalen: Gilze Rijen (06350)...
Ophalen: Eindhoven (06370)...
Ophalen: Maastricht (06380)...
Ophalen: Gent (06431)...
Ophalen: Antwerpen (06450)...
Ophalen: Kleve (K1176)...
Ophalen: Brussel (06451)...
Ophalen: Kleine Brogel (06479)...
Ophalen: Dollart (E207)...
Ophalen: Wielen (P0122)...
Ophalen: Weeze (10405)...
Ophalen: Valkenburg (06210)...
Ophalen: Volkel (06375)...
Ophalen: Bocholt (10406)...
Ophalen: Nettetal (H512)...
Ophalen: IJsselmeer (E5305)...
Ophalen: Borkum (K1083)...
Ophalen: Geilenkirchen (10500)...
Data voor 7 dagen
Kaart: kaart_regen_donderdag_26mar2026.png
Kaart: kaart_regen_vrijdag_27mar2026.png
Kaart: kaart_regen_zaterdag_28mar2026.png
Kaart: kaart_regen_zondag_29mar2026.png
Kaart: kaart_regen_maandag_30mar2026.png
Kaart: kaart_regen_dinsdag_31mar2026.png
Kaart: kaart_regen_woensdag_01apr2026.png
MOSMIX ophalen (onweer: wwT, wwTd, CAPE, CIN)...
Ophalen: Eelde (06280)...
Ophalen: Terschelling (06250)...
Ophalen: Vlieland (06242)...
Ophalen: Leeuwarden (06270)...
Ophalen: Den Helder (06235)...
Ophalen: Amsterdam (06240)...
Ophalen: De Bilt (06260)...
Ophalen: Deelen (06275)...
Ophalen: Hoogeveen (06279)...
Ophalen: Enschede (06290)...
Ophalen: Vlissingen (06310)...
Ophalen: Hoek van Holland (06330)...
Ophalen: Rotterdam Airport (06344)...
Ophalen: Gilze Rijen (06350)...
Ophalen: Eindhoven (06370)...
Ophalen: Maastricht (06380)...
Ophalen: Gent (06431)...
Ophalen: Antwerpen (06450)...
Ophalen: Kleve (K1176)...
Ophalen: Brussel (06451)...
Ophalen: Kleine Brogel (06479)...
Ophalen: Dollart (E207)...
Ophalen: Wielen (P0122)...
Ophalen: Weeze (10405)...
Ophalen: Valkenburg (06210)...
Ophalen: Volkel (06375)...
Ophalen: Bocholt (10406)...
Ophalen: Nettetal (H512)...
Ophalen: IJsselmeer (E5305)...
Ophalen: Borkum (K1083)...
Ophalen: Geilenkirchen (10500)...
Data voor 7 dagen
Kaart: kaart_onweer_donderdag_26mar2026.png
Kaart: kaart_onweer_vrijdag_27mar2026.png
Kaart: kaart_onweer_zaterdag_28mar2026.png
Kaart: kaart_onweer_zondag_29mar2026.png
Kaart: kaart_onweer_maandag_30mar2026.png
Kaart: kaart_onweer_dinsdag_31mar2026.png
Kaart: kaart_onweer_woensdag_01apr2026.png

Bewolkingskaart voor Za 28 mrt...
  Eelde...
  Terschelling...
  Vlieland...
  Leeuwarden...
  Den Helder...
  Amsterdam...
  De Bilt...
  Deelen...
  Hoogeveen...
  Enschede...
  Vlissingen...
  Hoek van Holland...
  Rotterdam Airport...
  Gilze Rijen...
  Eindhoven...
  Maastricht...
  Gent...
  Antwerpen...
  Kleve...
  Brussel...
  Kleine Brogel...
  Dollart...
  Wielen...
  Weeze...
  Valkenburg...
  Volkel...
  Bocholt...
  Nettetal...
  IJsselmeer...
  Borkum...
  Geilenkirchen...
  Data voor 31 stations
Kaart opgeslagen: kaart_bewolking_2026-03-28.png

Bewolkingskaart voor Zo 29 mrt...
  Eelde...
  Terschelling...
  Vlieland...
  Leeuwarden...
  Den Helder...
  Amsterdam...
  De Bilt...
  Deelen...
  Hoogeveen...
  Enschede...
  Vlissingen...
  Hoek van Holland...
  Rotterdam Airport...
  Gilze Rijen...
  Eindhoven...
  Maastricht...
  Gent...
  Antwerpen...
  Kleve...
  Brussel...
  Kleine Brogel...
  Dollart...
  Wielen...
  Weeze...
  Valkenburg...
  Volkel...
  Bocholt...
  Nettetal...
  IJsselmeer...
  Borkum...
  Geilenkirchen...
  Data voor 31 stations
Kaart opgeslagen: kaart_bewolking_2026-03-29.png

Bewolkingskaart voor Ma 30 mrt...
  Eelde...
  Terschelling...
  Vlieland...
  Leeuwarden...
  Den Helder...
  Amsterdam...
  De Bilt...
  Deelen...
  Hoogeveen...
  Enschede...
  Vlissingen...
  Hoek van Holland...
  Rotterdam Airport...
  Gilze Rijen...
  Eindhoven...
  Maastricht...
  Gent...
  Antwerpen...
  Kleve...
  Brussel...
  Kleine Brogel...
  Dollart...
  Wielen...
  Weeze...
  Valkenburg...
  Volkel...
  Bocholt...
  Nettetal...
  IJsselmeer...
  Borkum...
  Geilenkirchen...
  Data voor 31 stations
Kaart opgeslagen: kaart_bewolking_2026-03-30.png

Bewolkingskaart voor Di 31 mrt...
  Eelde...
  Terschelling...
  Vlieland...
  Leeuwarden...
  Den Helder...
  Amsterdam...
  De Bilt...
  Deelen...
  Hoogeveen...
  Enschede...
  Vlissingen...
  Hoek van Holland...
  Rotterdam Airport...
  Gilze Rijen...
  Eindhoven...
  Maastricht...
  Gent...
  Antwerpen...
  Kleve...
  Brussel...
  Kleine Brogel...
  Dollart...
  Wielen...
  Weeze...
  Valkenburg...
  Volkel...
  Bocholt...
  Nettetal...
  IJsselmeer...
  Borkum...
  Geilenkirchen...
  Data voor 31 stations
Kaart opgeslagen: kaart_bewolking_2026-03-31.png

Bewolkingskaart voor Wo 1 apr...
  Eelde...
  Terschelling...
  Vlieland...
  Leeuwarden...
  Den Helder...
  Amsterdam...
  De Bilt...
  Deelen...
  Hoogeveen...
  Enschede...
  Vlissingen...
  Hoek van Holland...
  Rotterdam Airport...
  Gilze Rijen...
  Eindhoven...
  Maastricht...
  Gent...
  Antwerpen...
  Kleve...
  Brussel...
  Kleine Brogel...
  Dollart...
  Wielen...
  Weeze...
  Valkenburg...
  Volkel...
  Bocholt...
  Nettetal...
  IJsselmeer...
  Borkum...
  Geilenkirchen...
  Data voor 31 stations
Kaart opgeslagen: kaart_bewolking_2026-04-01.png

Bewolkingskaart voor Do 2 apr...
  Eelde...
  Terschelling...
  Vlieland...
  Leeuwarden...
  Den Helder...
  Amsterdam...
  De Bilt...
  Deelen...
  Hoogeveen...
  Enschede...
  Vlissingen...
  Hoek van Holland...
  Rotterdam Airport...
  Gilze Rijen...
  Eindhoven...
  Maastricht...
  Gent...
  Antwerpen...
  Kleve...
  Brussel...
  Kleine Brogel...
  Dollart...
  Wielen...
  Weeze...
  Valkenburg...
  Volkel...
  Bocholt...
  Nettetal...
  IJsselmeer...
  Borkum...
  Geilenkirchen...
  Data voor 31 stations
Kaart opgeslagen: kaart_bewolking_2026-04-02.png

Bewolkingskaart voor Vr 3 apr...
  Eelde...
  Terschelling...
  Vlieland...
  Leeuwarden...
  Den Helder...
  Amsterdam...
  De Bilt...
  Deelen...
  Hoogeveen...
  Enschede...
  Vlissingen...
  Hoek van Holland...
  Rotterdam Airport...
  Gilze Rijen...
  Eindhoven...
  Maastricht...
  Gent...
  Antwerpen...
  Kleve...
  Brussel...
  Kleine Brogel...
  Dollart...
  Wielen...
  Weeze...
  Valkenburg...
  Volkel...
  Bocholt...
  Nettetal...
  IJsselmeer...
  Borkum...
  Geilenkirchen...
  Data voor 31 stations
Kaart opgeslagen: kaart_bewolking_2026-04-03.png

Bewolkingskaart voor Za 4 apr...
  Eelde...
  Terschelling...
  Vlieland...
  Leeuwarden...
  Den Helder...
  Amsterdam...
  De Bilt...
  Deelen...
  Hoogeveen...
  Enschede...
  Vlissingen...
  Hoek van Holland...
  Rotterdam Airport...
  Gilze Rijen...
  Eindhoven...
  Maastricht...
  Gent...
  Antwerpen...
  Kleve...
  Brussel...
  Kleine Brogel...
  Dollart...
  Wielen...
  Weeze...
  Valkenburg...
  Volkel...
  Bocholt...
  Nettetal...
  IJsselmeer...
  Borkum...
  Geilenkirchen...
  Data voor 31 stations
Kaart opgeslagen: kaart_bewolking_2026-04-04.png

Bewolkingskaart voor Zo 5 apr...
  Eelde...
  Terschelling...
  Vlieland...
  Leeuwarden...
  Den Helder...
  Amsterdam...
  De Bilt...
  Deelen...
  Hoogeveen...
  Enschede...
  Vlissingen...
  Hoek van Holland...
  Rotterdam Airport...
  Gilze Rijen...
  Eindhoven...
  Maastricht...
  Gent...
  Antwerpen...
  Kleve...
  Brussel...
  Kleine Brogel...
  Dollart...
  Wielen...
  Weeze...
  Valkenburg...
  Volkel...
  Bocholt...
  Nettetal...
  IJsselmeer...
  Borkum...
  Geilenkirchen...
  Data voor 31 stations
Kaart opgeslagen: kaart_bewolking_2026-04-05.png

Bewolkingskaart voor Ma 6 apr...
  Eelde...
  Terschelling...
  Vlieland...
  Leeuwarden...
  Den Helder...
  Amsterdam...
  De Bilt...
  Deelen...
  Hoogeveen...
  Enschede...
  Vlissingen...
  Hoek van Holland...
  Rotterdam Airport...
  Gilze Rijen...
  Eindhoven...
  Maastricht...
  Gent...
  Antwerpen...
  Kleve...
  Brussel...
  Kleine Brogel...
  Dollart...
  Wielen...
  Weeze...
  Valkenburg...
  Volkel...
  Bocholt...
  Nettetal...
  IJsselmeer...
  Borkum...
  Geilenkirchen...
  Data voor 31 stations
Kaart opgeslagen: kaart_bewolking_2026-04-06.png
MOSMIX ophalen (kans op sneeuw Nederland)...
Ophalen: Eelde (06280)...
Ophalen: Terschelling (06250)...
Ophalen: Vlieland (06242)...
Ophalen: Leeuwarden (06270)...
Ophalen: Den Helder (06235)...
Ophalen: Amsterdam (06240)...
Ophalen: De Bilt (06260)...
Ophalen: Deelen (06275)...
Ophalen: Hoogeveen (06279)...
Ophalen: Enschede (06290)...
Ophalen: Vlissingen (06310)...
Ophalen: Hoek van Holland (06330)...
Ophalen: Rotterdam Airport (06344)...
Ophalen: Gilze Rijen (06350)...
Ophalen: Eindhoven (06370)...
Ophalen: Maastricht (06380)...
Ophalen: Gent (06431)...
Ophalen: Antwerpen (06450)...
Ophalen: Kleve (K1176)...
Ophalen: Brussel (06451)...
Ophalen: Kleine Brogel (06479)...
Ophalen: Dollart (E207)...
Ophalen: Wielen (P0122)...
Ophalen: Weeze (10405)...
Ophalen: Valkenburg (06210)...
Ophalen: Volkel (06375)...
Ophalen: Bocholt (10406)...
Ophalen: Nettetal (H512)...
Ophalen: IJsselmeer (E5305)...
Ophalen: Borkum (K1083)...
Ophalen: Geilenkirchen (10500)...
Data voor 7 dagen
Kaart: kaart_sneeuw_vrijdag_27mar2026.png
Kaart: kaart_sneeuw_zaterdag_28mar2026.png
Kaart: kaart_sneeuw_zondag_29mar2026.png
Kaart: kaart_sneeuw_maandag_30mar2026.png
Kaart: kaart_sneeuw_dinsdag_31mar2026.png
Kaart: kaart_sneeuw_woensdag_01apr2026.png
Kaart: kaart_sneeuw_donderdag_02apr2026.png
  Verwijderd: kaart_sneeuw_donderdag_26mar2026.png
MOSMIX ophalen (hagelkans Nederland)...
Ophalen: Eelde (06280)...
Ophalen: Terschelling (06250)...
Ophalen: Vlieland (06242)...
Ophalen: Leeuwarden (06270)...
Ophalen: Den Helder (06235)...
Ophalen: Amsterdam (06240)...
Ophalen: De Bilt (06260)...
Ophalen: Deelen (06275)...
Ophalen: Hoogeveen (06279)...
Ophalen: Enschede (06290)...
Ophalen: Vlissingen (06310)...
Ophalen: Hoek van Holland (06330)...
Ophalen: Rotterdam Airport (06344)...
Ophalen: Gilze Rijen (06350)...
Ophalen: Eindhoven (06370)...
Ophalen: Maastricht (06380)...
Ophalen: Gent (06431)...
Ophalen: Antwerpen (06450)...
Ophalen: Kleve (K1176)...
Ophalen: Brussel (06451)...
Ophalen: Kleine Brogel (06479)...
Ophalen: Dollart (E207)...
Ophalen: Wielen (P0122)...
Ophalen: Weeze (10405)...
Ophalen: Valkenburg (06210)...
Ophalen: Volkel (06375)...
Ophalen: Bocholt (10406)...
Ophalen: Nettetal (H512)...
Ophalen: IJsselmeer (E5305)...
Ophalen: Borkum (K1083)...
Ophalen: Geilenkirchen (10500)...
Data voor 7 dagen
Kaart: kaart_hagel_vrijdag_27mar2026.png
Kaart: kaart_hagel_zaterdag_28mar2026.png
Kaart: kaart_hagel_zondag_29mar2026.png
Kaart: kaart_hagel_maandag_30mar2026.png
Kaart: kaart_hagel_dinsdag_31mar2026.png
Kaart: kaart_hagel_woensdag_01apr2026.png
Kaart: kaart_hagel_donderdag_02apr2026.png
  Verwijderd: kaart_hagel_donderdag_26mar2026.png
MOSMIX ophalen (temperatuur België)...
  Brussel (06451)...
  Gent (06431)...
  Antwerpen (06450)...
  Kleine Brogel (06479)...
  Oostende (06407)...
  Charleroi (06449)...
  Bierset (06478)...
  Spa (06490)...
  St-Hubert (06476)...
  Florennes (06456)...
  Lille (07015)...
  Heinerschied (F9600)...
  Beauvechain (06458)...
  Monschau (H908)...
  Brugge (P0155)...
  Charleville (07075)...
  Cambrai (07017)...
  Calais (P0437)...
  Saint-Quentin (07061)...
Data voor 7 dagen
Kaart: kaart_be_temp_vrijdag_27mar2026.png
Kaart: kaart_be_temp_zaterdag_28mar2026.png
Kaart: kaart_be_temp_zondag_29mar2026.png
Kaart: kaart_be_temp_maandag_30mar2026.png
Kaart: kaart_be_temp_dinsdag_31mar2026.png
Kaart: kaart_be_temp_woensdag_01apr2026.png
Kaart: kaart_be_temp_donderdag_02apr2026.png
  Verwijderd: kaart_be_temp_donderdag_26mar2026.png
MOSMIX ophalen (max temp dag 06-18u België)...
  Brussel (06451)...
  Gent (06431)...
  Antwerpen (06450)...
  Kleine Brogel (06479)...
  Oostende (06407)...
  Charleroi (06449)...
  Bierset (06478)...
  Spa (06490)...
  St-Hubert (06476)...
  Florennes (06456)...
  Lille (07015)...
  Heinerschied (F9600)...
  Beauvechain (06458)...
  Monschau (H908)...
  Brugge (P0155)...
  Charleville (07075)...
  Cambrai (07017)...
  Calais (P0437)...
  Saint-Quentin (07061)...
Data voor 7 dagen
Kaart: kaart_be_temp_dag_vrijdag_27mar2026.png
Kaart: kaart_be_temp_dag_zaterdag_28mar2026.png
Kaart: kaart_be_temp_dag_zondag_29mar2026.png
Kaart: kaart_be_temp_dag_maandag_30mar2026.png
Kaart: kaart_be_temp_dag_dinsdag_31mar2026.png
Kaart: kaart_be_temp_dag_woensdag_01apr2026.png
Kaart: kaart_be_temp_dag_donderdag_02apr2026.png
  Verwijderd: kaart_be_temp_dag_donderdag_26mar2026.png
MOSMIX ophalen (min temp nacht 18-06u België)...
  Brussel (06451)...
  Gent (06431)...
  Antwerpen (06450)...
  Kleine Brogel (06479)...
  Oostende (06407)...
  Charleroi (06449)...
  Bierset (06478)...
  Spa (06490)...
  St-Hubert (06476)...
  Florennes (06456)...
  Lille (07015)...
  Heinerschied (F9600)...
  Beauvechain (06458)...
  Monschau (H908)...
  Brugge (P0155)...
  Charleville (07075)...
  Cambrai (07017)...
  Calais (P0437)...
  Saint-Quentin (07061)...
Data voor 7 dagen
Kaart: kaart_be_temp_nacht_vrijdag_27mar2026.png
Kaart: kaart_be_temp_nacht_zaterdag_28mar2026.png
Kaart: kaart_be_temp_nacht_zondag_29mar2026.png
Kaart: kaart_be_temp_nacht_maandag_30mar2026.png
Kaart: kaart_be_temp_nacht_dinsdag_31mar2026.png
Kaart: kaart_be_temp_nacht_woensdag_01apr2026.png
Kaart: kaart_be_temp_nacht_donderdag_02apr2026.png
  Verwijderd: kaart_be_temp_nacht_donderdag_26mar2026.png
MOSMIX ophalen (wind dag 06-18u België)...
  Brussel (06451)...
  Gent (06431)...
  Antwerpen (06450)...
  Kleine Brogel (06479)...
  Oostende (06407)...
  Charleroi (06449)...
  Bierset (06478)...
  Spa (06490)...
  St-Hubert (06476)...
  Florennes (06456)...
  Lille (07015)...
  Heinerschied (F9600)...
  Beauvechain (06458)...
  Monschau (H908)...
  Brugge (P0155)...
  Charleville (07075)...
  Cambrai (07017)...
  Calais (P0437)...
  Saint-Quentin (07061)...
Data voor 7 dagen
Kaart: kaart_be_wind_vrijdag_27mar2026.png
Kaart: kaart_be_wind_zaterdag_28mar2026.png
Kaart: kaart_be_wind_zondag_29mar2026.png
Kaart: kaart_be_wind_maandag_30mar2026.png
Kaart: kaart_be_wind_dinsdag_31mar2026.png
Kaart: kaart_be_wind_woensdag_01apr2026.png
Kaart: kaart_be_wind_donderdag_02apr2026.png
  Verwijderd: kaart_be_wind_donderdag_26mar2026.png
MOSMIX ophalen (wind nacht 18-06u België)...
  Brussel (06451)...
  Gent (06431)...
  Antwerpen (06450)...
  Kleine Brogel (06479)...
  Oostende (06407)...
  Charleroi (06449)...
  Bierset (06478)...
  Spa (06490)...
  St-Hubert (06476)...
  Florennes (06456)...
  Lille (07015)...
  Heinerschied (F9600)...
  Beauvechain (06458)...
  Monschau (H908)...
  Brugge (P0155)...
  Charleville (07075)...
  Cambrai (07017)...
  Calais (P0437)...
  Saint-Quentin (07061)...
Data voor 7 dagen
Kaart: kaart_be_wind_nacht_vrijdag_27mar2026.png
Kaart: kaart_be_wind_nacht_zaterdag_28mar2026.png
Kaart: kaart_be_wind_nacht_zondag_29mar2026.png
Kaart: kaart_be_wind_nacht_maandag_30mar2026.png
Kaart: kaart_be_wind_nacht_dinsdag_31mar2026.png
Kaart: kaart_be_wind_nacht_woensdag_01apr2026.png
Kaart: kaart_be_wind_nacht_donderdag_02apr2026.png
  Verwijderd: kaart_be_wind_nacht_donderdag_26mar2026.png
MOSMIX ophalen (zon België)...
  Brussel...
  Gent...
  Antwerpen...
  Kleine Brogel...
  Oostende...
  Charleroi...
  Bierset...
  Spa...
  St-Hubert...
  Florennes...
  Lille...
  Heinerschied...
  Beauvechain...
  Monschau...
  Brugge...
  Charleville...
  Cambrai...
  Calais...
  Saint-Quentin...
Kaart: kaart_be_zon_vrijdag_27mar2026.png
Kaart: kaart_be_zon_zaterdag_28mar2026.png
Kaart: kaart_be_zon_zondag_29mar2026.png
Kaart: kaart_be_zon_maandag_30mar2026.png
Kaart: kaart_be_zon_dinsdag_31mar2026.png
Kaart: kaart_be_zon_woensdag_01apr2026.png
Kaart: kaart_be_zon_donderdag_02apr2026.png
  Verwijderd: kaart_be_zon_donderdag_26mar2026.png
MOSMIX ophalen (neerslag België)...
  Brussel...
  Gent...
  Antwerpen...
  Kleine Brogel...
  Oostende...
  Charleroi...
  Bierset...
  Spa...
  St-Hubert...
  Florennes...
  Lille...
  Heinerschied...
  Beauvechain...
  Monschau...
  Brugge...
  Charleville...
  Cambrai...
  Calais...
  Saint-Quentin...
Kaart: kaart_be_regen_vrijdag_27mar2026.png
Kaart: kaart_be_regen_zaterdag_28mar2026.png
Kaart: kaart_be_regen_zondag_29mar2026.png
Kaart: kaart_be_regen_maandag_30mar2026.png
Kaart: kaart_be_regen_dinsdag_31mar2026.png
Kaart: kaart_be_regen_woensdag_01apr2026.png
Kaart: kaart_be_regen_donderdag_02apr2026.png
  Verwijderd: kaart_be_regen_donderdag_26mar2026.png
MOSMIX ophalen (mist België)...
  Brussel...
  Gent...
  Antwerpen...
  Kleine Brogel...
  Oostende...
  Charleroi...
  Bierset...
  Spa...
  St-Hubert...
  Florennes...
  Lille...
  Heinerschied...
  Beauvechain...
  Monschau...
  Brugge...
  Charleville...
  Cambrai...
  Calais...
  Saint-Quentin...
Kaart: kaart_be_mist_vrijdag_27mar2026.png
Kaart: kaart_be_mist_zaterdag_28mar2026.png
Kaart: kaart_be_mist_zondag_29mar2026.png
Kaart: kaart_be_mist_maandag_30mar2026.png
Kaart: kaart_be_mist_dinsdag_31mar2026.png
Kaart: kaart_be_mist_woensdag_01apr2026.png
Kaart: kaart_be_mist_donderdag_02apr2026.png
MOSMIX ophalen (onweer België)...
  Brussel...
  Gent...
  Antwerpen...
  Kleine Brogel...
  Oostende...
  Charleroi...
  Bierset...
  Spa...
  St-Hubert...
  Florennes...
  Lille...
  Heinerschied...
  Beauvechain...
  Monschau...
  Brugge...
  Charleville...
  Cambrai...
  Calais...
  Saint-Quentin...
Kaart: kaart_be_onweer_vrijdag_27mar2026.png
Kaart: kaart_be_onweer_zaterdag_28mar2026.png
Kaart: kaart_be_onweer_zondag_29mar2026.png
Kaart: kaart_be_onweer_maandag_30mar2026.png
Kaart: kaart_be_onweer_dinsdag_31mar2026.png
Kaart: kaart_be_onweer_woensdag_01apr2026.png
Kaart: kaart_be_onweer_donderdag_02apr2026.png
  Verwijderd: kaart_be_onweer_donderdag_26mar2026.png

Bewolking België Za 28 mrt...
  Brussel...
  Gent...
  Antwerpen...
  Kleine Brogel...
  Oostende...
  Charleroi...
  Bierset...
  Spa...
  St-Hubert...
  Florennes...
  Lille...
  Heinerschied...
  Beauvechain...
  Monschau...
  Brugge...
  Charleville...
  Cambrai...
  Calais...
  Saint-Quentin...
Kaart: kaart_be_bewolking_2026-03-28.png

Bewolking België Zo 29 mrt...
  Brussel...
  Gent...
  Antwerpen...
  Kleine Brogel...
  Oostende...
  Charleroi...
  Bierset...
  Spa...
  St-Hubert...
  Florennes...
  Lille...
  Heinerschied...
  Beauvechain...
  Monschau...
  Brugge...
  Charleville...
  Cambrai...
  Calais...
  Saint-Quentin...
Kaart: kaart_be_bewolking_2026-03-29.png

Bewolking België Ma 30 mrt...
  Brussel...
  Gent...
  Antwerpen...
  Kleine Brogel...
  Oostende...
  Charleroi...
  Bierset...
  Spa...
  St-Hubert...
  Florennes...
  Lille...
  Heinerschied...
  Beauvechain...
  Monschau...
  Brugge...
  Charleville...
  Cambrai...
  Calais...
  Saint-Quentin...
Kaart: kaart_be_bewolking_2026-03-30.png

Bewolking België Di 31 mrt...
  Brussel...
  Gent...
  Antwerpen...
  Kleine Brogel...
  Oostende...
  Charleroi...
  Bierset...
  Spa...
  St-Hubert...
  Florennes...
  Lille...
  Heinerschied...
  Beauvechain...
  Monschau...
  Brugge...
  Charleville...
  Cambrai...
  Calais...
  Saint-Quentin...
Kaart: kaart_be_bewolking_2026-03-31.png

Bewolking België Wo 1 apr...
  Brussel...
  Gent...
  Antwerpen...
  Kleine Brogel...
  Oostende...
  Charleroi...
  Bierset...
  Spa...
  St-Hubert...
  Florennes...
  Lille...
  Heinerschied...
  Beauvechain...
  Monschau...
  Brugge...
  Charleville...
  Cambrai...
  Calais...
  Saint-Quentin...
Kaart: kaart_be_bewolking_2026-04-01.png

Bewolking België Do 2 apr...
  Brussel...
  Gent...
  Antwerpen...
  Kleine Brogel...
  Oostende...
  Charleroi...
  Bierset...
  Spa...
  St-Hubert...
  Florennes...
  Lille...
  Heinerschied...
  Beauvechain...
  Monschau...
  Brugge...
  Charleville...
  Cambrai...
  Calais...
  Saint-Quentin...
Kaart: kaart_be_bewolking_2026-04-02.png

Bewolking België Vr 3 apr...
  Brussel...
  Gent...
  Antwerpen...
  Kleine Brogel...
  Oostende...
  Charleroi...
  Bierset...
  Spa...
  St-Hubert...
  Florennes...
  Lille...
  Heinerschied...
  Beauvechain...
  Monschau...
  Brugge...
  Charleville...
  Cambrai...
  Calais...
  Saint-Quentin...
Kaart: kaart_be_bewolking_2026-04-03.png

Bewolking België Za 4 apr...
  Brussel...
  Gent...
  Antwerpen...
  Kleine Brogel...
  Oostende...
  Charleroi...
  Bierset...
  Spa...
  St-Hubert...
  Florennes...
  Lille...
  Heinerschied...
  Beauvechain...
  Monschau...
  Brugge...
  Charleville...
  Cambrai...
  Calais...
  Saint-Quentin...
Kaart: kaart_be_bewolking_2026-04-04.png

Bewolking België Zo 5 apr...
  Brussel...
  Gent...
  Antwerpen...
  Kleine Brogel...
  Oostende...
  Charleroi...
  Bierset...
  Spa...
  St-Hubert...
  Florennes...
  Lille...
  Heinerschied...
  Beauvechain...
  Monschau...
  Brugge...
  Charleville...
  Cambrai...
  Calais...
  Saint-Quentin...
Kaart: kaart_be_bewolking_2026-04-05.png

Bewolking België Ma 6 apr...
  Brussel...
  Gent...
  Antwerpen...
  Kleine Brogel...
  Oostende...
  Charleroi...
  Bierset...
  Spa...
  St-Hubert...
  Florennes...
  Lille...
  Heinerschied...
  Beauvechain...
  Monschau...
  Brugge...
  Charleville...
  Cambrai...
  Calais...
  Saint-Quentin...
Kaart: kaart_be_bewolking_2026-04-06.png
  Verwijderd: kaart_be_bewolking_2026-03-27.png
MOSMIX ophalen (kans op sneeuw Belgie)...
  Brussel (06451)...
  Gent (06431)...
  Antwerpen (06450)...
  Kleine Brogel (06479)...
  Oostende (06407)...
  Charleroi (06449)...
  Bierset (06478)...
  Spa (06490)...
  St-Hubert (06476)...
  Florennes (06456)...
  Lille (07015)...
  Heinerschied (F9600)...
  Beauvechain (06458)...
  Monschau (H908)...
  Brugge (P0155)...
  Charleville (07075)...
  Cambrai (07017)...
  Calais (P0437)...
  Saint-Quentin (07061)...
Data voor 7 dagen
Kaart: kaart_be_sneeuw_vrijdag_27mar2026.png
Kaart: kaart_be_sneeuw_zaterdag_28mar2026.png
Kaart: kaart_be_sneeuw_zondag_29mar2026.png
Kaart: kaart_be_sneeuw_maandag_30mar2026.png
Kaart: kaart_be_sneeuw_dinsdag_31mar2026.png
Kaart: kaart_be_sneeuw_woensdag_01apr2026.png
Kaart: kaart_be_sneeuw_donderdag_02apr2026.png
  Verwijderd: kaart_be_sneeuw_donderdag_26mar2026.png
MOSMIX ophalen (hagelkans Belgie)...
  Brussel (06451)...
  Gent (06431)...
  Antwerpen (06450)...
  Kleine Brogel (06479)...
  Oostende (06407)...
  Charleroi (06449)...
  Bierset (06478)...
  Spa (06490)...
  St-Hubert (06476)...
  Florennes (06456)...
  Lille (07015)...
  Heinerschied (F9600)...
  Beauvechain (06458)...
  Monschau (H908)...
  Brugge (P0155)...
  Charleville (07075)...
  Cambrai (07017)...
  Calais (P0437)...
  Saint-Quentin (07061)...
Data voor 7 dagen
Kaart: kaart_be_hagel_vrijdag_27mar2026.png
Kaart: kaart_be_hagel_zaterdag_28mar2026.png
Kaart: kaart_be_hagel_zondag_29mar2026.png
Kaart: kaart_be_hagel_maandag_30mar2026.png
Kaart: kaart_be_hagel_dinsdag_31mar2026.png
Kaart: kaart_be_hagel_woensdag_01apr2026.png
Kaart: kaart_be_hagel_donderdag_02apr2026.png
  Verwijderd: kaart_be_hagel_donderdag_26mar2026.png
MOSMIX ophalen (gevoelstemperatuur België)...
  Brussel (06451)...
  Gent (06431)...
  Antwerpen (06450)...
  Kleine Brogel (06479)...
  Oostende (06407)...
  Charleroi (06449)...
  Bierset (06478)...
  Spa (06490)...
  St-Hubert (06476)...
  Florennes (06456)...
  Lille (07015)...
  Heinerschied (F9600)...
  Beauvechain (06458)...
  Monschau (H908)...
  Brugge (P0155)...
  Charleville (07075)...
  Cambrai (07017)...
  Calais (P0437)...
  Saint-Quentin (07061)...
Data voor 7 dagen
Kaart: kaart_be_gevoels_vrijdag_27mar2026.png
Kaart: kaart_be_gevoels_zaterdag_28mar2026.png
Kaart: kaart_be_gevoels_zondag_29mar2026.png
Kaart: kaart_be_gevoels_maandag_30mar2026.png
Kaart: kaart_be_gevoels_dinsdag_31mar2026.png
Kaart: kaart_be_gevoels_woensdag_01apr2026.png
Kaart: kaart_be_gevoels_donderdag_02apr2026.png
  Verwijderd: kaart_be_gevoels_donderdag_26mar2026.png
MOSMIX ophalen (dauwpunt Belgie)...
  Brussel (06451)...
  Gent (06431)...
  Antwerpen (06450)...
  Kleine Brogel (06479)...
  Oostende (06407)...
  Charleroi (06449)...
  Bierset (06478)...
  Spa (06490)...
  St-Hubert (06476)...
  Florennes (06456)...
  Lille (07015)...
  Heinerschied (F9600)...
  Beauvechain (06458)...
  Monschau (H908)...
  Brugge (P0155)...
  Charleville (07075)...
  Cambrai (07017)...
  Calais (P0437)...
  Saint-Quentin (07061)...
Data voor 7 dagen
Kaart: kaart_be_dauwpunt_vrijdag_27mar2026.png
Kaart: kaart_be_dauwpunt_zaterdag_28mar2026.png
Kaart: kaart_be_dauwpunt_zondag_29mar2026.png
Kaart: kaart_be_dauwpunt_maandag_30mar2026.png
Kaart: kaart_be_dauwpunt_dinsdag_31mar2026.png
Kaart: kaart_be_dauwpunt_woensdag_01apr2026.png
Kaart: kaart_be_dauwpunt_donderdag_02apr2026.png
MOSMIX ophalen (grondtemperatuur 5cm België)...
  Brussel (06451)...
  Gent (06431)...
  Antwerpen (06450)...
  Kleine Brogel (06479)...
  Oostende (06407)...
  Charleroi (06449)...
  Bierset (06478)...
  Spa (06490)...
  St-Hubert (06476)...
  Florennes (06456)...
  Lille (07015)...
  Heinerschied (F9600)...
  Beauvechain (06458)...
  Monschau (H908)...
  Brugge (P0155)...
  Charleville (07075)...
  Cambrai (07017)...
  Calais (P0437)...
  Saint-Quentin (07061)...
Data voor 7 dagen
Kaart: kaart_be_t5cm_vrijdag_27mar2026.png
Kaart: kaart_be_t5cm_zaterdag_28mar2026.png
Kaart: kaart_be_t5cm_zondag_29mar2026.png
Kaart: kaart_be_t5cm_maandag_30mar2026.png
Kaart: kaart_be_t5cm_dinsdag_31mar2026.png
Kaart: kaart_be_t5cm_woensdag_01apr2026.png
Kaart: kaart_be_t5cm_donderdag_02apr2026.png
  Verwijderd: kaart_be_t5cm_donderdag_26mar2026.png
MOSMIX ophalen: De Bilt (06260)...
  2026-03-26: TX=None TN=None RR=0.1
  2026-03-27: TX=10.2 TN=-1.4 RR=2.2
  2026-03-28: TX=10.9 TN=5.9 RR=3.2
  2026-03-29: TX=11.2 TN=1.0 RR=1.8
MOSMIX ophalen: Hoek van Holland (06330)...
  2026-03-26: TX=None TN=None RR=0.0
  2026-03-27: TX=9.8 TN=2.5 RR=10.9
  2026-03-28: TX=10.0 TN=6.7 RR=2.1
  2026-03-29: TX=10.5 TN=5.4 RR=0.0
MOSMIX ophalen: Rotterdam (06344)...
  2026-03-26: TX=None TN=None RR=0.2
  2026-03-27: TX=9.9 TN=0.4 RR=7.7
  2026-03-28: TX=10.3 TN=6.3 RR=3.5
  2026-03-29: TX=10.2 TN=1.7 RR=0.4
MOSMIX ophalen: Enschede (06290)...
  2026-03-26: TX=None TN=None RR=0.0
  2026-03-27: TX=10.3 TN=-2.6 RR=0.5
  2026-03-28: TX=10.7 TN=5.1 RR=5.8
  2026-03-29: TX=11.3 TN=-0.7 RR=1.5
MOSMIX ophalen: Eelde (06280)...
  2026-03-26: TX=None TN=None RR=0.2
  2026-03-27: TX=10.7 TN=-2.3 RR=2.9
  2026-03-28: TX=10.4 TN=3.8 RR=3.0
  2026-03-29: TX=11.1 TN=-0.1 RR=3.9
MOSMIX ophalen: Maastricht (06380)...
  2026-03-26: TX=None TN=None RR=0.0
  2026-03-27: TX=10.0 TN=-1.8 RR=0.3
  2026-03-28: TX=9.4 TN=4.9 RR=8.3
  2026-03-29: TX=11.1 TN=0.4 RR=1.1
MOSMIX ophalen: Terschelling (06250)...
  2026-03-26: TX=None TN=None RR=0.0
  2026-03-27: TX=9.8 TN=2.9 RR=5.3
  2026-03-28: TX=9.2 TN=4.8 RR=0.8
  2026-03-29: TX=9.4 TN=4.1 RR=2.8
MOSMIX ophalen: Vlissingen (06310)...
  2026-03-26: TX=None TN=None RR=0.0
  2026-03-27: TX=10.0 TN=3.3 RR=6.0
  2026-03-28: TX=9.7 TN=7.1 RR=2.6
  2026-03-29: TX=9.4 TN=4.9 RR=0.0
MOSMIX ophalen: Deelen (06275)...
  2026-03-26: TX=None TN=None RR=0.0
  2026-03-27: TX=10.3 TN=-3.3 RR=1.4
  2026-03-28: TX=10.5 TN=4.7 RR=4.3
  2026-03-29: TX=11.3 TN=-1.5 RR=1.4
MOSMIX ophalen: Gilze-Rijen (06350)...
  2026-03-26: TX=None TN=None RR=0.0
  2026-03-27: TX=10.8 TN=-1.8 RR=3.0
  2026-03-28: TX=11.3 TN=6.0 RR=4.1
  2026-03-29: TX=11.4 TN=1.0 RR=3.4

beta_debilt.json opgeslagen (10 stations)
MOSMIX + Harmonie voorspellingen ophalen voor archief...
  De Bilt...
  Hoek van Holland...
  Rotterdam...
  Enschede...
  Eelde...
  Maastricht...
  Terschelling...
  Vlissingen...
  Deelen...
  Gilze-Rijen...
Archief opgeslagen (beta_verificatie_archive.json)

Werkelijke metingen ophalen (afgelopen 3 dagen)...
  De Bilt 2026-03-26: TX=7.8 TN=-0.1
  De Bilt 2026-03-25: TX=11.5 TN=2.4
  De Bilt 2026-03-24: TX=14.3 TN=6.4
  Hoek van Holland 2026-03-26: TX=7.8 TN=2.3
  Hoek van Holland 2026-03-25: TX=10.8 TN=3.5
  Hoek van Holland 2026-03-24: TX=11.6 TN=8.4
  Rotterdam 2026-03-26: TX=7.8 TN=0.2
  Rotterdam 2026-03-25: TX=11.0 TN=1.8
  Rotterdam 2026-03-24: TX=13.2 TN=6.5
  Enschede 2026-03-26: TX=7.2 TN=-1.3
  Enschede 2026-03-25: TX=13.0 TN=0.9
  Enschede 2026-03-24: TX=15.7 TN=1.8
  Eelde 2026-03-26: TX=7.0 TN=-2.0
  Eelde 2026-03-25: TX=11.4 TN=1.8
  Eelde 2026-03-24: TX=12.7 TN=2.1
  Maastricht 2026-03-26: TX=7.2 TN=-0.6
  Maastricht 2026-03-25: TX=12.6 TN=1.4
  Maastricht 2026-03-24: TX=16.7 TN=5.5
  Terschelling 2026-03-26: TX=6.9 TN=1.2
  Terschelling 2026-03-25: TX=9.9 TN=4.1
  Terschelling 2026-03-24: TX=10.4 TN=8.1
  Vlissingen 2026-03-26: TX=7.5 TN=2.9
  Vlissingen 2026-03-25: TX=10.3 TN=2.4
  Vlissingen 2026-03-24: TX=12.9 TN=7.8
  Deelen 2026-03-26: TX=7.8 TN=-1.5
  Deelen 2026-03-25: TX=12.6 TN=1.4
  Deelen 2026-03-24: TX=15.3 TN=1.8
  Gilze-Rijen 2026-03-26: TX=8.4 TN=0.2
  Gilze-Rijen 2026-03-25: TX=13.0 TN=2.3
  Gilze-Rijen 2026-03-24: TX=15.9 TN=4.2

beta_verificatie.json opgeslagen (10 stations)
MOSMIX ophalen (trend)...
  De Bilt (06260)...
  De Kooy (06235)...
  Eelde (06280)...
  Vlissingen (06310)...
  Beek (06380)...
  Rotterdam (06344)...
  Hoek v. Holland (06330)...
  Twenthe (06290)...
  Eindhoven (06370)...
  Wind Vlieland (06242)...
  Wind De Kooy (06235)...
  Wind Leeuwarden (06270)...
  Wind Hoek v. Holland (06330)...
  Wind Vlissingen (06310)...
JSON opgeslagen: grafiek_trend.json
Grafiek opgeslagen: grafiek_trend.png
MOSMIX ophalen (trend België)...
  Brussel (06451)...
  Gent (06431)...
  Antwerpen (06450)...
  Oostende (06407)...
  Bierset (06478)...
  Charleroi (06449)...
  Sint-Hubert (06476)...
  Kleine Brogel (06479)...
  Florennes (06456)...
  Wind Oostende (06407)...
  Wind Brussel (06451)...
  Wind Bierset (06478)...
  Wind Kleine Brogel (06479)...
  Wind Sint-Hubert (06476)...
JSON: grafiek_trend_be.json
Grafiek: grafiek_trend_be.png
Bestaande data geladen: 86 dagen
  Ophalen 2026-03-27 (tot nu)...
    TX top3: [(5.5, 'Lauwersoog', '01:00'), (5.3, 'Vlieland', '03:30'), (5.1, 'Wijk aan Zee', '01:00')]
    TN top3: [(-3.4, 'Deelen', '03:30'), (-2.9, 'Gilze-Rijen', '03:20'), (-2.5, 'Eindhoven', '03:00')]
    RR top3: [(0.8, 'Nieuw Beerta'), (0.0, 'Woensdrecht'), (0.0, 'Wilhelminadorp')]
  2026-01-01: al in cache, overgeslagen
  2026-01-02: al in cache, overgeslagen
  2026-01-03: al in cache, overgeslagen
  2026-01-04: al in cache, overgeslagen
  2026-01-05: al in cache, overgeslagen
  2026-01-06: al in cache, overgeslagen
  2026-01-07: al in cache, overgeslagen
  2026-01-08: al in cache, overgeslagen
  2026-01-09: al in cache, overgeslagen
  2026-01-10: al in cache, overgeslagen
  2026-01-11: al in cache, overgeslagen
  2026-01-12: al in cache, overgeslagen
  2026-01-13: al in cache, overgeslagen
  2026-01-14: al in cache, overgeslagen
  2026-01-15: al in cache, overgeslagen
  2026-01-16: al in cache, overgeslagen
  2026-01-17: al in cache, overgeslagen
  2026-01-18: al in cache, overgeslagen
  2026-01-19: al in cache, overgeslagen
  2026-01-20: al in cache, overgeslagen
  2026-01-21: al in cache, overgeslagen
  2026-01-22: al in cache, overgeslagen
  2026-01-23: al in cache, overgeslagen
  2026-01-24: al in cache, overgeslagen
  2026-01-25: al in cache, overgeslagen
  2026-01-26: al in cache, overgeslagen
  2026-01-27: al in cache, overgeslagen
  2026-01-28: al in cache, overgeslagen
  2026-01-29: al in cache, overgeslagen
  2026-01-30: al in cache, overgeslagen
  2026-01-31: al in cache, overgeslagen
  2026-02-01: al in cache, overgeslagen
  2026-02-02: al in cache, overgeslagen
  2026-02-03: al in cache, overgeslagen
  2026-02-04: al in cache, overgeslagen
  2026-02-05: al in cache, overgeslagen
  2026-02-06: al in cache, overgeslagen
  2026-02-07: al in cache, overgeslagen
  2026-02-08: al in cache, overgeslagen
  2026-02-09: al in cache, overgeslagen
  2026-02-10: al in cache, overgeslagen
  2026-02-11: al in cache, overgeslagen
  2026-02-12: al in cache, overgeslagen
  2026-02-13: al in cache, overgeslagen
  2026-02-14: al in cache, overgeslagen
  2026-02-15: al in cache, overgeslagen
  2026-02-16: al in cache, overgeslagen
  2026-02-17: al in cache, overgeslagen
  2026-02-18: al in cache, overgeslagen
  2026-02-19: al in cache, overgeslagen
  2026-02-20: al in cache, overgeslagen
  2026-02-21: al in cache, overgeslagen
  2026-02-22: al in cache, overgeslagen
  2026-02-23: al in cache, overgeslagen
  2026-02-24: al in cache, overgeslagen
  2026-02-25: al in cache, overgeslagen
  2026-02-26: al in cache, overgeslagen
  2026-02-27: al in cache, overgeslagen
  2026-02-28: al in cache, overgeslagen
  2026-03-01: al in cache, overgeslagen
  2026-03-02: al in cache, overgeslagen
  2026-03-03: al in cache, overgeslagen
  2026-03-04: al in cache, overgeslagen
  2026-03-05: al in cache, overgeslagen
  2026-03-06: al in cache, overgeslagen
  2026-03-07: al in cache, overgeslagen
  2026-03-08: al in cache, overgeslagen
  2026-03-09: al in cache, overgeslagen
  2026-03-10: al in cache, overgeslagen
  2026-03-11: al in cache, overgeslagen
  2026-03-12: al in cache, overgeslagen
  2026-03-13: al in cache, overgeslagen
  2026-03-14: al in cache, overgeslagen
  2026-03-15: al in cache, overgeslagen
  2026-03-16: al in cache, overgeslagen
  2026-03-17: al in cache, overgeslagen
  2026-03-18: al in cache, overgeslagen
  2026-03-19: al in cache, overgeslagen
  2026-03-20: al in cache, overgeslagen
  2026-03-21: al in cache, overgeslagen
  2026-03-22: al in cache, overgeslagen
  2026-03-23: al in cache, overgeslagen
  2026-03-24: al in cache, overgeslagen
  2026-03-25: al in cache, overgeslagen
  2026-03-26: al in cache, overgeslagen

toplijst.json bijgewerkt (86 dagen)
Kaarten maken voor 2026-03-18...
  → klaar voor 2026-03-18
Kaarten maken voor 2026-03-19...
  → klaar voor 2026-03-19
Kaarten maken voor 2026-03-20...
  → klaar voor 2026-03-20
Kaarten maken voor 2026-03-21...
  → klaar voor 2026-03-21
Kaarten maken voor 2026-03-22...
  → klaar voor 2026-03-22
Kaarten maken voor 2026-03-23...
  → klaar voor 2026-03-23
Kaarten maken voor 2026-03-24...
  → klaar voor 2026-03-24
Kaarten maken voor 2026-03-25...
  → klaar voor 2026-03-25
Kaarten maken voor 2026-03-26...
  → klaar voor 2026-03-26
Kaarten maken voor 2026-03-27...
  → klaar voor 2026-03-27
Alle waarnemingskaarten klaar!
index.json: 283 kaarten
ok: /Users/aldus/Desktop/KNMI_Project/weerkaarten 2/p13_records.html
Grootte: 17295 chars
Pluim: De Bilt...
  Opgeslagen: kaart_pluim_lijnen_de_bilt.png
Pluim: Rotterdam...
  Opgeslagen: kaart_pluim_lijnen_rotterdam.png
Pluim: Barendrecht...
  Opgeslagen: kaart_pluim_lijnen_barendrecht.png
Pluim: Maastricht...
  Opgeslagen: kaart_pluim_lijnen_maastricht.png
Pluim: Eelde...
  Opgeslagen: kaart_pluim_lijnen_eelde.png
Pluim: Vlissingen...
  Opgeslagen: kaart_pluim_lijnen_vlissingen.png
Pluim: Enschede...
  Opgeslagen: kaart_pluim_lijnen_enschede.png

Klaar!

Pluim: De Bilt...
  Opgeslagen: kaart_pluim_compleet_de_bilt.png

Pluim: Rotterdam...
  Opgeslagen: kaart_pluim_compleet_rotterdam.png

Pluim: Barendrecht...
  Opgeslagen: kaart_pluim_compleet_barendrecht.png

Pluim: Vlissingen...
  Opgeslagen: kaart_pluim_compleet_vlissingen.png

Pluim: Eelde...
  Opgeslagen: kaart_pluim_compleet_eelde.png

Pluim: Maastricht...
  Opgeslagen: kaart_pluim_compleet_maastricht.png

Klaar!

Multimodel neerslag: De Bilt...
  ECMWF ENS...
    51 leden × 384 stappen
  ICON-EPS...
    40 leden × 168 stappen
  GFS ENS...
    31 leden × 384 stappen
  Opgeslagen: kaart_pluim_multi_neerslag_de_bilt.png

Multimodel neerslag: Rotterdam...
  ECMWF ENS...
    51 leden × 384 stappen
  ICON-EPS...
    40 leden × 168 stappen
  GFS ENS...
    31 leden × 384 stappen
  Opgeslagen: kaart_pluim_multi_neerslag_rotterdam.png

Multimodel neerslag: Barendrecht...
  ECMWF ENS...
    51 leden × 384 stappen
  ICON-EPS...
    40 leden × 168 stappen
  GFS ENS...
    31 leden × 384 stappen
  Opgeslagen: kaart_pluim_multi_neerslag_barendrecht.png

Multimodel neerslag: Vlissingen...
  ECMWF ENS...
    51 leden × 384 stappen
  ICON-EPS...
    40 leden × 168 stappen
  GFS ENS...
    31 leden × 384 stappen
  Opgeslagen: kaart_pluim_multi_neerslag_vlissingen.png

Multimodel neerslag: Eelde...
  ECMWF ENS...
    51 leden × 384 stappen
  ICON-EPS...
    40 leden × 168 stappen
  GFS ENS...
    31 leden × 384 stappen
  Opgeslagen: kaart_pluim_multi_neerslag_eelde.png

Multimodel neerslag: Maastricht...
  ECMWF ENS...
    51 leden × 384 stappen
  ICON-EPS...
    40 leden × 168 stappen
  GFS ENS...
    31 leden × 384 stappen
  Opgeslagen: kaart_pluim_multi_neerslag_maastricht.png

Klaar!

Multimodel pluim: De Bilt...
  ECMWF ENS...
    51 leden × 384 stappen
  ICON-EPS...
    40 leden × 168 stappen
  GFS ENS...
    31 leden × 384 stappen
  Opgeslagen: kaart_pluim_multi_de_bilt.png

Multimodel pluim: Rotterdam...
  ECMWF ENS...
    51 leden × 384 stappen
  ICON-EPS...
    40 leden × 168 stappen
  GFS ENS...
    31 leden × 384 stappen
  Opgeslagen: kaart_pluim_multi_rotterdam.png

Multimodel pluim: Barendrecht...
  ECMWF ENS...
    51 leden × 384 stappen
  ICON-EPS...
    40 leden × 168 stappen
  GFS ENS...
    31 leden × 384 stappen
  Opgeslagen: kaart_pluim_multi_barendrecht.png

Multimodel pluim: Vlissingen...
  ECMWF ENS...
    51 leden × 384 stappen
  ICON-EPS...
    40 leden × 168 stappen
  GFS ENS...
    31 leden × 384 stappen
  Opgeslagen: kaart_pluim_multi_vlissingen.png

Multimodel pluim: Eelde...
  ECMWF ENS...
    51 leden × 384 stappen
  ICON-EPS...
    40 leden × 168 stappen
  GFS ENS...
    31 leden × 384 stappen
  Opgeslagen: kaart_pluim_multi_eelde.png

Multimodel pluim: Maastricht...
  ECMWF ENS...
    51 leden × 384 stappen
  ICON-EPS...
    40 leden × 168 stappen
  GFS ENS...
    31 leden × 384 stappen
  Opgeslagen: kaart_pluim_multi_maastricht.png

Klaar!

Multimodel wind: De Bilt...
  ECMWF ENS...
    51 leden × 384 stappen
  ICON-EPS...
    40 leden × 168 stappen
  GFS ENS...
    31 leden × 384 stappen
  Opgeslagen: kaart_pluim_multi_wind_de_bilt.png

Multimodel wind: Rotterdam...
  ECMWF ENS...
    51 leden × 384 stappen
  ICON-EPS...
    40 leden × 168 stappen
  GFS ENS...
    31 leden × 384 stappen
  Opgeslagen: kaart_pluim_multi_wind_rotterdam.png

Multimodel wind: Barendrecht...
  ECMWF ENS...
    51 leden × 384 stappen
  ICON-EPS...
    40 leden × 168 stappen
  GFS ENS...
    31 leden × 384 stappen
  Opgeslagen: kaart_pluim_multi_wind_barendrecht.png

Multimodel wind: Vlissingen...
  ECMWF ENS...
    51 leden × 384 stappen
  ICON-EPS...
    40 leden × 168 stappen
  GFS ENS...
    31 leden × 384 stappen
  Opgeslagen: kaart_pluim_multi_wind_vlissingen.png

Multimodel wind: Eelde...
  ECMWF ENS...
    51 leden × 384 stappen
  ICON-EPS...
    40 leden × 168 stappen
  GFS ENS...
    31 leden × 384 stappen
  Opgeslagen: kaart_pluim_multi_wind_eelde.png

Multimodel wind: Maastricht...
  ECMWF ENS...
    51 leden × 384 stappen
  ICON-EPS...
    40 leden × 168 stappen
  GFS ENS...
    31 leden × 384 stappen
  Opgeslagen: kaart_pluim_multi_wind_maastricht.png

Klaar!
