   harmonie_data_straling.bin (33.2 MB)
   harmonie_data_temp.bin (33.2 MB)
   harmonie_data_wind.bin (66.4 MB)
   harmonie_data_windstoten.bin (66.4 MB)
   harmonie_data_zicht.bin (33.2 MB)
Upload klaar!
Wed Apr 22 03:50:15 CEST 2026: Harmonie update klaar
Wed Apr 22 03:50:15 CEST 2026: ICON-D2 starten...
Wed Apr 22 03:50:15 CEST 2026: ICON-D2 update gestart
1. Laatste ICON-D2 run bepalen...
   Nieuwste complete run: 20260422 00z
   Nieuwe run: 2026-04-22T00:00Z
   Run: 2026042200z = woensdag 22.04.2026 02:00 LT

2. Downloaden (13 parameters x 49 uren)...
   Grid: 1215x746, lat 43.2-58.1, lon -3.9-20.3
   Uur 0/48 (2s)
   Uur 12/48 (30s)
   Uur 24/48 (57s)
   Uur 36/48 (85s)
   Uur 48/48 (112s)
   Download klaar in 112s

3. Exporteren...
   Crop grid: 351x541, 48 uur
   icond2_data_neerslag.bin: 34.8 MB
   icond2_data_temp.bin: 34.8 MB
   icond2_data_dauwpunt.bin: 34.8 MB
   icond2_data_rv.bin: 34.8 MB
   icond2_data_bewolking.bin: 104.3 MB
   icond2_data_wind.bin: 69.5 MB
   icond2_data_windstoten.bin: 69.5 MB
   icond2_data_zicht.bin: 34.8 MB
   icond2_data_cape.bin: 34.8 MB
   icond2_data_druk.bin: 34.8 MB

4. Metadata...

5. Uploaden naar R2...
   icond2_canvas_meta.json (0.0 MB)
   icond2_data_bewolking.bin (104.3 MB)
   icond2_data_cape.bin (34.8 MB)
   icond2_data_dauwpunt.bin (34.8 MB)
   icond2_data_druk.bin (34.8 MB)
   icond2_data_neerslag.bin (34.8 MB)
   icond2_data_rv.bin (34.8 MB)
   icond2_data_temp.bin (34.8 MB)
   icond2_data_wind.bin (69.5 MB)
   icond2_data_windstoten.bin (69.5 MB)
   icond2_data_zicht.bin (34.8 MB)

Klaar! ICON-D2 run woensdag 22.04.2026 02:00 LT, 48 uur
Wed Apr 22 03:52:26 CEST 2026: ICON-D2 update klaar
Wed Apr 22 03:52:26 CEST 2026: ICON-D2-RUC starten...
Wed Apr 22 03:52:26 CEST 2026: ICON-D2-RUC update gestart
1. Laatste ICON-D2-RUC run bepalen...
   Nieuwste complete run: 2026-04-22T01:00
   Nieuwe run: 2026-04-22T01:00Z
   Run: 2026-04-22T01:00 = woensdag 22.04.2026 03:00 LT

2. Downloaden (13 parameters x 15 stappen)...
   Ongestructureerd grid (542040 punten), download CLAT/CLON...
   Doelgrid: 352x541 @ 0.02°
   KDTree gebouwd, regridding actief
   Stap 0/14 (3s)
   Stap 5/14 (13s)
   Stap 10/14 (23s)
   Download klaar in 31s

3. Exporteren...
   Grid: 352x541, 14 uur
   icond2ruc_data_neerslag.bin: 10.2 MB
   icond2ruc_data_temp.bin: 10.2 MB
   icond2ruc_data_dauwpunt.bin: 10.2 MB
   icond2ruc_data_rv.bin: 10.2 MB
   icond2ruc_data_bewolking.bin: 30.5 MB
   icond2ruc_data_wind.bin: 20.3 MB
   icond2ruc_data_windstoten.bin: 20.3 MB
   icond2ruc_data_zicht.bin: 10.2 MB
   icond2ruc_data_cape.bin: 10.2 MB
   icond2ruc_data_druk.bin: 10.2 MB

4. Metadata...

5. Uploaden naar R2...
   icond2ruc_canvas_meta.json (0.0 MB)
   icond2ruc_data_bewolking.bin (30.5 MB)
   icond2ruc_data_cape.bin (10.2 MB)
   icond2ruc_data_dauwpunt.bin (10.2 MB)
   icond2ruc_data_druk.bin (10.2 MB)
   icond2ruc_data_neerslag.bin (10.2 MB)
   icond2ruc_data_rv.bin (10.2 MB)
   icond2ruc_data_temp.bin (10.2 MB)
   icond2ruc_data_wind.bin (20.3 MB)
   icond2ruc_data_windstoten.bin (20.3 MB)
   icond2ruc_data_zicht.bin (10.2 MB)

Klaar! ICON-D2-RUC run woensdag 22.04.2026 03:00 LT, 14 uur
Wed Apr 22 03:53:11 CEST 2026: ICON-D2-RUC update klaar
Wed Apr 22 03:53:11 CEST 2026: Saharastof starten...
Wed Apr 22 03:53:11 CEST 2026: Saharastof update gestart
Grid: 41x63 = 2583 punten, stap 0.8°
Ophalen: 2583 punten in 13 batches...
  Batch 1/13: 200 punten (1s)
  Batch 2/13: 200 punten (4s)
  Batch 3/13: 200 punten (8s)
    Rate limit, wacht 10s...
    Rate limit, wacht 20s...
    Rate limit, wacht 30s...
  Batch 4/13: 200 punten (72s)
  Batch 5/13: 200 punten (76s)
  Batch 6/13: 200 punten (80s)
    Rate limit, wacht 10s...
    Rate limit, wacht 20s...
  Batch 7/13: 200 punten (114s)
  Batch 8/13: 200 punten (117s)
  Batch 9/13: 200 punten (121s)
    Rate limit, wacht 10s...
    Rate limit, wacht 20s...
    Rate limit, wacht 30s...
  Batch 10/13: 200 punten (186s)
  Batch 11/13: 200 punten (189s)
  Batch 12/13: 200 punten (193s)
    Rate limit, wacht 10s...
    Rate limit, wacht 20s...
    Rate limit, wacht 30s...
  Batch 13/13: 183 punten (257s)
Ophalen klaar in 260s, 120 tijdstappen
Exporteren...
  saharastof_data_dust.bin: 1.2 MB
  saharastof_data_pm10.bin: 1.2 MB
  saharastof_data_pm25.bin: 1.2 MB
  saharastof_data_aod.bin: 1.2 MB
Uploaden naar R2...
  saharastof_canvas_meta.json (0.0 MB)
  saharastof_data_aod.bin (1.2 MB)
  saharastof_data_dust.bin (1.2 MB)
  saharastof_data_pm10.bin (1.2 MB)
  saharastof_data_pm25.bin (1.2 MB)

Klaar! Saharastof kaarten, 120 uur, 41x63 grid
Wed Apr 22 03:57:35 CEST 2026: Saharastof update klaar
Wed Apr 22 03:57:35 CEST 2026: === Klaar ===
Wed Apr 22 04:57:35 CEST 2026: === Modelkaarten update ===
Wed Apr 22 04:57:35 CEST 2026: Harmonie starten...
Wed Apr 22 04:57:35 CEST 2026: Harmonie update gestart
<string>:59: DeprecationWarning: Python 3.14 will, by default, filter extracted tar archives and reject files or modify their metadata. Use the filter argument to control this behavior.
[harmonie_openmeteo] grid 48×73 = 3504 punten, 18 batches, 60 tijdstappen
300 hPa ophalen...
  batch 1/18: 200 punten klaar
  batch 2/18: 200 punten klaar
  batch 3/18: 200 punten klaar
  batch 4/18: 200 punten klaar
  batch 5/18: 200 punten klaar
  batch 6/18: 200 punten klaar
  batch 7/18: 200 punten klaar
  batch 8/18: 200 punten klaar
  batch 9/18: 200 punten klaar
  batch 10/18: 200 punten klaar
  batch 11/18: 200 punten klaar
  batch 12/18: 200 punten klaar
  batch 13/18: 200 punten klaar
  batch 14/18: 200 punten klaar
  batch 15/18: 200 punten klaar
  batch 16/18: 200 punten klaar
  batch 17/18: 200 punten klaar
  batch 18/18: 104 punten klaar
500 hPa ophalen...
  batch 1/18: 200 punten klaar
  batch 2/18: 200 punten klaar
  batch 3/18: 200 punten klaar
  batch 4/18: 200 punten klaar
  batch 5/18: 200 punten klaar
  batch 6/18: 200 punten klaar
  batch 7/18: 200 punten klaar
  batch 8/18: 200 punten klaar
  batch 9/18: 200 punten klaar
  batch 10/18: 200 punten klaar
  batch 11/18: 200 punten klaar
  batch 12/18: 200 punten klaar
  batch 13/18: 200 punten klaar
  batch 14/18: 200 punten klaar
  batch 15/18: 200 punten klaar
  batch 16/18: 200 punten klaar
  batch 17/18: 200 punten klaar
  batch 18/18: 104 punten klaar
850 hPa ophalen...
  batch 1/18: 200 punten klaar
  batch 2/18: 200 punten klaar
  batch 3/18: 200 punten klaar
  batch 4/18: 200 punten klaar
  batch 5/18: 200 punten klaar
  batch 6/18: 200 punten klaar
  batch 7/18: 200 punten klaar
  batch 8/18: 200 punten klaar
  batch 9/18: 200 punten klaar
  batch 10/18: 200 punten klaar
  batch 11/18: 200 punten klaar
  batch 12/18: 200 punten klaar
  batch 13/18: 200 punten klaar
  batch 14/18: 200 punten klaar
  batch 15/18: 200 punten klaar
  batch 16/18: 200 punten klaar
  batch 17/18: 200 punten klaar
  batch 18/18: 104 punten klaar
Ophalen klaar in 15.0s
Exporteren...
[harmonie_openmeteo] klaar: 3.2 MB + 3.2 MB + 3.2 MB
1. Laatste Harmonie run zoeken...
   HARM43_V1_P1_2026042200.tar
   Nieuwe run: 2026-04-22T00:00Z
2. Downloaden...
   851 MB
3. Extracten...
   61 bestanden
4. Data lezen...
5. Exporteren...
Data export klaar! Run: woensdag 22.04.2026 02:00 LT, 60 uur, grid 390x372
6b. Open-Meteo hoogtekaarten (500/850 hPa)...
7. Uploaden naar Cloudflare R2...
   harmonie_canvas_meta.json (0.0 MB)
   harmonie_overlay.png (0.3 MB)
   harmonie_data_lsm.bin (0.6 MB)
   harmonie_data_bewolking.bin (99.6 MB)
   harmonie_data_cape.bin (33.2 MB)
   harmonie_data_dauwpunt.bin (33.2 MB)
   harmonie_data_druk.bin (33.2 MB)
   harmonie_data_hoogte300.bin (3.2 MB)
   harmonie_data_hoogte500.bin (3.2 MB)
   harmonie_data_hoogte850.bin (3.2 MB)
   harmonie_data_lsm.bin (0.6 MB)
   harmonie_data_neerslag.bin (33.2 MB)
   harmonie_data_onweer.bin (33.2 MB)
   harmonie_data_profiel.bin (332.1 MB)
   harmonie_data_rv.bin (33.2 MB)
   harmonie_data_straling.bin (33.2 MB)
   harmonie_data_temp.bin (33.2 MB)
   harmonie_data_wind.bin (66.4 MB)
   harmonie_data_windstoten.bin (66.4 MB)
   harmonie_data_zicht.bin (33.2 MB)
Upload klaar!
Wed Apr 22 04:58:30 CEST 2026: Harmonie update klaar
Wed Apr 22 04:58:30 CEST 2026: ICON-D2 starten...
Wed Apr 22 04:58:30 CEST 2026: ICON-D2 update gestart
1. Laatste ICON-D2 run bepalen...
   Nieuwste complete run: 20260422 00z
   Nieuwe run: 2026-04-22T00:00Z
   Run: 2026042200z = woensdag 22.04.2026 02:00 LT

2. Downloaden (13 parameters x 49 uren)...
   Grid: 1215x746, lat 43.2-58.1, lon -3.9-20.3
   Uur 0/48 (2s)
   Uur 12/48 (30s)
   Uur 24/48 (59s)
   Uur 36/48 (88s)
   Uur 48/48 (128s)
   Download klaar in 128s

3. Exporteren...
   Crop grid: 351x541, 48 uur
   icond2_data_neerslag.bin: 34.8 MB
   icond2_data_temp.bin: 34.8 MB
   icond2_data_dauwpunt.bin: 34.8 MB
   icond2_data_rv.bin: 34.8 MB
   icond2_data_bewolking.bin: 104.3 MB
   icond2_data_wind.bin: 69.5 MB
   icond2_data_windstoten.bin: 69.5 MB
   icond2_data_zicht.bin: 34.8 MB
   icond2_data_cape.bin: 34.8 MB
   icond2_data_druk.bin: 34.8 MB

4. Metadata...

5. Uploaden naar R2...
   icond2_canvas_meta.json (0.0 MB)
   icond2_data_bewolking.bin (104.3 MB)
   icond2_data_cape.bin (34.8 MB)
   icond2_data_dauwpunt.bin (34.8 MB)
   icond2_data_druk.bin (34.8 MB)
   icond2_data_neerslag.bin (34.8 MB)
   icond2_data_rv.bin (34.8 MB)
   icond2_data_temp.bin (34.8 MB)
   icond2_data_wind.bin (69.5 MB)
   icond2_data_windstoten.bin (69.5 MB)
   icond2_data_zicht.bin (34.8 MB)

Klaar! ICON-D2 run woensdag 22.04.2026 02:00 LT, 48 uur
Wed Apr 22 05:01:03 CEST 2026: ICON-D2 update klaar
Wed Apr 22 05:01:03 CEST 2026: ICON-D2-RUC starten...
Wed Apr 22 05:01:03 CEST 2026: ICON-D2-RUC update gestart
1. Laatste ICON-D2-RUC run bepalen...
   Nieuwste complete run: 2026-04-22T02:00
   Nieuwe run: 2026-04-22T02:00Z
   Run: 2026-04-22T02:00 = woensdag 22.04.2026 04:00 LT

2. Downloaden (13 parameters x 15 stappen)...
   Ongestructureerd grid (542040 punten), download CLAT/CLON...
   Doelgrid: 352x541 @ 0.02°
   KDTree gebouwd, regridding actief
   Stap 0/14 (4s)
   Stap 5/14 (18s)
   Stap 10/14 (31s)
   Download klaar in 42s

3. Exporteren...
   Grid: 352x541, 14 uur
   icond2ruc_data_neerslag.bin: 10.2 MB
   icond2ruc_data_temp.bin: 10.2 MB
   icond2ruc_data_dauwpunt.bin: 10.2 MB
   icond2ruc_data_rv.bin: 10.2 MB
   icond2ruc_data_bewolking.bin: 30.5 MB
   icond2ruc_data_wind.bin: 20.3 MB
   icond2ruc_data_windstoten.bin: 20.3 MB
   icond2ruc_data_zicht.bin: 10.2 MB
   icond2ruc_data_cape.bin: 10.2 MB
   icond2ruc_data_druk.bin: 10.2 MB

4. Metadata...

5. Uploaden naar R2...
   icond2ruc_canvas_meta.json (0.0 MB)
   icond2ruc_data_bewolking.bin (30.5 MB)
   icond2ruc_data_cape.bin (10.2 MB)
   icond2ruc_data_dauwpunt.bin (10.2 MB)
   icond2ruc_data_druk.bin (10.2 MB)
   icond2ruc_data_neerslag.bin (10.2 MB)
   icond2ruc_data_rv.bin (10.2 MB)
   icond2ruc_data_temp.bin (10.2 MB)
   icond2ruc_data_wind.bin (20.3 MB)
   icond2ruc_data_windstoten.bin (20.3 MB)
   icond2ruc_data_zicht.bin (10.2 MB)

Klaar! ICON-D2-RUC run woensdag 22.04.2026 04:00 LT, 14 uur
Wed Apr 22 05:01:56 CEST 2026: ICON-D2-RUC update klaar
Wed Apr 22 05:01:56 CEST 2026: Saharastof starten...
Wed Apr 22 05:01:56 CEST 2026: Saharastof update gestart
Grid: 41x63 = 2583 punten, stap 0.8°
Ophalen: 2583 punten in 13 batches...
  Batch 1/13: 200 punten (1s)
  Batch 2/13: 200 punten (4s)
  Batch 3/13: 200 punten (8s)
  Batch 4/13: 200 punten (11s)
  Batch 5/13: 200 punten (15s)
  Batch 6/13: 200 punten (19s)
    Rate limit, wacht 10s...
    Rate limit, wacht 20s...
    Rate limit, wacht 30s...
  Batch 7/13: 200 punten (83s)
  Batch 8/13: 200 punten (87s)
  Batch 9/13: 200 punten (90s)
  Batch 10/13: 200 punten (94s)
    Rate limit, wacht 10s...
    Rate limit, wacht 20s...
    Rate limit, wacht 30s...
  Batch 11/13: 200 punten (158s)
  Batch 12/13: 200 punten (162s)
  Batch 13/13: 183 punten (165s)
Ophalen klaar in 168s, 120 tijdstappen
Exporteren...
  saharastof_data_dust.bin: 1.2 MB
  saharastof_data_pm10.bin: 1.2 MB
  saharastof_data_pm25.bin: 1.2 MB
  saharastof_data_aod.bin: 1.2 MB
Uploaden naar R2...
  saharastof_canvas_meta.json (0.0 MB)
  saharastof_data_aod.bin (1.2 MB)
  saharastof_data_dust.bin (1.2 MB)
  saharastof_data_pm10.bin (1.2 MB)
  saharastof_data_pm25.bin (1.2 MB)

Klaar! Saharastof kaarten, 120 uur, 41x63 grid
Wed Apr 22 05:04:48 CEST 2026: Saharastof update klaar
Wed Apr 22 05:04:48 CEST 2026: === Klaar ===
Wed Apr 22 06:04:48 CEST 2026: === Modelkaarten update ===
Wed Apr 22 06:04:48 CEST 2026: Harmonie starten...
Wed Apr 22 06:04:48 CEST 2026: Harmonie update gestart
<string>:59: DeprecationWarning: Python 3.14 will, by default, filter extracted tar archives and reject files or modify their metadata. Use the filter argument to control this behavior.
[harmonie_openmeteo] grid 48×73 = 3504 punten, 18 batches, 60 tijdstappen
300 hPa ophalen...
  batch 1/18: 200 punten klaar
  batch 2/18: 200 punten klaar
  batch 3/18: 200 punten klaar
  batch 4/18: 200 punten klaar
  batch 5/18: 200 punten klaar
  batch 6/18: 200 punten klaar
  batch 7/18: 200 punten klaar
  batch 8/18: 200 punten klaar
  batch 9/18: 200 punten klaar
  batch 10/18: 200 punten klaar
  batch 11/18: 200 punten klaar
  batch 12/18: 200 punten klaar
  batch 13/18: 200 punten klaar
  batch 14/18: 200 punten klaar
  batch 15/18: 200 punten klaar
  batch 16/18: 200 punten klaar
  batch 17/18: 200 punten klaar
  batch 18/18: 104 punten klaar
500 hPa ophalen...
  batch 1/18: 200 punten klaar
  batch 2/18: 200 punten klaar
  batch 3/18: 200 punten klaar
  batch 4/18: 200 punten klaar
  batch 5/18: 200 punten klaar
  batch 6/18: 200 punten klaar
  batch 7/18: 200 punten klaar
  batch 8/18: 200 punten klaar
  batch 9/18: 200 punten klaar
  batch 10/18: 200 punten klaar
  batch 11/18: 200 punten klaar
  batch 12/18: 200 punten klaar
  batch 13/18: 200 punten klaar
  batch 14/18: 200 punten klaar
  batch 15/18: 200 punten klaar
  batch 16/18: 200 punten klaar
  batch 17/18: 200 punten klaar
  batch 18/18: 104 punten klaar
850 hPa ophalen...
  batch 1/18: 200 punten klaar
  batch 2/18: 200 punten klaar
  batch 3/18: 200 punten klaar
  batch 4/18: 200 punten klaar
  batch 5/18: 200 punten klaar
  batch 6/18: 200 punten klaar
  batch 7/18: 200 punten klaar
  batch 8/18: 200 punten klaar
  batch 9/18: 200 punten klaar
  batch 10/18: 200 punten klaar
  batch 11/18: 200 punten klaar
  batch 12/18: 200 punten klaar
  batch 13/18: 200 punten klaar
  batch 14/18: 200 punten klaar
  batch 15/18: 200 punten klaar
  batch 16/18: 200 punten klaar
  batch 17/18: 200 punten klaar
  batch 18/18: 104 punten klaar
Ophalen klaar in 15.0s
Exporteren...
[harmonie_openmeteo] klaar: 3.2 MB + 3.2 MB + 3.2 MB
1. Laatste Harmonie run zoeken...
   HARM43_V1_P1_2026042201.tar
   Nieuwe run: 2026-04-22T01:00Z
2. Downloaden...
   848 MB
3. Extracten...
   61 bestanden
4. Data lezen...
5. Exporteren...
Data export klaar! Run: woensdag 22.04.2026 03:00 LT, 60 uur, grid 390x372
6b. Open-Meteo hoogtekaarten (500/850 hPa)...
7. Uploaden naar Cloudflare R2...
   harmonie_canvas_meta.json (0.0 MB)
   harmonie_overlay.png (0.3 MB)
   harmonie_data_lsm.bin (0.6 MB)
   harmonie_data_bewolking.bin (99.6 MB)
   harmonie_data_cape.bin (33.2 MB)
   harmonie_data_dauwpunt.bin (33.2 MB)
   harmonie_data_druk.bin (33.2 MB)
   harmonie_data_hoogte300.bin (3.2 MB)
   harmonie_data_hoogte500.bin (3.2 MB)
   harmonie_data_hoogte850.bin (3.2 MB)
   harmonie_data_lsm.bin (0.6 MB)
   harmonie_data_neerslag.bin (33.2 MB)
   harmonie_data_onweer.bin (33.2 MB)
   harmonie_data_profiel.bin (332.1 MB)
   harmonie_data_rv.bin (33.2 MB)
   harmonie_data_straling.bin (33.2 MB)
   harmonie_data_temp.bin (33.2 MB)
   harmonie_data_wind.bin (66.4 MB)
   harmonie_data_windstoten.bin (66.4 MB)
   harmonie_data_zicht.bin (33.2 MB)
Upload klaar!
Wed Apr 22 06:05:44 CEST 2026: Harmonie update klaar
Wed Apr 22 06:05:44 CEST 2026: ICON-D2 starten...
Wed Apr 22 06:05:44 CEST 2026: ICON-D2 update gestart
1. Laatste ICON-D2 run bepalen...
   Nieuwste complete run: 20260422 03z
   Nieuwe run: 2026-04-22T03:00Z
   Run: 2026042203z = woensdag 22.04.2026 05:00 LT

2. Downloaden (13 parameters x 49 uren)...
   Grid: 1215x746, lat 43.2-58.1, lon -3.9-20.3
   Uur 0/48 (4s)
   Uur 12/48 (52s)
   Uur 24/48 (99s)
   Uur 36/48 (178s)
   Uur 48/48 (282s)
   Download klaar in 282s

3. Exporteren...
   Crop grid: 351x541, 48 uur
   icond2_data_neerslag.bin: 34.8 MB
   icond2_data_temp.bin: 34.8 MB
   icond2_data_dauwpunt.bin: 34.8 MB
   icond2_data_rv.bin: 34.8 MB
   icond2_data_bewolking.bin: 104.3 MB
   icond2_data_wind.bin: 69.5 MB
   icond2_data_windstoten.bin: 69.5 MB
   icond2_data_zicht.bin: 34.8 MB
   icond2_data_cape.bin: 34.8 MB
   icond2_data_druk.bin: 34.8 MB

4. Metadata...

5. Uploaden naar R2...
   icond2_canvas_meta.json (0.0 MB)
   icond2_data_bewolking.bin (104.3 MB)
   icond2_data_cape.bin (34.8 MB)
   icond2_data_dauwpunt.bin (34.8 MB)
   icond2_data_druk.bin (34.8 MB)
   icond2_data_neerslag.bin (34.8 MB)
   icond2_data_rv.bin (34.8 MB)
   icond2_data_temp.bin (34.8 MB)
   icond2_data_wind.bin (69.5 MB)
   icond2_data_windstoten.bin (69.5 MB)
   icond2_data_zicht.bin (34.8 MB)

Klaar! ICON-D2 run woensdag 22.04.2026 05:00 LT, 48 uur
Wed Apr 22 06:10:43 CEST 2026: ICON-D2 update klaar
Wed Apr 22 06:10:43 CEST 2026: ICON-D2-RUC starten...
Wed Apr 22 06:10:43 CEST 2026: ICON-D2-RUC update gestart
1. Laatste ICON-D2-RUC run bepalen...
   Nieuwste complete run: 2026-04-22T03:00
   Nieuwe run: 2026-04-22T03:00Z
   Run: 2026-04-22T03:00 = woensdag 22.04.2026 05:00 LT

2. Downloaden (13 parameters x 15 stappen)...
   Ongestructureerd grid (542040 punten), download CLAT/CLON...
   Doelgrid: 352x541 @ 0.02°
   KDTree gebouwd, regridding actief
   Stap 0/14 (6s)
   Stap 5/14 (25s)
   Stap 10/14 (38s)
   Download klaar in 48s

3. Exporteren...
   Grid: 352x541, 14 uur
   icond2ruc_data_neerslag.bin: 10.2 MB
   icond2ruc_data_temp.bin: 10.2 MB
   icond2ruc_data_dauwpunt.bin: 10.2 MB
   icond2ruc_data_rv.bin: 10.2 MB
   icond2ruc_data_bewolking.bin: 30.5 MB
   icond2ruc_data_wind.bin: 20.3 MB
   icond2ruc_data_windstoten.bin: 20.3 MB
   icond2ruc_data_zicht.bin: 10.2 MB
   icond2ruc_data_cape.bin: 10.2 MB
   icond2ruc_data_druk.bin: 10.2 MB

4. Metadata...

5. Uploaden naar R2...
   icond2ruc_canvas_meta.json (0.0 MB)
   icond2ruc_data_bewolking.bin (30.5 MB)
   icond2ruc_data_cape.bin (10.2 MB)
   icond2ruc_data_dauwpunt.bin (10.2 MB)
   icond2ruc_data_druk.bin (10.2 MB)
   icond2ruc_data_neerslag.bin (10.2 MB)
   icond2ruc_data_rv.bin (10.2 MB)
   icond2ruc_data_temp.bin (10.2 MB)
   icond2ruc_data_wind.bin (20.3 MB)
   icond2ruc_data_windstoten.bin (20.3 MB)
   icond2ruc_data_zicht.bin (10.2 MB)

Klaar! ICON-D2-RUC run woensdag 22.04.2026 05:00 LT, 14 uur
Wed Apr 22 06:11:42 CEST 2026: ICON-D2-RUC update klaar
Wed Apr 22 06:11:42 CEST 2026: Saharastof starten...
Wed Apr 22 06:11:42 CEST 2026: Saharastof update gestart
Grid: 41x63 = 2583 punten, stap 0.8°
Ophalen: 2583 punten in 13 batches...
  Batch 1/13: 200 punten (1s)
  Batch 2/13: 200 punten (4s)
  Batch 3/13: 200 punten (8s)
    Rate limit, wacht 10s...
    Rate limit, wacht 20s...
  Batch 4/13: 200 punten (42s)
  Batch 5/13: 200 punten (46s)
  Batch 6/13: 200 punten (50s)
    Rate limit, wacht 10s...
    Rate limit, wacht 20s...
  Batch 7/13: 200 punten (84s)
  Batch 8/13: 200 punten (88s)
  Batch 9/13: 200 punten (91s)
    Rate limit, wacht 10s...
    Rate limit, wacht 20s...
    Rate limit, wacht 30s...
  Batch 10/13: 200 punten (156s)
  Batch 11/13: 200 punten (160s)
  Batch 12/13: 200 punten (163s)
    Rate limit, wacht 10s...
    Rate limit, wacht 20s...
    Rate limit, wacht 30s...
  Batch 13/13: 183 punten (228s)
Ophalen klaar in 231s, 120 tijdstappen
Exporteren...
  saharastof_data_dust.bin: 1.2 MB
  saharastof_data_pm10.bin: 1.2 MB
  saharastof_data_pm25.bin: 1.2 MB
  saharastof_data_aod.bin: 1.2 MB
Uploaden naar R2...
  saharastof_canvas_meta.json (0.0 MB)
  saharastof_data_aod.bin (1.2 MB)
  saharastof_data_dust.bin (1.2 MB)
  saharastof_data_pm10.bin (1.2 MB)
  saharastof_data_pm25.bin (1.2 MB)

Klaar! Saharastof kaarten, 120 uur, 41x63 grid
Wed Apr 22 06:15:35 CEST 2026: Saharastof update klaar
Wed Apr 22 06:15:35 CEST 2026: === Klaar ===
Wed Apr 22 07:15:35 CEST 2026: === Modelkaarten update ===
Wed Apr 22 07:15:35 CEST 2026: Harmonie starten...
Wed Apr 22 07:15:35 CEST 2026: Harmonie update gestart
<string>:59: DeprecationWarning: Python 3.14 will, by default, filter extracted tar archives and reject files or modify their metadata. Use the filter argument to control this behavior.
[harmonie_openmeteo] grid 48×73 = 3504 punten, 18 batches, 60 tijdstappen
300 hPa ophalen...
  batch 1/18: 200 punten klaar
  batch 2/18: 200 punten klaar
  batch 3/18: 200 punten klaar
  batch 4/18: 200 punten klaar
  batch 5/18: 200 punten klaar
  batch 6/18: 200 punten klaar
  batch 7/18: 200 punten klaar
  batch 8/18: 200 punten klaar
  batch 9/18: 200 punten klaar
  batch 10/18: 200 punten klaar
  batch 11/18: 200 punten klaar
  batch 12/18: 200 punten klaar
  batch 13/18: 200 punten klaar
  batch 14/18: 200 punten klaar
  batch 15/18: 200 punten klaar
  batch 16/18: 200 punten klaar
  batch 17/18: 200 punten klaar
  batch 18/18: 104 punten klaar
500 hPa ophalen...
  batch 1/18: 200 punten klaar
  batch 2/18: 200 punten klaar
  batch 3/18: 200 punten klaar
  batch 4/18: 200 punten klaar
  batch 5/18: 200 punten klaar
  batch 6/18: 200 punten klaar
  batch 7/18: 200 punten klaar
  batch 8/18: 200 punten klaar
  batch 9/18: 200 punten klaar
  batch 10/18: 200 punten klaar
  batch 11/18: 200 punten klaar
  batch 12/18: 200 punten klaar
  batch 13/18: 200 punten klaar
  batch 14/18: 200 punten klaar
  batch 15/18: 200 punten klaar
  batch 16/18: 200 punten klaar
  batch 17/18: 200 punten klaar
  batch 18/18: 104 punten klaar
850 hPa ophalen...
  batch 1/18: 200 punten klaar
  batch 2/18: 200 punten klaar
  batch 3/18: 200 punten klaar
  batch 4/18: 200 punten klaar
  batch 5/18: 200 punten klaar
  batch 6/18: 200 punten klaar
  batch 7/18: 200 punten klaar
  batch 8/18: 200 punten klaar
  batch 9/18: 200 punten klaar
  batch 10/18: 200 punten klaar
  batch 11/18: 200 punten klaar
  batch 12/18: 200 punten klaar
  batch 13/18: 200 punten klaar
  batch 14/18: 200 punten klaar
  batch 15/18: 200 punten klaar
  batch 16/18: 200 punten klaar
  batch 17/18: 200 punten klaar
  batch 18/18: 104 punten klaar
Ophalen klaar in 14.7s
Exporteren...
[harmonie_openmeteo] klaar: 3.2 MB + 3.2 MB + 3.2 MB
1. Laatste Harmonie run zoeken...
   HARM43_V1_P1_2026042202.tar
   Nieuwe run: 2026-04-22T02:00Z
2. Downloaden...
   846 MB
3. Extracten...
   61 bestanden
4. Data lezen...
5. Exporteren...
Data export klaar! Run: woensdag 22.04.2026 04:00 LT, 60 uur, grid 390x372
6b. Open-Meteo hoogtekaarten (500/850 hPa)...
7. Uploaden naar Cloudflare R2...
   harmonie_canvas_meta.json (0.0 MB)
   harmonie_overlay.png (0.3 MB)
   harmonie_data_lsm.bin (0.6 MB)
   harmonie_data_bewolking.bin (99.6 MB)
   harmonie_data_cape.bin (33.2 MB)
   harmonie_data_dauwpunt.bin (33.2 MB)
   harmonie_data_druk.bin (33.2 MB)
   harmonie_data_hoogte300.bin (3.2 MB)
   harmonie_data_hoogte500.bin (3.2 MB)
   harmonie_data_hoogte850.bin (3.2 MB)
   harmonie_data_lsm.bin (0.6 MB)
   harmonie_data_neerslag.bin (33.2 MB)
   harmonie_data_onweer.bin (33.2 MB)
   harmonie_data_profiel.bin (332.1 MB)
   harmonie_data_rv.bin (33.2 MB)
   harmonie_data_straling.bin (33.2 MB)
   harmonie_data_temp.bin (33.2 MB)
   harmonie_data_wind.bin (66.4 MB)
   harmonie_data_windstoten.bin (66.4 MB)
   harmonie_data_zicht.bin (33.2 MB)
Upload klaar!
Wed Apr 22 07:16:31 CEST 2026: Harmonie update klaar
Wed Apr 22 07:16:31 CEST 2026: ICON-D2 starten...
Wed Apr 22 07:16:31 CEST 2026: ICON-D2 update gestart
1. Laatste ICON-D2 run bepalen...
   Nieuwste complete run: 20260422 03z
   Nieuwe run: 2026-04-22T03:00Z
   Run: 2026042203z = woensdag 22.04.2026 05:00 LT

2. Downloaden (13 parameters x 49 uren)...
   Grid: 1215x746, lat 43.2-58.1, lon -3.9-20.3
   Uur 0/48 (2s)
   Uur 12/48 (31s)
   Uur 24/48 (59s)
   Uur 36/48 (89s)
   Uur 48/48 (117s)
   Download klaar in 117s

3. Exporteren...
   Crop grid: 351x541, 48 uur
   icond2_data_neerslag.bin: 34.8 MB
   icond2_data_temp.bin: 34.8 MB
   icond2_data_dauwpunt.bin: 34.8 MB
   icond2_data_rv.bin: 34.8 MB
   icond2_data_bewolking.bin: 104.3 MB
   icond2_data_wind.bin: 69.5 MB
   icond2_data_windstoten.bin: 69.5 MB
   icond2_data_zicht.bin: 34.8 MB
   icond2_data_cape.bin: 34.8 MB
   icond2_data_druk.bin: 34.8 MB

4. Metadata...

5. Uploaden naar R2...
   icond2_canvas_meta.json (0.0 MB)
   icond2_data_bewolking.bin (104.3 MB)
   icond2_data_cape.bin (34.8 MB)
   icond2_data_dauwpunt.bin (34.8 MB)
   icond2_data_druk.bin (34.8 MB)
   icond2_data_neerslag.bin (34.8 MB)
   icond2_data_rv.bin (34.8 MB)
   icond2_data_temp.bin (34.8 MB)
   icond2_data_wind.bin (69.5 MB)
   icond2_data_windstoten.bin (69.5 MB)
   icond2_data_zicht.bin (34.8 MB)

Klaar! ICON-D2 run woensdag 22.04.2026 05:00 LT, 48 uur
Wed Apr 22 07:18:50 CEST 2026: ICON-D2 update klaar
Wed Apr 22 07:18:50 CEST 2026: ICON-D2-RUC starten...
Wed Apr 22 07:18:50 CEST 2026: ICON-D2-RUC update gestart
1. Laatste ICON-D2-RUC run bepalen...
   Nieuwste complete run: 2026-04-22T04:00
   Nieuwe run: 2026-04-22T04:00Z
   Run: 2026-04-22T04:00 = woensdag 22.04.2026 06:00 LT

2. Downloaden (13 parameters x 15 stappen)...
   Ongestructureerd grid (542040 punten), download CLAT/CLON...
   Doelgrid: 352x541 @ 0.02°
   KDTree gebouwd, regridding actief
   Stap 0/14 (3s)
   Stap 5/14 (13s)
   Stap 10/14 (24s)
   Download klaar in 32s

3. Exporteren...
   Grid: 352x541, 14 uur
   icond2ruc_data_neerslag.bin: 10.2 MB
   icond2ruc_data_temp.bin: 10.2 MB
   icond2ruc_data_dauwpunt.bin: 10.2 MB
   icond2ruc_data_rv.bin: 10.2 MB
   icond2ruc_data_bewolking.bin: 30.5 MB
   icond2ruc_data_wind.bin: 20.3 MB
   icond2ruc_data_windstoten.bin: 20.3 MB
   icond2ruc_data_zicht.bin: 10.2 MB
   icond2ruc_data_cape.bin: 10.2 MB
   icond2ruc_data_druk.bin: 10.2 MB

4. Metadata...

5. Uploaden naar R2...
   icond2ruc_canvas_meta.json (0.0 MB)
   icond2ruc_data_bewolking.bin (30.5 MB)
   icond2ruc_data_cape.bin (10.2 MB)
   icond2ruc_data_dauwpunt.bin (10.2 MB)
   icond2ruc_data_druk.bin (10.2 MB)
   icond2ruc_data_neerslag.bin (10.2 MB)
   icond2ruc_data_rv.bin (10.2 MB)
   icond2ruc_data_temp.bin (10.2 MB)
   icond2ruc_data_wind.bin (20.3 MB)
   icond2ruc_data_windstoten.bin (20.3 MB)
   icond2ruc_data_zicht.bin (10.2 MB)

Klaar! ICON-D2-RUC run woensdag 22.04.2026 06:00 LT, 14 uur
Wed Apr 22 07:19:36 CEST 2026: ICON-D2-RUC update klaar
Wed Apr 22 07:19:36 CEST 2026: Saharastof starten...
Wed Apr 22 07:19:36 CEST 2026: Saharastof update gestart
Grid: 41x63 = 2583 punten, stap 0.8°
Ophalen: 2583 punten in 13 batches...
  Batch 1/13: 200 punten (1s)
    Rate limit, wacht 10s...
    Rate limit, wacht 20s...
    Rate limit, wacht 30s...
    Rate limit, wacht 40s...
    Rate limit, wacht 50s...
  FOUT batch 200: HTTP 429
    Rate limit, wacht 10s...
    Rate limit, wacht 20s...
    Rate limit, wacht 30s...
    Rate limit, wacht 40s...
    Rate limit, wacht 50s...
  FOUT batch 400: HTTP 429
    Rate limit, wacht 10s...
    Rate limit, wacht 20s...
    Rate limit, wacht 30s...
    Rate limit, wacht 40s...
    Rate limit, wacht 50s...
  FOUT batch 600: HTTP 429
    Rate limit, wacht 10s...
    Rate limit, wacht 20s...
    Rate limit, wacht 30s...
    Rate limit, wacht 40s...
    Rate limit, wacht 50s...
  FOUT batch 800: HTTP 429
    Rate limit, wacht 10s...
    Rate limit, wacht 20s...
    Rate limit, wacht 30s...
    Rate limit, wacht 40s...
    Rate limit, wacht 50s...
  FOUT batch 1000: HTTP 429
    Rate limit, wacht 10s...
    Rate limit, wacht 20s...
    Rate limit, wacht 30s...
    Rate limit, wacht 40s...
    Rate limit, wacht 50s...
  FOUT batch 1200: HTTP 429
    Rate limit, wacht 10s...
    Rate limit, wacht 20s...
    Rate limit, wacht 30s...
    Rate limit, wacht 40s...
    Rate limit, wacht 50s...
  FOUT batch 1400: HTTP 429
    Rate limit, wacht 10s...
    Rate limit, wacht 20s...
    Rate limit, wacht 30s...
    Rate limit, wacht 40s...
    Rate limit, wacht 50s...
  FOUT batch 1600: HTTP 429
    Rate limit, wacht 10s...
    Rate limit, wacht 20s...
    Rate limit, wacht 30s...
  Batch 10/13: 200 punten (1273s)
    Rate limit, wacht 10s...
    Rate limit, wacht 20s...
    Rate limit, wacht 30s...
    Rate limit, wacht 40s...
    Rate limit, wacht 50s...
  FOUT batch 2000: HTTP 429
    Rate limit, wacht 10s...
    Rate limit, wacht 20s...
    Rate limit, wacht 30s...
    Rate limit, wacht 40s...
    Rate limit, wacht 50s...
  FOUT batch 2200: HTTP 429
    Rate limit, wacht 10s...
    Rate limit, wacht 20s...
    Rate limit, wacht 30s...
    Rate limit, wacht 40s...
    Rate limit, wacht 50s...
  FOUT batch 2400: HTTP 429
Ophalen klaar in 1730s, 120 tijdstappen
Exporteren...
  saharastof_data_dust.bin: 1.2 MB
  saharastof_data_pm10.bin: 1.2 MB
  saharastof_data_pm25.bin: 1.2 MB
  saharastof_data_aod.bin: 1.2 MB
Uploaden naar R2...
  saharastof_canvas_meta.json (0.0 MB)
  saharastof_data_aod.bin (1.2 MB)
  saharastof_data_dust.bin (1.2 MB)
  saharastof_data_pm10.bin (1.2 MB)
  saharastof_data_pm25.bin (1.2 MB)

Klaar! Saharastof kaarten, 120 uur, 41x63 grid
Wed Apr 22 07:48:29 CEST 2026: Saharastof update klaar
Wed Apr 22 07:48:29 CEST 2026: === Klaar ===
Wed Apr 22 08:48:29 CEST 2026: === Modelkaarten update ===
Wed Apr 22 08:48:29 CEST 2026: Harmonie starten...
Wed Apr 22 08:48:29 CEST 2026: Harmonie update gestart
<string>:59: DeprecationWarning: Python 3.14 will, by default, filter extracted tar archives and reject files or modify their metadata. Use the filter argument to control this behavior.
[harmonie_openmeteo] grid 48×73 = 3504 punten, 18 batches, 60 tijdstappen
300 hPa ophalen...
  batch 1/18: 200 punten klaar
  batch 2/18: 200 punten klaar
  batch 3/18: 200 punten klaar
  batch 4/18: 200 punten klaar
  batch 5/18: 200 punten klaar
  batch 6/18: 200 punten klaar
  batch 7/18: 200 punten klaar
  batch 8/18: 200 punten klaar
  batch 9/18: 200 punten klaar
  batch 10/18: 200 punten klaar
  batch 11/18: 200 punten klaar
  batch 12/18: 200 punten klaar
  batch 13/18: 200 punten klaar
  batch 14/18: 200 punten klaar
  batch 15/18: 200 punten klaar
  batch 16/18: 200 punten klaar
  batch 17/18: 200 punten klaar
  batch 18/18: 104 punten klaar
500 hPa ophalen...
  batch 1/18: 200 punten klaar
  batch 2/18: 200 punten klaar
  batch 3/18: 200 punten klaar
  batch 4/18: 200 punten klaar
  batch 5/18: 200 punten klaar
  batch 6/18: 200 punten klaar
  batch 7/18: 200 punten klaar
  batch 8/18: 200 punten klaar
  batch 9/18: 200 punten klaar
  batch 10/18: 200 punten klaar
  batch 11/18: 200 punten klaar
  batch 12/18: 200 punten klaar
  batch 13/18: 200 punten klaar
  batch 14/18: 200 punten klaar
  batch 15/18: 200 punten klaar
  batch 16/18: 200 punten klaar
  batch 17/18: 200 punten klaar
  batch 18/18: 104 punten klaar
850 hPa ophalen...
  batch 1/18: 200 punten klaar
  batch 2/18: 200 punten klaar
  batch 3/18: 200 punten klaar
  batch 4/18: 200 punten klaar
  batch 5/18: 200 punten klaar
  batch 6/18: 200 punten klaar
  batch 7/18: 200 punten klaar
  batch 8/18: 200 punten klaar
  batch 9/18: 200 punten klaar
  batch 10/18: 200 punten klaar
  batch 11/18: 200 punten klaar
  batch 12/18: 200 punten klaar
  batch 13/18: 200 punten klaar
  batch 14/18: 200 punten klaar
  batch 15/18: 200 punten klaar
  batch 16/18: 200 punten klaar
  batch 17/18: 200 punten klaar
  batch 18/18: 104 punten klaar
Ophalen klaar in 14.5s
Exporteren...
[harmonie_openmeteo] klaar: 3.2 MB + 3.2 MB + 3.2 MB
1. Laatste Harmonie run zoeken...
   HARM43_V1_P1_2026042204.tar
   Nieuwe run: 2026-04-22T04:00Z
2. Downloaden...
   849 MB
3. Extracten...
   61 bestanden
4. Data lezen...
5. Exporteren...
Data export klaar! Run: woensdag 22.04.2026 06:00 LT, 60 uur, grid 390x372
6b. Open-Meteo hoogtekaarten (500/850 hPa)...
7. Uploaden naar Cloudflare R2...
   harmonie_canvas_meta.json (0.0 MB)
   harmonie_overlay.png (0.3 MB)
   harmonie_data_lsm.bin (0.6 MB)
   harmonie_data_bewolking.bin (99.6 MB)
   harmonie_data_cape.bin (33.2 MB)
   harmonie_data_dauwpunt.bin (33.2 MB)
   harmonie_data_druk.bin (33.2 MB)
   harmonie_data_hoogte300.bin (3.2 MB)
   harmonie_data_hoogte500.bin (3.2 MB)
   harmonie_data_hoogte850.bin (3.2 MB)
   harmonie_data_lsm.bin (0.6 MB)
   harmonie_data_neerslag.bin (33.2 MB)
   harmonie_data_onweer.bin (33.2 MB)
   harmonie_data_profiel.bin (332.1 MB)
   harmonie_data_rv.bin (33.2 MB)
   harmonie_data_straling.bin (33.2 MB)
   harmonie_data_temp.bin (33.2 MB)
   harmonie_data_wind.bin (66.4 MB)
   harmonie_data_windstoten.bin (66.4 MB)
   harmonie_data_zicht.bin (33.2 MB)
Upload klaar!
Wed Apr 22 08:49:23 CEST 2026: Harmonie update klaar
Wed Apr 22 08:49:23 CEST 2026: ICON-D2 starten...
Wed Apr 22 08:49:23 CEST 2026: ICON-D2 update gestart
1. Laatste ICON-D2 run bepalen...
   Nieuwste complete run: 20260422 03z
   Nieuwe run: 2026-04-22T03:00Z
   Run: 2026042203z = woensdag 22.04.2026 05:00 LT

2. Downloaden (13 parameters x 49 uren)...
   Grid: 1215x746, lat 43.2-58.1, lon -3.9-20.3
   Uur 0/48 (2s)
   Uur 12/48 (30s)
   Uur 24/48 (58s)
   Uur 36/48 (87s)
   Uur 48/48 (115s)
   Download klaar in 115s

3. Exporteren...
   Crop grid: 351x541, 48 uur
   icond2_data_neerslag.bin: 34.8 MB
   icond2_data_temp.bin: 34.8 MB
   icond2_data_dauwpunt.bin: 34.8 MB
   icond2_data_rv.bin: 34.8 MB
   icond2_data_bewolking.bin: 104.3 MB
   icond2_data_wind.bin: 69.5 MB
   icond2_data_windstoten.bin: 69.5 MB
   icond2_data_zicht.bin: 34.8 MB
   icond2_data_cape.bin: 34.8 MB
   icond2_data_druk.bin: 34.8 MB

4. Metadata...

5. Uploaden naar R2...
   icond2_canvas_meta.json (0.0 MB)
   icond2_data_bewolking.bin (104.3 MB)
   icond2_data_cape.bin (34.8 MB)
   icond2_data_dauwpunt.bin (34.8 MB)
   icond2_data_druk.bin (34.8 MB)
   icond2_data_neerslag.bin (34.8 MB)
   icond2_data_rv.bin (34.8 MB)
   icond2_data_temp.bin (34.8 MB)
   icond2_data_wind.bin (69.5 MB)
   icond2_data_windstoten.bin (69.5 MB)
   icond2_data_zicht.bin (34.8 MB)

Klaar! ICON-D2 run woensdag 22.04.2026 05:00 LT, 48 uur
Wed Apr 22 08:51:41 CEST 2026: ICON-D2 update klaar
Wed Apr 22 08:51:41 CEST 2026: ICON-D2-RUC starten...
Wed Apr 22 08:51:41 CEST 2026: ICON-D2-RUC update gestart
1. Laatste ICON-D2-RUC run bepalen...
   Nieuwste complete run: 2026-04-22T06:00
   Nieuwe run: 2026-04-22T06:00Z
   Run: 2026-04-22T06:00 = woensdag 22.04.2026 08:00 LT

2. Downloaden (13 parameters x 15 stappen)...
   Ongestructureerd grid (542040 punten), download CLAT/CLON...
   Doelgrid: 352x541 @ 0.02°
   KDTree gebouwd, regridding actief
   Stap 0/14 (3s)
   Stap 5/14 (13s)
   Stap 10/14 (23s)
   Download klaar in 31s

3. Exporteren...
   Grid: 352x541, 14 uur
   icond2ruc_data_neerslag.bin: 10.2 MB
   icond2ruc_data_temp.bin: 10.2 MB
   icond2ruc_data_dauwpunt.bin: 10.2 MB
   icond2ruc_data_rv.bin: 10.2 MB
   icond2ruc_data_bewolking.bin: 30.5 MB
   icond2ruc_data_wind.bin: 20.3 MB
   icond2ruc_data_windstoten.bin: 20.3 MB
   icond2ruc_data_zicht.bin: 10.2 MB
   icond2ruc_data_cape.bin: 10.2 MB
   icond2ruc_data_druk.bin: 10.2 MB

4. Metadata...

5. Uploaden naar R2...
   icond2ruc_canvas_meta.json (0.0 MB)
   icond2ruc_data_bewolking.bin (30.5 MB)
   icond2ruc_data_cape.bin (10.2 MB)
   icond2ruc_data_dauwpunt.bin (10.2 MB)
   icond2ruc_data_druk.bin (10.2 MB)
   icond2ruc_data_neerslag.bin (10.2 MB)
   icond2ruc_data_rv.bin (10.2 MB)
   icond2ruc_data_temp.bin (10.2 MB)
   icond2ruc_data_wind.bin (20.3 MB)
   icond2ruc_data_windstoten.bin (20.3 MB)
   icond2ruc_data_zicht.bin (10.2 MB)

Klaar! ICON-D2-RUC run woensdag 22.04.2026 08:00 LT, 14 uur
Wed Apr 22 08:52:28 CEST 2026: ICON-D2-RUC update klaar
Wed Apr 22 08:52:28 CEST 2026: Saharastof starten...
Wed Apr 22 08:52:28 CEST 2026: Saharastof update gestart
Grid: 41x63 = 2583 punten, stap 0.8°
Ophalen: 2583 punten in 13 batches...
    Rate limit, wacht 10s...
    Rate limit, wacht 20s...
    Rate limit, wacht 30s...
    Rate limit, wacht 40s...
    Rate limit, wacht 50s...
  FOUT batch 0: HTTP 429
    Rate limit, wacht 10s...
    Rate limit, wacht 20s...
    Rate limit, wacht 30s...
    Rate limit, wacht 40s...
    Rate limit, wacht 50s...
  FOUT batch 200: HTTP 429
    Rate limit, wacht 10s...
    Rate limit, wacht 20s...
    Rate limit, wacht 30s...
    Rate limit, wacht 40s...
    Rate limit, wacht 50s...
  FOUT batch 400: HTTP 429
    Rate limit, wacht 10s...
    Rate limit, wacht 20s...
    Rate limit, wacht 30s...
    Rate limit, wacht 40s...
    Rate limit, wacht 50s...
  FOUT batch 600: HTTP 429
    Rate limit, wacht 10s...
    Rate limit, wacht 20s...
    Rate limit, wacht 30s...
    Rate limit, wacht 40s...
    Rate limit, wacht 50s...
  FOUT batch 800: HTTP 429
    Rate limit, wacht 10s...
    Rate limit, wacht 20s...
    Rate limit, wacht 30s...
    Rate limit, wacht 40s...
    Rate limit, wacht 50s...
  FOUT batch 1000: HTTP 429
    Rate limit, wacht 10s...
    Rate limit, wacht 20s...
    Rate limit, wacht 30s...
    Rate limit, wacht 40s...
    Rate limit, wacht 50s...
  FOUT batch 1200: HTTP 429
    Rate limit, wacht 10s...
    Rate limit, wacht 20s...
    Rate limit, wacht 30s...
    Rate limit, wacht 40s...
    Rate limit, wacht 50s...
  FOUT batch 1400: HTTP 429
    Rate limit, wacht 10s...
    Rate limit, wacht 20s...
    Rate limit, wacht 30s...
    Rate limit, wacht 40s...
    Rate limit, wacht 50s...
  FOUT batch 1600: HTTP 429
    Rate limit, wacht 10s...
    Rate limit, wacht 20s...
    Rate limit, wacht 30s...
    Rate limit, wacht 40s...
    Rate limit, wacht 50s...
  FOUT batch 1800: HTTP 429
    Rate limit, wacht 10s...
    Rate limit, wacht 20s...
    Rate limit, wacht 30s...
    Rate limit, wacht 40s...
    Rate limit, wacht 50s...
  FOUT batch 2000: HTTP 429
    Rate limit, wacht 10s...
    Rate limit, wacht 20s...
    Rate limit, wacht 30s...
    Rate limit, wacht 40s...
    Rate limit, wacht 50s...
  FOUT batch 2200: HTTP 429
    Rate limit, wacht 10s...
    Rate limit, wacht 20s...
    Rate limit, wacht 30s...
    Rate limit, wacht 40s...
    Rate limit, wacht 50s...
  FOUT batch 2400: HTTP 429
Ophalen klaar in 1968s, None tijdstappen
Traceback (most recent call last):
  File "<stdin>", line 110, in <module>
  File "<stdin>", line 103, in reshape_var
KeyError: 'dust'
Wed Apr 22 09:25:16 CEST 2026: Saharastof update klaar
Wed Apr 22 09:25:16 CEST 2026: === Klaar ===
Wed Apr 22 10:25:16 CEST 2026: === Modelkaarten update ===
Wed Apr 22 10:25:16 CEST 2026: Harmonie starten...
Wed Apr 22 10:25:16 CEST 2026: Harmonie update gestart
<string>:59: DeprecationWarning: Python 3.14 will, by default, filter extracted tar archives and reject files or modify their metadata. Use the filter argument to control this behavior.
[harmonie_openmeteo] grid 48×73 = 3504 punten, 18 batches, 60 tijdstappen
300 hPa ophalen...
  batch 1/18: 200 punten klaar
  batch 2/18: 200 punten klaar
  batch 3/18: 200 punten klaar
  batch 4/18: 200 punten klaar
  batch 5/18: 200 punten klaar
  batch 6/18: 200 punten klaar
  batch 7/18: 200 punten klaar
  batch 8/18: 200 punten klaar
  batch 9/18: 200 punten klaar
  batch 10/18: 200 punten klaar
  batch 11/18: 200 punten klaar
  batch 12/18: 200 punten klaar
  batch 13/18: 200 punten klaar
  batch 14/18: 200 punten klaar
  batch 15/18: 200 punten klaar
  batch 16/18: 200 punten klaar
  batch 17/18: 200 punten klaar
  batch 18/18: 104 punten klaar
500 hPa ophalen...
  batch 1/18: 200 punten klaar
  batch 2/18: 200 punten klaar
  batch 3/18: 200 punten klaar
  batch 4/18: 200 punten klaar
  batch 5/18: 200 punten klaar
  batch 6/18: 200 punten klaar
  batch 7/18: 200 punten klaar
  batch 8/18: 200 punten klaar
  batch 9/18: 200 punten klaar
  batch 10/18: 200 punten klaar
  batch 11/18: 200 punten klaar
  batch 12/18: 200 punten klaar
  batch 13/18: 200 punten klaar
  batch 14/18: 200 punten klaar
  batch 15/18: 200 punten klaar
  batch 16/18: 200 punten klaar
  batch 17/18: 200 punten klaar
  batch 18/18: 104 punten klaar
850 hPa ophalen...
  batch 1/18: 200 punten klaar
  batch 2/18: 200 punten klaar
  batch 3/18: 200 punten klaar
  batch 4/18: 200 punten klaar
  batch 5/18: 200 punten klaar
  batch 6/18: 200 punten klaar
  batch 7/18: 200 punten klaar
  batch 8/18: 200 punten klaar
  batch 9/18: 200 punten klaar
  batch 10/18: 200 punten klaar
  batch 11/18: 200 punten klaar
  batch 12/18: 200 punten klaar
  batch 13/18: 200 punten klaar
  batch 14/18: 200 punten klaar
  batch 15/18: 200 punten klaar
  batch 16/18: 200 punten klaar
  batch 17/18: 200 punten klaar
  batch 18/18: 104 punten klaar
Ophalen klaar in 15.0s
Exporteren...
[harmonie_openmeteo] klaar: 3.2 MB + 3.2 MB + 3.2 MB
1. Laatste Harmonie run zoeken...
   HARM43_V1_P1_2026042205.tar
   Nieuwe run: 2026-04-22T05:00Z
2. Downloaden...
   848 MB
3. Extracten...
   61 bestanden
4. Data lezen...
5. Exporteren...
Data export klaar! Run: woensdag 22.04.2026 07:00 LT, 60 uur, grid 390x372
6b. Open-Meteo hoogtekaarten (500/850 hPa)...
7. Uploaden naar Cloudflare R2...
   harmonie_canvas_meta.json (0.0 MB)
   harmonie_overlay.png (0.3 MB)
   harmonie_data_lsm.bin (0.6 MB)
   harmonie_data_bewolking.bin (99.6 MB)
   harmonie_data_cape.bin (33.2 MB)
   harmonie_data_dauwpunt.bin (33.2 MB)
   harmonie_data_druk.bin (33.2 MB)
   harmonie_data_hoogte300.bin (3.2 MB)
   harmonie_data_hoogte500.bin (3.2 MB)
   harmonie_data_hoogte850.bin (3.2 MB)
   harmonie_data_lsm.bin (0.6 MB)
   harmonie_data_neerslag.bin (33.2 MB)
   harmonie_data_onweer.bin (33.2 MB)
   harmonie_data_profiel.bin (332.1 MB)
   harmonie_data_rv.bin (33.2 MB)
   harmonie_data_straling.bin (33.2 MB)
   harmonie_data_temp.bin (33.2 MB)
   harmonie_data_wind.bin (66.4 MB)
   harmonie_data_windstoten.bin (66.4 MB)
   harmonie_data_zicht.bin (33.2 MB)
Upload klaar!
Wed Apr 22 10:26:25 CEST 2026: Harmonie update klaar
Wed Apr 22 10:26:25 CEST 2026: ICON-D2 starten...
Wed Apr 22 10:26:25 CEST 2026: ICON-D2 update gestart
1. Laatste ICON-D2 run bepalen...
   Nieuwste complete run: 20260422 06z
   Nieuwe run: 2026-04-22T06:00Z
   Run: 2026042206z = woensdag 22.04.2026 08:00 LT

2. Downloaden (13 parameters x 49 uren)...
   Grid: 1215x746, lat 43.2-58.1, lon -3.9-20.3
   Uur 0/48 (2s)
   Uur 12/48 (30s)
   Uur 24/48 (57s)
   Uur 36/48 (84s)
   Uur 48/48 (111s)
   Download klaar in 111s

3. Exporteren...
   Crop grid: 351x541, 48 uur
   icond2_data_neerslag.bin: 34.8 MB
   icond2_data_temp.bin: 34.8 MB
   icond2_data_dauwpunt.bin: 34.8 MB
   icond2_data_rv.bin: 34.8 MB
   icond2_data_bewolking.bin: 104.3 MB
   icond2_data_wind.bin: 69.5 MB
   icond2_data_windstoten.bin: 69.5 MB
   icond2_data_zicht.bin: 34.8 MB
   icond2_data_cape.bin: 34.8 MB
   icond2_data_druk.bin: 34.8 MB

4. Metadata...

5. Uploaden naar R2...
   icond2_canvas_meta.json (0.0 MB)
   icond2_data_bewolking.bin (104.3 MB)
   icond2_data_cape.bin (34.8 MB)
   icond2_data_dauwpunt.bin (34.8 MB)
   icond2_data_druk.bin (34.8 MB)
   icond2_data_neerslag.bin (34.8 MB)
   icond2_data_rv.bin (34.8 MB)
   icond2_data_temp.bin (34.8 MB)
   icond2_data_wind.bin (69.5 MB)
   icond2_data_windstoten.bin (69.5 MB)
   icond2_data_zicht.bin (34.8 MB)

Klaar! ICON-D2 run woensdag 22.04.2026 08:00 LT, 48 uur
Wed Apr 22 10:28:35 CEST 2026: ICON-D2 update klaar
Wed Apr 22 10:28:35 CEST 2026: ICON-D2-RUC starten...
Wed Apr 22 10:28:35 CEST 2026: ICON-D2-RUC update gestart
1. Laatste ICON-D2-RUC run bepalen...
   Nieuwste complete run: 2026-04-22T07:00
   Nieuwe run: 2026-04-22T07:00Z
   Run: 2026-04-22T07:00 = woensdag 22.04.2026 09:00 LT

2. Downloaden (13 parameters x 15 stappen)...
   Ongestructureerd grid (542040 punten), download CLAT/CLON...
   Doelgrid: 352x541 @ 0.02°
   KDTree gebouwd, regridding actief
   Stap 0/14 (3s)
   Stap 5/14 (13s)
   Stap 10/14 (23s)
   Download klaar in 31s

3. Exporteren...
   Grid: 352x541, 14 uur
   icond2ruc_data_neerslag.bin: 10.2 MB
   icond2ruc_data_temp.bin: 10.2 MB
   icond2ruc_data_dauwpunt.bin: 10.2 MB
   icond2ruc_data_rv.bin: 10.2 MB
   icond2ruc_data_bewolking.bin: 30.5 MB
   icond2ruc_data_wind.bin: 20.3 MB
   icond2ruc_data_windstoten.bin: 20.3 MB
   icond2ruc_data_zicht.bin: 10.2 MB
   icond2ruc_data_cape.bin: 10.2 MB
   icond2ruc_data_druk.bin: 10.2 MB

4. Metadata...

5. Uploaden naar R2...
   icond2ruc_canvas_meta.json (0.0 MB)
   icond2ruc_data_bewolking.bin (30.5 MB)
   icond2ruc_data_cape.bin (10.2 MB)
   icond2ruc_data_dauwpunt.bin (10.2 MB)
   icond2ruc_data_druk.bin (10.2 MB)
   icond2ruc_data_neerslag.bin (10.2 MB)
   icond2ruc_data_rv.bin (10.2 MB)
   icond2ruc_data_temp.bin (10.2 MB)
   icond2ruc_data_wind.bin (20.3 MB)
   icond2ruc_data_windstoten.bin (20.3 MB)
   icond2ruc_data_zicht.bin (10.2 MB)

Klaar! ICON-D2-RUC run woensdag 22.04.2026 09:00 LT, 14 uur
Wed Apr 22 10:29:19 CEST 2026: ICON-D2-RUC update klaar
Wed Apr 22 10:29:19 CEST 2026: Saharastof starten...
Wed Apr 22 10:29:19 CEST 2026: Saharastof update gestart
Grid: 41x63 = 2583 punten, stap 0.8°
Ophalen: 2583 punten in 13 batches...
  Batch 1/13: 200 punten (1s)
  Batch 2/13: 200 punten (4s)
  Batch 3/13: 200 punten (8s)
    Rate limit, wacht 10s...
    Rate limit, wacht 20s...
    Rate limit, wacht 30s...
  Batch 4/13: 200 punten (73s)
  Batch 5/13: 200 punten (76s)
  Batch 6/13: 200 punten (80s)
  Batch 7/13: 200 punten (84s)
    Rate limit, wacht 10s...
    Rate limit, wacht 20s...
  Batch 8/13: 200 punten (118s)
  Batch 9/13: 200 punten (122s)
  Batch 10/13: 200 punten (125s)
    Rate limit, wacht 10s...
    Rate limit, wacht 20s...
    Rate limit, wacht 30s...
  Batch 11/13: 200 punten (190s)
  Batch 12/13: 200 punten (194s)
  Batch 13/13: 183 punten (197s)
Ophalen klaar in 200s, 120 tijdstappen
Exporteren...
  saharastof_data_dust.bin: 1.2 MB
  saharastof_data_pm10.bin: 1.2 MB
  saharastof_data_pm25.bin: 1.2 MB
  saharastof_data_aod.bin: 1.2 MB
Uploaden naar R2...
  saharastof_canvas_meta.json (0.0 MB)
  saharastof_data_aod.bin (1.2 MB)
  saharastof_data_dust.bin (1.2 MB)
  saharastof_data_pm10.bin (1.2 MB)
  saharastof_data_pm25.bin (1.2 MB)

Klaar! Saharastof kaarten, 120 uur, 41x63 grid
Wed Apr 22 10:32:42 CEST 2026: Saharastof update klaar
Wed Apr 22 10:32:42 CEST 2026: === Klaar ===
Wed Apr 22 11:32:42 CEST 2026: === Modelkaarten update ===
Wed Apr 22 11:32:42 CEST 2026: Harmonie starten...
Wed Apr 22 11:32:42 CEST 2026: Harmonie update gestart
<string>:59: DeprecationWarning: Python 3.14 will, by default, filter extracted tar archives and reject files or modify their metadata. Use the filter argument to control this behavior.
[harmonie_openmeteo] grid 48×73 = 3504 punten, 18 batches, 60 tijdstappen
300 hPa ophalen...
  batch 1/18: 200 punten klaar
  batch 2/18: 200 punten klaar
  batch 3/18: 200 punten klaar
  batch 4/18: 200 punten klaar
  batch 5/18: 200 punten klaar
  batch 6/18: 200 punten klaar
  batch 7/18: 200 punten klaar
  batch 8/18: 200 punten klaar
  batch 9/18: 200 punten klaar
  batch 10/18: 200 punten klaar
  batch 11/18: 200 punten klaar
  batch 12/18: 200 punten klaar
  batch 13/18: 200 punten klaar
  batch 14/18: 200 punten klaar
  batch 15/18: 200 punten klaar
  batch 16/18: 200 punten klaar
  batch 17/18: 200 punten klaar
  batch 18/18: 104 punten klaar
500 hPa ophalen...
  batch 1/18: 200 punten klaar
  batch 2/18: 200 punten klaar
  batch 3/18: 200 punten klaar
  batch 4/18: 200 punten klaar
  batch 5/18: 200 punten klaar
  batch 6/18: 200 punten klaar
  batch 7/18: 200 punten klaar
  batch 8/18: 200 punten klaar
  batch 9/18: 200 punten klaar
  batch 10/18: 200 punten klaar
  batch 11/18: 200 punten klaar
  batch 12/18: 200 punten klaar
  batch 13/18: 200 punten klaar
  batch 14/18: 200 punten klaar
  batch 15/18: 200 punten klaar
  batch 16/18: 200 punten klaar
  batch 17/18: 200 punten klaar
  batch 18/18: 104 punten klaar
850 hPa ophalen...
  batch 1/18: 200 punten klaar
  batch 2/18: 200 punten klaar
  batch 3/18: 200 punten klaar
  batch 4/18: 200 punten klaar
  batch 5/18: 200 punten klaar
  batch 6/18: 200 punten klaar
  batch 7/18: 200 punten klaar
  batch 8/18: 200 punten klaar
  batch 9/18: 200 punten klaar
  batch 10/18: 200 punten klaar
  batch 11/18: 200 punten klaar
  batch 12/18: 200 punten klaar
  batch 13/18: 200 punten klaar
  batch 14/18: 200 punten klaar
  batch 15/18: 200 punten klaar
  batch 16/18: 200 punten klaar
  batch 17/18: 200 punten klaar
  batch 18/18: 104 punten klaar
Ophalen klaar in 15.5s
Exporteren...
[harmonie_openmeteo] klaar: 3.2 MB + 3.2 MB + 3.2 MB
1. Laatste Harmonie run zoeken...
   HARM43_V1_P1_2026042206.tar
   Nieuwe run: 2026-04-22T06:00Z
2. Downloaden...
   857 MB
3. Extracten...
   61 bestanden
4. Data lezen...
5. Exporteren...
Data export klaar! Run: woensdag 22.04.2026 08:00 LT, 60 uur, grid 390x372
6b. Open-Meteo hoogtekaarten (500/850 hPa)...
7. Uploaden naar Cloudflare R2...
   harmonie_canvas_meta.json (0.0 MB)
   harmonie_overlay.png (0.3 MB)
   harmonie_data_lsm.bin (0.6 MB)
   harmonie_data_bewolking.bin (99.6 MB)
   harmonie_data_cape.bin (33.2 MB)
   harmonie_data_dauwpunt.bin (33.2 MB)
   harmonie_data_druk.bin (33.2 MB)
   harmonie_data_hoogte300.bin (3.2 MB)
   harmonie_data_hoogte500.bin (3.2 MB)
   harmonie_data_hoogte850.bin (3.2 MB)
   harmonie_data_lsm.bin (0.6 MB)
   harmonie_data_neerslag.bin (33.2 MB)
   harmonie_data_onweer.bin (33.2 MB)
   harmonie_data_profiel.bin (332.1 MB)
   harmonie_data_rv.bin (33.2 MB)
   harmonie_data_straling.bin (33.2 MB)
   harmonie_data_temp.bin (33.2 MB)
   harmonie_data_wind.bin (66.4 MB)
   harmonie_data_windstoten.bin (66.4 MB)
   harmonie_data_zicht.bin (33.2 MB)
Upload klaar!
Wed Apr 22 11:33:39 CEST 2026: Harmonie update klaar
Wed Apr 22 11:33:39 CEST 2026: ICON-D2 starten...
Wed Apr 22 11:33:39 CEST 2026: ICON-D2 update gestart
1. Laatste ICON-D2 run bepalen...
   Nieuwste complete run: 20260422 06z
   Nieuwe run: 2026-04-22T06:00Z
   Run: 2026042206z = woensdag 22.04.2026 08:00 LT

2. Downloaden (13 parameters x 49 uren)...
   Grid: 1215x746, lat 43.2-58.1, lon -3.9-20.3
   Uur 0/48 (2s)
   Uur 12/48 (31s)
   Uur 24/48 (59s)
   Uur 36/48 (88s)
   Uur 48/48 (117s)
   Download klaar in 117s

3. Exporteren...
   Crop grid: 351x541, 48 uur
   icond2_data_neerslag.bin: 34.8 MB
   icond2_data_temp.bin: 34.8 MB
   icond2_data_dauwpunt.bin: 34.8 MB
   icond2_data_rv.bin: 34.8 MB
   icond2_data_bewolking.bin: 104.3 MB
   icond2_data_wind.bin: 69.5 MB
   icond2_data_windstoten.bin: 69.5 MB
   icond2_data_zicht.bin: 34.8 MB
   icond2_data_cape.bin: 34.8 MB
   icond2_data_druk.bin: 34.8 MB

4. Metadata...

5. Uploaden naar R2...
   icond2_canvas_meta.json (0.0 MB)
   icond2_data_bewolking.bin (104.3 MB)
   icond2_data_cape.bin (34.8 MB)
   icond2_data_dauwpunt.bin (34.8 MB)
   icond2_data_druk.bin (34.8 MB)
   icond2_data_neerslag.bin (34.8 MB)
   icond2_data_rv.bin (34.8 MB)
   icond2_data_temp.bin (34.8 MB)
   icond2_data_wind.bin (69.5 MB)
   icond2_data_windstoten.bin (69.5 MB)
   icond2_data_zicht.bin (34.8 MB)

Klaar! ICON-D2 run woensdag 22.04.2026 08:00 LT, 48 uur
Wed Apr 22 11:35:55 CEST 2026: ICON-D2 update klaar
Wed Apr 22 11:35:55 CEST 2026: ICON-D2-RUC starten...
Wed Apr 22 11:35:55 CEST 2026: ICON-D2-RUC update gestart
1. Laatste ICON-D2-RUC run bepalen...
   Nieuwste complete run: 2026-04-22T08:00
   Nieuwe run: 2026-04-22T08:00Z
   Run: 2026-04-22T08:00 = woensdag 22.04.2026 10:00 LT

2. Downloaden (13 parameters x 15 stappen)...
   Ongestructureerd grid (542040 punten), download CLAT/CLON...
   Doelgrid: 352x541 @ 0.02°
   KDTree gebouwd, regridding actief
   Stap 0/14 (3s)
   Stap 5/14 (14s)
   Stap 10/14 (25s)
   Download klaar in 33s

3. Exporteren...
   Grid: 352x541, 14 uur
   icond2ruc_data_neerslag.bin: 10.2 MB
   icond2ruc_data_temp.bin: 10.2 MB
   icond2ruc_data_dauwpunt.bin: 10.2 MB
   icond2ruc_data_rv.bin: 10.2 MB
   icond2ruc_data_bewolking.bin: 30.5 MB
   icond2ruc_data_wind.bin: 20.3 MB
   icond2ruc_data_windstoten.bin: 20.3 MB
   icond2ruc_data_zicht.bin: 10.2 MB
   icond2ruc_data_cape.bin: 10.2 MB
   icond2ruc_data_druk.bin: 10.2 MB

4. Metadata...

5. Uploaden naar R2...
   icond2ruc_canvas_meta.json (0.0 MB)
   icond2ruc_data_bewolking.bin (30.5 MB)
   icond2ruc_data_cape.bin (10.2 MB)
   icond2ruc_data_dauwpunt.bin (10.2 MB)
   icond2ruc_data_druk.bin (10.2 MB)
   icond2ruc_data_neerslag.bin (10.2 MB)
   icond2ruc_data_rv.bin (10.2 MB)
   icond2ruc_data_temp.bin (10.2 MB)
   icond2ruc_data_wind.bin (20.3 MB)
   icond2ruc_data_windstoten.bin (20.3 MB)
   icond2ruc_data_zicht.bin (10.2 MB)

Klaar! ICON-D2-RUC run woensdag 22.04.2026 10:00 LT, 14 uur
Wed Apr 22 11:36:50 CEST 2026: ICON-D2-RUC update klaar
Wed Apr 22 11:36:50 CEST 2026: Saharastof starten...
Wed Apr 22 11:36:50 CEST 2026: Saharastof update gestart
Grid: 41x63 = 2583 punten, stap 0.8°
Ophalen: 2583 punten in 13 batches...
  Batch 1/13: 200 punten (1s)
  Batch 2/13: 200 punten (4s)
  Batch 3/13: 200 punten (8s)
    Rate limit, wacht 10s...
  Batch 4/13: 200 punten (22s)
  Batch 5/13: 200 punten (26s)
  Batch 6/13: 200 punten (29s)
    Rate limit, wacht 10s...
    Rate limit, wacht 20s...
    Rate limit, wacht 30s...
  Batch 7/13: 200 punten (94s)
  Batch 8/13: 200 punten (97s)
  Batch 9/13: 200 punten (101s)
    Rate limit, wacht 10s...
    Rate limit, wacht 20s...
  Batch 10/13: 200 punten (135s)
  Batch 11/13: 200 punten (139s)
  Batch 12/13: 200 punten (143s)
    Rate limit, wacht 10s...
    Rate limit, wacht 20s...
    Rate limit, wacht 30s...
  Batch 13/13: 183 punten (207s)
Ophalen klaar in 210s, 120 tijdstappen
Exporteren...
  saharastof_data_dust.bin: 1.2 MB
  saharastof_data_pm10.bin: 1.2 MB
  saharastof_data_pm25.bin: 1.2 MB
  saharastof_data_aod.bin: 1.2 MB
Uploaden naar R2...
  saharastof_canvas_meta.json (0.0 MB)
  saharastof_data_aod.bin (1.2 MB)
  saharastof_data_dust.bin (1.2 MB)
  saharastof_data_pm10.bin (1.2 MB)
  saharastof_data_pm25.bin (1.2 MB)

Klaar! Saharastof kaarten, 120 uur, 41x63 grid
Wed Apr 22 11:40:26 CEST 2026: Saharastof update klaar
Wed Apr 22 11:40:26 CEST 2026: === Klaar ===
Wed Apr 22 12:40:26 CEST 2026: === Modelkaarten update ===
Wed Apr 22 12:40:26 CEST 2026: Harmonie starten...
Wed Apr 22 12:40:26 CEST 2026: Harmonie update gestart
<string>:59: DeprecationWarning: Python 3.14 will, by default, filter extracted tar archives and reject files or modify their metadata. Use the filter argument to control this behavior.
[harmonie_openmeteo] grid 48×73 = 3504 punten, 18 batches, 60 tijdstappen
300 hPa ophalen...
  batch 1/18: 200 punten klaar
  batch 2/18: 200 punten klaar
  batch 3/18: 200 punten klaar
  batch 4/18: 200 punten klaar
  batch 5/18: 200 punten klaar
  batch 6/18: 200 punten klaar
  batch 7/18: 200 punten klaar
  batch 8/18: 200 punten klaar
  batch 9/18: 200 punten klaar
  batch 10/18: 200 punten klaar
  batch 11/18: 200 punten klaar
  batch 12/18: 200 punten klaar
  batch 13/18: 200 punten klaar
  batch 14/18: 200 punten klaar
  batch 15/18: 200 punten klaar
  batch 16/18: 200 punten klaar
  batch 17/18: 200 punten klaar
  batch 18/18: 104 punten klaar
500 hPa ophalen...
  batch 1/18: 200 punten klaar
  batch 2/18: 200 punten klaar
  batch 3/18: 200 punten klaar
  batch 4/18: 200 punten klaar
  batch 5/18: 200 punten klaar
  batch 6/18: 200 punten klaar
  batch 7/18: 200 punten klaar
  batch 8/18: 200 punten klaar
  batch 9/18: 200 punten klaar
  batch 10/18: 200 punten klaar
  batch 11/18: 200 punten klaar
  batch 12/18: 200 punten klaar
  batch 13/18: 200 punten klaar
  batch 14/18: 200 punten klaar
  batch 15/18: 200 punten klaar
  batch 16/18: 200 punten klaar
  batch 17/18: 200 punten klaar
  batch 18/18: 104 punten klaar
850 hPa ophalen...
  batch 1/18: 200 punten klaar
  batch 2/18: 200 punten klaar
  batch 3/18: 200 punten klaar
  batch 4/18: 200 punten klaar
  batch 5/18: 200 punten klaar
  batch 6/18: 200 punten klaar
  batch 7/18: 200 punten klaar
  batch 8/18: 200 punten klaar
  batch 9/18: 200 punten klaar
  batch 10/18: 200 punten klaar
  batch 11/18: 200 punten klaar
  batch 12/18: 200 punten klaar
  batch 13/18: 200 punten klaar
  batch 14/18: 200 punten klaar
  batch 15/18: 200 punten klaar
  batch 16/18: 200 punten klaar
  batch 17/18: 200 punten klaar
  batch 18/18: 104 punten klaar
Ophalen klaar in 16.7s
Exporteren...
[harmonie_openmeteo] klaar: 3.2 MB + 3.2 MB + 3.2 MB
1. Laatste Harmonie run zoeken...
   HARM43_V1_P1_2026042208.tar
   Nieuwe run: 2026-04-22T08:00Z
2. Downloaden...
   854 MB
3. Extracten...
   61 bestanden
4. Data lezen...
5. Exporteren...
Data export klaar! Run: woensdag 22.04.2026 10:00 LT, 60 uur, grid 390x372
6b. Open-Meteo hoogtekaarten (500/850 hPa)...
7. Uploaden naar Cloudflare R2...
   harmonie_canvas_meta.json (0.0 MB)
   harmonie_overlay.png (0.3 MB)
   harmonie_data_lsm.bin (0.6 MB)
   harmonie_data_bewolking.bin (99.6 MB)
   harmonie_data_cape.bin (33.2 MB)
   harmonie_data_dauwpunt.bin (33.2 MB)
   harmonie_data_druk.bin (33.2 MB)
   harmonie_data_hoogte300.bin (3.2 MB)
   harmonie_data_hoogte500.bin (3.2 MB)
   harmonie_data_hoogte850.bin (3.2 MB)
   harmonie_data_lsm.bin (0.6 MB)
   harmonie_data_neerslag.bin (33.2 MB)
   harmonie_data_onweer.bin (33.2 MB)
   harmonie_data_profiel.bin (332.1 MB)
   harmonie_data_rv.bin (33.2 MB)
   harmonie_data_straling.bin (33.2 MB)
   harmonie_data_temp.bin (33.2 MB)
   harmonie_data_wind.bin (66.4 MB)
   harmonie_data_windstoten.bin (66.4 MB)
   harmonie_data_zicht.bin (33.2 MB)
Upload klaar!
Wed Apr 22 12:41:28 CEST 2026: Harmonie update klaar
Wed Apr 22 12:41:28 CEST 2026: ICON-D2 starten...
Wed Apr 22 12:41:28 CEST 2026: ICON-D2 update gestart
1. Laatste ICON-D2 run bepalen...
   Nieuwste complete run: 20260422 09z
   Nieuwe run: 2026-04-22T09:00Z
   Run: 2026042209z = woensdag 22.04.2026 11:00 LT

2. Downloaden (13 parameters x 49 uren)...
   Grid: 1215x746, lat 43.2-58.1, lon -3.9-20.3
   Uur 0/48 (11s)
   Uur 12/48 (48s)
   Uur 24/48 (77s)
   Uur 36/48 (106s)
   Uur 48/48 (135s)
   Download klaar in 135s

3. Exporteren...
   Crop grid: 351x541, 48 uur
   icond2_data_neerslag.bin: 34.8 MB
   icond2_data_temp.bin: 34.8 MB
   icond2_data_dauwpunt.bin: 34.8 MB
   icond2_data_rv.bin: 34.8 MB
   icond2_data_bewolking.bin: 104.3 MB
   icond2_data_wind.bin: 69.5 MB
   icond2_data_windstoten.bin: 69.5 MB
   icond2_data_zicht.bin: 34.8 MB
   icond2_data_cape.bin: 34.8 MB
   icond2_data_druk.bin: 34.8 MB

4. Metadata...

5. Uploaden naar R2...
   icond2_canvas_meta.json (0.0 MB)
   icond2_data_bewolking.bin (104.3 MB)
   icond2_data_cape.bin (34.8 MB)
   icond2_data_dauwpunt.bin (34.8 MB)
   icond2_data_druk.bin (34.8 MB)
   icond2_data_neerslag.bin (34.8 MB)
   icond2_data_rv.bin (34.8 MB)
   icond2_data_temp.bin (34.8 MB)
   icond2_data_wind.bin (69.5 MB)
   icond2_data_windstoten.bin (69.5 MB)
   icond2_data_zicht.bin (34.8 MB)

Klaar! ICON-D2 run woensdag 22.04.2026 11:00 LT, 48 uur
Wed Apr 22 12:44:08 CEST 2026: ICON-D2 update klaar
Wed Apr 22 12:44:08 CEST 2026: ICON-D2-RUC starten...
Wed Apr 22 12:44:08 CEST 2026: ICON-D2-RUC update gestart
1. Laatste ICON-D2-RUC run bepalen...
   Nieuwste complete run: 2026-04-22T10:00
   Nieuwe run: 2026-04-22T10:00Z
   Run: 2026-04-22T10:00 = woensdag 22.04.2026 12:00 LT

2. Downloaden (13 parameters x 15 stappen)...
   Ongestructureerd grid (542040 punten), download CLAT/CLON...
   Doelgrid: 352x541 @ 0.02°
   KDTree gebouwd, regridding actief
   Stap 0/14 (3s)
   Stap 5/14 (13s)
   Stap 10/14 (24s)
   Download klaar in 33s

3. Exporteren...
   Grid: 352x541, 14 uur
   icond2ruc_data_neerslag.bin: 10.2 MB
   icond2ruc_data_temp.bin: 10.2 MB
   icond2ruc_data_dauwpunt.bin: 10.2 MB
   icond2ruc_data_rv.bin: 10.2 MB
   icond2ruc_data_bewolking.bin: 30.5 MB
   icond2ruc_data_wind.bin: 20.3 MB
   icond2ruc_data_windstoten.bin: 20.3 MB
   icond2ruc_data_zicht.bin: 10.2 MB
   icond2ruc_data_cape.bin: 10.2 MB
   icond2ruc_data_druk.bin: 10.2 MB

4. Metadata...

5. Uploaden naar R2...
   icond2ruc_canvas_meta.json (0.0 MB)
   icond2ruc_data_bewolking.bin (30.5 MB)
   icond2ruc_data_cape.bin (10.2 MB)
   icond2ruc_data_dauwpunt.bin (10.2 MB)
   icond2ruc_data_druk.bin (10.2 MB)
   icond2ruc_data_neerslag.bin (10.2 MB)
   icond2ruc_data_rv.bin (10.2 MB)
   icond2ruc_data_temp.bin (10.2 MB)
   icond2ruc_data_wind.bin (20.3 MB)
   icond2ruc_data_windstoten.bin (20.3 MB)
   icond2ruc_data_zicht.bin (10.2 MB)

Klaar! ICON-D2-RUC run woensdag 22.04.2026 12:00 LT, 14 uur
Wed Apr 22 12:44:53 CEST 2026: ICON-D2-RUC update klaar
Wed Apr 22 12:44:53 CEST 2026: Saharastof starten...
Wed Apr 22 12:44:53 CEST 2026: Saharastof update gestart
Grid: 41x63 = 2583 punten, stap 0.8°
Ophalen: 2583 punten in 13 batches...
  Batch 1/13: 200 punten (1s)
  Batch 2/13: 200 punten (4s)
  Batch 3/13: 200 punten (8s)
    Rate limit, wacht 10s...
  Batch 4/13: 200 punten (22s)
  Batch 5/13: 200 punten (25s)
  Batch 6/13: 200 punten (29s)
    Rate limit, wacht 10s...
    Rate limit, wacht 20s...
    Rate limit, wacht 30s...
  Batch 7/13: 200 punten (93s)
  Batch 8/13: 200 punten (97s)
  Batch 9/13: 200 punten (101s)
  Batch 10/13: 200 punten (105s)
    Rate limit, wacht 10s...
    Rate limit, wacht 20s...
  Batch 11/13: 200 punten (139s)
  Batch 12/13: 200 punten (143s)
  Batch 13/13: 183 punten (146s)
Ophalen klaar in 149s, 120 tijdstappen
Exporteren...
  saharastof_data_dust.bin: 1.2 MB
  saharastof_data_pm10.bin: 1.2 MB
  saharastof_data_pm25.bin: 1.2 MB
  saharastof_data_aod.bin: 1.2 MB
Uploaden naar R2...
  saharastof_canvas_meta.json (0.0 MB)
  saharastof_data_aod.bin (1.2 MB)
  saharastof_data_dust.bin (1.2 MB)
  saharastof_data_pm10.bin (1.2 MB)
  saharastof_data_pm25.bin (1.2 MB)

Klaar! Saharastof kaarten, 120 uur, 41x63 grid
Wed Apr 22 12:47:24 CEST 2026: Saharastof update klaar
Wed Apr 22 12:47:24 CEST 2026: === Klaar ===
Wed Apr 22 13:47:24 CEST 2026: === Modelkaarten update ===
Wed Apr 22 13:47:24 CEST 2026: Harmonie starten...
Wed Apr 22 13:47:24 CEST 2026: Harmonie update gestart
<string>:59: DeprecationWarning: Python 3.14 will, by default, filter extracted tar archives and reject files or modify their metadata. Use the filter argument to control this behavior.
[harmonie_openmeteo] grid 48×73 = 3504 punten, 18 batches, 60 tijdstappen
300 hPa ophalen...
  batch 1/18: 200 punten klaar
  batch 2/18: 200 punten klaar
  batch 3/18: 200 punten klaar
  batch 4/18: 200 punten klaar
  batch 5/18: 200 punten klaar
  batch 6/18: 200 punten klaar
  batch 7/18: 200 punten klaar
  batch 8/18: 200 punten klaar
  batch 9/18: 200 punten klaar
  batch 10/18: 200 punten klaar
  batch 11/18: 200 punten klaar
  batch 12/18: 200 punten klaar
  batch 13/18: 200 punten klaar
  batch 14/18: 200 punten klaar
  batch 15/18: 200 punten klaar
  batch 16/18: 200 punten klaar
  batch 17/18: 200 punten klaar
  batch 18/18: 104 punten klaar
500 hPa ophalen...
  batch 1/18: 200 punten klaar
  batch 2/18: 200 punten klaar
  batch 3/18: 200 punten klaar
  batch 4/18: 200 punten klaar
  batch 5/18: 200 punten klaar
  batch 6/18: 200 punten klaar
  batch 7/18: 200 punten klaar
  batch 8/18: 200 punten klaar
  batch 9/18: 200 punten klaar
  batch 10/18: 200 punten klaar
  batch 11/18: 200 punten klaar
  batch 12/18: 200 punten klaar
  batch 13/18: 200 punten klaar
  batch 14/18: 200 punten klaar
  batch 15/18: 200 punten klaar
  batch 16/18: 200 punten klaar
  batch 17/18: 200 punten klaar
  batch 18/18: 104 punten klaar
850 hPa ophalen...
  batch 1/18: 200 punten klaar
  batch 2/18: 200 punten klaar
  batch 3/18: 200 punten klaar
  batch 4/18: 200 punten klaar
  batch 5/18: 200 punten klaar
  batch 6/18: 200 punten klaar
  batch 7/18: 200 punten klaar
  batch 8/18: 200 punten klaar
  batch 9/18: 200 punten klaar
  batch 10/18: 200 punten klaar
  batch 11/18: 200 punten klaar
  batch 12/18: 200 punten klaar
  batch 13/18: 200 punten klaar
  batch 14/18: 200 punten klaar
  batch 15/18: 200 punten klaar
  batch 16/18: 200 punten klaar
  batch 17/18: 200 punten klaar
  batch 18/18: 104 punten klaar
Ophalen klaar in 15.5s
Exporteren...
[harmonie_openmeteo] klaar: 3.2 MB + 3.2 MB + 3.2 MB
1. Laatste Harmonie run zoeken...
   HARM43_V1_P1_2026042209.tar
   Nieuwe run: 2026-04-22T09:00Z
2. Downloaden...
   860 MB
3. Extracten...
   61 bestanden
4. Data lezen...
5. Exporteren...
Data export klaar! Run: woensdag 22.04.2026 11:00 LT, 60 uur, grid 390x372
6b. Open-Meteo hoogtekaarten (500/850 hPa)...
7. Uploaden naar Cloudflare R2...
   harmonie_canvas_meta.json (0.0 MB)
   harmonie_overlay.png (0.3 MB)
   harmonie_data_lsm.bin (0.6 MB)
   harmonie_data_bewolking.bin (99.6 MB)
   harmonie_data_cape.bin (33.2 MB)
   harmonie_data_dauwpunt.bin (33.2 MB)
   harmonie_data_druk.bin (33.2 MB)
   harmonie_data_hoogte300.bin (3.2 MB)
   harmonie_data_hoogte500.bin (3.2 MB)
   harmonie_data_hoogte850.bin (3.2 MB)
   harmonie_data_lsm.bin (0.6 MB)
   harmonie_data_neerslag.bin (33.2 MB)
   harmonie_data_onweer.bin (33.2 MB)
   harmonie_data_profiel.bin (332.1 MB)
   harmonie_data_rv.bin (33.2 MB)
   harmonie_data_straling.bin (33.2 MB)
   harmonie_data_temp.bin (33.2 MB)
   harmonie_data_wind.bin (66.4 MB)
   harmonie_data_windstoten.bin (66.4 MB)
   harmonie_data_zicht.bin (33.2 MB)
Upload klaar!
Wed Apr 22 13:48:24 CEST 2026: Harmonie update klaar
Wed Apr 22 13:48:24 CEST 2026: ICON-D2 starten...
Wed Apr 22 13:48:24 CEST 2026: ICON-D2 update gestart
1. Laatste ICON-D2 run bepalen...
   Nieuwste complete run: 20260422 09z
   Nieuwe run: 2026-04-22T09:00Z
   Run: 2026042209z = woensdag 22.04.2026 11:00 LT

2. Downloaden (13 parameters x 49 uren)...
   Grid: 1215x746, lat 43.2-58.1, lon -3.9-20.3
   Uur 0/48 (2s)
   Uur 12/48 (31s)
   Uur 24/48 (60s)
   Uur 36/48 (89s)
   Uur 48/48 (117s)
   Download klaar in 117s

3. Exporteren...
   Crop grid: 351x541, 48 uur
   icond2_data_neerslag.bin: 34.8 MB
   icond2_data_temp.bin: 34.8 MB
   icond2_data_dauwpunt.bin: 34.8 MB
   icond2_data_rv.bin: 34.8 MB
   icond2_data_bewolking.bin: 104.3 MB
   icond2_data_wind.bin: 69.5 MB
   icond2_data_windstoten.bin: 69.5 MB
   icond2_data_zicht.bin: 34.8 MB
   icond2_data_cape.bin: 34.8 MB
   icond2_data_druk.bin: 34.8 MB

4. Metadata...

5. Uploaden naar R2...
   icond2_canvas_meta.json (0.0 MB)
   icond2_data_bewolking.bin (104.3 MB)
   icond2_data_cape.bin (34.8 MB)
   icond2_data_dauwpunt.bin (34.8 MB)
   icond2_data_druk.bin (34.8 MB)
   icond2_data_neerslag.bin (34.8 MB)
   icond2_data_rv.bin (34.8 MB)
   icond2_data_temp.bin (34.8 MB)
   icond2_data_wind.bin (69.5 MB)
   icond2_data_windstoten.bin (69.5 MB)
   icond2_data_zicht.bin (34.8 MB)

Klaar! ICON-D2 run woensdag 22.04.2026 11:00 LT, 48 uur
Wed Apr 22 13:50:41 CEST 2026: ICON-D2 update klaar
Wed Apr 22 13:50:41 CEST 2026: ICON-D2-RUC starten...
Wed Apr 22 13:50:41 CEST 2026: ICON-D2-RUC update gestart
1. Laatste ICON-D2-RUC run bepalen...
   Nieuwste complete run: 2026-04-22T11:00
   Nieuwe run: 2026-04-22T11:00Z
   Run: 2026-04-22T11:00 = woensdag 22.04.2026 13:00 LT

2. Downloaden (13 parameters x 15 stappen)...
   Ongestructureerd grid (542040 punten), download CLAT/CLON...
   Doelgrid: 352x541 @ 0.02°
   KDTree gebouwd, regridding actief
   Stap 0/14 (3s)
   Stap 5/14 (14s)
   Stap 10/14 (25s)
   Download klaar in 33s

3. Exporteren...
   Grid: 352x541, 14 uur
   icond2ruc_data_neerslag.bin: 10.2 MB
   icond2ruc_data_temp.bin: 10.2 MB
   icond2ruc_data_dauwpunt.bin: 10.2 MB
   icond2ruc_data_rv.bin: 10.2 MB
   icond2ruc_data_bewolking.bin: 30.5 MB
   icond2ruc_data_wind.bin: 20.3 MB
   icond2ruc_data_windstoten.bin: 20.3 MB
   icond2ruc_data_zicht.bin: 10.2 MB
   icond2ruc_data_cape.bin: 10.2 MB
   icond2ruc_data_druk.bin: 10.2 MB

4. Metadata...

5. Uploaden naar R2...
   icond2ruc_canvas_meta.json (0.0 MB)
   icond2ruc_data_bewolking.bin (30.5 MB)
   icond2ruc_data_cape.bin (10.2 MB)
   icond2ruc_data_dauwpunt.bin (10.2 MB)
   icond2ruc_data_druk.bin (10.2 MB)
   icond2ruc_data_neerslag.bin (10.2 MB)
   icond2ruc_data_rv.bin (10.2 MB)
   icond2ruc_data_temp.bin (10.2 MB)
   icond2ruc_data_wind.bin (20.3 MB)
   icond2ruc_data_windstoten.bin (20.3 MB)
   icond2ruc_data_zicht.bin (10.2 MB)

Klaar! ICON-D2-RUC run woensdag 22.04.2026 13:00 LT, 14 uur
Wed Apr 22 13:51:28 CEST 2026: ICON-D2-RUC update klaar
Wed Apr 22 13:51:28 CEST 2026: Saharastof starten...
Wed Apr 22 13:51:28 CEST 2026: Saharastof update gestart
Grid: 41x63 = 2583 punten, stap 0.8°
Ophalen: 2583 punten in 13 batches...
  Batch 1/13: 200 punten (1s)
  Batch 2/13: 200 punten (4s)
  Batch 3/13: 200 punten (8s)
    Rate limit, wacht 10s...
    Rate limit, wacht 20s...
  Batch 4/13: 200 punten (42s)
  Batch 5/13: 200 punten (46s)
  Batch 6/13: 200 punten (50s)
    Rate limit, wacht 10s...
    Rate limit, wacht 20s...
    Rate limit, wacht 30s...
  Batch 7/13: 200 punten (114s)
  Batch 8/13: 200 punten (118s)
  Batch 9/13: 200 punten (122s)
    Rate limit, wacht 10s...
    Rate limit, wacht 20s...
    Rate limit, wacht 30s...
  Batch 10/13: 200 punten (186s)
  Batch 11/13: 200 punten (190s)
  Batch 12/13: 200 punten (194s)
    Rate limit, wacht 10s...
    Rate limit, wacht 20s...
  Batch 13/13: 183 punten (228s)
Ophalen klaar in 231s, 120 tijdstappen
Exporteren...
  saharastof_data_dust.bin: 1.2 MB
  saharastof_data_pm10.bin: 1.2 MB
  saharastof_data_pm25.bin: 1.2 MB
  saharastof_data_aod.bin: 1.2 MB
Uploaden naar R2...
  saharastof_canvas_meta.json (0.0 MB)
  saharastof_data_aod.bin (1.2 MB)
  saharastof_data_dust.bin (1.2 MB)
  saharastof_data_pm10.bin (1.2 MB)
  saharastof_data_pm25.bin (1.2 MB)

Klaar! Saharastof kaarten, 120 uur, 41x63 grid
Wed Apr 22 13:55:21 CEST 2026: Saharastof update klaar
Wed Apr 22 13:55:21 CEST 2026: === Klaar ===
Wed Apr 22 14:55:21 CEST 2026: === Modelkaarten update ===
Wed Apr 22 14:55:21 CEST 2026: Harmonie starten...
Wed Apr 22 14:55:21 CEST 2026: Harmonie update gestart
<string>:59: DeprecationWarning: Python 3.14 will, by default, filter extracted tar archives and reject files or modify their metadata. Use the filter argument to control this behavior.
[harmonie_openmeteo] grid 48×73 = 3504 punten, 18 batches, 60 tijdstappen
300 hPa ophalen...
  batch 1/18: 200 punten klaar
  batch 2/18: 200 punten klaar
  batch 3/18: 200 punten klaar
  batch 4/18: 200 punten klaar
  batch 5/18: 200 punten klaar
  batch 6/18: 200 punten klaar
  batch 7/18: 200 punten klaar
  batch 8/18: 200 punten klaar
  batch 9/18: 200 punten klaar
  batch 10/18: 200 punten klaar
  batch 11/18: 200 punten klaar
  batch 12/18: 200 punten klaar
  batch 13/18: 200 punten klaar
  batch 14/18: 200 punten klaar
  batch 15/18: 200 punten klaar
  batch 16/18: 200 punten klaar
  batch 17/18: 200 punten klaar
  batch 18/18: 104 punten klaar
500 hPa ophalen...
  batch 1/18: 200 punten klaar
  batch 2/18: 200 punten klaar
  batch 3/18: 200 punten klaar
  batch 4/18: 200 punten klaar
  batch 5/18: 200 punten klaar
  batch 6/18: 200 punten klaar
  batch 7/18: 200 punten klaar
  batch 8/18: 200 punten klaar
  batch 9/18: 200 punten klaar
  batch 10/18: 200 punten klaar
  batch 11/18: 200 punten klaar
  batch 12/18: 200 punten klaar
  batch 13/18: 200 punten klaar
  batch 14/18: 200 punten klaar
  batch 15/18: 200 punten klaar
  batch 16/18: 200 punten klaar
  batch 17/18: 200 punten klaar
  batch 18/18: 104 punten klaar
850 hPa ophalen...
  batch 1/18: 200 punten klaar
  batch 2/18: 200 punten klaar
  batch 3/18: 200 punten klaar
  batch 4/18: 200 punten klaar
  batch 5/18: 200 punten klaar
  batch 6/18: 200 punten klaar
  batch 7/18: 200 punten klaar
  batch 8/18: 200 punten klaar
  batch 9/18: 200 punten klaar
  batch 10/18: 200 punten klaar
  batch 11/18: 200 punten klaar
  batch 12/18: 200 punten klaar
  batch 13/18: 200 punten klaar
  batch 14/18: 200 punten klaar
  batch 15/18: 200 punten klaar
  batch 16/18: 200 punten klaar
  batch 17/18: 200 punten klaar
  batch 18/18: 104 punten klaar
Ophalen klaar in 14.9s
Exporteren...
[harmonie_openmeteo] klaar: 3.2 MB + 3.2 MB + 3.2 MB
1. Laatste Harmonie run zoeken...
   HARM43_V1_P1_2026042210.tar
   Nieuwe run: 2026-04-22T10:00Z
2. Downloaden...
   852 MB
3. Extracten...
   61 bestanden
4. Data lezen...
5. Exporteren...
Data export klaar! Run: woensdag 22.04.2026 12:00 LT, 60 uur, grid 390x372
6b. Open-Meteo hoogtekaarten (500/850 hPa)...
7. Uploaden naar Cloudflare R2...
   harmonie_canvas_meta.json (0.0 MB)
   harmonie_overlay.png (0.3 MB)
   harmonie_data_lsm.bin (0.6 MB)
   harmonie_data_bewolking.bin (99.6 MB)
   harmonie_data_cape.bin (33.2 MB)
   harmonie_data_dauwpunt.bin (33.2 MB)
   harmonie_data_druk.bin (33.2 MB)
   harmonie_data_hoogte300.bin (3.2 MB)
   harmonie_data_hoogte500.bin (3.2 MB)
   harmonie_data_hoogte850.bin (3.2 MB)
   harmonie_data_lsm.bin (0.6 MB)
   harmonie_data_neerslag.bin (33.2 MB)
   harmonie_data_onweer.bin (33.2 MB)
   harmonie_data_profiel.bin (332.1 MB)
   harmonie_data_rv.bin (33.2 MB)
   harmonie_data_straling.bin (33.2 MB)
   harmonie_data_temp.bin (33.2 MB)
   harmonie_data_wind.bin (66.4 MB)
   harmonie_data_windstoten.bin (66.4 MB)
   harmonie_data_zicht.bin (33.2 MB)
Upload klaar!
Wed Apr 22 14:56:18 CEST 2026: Harmonie update klaar
Wed Apr 22 14:56:18 CEST 2026: ICON-D2 starten...
Wed Apr 22 14:56:18 CEST 2026: ICON-D2 update gestart
1. Laatste ICON-D2 run bepalen...
   Nieuwste complete run: 20260422 09z
   Nieuwe run: 2026-04-22T09:00Z
   Run: 2026042209z = woensdag 22.04.2026 11:00 LT

2. Downloaden (13 parameters x 49 uren)...
   Grid: 1215x746, lat 43.2-58.1, lon -3.9-20.3
   Uur 0/48 (2s)
   Uur 12/48 (30s)
   Uur 24/48 (59s)
   Uur 36/48 (87s)
   Uur 48/48 (114s)
   Download klaar in 114s

3. Exporteren...
   Crop grid: 351x541, 48 uur
   icond2_data_neerslag.bin: 34.8 MB
   icond2_data_temp.bin: 34.8 MB
   icond2_data_dauwpunt.bin: 34.8 MB
   icond2_data_rv.bin: 34.8 MB
   icond2_data_bewolking.bin: 104.3 MB
   icond2_data_wind.bin: 69.5 MB
   icond2_data_windstoten.bin: 69.5 MB
   icond2_data_zicht.bin: 34.8 MB
   icond2_data_cape.bin: 34.8 MB
   icond2_data_druk.bin: 34.8 MB

4. Metadata...

5. Uploaden naar R2...
   icond2_canvas_meta.json (0.0 MB)
   icond2_data_bewolking.bin (104.3 MB)
   icond2_data_cape.bin (34.8 MB)
   icond2_data_dauwpunt.bin (34.8 MB)
   icond2_data_druk.bin (34.8 MB)
   icond2_data_neerslag.bin (34.8 MB)
   icond2_data_rv.bin (34.8 MB)
   icond2_data_temp.bin (34.8 MB)
   icond2_data_wind.bin (69.5 MB)
   icond2_data_windstoten.bin (69.5 MB)
   icond2_data_zicht.bin (34.8 MB)

Klaar! ICON-D2 run woensdag 22.04.2026 11:00 LT, 48 uur
Wed Apr 22 14:58:35 CEST 2026: ICON-D2 update klaar
Wed Apr 22 14:58:35 CEST 2026: ICON-D2-RUC starten...
Wed Apr 22 14:58:35 CEST 2026: ICON-D2-RUC update gestart
1. Laatste ICON-D2-RUC run bepalen...
   Nieuwste complete run: 2026-04-22T12:00
   Nieuwe run: 2026-04-22T12:00Z
   Run: 2026-04-22T12:00 = woensdag 22.04.2026 14:00 LT

2. Downloaden (13 parameters x 15 stappen)...
   Ongestructureerd grid (542040 punten), download CLAT/CLON...
   Doelgrid: 352x541 @ 0.02°
   KDTree gebouwd, regridding actief
   Stap 0/14 (4s)
   Stap 5/14 (14s)
   Stap 10/14 (25s)
   Download klaar in 33s

3. Exporteren...
   Grid: 352x541, 14 uur
   icond2ruc_data_neerslag.bin: 10.2 MB
   icond2ruc_data_temp.bin: 10.2 MB
   icond2ruc_data_dauwpunt.bin: 10.2 MB
   icond2ruc_data_rv.bin: 10.2 MB
   icond2ruc_data_bewolking.bin: 30.5 MB
   icond2ruc_data_wind.bin: 20.3 MB
   icond2ruc_data_windstoten.bin: 20.3 MB
   icond2ruc_data_zicht.bin: 10.2 MB
   icond2ruc_data_cape.bin: 10.2 MB
   icond2ruc_data_druk.bin: 10.2 MB

4. Metadata...

5. Uploaden naar R2...
   icond2ruc_canvas_meta.json (0.0 MB)
   icond2ruc_data_bewolking.bin (30.5 MB)
   icond2ruc_data_cape.bin (10.2 MB)
   icond2ruc_data_dauwpunt.bin (10.2 MB)
   icond2ruc_data_druk.bin (10.2 MB)
   icond2ruc_data_neerslag.bin (10.2 MB)
   icond2ruc_data_rv.bin (10.2 MB)
   icond2ruc_data_temp.bin (10.2 MB)
   icond2ruc_data_wind.bin (20.3 MB)
   icond2ruc_data_windstoten.bin (20.3 MB)
   icond2ruc_data_zicht.bin (10.2 MB)

Klaar! ICON-D2-RUC run woensdag 22.04.2026 14:00 LT, 14 uur
Wed Apr 22 14:59:28 CEST 2026: ICON-D2-RUC update klaar
Wed Apr 22 14:59:28 CEST 2026: Saharastof starten...
Wed Apr 22 14:59:28 CEST 2026: Saharastof update gestart
Grid: 41x63 = 2583 punten, stap 0.8°
Ophalen: 2583 punten in 13 batches...
    Rate limit, wacht 10s...
    Rate limit, wacht 20s...
    Rate limit, wacht 30s...
    Rate limit, wacht 40s...
    Rate limit, wacht 50s...
  FOUT batch 0: HTTP 429
    Rate limit, wacht 10s...
    Rate limit, wacht 20s...
    Rate limit, wacht 30s...
    Rate limit, wacht 40s...
    Rate limit, wacht 50s...
  FOUT batch 200: HTTP 429
    Rate limit, wacht 10s...
    Rate limit, wacht 20s...
    Rate limit, wacht 30s...
    Rate limit, wacht 40s...
    Rate limit, wacht 50s...
  FOUT batch 400: HTTP 429
    Rate limit, wacht 10s...
    Rate limit, wacht 20s...
    Rate limit, wacht 30s...
    Rate limit, wacht 40s...
    Rate limit, wacht 50s...
  FOUT batch 600: HTTP 429
    Rate limit, wacht 10s...
    Rate limit, wacht 20s...
    Rate limit, wacht 30s...
    Rate limit, wacht 40s...
    Rate limit, wacht 50s...
  FOUT batch 800: HTTP 429
    Rate limit, wacht 10s...
    Rate limit, wacht 20s...
    Rate limit, wacht 30s...
    Rate limit, wacht 40s...
    Rate limit, wacht 50s...
  FOUT batch 1000: HTTP 429
    Rate limit, wacht 10s...
    Rate limit, wacht 20s...
    Rate limit, wacht 30s...
    Rate limit, wacht 40s...
    Rate limit, wacht 50s...
  FOUT batch 1200: HTTP 429
    Rate limit, wacht 10s...
    Rate limit, wacht 20s...
    Rate limit, wacht 30s...
    Rate limit, wacht 40s...
    Rate limit, wacht 50s...
  FOUT batch 1400: HTTP 429
    Rate limit, wacht 10s...
    Rate limit, wacht 20s...
    Rate limit, wacht 30s...
    Rate limit, wacht 40s...
    Rate limit, wacht 50s...
  FOUT batch 1600: HTTP 429
    Rate limit, wacht 10s...
    Rate limit, wacht 20s...
    Rate limit, wacht 30s...
    Rate limit, wacht 40s...
    Rate limit, wacht 50s...
  FOUT batch 1800: HTTP 429
    Rate limit, wacht 10s...
    Rate limit, wacht 20s...
    Rate limit, wacht 30s...
    Rate limit, wacht 40s...
    Rate limit, wacht 50s...
  FOUT batch 2000: HTTP 429
    Rate limit, wacht 10s...
    Rate limit, wacht 20s...
    Rate limit, wacht 30s...
    Rate limit, wacht 40s...
    Rate limit, wacht 50s...
  FOUT batch 2200: HTTP 429
    Rate limit, wacht 10s...
    Rate limit, wacht 20s...
    Rate limit, wacht 30s...
    Rate limit, wacht 40s...
    Rate limit, wacht 50s...
  FOUT batch 2400: HTTP 429
Ophalen klaar in 1963s, None tijdstappen
Traceback (most recent call last):
  File "<stdin>", line 110, in <module>
  File "<stdin>", line 103, in reshape_var
KeyError: 'dust'
Wed Apr 22 15:32:11 CEST 2026: Saharastof update klaar
Wed Apr 22 15:32:11 CEST 2026: === Klaar ===
Wed Apr 22 16:32:11 CEST 2026: === Modelkaarten update ===
Wed Apr 22 16:32:11 CEST 2026: Harmonie starten...
Wed Apr 22 16:32:11 CEST 2026: Harmonie update gestart
<string>:59: DeprecationWarning: Python 3.14 will, by default, filter extracted tar archives and reject files or modify their metadata. Use the filter argument to control this behavior.
[harmonie_openmeteo] grid 48×73 = 3504 punten, 18 batches, 60 tijdstappen
300 hPa ophalen...
  batch 1/18: 200 punten klaar
  batch 2/18: 200 punten klaar
  batch 3/18: 200 punten klaar
  batch 4/18: 200 punten klaar
  batch 5/18: 200 punten klaar
  batch 6/18: 200 punten klaar
  batch 7/18: 200 punten klaar
  batch 8/18: 200 punten klaar
  batch 9/18: 200 punten klaar
  batch 10/18: 200 punten klaar
  batch 11/18: 200 punten klaar
  batch 12/18: 200 punten klaar
  batch 13/18: 200 punten klaar
  batch 14/18: 200 punten klaar
  batch 15/18: 200 punten klaar
  batch 16/18: 200 punten klaar
  batch 17/18: 200 punten klaar
  batch 18/18: 104 punten klaar
500 hPa ophalen...
  batch 1/18: 200 punten klaar
  batch 2/18: 200 punten klaar
  batch 3/18: 200 punten klaar
  batch 4/18: 200 punten klaar
  batch 5/18: 200 punten klaar
  batch 6/18: 200 punten klaar
  batch 7/18: 200 punten klaar
  batch 8/18: 200 punten klaar
  batch 9/18: 200 punten klaar
  batch 10/18: 200 punten klaar
  batch 11/18: 200 punten klaar
  batch 12/18: 200 punten klaar
  batch 13/18: 200 punten klaar
  batch 14/18: 200 punten klaar
  batch 15/18: 200 punten klaar
  batch 16/18: 200 punten klaar
  batch 17/18: 200 punten klaar
  batch 18/18: 104 punten klaar
850 hPa ophalen...
  batch 1/18: 200 punten klaar
  batch 2/18: 200 punten klaar
  batch 3/18: 200 punten klaar
  batch 4/18: 200 punten klaar
  batch 5/18: 200 punten klaar
  batch 6/18: 200 punten klaar
  batch 7/18: 200 punten klaar
  batch 8/18: 200 punten klaar
  batch 9/18: 200 punten klaar
  batch 10/18: 200 punten klaar
  batch 11/18: 200 punten klaar
  batch 12/18: 200 punten klaar
  batch 13/18: 200 punten klaar
  batch 14/18: 200 punten klaar
  batch 15/18: 200 punten klaar
  batch 16/18: 200 punten klaar
  batch 17/18: 200 punten klaar
  batch 18/18: 104 punten klaar
Ophalen klaar in 14.4s
Exporteren...
[harmonie_openmeteo] klaar: 3.2 MB + 3.2 MB + 3.2 MB
1. Laatste Harmonie run zoeken...
   HARM43_V1_P1_2026042211.tar
   Nieuwe run: 2026-04-22T11:00Z
2. Downloaden...
   853 MB
3. Extracten...
   61 bestanden
4. Data lezen...
5. Exporteren...
Data export klaar! Run: woensdag 22.04.2026 13:00 LT, 60 uur, grid 390x372
6b. Open-Meteo hoogtekaarten (500/850 hPa)...
7. Uploaden naar Cloudflare R2...
   harmonie_canvas_meta.json (0.0 MB)
   harmonie_overlay.png (0.3 MB)
   harmonie_data_lsm.bin (0.6 MB)
   harmonie_data_bewolking.bin (99.6 MB)
   harmonie_data_cape.bin (33.2 MB)
   harmonie_data_dauwpunt.bin (33.2 MB)
   harmonie_data_druk.bin (33.2 MB)
   harmonie_data_hoogte300.bin (3.2 MB)
   harmonie_data_hoogte500.bin (3.2 MB)
   harmonie_data_hoogte850.bin (3.2 MB)
   harmonie_data_lsm.bin (0.6 MB)
   harmonie_data_neerslag.bin (33.2 MB)
   harmonie_data_onweer.bin (33.2 MB)
   harmonie_data_profiel.bin (332.1 MB)
   harmonie_data_rv.bin (33.2 MB)
   harmonie_data_straling.bin (33.2 MB)
   harmonie_data_temp.bin (33.2 MB)
   harmonie_data_wind.bin (66.4 MB)
   harmonie_data_windstoten.bin (66.4 MB)
   harmonie_data_zicht.bin (33.2 MB)
Upload klaar!
Wed Apr 22 16:33:23 CEST 2026: Harmonie update klaar
Wed Apr 22 16:33:23 CEST 2026: ICON-D2 starten...
Wed Apr 22 16:33:23 CEST 2026: ICON-D2 update gestart
1. Laatste ICON-D2 run bepalen...
   Nieuwste complete run: 20260422 12z
   Nieuwe run: 2026-04-22T12:00Z
   Run: 2026042212z = woensdag 22.04.2026 14:00 LT

2. Downloaden (13 parameters x 49 uren)...
   Grid: 1215x746, lat 43.2-58.1, lon -3.9-20.3
   Uur 0/48 (2s)
   Uur 12/48 (30s)
   Uur 24/48 (59s)
   Uur 36/48 (86s)
   Uur 48/48 (115s)
   Download klaar in 115s

3. Exporteren...
   Crop grid: 351x541, 48 uur
   icond2_data_neerslag.bin: 34.8 MB
   icond2_data_temp.bin: 34.8 MB
   icond2_data_dauwpunt.bin: 34.8 MB
   icond2_data_rv.bin: 34.8 MB
   icond2_data_bewolking.bin: 104.3 MB
   icond2_data_wind.bin: 69.5 MB
   icond2_data_windstoten.bin: 69.5 MB
   icond2_data_zicht.bin: 34.8 MB
   icond2_data_cape.bin: 34.8 MB
   icond2_data_druk.bin: 34.8 MB

4. Metadata...

5. Uploaden naar R2...
   icond2_canvas_meta.json (0.0 MB)
   icond2_data_bewolking.bin (104.3 MB)
   icond2_data_cape.bin (34.8 MB)
   icond2_data_dauwpunt.bin (34.8 MB)
   icond2_data_druk.bin (34.8 MB)
   icond2_data_neerslag.bin (34.8 MB)
   icond2_data_rv.bin (34.8 MB)
   icond2_data_temp.bin (34.8 MB)
   icond2_data_wind.bin (69.5 MB)
   icond2_data_windstoten.bin (69.5 MB)
   icond2_data_zicht.bin (34.8 MB)

Klaar! ICON-D2 run woensdag 22.04.2026 14:00 LT, 48 uur
Wed Apr 22 16:35:39 CEST 2026: ICON-D2 update klaar
Wed Apr 22 16:35:39 CEST 2026: ICON-D2-RUC starten...
Wed Apr 22 16:35:39 CEST 2026: ICON-D2-RUC update gestart
1. Laatste ICON-D2-RUC run bepalen...
   Nieuwste complete run: 2026-04-22T13:00
   Nieuwe run: 2026-04-22T13:00Z
   Run: 2026-04-22T13:00 = woensdag 22.04.2026 15:00 LT

2. Downloaden (13 parameters x 15 stappen)...
   Ongestructureerd grid (542040 punten), download CLAT/CLON...
   Doelgrid: 352x541 @ 0.02°
   KDTree gebouwd, regridding actief
   Stap 0/14 (4s)
   Stap 5/14 (14s)
   Stap 10/14 (25s)
   Download klaar in 33s

3. Exporteren...
   Grid: 352x541, 14 uur
   icond2ruc_data_neerslag.bin: 10.2 MB
   icond2ruc_data_temp.bin: 10.2 MB
   icond2ruc_data_dauwpunt.bin: 10.2 MB
   icond2ruc_data_rv.bin: 10.2 MB
   icond2ruc_data_bewolking.bin: 30.5 MB
   icond2ruc_data_wind.bin: 20.3 MB
   icond2ruc_data_windstoten.bin: 20.3 MB
   icond2ruc_data_zicht.bin: 10.2 MB
   icond2ruc_data_cape.bin: 10.2 MB
   icond2ruc_data_druk.bin: 10.2 MB

4. Metadata...

5. Uploaden naar R2...
   icond2ruc_canvas_meta.json (0.0 MB)
   icond2ruc_data_bewolking.bin (30.5 MB)
   icond2ruc_data_cape.bin (10.2 MB)
   icond2ruc_data_dauwpunt.bin (10.2 MB)
   icond2ruc_data_druk.bin (10.2 MB)
   icond2ruc_data_neerslag.bin (10.2 MB)
   icond2ruc_data_rv.bin (10.2 MB)
   icond2ruc_data_temp.bin (10.2 MB)
   icond2ruc_data_wind.bin (20.3 MB)
   icond2ruc_data_windstoten.bin (20.3 MB)
   icond2ruc_data_zicht.bin (10.2 MB)

Klaar! ICON-D2-RUC run woensdag 22.04.2026 15:00 LT, 14 uur
Wed Apr 22 16:36:27 CEST 2026: ICON-D2-RUC update klaar
Wed Apr 22 16:36:27 CEST 2026: Saharastof starten...
Wed Apr 22 16:36:27 CEST 2026: Saharastof update gestart
Grid: 41x63 = 2583 punten, stap 0.8°
Ophalen: 2583 punten in 13 batches...
    Rate limit, wacht 10s...
    Rate limit, wacht 20s...
    Rate limit, wacht 30s...
    Rate limit, wacht 40s...
    Rate limit, wacht 50s...
  FOUT batch 0: HTTP 429
    Rate limit, wacht 10s...
    Rate limit, wacht 20s...
    Rate limit, wacht 30s...
    Rate limit, wacht 40s...
    Rate limit, wacht 50s...
  FOUT batch 200: HTTP 429
    Rate limit, wacht 10s...
    Rate limit, wacht 20s...
    Rate limit, wacht 30s...
    Rate limit, wacht 40s...
    Rate limit, wacht 50s...
  FOUT batch 400: HTTP 429
    Rate limit, wacht 10s...
    Rate limit, wacht 20s...
    Rate limit, wacht 30s...
    Rate limit, wacht 40s...
    Rate limit, wacht 50s...
  FOUT batch 600: HTTP 429
    Rate limit, wacht 10s...
    Rate limit, wacht 20s...
    Rate limit, wacht 30s...
    Rate limit, wacht 40s...
    Rate limit, wacht 50s...
  FOUT batch 800: HTTP 429
    Rate limit, wacht 10s...
    Rate limit, wacht 20s...
    Rate limit, wacht 30s...
    Rate limit, wacht 40s...
    Rate limit, wacht 50s...
  FOUT batch 1000: HTTP 429
    Rate limit, wacht 10s...
    Rate limit, wacht 20s...
    Rate limit, wacht 30s...
    Rate limit, wacht 40s...
    Rate limit, wacht 50s...
  FOUT batch 1200: HTTP 429
    Rate limit, wacht 10s...
    Rate limit, wacht 20s...
    Rate limit, wacht 30s...
    Rate limit, wacht 40s...
    Rate limit, wacht 50s...
  FOUT batch 1400: HTTP 429
    Rate limit, wacht 10s...
    Rate limit, wacht 20s...
    Rate limit, wacht 30s...
    Rate limit, wacht 40s...
    Rate limit, wacht 50s...
  FOUT batch 1600: HTTP 429
    Rate limit, wacht 10s...
    Rate limit, wacht 20s...
    Rate limit, wacht 30s...
    Rate limit, wacht 40s...
    Rate limit, wacht 50s...
  FOUT batch 1800: HTTP 429
    Rate limit, wacht 10s...
    Rate limit, wacht 20s...
    Rate limit, wacht 30s...
    Rate limit, wacht 40s...
    Rate limit, wacht 50s...
  FOUT batch 2000: HTTP 429
    Rate limit, wacht 10s...
    Rate limit, wacht 20s...
    Rate limit, wacht 30s...
    Rate limit, wacht 40s...
    Rate limit, wacht 50s...
  FOUT batch 2200: HTTP 429
    Rate limit, wacht 10s...
    Rate limit, wacht 20s...
    Rate limit, wacht 30s...
    Rate limit, wacht 40s...
    Rate limit, wacht 50s...
  FOUT batch 2400: HTTP 429
Ophalen klaar in 1966s, None tijdstappen
Traceback (most recent call last):
  File "<stdin>", line 110, in <module>
  File "<stdin>", line 103, in reshape_var
KeyError: 'dust'
Wed Apr 22 17:09:14 CEST 2026: Saharastof update klaar
Wed Apr 22 17:09:14 CEST 2026: === Klaar ===
Wed Apr 22 18:09:14 CEST 2026: === Modelkaarten update ===
Wed Apr 22 18:09:14 CEST 2026: Harmonie starten...
Wed Apr 22 18:09:14 CEST 2026: Harmonie update gestart
<string>:59: DeprecationWarning: Python 3.14 will, by default, filter extracted tar archives and reject files or modify their metadata. Use the filter argument to control this behavior.
[harmonie_openmeteo] grid 48×73 = 3504 punten, 18 batches, 60 tijdstappen
300 hPa ophalen...
  batch 1/18: 200 punten klaar
  batch 2/18: 200 punten klaar
  batch 3/18: 200 punten klaar
  batch 4/18: 200 punten klaar
  batch 5/18: 200 punten klaar
  batch 6/18: 200 punten klaar
  batch 7/18: 200 punten klaar
  batch 8/18: 200 punten klaar
  batch 9/18: 200 punten klaar
  batch 10/18: 200 punten klaar
  batch 11/18: 200 punten klaar
  batch 12/18: 200 punten klaar
  batch 13/18: 200 punten klaar
  batch 14/18: 200 punten klaar
  batch 15/18: 200 punten klaar
  batch 16/18: 200 punten klaar
  batch 17/18: 200 punten klaar
  batch 18/18: 104 punten klaar
500 hPa ophalen...
  batch 1/18: 200 punten klaar
  batch 2/18: 200 punten klaar
  batch 3/18: 200 punten klaar
  batch 4/18: 200 punten klaar
  batch 5/18: 200 punten klaar
  batch 6/18: 200 punten klaar
  batch 7/18: 200 punten klaar
  batch 8/18: 200 punten klaar
  batch 9/18: 200 punten klaar
  batch 10/18: 200 punten klaar
  batch 11/18: 200 punten klaar
  batch 12/18: 200 punten klaar
  batch 13/18: 200 punten klaar
  batch 14/18: 200 punten klaar
  batch 15/18: 200 punten klaar
  batch 16/18: 200 punten klaar
  batch 17/18: 200 punten klaar
  batch 18/18: 104 punten klaar
850 hPa ophalen...
  batch 1/18: 200 punten klaar
  batch 2/18: 200 punten klaar
  batch 3/18: 200 punten klaar
  batch 4/18: 200 punten klaar
  batch 5/18: 200 punten klaar
  batch 6/18: 200 punten klaar
  batch 7/18: 200 punten klaar
  batch 8/18: 200 punten klaar
  batch 9/18: 200 punten klaar
  batch 10/18: 200 punten klaar
  batch 11/18: 200 punten klaar
  batch 12/18: 200 punten klaar
  batch 13/18: 200 punten klaar
  batch 14/18: 200 punten klaar
  batch 15/18: 200 punten klaar
  batch 16/18: 200 punten klaar
  batch 17/18: 200 punten klaar
  batch 18/18: 104 punten klaar
Ophalen klaar in 14.6s
Exporteren...
[harmonie_openmeteo] klaar: 3.2 MB + 3.2 MB + 3.2 MB
1. Laatste Harmonie run zoeken...
   HARM43_V1_P1_2026042213.tar
   Nieuwe run: 2026-04-22T13:00Z
2. Downloaden...
   854 MB
3. Extracten...
   61 bestanden
4. Data lezen...
5. Exporteren...
Data export klaar! Run: woensdag 22.04.2026 15:00 LT, 60 uur, grid 390x372
6b. Open-Meteo hoogtekaarten (500/850 hPa)...
7. Uploaden naar Cloudflare R2...
   harmonie_canvas_meta.json (0.0 MB)
   harmonie_overlay.png (0.3 MB)
   harmonie_data_lsm.bin (0.6 MB)
   harmonie_data_bewolking.bin (99.6 MB)
   harmonie_data_cape.bin (33.2 MB)
   harmonie_data_dauwpunt.bin (33.2 MB)
   harmonie_data_druk.bin (33.2 MB)
   harmonie_data_hoogte300.bin (3.2 MB)
   harmonie_data_hoogte500.bin (3.2 MB)
   harmonie_data_hoogte850.bin (3.2 MB)
   harmonie_data_lsm.bin (0.6 MB)
   harmonie_data_neerslag.bin (33.2 MB)
   harmonie_data_onweer.bin (33.2 MB)
   harmonie_data_profiel.bin (332.1 MB)
   harmonie_data_rv.bin (33.2 MB)
   harmonie_data_straling.bin (33.2 MB)
   harmonie_data_temp.bin (33.2 MB)
   harmonie_data_wind.bin (66.4 MB)
   harmonie_data_windstoten.bin (66.4 MB)
   harmonie_data_zicht.bin (33.2 MB)
Upload klaar!
Wed Apr 22 18:10:10 CEST 2026: Harmonie update klaar
Wed Apr 22 18:10:10 CEST 2026: ICON-D2 starten...
Wed Apr 22 18:10:10 CEST 2026: ICON-D2 update gestart
1. Laatste ICON-D2 run bepalen...
   Nieuwste complete run: 20260422 15z
   Nieuwe run: 2026-04-22T15:00Z
   Run: 2026042215z = woensdag 22.04.2026 17:00 LT

2. Downloaden (13 parameters x 49 uren)...
   Grid: 1215x746, lat 43.2-58.1, lon -3.9-20.3
   Uur 0/48 (3s)
   Uur 12/48 (32s)
   Uur 24/48 (63s)
   Uur 36/48 (100s)
   Uur 48/48 (187s)
   Download klaar in 187s

3. Exporteren...
   Crop grid: 351x541, 48 uur
   icond2_data_neerslag.bin: 34.8 MB
   icond2_data_temp.bin: 34.8 MB
   icond2_data_dauwpunt.bin: 34.8 MB
   icond2_data_rv.bin: 34.8 MB
   icond2_data_bewolking.bin: 104.3 MB
   icond2_data_wind.bin: 69.5 MB
   icond2_data_windstoten.bin: 69.5 MB
   icond2_data_zicht.bin: 34.8 MB
   icond2_data_cape.bin: 34.8 MB
   icond2_data_druk.bin: 34.8 MB

4. Metadata...

5. Uploaden naar R2...
   icond2_canvas_meta.json (0.0 MB)
   icond2_data_bewolking.bin (104.3 MB)
   icond2_data_cape.bin (34.8 MB)
   icond2_data_dauwpunt.bin (34.8 MB)
   icond2_data_druk.bin (34.8 MB)
   icond2_data_neerslag.bin (34.8 MB)
   icond2_data_rv.bin (34.8 MB)
   icond2_data_temp.bin (34.8 MB)
   icond2_data_wind.bin (69.5 MB)
   icond2_data_windstoten.bin (69.5 MB)
   icond2_data_zicht.bin (34.8 MB)

Klaar! ICON-D2 run woensdag 22.04.2026 17:00 LT, 48 uur
Wed Apr 22 18:13:45 CEST 2026: ICON-D2 update klaar
Wed Apr 22 18:13:45 CEST 2026: ICON-D2-RUC starten...
Wed Apr 22 18:13:45 CEST 2026: ICON-D2-RUC update gestart
1. Laatste ICON-D2-RUC run bepalen...
   Nieuwste complete run: 2026-04-22T15:00
   Nieuwe run: 2026-04-22T15:00Z
   Run: 2026-04-22T15:00 = woensdag 22.04.2026 17:00 LT

2. Downloaden (13 parameters x 15 stappen)...
   Ongestructureerd grid (542040 punten), download CLAT/CLON...
   Doelgrid: 352x541 @ 0.02°
   KDTree gebouwd, regridding actief
   Stap 0/14 (4s)
   Stap 5/14 (14s)
   Stap 10/14 (25s)
   Download klaar in 33s

3. Exporteren...
   Grid: 352x541, 14 uur
   icond2ruc_data_neerslag.bin: 10.2 MB
   icond2ruc_data_temp.bin: 10.2 MB
   icond2ruc_data_dauwpunt.bin: 10.2 MB
   icond2ruc_data_rv.bin: 10.2 MB
   icond2ruc_data_bewolking.bin: 30.5 MB
   icond2ruc_data_wind.bin: 20.3 MB
   icond2ruc_data_windstoten.bin: 20.3 MB
   icond2ruc_data_zicht.bin: 10.2 MB
   icond2ruc_data_cape.bin: 10.2 MB
   icond2ruc_data_druk.bin: 10.2 MB

4. Metadata...

5. Uploaden naar R2...
   icond2ruc_canvas_meta.json (0.0 MB)
   icond2ruc_data_bewolking.bin (30.5 MB)
   icond2ruc_data_cape.bin (10.2 MB)
   icond2ruc_data_dauwpunt.bin (10.2 MB)
   icond2ruc_data_druk.bin (10.2 MB)
   icond2ruc_data_neerslag.bin (10.2 MB)
   icond2ruc_data_rv.bin (10.2 MB)
   icond2ruc_data_temp.bin (10.2 MB)
   icond2ruc_data_wind.bin (20.3 MB)
   icond2ruc_data_windstoten.bin (20.3 MB)
   icond2ruc_data_zicht.bin (10.2 MB)

Klaar! ICON-D2-RUC run woensdag 22.04.2026 17:00 LT, 14 uur
Wed Apr 22 18:14:34 CEST 2026: ICON-D2-RUC update klaar
Wed Apr 22 18:14:34 CEST 2026: Saharastof starten...
Wed Apr 22 18:14:34 CEST 2026: Saharastof update gestart
Grid: 41x63 = 2583 punten, stap 0.8°
Ophalen: 2583 punten in 13 batches...
    Rate limit, wacht 10s...
    Rate limit, wacht 20s...
    Rate limit, wacht 30s...
    Rate limit, wacht 40s...
    Rate limit, wacht 50s...
  FOUT batch 0: HTTP 429
  Batch 2/13: 200 punten (152s)
    Rate limit, wacht 10s...
    Rate limit, wacht 20s...
    Rate limit, wacht 30s...
    Rate limit, wacht 40s...
    Rate limit, wacht 50s...
  FOUT batch 400: HTTP 429
    Rate limit, wacht 10s...
    Rate limit, wacht 20s...
    Rate limit, wacht 30s...
    Rate limit, wacht 40s...
    Rate limit, wacht 50s...
  FOUT batch 600: HTTP 429
    Rate limit, wacht 10s...
    Rate limit, wacht 20s...
    Rate limit, wacht 30s...
    Rate limit, wacht 40s...
    Rate limit, wacht 50s...
  FOUT batch 800: HTTP 429
    Rate limit, wacht 10s...
    Rate limit, wacht 20s...
    Rate limit, wacht 30s...
    Rate limit, wacht 40s...
    Rate limit, wacht 50s...
  FOUT batch 1000: HTTP 429
    Rate limit, wacht 10s...
    Rate limit, wacht 20s...
    Rate limit, wacht 30s...
    Rate limit, wacht 40s...
    Rate limit, wacht 50s...
  FOUT batch 1200: HTTP 429
  Batch 8/13: 200 punten (912s)
    Rate limit, wacht 10s...
    Rate limit, wacht 20s...
    Rate limit, wacht 30s...
    Rate limit, wacht 40s...
    Rate limit, wacht 50s...
  FOUT batch 1600: HTTP 429
    Rate limit, wacht 10s...
    Rate limit, wacht 20s...
    Rate limit, wacht 30s...
    Rate limit, wacht 40s...
    Rate limit, wacht 50s...
  FOUT batch 1800: HTTP 429
    Rate limit, wacht 10s...
    Rate limit, wacht 20s...
    Rate limit, wacht 30s...
    Rate limit, wacht 40s...
    Rate limit, wacht 50s...
  FOUT batch 2000: HTTP 429
    Rate limit, wacht 10s...
    Rate limit, wacht 20s...
    Rate limit, wacht 30s...
    Rate limit, wacht 40s...
    Rate limit, wacht 50s...
  FOUT batch 2200: HTTP 429
    Rate limit, wacht 10s...
    Rate limit, wacht 20s...
    Rate limit, wacht 30s...
    Rate limit, wacht 40s...
    Rate limit, wacht 50s...
  FOUT batch 2400: HTTP 429
Ophalen klaar in 1672s, 120 tijdstappen
Exporteren...
  saharastof_data_dust.bin: 1.2 MB
  saharastof_data_pm10.bin: 1.2 MB
  saharastof_data_pm25.bin: 1.2 MB
  saharastof_data_aod.bin: 1.2 MB
Uploaden naar R2...
  saharastof_canvas_meta.json (0.0 MB)
  saharastof_data_aod.bin (1.2 MB)
  saharastof_data_dust.bin (1.2 MB)
  saharastof_data_pm10.bin (1.2 MB)
  saharastof_data_pm25.bin (1.2 MB)

Klaar! Saharastof kaarten, 120 uur, 41x63 grid
Wed Apr 22 18:42:29 CEST 2026: Saharastof update klaar
Wed Apr 22 18:42:29 CEST 2026: === Klaar ===
Wed Apr 22 19:42:29 CEST 2026: === Modelkaarten update ===
Wed Apr 22 19:42:29 CEST 2026: Harmonie starten...
Wed Apr 22 19:42:29 CEST 2026: Harmonie update gestart
<string>:59: DeprecationWarning: Python 3.14 will, by default, filter extracted tar archives and reject files or modify their metadata. Use the filter argument to control this behavior.
[harmonie_openmeteo] grid 48×73 = 3504 punten, 18 batches, 60 tijdstappen
300 hPa ophalen...
  batch 1/18: 200 punten klaar
  batch 2/18: 200 punten klaar
  batch 3/18: 200 punten klaar
  batch 4/18: 200 punten klaar
  batch 5/18: 200 punten klaar
  batch 6/18: 200 punten klaar
  batch 7/18: 200 punten klaar
  batch 8/18: 200 punten klaar
  batch 9/18: 200 punten klaar
  batch 10/18: 200 punten klaar
  batch 11/18: 200 punten klaar
  batch 12/18: 200 punten klaar
  batch 13/18: 200 punten klaar
  batch 14/18: 200 punten klaar
  batch 15/18: 200 punten klaar
  batch 16/18: 200 punten klaar
  batch 17/18: 200 punten klaar
  batch 18/18: 104 punten klaar
500 hPa ophalen...
  batch 1/18: 200 punten klaar
  batch 2/18: 200 punten klaar
  batch 3/18: 200 punten klaar
  batch 4/18: 200 punten klaar
  batch 5/18: 200 punten klaar
  batch 6/18: 200 punten klaar
  batch 7/18: 200 punten klaar
  batch 8/18: 200 punten klaar
  batch 9/18: 200 punten klaar
  batch 10/18: 200 punten klaar
  batch 11/18: 200 punten klaar
  batch 12/18: 200 punten klaar
  batch 13/18: 200 punten klaar
  batch 14/18: 200 punten klaar
  batch 15/18: 200 punten klaar
  batch 16/18: 200 punten klaar
  batch 17/18: 200 punten klaar
  batch 18/18: 104 punten klaar
850 hPa ophalen...
  batch 1/18: 200 punten klaar
  batch 2/18: 200 punten klaar
  batch 3/18: 200 punten klaar
  batch 4/18: 200 punten klaar
  batch 5/18: 200 punten klaar
  batch 6/18: 200 punten klaar
  batch 7/18: 200 punten klaar
  batch 8/18: 200 punten klaar
  batch 9/18: 200 punten klaar
  batch 10/18: 200 punten klaar
  batch 11/18: 200 punten klaar
  batch 12/18: 200 punten klaar
  batch 13/18: 200 punten klaar
  batch 14/18: 200 punten klaar
  batch 15/18: 200 punten klaar
  batch 16/18: 200 punten klaar
  batch 17/18: 200 punten klaar
  batch 18/18: 104 punten klaar
Ophalen klaar in 14.7s
Exporteren...
[harmonie_openmeteo] klaar: 3.2 MB + 3.2 MB + 3.2 MB
1. Laatste Harmonie run zoeken...
   HARM43_V1_P1_2026042215.tar
   Nieuwe run: 2026-04-22T15:00Z
2. Downloaden...
   859 MB
3. Extracten...
   61 bestanden
4. Data lezen...
5. Exporteren...
Data export klaar! Run: woensdag 22.04.2026 17:00 LT, 60 uur, grid 390x372
6b. Open-Meteo hoogtekaarten (500/850 hPa)...
7. Uploaden naar Cloudflare R2...
   harmonie_canvas_meta.json (0.0 MB)
   harmonie_overlay.png (0.3 MB)
   harmonie_data_lsm.bin (0.6 MB)
   harmonie_data_bewolking.bin (99.6 MB)
   harmonie_data_cape.bin (33.2 MB)
   harmonie_data_dauwpunt.bin (33.2 MB)
   harmonie_data_druk.bin (33.2 MB)
   harmonie_data_hoogte300.bin (3.2 MB)
   harmonie_data_hoogte500.bin (3.2 MB)
   harmonie_data_hoogte850.bin (3.2 MB)
   harmonie_data_lsm.bin (0.6 MB)
   harmonie_data_neerslag.bin (33.2 MB)
   harmonie_data_onweer.bin (33.2 MB)
   harmonie_data_profiel.bin (332.1 MB)
   harmonie_data_rv.bin (33.2 MB)
   harmonie_data_straling.bin (33.2 MB)
   harmonie_data_temp.bin (33.2 MB)
   harmonie_data_wind.bin (66.4 MB)
   harmonie_data_windstoten.bin (66.4 MB)
   harmonie_data_zicht.bin (33.2 MB)
Upload klaar!
Wed Apr 22 19:43:26 CEST 2026: Harmonie update klaar
Wed Apr 22 19:43:26 CEST 2026: ICON-D2 starten...
Wed Apr 22 19:43:26 CEST 2026: ICON-D2 update gestart
1. Laatste ICON-D2 run bepalen...
   Nieuwste complete run: 20260422 15z
   Nieuwe run: 2026-04-22T15:00Z
   Run: 2026042215z = woensdag 22.04.2026 17:00 LT

2. Downloaden (13 parameters x 49 uren)...
   Grid: 1215x746, lat 43.2-58.1, lon -3.9-20.3
   Uur 0/48 (2s)
   Uur 12/48 (29s)
   Uur 24/48 (57s)
   Uur 36/48 (84s)
   Uur 48/48 (112s)
   Download klaar in 112s

3. Exporteren...
   Crop grid: 351x541, 48 uur
   icond2_data_neerslag.bin: 34.8 MB
   icond2_data_temp.bin: 34.8 MB
   icond2_data_dauwpunt.bin: 34.8 MB
   icond2_data_rv.bin: 34.8 MB
   icond2_data_bewolking.bin: 104.3 MB
   icond2_data_wind.bin: 69.5 MB
   icond2_data_windstoten.bin: 69.5 MB
   icond2_data_zicht.bin: 34.8 MB
   icond2_data_cape.bin: 34.8 MB
   icond2_data_druk.bin: 34.8 MB

4. Metadata...

5. Uploaden naar R2...
   icond2_canvas_meta.json (0.0 MB)
   icond2_data_bewolking.bin (104.3 MB)
   icond2_data_cape.bin (34.8 MB)
   icond2_data_dauwpunt.bin (34.8 MB)
   icond2_data_druk.bin (34.8 MB)
   icond2_data_neerslag.bin (34.8 MB)
   icond2_data_rv.bin (34.8 MB)
   icond2_data_temp.bin (34.8 MB)
   icond2_data_wind.bin (69.5 MB)
   icond2_data_windstoten.bin (69.5 MB)
   icond2_data_zicht.bin (34.8 MB)

Klaar! ICON-D2 run woensdag 22.04.2026 17:00 LT, 48 uur
Wed Apr 22 19:45:47 CEST 2026: ICON-D2 update klaar
Wed Apr 22 19:45:47 CEST 2026: ICON-D2-RUC starten...
Wed Apr 22 19:45:47 CEST 2026: ICON-D2-RUC update gestart
1. Laatste ICON-D2-RUC run bepalen...
   Nieuwste complete run: 2026-04-22T17:00
   Nieuwe run: 2026-04-22T17:00Z
   Run: 2026-04-22T17:00 = woensdag 22.04.2026 19:00 LT

2. Downloaden (13 parameters x 15 stappen)...
   Ongestructureerd grid (542040 punten), download CLAT/CLON...
   Doelgrid: 352x541 @ 0.02°
   KDTree gebouwd, regridding actief
   Stap 0/14 (4s)
   Stap 5/14 (14s)
   Stap 10/14 (24s)
   Download klaar in 32s

3. Exporteren...
   Grid: 352x541, 14 uur
   icond2ruc_data_neerslag.bin: 10.2 MB
   icond2ruc_data_temp.bin: 10.2 MB
   icond2ruc_data_dauwpunt.bin: 10.2 MB
   icond2ruc_data_rv.bin: 10.2 MB
   icond2ruc_data_bewolking.bin: 30.5 MB
   icond2ruc_data_wind.bin: 20.3 MB
   icond2ruc_data_windstoten.bin: 20.3 MB
   icond2ruc_data_zicht.bin: 10.2 MB
   icond2ruc_data_cape.bin: 10.2 MB
   icond2ruc_data_druk.bin: 10.2 MB

4. Metadata...

5. Uploaden naar R2...
   icond2ruc_canvas_meta.json (0.0 MB)
   icond2ruc_data_bewolking.bin (30.5 MB)
   icond2ruc_data_cape.bin (10.2 MB)
   icond2ruc_data_dauwpunt.bin (10.2 MB)
   icond2ruc_data_druk.bin (10.2 MB)
   icond2ruc_data_neerslag.bin (10.2 MB)
   icond2ruc_data_rv.bin (10.2 MB)
   icond2ruc_data_temp.bin (10.2 MB)
   icond2ruc_data_wind.bin (20.3 MB)
   icond2ruc_data_windstoten.bin (20.3 MB)
   icond2ruc_data_zicht.bin (10.2 MB)

Klaar! ICON-D2-RUC run woensdag 22.04.2026 19:00 LT, 14 uur
Wed Apr 22 19:46:33 CEST 2026: ICON-D2-RUC update klaar
Wed Apr 22 19:46:33 CEST 2026: Saharastof starten...
Wed Apr 22 19:46:33 CEST 2026: Saharastof update gestart
Grid: 41x63 = 2583 punten, stap 0.8°
Ophalen: 2583 punten in 13 batches...
    Rate limit, wacht 10s...
    Rate limit, wacht 20s...
    Rate limit, wacht 30s...
    Rate limit, wacht 40s...
    Rate limit, wacht 50s...
  FOUT batch 0: HTTP 429
    Rate limit, wacht 10s...
    Rate limit, wacht 20s...
    Rate limit, wacht 30s...
    Rate limit, wacht 40s...
    Rate limit, wacht 50s...
  FOUT batch 200: HTTP 429
    Rate limit, wacht 10s...
    Rate limit, wacht 20s...
    Rate limit, wacht 30s...
    Rate limit, wacht 40s...
    Rate limit, wacht 50s...
  FOUT batch 400: HTTP 429
    Rate limit, wacht 10s...
    Rate limit, wacht 20s...
    Rate limit, wacht 30s...
    Rate limit, wacht 40s...
    Rate limit, wacht 50s...
  FOUT batch 600: HTTP 429
    Rate limit, wacht 10s...
    Rate limit, wacht 20s...
    Rate limit, wacht 30s...
    Rate limit, wacht 40s...
    Rate limit, wacht 50s...
  FOUT batch 800: HTTP 429
    Rate limit, wacht 10s...
    Rate limit, wacht 20s...
  Batch 6/13: 200 punten (788s)
    Rate limit, wacht 10s...
    Rate limit, wacht 20s...
    Rate limit, wacht 30s...
    Rate limit, wacht 40s...
    Rate limit, wacht 50s...
  FOUT batch 1200: HTTP 429
    Rate limit, wacht 10s...
    Rate limit, wacht 20s...
    Rate limit, wacht 30s...
    Rate limit, wacht 40s...
    Rate limit, wacht 50s...
  FOUT batch 1400: HTTP 429
    Rate limit, wacht 10s...
    Rate limit, wacht 20s...
    Rate limit, wacht 30s...
    Rate limit, wacht 40s...
    Rate limit, wacht 50s...
  FOUT batch 1600: HTTP 429
    Rate limit, wacht 10s...
    Rate limit, wacht 20s...
    Rate limit, wacht 30s...
    Rate limit, wacht 40s...
    Rate limit, wacht 50s...
  FOUT batch 1800: HTTP 429
    Rate limit, wacht 10s...
    Rate limit, wacht 20s...
    Rate limit, wacht 30s...
    Rate limit, wacht 40s...
    Rate limit, wacht 50s...
  FOUT batch 2000: HTTP 429
    Rate limit, wacht 10s...
    Rate limit, wacht 20s...
    Rate limit, wacht 30s...
    Rate limit, wacht 40s...
    Rate limit, wacht 50s...
  FOUT batch 2200: HTTP 429
  Batch 13/13: 183 punten (1700s)
Ophalen klaar in 1703s, 120 tijdstappen
Exporteren...
  saharastof_data_dust.bin: 1.2 MB
  saharastof_data_pm10.bin: 1.2 MB
  saharastof_data_pm25.bin: 1.2 MB
  saharastof_data_aod.bin: 1.2 MB
Uploaden naar R2...
  saharastof_canvas_meta.json (0.0 MB)
  saharastof_data_aod.bin (1.2 MB)
  saharastof_data_dust.bin (1.2 MB)
  saharastof_data_pm10.bin (1.2 MB)
  saharastof_data_pm25.bin (1.2 MB)

Klaar! Saharastof kaarten, 120 uur, 41x63 grid
Wed Apr 22 20:14:59 CEST 2026: Saharastof update klaar
Wed Apr 22 20:14:59 CEST 2026: === Klaar ===
Wed Apr 22 21:14:59 CEST 2026: === Modelkaarten update ===
Wed Apr 22 21:14:59 CEST 2026: Harmonie starten...
Wed Apr 22 21:14:59 CEST 2026: Harmonie update gestart
<string>:59: DeprecationWarning: Python 3.14 will, by default, filter extracted tar archives and reject files or modify their metadata. Use the filter argument to control this behavior.
[harmonie_openmeteo] grid 48×73 = 3504 punten, 18 batches, 60 tijdstappen
300 hPa ophalen...
  batch 1/18: 200 punten klaar
  batch 2/18: 200 punten klaar
  batch 3/18: 200 punten klaar
  batch 4/18: 200 punten klaar
  batch 5/18: 200 punten klaar
  batch 6/18: 200 punten klaar
  batch 7/18: 200 punten klaar
  batch 8/18: 200 punten klaar
  batch 9/18: 200 punten klaar
  batch 10/18: 200 punten klaar
  batch 11/18: 200 punten klaar
  batch 12/18: 200 punten klaar
  batch 13/18: 200 punten klaar
  batch 14/18: 200 punten klaar
  batch 15/18: 200 punten klaar
  batch 16/18: 200 punten klaar
  batch 17/18: 200 punten klaar
  batch 18/18: 104 punten klaar
500 hPa ophalen...
  batch 1/18: 200 punten klaar
  batch 2/18: 200 punten klaar
  batch 3/18: 200 punten klaar
  batch 4/18: 200 punten klaar
  batch 5/18: 200 punten klaar
  batch 6/18: 200 punten klaar
  batch 7/18: 200 punten klaar
  batch 8/18: 200 punten klaar
  batch 9/18: 200 punten klaar
  batch 10/18: 200 punten klaar
  batch 11/18: 200 punten klaar
  batch 12/18: 200 punten klaar
  batch 13/18: 200 punten klaar
  batch 14/18: 200 punten klaar
  batch 15/18: 200 punten klaar
  batch 16/18: 200 punten klaar
  batch 17/18: 200 punten klaar
  batch 18/18: 104 punten klaar
850 hPa ophalen...
  batch 1/18: 200 punten klaar
  batch 2/18: 200 punten klaar
  batch 3/18: 200 punten klaar
  batch 4/18: 200 punten klaar
  batch 5/18: 200 punten klaar
  batch 6/18: 200 punten klaar
  batch 7/18: 200 punten klaar
  batch 8/18: 200 punten klaar
  batch 9/18: 200 punten klaar
  batch 10/18: 200 punten klaar
  batch 11/18: 200 punten klaar
  batch 12/18: 200 punten klaar
  batch 13/18: 200 punten klaar
  batch 14/18: 200 punten klaar
  batch 15/18: 200 punten klaar
  batch 16/18: 200 punten klaar
  batch 17/18: 200 punten klaar
  batch 18/18: 104 punten klaar
Ophalen klaar in 14.3s
Exporteren...
[harmonie_openmeteo] klaar: 3.2 MB + 3.2 MB + 3.2 MB
1. Laatste Harmonie run zoeken...
   HARM43_V1_P1_2026042216.tar
   Nieuwe run: 2026-04-22T16:00Z
2. Downloaden...
   855 MB
3. Extracten...
   61 bestanden
4. Data lezen...
5. Exporteren...
Data export klaar! Run: woensdag 22.04.2026 18:00 LT, 60 uur, grid 390x372
6b. Open-Meteo hoogtekaarten (500/850 hPa)...
7. Uploaden naar Cloudflare R2...
   harmonie_canvas_meta.json (0.0 MB)
   harmonie_overlay.png (0.3 MB)
   harmonie_data_lsm.bin (0.6 MB)
   harmonie_data_bewolking.bin (99.6 MB)
   harmonie_data_cape.bin (33.2 MB)
   harmonie_data_dauwpunt.bin (33.2 MB)
   harmonie_data_druk.bin (33.2 MB)
   harmonie_data_hoogte300.bin (3.2 MB)
   harmonie_data_hoogte500.bin (3.2 MB)
   harmonie_data_hoogte850.bin (3.2 MB)
   harmonie_data_lsm.bin (0.6 MB)
   harmonie_data_neerslag.bin (33.2 MB)
   harmonie_data_onweer.bin (33.2 MB)
   harmonie_data_profiel.bin (332.1 MB)
   harmonie_data_rv.bin (33.2 MB)
   harmonie_data_straling.bin (33.2 MB)
   harmonie_data_temp.bin (33.2 MB)
   harmonie_data_wind.bin (66.4 MB)
   harmonie_data_windstoten.bin (66.4 MB)
   harmonie_data_zicht.bin (33.2 MB)
Upload klaar!
Wed Apr 22 21:16:05 CEST 2026: Harmonie update klaar
Wed Apr 22 21:16:05 CEST 2026: ICON-D2 starten...
Wed Apr 22 21:16:05 CEST 2026: ICON-D2 update gestart
1. Laatste ICON-D2 run bepalen...
   Nieuwste complete run: 20260422 18z
   Nieuwe run: 2026-04-22T18:00Z
   Run: 2026042218z = woensdag 22.04.2026 20:00 LT

2. Downloaden (13 parameters x 49 uren)...
   Grid: 1215x746, lat 43.2-58.1, lon -3.9-20.3
   Uur 0/48 (2s)
   Uur 12/48 (30s)
   Uur 24/48 (58s)
   Uur 36/48 (84s)
   Uur 48/48 (130s)
   Download klaar in 130s

3. Exporteren...
   Crop grid: 351x541, 48 uur
   icond2_data_neerslag.bin: 34.8 MB
   icond2_data_temp.bin: 34.8 MB
   icond2_data_dauwpunt.bin: 34.8 MB
   icond2_data_rv.bin: 34.8 MB
   icond2_data_bewolking.bin: 104.3 MB
   icond2_data_wind.bin: 69.5 MB
   icond2_data_windstoten.bin: 69.5 MB
   icond2_data_zicht.bin: 34.8 MB
   icond2_data_cape.bin: 34.8 MB
   icond2_data_druk.bin: 34.8 MB

4. Metadata...

5. Uploaden naar R2...
   icond2_canvas_meta.json (0.0 MB)
   icond2_data_bewolking.bin (104.3 MB)
   icond2_data_cape.bin (34.8 MB)
   icond2_data_dauwpunt.bin (34.8 MB)
   icond2_data_druk.bin (34.8 MB)
   icond2_data_neerslag.bin (34.8 MB)
   icond2_data_rv.bin (34.8 MB)
   icond2_data_temp.bin (34.8 MB)
   icond2_data_wind.bin (69.5 MB)
   icond2_data_windstoten.bin (69.5 MB)
   icond2_data_zicht.bin (34.8 MB)

Klaar! ICON-D2 run woensdag 22.04.2026 20:00 LT, 48 uur
Wed Apr 22 21:18:42 CEST 2026: ICON-D2 update klaar
Wed Apr 22 21:18:42 CEST 2026: ICON-D2-RUC starten...
Wed Apr 22 21:18:42 CEST 2026: ICON-D2-RUC update gestart
1. Laatste ICON-D2-RUC run bepalen...
   Nieuwste complete run: 2026-04-22T18:00
   Nieuwe run: 2026-04-22T18:00Z
   Run: 2026-04-22T18:00 = woensdag 22.04.2026 20:00 LT

2. Downloaden (13 parameters x 15 stappen)...
   Ongestructureerd grid (542040 punten), download CLAT/CLON...
   Doelgrid: 352x541 @ 0.02°
   KDTree gebouwd, regridding actief
   Stap 0/14 (4s)
   Stap 5/14 (14s)
   Stap 10/14 (24s)
   Download klaar in 33s

3. Exporteren...
   Grid: 352x541, 14 uur
   icond2ruc_data_neerslag.bin: 10.2 MB
   icond2ruc_data_temp.bin: 10.2 MB
   icond2ruc_data_dauwpunt.bin: 10.2 MB
   icond2ruc_data_rv.bin: 10.2 MB
   icond2ruc_data_bewolking.bin: 30.5 MB
   icond2ruc_data_wind.bin: 20.3 MB
   icond2ruc_data_windstoten.bin: 20.3 MB
   icond2ruc_data_zicht.bin: 10.2 MB
   icond2ruc_data_cape.bin: 10.2 MB
   icond2ruc_data_druk.bin: 10.2 MB

4. Metadata...

5. Uploaden naar R2...
   icond2ruc_canvas_meta.json (0.0 MB)
   icond2ruc_data_bewolking.bin (30.5 MB)
   icond2ruc_data_cape.bin (10.2 MB)
   icond2ruc_data_dauwpunt.bin (10.2 MB)
   icond2ruc_data_druk.bin (10.2 MB)
   icond2ruc_data_neerslag.bin (10.2 MB)
   icond2ruc_data_rv.bin (10.2 MB)
   icond2ruc_data_temp.bin (10.2 MB)
   icond2ruc_data_wind.bin (20.3 MB)
   icond2ruc_data_windstoten.bin (20.3 MB)
   icond2ruc_data_zicht.bin (10.2 MB)

Klaar! ICON-D2-RUC run woensdag 22.04.2026 20:00 LT, 14 uur
Wed Apr 22 21:19:33 CEST 2026: ICON-D2-RUC update klaar
Wed Apr 22 21:19:33 CEST 2026: Saharastof starten...
Wed Apr 22 21:19:33 CEST 2026: Saharastof update gestart
Grid: 41x63 = 2583 punten, stap 0.8°
Ophalen: 2583 punten in 13 batches...
    Rate limit, wacht 10s...
    Rate limit, wacht 20s...
    Rate limit, wacht 30s...
    Rate limit, wacht 40s...
    Rate limit, wacht 50s...
  FOUT batch 0: HTTP 429
    Rate limit, wacht 10s...
    Rate limit, wacht 20s...
    Rate limit, wacht 30s...
    Rate limit, wacht 40s...
    Rate limit, wacht 50s...
  FOUT batch 200: HTTP 429
    Rate limit, wacht 10s...
    Rate limit, wacht 20s...
    Rate limit, wacht 30s...
    Rate limit, wacht 40s...
    Rate limit, wacht 50s...
  FOUT batch 400: HTTP 429
    Rate limit, wacht 10s...
    Rate limit, wacht 20s...
    Rate limit, wacht 30s...
    Rate limit, wacht 40s...
    Rate limit, wacht 50s...
  FOUT batch 600: HTTP 429
    Rate limit, wacht 10s...
    Rate limit, wacht 20s...
    Rate limit, wacht 30s...
    Rate limit, wacht 40s...
    Rate limit, wacht 50s...
  FOUT batch 800: HTTP 429
    Rate limit, wacht 10s...
    Rate limit, wacht 20s...
    Rate limit, wacht 30s...
    Rate limit, wacht 40s...
    Rate limit, wacht 50s...
  FOUT batch 1000: HTTP 429
    Rate limit, wacht 10s...
    Rate limit, wacht 20s...
    Rate limit, wacht 30s...
    Rate limit, wacht 40s...
    Rate limit, wacht 50s...
  FOUT batch 1200: HTTP 429
    Rate limit, wacht 10s...
    Rate limit, wacht 20s...
    Rate limit, wacht 30s...
    Rate limit, wacht 40s...
    Rate limit, wacht 50s...
  FOUT batch 1400: HTTP 429
    Rate limit, wacht 10s...
    Rate limit, wacht 20s...
    Rate limit, wacht 30s...
    Rate limit, wacht 40s...
    Rate limit, wacht 50s...
  FOUT batch 1600: HTTP 429
    Rate limit, wacht 10s...
    Rate limit, wacht 20s...
    Rate limit, wacht 30s...
    Rate limit, wacht 40s...
    Rate limit, wacht 50s...
  FOUT batch 1800: HTTP 429
    Rate limit, wacht 10s...
    Rate limit, wacht 20s...
    Rate limit, wacht 30s...
    Rate limit, wacht 40s...
    Rate limit, wacht 50s...
  FOUT batch 2000: HTTP 429
    Rate limit, wacht 10s...
    Rate limit, wacht 20s...
    Rate limit, wacht 30s...
    Rate limit, wacht 40s...
    Rate limit, wacht 50s...
  FOUT batch 2200: HTTP 429
    Rate limit, wacht 10s...
    Rate limit, wacht 20s...
  Batch 13/13: 183 punten (1847s)
Ophalen klaar in 1850s, 120 tijdstappen
Exporteren...
  saharastof_data_dust.bin: 1.2 MB
  saharastof_data_pm10.bin: 1.2 MB
  saharastof_data_pm25.bin: 1.2 MB
  saharastof_data_aod.bin: 1.2 MB
Uploaden naar R2...
  saharastof_canvas_meta.json (0.0 MB)
  saharastof_data_aod.bin (1.2 MB)
  saharastof_data_dust.bin (1.2 MB)
  saharastof_data_pm10.bin (1.2 MB)
  saharastof_data_pm25.bin (1.2 MB)

Klaar! Saharastof kaarten, 120 uur, 41x63 grid
Wed Apr 22 21:50:25 CEST 2026: Saharastof update klaar
Wed Apr 22 21:50:25 CEST 2026: === Klaar ===
Wed Apr 22 22:50:25 CEST 2026: === Modelkaarten update ===
Wed Apr 22 22:50:25 CEST 2026: Harmonie starten...
Wed Apr 22 22:50:25 CEST 2026: Harmonie update gestart
<string>:59: DeprecationWarning: Python 3.14 will, by default, filter extracted tar archives and reject files or modify their metadata. Use the filter argument to control this behavior.
[harmonie_openmeteo] grid 48×73 = 3504 punten, 18 batches, 60 tijdstappen
300 hPa ophalen...
  batch 1/18: 200 punten klaar
  batch 2/18: 200 punten klaar
  batch 3/18: 200 punten klaar
  batch 4/18: 200 punten klaar
  batch 5/18: 200 punten klaar
  batch 6/18: 200 punten klaar
  batch 7/18: 200 punten klaar
  batch 8/18: 200 punten klaar
  batch 9/18: 200 punten klaar
  batch 10/18: 200 punten klaar
  batch 11/18: 200 punten klaar
  batch 12/18: 200 punten klaar
  batch 13/18: 200 punten klaar
  batch 14/18: 200 punten klaar
  batch 15/18: 200 punten klaar
  batch 16/18: 200 punten klaar
  batch 17/18: 200 punten klaar
  batch 18/18: 104 punten klaar
500 hPa ophalen...
  batch 1/18: 200 punten klaar
  batch 2/18: 200 punten klaar
  batch 3/18: 200 punten klaar
  batch 4/18: 200 punten klaar
  batch 5/18: 200 punten klaar
  batch 6/18: 200 punten klaar
  batch 7/18: 200 punten klaar
  batch 8/18: 200 punten klaar
  batch 9/18: 200 punten klaar
  batch 10/18: 200 punten klaar
  batch 11/18: 200 punten klaar
  batch 12/18: 200 punten klaar
  batch 13/18: 200 punten klaar
  batch 14/18: 200 punten klaar
  batch 15/18: 200 punten klaar
  batch 16/18: 200 punten klaar
  batch 17/18: 200 punten klaar
  batch 18/18: 104 punten klaar
850 hPa ophalen...
  batch 1/18: 200 punten klaar
  batch 2/18: 200 punten klaar
  batch 3/18: 200 punten klaar
  batch 4/18: 200 punten klaar
  batch 5/18: 200 punten klaar
  batch 6/18: 200 punten klaar
  batch 7/18: 200 punten klaar
  batch 8/18: 200 punten klaar
  batch 9/18: 200 punten klaar
  batch 10/18: 200 punten klaar
  batch 11/18: 200 punten klaar
  batch 12/18: 200 punten klaar
  batch 13/18: 200 punten klaar
  batch 14/18: 200 punten klaar
  batch 15/18: 200 punten klaar
  batch 16/18: 200 punten klaar
  batch 17/18: 200 punten klaar
  batch 18/18: 104 punten klaar
Ophalen klaar in 14.6s
Exporteren...
[harmonie_openmeteo] klaar: 3.2 MB + 3.2 MB + 3.2 MB
1. Laatste Harmonie run zoeken...
   HARM43_V1_P1_2026042218.tar
   Nieuwe run: 2026-04-22T18:00Z
2. Downloaden...
   864 MB
3. Extracten...
   61 bestanden
4. Data lezen...
5. Exporteren...
Data export klaar! Run: woensdag 22.04.2026 20:00 LT, 60 uur, grid 390x372
6b. Open-Meteo hoogtekaarten (500/850 hPa)...
7. Uploaden naar Cloudflare R2...
   harmonie_canvas_meta.json (0.0 MB)
   harmonie_overlay.png (0.3 MB)
   harmonie_data_lsm.bin (0.6 MB)
   harmonie_data_bewolking.bin (99.6 MB)
   harmonie_data_cape.bin (33.2 MB)
   harmonie_data_dauwpunt.bin (33.2 MB)
   harmonie_data_druk.bin (33.2 MB)
   harmonie_data_hoogte300.bin (3.2 MB)
   harmonie_data_hoogte500.bin (3.2 MB)
   harmonie_data_hoogte850.bin (3.2 MB)
   harmonie_data_lsm.bin (0.6 MB)
   harmonie_data_neerslag.bin (33.2 MB)
   harmonie_data_onweer.bin (33.2 MB)
   harmonie_data_profiel.bin (332.1 MB)
   harmonie_data_rv.bin (33.2 MB)
   harmonie_data_straling.bin (33.2 MB)
   harmonie_data_temp.bin (33.2 MB)
   harmonie_data_wind.bin (66.4 MB)
   harmonie_data_windstoten.bin (66.4 MB)
   harmonie_data_zicht.bin (33.2 MB)
Upload klaar!
Wed Apr 22 22:51:21 CEST 2026: Harmonie update klaar
Wed Apr 22 22:51:21 CEST 2026: ICON-D2 starten...
Wed Apr 22 22:51:21 CEST 2026: ICON-D2 update gestart
1. Laatste ICON-D2 run bepalen...
   Nieuwste complete run: 20260422 18z
   Nieuwe run: 2026-04-22T18:00Z
   Run: 2026042218z = woensdag 22.04.2026 20:00 LT

2. Downloaden (13 parameters x 49 uren)...
   Grid: 1215x746, lat 43.2-58.1, lon -3.9-20.3
   Uur 0/48 (2s)
   Uur 12/48 (29s)
   Uur 24/48 (57s)
   Uur 36/48 (84s)
   Uur 48/48 (111s)
   Download klaar in 111s

3. Exporteren...
   Crop grid: 351x541, 48 uur
   icond2_data_neerslag.bin: 34.8 MB
   icond2_data_temp.bin: 34.8 MB
   icond2_data_dauwpunt.bin: 34.8 MB
   icond2_data_rv.bin: 34.8 MB
   icond2_data_bewolking.bin: 104.3 MB
   icond2_data_wind.bin: 69.5 MB
   icond2_data_windstoten.bin: 69.5 MB
   icond2_data_zicht.bin: 34.8 MB
   icond2_data_cape.bin: 34.8 MB
   icond2_data_druk.bin: 34.8 MB

4. Metadata...

5. Uploaden naar R2...
   icond2_canvas_meta.json (0.0 MB)
   icond2_data_bewolking.bin (104.3 MB)
   icond2_data_cape.bin (34.8 MB)
   icond2_data_dauwpunt.bin (34.8 MB)
   icond2_data_druk.bin (34.8 MB)
   icond2_data_neerslag.bin (34.8 MB)
   icond2_data_rv.bin (34.8 MB)
   icond2_data_temp.bin (34.8 MB)
   icond2_data_wind.bin (69.5 MB)
   icond2_data_windstoten.bin (69.5 MB)
   icond2_data_zicht.bin (34.8 MB)

Klaar! ICON-D2 run woensdag 22.04.2026 20:00 LT, 48 uur
Wed Apr 22 22:53:33 CEST 2026: ICON-D2 update klaar
Wed Apr 22 22:53:33 CEST 2026: ICON-D2-RUC starten...
Wed Apr 22 22:53:33 CEST 2026: ICON-D2-RUC update gestart
1. Laatste ICON-D2-RUC run bepalen...
   Nieuwste complete run: 2026-04-22T20:00
   Nieuwe run: 2026-04-22T20:00Z
   Run: 2026-04-22T20:00 = woensdag 22.04.2026 22:00 LT

2. Downloaden (13 parameters x 15 stappen)...
   Ongestructureerd grid (542040 punten), download CLAT/CLON...
   Doelgrid: 352x541 @ 0.02°
   KDTree gebouwd, regridding actief
   Stap 0/14 (3s)
   Stap 5/14 (13s)
   Stap 10/14 (23s)
   Download klaar in 31s

3. Exporteren...
   Grid: 352x541, 14 uur
   icond2ruc_data_neerslag.bin: 10.2 MB
   icond2ruc_data_temp.bin: 10.2 MB
   icond2ruc_data_dauwpunt.bin: 10.2 MB
   icond2ruc_data_rv.bin: 10.2 MB
   icond2ruc_data_bewolking.bin: 30.5 MB
   icond2ruc_data_wind.bin: 20.3 MB
   icond2ruc_data_windstoten.bin: 20.3 MB
   icond2ruc_data_zicht.bin: 10.2 MB
   icond2ruc_data_cape.bin: 10.2 MB
   icond2ruc_data_druk.bin: 10.2 MB

4. Metadata...

5. Uploaden naar R2...
   icond2ruc_canvas_meta.json (0.0 MB)
   icond2ruc_data_bewolking.bin (30.5 MB)
   icond2ruc_data_cape.bin (10.2 MB)
   icond2ruc_data_dauwpunt.bin (10.2 MB)
   icond2ruc_data_druk.bin (10.2 MB)
   icond2ruc_data_neerslag.bin (10.2 MB)
   icond2ruc_data_rv.bin (10.2 MB)
   icond2ruc_data_temp.bin (10.2 MB)
   icond2ruc_data_wind.bin (20.3 MB)
   icond2ruc_data_windstoten.bin (20.3 MB)
   icond2ruc_data_zicht.bin (10.2 MB)

Klaar! ICON-D2-RUC run woensdag 22.04.2026 22:00 LT, 14 uur
Wed Apr 22 22:54:21 CEST 2026: ICON-D2-RUC update klaar
Wed Apr 22 22:54:21 CEST 2026: Saharastof starten...
Wed Apr 22 22:54:21 CEST 2026: Saharastof update gestart
Grid: 41x63 = 2583 punten, stap 0.8°
Ophalen: 2583 punten in 13 batches...
    Rate limit, wacht 10s...
    Rate limit, wacht 20s...
    Rate limit, wacht 30s...
    Rate limit, wacht 40s...
    Rate limit, wacht 50s...
  FOUT batch 0: HTTP 429
    Rate limit, wacht 10s...
    Rate limit, wacht 20s...
    Rate limit, wacht 30s...
    Rate limit, wacht 40s...
    Rate limit, wacht 50s...
  FOUT batch 200: HTTP 429
    Rate limit, wacht 10s...
    Rate limit, wacht 20s...
    Rate limit, wacht 30s...
    Rate limit, wacht 40s...
    Rate limit, wacht 50s...
  FOUT batch 400: HTTP 429
    Rate limit, wacht 10s...
    Rate limit, wacht 20s...
    Rate limit, wacht 30s...
    Rate limit, wacht 40s...
    Rate limit, wacht 50s...
  FOUT batch 600: HTTP 429
    Rate limit, wacht 10s...
    Rate limit, wacht 20s...
    Rate limit, wacht 30s...
    Rate limit, wacht 40s...
    Rate limit, wacht 50s...
  FOUT batch 800: HTTP 429
    Rate limit, wacht 10s...
    Rate limit, wacht 20s...
    Rate limit, wacht 30s...
    Rate limit, wacht 40s...
    Rate limit, wacht 50s...
  FOUT batch 1000: HTTP 429
    Rate limit, wacht 10s...
    Rate limit, wacht 20s...
    Rate limit, wacht 30s...
    Rate limit, wacht 40s...
    Rate limit, wacht 50s...
  FOUT batch 1200: HTTP 429
    Rate limit, wacht 10s...
    Rate limit, wacht 20s...
    Rate limit, wacht 30s...
    Rate limit, wacht 40s...
    Rate limit, wacht 50s...
  FOUT batch 1400: HTTP 429
    Rate limit, wacht 10s...
    Rate limit, wacht 20s...
    Rate limit, wacht 30s...
    Rate limit, wacht 40s...
    Rate limit, wacht 50s...
  FOUT batch 1600: HTTP 429
    Rate limit, wacht 10s...
    Rate limit, wacht 20s...
    Rate limit, wacht 30s...
    Rate limit, wacht 40s...
    Rate limit, wacht 50s...
  FOUT batch 1800: HTTP 429
    Rate limit, wacht 10s...
    Rate limit, wacht 20s...
    Rate limit, wacht 30s...
    Rate limit, wacht 40s...
    Rate limit, wacht 50s...
  FOUT batch 2000: HTTP 429
    Rate limit, wacht 10s...
    Rate limit, wacht 20s...
    Rate limit, wacht 30s...
    Rate limit, wacht 40s...
    Rate limit, wacht 50s...
  FOUT batch 2200: HTTP 429
    Rate limit, wacht 10s...
    Rate limit, wacht 20s...
    Rate limit, wacht 30s...
    Rate limit, wacht 40s...
    Rate limit, wacht 50s...
  FOUT batch 2400: HTTP 429
Ophalen klaar in 1968s, None tijdstappen
Traceback (most recent call last):
  File "<stdin>", line 110, in <module>
  File "<stdin>", line 103, in reshape_var
KeyError: 'dust'
Wed Apr 22 23:27:09 CEST 2026: Saharastof update klaar
Wed Apr 22 23:27:09 CEST 2026: === Klaar ===
Thu Apr 23 00:27:09 CEST 2026: === Modelkaarten update ===
Thu Apr 23 00:27:09 CEST 2026: Harmonie starten...
Thu Apr 23 00:27:09 CEST 2026: Harmonie update gestart
<string>:59: DeprecationWarning: Python 3.14 will, by default, filter extracted tar archives and reject files or modify their metadata. Use the filter argument to control this behavior.
[harmonie_openmeteo] grid 48×73 = 3504 punten, 18 batches, 60 tijdstappen
300 hPa ophalen...
  batch 1/18: 200 punten klaar
  batch 2/18: 200 punten klaar
  batch 3/18: 200 punten klaar
  batch 4/18: 200 punten klaar
  batch 5/18: 200 punten klaar
  batch 6/18: 200 punten klaar
  batch 7/18: 200 punten klaar
  batch 8/18: 200 punten klaar
  batch 9/18: 200 punten klaar
  batch 10/18: 200 punten klaar
  batch 11/18: 200 punten klaar
  batch 12/18: 200 punten klaar
  batch 13/18: 200 punten klaar
  batch 14/18: 200 punten klaar
  batch 15/18: 200 punten klaar
  batch 16/18: 200 punten klaar
  batch 17/18: 200 punten klaar
  batch 18/18: 104 punten klaar
500 hPa ophalen...
  batch 1/18: 200 punten klaar
  batch 2/18: 200 punten klaar
  batch 3/18: 200 punten klaar
  batch 4/18: 200 punten klaar
  batch 5/18: 200 punten klaar
  batch 6/18: 200 punten klaar
  batch 7/18: 200 punten klaar
  batch 8/18: 200 punten klaar
  batch 9/18: 200 punten klaar
  batch 10/18: 200 punten klaar
  batch 11/18: 200 punten klaar
  batch 12/18: 200 punten klaar
  batch 13/18: 200 punten klaar
  batch 14/18: 200 punten klaar
  batch 15/18: 200 punten klaar
  batch 16/18: 200 punten klaar
  batch 17/18: 200 punten klaar
  batch 18/18: 104 punten klaar
850 hPa ophalen...
  batch 1/18: 200 punten klaar
  batch 2/18: 200 punten klaar
  batch 3/18: 200 punten klaar
  batch 4/18: 200 punten klaar
  batch 5/18: 200 punten klaar
  batch 6/18: 200 punten klaar
  batch 7/18: 200 punten klaar
  batch 8/18: 200 punten klaar
  batch 9/18: 200 punten klaar
  batch 10/18: 200 punten klaar
  batch 11/18: 200 punten klaar
  batch 12/18: 200 punten klaar
  batch 13/18: 200 punten klaar
  batch 14/18: 200 punten klaar
  batch 15/18: 200 punten klaar
  batch 16/18: 200 punten klaar
  batch 17/18: 200 punten klaar
  batch 18/18: 104 punten klaar
Ophalen klaar in 14.0s
Exporteren...
[harmonie_openmeteo] klaar: 3.2 MB + 3.2 MB + 3.2 MB
1. Laatste Harmonie run zoeken...
   HARM43_V1_P1_2026042219.tar
   Nieuwe run: 2026-04-22T19:00Z
2. Downloaden...
   860 MB
3. Extracten...
   61 bestanden
4. Data lezen...
5. Exporteren...
Data export klaar! Run: woensdag 22.04.2026 21:00 LT, 60 uur, grid 390x372
6b. Open-Meteo hoogtekaarten (500/850 hPa)...
7. Uploaden naar Cloudflare R2...
   harmonie_canvas_meta.json (0.0 MB)
   harmonie_overlay.png (0.3 MB)
   harmonie_data_lsm.bin (0.6 MB)
   harmonie_data_bewolking.bin (99.6 MB)
   harmonie_data_cape.bin (33.2 MB)
   harmonie_data_dauwpunt.bin (33.2 MB)
   harmonie_data_druk.bin (33.2 MB)
   harmonie_data_hoogte300.bin (3.2 MB)
   harmonie_data_hoogte500.bin (3.2 MB)
   harmonie_data_hoogte850.bin (3.2 MB)
   harmonie_data_lsm.bin (0.6 MB)
   harmonie_data_neerslag.bin (33.2 MB)
   harmonie_data_onweer.bin (33.2 MB)
   harmonie_data_profiel.bin (332.1 MB)
   harmonie_data_rv.bin (33.2 MB)
   harmonie_data_straling.bin (33.2 MB)
   harmonie_data_temp.bin (33.2 MB)
   harmonie_data_wind.bin (66.4 MB)
   harmonie_data_windstoten.bin (66.4 MB)
   harmonie_data_zicht.bin (33.2 MB)
Upload klaar!
Thu Apr 23 00:27:59 CEST 2026: Harmonie update klaar
Thu Apr 23 00:27:59 CEST 2026: ICON-D2 starten...
Thu Apr 23 00:27:59 CEST 2026: ICON-D2 update gestart
1. Laatste ICON-D2 run bepalen...
   Nieuwste complete run: 20260422 21z
   Nieuwe run: 2026-04-22T21:00Z
   Run: 2026042221z = woensdag 22.04.2026 23:00 LT

2. Downloaden (13 parameters x 49 uren)...
   Grid: 1215x746, lat 43.2-58.1, lon -3.9-20.3
   Uur 0/48 (2s)
   Uur 12/48 (29s)
   Uur 24/48 (57s)
   Uur 36/48 (84s)
   Uur 48/48 (111s)
   Download klaar in 111s

3. Exporteren...
   Crop grid: 351x541, 48 uur
   icond2_data_neerslag.bin: 34.8 MB
   icond2_data_temp.bin: 34.8 MB
   icond2_data_dauwpunt.bin: 34.8 MB
   icond2_data_rv.bin: 34.8 MB
   icond2_data_bewolking.bin: 104.3 MB
   icond2_data_wind.bin: 69.5 MB
   icond2_data_windstoten.bin: 69.5 MB
   icond2_data_zicht.bin: 34.8 MB
   icond2_data_cape.bin: 34.8 MB
   icond2_data_druk.bin: 34.8 MB

4. Metadata...

5. Uploaden naar R2...
   icond2_canvas_meta.json (0.0 MB)
   icond2_data_bewolking.bin (104.3 MB)
   icond2_data_cape.bin (34.8 MB)
   icond2_data_dauwpunt.bin (34.8 MB)
   icond2_data_druk.bin (34.8 MB)
   icond2_data_neerslag.bin (34.8 MB)
   icond2_data_rv.bin (34.8 MB)
   icond2_data_temp.bin (34.8 MB)
   icond2_data_wind.bin (69.5 MB)
   icond2_data_windstoten.bin (69.5 MB)
   icond2_data_zicht.bin (34.8 MB)

Klaar! ICON-D2 run woensdag 22.04.2026 23:00 LT, 48 uur
Thu Apr 23 00:30:10 CEST 2026: ICON-D2 update klaar
Thu Apr 23 00:30:10 CEST 2026: ICON-D2-RUC starten...
Thu Apr 23 00:30:10 CEST 2026: ICON-D2-RUC update gestart
1. Laatste ICON-D2-RUC run bepalen...
   Nieuwste complete run: 2026-04-22T21:00
   Nieuwe run: 2026-04-22T21:00Z
   Run: 2026-04-22T21:00 = woensdag 22.04.2026 23:00 LT

2. Downloaden (13 parameters x 15 stappen)...
   Ongestructureerd grid (542040 punten), download CLAT/CLON...
   Doelgrid: 352x541 @ 0.02°
   KDTree gebouwd, regridding actief
   Stap 0/14 (4s)
   Stap 5/14 (14s)
   Stap 10/14 (24s)
   Download klaar in 32s

3. Exporteren...
   Grid: 352x541, 14 uur
   icond2ruc_data_neerslag.bin: 10.2 MB
   icond2ruc_data_temp.bin: 10.2 MB
   icond2ruc_data_dauwpunt.bin: 10.2 MB
   icond2ruc_data_rv.bin: 10.2 MB
   icond2ruc_data_bewolking.bin: 30.5 MB
   icond2ruc_data_wind.bin: 20.3 MB
   icond2ruc_data_windstoten.bin: 20.3 MB
   icond2ruc_data_zicht.bin: 10.2 MB
   icond2ruc_data_cape.bin: 10.2 MB
   icond2ruc_data_druk.bin: 10.2 MB

4. Metadata...

5. Uploaden naar R2...
   icond2ruc_canvas_meta.json (0.0 MB)
   icond2ruc_data_bewolking.bin (30.5 MB)
   icond2ruc_data_cape.bin (10.2 MB)
   icond2ruc_data_dauwpunt.bin (10.2 MB)
   icond2ruc_data_druk.bin (10.2 MB)
   icond2ruc_data_neerslag.bin (10.2 MB)
   icond2ruc_data_rv.bin (10.2 MB)
   icond2ruc_data_temp.bin (10.2 MB)
   icond2ruc_data_wind.bin (20.3 MB)
   icond2ruc_data_windstoten.bin (20.3 MB)
   icond2ruc_data_zicht.bin (10.2 MB)

Klaar! ICON-D2-RUC run woensdag 22.04.2026 23:00 LT, 14 uur
Thu Apr 23 00:30:57 CEST 2026: ICON-D2-RUC update klaar
Thu Apr 23 00:30:57 CEST 2026: Saharastof starten...
Thu Apr 23 00:30:57 CEST 2026: Saharastof update gestart
Grid: 41x63 = 2583 punten, stap 0.8°
Ophalen: 2583 punten in 13 batches...
    Rate limit, wacht 10s...
    Rate limit, wacht 20s...
    Rate limit, wacht 30s...
    Rate limit, wacht 40s...
    Rate limit, wacht 50s...
  FOUT batch 0: HTTP 429
    Rate limit, wacht 10s...
    Rate limit, wacht 20s...
    Rate limit, wacht 30s...
    Rate limit, wacht 40s...
    Rate limit, wacht 50s...
  FOUT batch 200: HTTP 429
    Rate limit, wacht 10s...
    Rate limit, wacht 20s...
    Rate limit, wacht 30s...
    Rate limit, wacht 40s...
    Rate limit, wacht 50s...
  FOUT batch 400: HTTP 429
    Rate limit, wacht 10s...
    Rate limit, wacht 20s...
    Rate limit, wacht 30s...
    Rate limit, wacht 40s...
    Rate limit, wacht 50s...
  FOUT batch 600: HTTP 429
    Rate limit, wacht 10s...
    Rate limit, wacht 20s...
    Rate limit, wacht 30s...
    Rate limit, wacht 40s...
    Rate limit, wacht 50s...
  FOUT batch 800: HTTP 429
    Rate limit, wacht 10s...
    Rate limit, wacht 20s...
    Rate limit, wacht 30s...
    Rate limit, wacht 40s...
    Rate limit, wacht 50s...
  FOUT batch 1000: HTTP 429
    Rate limit, wacht 10s...
    Rate limit, wacht 20s...
    Rate limit, wacht 30s...
    Rate limit, wacht 40s...
    Rate limit, wacht 50s...
  FOUT batch 1200: HTTP 429
    Rate limit, wacht 10s...
    Rate limit, wacht 20s...
    Rate limit, wacht 30s...
    Rate limit, wacht 40s...
    Rate limit, wacht 50s...
  FOUT batch 1400: HTTP 429
    Rate limit, wacht 10s...
    Rate limit, wacht 20s...
    Rate limit, wacht 30s...
    Rate limit, wacht 40s...
    Rate limit, wacht 50s...
  FOUT batch 1600: HTTP 429
    Rate limit, wacht 10s...
    Rate limit, wacht 20s...
    Rate limit, wacht 30s...
    Rate limit, wacht 40s...
    Rate limit, wacht 50s...
  FOUT batch 1800: HTTP 429
    Rate limit, wacht 10s...
    Rate limit, wacht 20s...
    Rate limit, wacht 30s...
    Rate limit, wacht 40s...
    Rate limit, wacht 50s...
  FOUT batch 2000: HTTP 429
    Rate limit, wacht 10s...
    Rate limit, wacht 20s...
    Rate limit, wacht 30s...
    Rate limit, wacht 40s...
    Rate limit, wacht 50s...
  FOUT batch 2200: HTTP 429
    Rate limit, wacht 10s...
    Rate limit, wacht 20s...
    Rate limit, wacht 30s...
    Rate limit, wacht 40s...
    Rate limit, wacht 50s...
  FOUT batch 2400: HTTP 429
Ophalen klaar in 1968s, None tijdstappen
Traceback (most recent call last):
  File "<stdin>", line 110, in <module>
  File "<stdin>", line 103, in reshape_var
KeyError: 'dust'
Thu Apr 23 01:03:45 CEST 2026: Saharastof update klaar
Thu Apr 23 01:03:45 CEST 2026: === Klaar ===
Thu Apr 23 02:03:45 CEST 2026: === Modelkaarten update ===
Thu Apr 23 02:03:45 CEST 2026: Harmonie starten...
Thu Apr 23 02:03:45 CEST 2026: Harmonie update gestart
<string>:59: DeprecationWarning: Python 3.14 will, by default, filter extracted tar archives and reject files or modify their metadata. Use the filter argument to control this behavior.
[harmonie_openmeteo] grid 48×73 = 3504 punten, 18 batches, 60 tijdstappen
300 hPa ophalen...
  batch 1/18: 200 punten klaar
  batch 2/18: 200 punten klaar
  batch 3/18: 200 punten klaar
  batch 4/18: 200 punten klaar
  batch 5/18: 200 punten klaar
  batch 6/18: 200 punten klaar
  batch 7/18: 200 punten klaar
  batch 8/18: 200 punten klaar
  batch 9/18: 200 punten klaar
  batch 10/18: 200 punten klaar
  batch 11/18: 200 punten klaar
  batch 12/18: 200 punten klaar
  batch 13/18: 200 punten klaar
  batch 14/18: 200 punten klaar
  batch 15/18: 200 punten klaar
  batch 16/18: 200 punten klaar
  batch 17/18: 200 punten klaar
  batch 18/18: 104 punten klaar
500 hPa ophalen...
  batch 1/18: 200 punten klaar
  batch 2/18: 200 punten klaar
  batch 3/18: 200 punten klaar
  batch 4/18: 200 punten klaar
  batch 5/18: 200 punten klaar
  batch 6/18: 200 punten klaar
  batch 7/18: 200 punten klaar
  batch 8/18: 200 punten klaar
  batch 9/18: 200 punten klaar
  batch 10/18: 200 punten klaar
  batch 11/18: 200 punten klaar
  batch 12/18: 200 punten klaar
  batch 13/18: 200 punten klaar
  batch 14/18: 200 punten klaar
  batch 15/18: 200 punten klaar
  batch 16/18: 200 punten klaar
  batch 17/18: 200 punten klaar
  batch 18/18: 104 punten klaar
850 hPa ophalen...
  batch 1/18: 200 punten klaar
  batch 2/18: 200 punten klaar
  batch 3/18: 200 punten klaar
  batch 4/18: 200 punten klaar
  batch 5/18: 200 punten klaar
  batch 6/18: 200 punten klaar
  batch 7/18: 200 punten klaar
  batch 8/18: 200 punten klaar
  batch 9/18: 200 punten klaar
  batch 10/18: 200 punten klaar
  batch 11/18: 200 punten klaar
  batch 12/18: 200 punten klaar
  batch 13/18: 200 punten klaar
  batch 14/18: 200 punten klaar
  batch 15/18: 200 punten klaar
  batch 16/18: 200 punten klaar
  batch 17/18: 200 punten klaar
  batch 18/18: 104 punten klaar
Ophalen klaar in 16.3s
Exporteren...
[harmonie_openmeteo] klaar: 3.2 MB + 3.2 MB + 3.2 MB
1. Laatste Harmonie run zoeken...
   HARM43_V1_P1_2026042221.tar
   Nieuwe run: 2026-04-22T21:00Z
2. Downloaden...
   863 MB
3. Extracten...
   61 bestanden
4. Data lezen...
5. Exporteren...
Data export klaar! Run: woensdag 22.04.2026 23:00 LT, 60 uur, grid 390x372
6b. Open-Meteo hoogtekaarten (500/850 hPa)...
7. Uploaden naar Cloudflare R2...
   harmonie_canvas_meta.json (0.0 MB)
   harmonie_overlay.png (0.3 MB)
   harmonie_data_lsm.bin (0.6 MB)
   harmonie_data_bewolking.bin (99.6 MB)
   harmonie_data_cape.bin (33.2 MB)
   harmonie_data_dauwpunt.bin (33.2 MB)
   harmonie_data_druk.bin (33.2 MB)
   harmonie_data_hoogte300.bin (3.2 MB)
   harmonie_data_hoogte500.bin (3.2 MB)
   harmonie_data_hoogte850.bin (3.2 MB)
   harmonie_data_lsm.bin (0.6 MB)
   harmonie_data_neerslag.bin (33.2 MB)
   harmonie_data_onweer.bin (33.2 MB)
   harmonie_data_profiel.bin (332.1 MB)
   harmonie_data_rv.bin (33.2 MB)
   harmonie_data_straling.bin (33.2 MB)
   harmonie_data_temp.bin (33.2 MB)
   harmonie_data_wind.bin (66.4 MB)
   harmonie_data_windstoten.bin (66.4 MB)
   harmonie_data_zicht.bin (33.2 MB)
Upload klaar!
Thu Apr 23 02:04:44 CEST 2026: Harmonie update klaar
Thu Apr 23 02:04:44 CEST 2026: ICON-D2 starten...
Thu Apr 23 02:04:44 CEST 2026: ICON-D2 update gestart
1. Laatste ICON-D2 run bepalen...
   Nieuwste complete run: 20260422 21z
   Nieuwe run: 2026-04-22T21:00Z
   Run: 2026042221z = woensdag 22.04.2026 23:00 LT

2. Downloaden (13 parameters x 49 uren)...
   Grid: 1215x746, lat 43.2-58.1, lon -3.9-20.3
   Uur 0/48 (2s)
   Uur 12/48 (30s)
   Uur 24/48 (58s)
   Uur 36/48 (85s)
   Uur 48/48 (112s)
   Download klaar in 112s

3. Exporteren...
   Crop grid: 351x541, 48 uur
   icond2_data_neerslag.bin: 34.8 MB
   icond2_data_temp.bin: 34.8 MB
   icond2_data_dauwpunt.bin: 34.8 MB
   icond2_data_rv.bin: 34.8 MB
   icond2_data_bewolking.bin: 104.3 MB
   icond2_data_wind.bin: 69.5 MB
   icond2_data_windstoten.bin: 69.5 MB
   icond2_data_zicht.bin: 34.8 MB
   icond2_data_cape.bin: 34.8 MB
   icond2_data_druk.bin: 34.8 MB

4. Metadata...

5. Uploaden naar R2...
   icond2_canvas_meta.json (0.0 MB)
   icond2_data_bewolking.bin (104.3 MB)
   icond2_data_cape.bin (34.8 MB)
   icond2_data_dauwpunt.bin (34.8 MB)
   icond2_data_druk.bin (34.8 MB)
   icond2_data_neerslag.bin (34.8 MB)
   icond2_data_rv.bin (34.8 MB)
   icond2_data_temp.bin (34.8 MB)
   icond2_data_wind.bin (69.5 MB)
   icond2_data_windstoten.bin (69.5 MB)
   icond2_data_zicht.bin (34.8 MB)

Klaar! ICON-D2 run woensdag 22.04.2026 23:00 LT, 48 uur
Thu Apr 23 02:06:55 CEST 2026: ICON-D2 update klaar
Thu Apr 23 02:06:55 CEST 2026: ICON-D2-RUC starten...
Thu Apr 23 02:06:55 CEST 2026: ICON-D2-RUC update gestart
1. Laatste ICON-D2-RUC run bepalen...
   Nieuwste complete run: 2026-04-22T23:00
   Nieuwe run: 2026-04-22T23:00Z
   Run: 2026-04-22T23:00 = donderdag 23.04.2026 01:00 LT

2. Downloaden (13 parameters x 15 stappen)...
   Ongestructureerd grid (542040 punten), download CLAT/CLON...
   Doelgrid: 352x541 @ 0.02°
   KDTree gebouwd, regridding actief
   Stap 0/14 (3s)
   Stap 5/14 (13s)
   Stap 10/14 (24s)
   Download klaar in 32s

3. Exporteren...
   Grid: 352x541, 14 uur
   icond2ruc_data_neerslag.bin: 10.2 MB
   icond2ruc_data_temp.bin: 10.2 MB
   icond2ruc_data_dauwpunt.bin: 10.2 MB
   icond2ruc_data_rv.bin: 10.2 MB
   icond2ruc_data_bewolking.bin: 30.5 MB
   icond2ruc_data_wind.bin: 20.3 MB
   icond2ruc_data_windstoten.bin: 20.3 MB
   icond2ruc_data_zicht.bin: 10.2 MB
   icond2ruc_data_cape.bin: 10.2 MB
   icond2ruc_data_druk.bin: 10.2 MB

4. Metadata...

5. Uploaden naar R2...
   icond2ruc_canvas_meta.json (0.0 MB)
   icond2ruc_data_bewolking.bin (30.5 MB)
   icond2ruc_data_cape.bin (10.2 MB)
   icond2ruc_data_dauwpunt.bin (10.2 MB)
   icond2ruc_data_druk.bin (10.2 MB)
   icond2ruc_data_neerslag.bin (10.2 MB)
   icond2ruc_data_rv.bin (10.2 MB)
   icond2ruc_data_temp.bin (10.2 MB)
   icond2ruc_data_wind.bin (20.3 MB)
   icond2ruc_data_windstoten.bin (20.3 MB)
   icond2ruc_data_zicht.bin (10.2 MB)

Klaar! ICON-D2-RUC run donderdag 23.04.2026 01:00 LT, 14 uur
Thu Apr 23 02:07:42 CEST 2026: ICON-D2-RUC update klaar
Thu Apr 23 02:07:42 CEST 2026: Saharastof starten...
Thu Apr 23 02:07:42 CEST 2026: Saharastof update gestart
Grid: 41x63 = 2583 punten, stap 0.8°
Ophalen: 2583 punten in 13 batches...
  Batch 1/13: 200 punten (1s)
  Batch 2/13: 200 punten (4s)
  Batch 3/13: 200 punten (8s)
    Rate limit, wacht 10s...
    Rate limit, wacht 20s...
  Batch 4/13: 200 punten (42s)
  Batch 5/13: 200 punten (46s)
  Batch 6/13: 200 punten (50s)
    Rate limit, wacht 10s...
    Rate limit, wacht 20s...
  Batch 7/13: 200 punten (84s)
  Batch 8/13: 200 punten (88s)
  Batch 9/13: 200 punten (92s)
    Rate limit, wacht 10s...
    Rate limit, wacht 20s...
    Rate limit, wacht 30s...
  Batch 10/13: 200 punten (156s)
  Batch 11/13: 200 punten (160s)
  Batch 12/13: 200 punten (164s)
    Rate limit, wacht 10s...
    Rate limit, wacht 20s...
    Rate limit, wacht 30s...
  Batch 13/13: 183 punten (228s)
Ophalen klaar in 231s, 120 tijdstappen
Exporteren...
  saharastof_data_dust.bin: 1.2 MB
  saharastof_data_pm10.bin: 1.2 MB
  saharastof_data_pm25.bin: 1.2 MB
  saharastof_data_aod.bin: 1.2 MB
Uploaden naar R2...
  saharastof_canvas_meta.json (0.0 MB)
  saharastof_data_aod.bin (1.2 MB)
  saharastof_data_dust.bin (1.2 MB)
  saharastof_data_pm10.bin (1.2 MB)
  saharastof_data_pm25.bin (1.2 MB)

Klaar! Saharastof kaarten, 120 uur, 41x63 grid
Thu Apr 23 02:11:36 CEST 2026: Saharastof update klaar
Thu Apr 23 02:11:36 CEST 2026: === Klaar ===
Thu Apr 23 03:11:36 CEST 2026: === Modelkaarten update ===
Thu Apr 23 03:11:36 CEST 2026: Harmonie starten...
Thu Apr 23 03:11:36 CEST 2026: Harmonie update gestart
<string>:59: DeprecationWarning: Python 3.14 will, by default, filter extracted tar archives and reject files or modify their metadata. Use the filter argument to control this behavior.
[harmonie_openmeteo] grid 48×73 = 3504 punten, 18 batches, 60 tijdstappen
300 hPa ophalen...
  batch 1/18: 200 punten klaar
  batch 2/18: 200 punten klaar
  batch 3/18: 200 punten klaar
  batch 4/18: 200 punten klaar
  batch 5/18: 200 punten klaar
  batch 6/18: 200 punten klaar
  batch 7/18: 200 punten klaar
  batch 8/18: 200 punten klaar
  batch 9/18: 200 punten klaar
  batch 10/18: 200 punten klaar
  batch 11/18: 200 punten klaar
  batch 12/18: 200 punten klaar
  batch 13/18: 200 punten klaar
  batch 14/18: 200 punten klaar
  batch 15/18: 200 punten klaar
  batch 16/18: 200 punten klaar
  batch 17/18: 200 punten klaar
  batch 18/18: 104 punten klaar
500 hPa ophalen...
  batch 1/18: 200 punten klaar
  batch 2/18: 200 punten klaar
  batch 3/18: 200 punten klaar
  batch 4/18: 200 punten klaar
  batch 5/18: 200 punten klaar
  batch 6/18: 200 punten klaar
  batch 7/18: 200 punten klaar
  batch 8/18: 200 punten klaar
  batch 9/18: 200 punten klaar
  batch 10/18: 200 punten klaar
  batch 11/18: 200 punten klaar
  batch 12/18: 200 punten klaar
  batch 13/18: 200 punten klaar
  batch 14/18: 200 punten klaar
  batch 15/18: 200 punten klaar
  batch 16/18: 200 punten klaar
  batch 17/18: 200 punten klaar
  batch 18/18: 104 punten klaar
850 hPa ophalen...
  batch 1/18: 200 punten klaar
  batch 2/18: 200 punten klaar
  batch 3/18: 200 punten klaar
  batch 4/18: 200 punten klaar
  batch 5/18: 200 punten klaar
  batch 6/18: 200 punten klaar
  batch 7/18: 200 punten klaar
  batch 8/18: 200 punten klaar
  batch 9/18: 200 punten klaar
  batch 10/18: 200 punten klaar
  batch 11/18: 200 punten klaar
  batch 12/18: 200 punten klaar
  batch 13/18: 200 punten klaar
  batch 14/18: 200 punten klaar
  batch 15/18: 200 punten klaar
  batch 16/18: 200 punten klaar
  batch 17/18: 200 punten klaar
  batch 18/18: 104 punten klaar
Ophalen klaar in 14.0s
Exporteren...
[harmonie_openmeteo] klaar: 3.2 MB + 3.2 MB + 3.2 MB
1. Laatste Harmonie run zoeken...
   HARM43_V1_P1_2026042222.tar
   Nieuwe run: 2026-04-22T22:00Z
2. Downloaden...
   861 MB
3. Extracten...
   61 bestanden
4. Data lezen...
5. Exporteren...
Data export klaar! Run: donderdag 23.04.2026 00:00 LT, 60 uur, grid 390x372
6b. Open-Meteo hoogtekaarten (500/850 hPa)...
7. Uploaden naar Cloudflare R2...
   harmonie_canvas_meta.json (0.0 MB)
   harmonie_overlay.png (0.3 MB)
   harmonie_data_lsm.bin (0.6 MB)
   harmonie_data_bewolking.bin (99.6 MB)
   harmonie_data_cape.bin (33.2 MB)
   harmonie_data_dauwpunt.bin (33.2 MB)
   harmonie_data_druk.bin (33.2 MB)
   harmonie_data_hoogte300.bin (3.2 MB)
   harmonie_data_hoogte500.bin (3.2 MB)
   harmonie_data_hoogte850.bin (3.2 MB)
   harmonie_data_lsm.bin (0.6 MB)
   harmonie_data_neerslag.bin (33.2 MB)
   harmonie_data_onweer.bin (33.2 MB)
   harmonie_data_profiel.bin (332.1 MB)
   harmonie_data_rv.bin (33.2 MB)
   harmonie_data_straling.bin (33.2 MB)
   harmonie_data_temp.bin (33.2 MB)
   harmonie_data_wind.bin (66.4 MB)
   harmonie_data_windstoten.bin (66.4 MB)
   harmonie_data_zicht.bin (33.2 MB)
Upload klaar!
Thu Apr 23 03:12:33 CEST 2026: Harmonie update klaar
Thu Apr 23 03:12:33 CEST 2026: ICON-D2 starten...
Thu Apr 23 03:12:33 CEST 2026: ICON-D2 update gestart
1. Laatste ICON-D2 run bepalen...
   Nieuwste complete run: 20260423 00z
   Nieuwe run: 2026-04-23T00:00Z
   Run: 2026042300z = donderdag 23.04.2026 02:00 LT

2. Downloaden (13 parameters x 49 uren)...
   Grid: 1215x746, lat 43.2-58.1, lon -3.9-20.3
   Uur 0/48 (2s)
   Uur 12/48 (30s)
   Uur 24/48 (56s)
   Uur 36/48 (83s)
   Uur 48/48 (161s)
   Download klaar in 161s

3. Exporteren...
   Crop grid: 351x541, 48 uur
   icond2_data_neerslag.bin: 34.8 MB
   icond2_data_temp.bin: 34.8 MB
   icond2_data_dauwpunt.bin: 34.8 MB
   icond2_data_rv.bin: 34.8 MB
   icond2_data_bewolking.bin: 104.3 MB
   icond2_data_wind.bin: 69.5 MB
   icond2_data_windstoten.bin: 69.5 MB
   icond2_data_zicht.bin: 34.8 MB
   icond2_data_cape.bin: 34.8 MB
   icond2_data_druk.bin: 34.8 MB

4. Metadata...

5. Uploaden naar R2...
   icond2_canvas_meta.json (0.0 MB)
   icond2_data_bewolking.bin (104.3 MB)
   icond2_data_cape.bin (34.8 MB)
   icond2_data_dauwpunt.bin (34.8 MB)
   icond2_data_druk.bin (34.8 MB)
   icond2_data_neerslag.bin (34.8 MB)
   icond2_data_rv.bin (34.8 MB)
   icond2_data_temp.bin (34.8 MB)
   icond2_data_wind.bin (69.5 MB)
   icond2_data_windstoten.bin (69.5 MB)
   icond2_data_zicht.bin (34.8 MB)

Klaar! ICON-D2 run donderdag 23.04.2026 02:00 LT, 48 uur
Thu Apr 23 03:15:36 CEST 2026: ICON-D2 update klaar
Thu Apr 23 03:15:36 CEST 2026: ICON-D2-RUC starten...
Thu Apr 23 03:15:36 CEST 2026: ICON-D2-RUC update gestart
1. Laatste ICON-D2-RUC run bepalen...
   Nieuwste complete run: 2026-04-23T00:00
   Nieuwe run: 2026-04-23T00:00Z
   Run: 2026-04-23T00:00 = donderdag 23.04.2026 02:00 LT

2. Downloaden (13 parameters x 15 stappen)...
   Ongestructureerd grid (542040 punten), download CLAT/CLON...
   Doelgrid: 352x541 @ 0.02°
   KDTree gebouwd, regridding actief
   Stap 0/14 (4s)
   Stap 5/14 (14s)
   Stap 10/14 (24s)
   Download klaar in 32s

3. Exporteren...
   Grid: 352x541, 14 uur
   icond2ruc_data_neerslag.bin: 10.2 MB
   icond2ruc_data_temp.bin: 10.2 MB
   icond2ruc_data_dauwpunt.bin: 10.2 MB
   icond2ruc_data_rv.bin: 10.2 MB
   icond2ruc_data_bewolking.bin: 30.5 MB
   icond2ruc_data_wind.bin: 20.3 MB
   icond2ruc_data_windstoten.bin: 20.3 MB
   icond2ruc_data_zicht.bin: 10.2 MB
   icond2ruc_data_cape.bin: 10.2 MB
   icond2ruc_data_druk.bin: 10.2 MB

4. Metadata...

5. Uploaden naar R2...
   icond2ruc_canvas_meta.json (0.0 MB)
   icond2ruc_data_bewolking.bin (30.5 MB)
   icond2ruc_data_cape.bin (10.2 MB)
   icond2ruc_data_dauwpunt.bin (10.2 MB)
   icond2ruc_data_druk.bin (10.2 MB)
   icond2ruc_data_neerslag.bin (10.2 MB)
   icond2ruc_data_rv.bin (10.2 MB)
   icond2ruc_data_temp.bin (10.2 MB)
   icond2ruc_data_wind.bin (20.3 MB)
   icond2ruc_data_windstoten.bin (20.3 MB)
   icond2ruc_data_zicht.bin (10.2 MB)

Klaar! ICON-D2-RUC run donderdag 23.04.2026 02:00 LT, 14 uur
Thu Apr 23 03:16:21 CEST 2026: ICON-D2-RUC update klaar
Thu Apr 23 03:16:21 CEST 2026: Saharastof starten...
Thu Apr 23 03:16:21 CEST 2026: Saharastof update gestart
Grid: 41x63 = 2583 punten, stap 0.8°
Ophalen: 2583 punten in 13 batches...
  Batch 1/13: 200 punten (1s)
  Batch 2/13: 200 punten (4s)
  Batch 3/13: 200 punten (8s)
    Rate limit, wacht 10s...
    Rate limit, wacht 20s...
    Rate limit, wacht 30s...
  Batch 4/13: 200 punten (72s)
  Batch 5/13: 200 punten (76s)
  Batch 6/13: 200 punten (80s)
    Rate limit, wacht 10s...
    Rate limit, wacht 20s...
  Batch 7/13: 200 punten (114s)
  Batch 8/13: 200 punten (118s)
  Batch 9/13: 200 punten (122s)
    Rate limit, wacht 10s...
    Rate limit, wacht 20s...
    Rate limit, wacht 30s...
  Batch 10/13: 200 punten (186s)
  Batch 11/13: 200 punten (190s)
  Batch 12/13: 200 punten (193s)
    Rate limit, wacht 10s...
    Rate limit, wacht 20s...
  Batch 13/13: 183 punten (228s)
Ophalen klaar in 231s, 120 tijdstappen
Exporteren...
  saharastof_data_dust.bin: 1.2 MB
  saharastof_data_pm10.bin: 1.2 MB
  saharastof_data_pm25.bin: 1.2 MB
  saharastof_data_aod.bin: 1.2 MB
Uploaden naar R2...
  saharastof_canvas_meta.json (0.0 MB)
  saharastof_data_aod.bin (1.2 MB)
  saharastof_data_dust.bin (1.2 MB)
  saharastof_data_pm10.bin (1.2 MB)
  saharastof_data_pm25.bin (1.2 MB)

Klaar! Saharastof kaarten, 120 uur, 41x63 grid
Thu Apr 23 03:20:14 CEST 2026: Saharastof update klaar
Thu Apr 23 03:20:14 CEST 2026: === Klaar ===
Thu Apr 23 04:20:14 CEST 2026: === Modelkaarten update ===
Thu Apr 23 04:20:14 CEST 2026: Harmonie starten...
Thu Apr 23 04:20:14 CEST 2026: Harmonie update gestart
<string>:59: DeprecationWarning: Python 3.14 will, by default, filter extracted tar archives and reject files or modify their metadata. Use the filter argument to control this behavior.
[harmonie_openmeteo] grid 48×73 = 3504 punten, 18 batches, 60 tijdstappen
300 hPa ophalen...
  batch 1/18: 200 punten klaar
  batch 2/18: 200 punten klaar
  batch 3/18: 200 punten klaar
  batch 4/18: 200 punten klaar
  batch 5/18: 200 punten klaar
  batch 6/18: 200 punten klaar
  batch 7/18: 200 punten klaar
  batch 8/18: 200 punten klaar
  batch 9/18: 200 punten klaar
  batch 10/18: 200 punten klaar
  batch 11/18: 200 punten klaar
  batch 12/18: 200 punten klaar
  batch 13/18: 200 punten klaar
  batch 14/18: 200 punten klaar
  batch 15/18: 200 punten klaar
  batch 16/18: 200 punten klaar
  batch 17/18: 200 punten klaar
  batch 18/18: 104 punten klaar
500 hPa ophalen...
  batch 1/18: 200 punten klaar
  batch 2/18: 200 punten klaar
  batch 3/18: 200 punten klaar
  batch 4/18: 200 punten klaar
  batch 5/18: 200 punten klaar
  batch 6/18: 200 punten klaar
  batch 7/18: 200 punten klaar
  batch 8/18: 200 punten klaar
  batch 9/18: 200 punten klaar
  batch 10/18: 200 punten klaar
  batch 11/18: 200 punten klaar
  batch 12/18: 200 punten klaar
  batch 13/18: 200 punten klaar
  batch 14/18: 200 punten klaar
  batch 15/18: 200 punten klaar
  batch 16/18: 200 punten klaar
  batch 17/18: 200 punten klaar
  batch 18/18: 104 punten klaar
850 hPa ophalen...
  batch 1/18: 200 punten klaar
  batch 2/18: 200 punten klaar
  batch 3/18: 200 punten klaar
  batch 4/18: 200 punten klaar
  batch 5/18: 200 punten klaar
  batch 6/18: 200 punten klaar
  batch 7/18: 200 punten klaar
  batch 8/18: 200 punten klaar
  batch 9/18: 200 punten klaar
  batch 10/18: 200 punten klaar
  batch 11/18: 200 punten klaar
  batch 12/18: 200 punten klaar
  batch 13/18: 200 punten klaar
  batch 14/18: 200 punten klaar
  batch 15/18: 200 punten klaar
  batch 16/18: 200 punten klaar
  batch 17/18: 200 punten klaar
  batch 18/18: 104 punten klaar
Ophalen klaar in 14.6s
Exporteren...
[harmonie_openmeteo] klaar: 3.2 MB + 3.2 MB + 3.2 MB
1. Laatste Harmonie run zoeken...
   HARM43_V1_P1_2026042223.tar
   Nieuwe run: 2026-04-22T23:00Z
2. Downloaden...
   863 MB
3. Extracten...
   61 bestanden
4. Data lezen...
5. Exporteren...
Data export klaar! Run: donderdag 23.04.2026 01:00 LT, 60 uur, grid 390x372
6b. Open-Meteo hoogtekaarten (500/850 hPa)...
7. Uploaden naar Cloudflare R2...
   harmonie_canvas_meta.json (0.0 MB)
   harmonie_overlay.png (0.3 MB)
   harmonie_data_lsm.bin (0.6 MB)
   harmonie_data_bewolking.bin (99.6 MB)
   harmonie_data_cape.bin (33.2 MB)
   harmonie_data_dauwpunt.bin (33.2 MB)
   harmonie_data_druk.bin (33.2 MB)
   harmonie_data_hoogte300.bin (3.2 MB)
   harmonie_data_hoogte500.bin (3.2 MB)
   harmonie_data_hoogte850.bin (3.2 MB)
   harmonie_data_lsm.bin (0.6 MB)
   harmonie_data_neerslag.bin (33.2 MB)
   harmonie_data_onweer.bin (33.2 MB)
   harmonie_data_profiel.bin (332.1 MB)
   harmonie_data_rv.bin (33.2 MB)
   harmonie_data_straling.bin (33.2 MB)
   harmonie_data_temp.bin (33.2 MB)
   harmonie_data_wind.bin (66.4 MB)
   harmonie_data_windstoten.bin (66.4 MB)
   harmonie_data_zicht.bin (33.2 MB)
Upload klaar!
Thu Apr 23 04:21:09 CEST 2026: Harmonie update klaar
Thu Apr 23 04:21:09 CEST 2026: ICON-D2 starten...
Thu Apr 23 04:21:09 CEST 2026: ICON-D2 update gestart
1. Laatste ICON-D2 run bepalen...
   Nieuwste complete run: 20260423 00z
   Nieuwe run: 2026-04-23T00:00Z
   Run: 2026042300z = donderdag 23.04.2026 02:00 LT

2. Downloaden (13 parameters x 49 uren)...
   Grid: 1215x746, lat 43.2-58.1, lon -3.9-20.3
   Uur 0/48 (2s)
   Uur 12/48 (31s)
   Uur 24/48 (59s)
   Uur 36/48 (86s)
   Uur 48/48 (112s)
   Download klaar in 112s

3. Exporteren...
   Crop grid: 351x541, 48 uur
   icond2_data_neerslag.bin: 34.8 MB
   icond2_data_temp.bin: 34.8 MB
   icond2_data_dauwpunt.bin: 34.8 MB
   icond2_data_rv.bin: 34.8 MB
   icond2_data_bewolking.bin: 104.3 MB
   icond2_data_wind.bin: 69.5 MB
   icond2_data_windstoten.bin: 69.5 MB
   icond2_data_zicht.bin: 34.8 MB
   icond2_data_cape.bin: 34.8 MB
   icond2_data_druk.bin: 34.8 MB

4. Metadata...

5. Uploaden naar R2...
   icond2_canvas_meta.json (0.0 MB)
   icond2_data_bewolking.bin (104.3 MB)
   icond2_data_cape.bin (34.8 MB)
   icond2_data_dauwpunt.bin (34.8 MB)
   icond2_data_druk.bin (34.8 MB)
   icond2_data_neerslag.bin (34.8 MB)
   icond2_data_rv.bin (34.8 MB)
   icond2_data_temp.bin (34.8 MB)
   icond2_data_wind.bin (69.5 MB)
   icond2_data_windstoten.bin (69.5 MB)
   icond2_data_zicht.bin (34.8 MB)

Klaar! ICON-D2 run donderdag 23.04.2026 02:00 LT, 48 uur
Thu Apr 23 04:23:19 CEST 2026: ICON-D2 update klaar
Thu Apr 23 04:23:19 CEST 2026: ICON-D2-RUC starten...
Thu Apr 23 04:23:19 CEST 2026: ICON-D2-RUC update gestart
1. Laatste ICON-D2-RUC run bepalen...
   Nieuwste complete run: 2026-04-23T01:00
   Nieuwe run: 2026-04-23T01:00Z
   Run: 2026-04-23T01:00 = donderdag 23.04.2026 03:00 LT

2. Downloaden (13 parameters x 15 stappen)...
   Ongestructureerd grid (542040 punten), download CLAT/CLON...
   Doelgrid: 352x541 @ 0.02°
   KDTree gebouwd, regridding actief
   Stap 0/14 (3s)
   Stap 5/14 (13s)
   Stap 10/14 (23s)
   Download klaar in 31s

3. Exporteren...
   Grid: 352x541, 14 uur
   icond2ruc_data_neerslag.bin: 10.2 MB
   icond2ruc_data_temp.bin: 10.2 MB
   icond2ruc_data_dauwpunt.bin: 10.2 MB
   icond2ruc_data_rv.bin: 10.2 MB
   icond2ruc_data_bewolking.bin: 30.5 MB
   icond2ruc_data_wind.bin: 20.3 MB
   icond2ruc_data_windstoten.bin: 20.3 MB
   icond2ruc_data_zicht.bin: 10.2 MB
   icond2ruc_data_cape.bin: 10.2 MB
   icond2ruc_data_druk.bin: 10.2 MB

4. Metadata...

5. Uploaden naar R2...
   icond2ruc_canvas_meta.json (0.0 MB)
   icond2ruc_data_bewolking.bin (30.5 MB)
   icond2ruc_data_cape.bin (10.2 MB)
   icond2ruc_data_dauwpunt.bin (10.2 MB)
   icond2ruc_data_druk.bin (10.2 MB)
   icond2ruc_data_neerslag.bin (10.2 MB)
   icond2ruc_data_rv.bin (10.2 MB)
   icond2ruc_data_temp.bin (10.2 MB)
   icond2ruc_data_wind.bin (20.3 MB)
   icond2ruc_data_windstoten.bin (20.3 MB)
   icond2ruc_data_zicht.bin (10.2 MB)

Klaar! ICON-D2-RUC run donderdag 23.04.2026 03:00 LT, 14 uur
Thu Apr 23 04:24:02 CEST 2026: ICON-D2-RUC update klaar
Thu Apr 23 04:24:02 CEST 2026: Saharastof starten...
Thu Apr 23 04:24:02 CEST 2026: Saharastof update gestart
Grid: 41x63 = 2583 punten, stap 0.8°
Ophalen: 2583 punten in 13 batches...
  Batch 1/13: 200 punten (1s)
  Batch 2/13: 200 punten (4s)
  Batch 3/13: 200 punten (8s)
  Batch 4/13: 200 punten (12s)
    Rate limit, wacht 10s...
    Rate limit, wacht 20s...
    Rate limit, wacht 30s...
  Batch 5/13: 200 punten (76s)
  Batch 6/13: 200 punten (80s)
  Batch 7/13: 200 punten (84s)
    Rate limit, wacht 10s...
    Rate limit, wacht 20s...
    Rate limit, wacht 30s...
  Batch 8/13: 200 punten (148s)
  Batch 9/13: 200 punten (152s)
  Batch 10/13: 200 punten (156s)
    Rate limit, wacht 10s...
    Rate limit, wacht 20s...
  Batch 11/13: 200 punten (190s)
  Batch 12/13: 200 punten (193s)
  Batch 13/13: 183 punten (197s)
Ophalen klaar in 200s, 120 tijdstappen
Exporteren...
  saharastof_data_dust.bin: 1.2 MB
  saharastof_data_pm10.bin: 1.2 MB
  saharastof_data_pm25.bin: 1.2 MB
  saharastof_data_aod.bin: 1.2 MB
Uploaden naar R2...
  saharastof_canvas_meta.json (0.0 MB)
  saharastof_data_aod.bin (1.2 MB)
  saharastof_data_dust.bin (1.2 MB)
  saharastof_data_pm10.bin (1.2 MB)
  saharastof_data_pm25.bin (1.2 MB)

Klaar! Saharastof kaarten, 120 uur, 41x63 grid
Thu Apr 23 04:27:25 CEST 2026: Saharastof update klaar
Thu Apr 23 04:27:25 CEST 2026: === Klaar ===
Thu Apr 23 05:27:25 CEST 2026: === Modelkaarten update ===
Thu Apr 23 05:27:25 CEST 2026: Harmonie starten...
Thu Apr 23 05:27:25 CEST 2026: Harmonie update gestart
<string>:59: DeprecationWarning: Python 3.14 will, by default, filter extracted tar archives and reject files or modify their metadata. Use the filter argument to control this behavior.
[harmonie_openmeteo] grid 48×73 = 3504 punten, 18 batches, 60 tijdstappen
300 hPa ophalen...
  batch 1/18: 200 punten klaar
  batch 2/18: 200 punten klaar
  batch 3/18: 200 punten klaar
  batch 4/18: 200 punten klaar
  batch 5/18: 200 punten klaar
  batch 6/18: 200 punten klaar
  batch 7/18: 200 punten klaar
  batch 8/18: 200 punten klaar
  batch 9/18: 200 punten klaar
  batch 10/18: 200 punten klaar
  batch 11/18: 200 punten klaar
  batch 12/18: 200 punten klaar
  batch 13/18: 200 punten klaar
  batch 14/18: 200 punten klaar
  batch 15/18: 200 punten klaar
  batch 16/18: 200 punten klaar
  batch 17/18: 200 punten klaar
  batch 18/18: 104 punten klaar
500 hPa ophalen...
  batch 1/18: 200 punten klaar
  batch 2/18: 200 punten klaar
  batch 3/18: 200 punten klaar
  batch 4/18: 200 punten klaar
  batch 5/18: 200 punten klaar
  batch 6/18: 200 punten klaar
  batch 7/18: 200 punten klaar
  batch 8/18: 200 punten klaar
  batch 9/18: 200 punten klaar
  batch 10/18: 200 punten klaar
  batch 11/18: 200 punten klaar
  batch 12/18: 200 punten klaar
  batch 13/18: 200 punten klaar
  batch 14/18: 200 punten klaar
  batch 15/18: 200 punten klaar
  batch 16/18: 200 punten klaar
  batch 17/18: 200 punten klaar
  batch 18/18: 104 punten klaar
850 hPa ophalen...
  batch 1/18: 200 punten klaar
  batch 2/18: 200 punten klaar
  batch 3/18: 200 punten klaar
  batch 4/18: 200 punten klaar
  batch 5/18: 200 punten klaar
  batch 6/18: 200 punten klaar
  batch 7/18: 200 punten klaar
  batch 8/18: 200 punten klaar
  batch 9/18: 200 punten klaar
  batch 10/18: 200 punten klaar
  batch 11/18: 200 punten klaar
  batch 12/18: 200 punten klaar
  batch 13/18: 200 punten klaar
  batch 14/18: 200 punten klaar
  batch 15/18: 200 punten klaar
  batch 16/18: 200 punten klaar
  batch 17/18: 200 punten klaar
  batch 18/18: 104 punten klaar
Ophalen klaar in 15.2s
Exporteren...
[harmonie_openmeteo] klaar: 3.2 MB + 3.2 MB + 3.2 MB
1. Laatste Harmonie run zoeken...
   HARM43_V1_P1_2026042300.tar
   Nieuwe run: 2026-04-23T00:00Z
2. Downloaden...
   867 MB
3. Extracten...
   61 bestanden
4. Data lezen...
5. Exporteren...
Data export klaar! Run: donderdag 23.04.2026 02:00 LT, 60 uur, grid 390x372
6b. Open-Meteo hoogtekaarten (500/850 hPa)...
7. Uploaden naar Cloudflare R2...
   harmonie_canvas_meta.json (0.0 MB)
   harmonie_overlay.png (0.3 MB)
   harmonie_data_lsm.bin (0.6 MB)
   harmonie_data_bewolking.bin (99.6 MB)
   harmonie_data_cape.bin (33.2 MB)
   harmonie_data_dauwpunt.bin (33.2 MB)
   harmonie_data_druk.bin (33.2 MB)
   harmonie_data_hoogte300.bin (3.2 MB)
   harmonie_data_hoogte500.bin (3.2 MB)
   harmonie_data_hoogte850.bin (3.2 MB)
   harmonie_data_lsm.bin (0.6 MB)
   harmonie_data_neerslag.bin (33.2 MB)
   harmonie_data_onweer.bin (33.2 MB)
   harmonie_data_profiel.bin (332.1 MB)
   harmonie_data_rv.bin (33.2 MB)
   harmonie_data_straling.bin (33.2 MB)
   harmonie_data_temp.bin (33.2 MB)
   harmonie_data_wind.bin (66.4 MB)
   harmonie_data_windstoten.bin (66.4 MB)
   harmonie_data_zicht.bin (33.2 MB)
Upload klaar!
Thu Apr 23 05:28:18 CEST 2026: Harmonie update klaar
Thu Apr 23 05:28:18 CEST 2026: ICON-D2 starten...
Thu Apr 23 05:28:18 CEST 2026: ICON-D2 update gestart
1. Laatste ICON-D2 run bepalen...
   Nieuwste complete run: 20260423 00z
   Nieuwe run: 2026-04-23T00:00Z
   Run: 2026042300z = donderdag 23.04.2026 02:00 LT

2. Downloaden (13 parameters x 49 uren)...
   Grid: 1215x746, lat 43.2-58.1, lon -3.9-20.3
   Uur 0/48 (3s)
   Uur 12/48 (34s)
   Uur 24/48 (63s)
   Uur 36/48 (92s)
   Uur 48/48 (126s)
   Download klaar in 126s

3. Exporteren...
   Crop grid: 351x541, 48 uur
   icond2_data_neerslag.bin: 34.8 MB
   icond2_data_temp.bin: 34.8 MB
   icond2_data_dauwpunt.bin: 34.8 MB
   icond2_data_rv.bin: 34.8 MB
   icond2_data_bewolking.bin: 104.3 MB
   icond2_data_wind.bin: 69.5 MB
   icond2_data_windstoten.bin: 69.5 MB
   icond2_data_zicht.bin: 34.8 MB
   icond2_data_cape.bin: 34.8 MB
   icond2_data_druk.bin: 34.8 MB

4. Metadata...

5. Uploaden naar R2...
   icond2_canvas_meta.json (0.0 MB)
   icond2_data_bewolking.bin (104.3 MB)
   icond2_data_cape.bin (34.8 MB)
   icond2_data_dauwpunt.bin (34.8 MB)
   icond2_data_druk.bin (34.8 MB)
   icond2_data_neerslag.bin (34.8 MB)
   icond2_data_rv.bin (34.8 MB)
   icond2_data_temp.bin (34.8 MB)
   icond2_data_wind.bin (69.5 MB)
   icond2_data_windstoten.bin (69.5 MB)
   icond2_data_zicht.bin (34.8 MB)

Klaar! ICON-D2 run donderdag 23.04.2026 02:00 LT, 48 uur
Thu Apr 23 05:30:39 CEST 2026: ICON-D2 update klaar
Thu Apr 23 05:30:39 CEST 2026: ICON-D2-RUC starten...
Thu Apr 23 05:30:39 CEST 2026: ICON-D2-RUC update gestart
1. Laatste ICON-D2-RUC run bepalen...
   Nieuwste complete run: 2026-04-23T02:00
   Nieuwe run: 2026-04-23T02:00Z
   Run: 2026-04-23T02:00 = donderdag 23.04.2026 04:00 LT

2. Downloaden (13 parameters x 15 stappen)...
   Ongestructureerd grid (542040 punten), download CLAT/CLON...
   Doelgrid: 352x541 @ 0.02°
   KDTree gebouwd, regridding actief
   Stap 0/14 (4s)
   Stap 5/14 (17s)
   Stap 10/14 (34s)
   Download klaar in 49s

3. Exporteren...
   Grid: 352x541, 14 uur
   icond2ruc_data_neerslag.bin: 10.2 MB
   icond2ruc_data_temp.bin: 10.2 MB
   icond2ruc_data_dauwpunt.bin: 10.2 MB
   icond2ruc_data_rv.bin: 10.2 MB
   icond2ruc_data_bewolking.bin: 30.5 MB
   icond2ruc_data_wind.bin: 20.3 MB
   icond2ruc_data_windstoten.bin: 20.3 MB
   icond2ruc_data_zicht.bin: 10.2 MB
   icond2ruc_data_cape.bin: 10.2 MB
   icond2ruc_data_druk.bin: 10.2 MB

4. Metadata...

5. Uploaden naar R2...
   icond2ruc_canvas_meta.json (0.0 MB)
   icond2ruc_data_bewolking.bin (30.5 MB)
   icond2ruc_data_cape.bin (10.2 MB)
   icond2ruc_data_dauwpunt.bin (10.2 MB)
   icond2ruc_data_druk.bin (10.2 MB)
   icond2ruc_data_neerslag.bin (10.2 MB)
   icond2ruc_data_rv.bin (10.2 MB)
   icond2ruc_data_temp.bin (10.2 MB)
   icond2ruc_data_wind.bin (20.3 MB)
   icond2ruc_data_windstoten.bin (20.3 MB)
   icond2ruc_data_zicht.bin (10.2 MB)

Klaar! ICON-D2-RUC run donderdag 23.04.2026 04:00 LT, 14 uur
Thu Apr 23 05:31:41 CEST 2026: ICON-D2-RUC update klaar
Thu Apr 23 05:31:41 CEST 2026: Saharastof starten...
Thu Apr 23 05:31:41 CEST 2026: Saharastof update gestart
Grid: 41x63 = 2583 punten, stap 0.8°
Ophalen: 2583 punten in 13 batches...
  Batch 1/13: 200 punten (1s)
  Batch 2/13: 200 punten (4s)
  Batch 3/13: 200 punten (8s)
    Rate limit, wacht 10s...
    Rate limit, wacht 20s...
  Batch 4/13: 200 punten (42s)
  Batch 5/13: 200 punten (46s)
  Batch 6/13: 200 punten (49s)
    Rate limit, wacht 10s...
    Rate limit, wacht 20s...
    Rate limit, wacht 30s...
  Batch 7/13: 200 punten (114s)
  Batch 8/13: 200 punten (117s)
  Batch 9/13: 200 punten (121s)
    Rate limit, wacht 10s...
    Rate limit, wacht 20s...
  Batch 10/13: 200 punten (155s)
  Batch 11/13: 200 punten (159s)
  Batch 12/13: 200 punten (162s)
    Rate limit, wacht 10s...
    Rate limit, wacht 20s...
    Rate limit, wacht 30s...
    Rate limit, wacht 40s...
    Rate limit, wacht 50s...
  FOUT batch 2400: HTTP 429
Ophalen klaar in 316s, 120 tijdstappen
Exporteren...
  saharastof_data_dust.bin: 1.2 MB
  saharastof_data_pm10.bin: 1.2 MB
  saharastof_data_pm25.bin: 1.2 MB
  saharastof_data_aod.bin: 1.2 MB
Uploaden naar R2...
  saharastof_canvas_meta.json (0.0 MB)
  saharastof_data_aod.bin (1.2 MB)
  saharastof_data_dust.bin (1.2 MB)
  saharastof_data_pm10.bin (1.2 MB)
  saharastof_data_pm25.bin (1.2 MB)

Klaar! Saharastof kaarten, 120 uur, 41x63 grid
Thu Apr 23 05:37:00 CEST 2026: Saharastof update klaar
Thu Apr 23 05:37:00 CEST 2026: === Klaar ===
