{"type":"FeatureCollection","features":[{"type":"Feature","properties":{"naam":"Nederland-land"},"geometry":{"type":"MultiPolygon","coordinates":[[[[3.3821,51.3805],[3.3832,51.3801],[3.3832,51.3793],[3.3846,51.3793],[3.3851,51.3794],[3.3845,51.3812],[3.3852,51.3794],[3.4008,51.383],[3.4235,51.3901],[3.4225,51.3914],[3.4237,51.3901],[3.4266,51.3905],[3.4256,51.3917],[3.4267,51.3905],[3.4288,51.391],[3.4279,51.3922],[3.4289,51.391],[3.4305,51.3915],[3.4297,51.3925],[3.4312,51.3911],[3.4326,51.3913],[3.4327,51.3926],[3.4328,51.3913],[3.435,51.3916],[3.4347,51.3926],[3.4356,51.3915],[3.4315,51.391],[3.4337,51.3902],[3.4356,51.3882],[3.4351,51.388],[3.4372,51.3867],[3.4347,51.3874],[3.4345,51.3887],[3.4334,51.3891],[3.4339,51.3874],[3.4373,51.3863],[3.4377,51.3858],[3.4392,51.3859],[3.4384,51.3876],[3.4388,51.3882],[3.4366,51.3885],[3.4399,51.3884],[3.4484,51.3912],[3.4481,51.3919],[3.4485,51.3912],[3.4508,51.3919],[3.4519,51.3924],[3.4516,51.3935],[3.452,51.3924],[3.4555,51.3936],[3.4558,51.3938],[3.4551,51.3949],[3.4552,51.3949],[3.4556,51.3943],[3.4566,51.3947],[3.4564,51.395],[3.4571,51.3946],[3.4559,51.3939],[3.4591,51.3942],[3.4587,51.3955],[3.4592,51.3942],[3.4606,51.3944],[3.4605,51.3956],[3.4607,51.3944],[3.4623,51.3945],[3.4623,51.3957],[3.4624,51.3946],[3.4653,51.395],[3.4653,51.3958],[3.4654,51.3949],[3.468,51.3953],[3.4684,51.3956],[3.4684,51.397],[3.4685,51.3956],[3.4712,51.396],[3.4713,51.3972],[3.4713,51.396],[3.4741,51.3966],[3.4742,51.3985],[3.4742,51.3966],[3.4772,51.3971],[3.4772,51.3982],[3.4773,51.3971],[3.4799,51.3976],[3.4803,51.3993],[3.4804,51.3978],[3.4829,51.3983],[3.4825,51.3998],[3.483,51.3983],[3.4854,51.399],[3.4847,51.4004],[3.4859,51.3984],[3.4855,51.399],[3.4889,51.3999],[3.4881,51.4012],[3.489,51.3999],[3.4923,51.4009],[3.4915,51.4025],[3.4925,51.4009],[3.495,51.4017],[3.4938,51.403],[3.495,51.4017],[3.497,51.4026],[3.4961,51.4035],[3.4972,51.4026],[3.4987,51.4034],[3.498,51.4042],[3.4987,51.4034],[3.5,51.4041],[3.4994,51.4049],[3.5,51.4041],[3.5018,51.4049],[3.502,51.4053],[3.5006,51.4053],[3.5004,51.4057],[3.5013,51.4054],[3.5019,51.4057],[3.5018,51.4064],[3.502,51.4057],[3.503,51.4058],[3.5032,51.4066],[3.5027,51.407],[3.5032,51.4068],[3.5035,51.4078],[3.5033,51.4065],[3.5045,51.4066],[3.5042,51.4061],[3.5046,51.4057],[3.5058,51.4061],[3.5049,51.4072],[3.505,51.4075],[3.5055,51.4066],[3.5069,51.4067],[3.5068,51.4076],[3.507,51.4067],[3.5085,51.4068],[3.5084,51.4082],[3.5087,51.4068],[3.5118,51.407],[3.5117,51.4084],[3.5119,51.407],[3.5151,51.4073],[3.515,51.409],[3.5152,51.4073],[3.5181,51.4075],[3.5182,51.409],[3.5182,51.4075],[3.5212,51.4073],[3.5216,51.4088],[3.5213,51.4073],[3.5237,51.4068],[3.5243,51.4068],[3.5245,51.4087],[3.5244,51.4068],[3.5267,51.4064],[3.527,51.4082],[3.5268,51.4064],[3.5292,51.4066],[3.5295,51.4084],[3.5293,51.4066],[3.5324,51.4064],[3.5327,51.4077],[3.5325,51.4064],[3.5354,51.4061],[3.5355,51.4076],[3.5355,51.4062],[3.5376,51.4058],[3.5386,51.4058],[3.5389,51.4071],[3.5387,51.4057],[3.541,51.4057],[3.5413,51.4069],[3.5411,51.4057],[3.5429,51.4056],[3.5435,51.4068],[3.543,51.4056],[3.5445,51.4053],[3.5456,51.4064],[3.5448,51.4054],[3.5477,51.4052],[3.5516,51.4063],[3.5484,51.4035],[3.5479,51.4034],[3.5486,51.4042],[3.5481,51.4046],[3.5472,51.4042],[3.5466,51.4035],[3.547,51.4029],[3.5468,51.4021],[3.5473,51.4019],[3.5485,51.4028],[3.547,51.4015],[3.5512,51.401],[3.5536,51.4037],[3.5533,51.4047],[3.554,51.4037],[3.5525,51.4016],[3.5534,51.4009],[3.5541,51.4018],[3.5535,51.4009],[3.5553,51.4005],[3.5573,51.4029],[3.5554,51.4005],[3.5569,51.4002],[3.5573,51.4006],[3.557,51.4002],[3.5586,51.4002],[3.5602,51.402],[3.5587,51.4002],[3.5678,51.4006],[3.5626,51.3967],[3.5627,51.3961],[3.5663,51.3984],[3.567,51.3977],[3.5644,51.3957],[3.5647,51.3953],[3.5661,51.3953],[3.5683,51.3966],[3.5689,51.3951],[3.5701,51.3951],[3.5703,51.3958],[3.572,51.3949],[3.5735,51.3949],[3.5744,51.3955],[3.5681,51.3987],[3.5679,51.3992],[3.5684,51.3993],[3.5689,51.3987],[3.5784,51.3939],[3.5797,51.3929],[3.5796,51.3924],[3.579,51.3919],[3.5839,51.3885],[3.5846,51.3892],[3.584,51.3885],[3.5859,51.3874],[3.5963,51.3858],[3.5995,51.386],[3.599,51.3867],[3.5992,51.3875],[3.5991,51.3867],[3.5996,51.3862],[3.6,51.3862],[3.6005,51.3874],[3.6001,51.3854],[3.6013,51.3864],[3.6012,51.386],[3.6079,51.3851],[3.6071,51.3849],[3.6078,51.3838],[3.6142,51.3825],[3.6158,51.3805],[3.6243,51.3788],[3.6247,51.38],[3.6245,51.3788],[3.6275,51.3783],[3.628,51.3791],[3.6276,51.3782],[3.6291,51.378],[3.6294,51.3785],[3.6292,51.3779],[3.6307,51.3777],[3.6311,51.3783],[3.6308,51.3777],[3.6344,51.377],[3.6346,51.3775],[3.6345,51.377],[3.6364,51.3767],[3.6367,51.3773],[3.6365,51.3766],[3.6408,51.3759],[3.6419,51.3758],[3.6421,51.3763],[3.642,51.3758],[3.6436,51.3756],[3.6438,51.3761],[3.6437,51.3756],[3.6453,51.3755],[3.6454,51.376],[3.6454,51.3755],[3.6473,51.3752],[3.6475,51.3756],[3.6474,51.3752],[3.6494,51.3749],[3.6496,51.3756],[3.6495,51.3749],[3.6515,51.3748],[3.6517,51.3753],[3.6516,51.3748],[3.6551,51.3744],[3.6556,51.3754],[3.6552,51.3744],[3.6624,51.3737],[3.664,51.3742],[3.6647,51.3752],[3.6647,51.3746],[3.6687,51.3742],[3.6722,51.3728],[3.6871,51.3712],[3.6853,51.373],[3.6854,51.3731],[3.6871,51.3713],[3.6879,51.3715],[3.6875,51.3712],[3.6881,51.3706],[3.6887,51.3708],[3.6881,51.3706],[3.6887,51.3699],[3.6894,51.3702],[3.6887,51.3699],[3.691,51.3676],[3.691,51.3659],[3.6919,51.3677],[3.6913,51.3658],[3.6916,51.3658],[3.6923,51.3678],[3.6918,51.3658],[3.6931,51.366],[3.6924,51.3657],[3.6931,51.3648],[3.6942,51.3649],[3.6931,51.3647],[3.6933,51.3643],[3.6966,51.3623],[3.7012,51.3603],[3.7031,51.3619],[3.7016,51.3605],[3.7023,51.3598],[3.7034,51.3595],[3.7037,51.3588],[3.7046,51.3591],[3.7073,51.3582],[3.711,51.356],[3.7136,51.3583],[3.7128,51.3571],[3.7111,51.3559],[3.7115,51.3552],[3.7118,51.3555],[3.7123,51.3553],[3.7124,51.3543],[3.7138,51.353],[3.7153,51.353],[3.7144,51.3537],[3.7159,51.3536],[3.7177,51.352],[3.7186,51.3523],[3.7185,51.3516],[3.7194,51.3518],[3.7203,51.3504],[3.7205,51.3508],[3.7226,51.3495],[3.7262,51.3489],[3.7285,51.349],[3.7295,51.3497],[3.7308,51.3494],[3.7305,51.3488],[3.7312,51.3487],[3.7416,51.3489],[3.7474,51.3482],[3.7581,51.3479],[3.759,51.3469],[3.7555,51.3436],[3.755,51.3413],[3.7553,51.3403],[3.7588,51.3396],[3.7588,51.339],[3.7684,51.3362],[3.7691,51.3361],[3.7691,51.337],[3.7692,51.336],[3.7695,51.337],[3.7696,51.3361],[3.7711,51.3364],[3.7696,51.3486],[3.7699,51.3495],[3.7716,51.3502],[3.771,51.3507],[3.7718,51.3502],[3.7786,51.35],[3.7789,51.351],[3.7788,51.35],[3.7811,51.35],[3.7812,51.3506],[3.7812,51.35],[3.7827,51.3499],[3.7828,51.3505],[3.7829,51.3499],[3.789,51.3496],[3.7923,51.3475],[3.7917,51.3474],[3.7923,51.3469],[3.797,51.3453],[3.7976,51.3458],[3.7983,51.3452],[3.7986,51.3906],[3.7979,51.395],[3.7907,51.3979],[3.7893,51.3998],[3.7829,51.4026],[3.7756,51.4052],[3.7752,51.4057],[3.7776,51.4091],[3.7765,51.4103],[3.7653,51.4104],[3.7639,51.4097],[3.7646,51.4106],[3.7574,51.4137],[3.7558,51.4137],[3.7559,51.4146],[3.755,51.4148],[3.7505,51.414],[3.7464,51.4128],[3.7465,51.4114],[3.7463,51.4127],[3.7456,51.4125],[3.7456,51.4113],[3.7454,51.4124],[3.744,51.4114],[3.7348,51.4111],[3.7271,51.414],[3.7254,51.415],[3.7234,51.4202],[3.7214,51.4198],[3.7233,51.4204],[3.7209,51.42],[3.7193,51.4192],[3.7208,51.42],[3.7232,51.4205],[3.7212,51.4203],[3.723,51.4206],[3.7207,51.4261],[3.7194,51.4267],[3.7155,51.4237],[3.7192,51.4268],[3.7176,51.427],[3.7141,51.4237],[3.7166,51.4261],[3.7162,51.4267],[3.7115,51.4246],[3.7157,51.4268],[3.7132,51.4312],[3.7114,51.4307],[3.7082,51.4303],[3.713,51.4315],[3.7112,51.4317],[3.7075,51.4311],[3.7111,51.4318],[3.7083,51.4351],[3.692,51.4441],[3.6852,51.447],[3.6818,51.4479],[3.68,51.4454],[3.6816,51.448],[3.6797,51.4489],[3.6781,51.4486],[3.6756,51.4467],[3.675,51.4468],[3.6778,51.4493],[3.6784,51.4507],[3.6806,51.4527],[3.6854,51.4569],[3.6869,51.4573],[3.6909,51.4566],[3.7019,51.4521],[3.7015,51.452],[3.7045,51.4504],[3.7069,51.4481],[3.7017,51.4433],[3.7015,51.4429],[3.7037,51.4417],[3.7047,51.4427],[3.7043,51.4429],[3.7051,51.443],[3.7103,51.4466],[3.7183,51.4424],[3.7192,51.4426],[3.7222,51.4449],[3.713,51.4501],[3.7125,51.4509],[3.7274,51.4564],[3.7255,51.4583],[3.7146,51.4542],[3.7117,51.4536],[3.7099,51.4548],[3.7053,51.4532],[3.6927,51.4588],[3.6937,51.4593],[3.6933,51.4597],[3.6951,51.4604],[3.6954,51.4602],[3.709,51.4656],[3.7111,51.4655],[3.7134,51.4634],[3.7165,51.4643],[3.7169,51.4649],[3.7156,51.4664],[3.7173,51.4689],[3.7168,51.469],[3.717,51.4693],[3.7184,51.4712],[3.7189,51.4711],[3.72,51.4725],[3.7214,51.4733],[3.7199,51.4749],[3.7188,51.4751],[3.7177,51.4746],[3.7147,51.4706],[3.7137,51.4707],[3.7121,51.4712],[3.7112,51.4721],[3.7105,51.4718],[3.7044,51.4782],[3.7007,51.4769],[3.7068,51.4705],[3.7042,51.4687],[3.7034,51.4674],[3.6993,51.4659],[3.6999,51.4654],[3.6992,51.4659],[3.6974,51.4655],[3.6977,51.465],[3.6862,51.4609],[3.684,51.4626],[3.6816,51.4625],[3.6786,51.4612],[3.6789,51.4603],[3.6781,51.46],[3.6764,51.4622],[3.6729,51.461],[3.6756,51.4576],[3.6739,51.4588],[3.6749,51.4573],[3.6732,51.4595],[3.6725,51.4593],[3.6741,51.4574],[3.6732,51.4571],[3.6714,51.4591],[3.6701,51.4589],[3.6696,51.4595],[3.6645,51.4578],[3.6655,51.4565],[3.6649,51.4564],[3.6624,51.4589],[3.6617,51.4581],[3.6585,51.4569],[3.6569,51.4553],[3.6569,51.4536],[3.6562,51.4531],[3.6565,51.4527],[3.6601,51.4525],[3.6672,51.4501],[3.6685,51.4482],[3.6682,51.4477],[3.6676,51.4479],[3.6666,51.4496],[3.6608,51.4517],[3.656,51.4518],[3.6514,51.4495],[3.6503,51.4499],[3.6507,51.4502],[3.6479,51.4503],[3.6437,51.4488],[3.6416,51.4476],[3.6414,51.4451],[3.6404,51.4435],[3.6323,51.4415],[3.6287,51.4415],[3.626,51.4423],[3.6232,51.4411],[3.6229,51.4416],[3.6225,51.441],[3.6197,51.4415],[3.6195,51.4412],[3.619,51.4416],[3.6189,51.4411],[3.6186,51.4416],[3.6091,51.4402],[3.6019,51.4431],[3.6005,51.4519],[3.597,51.4517],[3.5967,51.4514],[3.5972,51.4491],[3.5974,51.446],[3.5969,51.446],[3.5972,51.4438],[3.5987,51.4432],[3.5971,51.4437],[3.598,51.4431],[3.5975,51.4432],[3.5972,51.4426],[3.5954,51.4429],[3.597,51.4425],[3.5964,51.4425],[3.597,51.4421],[3.5965,51.4415],[3.6004,51.4403],[3.6009,51.4397],[3.5973,51.4408],[3.5945,51.4401],[3.5926,51.4412],[3.5899,51.4415],[3.584,51.4406],[3.5841,51.4394],[3.5838,51.4406],[3.5828,51.4404],[3.582,51.4395],[3.5821,51.439],[3.5799,51.4407],[3.5765,51.44],[3.5778,51.4387],[3.5757,51.4405],[3.5779,51.4416],[3.5776,51.4419],[3.5753,51.4409],[3.5755,51.4401],[3.5743,51.4405],[3.5757,51.4396],[3.5761,51.4383],[3.5758,51.4382],[3.5751,51.439],[3.5738,51.4396],[3.5691,51.4405],[3.5675,51.4437],[3.5636,51.4458],[3.563,51.4455],[3.5633,51.446],[3.5618,51.4472],[3.5603,51.4463],[3.5617,51.4472],[3.5598,51.4482],[3.5592,51.4478],[3.5597,51.4482],[3.5592,51.4485],[3.558,51.449],[3.5576,51.4486],[3.5579,51.449],[3.5563,51.4495],[3.556,51.4492],[3.5562,51.4496],[3.5549,51.4499],[3.5529,51.4493],[3.5533,51.4488],[3.5532,51.4484],[3.5528,51.4492],[3.5516,51.4489],[3.5501,51.4496],[3.5518,51.4495],[3.549,51.4517],[3.5482,51.452],[3.5478,51.4514],[3.544,51.4539],[3.5429,51.4531],[3.544,51.4539],[3.5423,51.4544],[3.5414,51.4536],[3.5423,51.4544],[3.5408,51.455],[3.5399,51.4543],[3.5408,51.455],[3.5394,51.4557],[3.5385,51.455],[3.5394,51.4557],[3.538,51.4564],[3.5368,51.4554],[3.5379,51.4564],[3.5365,51.457],[3.5354,51.4561],[3.5365,51.4571],[3.5351,51.4577],[3.5341,51.4569],[3.535,51.4577],[3.5337,51.4584],[3.5327,51.4576],[3.5337,51.4584],[3.5324,51.4592],[3.5314,51.4584],[3.5324,51.4592],[3.5311,51.46],[3.53,51.4593],[3.5311,51.46],[3.5299,51.4608],[3.5286,51.4601],[3.5298,51.4608],[3.5286,51.4615],[3.5274,51.4609],[3.5286,51.4616],[3.5275,51.4623],[3.5261,51.4617],[3.5274,51.4624],[3.5264,51.4631],[3.5249,51.4625],[3.5263,51.4632],[3.5243,51.465],[3.5229,51.4644],[3.5243,51.465],[3.5222,51.4668],[3.5208,51.4662],[3.5221,51.4668],[3.52,51.4687],[3.5186,51.4681],[3.52,51.4687],[3.5181,51.4706],[3.5166,51.47],[3.5181,51.4707],[3.5162,51.4726],[3.5146,51.4719],[3.5162,51.4726],[3.5148,51.4743],[3.513,51.4737],[3.5148,51.4744],[3.5136,51.4759],[3.5118,51.4752],[3.5136,51.476],[3.5123,51.4776],[3.5105,51.4769],[3.5123,51.4776],[3.511,51.4792],[3.5092,51.4785],[3.511,51.4792],[3.5097,51.4808],[3.508,51.4801],[3.5096,51.4808],[3.5084,51.4822],[3.5065,51.4817],[3.5082,51.4824],[3.507,51.4839],[3.5052,51.4833],[3.5069,51.484],[3.5053,51.4854],[3.5038,51.4849],[3.5052,51.4854],[3.5038,51.4869],[3.5024,51.4864],[3.5037,51.487],[3.5022,51.4885],[3.5002,51.4877],[3.5022,51.4885],[3.5011,51.4901],[3.4991,51.4894],[3.501,51.4902],[3.4992,51.4915],[3.4969,51.4906],[3.4991,51.4916],[3.4971,51.4928],[3.4961,51.4924],[3.4971,51.4929],[3.4951,51.4941],[3.4934,51.4932],[3.4951,51.4942],[3.4933,51.4952],[3.4916,51.4944],[3.4932,51.4952],[3.4914,51.4962],[3.49,51.4955],[3.4913,51.4963],[3.4894,51.4973],[3.4879,51.4964],[3.4893,51.4973],[3.4889,51.4975],[3.4869,51.4981],[3.4861,51.4973],[3.4869,51.4981],[3.485,51.4986],[3.4842,51.4979],[3.485,51.4986],[3.4835,51.4992],[3.4827,51.4984],[3.4834,51.4992],[3.4818,51.4996],[3.4809,51.4988],[3.4818,51.4996],[3.4803,51.5003],[3.4794,51.4995],[3.4802,51.5003],[3.4791,51.501],[3.4779,51.5001],[3.479,51.501],[3.4774,51.5017],[3.4762,51.5007],[3.4773,51.5018],[3.4759,51.5025],[3.4747,51.5016],[3.4758,51.5025],[3.4743,51.5033],[3.4731,51.5023],[3.4741,51.5034],[3.4726,51.504],[3.4713,51.5029],[3.4725,51.504],[3.4709,51.5048],[3.4698,51.5038],[3.4708,51.5048],[3.4702,51.5051],[3.4693,51.5055],[3.468,51.5044],[3.4693,51.5055],[3.4687,51.5058],[3.4677,51.5063],[3.4665,51.5052],[3.4664,51.5052],[3.4676,51.5063],[3.4668,51.5067],[3.466,51.507],[3.4648,51.506],[3.4659,51.507],[3.4642,51.5077],[3.4631,51.5066],[3.4642,51.5077],[3.4626,51.5084],[3.4614,51.5073],[3.4626,51.5085],[3.461,51.5092],[3.4599,51.5082],[3.461,51.5092],[3.4594,51.51],[3.4582,51.5089],[3.4593,51.51],[3.4582,51.5106],[3.457,51.5095],[3.4582,51.5106],[3.4571,51.5111],[3.4557,51.5101],[3.457,51.5111],[3.4559,51.5118],[3.4543,51.5107],[3.4558,51.5118],[3.4547,51.5124],[3.453,51.5115],[3.4547,51.5124],[3.4535,51.5131],[3.4518,51.5123],[3.4535,51.5132],[3.4524,51.514],[3.4505,51.5131],[3.4523,51.514],[3.4512,51.5148],[3.4494,51.514],[3.4512,51.5148],[3.45,51.5157],[3.4482,51.5148],[3.45,51.5157],[3.4489,51.5165],[3.4473,51.5157],[3.4489,51.5165],[3.4478,51.5174],[3.4461,51.5166],[3.4478,51.5174],[3.4469,51.5183],[3.4454,51.5177],[3.4468,51.5184],[3.4459,51.5194],[3.4437,51.5182],[3.4459,51.5194],[3.4457,51.5198],[3.4449,51.5203],[3.4436,51.5196],[3.4448,51.5203],[3.4435,51.5211],[3.4415,51.5199],[3.4434,51.5211],[3.442,51.5217],[3.4411,51.5212],[3.4419,51.5218],[3.4411,51.522],[3.4401,51.522],[3.4397,51.5213],[3.44,51.522],[3.4391,51.5226],[3.4396,51.523],[3.4369,51.5259],[3.4358,51.5259],[3.4353,51.5258],[3.4362,51.5256],[3.4348,51.5254],[3.4337,51.5262],[3.4326,51.526],[3.434,51.5263],[3.4334,51.5273],[3.4323,51.5274],[3.4334,51.5274],[3.4333,51.5283],[3.432,51.5284],[3.4333,51.5284],[3.4334,51.5294],[3.4321,51.5294],[3.4334,51.5294],[3.4335,51.5304],[3.4322,51.5305],[3.4335,51.5304],[3.4337,51.5313],[3.4324,51.5314],[3.4337,51.5313],[3.4362,51.5403],[3.4383,51.5424],[3.443,51.5445],[3.4424,51.5452],[3.4431,51.5445],[3.4443,51.5449],[3.4437,51.5457],[3.4443,51.545],[3.4455,51.5454],[3.4448,51.5462],[3.4456,51.5454],[3.4468,51.5459],[3.4461,51.5466],[3.4469,51.546],[3.448,51.5464],[3.4474,51.547],[3.4481,51.5464],[3.4494,51.547],[3.4488,51.5476],[3.4495,51.547],[3.4507,51.5475],[3.4502,51.5482],[3.4508,51.5476],[3.452,51.548],[3.4515,51.5485],[3.4521,51.5481],[3.4536,51.5487],[3.4531,51.5493],[3.4537,51.5487],[3.4553,51.5491],[3.4546,51.5498],[3.4554,51.5492],[3.4569,51.5495],[3.4565,51.5499],[3.457,51.5495],[3.4578,51.5498],[3.4583,51.55],[3.4577,51.5505],[3.4584,51.5501],[3.4605,51.5511],[3.4597,51.5519],[3.4606,51.5511],[3.4626,51.5519],[3.4619,51.5525],[3.4627,51.5519],[3.4632,51.552],[3.465,51.5529],[3.4641,51.5537],[3.4651,51.5529],[3.4673,51.554],[3.4659,51.5552],[3.4674,51.554],[3.4696,51.5551],[3.4685,51.5561],[3.4696,51.5551],[3.4719,51.5562],[3.4705,51.5575],[3.472,51.5562],[3.4731,51.5568],[3.4724,51.5574],[3.4732,51.5568],[3.4742,51.5573],[3.4734,51.5581],[3.4746,51.5571],[3.4743,51.5574],[3.4754,51.5579],[3.4746,51.5587],[3.4755,51.558],[3.4766,51.5584],[3.4749,51.5599],[3.4767,51.5584],[3.4792,51.5593],[3.478,51.5604],[3.4793,51.5593],[3.4816,51.5603],[3.4797,51.5621],[3.4817,51.5604],[3.484,51.5614],[3.4827,51.5626],[3.4841,51.5615],[3.4863,51.5626],[3.4845,51.5642],[3.4864,51.5626],[3.4887,51.5636],[3.4874,51.5649],[3.4888,51.5637],[3.491,51.5647],[3.4893,51.5663],[3.4913,51.5649],[3.4935,51.5657],[3.4923,51.5669],[3.4936,51.5658],[3.496,51.5667],[3.4946,51.5682],[3.496,51.5668],[3.4985,51.5677],[3.4976,51.5687],[3.4986,51.5677],[3.5011,51.5686],[3.4997,51.57],[3.5011,51.5687],[3.5038,51.5694],[3.5028,51.5705],[3.5039,51.5694],[3.5057,51.5699],[3.5064,51.5702],[3.5056,51.5712],[3.5065,51.5703],[3.509,51.5713],[3.5082,51.5722],[3.5091,51.5713],[3.5116,51.5723],[3.5108,51.5731],[3.5117,51.5723],[3.5141,51.5732],[3.5132,51.5741],[3.5142,51.5732],[3.5165,51.5741],[3.5155,51.5751],[3.5165,51.5741],[3.5191,51.5751],[3.5181,51.576],[3.5192,51.5751],[3.5214,51.576],[3.5205,51.5772],[3.5215,51.576],[3.5239,51.577],[3.5227,51.5783],[3.524,51.577],[3.5264,51.578],[3.5249,51.5794],[3.5264,51.5781],[3.5272,51.5781],[3.5317,51.5796],[3.5305,51.5808],[3.5317,51.5796],[3.5339,51.5803],[3.5365,51.5815],[3.5353,51.5826],[3.5366,51.5816],[3.5389,51.5826],[3.5376,51.5837],[3.539,51.5826],[3.5397,51.583],[3.5411,51.5837],[3.5399,51.5848],[3.5412,51.5837],[3.5415,51.5839],[3.5434,51.5848],[3.5423,51.5859],[3.5434,51.5849],[3.5456,51.586],[3.5446,51.587],[3.5457,51.5861],[3.5477,51.5873],[3.547,51.588],[3.5478,51.5874],[3.5524,51.5895],[3.5519,51.59],[3.5524,51.5895],[3.5551,51.5902],[3.5549,51.5905],[3.5584,51.5903],[3.5569,51.592],[3.5585,51.5903],[3.5611,51.5909],[3.5603,51.5919],[3.5612,51.591],[3.564,51.5915],[3.5621,51.5936],[3.5641,51.5915],[3.5667,51.5922],[3.5659,51.5932],[3.5668,51.5922],[3.5765,51.5943],[3.5871,51.5949],[3.5891,51.5943],[3.5973,51.5945],[3.5988,51.5941],[3.5859,51.5941],[3.6067,51.593],[3.6123,51.5922],[3.6165,51.5906],[3.6212,51.5901],[3.6291,51.5904],[3.6298,51.5895],[3.6293,51.5891],[3.6299,51.588],[3.6317,51.589],[3.6482,51.5916],[3.6668,51.5952],[3.6752,51.5986],[3.6808,51.6002],[3.6822,51.6018],[3.6838,51.6148],[3.6827,51.6153],[3.6824,51.6163],[3.6765,51.6183],[3.6741,51.6202],[3.675,51.6205],[3.6771,51.619],[3.6818,51.6173],[3.6821,51.618],[3.6838,51.6185],[3.6824,51.6195],[3.6828,51.6207],[3.6804,51.621],[3.6791,51.6199],[3.6788,51.6216],[3.6769,51.6225],[3.6726,51.6224],[3.6683,51.6214],[3.6676,51.6219],[3.6733,51.6232],[3.6817,51.6231],[3.6863,51.6284],[3.6934,51.6342],[3.6981,51.6389],[3.6972,51.6398],[3.6972,51.641],[3.6981,51.6423],[3.6994,51.6432],[3.7025,51.6441],[3.7042,51.6439],[3.7034,51.6428],[3.7016,51.6431],[3.6984,51.6405],[3.6993,51.6391],[3.7027,51.6376],[3.7073,51.6404],[3.7054,51.6419],[3.7044,51.6413],[3.7057,51.6427],[3.7085,51.6435],[3.7139,51.6425],[3.7194,51.6492],[3.7188,51.6499],[3.7191,51.6509],[3.7155,51.6529],[3.7152,51.6541],[3.7168,51.6552],[3.7214,51.6554],[3.7228,51.6565],[3.7225,51.6627],[3.7211,51.664],[3.7158,51.666],[3.7102,51.6665],[3.6994,51.6715],[3.6989,51.6712],[3.6993,51.6715],[3.6977,51.6725],[3.6968,51.6723],[3.6974,51.6727],[3.6936,51.6754],[3.6927,51.675],[3.6935,51.6754],[3.6907,51.6775],[3.6898,51.6781],[3.6884,51.6775],[3.6897,51.6782],[3.6868,51.6812],[3.6857,51.6808],[3.6868,51.6813],[3.6845,51.6845],[3.6829,51.6841],[3.6844,51.6846],[3.6824,51.6878],[3.6806,51.6875],[3.6824,51.6879],[3.6812,51.6914],[3.679,51.691],[3.6812,51.6914],[3.68,51.6949],[3.6781,51.6946],[3.68,51.6949],[3.6794,51.6984],[3.6776,51.6983],[3.6794,51.6984],[3.6794,51.7073],[3.6801,51.7099],[3.6816,51.7123],[3.6805,51.7126],[3.6816,51.7123],[3.6841,51.7154],[3.6832,51.7157],[3.6842,51.7154],[3.6859,51.717],[3.6869,51.7184],[3.6862,51.7188],[3.687,51.7185],[3.6897,51.7207],[3.6982,51.7256],[3.7102,51.7316],[3.7163,51.736],[3.7239,51.7393],[3.7244,51.7393],[3.72,51.7369],[3.7242,51.7383],[3.7254,51.7384],[3.7258,51.738],[3.7218,51.7361],[3.7171,51.735],[3.7156,51.7336],[3.71,51.7306],[3.717,51.7313],[3.7264,51.7341],[3.7305,51.7341],[3.7371,51.736],[3.729,51.736],[3.7267,51.7367],[3.7269,51.7373],[3.7366,51.7369],[3.7451,51.7376],[3.7514,51.7395],[3.7678,51.7431],[3.7802,51.7433],[3.7917,51.7443],[3.8026,51.7429],[3.8115,51.7407],[3.8163,51.7405],[3.8193,51.7411],[3.8224,51.7436],[3.824,51.746],[3.8221,51.7475],[3.8227,51.7482],[3.8245,51.7486],[3.8229,51.7498],[3.8231,51.7503],[3.8256,51.7511],[3.8277,51.7533],[3.8312,51.7556],[3.8391,51.7582],[3.8386,51.759],[3.839,51.7597],[3.8424,51.7622],[3.846,51.7634],[3.8517,51.7671],[3.857,51.7687],[3.8599,51.7709],[3.8629,51.7756],[3.862,51.7762],[3.863,51.7758],[3.8647,51.7785],[3.8642,51.7787],[3.8648,51.7787],[3.8652,51.7792],[3.8644,51.78],[3.8617,51.7799],[3.8607,51.7789],[3.8607,51.7776],[3.8605,51.7788],[3.8612,51.7798],[3.8623,51.7802],[3.8649,51.7804],[3.8655,51.7822],[3.8652,51.7845],[3.8631,51.7899],[3.8554,51.8025],[3.8548,51.8052],[3.8558,51.8091],[3.8588,51.8132],[3.8675,51.8189],[3.8804,51.8217],[3.9015,51.8278],[3.9025,51.8278],[3.8962,51.8257],[3.9054,51.8261],[3.9147,51.828],[3.9292,51.8324],[3.933,51.8345],[3.9527,51.8413],[3.9567,51.8433],[3.9619,51.845],[3.9627,51.8448],[3.9624,51.8443],[3.944,51.8372],[3.9429,51.8364],[3.9445,51.8363],[3.9539,51.8393],[3.9537,51.8388],[3.954,51.8383],[3.954,51.8388],[3.9579,51.8405],[3.9602,51.841],[3.961,51.8409],[3.9611,51.8405],[3.9726,51.8433],[3.9721,51.8435],[3.9735,51.8434],[3.9725,51.8428],[3.976,51.8434],[3.9797,51.8435],[3.982,51.842],[3.9811,51.8414],[3.9779,51.841],[3.9762,51.8403],[3.9769,51.8413],[3.9783,51.8411],[3.9792,51.8413],[3.9777,51.8412],[3.9773,51.8413],[3.9783,51.8416],[3.9775,51.8416],[3.9738,51.8408],[3.9765,51.841],[3.975,51.84],[3.974,51.8404],[3.9739,51.8401],[3.9718,51.8398],[3.971,51.8408],[3.9708,51.8401],[3.9677,51.8392],[3.9726,51.8393],[3.9785,51.8407],[3.9856,51.8417],[3.9906,51.8418],[3.9917,51.8416],[3.9923,51.841],[3.9909,51.8408],[3.991,51.8402],[3.9897,51.8399],[3.9932,51.8399],[3.9925,51.8407],[3.9931,51.8416],[3.9948,51.8412],[3.9952,51.8404],[3.9941,51.8396],[3.9941,51.8391],[3.9944,51.8382],[3.9942,51.8396],[3.9954,51.8404],[3.995,51.8417],[3.9953,51.8422],[3.9968,51.8425],[3.9997,51.8412],[4.0005,51.8411],[3.9996,51.8418],[3.9998,51.8423],[4.0041,51.843],[4.0066,51.8429],[4.0085,51.8426],[4.0151,51.8402],[4.0138,51.8397],[4.0139,51.8393],[4.0126,51.84],[4.012,51.8401],[4.0132,51.8393],[4.0123,51.8387],[4.0114,51.8388],[4.0101,51.8401],[4.0071,51.8404],[4.01,51.8398],[4.0112,51.8385],[4.0094,51.8384],[4.0095,51.8382],[4.0117,51.8384],[4.0124,51.8381],[4.0119,51.8371],[4.0124,51.8365],[4.0114,51.8358],[4.0066,51.8367],[4.0068,51.837],[4.0064,51.8371],[4.0066,51.8366],[4.0097,51.8358],[4.0098,51.8347],[4.0093,51.8343],[4.0069,51.8345],[4.0064,51.8353],[4.0037,51.8363],[4.0031,51.8364],[4.0006,51.8371],[3.9993,51.8375],[3.9992,51.8374],[4.0063,51.8352],[4.0068,51.8344],[4.0093,51.8341],[4.0107,51.8353],[4.0138,51.8363],[4.0151,51.8349],[4.015,51.8344],[4.0194,51.8331],[4.0204,51.8319],[4.0272,51.829],[4.0288,51.8291],[4.0316,51.831],[4.0342,51.8316],[4.0343,51.8312],[4.0323,51.8304],[4.0289,51.828],[4.0292,51.8275],[4.0288,51.8267],[4.0304,51.827],[4.0304,51.8265],[4.036,51.8236],[4.0371,51.8244],[4.0383,51.8244],[4.0379,51.8247],[4.0381,51.8253],[4.0331,51.8279],[4.0333,51.8296],[4.0397,51.8281],[4.0417,51.8283],[4.0437,51.8297],[4.0447,51.8292],[4.0544,51.8364],[4.0533,51.8369],[4.0563,51.8392],[4.0614,51.8419],[4.0666,51.8437],[4.0679,51.8469],[4.068,51.8489],[4.0657,51.8528],[4.0618,51.8561],[4.0524,51.8664],[4.0373,51.8796],[4.0306,51.8842],[4.0294,51.8864],[4.0296,51.8897],[4.0309,51.8924],[4.0355,51.896],[4.0417,51.9025],[4.041,51.9006],[4.0457,51.9064],[4.0471,51.907],[4.048,51.909],[4.0481,51.9104],[4.0489,51.9107],[4.0497,51.9102],[4.0489,51.9099],[4.0482,51.9071],[4.0423,51.9016],[4.0481,51.9065],[4.0502,51.9072],[4.0522,51.909],[4.0518,51.9094],[4.0508,51.9086],[4.0501,51.9087],[4.0512,51.9114],[4.0511,51.9126],[4.0536,51.915],[4.0552,51.915],[4.053,51.9155],[4.0528,51.916],[4.0534,51.916],[4.0531,51.9162],[4.0537,51.9165],[4.0519,51.9179],[4.052,51.9183],[4.0527,51.9184],[4.0468,51.9217],[4.0425,51.9234],[4.0395,51.9239],[4.0372,51.9237],[4.0341,51.9225],[4.032,51.9225],[4.0259,51.9212],[4.032,51.9214],[4.0314,51.921],[4.0281,51.9208],[4.0298,51.9206],[4.0292,51.9204],[4.0191,51.9206],[4.0164,51.9189],[4.0109,51.9187],[3.9991,51.9157],[4.0058,51.9159],[4.0061,51.9163],[4.0061,51.9158],[4.0069,51.9158],[4.0018,51.9156],[4.0007,51.9152],[3.9961,51.9152],[3.9928,51.916],[3.9931,51.9165],[3.9941,51.916],[3.9951,51.9162],[3.9899,51.919],[3.9901,51.9195],[3.9895,51.92],[3.9868,51.9206],[3.9864,51.9202],[3.9866,51.9196],[3.9897,51.918],[3.989,51.9179],[3.9853,51.9193],[3.9856,51.917],[3.9877,51.9165],[3.9852,51.9162],[3.9834,51.9188],[3.9821,51.9228],[3.9761,51.9343],[3.9635,51.9542],[3.9623,51.9591],[3.9626,51.9623],[3.9639,51.9654],[3.9661,51.9687],[3.97,51.9731],[3.9743,51.9773],[3.9764,51.9787],[3.9771,51.9804],[3.9807,51.9836],[3.9852,51.9855],[4.001,51.9888],[4.0085,51.9889],[4.0235,51.9856],[4.0277,51.9869],[4.0327,51.9875],[4.0363,51.9872],[4.0417,51.986],[4.0473,51.9948],[4.0482,51.9942],[4.0964,51.9843],[4.097,51.985],[4.1128,51.9936],[4.1374,52.0099],[4.1594,52.0279],[4.1692,52.0345],[4.1693,52.0351],[4.1772,52.0436],[4.1835,52.0523],[4.1876,52.0564],[4.1903,52.0579],[4.2012,52.0612],[4.201,52.0604],[4.2003,52.06],[4.1918,52.0574],[4.1902,52.0565],[4.1868,52.0531],[4.1872,52.0523],[4.1889,52.0516],[4.1919,52.0522],[4.1984,52.0572],[4.2047,52.0603],[4.2061,52.0616],[4.2036,52.0611],[4.2031,52.0613],[4.2033,52.062],[4.2126,52.0665],[4.2189,52.0702],[4.2257,52.0745],[4.2382,52.0836],[4.2551,52.0979],[4.2561,52.0997],[4.2536,52.1014],[4.2525,52.104],[4.253,52.1039],[4.2547,52.1009],[4.2561,52.1001],[4.2567,52.1005],[4.2566,52.0999],[4.2579,52.0989],[4.2605,52.0987],[4.2607,52.0982],[4.259,52.0978],[4.2594,52.097],[4.2611,52.0973],[4.264,52.0969],[4.2647,52.0975],[4.2636,52.0982],[4.2642,52.0986],[4.2667,52.0974],[4.2632,52.0948],[4.2638,52.0943],[4.2717,52.0996],[4.2708,52.1001],[4.267,52.0976],[4.2654,52.0987],[4.2687,52.1011],[4.2672,52.1019],[4.2633,52.0991],[4.2636,52.0989],[4.2613,52.0992],[4.2607,52.0996],[4.2612,52.1005],[4.2588,52.1015],[4.2578,52.1013],[4.2586,52.1017],[4.2579,52.1033],[4.2558,52.104],[4.258,52.1038],[4.2589,52.1023],[4.2613,52.1029],[4.2817,52.1162],[4.2799,52.1172],[4.2792,52.1168],[4.2791,52.1172],[4.2799,52.1173],[4.2797,52.1179],[4.2804,52.1171],[4.2811,52.1175],[4.2812,52.1172],[4.2805,52.1171],[4.2818,52.1163],[4.2995,52.1264],[4.3116,52.1347],[4.334,52.152],[4.3638,52.1771],[4.3819,52.1944],[4.3889,52.2038],[4.3969,52.212],[4.3975,52.2121],[4.3998,52.2106],[4.4004,52.2111],[4.398,52.2126],[4.3985,52.2126],[4.3997,52.2148],[4.406,52.2204],[4.4123,52.2269],[4.4332,52.2521],[4.4486,52.2691],[4.472,52.2984],[4.4769,52.3055],[4.4933,52.327],[4.4992,52.3354],[4.5254,52.3766],[4.5347,52.3903],[4.5422,52.403],[4.5521,52.4177],[4.5566,52.4266],[4.5596,52.4379],[4.5602,52.4381],[4.5607,52.4401],[4.5609,52.4432],[4.5621,52.4461],[4.5626,52.4463],[4.5602,52.447],[4.5581,52.4546],[4.5564,52.457],[4.555,52.4577],[4.5536,52.4595],[4.5537,52.4608],[4.5383,52.458],[4.5363,52.4587],[4.5335,52.4609],[4.5325,52.4623],[4.532,52.4639],[4.5325,52.4639],[4.5327,52.4625],[4.5348,52.4601],[4.5368,52.4587],[4.5388,52.4582],[4.5544,52.4616],[4.5548,52.462],[4.5545,52.4624],[4.5557,52.4625],[4.5562,52.4623],[4.5553,52.4621],[4.5586,52.461],[4.5591,52.4615],[4.5587,52.461],[4.559,52.4608],[4.5583,52.461],[4.558,52.4606],[4.5599,52.457],[4.5651,52.458],[4.565,52.459],[4.5619,52.4599],[4.5626,52.4598],[4.5644,52.4617],[4.5644,52.4624],[4.5632,52.4626],[4.5692,52.4625],[4.5695,52.4623],[4.5677,52.4597],[4.5693,52.4593],[4.5713,52.4622],[4.5785,52.4629],[4.5788,52.4624],[4.5772,52.4615],[4.5796,52.4595],[4.5778,52.4582],[4.5806,52.4587],[4.5864,52.4565],[4.5872,52.4572],[4.5818,52.4593],[4.5803,52.4612],[4.5816,52.4625],[4.5942,52.4577],[4.5962,52.4583],[4.5826,52.4633],[4.5903,52.4636],[4.5903,52.4647],[4.5868,52.4646],[4.5903,52.4652],[4.5965,52.4653],[4.5971,52.4657],[4.5965,52.4663],[4.5916,52.4664],[4.5913,52.4669],[4.5917,52.4673],[4.6004,52.4668],[4.6047,52.467],[4.6051,52.4672],[4.6048,52.4675],[4.6057,52.4675],[4.6057,52.4679],[4.6049,52.468],[4.605,52.4684],[4.6009,52.4692],[4.5921,52.4698],[4.5943,52.4702],[4.6014,52.4698],[4.6015,52.4707],[4.6001,52.4709],[4.6014,52.471],[4.6015,52.4715],[4.6007,52.4718],[4.5972,52.4711],[4.5948,52.4713],[4.5988,52.4724],[4.6089,52.4721],[4.6091,52.4729],[4.5998,52.4743],[4.5962,52.4733],[4.5956,52.4738],[4.5864,52.4717],[4.5856,52.4722],[4.5848,52.4721],[4.5824,52.4705],[4.5789,52.4695],[4.5676,52.4677],[4.5577,52.4678],[4.5539,52.4665],[4.5567,52.4679],[4.5486,52.4692],[4.5437,52.4683],[4.5428,52.4674],[4.5422,52.4675],[4.543,52.4684],[4.548,52.4694],[4.5579,52.4681],[4.5648,52.4681],[4.5665,52.4707],[4.5715,52.4755],[4.5803,52.4869],[4.5819,52.4908],[4.5856,52.4969],[4.5888,52.5032],[4.5935,52.5141],[4.6003,52.5362],[4.6041,52.5526],[4.61,52.5726],[4.6118,52.5801],[4.6131,52.5882],[4.6144,52.5921],[4.6173,52.6102],[4.6175,52.6151],[4.6199,52.6237],[4.6206,52.6286],[4.6214,52.6293],[4.6227,52.6382],[4.623,52.6384],[4.6232,52.6372],[4.6239,52.6403],[4.6231,52.6398],[4.6232,52.6388],[4.6229,52.6389],[4.6229,52.6397],[4.6236,52.6417],[4.6242,52.6415],[4.6239,52.6423],[4.6248,52.6462],[4.6252,52.655],[4.6278,52.6683],[4.6331,52.6847],[4.6336,52.6898],[4.6314,52.69],[4.6336,52.6899],[4.6339,52.6912],[4.6361,52.7041],[4.6359,52.7116],[4.6365,52.7139],[4.6367,52.7201],[4.6384,52.7199],[4.6387,52.7172],[4.6393,52.7171],[4.6396,52.7175],[4.6397,52.7232],[4.6385,52.7238],[4.6384,52.7202],[4.6356,52.721],[4.6345,52.7236],[4.6349,52.726],[4.6383,52.7329],[4.6388,52.7373],[4.6419,52.7458],[4.6425,52.7492],[4.6456,52.7564],[4.6491,52.7629],[4.6549,52.772],[4.6674,52.7865],[4.672,52.7948],[4.6755,52.7998],[4.6803,52.8102],[4.6847,52.823],[4.6861,52.8257],[4.6857,52.8265],[4.6841,52.8268],[4.6857,52.8266],[4.6864,52.8281],[4.6849,52.8286],[4.6864,52.8285],[4.6868,52.8293],[4.687,52.8301],[4.6856,52.8304],[4.687,52.8303],[4.6875,52.8319],[4.6864,52.8322],[4.6877,52.8321],[4.6884,52.8337],[4.6871,52.834],[4.6884,52.834],[4.6892,52.8355],[4.688,52.8358],[4.6892,52.8357],[4.69,52.8365],[4.6901,52.8372],[4.6888,52.8376],[4.6901,52.8374],[4.6906,52.838],[4.6913,52.8397],[4.6899,52.8401],[4.6914,52.84],[4.6925,52.8424],[4.6913,52.8427],[4.6924,52.8425],[4.6935,52.8451],[4.6923,52.8453],[4.6935,52.8452],[4.6948,52.8478],[4.7051,52.8709],[4.7094,52.8844],[4.7104,52.8884],[4.7111,52.8935],[4.7118,52.8951],[4.7137,52.9185],[4.713,52.9287],[4.7137,52.9336],[4.7136,52.934],[4.7117,52.9341],[4.7136,52.9341],[4.7139,52.9345],[4.7142,52.9375],[4.717,52.946],[4.7169,52.9465],[4.7155,52.9467],[4.7169,52.9466],[4.7174,52.9473],[4.7164,52.9484],[4.7175,52.9475],[4.7186,52.9497],[4.7179,52.95],[4.7188,52.9501],[4.72,52.9521],[4.7201,52.953],[4.7204,52.9524],[4.7216,52.9534],[4.7213,52.9537],[4.7217,52.9535],[4.7225,52.9541],[4.7248,52.9567],[4.7247,52.957],[4.7249,52.9568],[4.7307,52.9625],[4.7427,52.9641],[4.7488,52.9644],[4.7559,52.9639],[4.7629,52.9654],[4.779,52.965],[4.7796,52.9654],[4.7777,52.964],[4.7777,52.9629],[4.779,52.9636],[4.7783,52.9628],[4.7812,52.9647],[4.7825,52.9645],[4.7835,52.9657],[4.7846,52.9662],[4.785,52.9658],[4.7833,52.964],[4.7846,52.9628],[4.7836,52.9623],[4.7811,52.9634],[4.7804,52.9627],[4.7827,52.9617],[4.7803,52.9626],[4.7796,52.962],[4.7811,52.9613],[4.7795,52.9619],[4.7777,52.9609],[4.7752,52.9609],[4.7744,52.9604],[4.7753,52.9601],[4.7792,52.9545],[4.7809,52.9553],[4.7788,52.9579],[4.779,52.9583],[4.7782,52.9594],[4.7792,52.9583],[4.7803,52.9586],[4.7797,52.9598],[4.7801,52.9593],[4.7814,52.9596],[4.7802,52.9592],[4.7805,52.9587],[4.7832,52.9592],[4.7812,52.9586],[4.7817,52.9579],[4.7838,52.9584],[4.7817,52.9578],[4.7822,52.9571],[4.7843,52.9577],[4.7823,52.957],[4.7828,52.9563],[4.7852,52.9569],[4.7856,52.9543],[4.7863,52.9542],[4.7873,52.9544],[4.7867,52.957],[4.7873,52.9571],[4.788,52.9545],[4.7921,52.955],[4.7909,52.9575],[4.7915,52.9576],[4.7928,52.9552],[4.7944,52.9555],[4.7933,52.9572],[4.7941,52.9566],[4.7973,52.9575],[4.7963,52.9575],[4.7955,52.9588],[4.7931,52.9586],[4.7981,52.9596],[4.7966,52.9619],[4.7955,52.9617],[4.7961,52.9607],[4.7957,52.9606],[4.7954,52.9617],[4.7944,52.9615],[4.7948,52.9602],[4.7934,52.9599],[4.7921,52.9621],[4.7896,52.9626],[4.7897,52.963],[4.7959,52.9645],[4.8013,52.9645],[4.8034,52.9592],[4.8017,52.9531],[4.7928,52.9441],[4.792,52.9421],[4.7919,52.9381],[4.7914,52.9376],[4.7914,52.936],[4.7922,52.9357],[4.7917,52.9356],[4.7921,52.933],[4.7932,52.9329],[4.7933,52.9346],[4.7934,52.933],[4.7948,52.9333],[4.7941,52.9327],[4.7946,52.9295],[4.8033,52.9174],[4.8049,52.9159],[4.8071,52.9159],[4.8098,52.9147],[4.8098,52.9143],[4.8093,52.9144],[4.8081,52.9136],[4.8063,52.914],[4.8062,52.9133],[4.8069,52.9125],[4.8087,52.9112],[4.8117,52.9109],[4.8135,52.9094],[4.8418,52.8992],[4.8462,52.8995],[4.8491,52.8992],[4.8505,52.8982],[4.8499,52.8971],[4.8487,52.8984],[4.8476,52.8986],[4.8462,52.8982],[4.849,52.897],[4.8526,52.8965],[4.855,52.8949],[4.8678,52.8901],[4.8746,52.8883],[4.8831,52.889],[4.9071,52.8938],[4.9102,52.8954],[4.9136,52.8964],[4.9193,52.8994],[4.9356,52.9037],[4.9367,52.9046],[4.9361,52.9048],[4.9358,52.9062],[4.936,52.9068],[4.9369,52.9078],[4.9361,52.906],[4.9373,52.9056],[4.9385,52.9063],[4.9376,52.9071],[4.942,52.9102],[4.9432,52.9104],[4.9433,52.9096],[4.9441,52.9094],[4.946,52.91],[4.9546,52.9167],[4.9569,52.9201],[4.9574,52.9236],[4.9582,52.9249],[4.9652,52.9291],[4.9681,52.9303],[4.9682,52.9308],[4.9685,52.9303],[4.98,52.9317],[4.9866,52.9317],[4.9869,52.9322],[4.9969,52.9347],[5.0028,52.9357],[5.0052,52.9357],[5.0084,52.9346],[5.0124,52.9339],[5.0206,52.9348],[5.0239,52.9361],[5.0252,52.937],[5.0251,52.9373],[5.0267,52.9382],[5.0268,52.9401],[5.0274,52.9403],[5.0271,52.9415],[5.0242,52.9426],[5.0259,52.944],[5.0262,52.9438],[5.0252,52.9425],[5.0289,52.941],[5.0304,52.9429],[5.0353,52.9409],[5.0385,52.9428],[5.0357,52.9407],[5.0372,52.9397],[5.0363,52.9397],[5.0365,52.94],[5.0361,52.9402],[5.0318,52.9422],[5.0303,52.9421],[5.0292,52.9409],[5.0336,52.9386],[5.0354,52.9393],[5.0337,52.938],[5.033,52.9385],[5.0314,52.9371],[5.0327,52.9365],[5.0336,52.9377],[5.0334,52.9367],[5.038,52.9334],[5.0395,52.9341],[5.0352,52.9376],[5.0392,52.9348],[5.0411,52.9343],[5.0419,52.9347],[5.042,52.9357],[5.0396,52.938],[5.0433,52.9357],[5.0489,52.9381],[5.0493,52.9389],[5.0483,52.9401],[5.0486,52.9407],[5.0542,52.9411],[5.2016,53.0186],[5.2017,53.021],[5.2051,53.0225],[5.2053,53.0222],[5.2022,53.0205],[5.2033,53.0198],[5.2055,53.0209],[5.205,53.0216],[5.2064,53.0211],[5.2932,53.0665],[5.2919,53.0677],[5.2936,53.0667],[5.3012,53.0693],[5.3236,53.0728],[5.3249,53.0745],[5.3232,53.0787],[5.3241,53.0792],[5.3271,53.0795],[5.3237,53.0787],[5.3258,53.0737],[5.3274,53.073],[5.329,53.0736],[5.331,53.0736],[5.3323,53.0747],[5.3315,53.0775],[5.3333,53.0793],[5.3334,53.0797],[5.3328,53.0803],[5.3343,53.0796],[5.3322,53.0779],[5.332,53.0772],[5.3329,53.0751],[5.3344,53.0741],[5.3354,53.0743],[5.3355,53.0755],[5.3344,53.0785],[5.3352,53.0772],[5.3367,53.0772],[5.3383,53.0751],[5.3457,53.0767],[5.3506,53.0788],[5.3779,53.0949],[5.3807,53.0982],[5.3824,53.1046],[5.3784,53.1082],[5.379,53.1081],[5.3809,53.1088],[5.3807,53.1091],[5.3811,53.1088],[5.3828,53.1095],[5.3826,53.1098],[5.383,53.1095],[5.3851,53.1103],[5.385,53.1106],[5.3853,53.1104],[5.3874,53.1112],[5.3872,53.1114],[5.3876,53.1112],[5.3956,53.1142],[5.3961,53.1145],[5.3953,53.1151],[5.3961,53.1145],[5.3995,53.1163],[5.3985,53.117],[5.3995,53.1164],[5.4,53.1167],[5.4013,53.118],[5.4004,53.1186],[5.4014,53.1181],[5.4029,53.1198],[5.4018,53.1202],[5.4029,53.1198],[5.4044,53.1215],[5.4032,53.122],[5.4044,53.1216],[5.4057,53.1254],[5.4049,53.1255],[5.4057,53.1255],[5.4067,53.1276],[5.4058,53.1278],[5.4067,53.1277],[5.4075,53.1292],[5.4078,53.1301],[5.407,53.1302],[5.4078,53.1301],[5.4097,53.1373],[5.4089,53.1373],[5.4092,53.1375],[5.4082,53.138],[5.4097,53.1374],[5.41,53.1395],[5.4089,53.1398],[5.4101,53.1396],[5.4106,53.1429],[5.4099,53.143],[5.4106,53.143],[5.4108,53.1452],[5.41,53.1452],[5.4108,53.1453],[5.411,53.1474],[5.4102,53.1475],[5.411,53.1475],[5.4113,53.1497],[5.4105,53.1498],[5.4113,53.1498],[5.4116,53.1518],[5.4108,53.1519],[5.4116,53.1519],[5.4119,53.1539],[5.4112,53.154],[5.4119,53.154],[5.4123,53.156],[5.4115,53.1563],[5.4123,53.1561],[5.4133,53.1583],[5.4126,53.1585],[5.4134,53.1583],[5.4144,53.1605],[5.4137,53.1606],[5.4145,53.1605],[5.4153,53.1622],[5.4154,53.1628],[5.4146,53.1629],[5.4154,53.1628],[5.4158,53.1644],[5.4149,53.1692],[5.4112,53.1698],[5.4076,53.1727],[5.4044,53.1733],[5.4027,53.176],[5.4047,53.1735],[5.4066,53.1731],[5.4077,53.1735],[5.4081,53.1727],[5.411,53.1702],[5.4151,53.1694],[5.4144,53.1706],[5.4132,53.171],[5.4134,53.1702],[5.4104,53.1729],[5.4095,53.1748],[5.4112,53.1736],[5.411,53.1753],[5.4133,53.175],[5.4133,53.1754],[5.414,53.1756],[5.4135,53.1757],[5.4138,53.1761],[5.4111,53.1756],[5.4114,53.1761],[5.4194,53.1787],[5.4191,53.1793],[5.4151,53.1786],[5.4146,53.1796],[5.4183,53.1803],[5.4196,53.1825],[5.426,53.1837],[5.426,53.1842],[5.4296,53.1856],[5.4329,53.188],[5.4358,53.1895],[5.4382,53.1934],[5.439,53.1938],[5.4355,53.1953],[5.4323,53.1925],[5.4348,53.1915],[5.4343,53.1907],[5.4331,53.1898],[5.4314,53.1899],[5.4304,53.1889],[5.4297,53.189],[5.43,53.1886],[5.4294,53.1871],[5.428,53.1872],[5.4278,53.186],[5.4252,53.185],[5.4238,53.1851],[5.422,53.1841],[5.4138,53.1823],[5.4129,53.1812],[5.4121,53.1782],[5.4089,53.1756],[5.4059,53.1752],[5.406,53.1755],[5.4075,53.1756],[5.4052,53.1766],[5.4079,53.1757],[5.4084,53.1759],[5.4111,53.1781],[5.4119,53.1815],[5.4128,53.1825],[5.4141,53.1832],[5.422,53.185],[5.4292,53.1975],[5.4377,53.2096],[5.4369,53.2102],[5.437,53.2108],[5.4371,53.2102],[5.4379,53.2098],[5.4376,53.2103],[5.4382,53.21],[5.443,53.2147],[5.4419,53.2152],[5.4433,53.2149],[5.4444,53.2166],[5.4437,53.2169],[5.4436,53.2172],[5.4444,53.2166],[5.446,53.218],[5.4453,53.2184],[5.446,53.2181],[5.4476,53.2195],[5.447,53.2199],[5.4477,53.2195],[5.45,53.2211],[5.4493,53.2217],[5.4501,53.2211],[5.4526,53.2226],[5.4522,53.223],[5.4521,53.2233],[5.4527,53.2227],[5.4569,53.2245],[5.4562,53.2252],[5.457,53.2246],[5.4602,53.2259],[5.4597,53.2267],[5.4599,53.227],[5.4603,53.2259],[5.4622,53.2267],[5.4632,53.2274],[5.4627,53.2282],[5.4627,53.2284],[5.4633,53.2274],[5.4647,53.2284],[5.4639,53.2288],[5.4648,53.2284],[5.466,53.2293],[5.4654,53.2297],[5.4653,53.23],[5.4661,53.2293],[5.4679,53.2306],[5.467,53.2311],[5.468,53.2306],[5.4698,53.2318],[5.4689,53.2323],[5.4698,53.2319],[5.471,53.2327],[5.4715,53.2332],[5.4706,53.2336],[5.4715,53.2333],[5.4721,53.2339],[5.4717,53.2342],[5.4716,53.2343],[5.4721,53.234],[5.4729,53.2346],[5.4723,53.2351],[5.473,53.2346],[5.4739,53.235],[5.4755,53.2357],[5.4748,53.2362],[5.4756,53.2357],[5.4787,53.2372],[5.478,53.2378],[5.4788,53.2372],[5.4801,53.2379],[5.4811,53.2389],[5.4802,53.2394],[5.4811,53.239],[5.4816,53.2398],[5.4808,53.2403],[5.4817,53.2399],[5.4827,53.2405],[5.4821,53.2411],[5.4828,53.2406],[5.4843,53.2412],[5.4842,53.2419],[5.4845,53.2412],[5.4862,53.2414],[5.4861,53.2423],[5.4863,53.2414],[5.4894,53.2419],[5.4898,53.2421],[5.4888,53.2432],[5.4899,53.2421],[5.4926,53.2434],[5.4918,53.2441],[5.4927,53.2434],[5.4945,53.2445],[5.494,53.2451],[5.4946,53.2446],[5.4969,53.2455],[5.4962,53.2463],[5.497,53.2456],[5.4998,53.2467],[5.499,53.2474],[5.4989,53.2478],[5.4999,53.2467],[5.5023,53.2474],[5.501,53.2484],[5.5009,53.2487],[5.5023,53.2474],[5.5034,53.248],[5.503,53.2484],[5.5035,53.2481],[5.5044,53.2486],[5.5033,53.2495],[5.5032,53.2497],[5.5045,53.2488],[5.5068,53.2495],[5.5062,53.2503],[5.5063,53.2505],[5.5069,53.2495],[5.5086,53.25],[5.5078,53.2509],[5.5078,53.2512],[5.5086,53.2501],[5.5104,53.2506],[5.5099,53.2512],[5.5099,53.2515],[5.5105,53.2506],[5.512,53.2511],[5.5112,53.252],[5.5112,53.2523],[5.5121,53.2511],[5.5137,53.2515],[5.513,53.2525],[5.5138,53.2516],[5.5153,53.252],[5.5154,53.2521],[5.5137,53.2535],[5.5136,53.2538],[5.5155,53.2521],[5.5162,53.2533],[5.5195,53.2544],[5.5188,53.2556],[5.5188,53.2559],[5.5194,53.2564],[5.5189,53.2556],[5.5196,53.2544],[5.5239,53.2556],[5.5231,53.257],[5.5233,53.2575],[5.5236,53.2577],[5.5233,53.2568],[5.524,53.2557],[5.5273,53.2573],[5.5268,53.2585],[5.5268,53.2592],[5.5274,53.2574],[5.528,53.2577],[5.5317,53.2603],[5.5302,53.2615],[5.5317,53.2603],[5.5338,53.262],[5.5326,53.2629],[5.5339,53.262],[5.5359,53.2637],[5.535,53.2642],[5.5359,53.2637],[5.5387,53.2665],[5.544,53.2699],[5.546,53.2721],[5.546,53.2717],[5.5471,53.2721],[5.552,53.2747],[5.5529,53.2746],[5.5527,53.2751],[5.5546,53.2763],[5.561,53.2845],[5.5547,53.287],[5.5611,53.2846],[5.5793,53.2965],[5.5873,53.3006],[5.6185,53.3104],[5.6238,53.3113],[5.6255,53.3107],[5.6257,53.3098],[5.6257,53.3107],[5.6287,53.3127],[5.6384,53.3162],[5.6385,53.3168],[5.6403,53.3177],[5.6431,53.3183],[5.6428,53.319],[5.6599,53.3234],[5.6615,53.323],[5.6612,53.3237],[5.6652,53.3247],[5.6656,53.3244],[5.67,53.3249],[5.6803,53.3281],[5.684,53.3278],[5.6833,53.3287],[5.6857,53.3287],[5.687,53.3294],[5.6879,53.3289],[5.6876,53.3295],[5.6881,53.3295],[5.6887,53.3305],[5.6923,53.3311],[5.6926,53.3317],[5.6942,53.3316],[5.6938,53.3323],[5.695,53.3326],[5.6991,53.3328],[5.6995,53.3333],[5.7062,53.3346],[5.7077,53.3352],[5.7075,53.3356],[5.7091,53.3356],[5.7085,53.3365],[5.7181,53.3391],[5.7172,53.3402],[5.7565,53.3529],[5.7574,53.3529],[5.7576,53.3522],[5.7592,53.3509],[5.7601,53.3515],[5.7596,53.3519],[5.76,53.3522],[5.7664,53.3488],[5.7639,53.3504],[5.7636,53.3518],[5.7599,53.3538],[5.7609,53.3541],[5.7649,53.3513],[5.767,53.3518],[5.7626,53.3547],[5.7636,53.355],[5.7635,53.3544],[5.7658,53.3529],[5.7682,53.3521],[5.7697,53.3531],[5.7656,53.3556],[5.767,53.356],[5.7667,53.3555],[5.7672,53.3547],[5.7696,53.3535],[5.7726,53.3541],[5.7686,53.3564],[5.7698,53.3568],[5.77,53.3559],[5.7728,53.3542],[5.7754,53.3548],[5.7716,53.3572],[5.777,53.3551],[5.7783,53.3554],[5.774,53.3579],[5.7753,53.3583],[5.7752,53.3577],[5.7781,53.3557],[5.7818,53.356],[5.7831,53.3565],[5.7827,53.3571],[5.7832,53.3573],[5.7817,53.3589],[5.7848,53.358],[5.7866,53.3585],[5.7853,53.3594],[5.7871,53.3585],[5.7878,53.3591],[5.7863,53.3605],[5.7911,53.3594],[5.7917,53.3597],[5.7912,53.3597],[5.7911,53.3603],[5.7929,53.3601],[5.7929,53.3608],[5.7935,53.3603],[5.794,53.3607],[5.7917,53.3624],[5.8135,53.3672],[5.8223,53.3715],[5.8238,53.3712],[5.8273,53.368],[5.8321,53.3646],[5.8241,53.371],[5.8234,53.3714],[5.8224,53.3715],[5.825,53.3726],[5.8252,53.3716],[5.826,53.371],[5.8308,53.3707],[5.8301,53.3729],[5.8327,53.3728],[5.8328,53.3731],[5.8313,53.3746],[5.8595,53.3837],[5.8593,53.3827],[5.8606,53.3814],[5.8627,53.3814],[5.861,53.3842],[5.8619,53.3844],[5.8617,53.3838],[5.8634,53.3821],[5.8641,53.3822],[5.8636,53.3833],[5.8651,53.3838],[5.866,53.3833],[5.8665,53.3823],[5.8676,53.382],[5.8687,53.3825],[5.8681,53.384],[5.8701,53.3831],[5.8703,53.384],[5.8699,53.3846],[5.8708,53.3846],[5.8699,53.3856],[5.8718,53.3846],[5.8712,53.386],[5.8719,53.3854],[5.8711,53.3865],[5.8737,53.3853],[5.8725,53.3868],[5.8746,53.3851],[5.8776,53.3856],[5.8781,53.3866],[5.8795,53.3866],[5.882,53.3876],[5.881,53.3888],[5.8824,53.3893],[5.8839,53.3886],[5.8838,53.3876],[5.886,53.3877],[5.884,53.3902],[5.8779,53.3955],[5.8783,53.3957],[5.879,53.3952],[5.8815,53.3951],[5.884,53.3928],[5.8874,53.3939],[5.8844,53.3928],[5.8853,53.3928],[5.8879,53.3909],[5.8887,53.3913],[5.8891,53.3907],[5.8895,53.3905],[5.8888,53.3913],[5.8895,53.3908],[5.8901,53.3911],[5.8905,53.3901],[5.8969,53.39],[5.8986,53.3895],[5.8974,53.3889],[5.8982,53.388],[5.8976,53.3889],[5.8988,53.3895],[5.9012,53.3889],[5.9024,53.3864],[5.9026,53.3862],[5.9014,53.3892],[5.9038,53.3885],[5.9044,53.3886],[5.9043,53.3893],[5.9069,53.3884],[5.9104,53.3884],[5.9112,53.3889],[5.9135,53.3884],[5.914,53.3888],[5.9168,53.3884],[5.9186,53.3891],[5.9196,53.3886],[5.9202,53.3891],[5.9206,53.3887],[5.9222,53.3887],[5.9229,53.3895],[5.9235,53.3888],[5.9247,53.3885],[5.9248,53.389],[5.9254,53.3885],[5.9265,53.3888],[5.9337,53.3882],[5.9589,53.3936],[5.9688,53.3946],[5.9702,53.3953],[5.9717,53.3981],[5.975,53.4007],[5.9745,53.4014],[5.9751,53.4008],[5.9758,53.4009],[5.9719,53.3981],[5.9719,53.3975],[5.9738,53.3968],[5.9745,53.3963],[5.9745,53.3959],[5.9897,53.3979],[5.9899,53.3976],[6.0158,53.403],[6.0189,53.4031],[6.0207,53.4026],[6.0242,53.4033],[6.0263,53.4028],[6.0314,53.4034],[6.0356,53.4033],[6.0683,53.4074],[6.0771,53.4056],[6.0818,53.4064],[6.0857,53.4045],[6.0922,53.4095],[6.0915,53.4104],[6.0924,53.4096],[6.0974,53.4133],[6.0995,53.4146],[6.0926,53.4096],[6.0931,53.4096],[6.0917,53.4084],[6.0919,53.4077],[6.0914,53.4073],[6.0903,53.4066],[6.0893,53.4067],[6.0897,53.4065],[6.0888,53.4066],[6.0887,53.4064],[6.0904,53.4064],[6.09,53.406],[6.0879,53.4054],[6.0894,53.4056],[6.0929,53.4078],[6.0943,53.4081],[6.1008,53.4075],[6.0962,53.4076],[6.0949,53.4066],[6.0964,53.4075],[6.103,53.4068],[6.1029,53.4066],[6.108,53.4069],[6.114,53.4063],[6.1136,53.406],[6.116,53.4057],[6.1181,53.4048],[6.1249,53.405],[6.124,53.4054],[6.1328,53.4047],[6.1386,53.4034],[6.1772,53.4147],[6.1807,53.4148],[6.1838,53.4143],[6.1895,53.4125],[6.1903,53.4115],[6.1934,53.4103],[6.197,53.4116],[6.2,53.4115],[6.1972,53.4107],[6.1967,53.4085],[6.1986,53.409],[6.1991,53.4087],[6.1991,53.4079],[6.2031,53.4079],[6.2123,53.4097],[6.2113,53.4112],[6.2027,53.4094],[6.1997,53.4094],[6.2017,53.4099],[6.2013,53.4111],[6.2026,53.4099],[6.2127,53.4117],[6.2135,53.4113],[6.2147,53.4092],[6.2433,53.4149],[6.25,53.4155],[6.2551,53.4152],[6.2607,53.4139],[6.2935,53.4026],[6.2989,53.3995],[6.3059,53.3928],[6.3072,53.3925],[6.3092,53.393],[6.3091,53.3934],[6.3097,53.3938],[6.3148,53.3955],[6.3152,53.3961],[6.3178,53.3971],[6.3203,53.3975],[6.3203,53.3979],[6.3215,53.3985],[6.3347,53.4022],[6.3344,53.4033],[6.3359,53.4037],[6.3354,53.4045],[6.3384,53.4052],[6.3389,53.4045],[6.3401,53.4045],[6.339,53.4045],[6.3385,53.4052],[6.3399,53.4056],[6.3396,53.4062],[6.3401,53.4066],[6.3367,53.4125],[6.3395,53.4077],[6.3399,53.4079],[6.342,53.405],[6.3422,53.405],[6.3425,53.4051],[6.3401,53.4079],[6.3428,53.4086],[6.3435,53.4076],[6.3429,53.4086],[6.3456,53.4093],[6.3493,53.4038],[6.3458,53.4093],[6.3488,53.4101],[6.351,53.407],[6.3512,53.4069],[6.352,53.4071],[6.3511,53.4071],[6.349,53.4101],[6.3502,53.4116],[6.3511,53.4118],[6.3536,53.4084],[6.3513,53.4118],[6.3548,53.4116],[6.3569,53.4084],[6.355,53.4117],[6.3579,53.4123],[6.3609,53.408],[6.3579,53.4125],[6.3582,53.4132],[6.3611,53.4131],[6.3641,53.4087],[6.3612,53.4132],[6.3617,53.4136],[6.3641,53.4141],[6.3644,53.4149],[6.3669,53.415],[6.3673,53.4158],[6.3696,53.4157],[6.3728,53.4162],[6.3734,53.4167],[6.375,53.4166],[6.3762,53.4171],[6.3779,53.417],[6.3805,53.4177],[6.3812,53.4184],[6.3837,53.4182],[6.3862,53.4189],[6.387,53.4186],[6.3901,53.4193],[6.3921,53.4188],[6.3925,53.4192],[6.3943,53.4191],[6.3961,53.42],[6.3982,53.4198],[6.3998,53.4202],[6.4002,53.4195],[6.4009,53.4195],[6.4017,53.4199],[6.4043,53.4197],[6.4079,53.4206],[6.4092,53.4203],[6.411,53.4208],[6.4112,53.4212],[6.4125,53.421],[6.4127,53.4222],[6.4139,53.4225],[6.4195,53.4215],[6.4202,53.4225],[6.4224,53.4218],[6.4239,53.4222],[6.4266,53.4219],[6.4273,53.4225],[6.4304,53.4222],[6.4308,53.423],[6.4346,53.4231],[6.4369,53.4226],[6.4377,53.4232],[6.4384,53.4228],[6.4403,53.4234],[6.4423,53.423],[6.4429,53.4235],[6.4541,53.424],[6.4551,53.4246],[6.4623,53.4249],[6.463,53.4254],[6.4652,53.4248],[6.4673,53.4252],[6.4689,53.4247],[6.4706,53.4257],[6.476,53.4261],[6.4854,53.428],[6.4915,53.4285],[6.4913,53.4282],[6.4924,53.428],[6.4934,53.4285],[6.5004,53.429],[6.5018,53.4287],[6.5017,53.4284],[6.5215,53.43],[6.5213,53.4295],[6.5377,53.4307],[6.5371,53.428],[6.5425,53.4282],[6.5663,53.4321],[6.5674,53.4321],[6.5676,53.4316],[6.5676,53.4324],[6.5681,53.4325],[6.5719,53.4332],[6.5729,53.4329],[6.5797,53.4337],[6.5808,53.4343],[6.5803,53.4356],[6.5812,53.4358],[6.5821,53.4336],[6.5816,53.4333],[6.5816,53.4331],[6.5825,53.4335],[6.5818,53.4353],[6.582,53.4349],[6.5831,53.4349],[6.5932,53.4369],[6.5998,53.4383],[6.6036,53.4396],[6.6055,53.4408],[6.6088,53.4411],[6.6122,53.4426],[6.6119,53.4434],[6.6158,53.4443],[6.6154,53.4453],[6.6274,53.4482],[6.6272,53.4488],[6.6288,53.4491],[6.6286,53.4501],[6.63,53.4503],[6.6309,53.4498],[6.6312,53.4503],[6.6325,53.4504],[6.6339,53.4514],[6.6376,53.4518],[6.6399,53.4528],[6.6433,53.453],[6.6434,53.4534],[6.6455,53.4539],[6.6473,53.4538],[6.6499,53.4555],[6.6515,53.4552],[6.6606,53.4572],[6.6613,53.4568],[6.6636,53.4579],[6.6647,53.458],[6.6659,53.4574],[6.6663,53.4582],[6.6672,53.4577],[6.6675,53.4586],[6.6683,53.4585],[6.6688,53.4574],[6.6702,53.4577],[6.6707,53.4584],[6.6715,53.4582],[6.6714,53.4594],[6.673,53.4582],[6.6739,53.4582],[6.6744,53.4583],[6.6743,53.4589],[6.6774,53.4587],[6.6958,53.462],[6.7404,53.4658],[6.7488,53.466],[6.7585,53.4649],[6.7783,53.4609],[6.7931,53.4557],[6.796,53.4584],[6.7942,53.4563],[6.7961,53.4553],[6.7983,53.455],[6.8134,53.4632],[6.8292,53.4596],[6.8302,53.4598],[6.832,53.4621],[6.8344,53.4626],[6.835,53.4622],[6.8323,53.4618],[6.8308,53.4596],[6.8312,53.4591],[6.8335,53.4583],[6.8343,53.4561],[6.8321,53.456],[6.8316,53.4565],[6.8227,53.4581],[6.8212,53.4593],[6.8182,53.4598],[6.8172,53.4574],[6.8345,53.4546],[6.8339,53.4529],[6.8321,53.4507],[6.8148,53.4535],[6.8136,53.4531],[6.8145,53.4525],[6.8135,53.4527],[6.8127,53.451],[6.8294,53.4482],[6.8284,53.4458],[6.8198,53.4471],[6.8189,53.4453],[6.8195,53.4448],[6.8335,53.4429],[6.8368,53.4435],[6.8413,53.4429],[6.8415,53.4432],[6.8463,53.4421],[6.8488,53.4423],[6.8554,53.4413],[6.8564,53.4437],[6.839,53.4465],[6.8383,53.447],[6.8426,53.4572],[6.8425,53.4586],[6.8412,53.4604],[6.8431,53.4586],[6.8429,53.4562],[6.8525,53.4538],[6.853,53.4546],[6.8527,53.4537],[6.8532,53.4534],[6.8542,53.4544],[6.8539,53.4535],[6.8596,53.4519],[6.8651,53.4498],[6.8661,53.4506],[6.866,53.4497],[6.8677,53.4498],[6.8663,53.4492],[6.8765,53.4433],[6.8775,53.4433],[6.8785,53.4438],[6.8797,53.4442],[6.8805,53.4443],[6.8818,53.4444],[6.8788,53.4439],[6.8774,53.4431],[6.8796,53.4414],[6.8806,53.4421],[6.8814,53.4418],[6.8842,53.4436],[6.8844,53.4436],[6.8804,53.441],[6.8815,53.4403],[6.8842,53.4414],[6.8846,53.4423],[6.8844,53.4416],[6.8825,53.44],[6.8833,53.438],[6.8833,53.4358],[6.8844,53.4357],[6.8832,53.4356],[6.8842,53.4353],[6.883,53.4355],[6.882,53.4342],[6.8841,53.4338],[6.8818,53.4339],[6.8837,53.433],[6.8815,53.4334],[6.8753,53.4219],[6.8752,53.4205],[6.8755,53.4204],[6.8752,53.4205],[6.8742,53.4079],[6.8779,53.4058],[6.8783,53.406],[6.878,53.4057],[6.8789,53.4052],[6.8794,53.4053],[6.879,53.4052],[6.8817,53.4026],[6.8821,53.4028],[6.8839,53.4032],[6.8851,53.4035],[6.8817,53.4025],[6.8881,53.3959],[6.8877,53.395],[6.8854,53.3935],[6.8853,53.3924],[6.8887,53.3916],[6.8904,53.3893],[6.8919,53.389],[6.8905,53.3892],[6.8888,53.3842],[6.889,53.3803],[6.8916,53.3758],[6.8939,53.3752],[6.8917,53.3757],[6.8916,53.3741],[6.8931,53.3714],[6.8942,53.3701],[6.8975,53.3692],[6.8956,53.3695],[6.8945,53.3651],[6.895,53.3634],[6.8964,53.3618],[6.8972,53.3616],[6.8964,53.3617],[6.8962,53.359],[6.8973,53.3552],[6.8996,53.3517],[6.8993,53.3508],[6.9021,53.3474],[6.908,53.3473],[6.9088,53.3476],[6.9082,53.3473],[6.9145,53.3439],[6.9174,53.3427],[6.9184,53.343],[6.9175,53.3427],[6.9212,53.3413],[6.9204,53.3413],[6.9258,53.3382],[6.926,53.3382],[6.9267,53.3382],[6.9259,53.3382],[6.9289,53.3362],[6.93,53.3364],[6.9294,53.336],[6.9307,53.3348],[6.9345,53.3344],[6.9354,53.3353],[6.9349,53.3343],[6.9365,53.334],[6.9373,53.3348],[6.9367,53.3339],[6.938,53.3325],[6.9443,53.3297],[6.9436,53.3273],[6.9466,53.3261],[6.9471,53.3264],[6.9469,53.326],[6.955,53.3241],[6.9705,53.322],[6.9842,53.3182],[6.9848,53.3185],[6.987,53.3176],[6.995,53.3168],[7.0045,53.3172],[7.0051,53.3168],[7.0045,53.3163],[7.0023,53.3164],[7.0,53.3158],[7.0037,53.3161],[7.0033,53.3161],[6.999,53.3156],[6.9893,53.3161],[6.9872,53.3164],[6.9742,53.3198],[6.9867,53.3167],[6.9873,53.3168],[6.9702,53.3212],[6.9599,53.3225],[6.9597,53.3229],[6.9569,53.3231],[6.9458,53.3257],[6.9452,53.3262],[6.9443,53.3259],[6.9467,53.3247],[6.9518,53.3234],[6.9548,53.3233],[6.9598,53.3225],[6.9519,53.3234],[6.9471,53.3245],[6.9458,53.325],[6.943,53.3264],[6.941,53.3281],[6.9397,53.3282],[6.9343,53.3331],[6.9312,53.3322],[6.9325,53.331],[6.9312,53.3288],[6.9324,53.331],[6.9311,53.332],[6.9292,53.329],[6.9287,53.3291],[6.9281,53.3276],[6.9304,53.3271],[6.9318,53.3262],[6.9333,53.3263],[6.9333,53.3266],[6.9333,53.3263],[6.9335,53.3263],[6.9333,53.3271],[6.9325,53.3272],[6.9326,53.3286],[6.9331,53.3287],[6.933,53.3272],[6.9339,53.3272],[6.934,53.3281],[6.9343,53.3281],[6.9336,53.3263],[6.9359,53.3264],[6.9358,53.3259],[6.9383,53.3258],[6.9419,53.3245],[6.9424,53.3235],[6.9404,53.3213],[6.9408,53.3206],[6.9443,53.3231],[6.9458,53.3235],[6.9474,53.323],[6.9486,53.3224],[6.9496,53.3222],[6.9524,53.322],[6.9526,53.3219],[6.9502,53.322],[6.9483,53.3225],[6.9461,53.3234],[6.9456,53.3234],[6.9484,53.3223],[6.9508,53.3217],[6.9581,53.3206],[6.9628,53.3189],[6.9683,53.319],[6.9753,53.3169],[6.9796,53.3163],[6.9879,53.3141],[6.9881,53.3144],[6.9843,53.3151],[6.9784,53.3166],[6.9698,53.3192],[6.9639,53.3192],[6.9638,53.3202],[6.9617,53.3203],[6.9587,53.3207],[6.9574,53.321],[6.9639,53.3202],[6.964,53.3192],[6.9693,53.3193],[7.0004,53.3113],[6.9962,53.3124],[6.9948,53.3119],[6.9971,53.3116],[6.999,53.3107],[6.9997,53.3109],[6.9992,53.3106],[7.0005,53.3094],[7.0108,53.3137],[7.0097,53.3155],[7.0101,53.3157],[7.0127,53.3112],[7.0099,53.3062],[7.0265,53.3024],[7.0315,53.3027],[7.0381,53.3047],[7.0392,53.3067],[7.0391,53.3089],[7.0394,53.3072],[7.0389,53.3058],[7.0378,53.3044],[7.0365,53.3037],[7.0368,53.3031],[7.0378,53.3036],[7.0389,53.3026],[7.0392,53.3031],[7.0383,53.3038],[7.0398,53.3068],[7.0397,53.3088],[7.0399,53.3068],[7.0385,53.3037],[7.0393,53.3032],[7.0391,53.3025],[7.0448,53.3014],[7.0465,53.3005],[7.0465,53.2999],[7.0475,53.2996],[7.0682,53.2998],[7.0696,53.3001],[7.0695,53.3007],[7.0698,53.3002],[7.0749,53.3001],[7.0751,53.3002],[7.0748,53.3006],[7.075,53.3008],[7.0752,53.3002],[7.0764,53.3002],[7.0787,53.302],[7.0782,53.3026],[7.0788,53.3024],[7.0809,53.3038],[7.0808,53.3042],[7.0786,53.3036],[7.0753,53.301],[7.0752,53.3011],[7.0786,53.3037],[7.0811,53.3044],[7.0812,53.3038],[7.0817,53.3056],[7.0814,53.3039],[7.082,53.3038],[7.0819,53.303],[7.0815,53.3029],[7.0811,53.3019],[7.0826,53.3017],[7.0833,53.3028],[7.0823,53.3029],[7.0823,53.304],[7.0846,53.3041],[7.0845,53.3049],[7.0867,53.3069],[7.0846,53.3049],[7.0847,53.3041],[7.0876,53.3045],[7.0888,53.3049],[7.0874,53.3051],[7.0912,53.3059],[7.0921,53.3068],[7.0919,53.3072],[7.0931,53.3086],[7.094,53.309],[7.092,53.3072],[7.0933,53.3075],[7.0922,53.3068],[7.0932,53.3065],[7.0942,53.3071],[7.0978,53.3079],[7.0982,53.3082],[7.0942,53.3078],[7.0974,53.3083],[7.0976,53.3089],[7.0975,53.3084],[7.0984,53.3087],[7.1,53.3079],[7.1005,53.3071],[7.0997,53.3072],[7.0999,53.3076],[7.0994,53.3077],[7.0984,53.3051],[7.0998,53.3046],[7.0988,53.3039],[7.0983,53.3041],[7.0993,53.3045],[7.0983,53.305],[7.0956,53.3047],[7.0909,53.3017],[7.0902,53.3004],[7.0916,53.3001],[7.0902,53.3004],[7.0881,53.2993],[7.0878,53.2996],[7.088,53.2993],[7.086,53.298],[7.0843,53.2978],[7.0842,53.2968],[7.0838,53.2968],[7.0841,53.2966],[7.0838,53.2966],[7.0831,53.2944],[7.0825,53.2912],[7.0852,53.2825],[7.0845,53.2812],[7.0819,53.2795],[7.0824,53.2779],[7.082,53.2782],[7.0807,53.2772],[7.0803,53.2752],[7.0792,53.2732],[7.0792,53.2722],[7.0783,53.2707],[7.0786,53.269],[7.078,53.2683],[7.0785,53.2672],[7.0782,53.2666],[7.0791,53.2663],[7.0787,53.2658],[7.079,53.2654],[7.0804,53.2641],[7.081,53.2642],[7.0846,53.2615],[7.0808,53.2581],[7.0854,53.2618],[7.0865,53.2608],[7.0925,53.2579],[7.0939,53.2558],[7.0955,53.2553],[7.0977,53.2562],[7.0988,53.255],[7.0987,53.2544],[7.0997,53.2545],[7.1033,53.2524],[7.1001,53.2493],[7.1039,53.2526],[7.1052,53.2527],[7.1067,53.2519],[7.1082,53.2526],[7.1091,53.2517],[7.1108,53.2515],[7.112,53.2506],[7.1153,53.2522],[7.1154,53.2512],[7.1164,53.2508],[7.1161,53.2503],[7.1193,53.2512],[7.1208,53.2503],[7.1206,53.2496],[7.1236,53.2504],[7.126,53.2501],[7.1268,53.2478],[7.1261,53.2445],[7.1269,53.2474],[7.1273,53.2461],[7.1267,53.2499],[7.1275,53.2503],[7.1297,53.2498],[7.1302,53.2493],[7.132,53.2418],[7.1305,53.2499],[7.1313,53.2501],[7.133,53.2495],[7.1334,53.2501],[7.1341,53.2501],[7.1352,53.2496],[7.1355,53.2484],[7.1367,53.2478],[7.1382,53.2414],[7.1372,53.2481],[7.1403,53.2475],[7.1431,53.2456],[7.1448,53.2393],[7.1435,53.2451],[7.1439,53.246],[7.1467,53.2464],[7.1489,53.2454],[7.1497,53.2441],[7.1506,53.2402],[7.1497,53.2447],[7.1501,53.2452],[7.1555,53.2436],[7.157,53.2387],[7.156,53.2428],[7.156,53.2448],[7.1573,53.2453],[7.1587,53.2449],[7.1591,53.2461],[7.1614,53.2453],[7.1628,53.2393],[7.1616,53.2452],[7.1618,53.2456],[7.1631,53.2454],[7.1677,53.2433],[7.169,53.2392],[7.1681,53.2426],[7.1685,53.2428],[7.1704,53.2426],[7.1707,53.2421],[7.1723,53.2414],[7.1726,53.2399],[7.1727,53.2405],[7.1733,53.2403],[7.1739,53.2384],[7.1736,53.2366],[7.171,53.234],[7.174,53.2364],[7.1743,53.2379],[7.1738,53.2415],[7.1765,53.2405],[7.1781,53.2352],[7.1768,53.2406],[7.1772,53.2413],[7.1796,53.2401],[7.1819,53.2397],[7.1827,53.2389],[7.1832,53.2391],[7.184,53.2364],[7.1836,53.2399],[7.1864,53.2385],[7.1874,53.2391],[7.1887,53.2386],[7.1896,53.2379],[7.1907,53.234],[7.1899,53.2382],[7.1917,53.2383],[7.1929,53.2379],[7.1928,53.2376],[7.1946,53.238],[7.1956,53.2377],[7.1961,53.2363],[7.1963,53.2376],[7.2017,53.2369],[7.2023,53.236],[7.2025,53.2368],[7.2049,53.2367],[7.2061,53.2354],[7.207,53.2324],[7.2077,53.2324],[7.2082,53.2317],[7.2081,53.2325],[7.2083,53.2318],[7.2089,53.2318],[7.2091,53.2328],[7.2071,53.2349],[7.207,53.2354],[7.2077,53.2356],[7.2069,53.2359],[7.2066,53.2368],[7.2079,53.2376],[7.2075,53.238],[7.2081,53.2391],[7.2098,53.2394],[7.2125,53.2282],[7.2105,53.2284],[7.2119,53.2245],[7.2165,53.2165],[7.217,53.2148],[7.2176,53.1978],[7.2166,53.1956],[7.2115,53.1925],[7.208,53.1885],[7.2275,53.1803],[7.2126,53.177],[7.2037,53.1766],[7.1909,53.1618],[7.1907,53.1611],[7.1912,53.1596],[7.1893,53.1573],[7.1896,53.148],[7.1859,53.1447],[7.184,53.1423],[7.1832,53.1402],[7.1803,53.138],[7.1789,53.1383],[7.1809,53.1278],[7.1836,53.1249],[7.1859,53.1242],[7.1829,53.1218],[7.2028,53.1134],[7.1992,53.0814],[7.213,53.0109],[7.2174,53.007],[7.2161,53.0059],[7.2165,53.0057],[7.2151,53.0051],[7.2096,53.0005],[7.1815,52.9416],[7.1044,52.8639],[7.0996,52.86],[7.0987,52.8597],[7.0987,52.8592],[7.0873,52.8499],[7.0927,52.8382],[7.0805,52.8222],[7.0801,52.8223],[7.0795,52.8216],[7.08,52.8215],[7.0716,52.8104],[7.0649,52.7294],[7.0548,52.6444],[7.0556,52.6444],[7.0557,52.6434],[7.0419,52.6328],[7.0396,52.6327],[7.0385,52.6329],[7.0355,52.6349],[7.0288,52.6346],[7.0125,52.6368],[7.0066,52.6385],[7.0045,52.6409],[7.0019,52.6419],[6.9992,52.6422],[6.9925,52.6413],[6.9843,52.6436],[6.9819,52.645],[6.976,52.6463],[6.9748,52.6461],[6.9703,52.6427],[6.9683,52.6418],[6.9592,52.6417],[6.9536,52.639],[6.9454,52.6393],[6.9389,52.6379],[6.9346,52.6383],[6.9285,52.6402],[6.9193,52.6398],[6.9157,52.6418],[6.915,52.6459],[6.9137,52.6468],[6.9029,52.6486],[6.8972,52.6514],[6.8915,52.6515],[6.88,52.6505],[6.8731,52.6533],[6.8713,52.6529],[6.8646,52.6498],[6.8538,52.6496],[6.8512,52.6486],[6.8377,52.652],[6.8318,52.6515],[6.8275,52.649],[6.8222,52.6477],[6.8185,52.6477],[6.8161,52.6486],[6.8079,52.6491],[6.8058,52.6512],[6.8033,52.6519],[6.7943,52.6507],[6.7897,52.6528],[6.7774,52.6517],[6.7742,52.6502],[6.7721,52.6501],[6.7679,52.6469],[6.7588,52.6488],[6.7535,52.6458],[6.7519,52.647],[6.7537,52.6478],[6.7526,52.6481],[6.7505,52.6469],[6.742,52.6453],[6.737,52.6412],[6.7307,52.6375],[6.7264,52.6332],[6.7208,52.6314],[6.7183,52.6313],[6.715,52.6303],[6.71,52.6279],[6.71,52.6275],[6.712,52.6268],[6.7142,52.6268],[6.715,52.6257],[6.7183,52.6234],[6.7187,52.6219],[6.7204,52.6215],[6.7221,52.6203],[6.7229,52.6204],[6.7249,52.6186],[6.7273,52.6149],[6.7244,52.6083],[6.7238,52.6031],[6.721,52.5984],[6.7207,52.5963],[6.7216,52.5949],[6.7199,52.5933],[6.7188,52.5886],[6.7667,52.5635],[6.7667,52.5616],[6.764,52.5616],[6.7523,52.559],[6.7401,52.5621],[6.7342,52.5618],[6.726,52.5633],[6.721,52.5529],[6.7202,52.5526],[6.72,52.5517],[6.7162,52.5503],[6.7159,52.5492],[6.7163,52.5485],[6.6809,52.5533],[6.7053,52.521],[6.6975,52.4863],[6.7177,52.4781],[6.7205,52.4772],[6.7238,52.477],[6.7527,52.4641],[6.7746,52.4596],[6.8318,52.46],[6.8447,52.4592],[6.8543,52.4597],[6.8525,52.4499],[6.8618,52.4514],[6.8891,52.4465],[6.9061,52.4422],[6.9417,52.4354],[6.9473,52.4366],[6.9611,52.444],[6.9618,52.4436],[6.9622,52.444],[6.962,52.4446],[6.9669,52.4499],[6.9706,52.4553],[6.9744,52.4597],[6.9775,52.4657],[6.9876,52.4698],[6.9918,52.4674],[6.9939,52.4655],[6.9946,52.4621],[7.0,52.4547],[7.0051,52.4452],[7.0108,52.4291],[7.022,52.423],[7.028,52.4137],[7.0335,52.4065],[7.0348,52.4037],[7.0361,52.4027],[7.0415,52.4025],[7.0467,52.4008],[7.0508,52.4007],[7.0517,52.3999],[7.0553,52.401],[7.0587,52.3994],[7.0591,52.3971],[7.0585,52.3962],[7.064,52.3903],[7.0722,52.3736],[7.0723,52.368],[7.0728,52.3668],[7.0721,52.3565],[7.0723,52.3519],[7.0562,52.338],[7.0561,52.335],[7.0549,52.3332],[7.0555,52.3322],[7.0472,52.3237],[7.0472,52.3213],[7.0481,52.3199],[7.0475,52.3184],[7.0458,52.3164],[7.0464,52.3166],[7.0474,52.3152],[7.0433,52.3139],[7.0436,52.3135],[7.0387,52.3124],[7.0413,52.3111],[7.0395,52.3076],[7.0338,52.3025],[7.0265,52.292],[7.0262,52.2873],[7.0295,52.2815],[7.0296,52.2802],[7.028,52.2789],[7.0275,52.278],[7.0286,52.2736],[7.0321,52.2717],[7.0424,52.2561],[7.0658,52.2412],[7.0613,52.2347],[7.0391,52.2276],[7.0264,52.2257],[7.0205,52.2259],[7.0192,52.2251],[7.0131,52.2273],[7.0124,52.227],[7.0127,52.2268],[7.0118,52.2269],[7.0112,52.2276],[7.0035,52.2286],[6.997,52.2271],[6.99,52.227],[6.9871,52.2254],[6.9853,52.2253],[6.985,52.2249],[6.9854,52.2235],[6.9827,52.2223],[6.9813,52.2212],[6.9797,52.2182],[6.98,52.2179],[6.9795,52.2142],[6.9785,52.2121],[6.9763,52.2102],[6.9741,52.2054],[6.9709,52.203],[6.9674,52.1979],[6.9624,52.1943],[6.9621,52.1923],[6.9625,52.1914],[6.962,52.1909],[6.9512,52.1811],[6.9504,52.1811],[6.9495,52.1805],[6.9379,52.1795],[6.9363,52.1787],[6.9337,52.1784],[6.9156,52.1776],[6.9119,52.1771],[6.9081,52.176],[6.9081,52.1755],[6.9067,52.1751],[6.9058,52.1738],[6.9057,52.1699],[6.8805,52.156],[6.882,52.156],[6.8733,52.133],[6.873,52.1319],[6.8735,52.1303],[6.8671,52.1281],[6.8555,52.1205],[6.8432,52.1192],[6.8227,52.1184],[6.7606,52.1188],[6.7596,52.1093],[6.758,52.104],[6.7576,52.0993],[6.7555,52.0971],[6.7563,52.0969],[6.7553,52.0952],[6.755,52.0949],[6.7533,52.0959],[6.7503,52.0958],[6.7487,52.0948],[6.7465,52.0944],[6.7455,52.0932],[6.7445,52.0931],[6.7452,52.0921],[6.7446,52.0918],[6.7455,52.0901],[6.7503,52.0875],[6.7511,52.0855],[6.7476,52.0819],[6.744,52.0803],[6.7355,52.0746],[6.7139,52.0729],[6.6947,52.0698],[6.6955,52.0686],[6.6965,52.0683],[6.6969,52.0673],[6.6959,52.0643],[6.6952,52.0642],[6.6896,52.0565],[6.6874,52.0564],[6.6868,52.0555],[6.6867,52.0525],[6.6882,52.0523],[6.6879,52.0399],[6.7141,52.0401],[6.753,52.0284],[6.7641,52.0223],[6.7663,52.0188],[6.7721,52.0179],[6.8114,51.9981],[6.8078,51.995],[6.8266,51.9935],[6.8304,51.9862],[6.8296,51.9794],[6.8302,51.9764],[6.8323,51.9743],[6.8328,51.9729],[6.8324,51.97],[6.8285,51.9641],[6.8138,51.9636],[6.8125,51.9618],[6.7989,51.9587],[6.7962,51.944],[6.7973,51.9426],[6.794,51.9353],[6.786,51.9312],[6.7889,51.9297],[6.77,51.9162],[6.766,51.9161],[6.7616,51.9144],[6.7546,51.9131],[6.754,51.9126],[6.7544,51.9101],[6.7521,51.9086],[6.7513,51.9072],[6.7455,51.9057],[6.7371,51.9047],[6.7325,51.8987],[6.722,51.8961],[6.7032,51.9064],[6.7038,51.9094],[6.7033,51.9097],[6.7014,51.9097],[6.6998,51.9091],[6.6977,51.9099],[6.6953,51.9159],[6.6927,51.9147],[6.6896,51.915],[6.6842,51.9161],[6.6847,51.9173],[6.684,51.9176],[6.6748,51.9159],[6.6621,51.9112],[6.6488,51.9072],[6.6377,51.9045],[6.6342,51.901],[6.6277,51.9009],[6.6253,51.9019],[6.6043,51.8973],[6.5858,51.8941],[6.5695,51.8883],[6.5639,51.8855],[6.5628,51.8844],[6.561,51.8841],[6.5607,51.8829],[6.561,51.8825],[6.5606,51.8822],[6.5588,51.8825],[6.5578,51.8824],[6.5575,51.8818],[6.5559,51.8818],[6.5552,51.8826],[6.5553,51.8834],[6.5527,51.8841],[6.5524,51.8862],[6.5484,51.8853],[6.549,51.8841],[6.5499,51.8834],[6.5496,51.8831],[6.5475,51.8833],[6.5457,51.8845],[6.5442,51.8846],[6.5425,51.8836],[6.5423,51.8827],[6.5399,51.8809],[6.5388,51.8808],[6.5371,51.8796],[6.5293,51.877],[6.5299,51.876],[6.5245,51.8741],[6.5246,51.8737],[6.5181,51.8731],[6.5155,51.8735],[6.5125,51.872],[6.5116,51.8709],[6.5045,51.8686],[6.5032,51.8676],[6.5012,51.8681],[6.5011,51.8669],[6.5021,51.8657],[6.5022,51.8647],[6.5003,51.8623],[6.4903,51.8593],[6.4876,51.859],[6.4829,51.8571],[6.4772,51.8567],[6.4739,51.8555],[6.4725,51.8538],[6.4673,51.8544],[6.4619,51.8564],[6.4574,51.8595],[6.4512,51.8652],[6.4485,51.8655],[6.4467,51.865],[6.4437,51.8627],[6.4414,51.8619],[6.4387,51.8621],[6.4324,51.8594],[6.4294,51.8607],[6.4292,51.8617],[6.4296,51.8621],[6.4286,51.8651],[6.4274,51.8659],[6.4261,51.8663],[6.4243,51.866],[6.422,51.867],[6.4202,51.8668],[6.4183,51.8673],[6.4152,51.8687],[6.4123,51.8711],[6.4104,51.8696],[6.4099,51.8698],[6.4093,51.8694],[6.4066,51.8707],[6.4046,51.8704],[6.4025,51.8691],[6.4012,51.8695],[6.4007,51.8704],[6.3992,51.8703],[6.3984,51.871],[6.3967,51.8703],[6.3953,51.872],[6.3933,51.8731],[6.3931,51.8738],[6.3906,51.874],[6.391,51.8724],[6.3897,51.8707],[6.3869,51.8645],[6.3876,51.8637],[6.388,51.8619],[6.3914,51.8614],[6.3918,51.8604],[6.3952,51.8592],[6.397,51.8576],[6.4008,51.8557],[6.4077,51.8544],[6.409,51.8533],[6.4092,51.8524],[6.4049,51.8488],[6.4053,51.8483],[6.4052,51.8473],[6.4032,51.8458],[6.4024,51.8445],[6.4025,51.8431],[6.4047,51.8402],[6.4072,51.8379],[6.4081,51.8359],[6.403,51.8366],[6.4072,51.829],[6.4072,51.828],[6.4018,51.8273],[6.4,51.8287],[6.3926,51.8312],[6.392,51.8321],[6.3901,51.8327],[6.3895,51.8333],[6.3822,51.8348],[6.3746,51.8348],[6.369,51.8333],[6.368,51.8334],[6.3629,51.8354],[6.364,51.8385],[6.3625,51.8428],[6.36,51.846],[6.356,51.8481],[6.3472,51.8507],[6.3434,51.851],[6.3394,51.8507],[6.3331,51.8516],[6.3204,51.8517],[6.3092,51.85],[6.3062,51.8491],[6.3025,51.8565],[6.3028,51.8569],[6.3007,51.862],[6.3005,51.8645],[6.2988,51.8652],[6.2982,51.8659],[6.2991,51.8671],[6.299,51.8678],[6.2957,51.8682],[6.288,51.8715],[6.2835,51.8721],[6.2797,51.8741],[6.2727,51.8747],[6.2698,51.8741],[6.2653,51.87],[6.2618,51.8681],[6.2567,51.8684],[6.2463,51.87],[6.242,51.869],[6.2394,51.8691],[6.2337,51.8702],[6.2246,51.8685],[6.2151,51.8676],[6.2102,51.869],[6.203,51.8716],[6.196,51.8747],[6.1896,51.8783],[6.1836,51.8825],[6.1836,51.8833],[6.182,51.8858],[6.186,51.8869],[6.1914,51.8874],[6.1895,51.8889],[6.1913,51.8912],[6.1911,51.8917],[6.1873,51.8922],[6.1826,51.8939],[6.1698,51.9013],[6.1689,51.9008],[6.1679,51.9009],[6.1656,51.8986],[6.163,51.9011],[6.1623,51.9009],[6.1581,51.9046],[6.1562,51.9052],[6.1543,51.9052],[6.1541,51.9046],[6.1305,51.8999],[6.1257,51.8982],[6.1179,51.9017],[6.1148,51.8977],[6.1119,51.8988],[6.1092,51.8959],[6.1102,51.8949],[6.1034,51.8925],[6.1063,51.8917],[6.1131,51.8926],[6.1182,51.892],[6.1211,51.8911],[6.1223,51.8901],[6.1244,51.8902],[6.1269,51.8895],[6.1301,51.8883],[6.1318,51.887],[6.1371,51.8858],[6.1379,51.885],[6.1381,51.8836],[6.1436,51.8763],[6.1433,51.875],[6.1438,51.8732],[6.1446,51.8721],[6.1445,51.8697],[6.1484,51.8682],[6.1499,51.8665],[6.1552,51.8657],[6.1615,51.863],[6.167,51.8616],[6.1672,51.8608],[6.1644,51.8591],[6.1636,51.8537],[6.1643,51.852],[6.1656,51.8502],[6.1666,51.8407],[6.1475,51.8454],[6.1358,51.8472],[6.1266,51.8477],[6.1123,51.8477],[6.1011,51.849],[6.0896,51.8526],[6.0772,51.8592],[6.0635,51.8655],[6.0616,51.8612],[6.0604,51.8613],[6.0596,51.8576],[6.054,51.8574],[6.0514,51.8567],[6.0553,51.8524],[6.0417,51.847],[6.037,51.8441],[6.0357,51.8426],[6.0335,51.8434],[6.0327,51.8424],[6.0292,51.8451],[6.0203,51.8417],[6.0176,51.8415],[6.0158,51.838],[6.0101,51.8351],[6.0057,51.834],[6.0023,51.8325],[5.9944,51.8309],[5.9867,51.8307],[5.9762,51.833],[5.9711,51.8333],[5.963,51.8369],[5.9455,51.8243],[5.9458,51.8241],[5.945,51.8235],[5.9582,51.8169],[5.9557,51.8155],[5.9548,51.8159],[5.9528,51.8148],[5.9507,51.8162],[5.9496,51.8154],[5.9481,51.8164],[5.9459,51.8151],[5.947,51.8144],[5.9466,51.8135],[5.9483,51.8125],[5.9488,51.8128],[5.9494,51.8124],[5.948,51.8114],[5.9509,51.8106],[5.9565,51.81],[5.9575,51.8092],[5.9654,51.8058],[5.9719,51.8013],[5.9791,51.7976],[5.9744,51.7956],[5.9768,51.7943],[5.9726,51.7896],[5.9751,51.7888],[5.974,51.7885],[5.9745,51.7851],[5.9795,51.786],[5.9809,51.7855],[5.9818,51.7841],[5.9847,51.7851],[5.9848,51.7844],[5.9879,51.7829],[5.9897,51.7837],[5.9902,51.7834],[5.9834,51.7787],[5.9845,51.7778],[5.9837,51.7756],[5.984,51.7754],[5.9824,51.7737],[5.9868,51.7722],[5.9907,51.7697],[5.9921,51.7702],[5.9905,51.7663],[5.9792,51.7601],[5.9749,51.759],[5.9741,51.7593],[5.9583,51.7515],[5.9568,51.7519],[5.952,51.7489],[5.9533,51.7479],[5.9525,51.7455],[5.9524,51.7423],[5.9547,51.7394],[5.9552,51.7381],[5.9569,51.7387],[5.9592,51.7383],[5.9611,51.7388],[5.9684,51.7385],[5.9734,51.7393],[5.9792,51.7388],[5.9855,51.7393],[5.9942,51.7383],[6.0036,51.7338],[6.0295,51.7255],[6.0323,51.7238],[6.033,51.7214],[6.035,51.7212],[6.0347,51.7203],[6.0354,51.7178],[6.0384,51.7181],[6.0379,51.7199],[6.0449,51.7169],[6.042,51.7133],[6.0387,51.7138],[6.0378,51.7137],[6.0377,51.7127],[6.0345,51.7127],[6.0334,51.7133],[6.0315,51.713],[6.0283,51.7117],[6.0282,51.7108],[6.0269,51.71],[6.0261,51.7087],[6.0271,51.7071],[6.0268,51.7043],[6.0281,51.7026],[6.0278,51.7005],[6.0289,51.6993],[6.0306,51.6984],[6.0311,51.6964],[6.0317,51.6922],[6.0301,51.69],[6.0282,51.6896],[6.0322,51.6848],[6.0318,51.6844],[6.0323,51.6839],[6.0304,51.6829],[6.0303,51.6789],[6.0298,51.6781],[6.032,51.6762],[6.0333,51.6761],[6.0347,51.6751],[6.0343,51.6747],[6.0315,51.6746],[6.0323,51.6741],[6.0349,51.674],[6.0366,51.6728],[6.0724,51.6638],[6.0757,51.6648],[6.0784,51.6634],[6.0797,51.6635],[6.079,51.6619],[6.0795,51.6616],[6.0831,51.6617],[6.0853,51.6629],[6.0872,51.6618],[6.0873,51.6603],[6.0879,51.6598],[6.095,51.6597],[6.0997,51.6581],[6.102,51.6606],[6.1028,51.6605],[6.106,51.6592],[6.1084,51.659],[6.1181,51.656],[6.1158,51.6532],[6.1172,51.6507],[6.1094,51.6469],[6.1117,51.6447],[6.108,51.6419],[6.1,51.6241],[6.0972,51.6209],[6.0939,51.6222],[6.0944,51.6152],[6.0914,51.6058],[6.1171,51.5938],[6.1193,51.5937],[6.1215,51.5927],[6.1306,51.5811],[6.1408,51.5742],[6.147,51.5706],[6.157,51.5666],[6.1769,51.5386],[6.1887,51.5335],[6.1999,51.5274],[6.2077,51.5191],[6.212,51.5134],[6.2142,51.5029],[6.2128,51.4913],[6.2185,51.4843],[6.219,51.485],[6.2236,51.475],[6.2228,51.4695],[6.2237,51.4687],[6.2223,51.4662],[6.2221,51.4611],[6.22,51.4553],[6.2206,51.4466],[6.2142,51.4467],[6.2139,51.4463],[6.2148,51.4339],[6.2053,51.3995],[6.2114,51.4009],[6.2267,51.4003],[6.226,51.3995],[6.2268,51.3994],[6.2237,51.3966],[6.2176,51.3916],[6.2144,51.3896],[6.2164,51.3888],[6.2147,51.3875],[6.2264,51.3603],[6.1899,51.3395],[6.1942,51.3349],[6.1883,51.3351],[6.1782,51.3332],[6.1686,51.333],[6.1683,51.3315],[6.1694,51.3294],[6.1642,51.3256],[6.1621,51.323],[6.1616,51.3216],[6.1596,51.3197],[6.1594,51.3156],[6.1542,51.3111],[6.1538,51.3074],[6.1451,51.2981],[6.129,51.2857],[6.1248,51.2775],[6.1245,51.2747],[6.0856,51.2476],[6.0727,51.2426],[6.0835,51.2271],[6.086,51.2227],[6.0836,51.222],[6.081,51.2224],[6.0733,51.2224],[6.0707,51.2221],[6.068,51.2206],[6.0685,51.2134],[6.0695,51.2132],[6.0731,51.1828],[6.0785,51.1772],[6.0822,51.1716],[6.0881,51.1707],[6.0892,51.171],[6.0891,51.1706],[6.09,51.1704],[6.0909,51.1705],[6.0908,51.1708],[6.0938,51.1704],[6.0959,51.1712],[6.0966,51.1708],[6.0961,51.1707],[6.1001,51.1699],[6.1006,51.1701],[6.1006,51.1709],[6.1021,51.1716],[6.1059,51.1721],[6.1075,51.1725],[6.1079,51.1732],[6.11,51.1733],[6.1113,51.1738],[6.1115,51.1747],[6.1127,51.1748],[6.1146,51.1764],[6.1156,51.1779],[6.1174,51.1791],[6.1224,51.1813],[6.1652,51.1944],[6.1807,51.1864],[6.1388,51.1733],[6.1754,51.1585],[6.1701,51.1552],[6.1645,51.1529],[6.1628,51.1527],[6.1633,51.1487],[6.1606,51.1495],[6.1588,51.1489],[6.1575,51.149],[6.1563,51.1483],[6.1553,51.1485],[6.1549,51.1479],[6.1546,51.1482],[6.1523,51.1479],[6.1506,51.1485],[6.1477,51.1486],[6.1462,51.1484],[6.1458,51.1477],[6.1451,51.1479],[6.1455,51.1476],[6.1448,51.147],[6.1382,51.1463],[6.1346,51.1451],[6.1306,51.1452],[6.13,51.1447],[6.1275,51.1451],[6.1269,51.1447],[6.1258,51.1451],[6.1261,51.1447],[6.1255,51.1444],[6.1243,51.1447],[6.1246,51.1444],[6.1242,51.1443],[6.1242,51.1438],[6.1234,51.1438],[6.1234,51.1433],[6.1223,51.1431],[6.1221,51.1426],[6.1213,51.1427],[6.121,51.1422],[6.1213,51.1409],[6.1183,51.1399],[6.1179,51.1402],[6.1164,51.1392],[6.1139,51.139],[6.1097,51.1377],[6.1061,51.1375],[6.1036,51.1364],[6.1021,51.1367],[6.1004,51.1364],[6.0999,51.1357],[6.0963,51.1348],[6.092,51.135],[6.0892,51.1302],[6.0871,51.1293],[6.0887,51.1287],[6.0888,51.1279],[6.0865,51.1275],[6.0844,51.126],[6.0864,51.1257],[6.087,51.1246],[6.0835,51.1239],[6.0809,51.126],[6.08,51.1245],[6.0805,51.1221],[6.0757,51.1209],[6.0762,51.1197],[6.0759,51.1192],[6.0713,51.118],[6.0673,51.118],[6.0603,51.1159],[6.0578,51.1138],[6.0552,51.1107],[6.0568,51.1095],[6.0526,51.1063],[6.0444,51.1011],[6.042,51.1009],[6.0367,51.0966],[6.0299,51.0946],[6.0259,51.0942],[6.0239,51.0934],[6.0207,51.0928],[6.0176,51.0946],[6.0157,51.0924],[6.0141,51.0915],[6.0127,51.091],[6.0095,51.0908],[6.0083,51.0896],[6.0038,51.0868],[5.9978,51.0842],[5.9922,51.0799],[5.9884,51.0746],[5.9818,51.0732],[5.9803,51.0723],[5.9796,51.0713],[5.9817,51.0695],[5.9787,51.0677],[5.9785,51.0664],[5.9748,51.0632],[5.9732,51.0629],[5.97,51.0607],[5.9708,51.0597],[5.9708,51.058],[5.9701,51.0569],[5.9681,51.0556],[5.9703,51.0542],[5.9682,51.0511],[5.9685,51.0498],[5.9693,51.0491],[5.9684,51.0479],[5.9692,51.0468],[5.9683,51.0464],[5.9678,51.0448],[5.9669,51.0441],[5.9638,51.0437],[5.9617,51.042],[5.9605,51.042],[5.9578,51.041],[5.9595,51.0382],[5.9581,51.0361],[5.9578,51.0347],[5.9557,51.035],[5.954,51.0365],[5.9498,51.037],[5.9431,51.0366],[5.943,51.0361],[5.9416,51.0356],[5.9381,51.0351],[5.9379,51.0363],[5.9346,51.0412],[5.9263,51.0482],[5.9187,51.064],[5.9132,51.0669],[5.9056,51.0618],[5.8964,51.0571],[5.892,51.0531],[5.8872,51.0522],[5.8752,51.0515],[5.8687,51.0517],[5.8667,51.0516],[5.8669,51.0512],[5.8663,51.0511],[5.8673,51.0463],[5.8746,51.0391],[5.8774,51.0381],[5.8781,51.0374],[5.8769,51.0316],[5.8746,51.0292],[5.8767,51.0238],[5.8789,51.0206],[5.8788,51.018],[5.8843,51.0134],[5.8854,51.0138],[5.8883,51.0135],[5.8957,51.011],[5.8955,51.0045],[5.9055,51.0022],[5.9043,50.9961],[5.9037,50.9872],[5.8957,50.9814],[5.8938,50.9811],[5.8926,50.9803],[5.8968,50.9765],[5.8971,50.9749],[5.9056,50.9747],[5.9156,50.9778],[5.9172,50.9781],[5.9186,50.9777],[5.923,50.9795],[5.9339,50.9854],[5.9501,50.9872],[5.9552,50.9884],[5.9574,50.985],[5.9676,50.9794],[5.9739,50.9806],[5.9796,50.9829],[5.9814,50.9832],[5.9842,50.9821],[6.0174,50.9834],[6.0172,50.9837],[6.0187,50.9838],[6.0265,50.9833],[6.0268,50.9813],[6.0212,50.971],[6.0152,50.9624],[6.013,50.9604],[6.0091,50.9595],[6.0052,50.9568],[6.0169,50.9526],[6.0151,50.9479],[6.0182,50.9347],[6.0398,50.9309],[6.0444,50.9293],[6.0456,50.9281],[6.0509,50.9299],[6.0562,50.9272],[6.054,50.9222],[6.0618,50.9212],[6.063,50.922],[6.0682,50.9207],[6.0718,50.9231],[6.0775,50.9226],[6.0821,50.9215],[6.0894,50.9185],[6.0902,50.9196],[6.0937,50.9212],[6.0941,50.9207],[6.0921,50.9175],[6.0893,50.9162],[6.0868,50.9141],[6.0863,50.9123],[6.0813,50.9091],[6.0797,50.9055],[6.0802,50.9039],[6.0799,50.9029],[6.0774,50.8991],[6.0773,50.897],[6.0767,50.8964],[6.0766,50.8946],[6.0752,50.893],[6.0762,50.892],[6.0763,50.8915],[6.0754,50.8911],[6.0754,50.8906],[6.0764,50.8888],[6.0773,50.8876],[6.0782,50.888],[6.0793,50.8867],[6.0793,50.886],[6.0782,50.8852],[6.0797,50.8836],[6.0796,50.8822],[6.0805,50.8827],[6.0814,50.8822],[6.0825,50.8825],[6.083,50.8821],[6.0822,50.8816],[6.0867,50.8794],[6.087,50.8781],[6.0851,50.8764],[6.0881,50.8724],[6.0861,50.8715],[6.0867,50.8707],[6.0865,50.8693],[6.0834,50.8648],[6.081,50.8645],[6.081,50.8626],[6.0773,50.8608],[6.0742,50.8465],[6.0634,50.8502],[6.0567,50.8511],[6.0565,50.8514],[6.0572,50.852],[6.0571,50.8543],[6.0566,50.8544],[6.0571,50.8555],[6.0566,50.8571],[6.0551,50.8573],[6.0539,50.8569],[6.0522,50.8556],[6.0508,50.8554],[6.0501,50.8542],[6.0451,50.8524],[6.044,50.8525],[6.0439,50.852],[6.0421,50.8512],[6.0343,50.8506],[6.0278,50.8476],[6.026,50.8472],[6.0256,50.8477],[6.022,50.8464],[6.0189,50.8463],[6.0159,50.8388],[6.0184,50.8373],[6.0163,50.8339],[6.0188,50.8297],[6.0253,50.8278],[6.0227,50.8266],[6.024,50.8251],[6.0247,50.8216],[6.0264,50.82],[6.0221,50.8168],[6.0245,50.8159],[6.0235,50.8146],[6.025,50.8141],[6.0165,50.8098],[6.01,50.804],[6.0037,50.8015],[5.9914,50.808],[5.9855,50.8106],[5.9814,50.8086],[5.9802,50.8071],[5.9802,50.8058],[5.9787,50.8047],[5.9779,50.8051],[5.9757,50.8024],[5.9749,50.798],[5.9772,50.7967],[5.9792,50.7963],[5.9799,50.7952],[5.985,50.7948],[5.9858,50.7938],[5.9883,50.794],[5.9959,50.79],[5.9959,50.7874],[5.9975,50.7866],[5.9985,50.787],[5.9998,50.7856],[6.0022,50.7842],[6.0055,50.7834],[6.0066,50.7819],[6.0105,50.7803],[6.0121,50.7802],[6.0155,50.7788],[6.0174,50.7786],[6.0176,50.778],[6.0202,50.7771],[6.0203,50.7765],[6.0261,50.7755],[6.027,50.7742],[6.0276,50.7742],[6.0279,50.7735],[6.0263,50.7725],[6.0227,50.7685],[6.0214,50.7662],[6.0184,50.7634],[6.021,50.7543],[6.0175,50.755],[6.0134,50.7551],[6.0045,50.7538],[6.0025,50.7541],[5.9993,50.753],[5.9972,50.7539],[5.9934,50.7528],[5.9845,50.7534],[5.9832,50.7528],[5.9793,50.7546],[5.9765,50.7543],[5.9741,50.7552],[5.9751,50.7579],[5.9728,50.7596],[5.9692,50.7606],[5.9609,50.7615],[5.9607,50.7625],[5.958,50.7621],[5.9536,50.7601],[5.9517,50.7605],[5.9465,50.7598],[5.9442,50.7585],[5.9405,50.7578],[5.939,50.7579],[5.9362,50.7568],[5.9332,50.7566],[5.9311,50.7569],[5.9214,50.7514],[5.9151,50.7504],[5.9148,50.7521],[5.9154,50.7547],[5.914,50.7543],[5.9137,50.7557],[5.9131,50.7558],[5.9107,50.7552],[5.909,50.7542],[5.9082,50.7557],[5.9071,50.7551],[5.906,50.7555],[5.9048,50.7552],[5.903,50.7537],[5.9035,50.7535],[5.9016,50.7514],[5.8976,50.7527],[5.8962,50.7537],[5.8897,50.7563],[5.8892,50.7575],[5.8902,50.7601],[5.8897,50.7642],[5.8894,50.7655],[5.8865,50.7702],[5.8762,50.7656],[5.869,50.7649],[5.8631,50.7634],[5.853,50.7577],[5.8489,50.7534],[5.8481,50.7554],[5.8478,50.7579],[5.845,50.7654],[5.8381,50.7633],[5.8332,50.7606],[5.8308,50.7586],[5.8224,50.7588],[5.8144,50.7562],[5.8077,50.756],[5.7932,50.7702],[5.7883,50.768],[5.7845,50.7672],[5.7797,50.7743],[5.7781,50.7794],[5.7766,50.7822],[5.7774,50.783],[5.7736,50.7832],[5.7658,50.7825],[5.7596,50.778],[5.7588,50.7782],[5.7558,50.775],[5.7546,50.7752],[5.7523,50.7734],[5.7519,50.7737],[5.75,50.7719],[5.7483,50.7712],[5.7461,50.7696],[5.7463,50.7694],[5.7449,50.7688],[5.7453,50.7684],[5.7433,50.767],[5.7405,50.763],[5.7411,50.763],[5.7414,50.7623],[5.7404,50.7614],[5.7416,50.7612],[5.7392,50.7571],[5.7304,50.7574],[5.7303,50.7583],[5.7264,50.7594],[5.724,50.7609],[5.7247,50.7614],[5.7236,50.762],[5.7239,50.7622],[5.7223,50.7628],[5.7228,50.7631],[5.722,50.7635],[5.7228,50.7638],[5.7203,50.7647],[5.7194,50.7633],[5.7156,50.7599],[5.7136,50.7602],[5.7137,50.7607],[5.7123,50.761],[5.7122,50.7605],[5.7106,50.7608],[5.7102,50.7598],[5.7089,50.7599],[5.7087,50.759],[5.7074,50.759],[5.707,50.7583],[5.7026,50.7589],[5.7014,50.757],[5.699,50.7553],[5.6948,50.7548],[5.6885,50.7557],[5.6879,50.7562],[5.6878,50.7577],[5.6821,50.7575],[5.6822,50.76],[5.685,50.7636],[5.6899,50.7673],[5.6952,50.7725],[5.6974,50.7753],[5.6987,50.7796],[5.6983,50.7852],[5.694,50.7966],[5.6935,50.8001],[5.6939,50.8115],[5.6917,50.8121],[5.6888,50.8116],[5.686,50.8122],[5.6845,50.8128],[5.6844,50.8134],[5.6806,50.812],[5.6797,50.8131],[5.6794,50.8147],[5.6785,50.8151],[5.6783,50.8165],[5.6732,50.816],[5.6727,50.8169],[5.6697,50.8172],[5.6695,50.8178],[5.6681,50.8177],[5.6676,50.8165],[5.6664,50.8168],[5.6667,50.8173],[5.6643,50.8172],[5.6632,50.8181],[5.659,50.8185],[5.654,50.8201],[5.6552,50.8209],[5.6543,50.8213],[5.6565,50.8232],[5.6555,50.8238],[5.6562,50.8243],[5.6519,50.8275],[5.6493,50.8264],[5.6489,50.8267],[5.6514,50.832],[5.65,50.8339],[5.6483,50.8332],[5.6474,50.8359],[5.6437,50.8379],[5.6453,50.8394],[5.6419,50.8408],[5.6428,50.8415],[5.6412,50.8429],[5.6423,50.8431],[5.6392,50.8463],[5.6389,50.8477],[5.6408,50.8477],[5.6403,50.8495],[5.6427,50.8501],[5.6419,50.8512],[5.6417,50.8525],[5.6403,50.8537],[5.6435,50.8568],[5.6417,50.8576],[5.6438,50.8589],[5.6418,50.8592],[5.6436,50.8605],[5.6423,50.8614],[5.644,50.8629],[5.6417,50.8642],[5.6495,50.8683],[5.6442,50.8713],[5.6479,50.8737],[5.6485,50.8733],[5.6513,50.8751],[5.6533,50.874],[5.6564,50.8766],[5.6573,50.8763],[5.6579,50.8767],[5.6586,50.8762],[5.661,50.8774],[5.6607,50.8777],[5.6617,50.8787],[5.6674,50.8803],[5.6696,50.8818],[5.672,50.8811],[5.6793,50.8805],[5.6789,50.8816],[5.6791,50.8835],[5.6825,50.8885],[5.6863,50.8912],[5.6923,50.8937],[5.6957,50.8977],[5.6972,50.9023],[5.6966,50.905],[5.6958,50.9058],[5.6963,50.9068],[5.6963,50.9077],[5.6974,50.9095],[5.6995,50.9108],[5.7064,50.912],[5.7093,50.9116],[5.7147,50.9085],[5.716,50.9082],[5.7189,50.9078],[5.7228,50.9092],[5.7266,50.9131],[5.7273,50.9158],[5.7259,50.9212],[5.7281,50.9256],[5.7303,50.9279],[5.7315,50.9285],[5.7325,50.9302],[5.7409,50.9352],[5.7436,50.9384],[5.7442,50.9412],[5.7462,50.9436],[5.7463,50.9454],[5.7459,50.9465],[5.7466,50.9473],[5.7516,50.9492],[5.7569,50.9503],[5.7581,50.9508],[5.7588,50.9517],[5.7592,50.9525],[5.7588,50.9544],[5.7568,50.9569],[5.756,50.9577],[5.7505,50.9607],[5.7462,50.9616],[5.7446,50.9615],[5.742,50.9606],[5.74,50.9592],[5.739,50.9574],[5.7342,50.9555],[5.7312,50.9549],[5.7281,50.955],[5.7231,50.9565],[5.7199,50.9596],[5.7198,50.9615],[5.7218,50.9641],[5.7243,50.9662],[5.7257,50.9667],[5.7285,50.9699],[5.7334,50.9719],[5.7343,50.9727],[5.7354,50.9744],[5.7364,50.9779],[5.7373,50.9787],[5.7398,50.9798],[5.7466,50.9807],[5.7499,50.9825],[5.7515,50.9841],[5.7526,50.9867],[5.7551,50.989],[5.755,50.9901],[5.7557,50.9909],[5.7575,50.9923],[5.7649,50.9965],[5.7676,50.9997],[5.7674,51.0044],[5.7661,51.0069],[5.7663,51.0106],[5.7675,51.0133],[5.772,51.0179],[5.7756,51.0207],[5.7764,51.0233],[5.7749,51.026],[5.7729,51.0274],[5.7692,51.0288],[5.7608,51.03],[5.7597,51.0306],[5.7583,51.0321],[5.758,51.0337],[5.7584,51.035],[5.7596,51.0367],[5.7624,51.0388],[5.7634,51.0405],[5.7664,51.0425],[5.7708,51.0492],[5.7718,51.0518],[5.7721,51.0555],[5.7726,51.0563],[5.7723,51.059],[5.7717,51.0599],[5.7726,51.0616],[5.7736,51.0624],[5.7747,51.063],[5.7762,51.0631],[5.7805,51.0626],[5.7844,51.0614],[5.7878,51.0597],[5.7932,51.0585],[5.7975,51.0592],[5.7988,51.0597],[5.8003,51.0612],[5.8012,51.0631],[5.8011,51.064],[5.7998,51.0667],[5.7983,51.0682],[5.7977,51.0709],[5.7966,51.0718],[5.7975,51.0735],[5.7992,51.075],[5.8042,51.0769],[5.8049,51.0779],[5.8049,51.0796],[5.8026,51.083],[5.7988,51.0858],[5.7971,51.0862],[5.7964,51.087],[5.7951,51.0896],[5.796,51.0915],[5.8001,51.0942],[5.8053,51.0959],[5.8083,51.0963],[5.8126,51.0959],[5.8213,51.0927],[5.8241,51.0923],[5.829,51.0944],[5.831,51.0957],[5.8324,51.0974],[5.8337,51.1],[5.8338,51.1028],[5.8328,51.1046],[5.831,51.1059],[5.8289,51.107],[5.8251,51.1082],[5.8202,51.1082],[5.8146,51.1075],[5.813,51.1079],[5.8109,51.1089],[5.8084,51.1112],[5.8077,51.113],[5.8098,51.1184],[5.816,51.1222],[5.8217,51.1274],[5.8249,51.1293],[5.8275,51.1301],[5.8401,51.1308],[5.8429,51.1329],[5.844,51.1355],[5.8435,51.1373],[5.8458,51.1408],[5.8491,51.1424],[5.8558,51.1446],[5.8472,51.1487],[5.846,51.1487],[5.8403,51.1523],[5.8364,51.1537],[5.8373,51.1557],[5.8376,51.1556],[5.8386,51.1571],[5.8358,51.1576],[5.8352,51.1584],[5.8329,51.159],[5.8327,51.16],[5.8337,51.1611],[5.8327,51.1624],[5.83,51.1641],[5.8282,51.1643],[5.8275,51.1662],[5.8243,51.1678],[5.8222,51.1662],[5.816,51.1632],[5.8157,51.1616],[5.8147,51.1611],[5.8151,51.1588],[5.8139,51.1587],[5.8063,51.1628],[5.8058,51.1624],[5.8049,51.1629],[5.8021,51.1609],[5.8025,51.1603],[5.802,51.16],[5.8026,51.1595],[5.7988,51.1577],[5.7981,51.1579],[5.7965,51.1572],[5.792,51.1571],[5.7905,51.1561],[5.7865,51.1547],[5.7851,51.1531],[5.7776,51.1513],[5.7767,51.1544],[5.7748,51.1547],[5.7772,51.1574],[5.7764,51.1577],[5.7795,51.1594],[5.7794,51.1633],[5.7784,51.1633],[5.7778,51.1625],[5.776,51.163],[5.7768,51.1632],[5.7764,51.1653],[5.774,51.1653],[5.7745,51.1639],[5.773,51.1645],[5.7702,51.1642],[5.7696,51.1691],[5.7704,51.17],[5.7726,51.1695],[5.777,51.1706],[5.7797,51.1718],[5.7794,51.1722],[5.7739,51.1727],[5.773,51.1734],[5.7767,51.1785],[5.7672,51.1837],[5.756,51.1845],[5.7569,51.1854],[5.7531,51.1861],[5.7534,51.1863],[5.7491,51.1887],[5.7456,51.1895],[5.7433,51.1883],[5.7431,51.1875],[5.7421,51.1877],[5.7401,51.1866],[5.7397,51.1847],[5.7382,51.1865],[5.7338,51.1862],[5.7334,51.1853],[5.7301,51.1849],[5.7295,51.1856],[5.7285,51.1857],[5.7265,51.1855],[5.7268,51.1849],[5.7253,51.1846],[5.7252,51.1853],[5.7219,51.1849],[5.7217,51.1845],[5.7197,51.1847],[5.7145,51.1835],[5.7093,51.1804],[5.7087,51.181],[5.7091,51.1815],[5.708,51.1821],[5.7013,51.1825],[5.7016,51.1838],[5.6982,51.184],[5.6979,51.1836],[5.6964,51.1839],[5.6953,51.1826],[5.6915,51.1837],[5.6916,51.1841],[5.6904,51.1847],[5.6905,51.1851],[5.6894,51.1854],[5.6879,51.1854],[5.6872,51.1848],[5.684,51.1841],[5.681,51.1844],[5.6805,51.1835],[5.6765,51.1827],[5.6762,51.1846],[5.671,51.1858],[5.6691,51.1856],[5.6643,51.1863],[5.658,51.1847],[5.6497,51.1936],[5.6541,51.1942],[5.6527,51.1977],[5.6367,51.2028],[5.5604,51.2223],[5.5552,51.2444],[5.5549,51.2445],[5.5554,51.2457],[5.5553,51.2474],[5.5566,51.2502],[5.5566,51.2528],[5.556,51.2544],[5.5569,51.2558],[5.5565,51.2563],[5.5575,51.2573],[5.5565,51.2575],[5.5568,51.2601],[5.5577,51.2603],[5.5579,51.2624],[5.5579,51.2628],[5.5568,51.2628],[5.5571,51.2643],[5.5564,51.2664],[5.5446,51.2712],[5.5447,51.272],[5.5431,51.2721],[5.5287,51.2818],[5.519,51.2895],[5.5158,51.2952],[5.483,51.3002],[5.4832,51.2986],[5.4794,51.2968],[5.4776,51.295],[5.4769,51.2914],[5.4702,51.2881],[5.4648,51.2846],[5.4418,51.2821],[5.4406,51.2786],[5.4384,51.276],[5.4333,51.2763],[5.4174,51.2623],[5.3961,51.2669],[5.3461,51.2758],[5.3455,51.2748],[5.3458,51.2747],[5.3455,51.274],[5.3464,51.2731],[5.3441,51.2699],[5.3434,51.2694],[5.343,51.2695],[5.3426,51.2657],[5.3414,51.2657],[5.3401,51.2644],[5.3365,51.2631],[5.3159,51.2635],[5.2962,51.2615],[5.2631,51.2668],[5.2379,51.2614],[5.226,51.2683],[5.2313,51.2797],[5.2422,51.3052],[5.2003,51.3227],[5.1966,51.3204],[5.1906,51.3201],[5.1731,51.3158],[5.1626,51.3103],[5.1344,51.3155],[5.1317,51.347],[5.1246,51.3513],[5.1194,51.3556],[5.1166,51.3611],[5.0712,51.3935],[5.0952,51.4222],[5.1046,51.4313],[5.0793,51.4713],[5.0458,51.4711],[5.0459,51.4718],[5.0453,51.4729],[5.0433,51.4747],[5.0425,51.4748],[5.0431,51.4752],[5.0409,51.4766],[5.0404,51.4775],[5.0398,51.4774],[5.0379,51.4793],[5.0392,51.4798],[5.0388,51.4806],[5.0401,51.4851],[5.0402,51.4865],[5.0387,51.4865],[5.0388,51.487],[5.0332,51.4872],[5.033,51.4863],[5.032,51.4863],[5.032,51.4857],[5.0303,51.4855],[5.0289,51.4844],[5.0223,51.4818],[5.0167,51.4752],[5.0108,51.4723],[5.0081,51.4672],[5.0073,51.4644],[5.0078,51.4623],[5.0088,51.4622],[5.0108,51.4593],[5.0102,51.4588],[5.0106,51.4579],[5.0098,51.4571],[5.011,51.4555],[5.0103,51.4536],[5.0094,51.4527],[5.0081,51.4524],[5.0075,51.4515],[5.0064,51.4516],[5.0055,51.451],[5.0044,51.4446],[5.0051,51.4445],[5.0046,51.4439],[5.0009,51.4428],[4.9981,51.4404],[4.9632,51.4223],[4.929,51.3961],[4.9287,51.3959],[4.9279,51.3997],[4.9244,51.3988],[4.9252,51.3967],[4.9279,51.3954],[4.921,51.3937],[4.9138,51.3951],[4.9154,51.3953],[4.9178,51.3968],[4.9246,51.3969],[4.9243,51.3978],[4.9233,51.3986],[4.9182,51.3979],[4.9161,51.3987],[4.9178,51.4005],[4.9102,51.4023],[4.9105,51.4029],[4.9086,51.4046],[4.9098,51.4074],[4.9065,51.409],[4.9059,51.4086],[4.9057,51.4099],[4.9037,51.41],[4.9049,51.4119],[4.9038,51.4124],[4.9027,51.4102],[4.8999,51.4106],[4.9005,51.4119],[4.9003,51.4125],[4.9026,51.4125],[4.9032,51.4136],[4.9018,51.4139],[4.9007,51.4133],[4.9012,51.4141],[4.9,51.4147],[4.8988,51.4141],[4.8991,51.4138],[4.8976,51.4135],[4.8985,51.4128],[4.8986,51.4119],[4.8971,51.4117],[4.8965,51.4129],[4.8945,51.4129],[4.8909,51.4151],[4.8903,51.4147],[4.8891,51.4155],[4.887,51.4151],[4.8859,51.4153],[4.8861,51.4166],[4.8829,51.4165],[4.8831,51.4153],[4.8813,51.4155],[4.8798,51.4144],[4.8784,51.4141],[4.8778,51.4153],[4.876,51.4152],[4.8736,51.4148],[4.8738,51.4143],[4.8729,51.4136],[4.8713,51.4137],[4.8704,51.413],[4.8687,51.4129],[4.8663,51.4114],[4.8665,51.4107],[4.8682,51.4105],[4.8684,51.41],[4.8674,51.4091],[4.8662,51.41],[4.8604,51.4105],[4.8597,51.4112],[4.8599,51.4133],[4.8567,51.4127],[4.8555,51.4128],[4.8557,51.4131],[4.8545,51.4137],[4.8526,51.4135],[4.8518,51.4141],[4.8507,51.4143],[4.8503,51.4138],[4.8498,51.4143],[4.8486,51.4127],[4.847,51.4134],[4.8463,51.4129],[4.8393,51.4146],[4.8035,51.4113],[4.7931,51.4095],[4.7922,51.4105],[4.7893,51.409],[4.7873,51.4094],[4.7861,51.4106],[4.7848,51.4104],[4.7827,51.411],[4.7802,51.4121],[4.7778,51.4138],[4.7753,51.4141],[4.7746,51.4135],[4.7734,51.4134],[4.773,51.4142],[4.7712,51.4149],[4.7721,51.4153],[4.7719,51.4166],[4.7707,51.4166],[4.7697,51.4179],[4.7703,51.4182],[4.7699,51.419],[4.7689,51.4186],[4.7692,51.4192],[4.7686,51.4196],[4.7692,51.4208],[4.7689,51.4213],[4.7692,51.4218],[4.771,51.4232],[4.7696,51.4236],[4.7697,51.4247],[4.7702,51.4249],[4.7695,51.4253],[4.7695,51.4261],[4.7701,51.4266],[4.7695,51.4267],[4.7695,51.4275],[4.7685,51.4276],[4.7689,51.4283],[4.7682,51.4285],[4.7687,51.4291],[4.7666,51.4305],[4.7674,51.4308],[4.769,51.43],[4.7741,51.4316],[4.7867,51.4327],[4.7868,51.4321],[4.7877,51.4321],[4.7891,51.4297],[4.7914,51.4298],[4.7916,51.4292],[4.7924,51.4291],[4.7929,51.4286],[4.7936,51.429],[4.7942,51.4285],[4.7955,51.4288],[4.7955,51.4284],[4.7964,51.4283],[4.7972,51.4291],[4.7979,51.4286],[4.7986,51.4289],[4.7987,51.4286],[4.8003,51.4291],[4.8013,51.4289],[4.8016,51.4283],[4.8042,51.4279],[4.8057,51.4286],[4.8067,51.4282],[4.8062,51.4276],[4.8075,51.4275],[4.8084,51.4264],[4.8118,51.426],[4.8129,51.4263],[4.8154,51.4252],[4.8162,51.4257],[4.8169,51.425],[4.8205,51.4238],[4.8207,51.4229],[4.8214,51.4226],[4.8224,51.4231],[4.8252,51.4228],[4.8262,51.4231],[4.8259,51.4226],[4.827,51.4222],[4.8265,51.4211],[4.83,51.4208],[4.8335,51.4198],[4.833,51.4191],[4.8347,51.4184],[4.8354,51.4192],[4.8368,51.4188],[4.8355,51.4175],[4.8365,51.4173],[4.8397,51.4198],[4.8394,51.4201],[4.8415,51.4224],[4.8383,51.4217],[4.8376,51.4208],[4.8344,51.4212],[4.834,51.4205],[4.8333,51.4203],[4.8333,51.4207],[4.8302,51.4212],[4.8293,51.4223],[4.8282,51.4222],[4.8286,51.4237],[4.8249,51.4353],[4.825,51.4359],[4.8259,51.436],[4.8234,51.4486],[4.8286,51.4509],[4.8282,51.4513],[4.8298,51.4523],[4.8297,51.4529],[4.831,51.4539],[4.8334,51.4574],[4.8352,51.4587],[4.837,51.4568],[4.8385,51.456],[4.8413,51.4568],[4.844,51.4591],[4.8384,51.4614],[4.8361,51.4612],[4.8369,51.468],[4.8397,51.4728],[4.8403,51.4785],[4.8419,51.4807],[4.8376,51.482],[4.8287,51.4818],[4.8211,51.4831],[4.8202,51.486],[4.8174,51.489],[4.8176,51.4904],[4.8182,51.4911],[4.8176,51.4929],[4.8156,51.4946],[4.8135,51.4954],[4.8097,51.4959],[4.8081,51.4969],[4.8072,51.4966],[4.8056,51.4976],[4.8036,51.4979],[4.8024,51.4975],[4.8016,51.4985],[4.8007,51.4985],[4.7985,51.4997],[4.7961,51.4994],[4.7939,51.4998],[4.7926,51.4983],[4.7922,51.4986],[4.7909,51.4982],[4.7883,51.4991],[4.7861,51.4988],[4.785,51.4998],[4.7831,51.4996],[4.7827,51.5002],[4.783,51.5008],[4.7822,51.5008],[4.7827,51.5013],[4.7817,51.5019],[4.782,51.5024],[4.7808,51.5026],[4.7814,51.5032],[4.7807,51.5036],[4.7809,51.504],[4.7788,51.5045],[4.7738,51.5051],[4.7599,51.5024],[4.7583,51.5001],[4.7553,51.5005],[4.7527,51.4998],[4.7489,51.4967],[4.75,51.4954],[4.7497,51.4944],[4.7468,51.4907],[4.7466,51.4895],[4.7292,51.4839],[4.7202,51.4737],[4.7206,51.4735],[4.7184,51.4727],[4.7186,51.4723],[4.716,51.4711],[4.7169,51.4689],[4.7032,51.467],[4.7028,51.4661],[4.7041,51.4655],[4.6994,51.4609],[4.6993,51.46],[4.6931,51.4517],[4.6864,51.4513],[4.6666,51.4444],[4.6697,51.4264],[4.6645,51.4262],[4.6564,51.425],[4.6517,51.4269],[4.6497,51.4265],[4.65,51.4262],[4.6492,51.4259],[4.6494,51.4254],[4.648,51.4249],[4.6484,51.4247],[4.6482,51.4243],[4.6466,51.4239],[4.6466,51.4234],[4.6419,51.4227],[4.6413,51.422],[4.6375,51.423],[4.6339,51.4251],[4.6301,51.4259],[4.5882,51.4314],[4.5825,51.4314],[4.5822,51.432],[4.5747,51.4328],[4.5354,51.423],[4.5299,51.4495],[4.5481,51.4734],[4.5382,51.4824],[4.4868,51.4773],[4.4802,51.4783],[4.4765,51.4783],[4.4717,51.4763],[4.4685,51.4741],[4.4667,51.472],[4.4647,51.471],[4.457,51.4698],[4.4426,51.4687],[4.3848,51.4493],[4.3827,51.4502],[4.3815,51.4483],[4.3798,51.4478],[4.3793,51.4468],[4.3866,51.4452],[4.392,51.4464],[4.397,51.4413],[4.397,51.4409],[4.3955,51.4398],[4.3954,51.4355],[4.3988,51.4352],[4.3972,51.4316],[4.3926,51.4328],[4.3923,51.4314],[4.3947,51.4315],[4.3942,51.4297],[4.3946,51.428],[4.3954,51.4277],[4.3952,51.4269],[4.3913,51.4274],[4.3905,51.4243],[4.3897,51.4245],[4.3837,51.4211],[4.3916,51.4082],[4.4317,51.375],[4.4251,51.3713],[4.4278,51.3697],[4.4298,51.3674],[4.4314,51.3639],[4.4219,51.3652],[4.3987,51.3569],[4.394,51.3557],[4.3845,51.3544],[4.3841,51.3552],[4.3788,51.3549],[4.3698,51.3567],[4.3682,51.3561],[4.3668,51.3573],[4.351,51.3582],[4.3509,51.3587],[4.3414,51.3576],[4.3345,51.3776],[4.2432,51.3748],[4.2437,51.3784],[4.2445,51.3789],[4.2437,51.3795],[4.2434,51.382],[4.2441,51.3826],[4.2433,51.3841],[4.2415,51.3852],[4.2411,51.3864],[4.2345,51.3924],[4.2331,51.3918],[4.2343,51.3925],[4.2342,51.3929],[4.2335,51.3932],[4.232,51.3928],[4.2334,51.3934],[4.2316,51.3949],[4.2201,51.3985],[4.2187,51.3982],[4.2192,51.3987],[4.2185,51.399],[4.2178,51.3991],[4.2176,51.3985],[4.2172,51.3995],[4.2121,51.4004],[4.212,51.3993],[4.2116,51.4003],[4.2067,51.3996],[4.2085,51.3992],[4.2065,51.3995],[4.2057,51.4],[4.2065,51.3997],[4.2045,51.4031],[4.2032,51.4028],[4.2045,51.4032],[4.2036,51.4043],[4.2016,51.4052],[4.2006,51.4063],[4.1987,51.4067],[4.1974,51.4068],[4.1945,51.4056],[4.1895,51.4057],[4.1895,51.4049],[4.1887,51.4043],[4.1847,51.404],[4.1834,51.4032],[4.1854,51.3997],[4.1832,51.4031],[4.1762,51.4019],[4.1726,51.4021],[4.1732,51.4013],[4.1712,51.4006],[4.17,51.4008],[4.1704,51.4001],[4.1688,51.3998],[4.1674,51.3987],[4.1593,51.3963],[4.1587,51.3957],[4.157,51.3955],[4.1567,51.3948],[4.1533,51.3947],[4.1532,51.3942],[4.1528,51.3952],[4.1382,51.3967],[4.1332,51.3991],[4.1211,51.4008],[4.1205,51.4002],[4.1173,51.4017],[4.1172,51.4011],[4.1144,51.4021],[4.1134,51.4019],[4.1132,51.4024],[4.113,51.4019],[4.1114,51.4019],[4.109,51.4026],[4.1076,51.4024],[4.104,51.3967],[4.1073,51.4024],[4.0985,51.4049],[4.0928,51.4059],[4.0918,51.4043],[4.0921,51.4041],[4.0916,51.404],[4.0899,51.4017],[4.0926,51.406],[4.09,51.4068],[4.0977,51.4063],[4.0985,51.4058],[4.1002,51.406],[4.1012,51.4066],[4.0985,51.4059],[4.0977,51.4063],[4.0961,51.4065],[4.0906,51.4069],[4.0893,51.4074],[4.0891,51.4085],[4.0888,51.407],[4.0884,51.4069],[4.0816,51.4077],[4.0806,51.4083],[4.0796,51.4076],[4.0797,51.4069],[4.0726,51.4119],[4.069,51.4127],[4.0686,51.4122],[4.0688,51.4127],[4.0683,51.4128],[4.0682,51.4123],[4.0675,51.4112],[4.068,51.4123],[4.0671,51.4132],[4.0619,51.4137],[4.0611,51.4146],[4.0515,51.4199],[4.052,51.4222],[4.0467,51.4262],[4.0456,51.4263],[4.0479,51.427],[4.0488,51.4284],[4.0508,51.4295],[4.0507,51.4298],[4.0389,51.4322],[4.0328,51.4325],[4.0327,51.4329],[4.0335,51.433],[4.034,51.434],[4.0341,51.4349],[4.0338,51.4364],[4.0326,51.4368],[4.0308,51.4369],[4.0297,51.4361],[4.0303,51.4357],[4.0307,51.4335],[4.0302,51.4331],[4.0296,51.4337],[4.0296,51.4357],[4.023,51.4381],[4.0169,51.4398],[4.0152,51.4398],[4.0128,51.4391],[4.0126,51.4395],[4.0143,51.4402],[4.0158,51.442],[4.0165,51.4436],[4.0147,51.4491],[4.0119,51.4545],[4.0094,51.4542],[4.0096,51.4522],[4.0108,51.4491],[4.0108,51.4424],[4.0098,51.44],[4.007,51.4402],[4.0063,51.4405],[4.007,51.4408],[4.0069,51.4419],[4.0059,51.4441],[4.0037,51.444],[4.0032,51.4433],[4.0036,51.443],[4.0043,51.4433],[4.0032,51.4423],[4.0048,51.4412],[4.0042,51.4413],[4.0027,51.4426],[4.0036,51.4444],[4.0026,51.4456],[3.9988,51.447],[3.9973,51.4487],[3.9958,51.448],[3.9972,51.4487],[3.9971,51.4489],[3.9968,51.4486],[3.9956,51.448],[3.997,51.4489],[3.9915,51.4522],[3.9883,51.4537],[3.9867,51.4538],[3.9814,51.4596],[3.9787,51.4601],[3.978,51.4612],[3.9759,51.4623],[3.9749,51.4623],[3.9702,51.4601],[3.9707,51.4595],[3.9699,51.4599],[3.9617,51.456],[3.9503,51.4557],[3.935,51.4488],[3.936,51.4476],[3.9346,51.4486],[3.9339,51.4484],[3.9255,51.4515],[3.9236,51.4513],[3.9226,51.4501],[3.9242,51.449],[3.9254,51.4456],[3.9247,51.4451],[3.9216,51.4447],[3.921,51.444],[3.9234,51.4396],[3.9279,51.4368],[3.9254,51.4379],[3.9252,51.4357],[3.9258,51.4345],[3.919,51.4274],[3.919,51.4256],[3.9167,51.4258],[3.9192,51.4253],[3.9178,51.424],[3.9165,51.4187],[3.9157,51.4184],[3.9165,51.4209],[3.9147,51.4205],[3.9144,51.4197],[3.9153,51.4197],[3.9141,51.4197],[3.9144,51.4175],[3.9114,51.4157],[3.9117,51.414],[3.9084,51.4102],[3.9083,51.4088],[3.9089,51.4086],[3.9082,51.4087],[3.9068,51.4064],[3.9078,51.4062],[3.9063,51.4056],[3.9057,51.4045],[3.9046,51.4035],[3.9038,51.4007],[3.9041,51.4],[3.9034,51.3996],[3.9005,51.395],[3.898,51.3945],[3.898,51.394],[3.8978,51.3945],[3.8939,51.3935],[3.8925,51.3941],[3.8836,51.3954],[3.8775,51.3972],[3.8751,51.3974],[3.875,51.3966],[3.8747,51.3966],[3.8749,51.3973],[3.8714,51.3974],[3.8644,51.3955],[3.8616,51.3937],[3.8609,51.3922],[3.8579,51.3912],[3.8537,51.3914],[3.838,51.3886],[3.8376,51.3894],[3.8376,51.3888],[3.8364,51.3883],[3.8294,51.3878],[3.8227,51.3867],[3.822,51.387],[3.8187,51.3862],[3.8181,51.3852],[3.8175,51.3861],[3.817,51.386],[3.8175,51.3855],[3.8172,51.385],[3.8166,51.3859],[3.8121,51.3857],[3.7982,51.3948],[3.799,51.3906],[3.7986,51.3449],[3.8016,51.3442],[3.802,51.3452],[3.8017,51.3442],[3.8032,51.3441],[3.8036,51.3451],[3.8033,51.3441],[3.8047,51.3439],[3.805,51.3448],[3.8049,51.3439],[3.8065,51.3438],[3.8067,51.3445],[3.8066,51.3438],[3.8078,51.3437],[3.8077,51.344],[3.8098,51.3436],[3.8072,51.3409],[3.8071,51.3386],[3.8124,51.3315],[3.8156,51.3298],[3.8149,51.3295],[3.8162,51.3298],[3.8159,51.3303],[3.8164,51.3305],[3.8133,51.3369],[3.8145,51.3372],[3.8155,51.3359],[3.8162,51.336],[3.816,51.337],[3.8168,51.3357],[3.8174,51.3361],[3.8169,51.3362],[3.8171,51.338],[3.816,51.3403],[3.8166,51.3426],[3.815,51.3421],[3.814,51.3426],[3.8142,51.3429],[3.8178,51.3429],[3.8172,51.3418],[3.8172,51.3407],[3.8192,51.3363],[3.8196,51.3361],[3.8204,51.3364],[3.8205,51.3387],[3.8218,51.3399],[3.8202,51.3411],[3.8199,51.3426],[3.8205,51.3425],[3.8214,51.3412],[3.8225,51.3408],[3.8221,51.3411],[3.8239,51.3411],[3.826,51.3424],[3.8233,51.3426],[3.822,51.3413],[3.823,51.3426],[3.8247,51.3428],[3.8261,51.3425],[3.8273,51.3432],[3.8275,51.3428],[3.8248,51.341],[3.8294,51.3397],[3.8286,51.3422],[3.829,51.3426],[3.8295,51.3414],[3.8299,51.3415],[3.8294,51.3413],[3.8299,51.3403],[3.8309,51.3412],[3.8299,51.3401],[3.8303,51.3393],[3.8308,51.3392],[3.8323,51.3406],[3.831,51.3391],[3.8334,51.339],[3.834,51.3401],[3.8336,51.339],[3.8345,51.3389],[3.8353,51.3401],[3.8347,51.3389],[3.8353,51.3385],[3.8366,51.3397],[3.8353,51.3384],[3.8354,51.3374],[3.842,51.3358],[3.8477,51.3356],[3.8479,51.3376],[3.8479,51.3356],[3.8561,51.3359],[3.8573,51.3354],[3.8586,51.336],[3.8667,51.3362],[3.8689,51.3387],[3.8668,51.3415],[3.8691,51.3389],[3.8695,51.3395],[3.8678,51.3416],[3.8696,51.3396],[3.8701,51.3402],[3.8687,51.3419],[3.8702,51.3404],[3.8708,51.3408],[3.8697,51.3423],[3.871,51.3409],[3.8716,51.3411],[3.8703,51.3427],[3.8718,51.3411],[3.8725,51.3413],[3.871,51.3434],[3.8727,51.3414],[3.8733,51.3416],[3.8717,51.3437],[3.8738,51.3417],[3.8721,51.344],[3.874,51.3422],[3.8742,51.3431],[3.8732,51.3443],[3.8743,51.3433],[3.8746,51.3447],[3.874,51.3456],[3.8746,51.3448],[3.8754,51.3463],[3.88,51.3469],[3.8801,51.3473],[3.8816,51.3472],[3.8815,51.3477],[3.8818,51.3472],[3.8839,51.3475],[3.8837,51.3483],[3.8841,51.3475],[3.8847,51.3475],[3.8852,51.3493],[3.8862,51.3489],[3.8855,51.3488],[3.8855,51.3477],[3.886,51.3478],[3.8861,51.3487],[3.8862,51.3478],[3.8912,51.3488],[3.8931,51.3503],[3.892,51.3509],[3.8932,51.3504],[3.8956,51.3526],[3.9022,51.3548],[3.905,51.3572],[3.9114,51.3593],[3.911,51.3599],[3.9115,51.3593],[3.9124,51.3596],[3.9118,51.3603],[3.9125,51.3597],[3.9142,51.3602],[3.9139,51.3606],[3.9143,51.3602],[3.916,51.3608],[3.9154,51.3616],[3.9154,51.3617],[3.9161,51.3608],[3.9165,51.361],[3.9158,51.3619],[3.9166,51.361],[3.9173,51.3612],[3.9166,51.3622],[3.9174,51.3612],[3.9245,51.3624],[3.924,51.3637],[3.9246,51.3624],[3.9271,51.3628],[3.9268,51.3641],[3.9272,51.3628],[3.9298,51.363],[3.9286,51.3658],[3.9295,51.3647],[3.9299,51.363],[3.9367,51.3635],[3.944,51.3663],[3.9456,51.3665],[3.9454,51.3668],[3.9469,51.3668],[3.9477,51.3674],[3.9511,51.3672],[3.9545,51.3677],[3.955,51.3659],[3.9579,51.3652],[3.9596,51.369],[3.9592,51.3713],[3.9627,51.3754],[3.9633,51.3815],[3.9585,51.3832],[3.9564,51.3809],[3.9551,51.3798],[3.9567,51.379],[3.9551,51.3797],[3.9545,51.3794],[3.9567,51.3813],[3.96,51.3854],[3.9623,51.3943],[3.9624,51.3937],[3.9653,51.3937],[3.9652,51.3964],[3.9629,51.3964],[3.9652,51.3965],[3.9652,51.3969],[3.964,51.3987],[3.9621,51.4001],[3.9639,51.3991],[3.9645,51.3994],[3.966,51.3987],[3.9659,51.3983],[3.9664,51.3984],[3.9667,51.3992],[3.966,51.3992],[3.9661,51.3996],[3.9676,51.3998],[3.969,51.401],[3.9672,51.4002],[3.9661,51.4005],[3.9668,51.4006],[3.9686,51.4018],[3.9711,51.4047],[3.9712,51.4055],[3.9708,51.4056],[3.9681,51.4081],[3.9708,51.4057],[3.9736,51.4057],[3.9745,51.4062],[3.9729,51.4085],[3.9746,51.4063],[3.9754,51.4066],[3.9756,51.4076],[3.9756,51.4066],[3.9781,51.4065],[3.9782,51.4073],[3.9782,51.4065],[3.9809,51.4064],[3.981,51.4071],[3.981,51.4064],[3.9821,51.4064],[3.9822,51.4071],[3.9822,51.4064],[3.9841,51.4064],[3.9842,51.4069],[3.9842,51.4064],[3.9859,51.4063],[3.9861,51.407],[3.986,51.4063],[3.9871,51.4063],[3.9873,51.4069],[3.9872,51.4063],[3.989,51.4062],[3.9894,51.4072],[3.9892,51.4062],[3.9905,51.406],[3.9911,51.4078],[3.9906,51.4059],[3.9929,51.4054],[3.9935,51.4072],[3.9924,51.4097],[3.9927,51.4101],[3.9937,51.4072],[3.9931,51.405],[3.9936,51.4038],[3.9948,51.4037],[3.9957,51.407],[3.9949,51.4037],[3.9969,51.4035],[3.9976,51.4057],[3.9971,51.4035],[3.9991,51.4031],[3.9998,51.405],[3.9993,51.4031],[4.0012,51.4027],[4.002,51.4026],[4.0025,51.4047],[4.0021,51.4026],[4.0048,51.4024],[4.0054,51.4045],[4.005,51.4024],[4.0105,51.4018],[4.0111,51.4039],[4.0107,51.4018],[4.0134,51.4016],[4.0137,51.4024],[4.0135,51.4016],[4.0162,51.4013],[4.0166,51.4029],[4.0163,51.4013],[4.0194,51.4013],[4.0164,51.3991],[4.0175,51.3982],[4.0173,51.3973],[4.0184,51.397],[4.0218,51.3981],[4.0217,51.4005],[4.0221,51.4007],[4.0222,51.3985],[4.0247,51.3944],[4.0261,51.3938],[4.0314,51.3935],[4.0311,51.394],[4.0303,51.3936],[4.0309,51.3941],[4.0294,51.3949],[4.0313,51.394],[4.0318,51.3931],[4.0315,51.3923],[4.0319,51.3919],[4.032,51.3909],[4.0312,51.3922],[4.0314,51.3932],[4.0294,51.3932],[4.031,51.3884],[4.0325,51.3885],[4.031,51.3884],[4.0315,51.3872],[4.0325,51.3874],[4.0314,51.3871],[4.0325,51.3849],[4.0333,51.3851],[4.0332,51.3844],[4.0349,51.3825],[4.0333,51.3838],[4.0326,51.3834],[4.0342,51.382],[4.0333,51.381],[4.0342,51.3806],[4.0353,51.3813],[4.0353,51.3819],[4.0363,51.3811],[4.0371,51.3812],[4.0363,51.381],[4.0368,51.3803],[4.0367,51.3795],[4.0394,51.3774],[4.0441,51.3709],[4.0499,51.3667],[4.0532,51.3658],[4.0604,51.3655],[4.0616,51.3705],[4.0605,51.3655],[4.0624,51.3658],[4.0632,51.3653],[4.0789,51.3645],[4.0795,51.3676],[4.0781,51.3677],[4.078,51.3678],[4.0797,51.3677],[4.0869,51.3666],[4.0893,51.3665],[4.0866,51.3666],[4.086,51.3642],[4.0869,51.3642],[4.0865,51.364],[4.0874,51.3632],[4.0928,51.3613],[4.0951,51.3618],[4.0962,51.3614],[4.0969,51.3603],[4.0962,51.36],[4.0961,51.3598],[4.0971,51.3587],[4.0959,51.3582],[4.0971,51.3586],[4.0972,51.3591],[4.0962,51.3598],[4.0974,51.3603],[4.0988,51.3589],[4.1015,51.3576],[4.1012,51.3566],[4.1027,51.3574],[4.111,51.3544],[4.1105,51.352],[4.1114,51.3521],[4.1116,51.3535],[4.1111,51.3539],[4.1115,51.3541],[4.115,51.3526],[4.1146,51.3525],[4.1142,51.3522],[4.1141,51.352],[4.1154,51.3524],[4.116,51.352],[4.1156,51.3516],[4.1162,51.3519],[4.1169,51.3513],[4.115,51.3503],[4.1141,51.349],[4.1152,51.3503],[4.1171,51.3512],[4.1182,51.3503],[4.1177,51.3504],[4.1173,51.3503],[4.1172,51.3497],[4.1178,51.3503],[4.119,51.3494],[4.1185,51.3493],[4.1184,51.3495],[4.118,51.3495],[4.1183,51.3495],[4.1182,51.3489],[4.1175,51.3483],[4.1171,51.3476],[4.1184,51.3491],[4.1191,51.3492],[4.1196,51.3488],[4.1192,51.3485],[4.1197,51.3487],[4.1203,51.3481],[4.1182,51.3468],[4.1205,51.348],[4.121,51.3476],[4.1206,51.3473],[4.121,51.3475],[4.1221,51.3469],[4.1214,51.3468],[4.121,51.3465],[4.1223,51.3467],[4.1225,51.3465],[4.1219,51.3464],[4.1217,51.3463],[4.1236,51.346],[4.1229,51.3459],[4.1225,51.3453],[4.1206,51.3445],[4.1226,51.3452],[4.1231,51.3459],[4.1239,51.3458],[4.1263,51.3443],[4.1247,51.3444],[4.1245,51.3441],[4.1266,51.3442],[4.1282,51.3427],[4.1272,51.3425],[4.1264,51.342],[4.1273,51.3425],[4.1286,51.3424],[4.1305,51.3391],[4.1328,51.3376],[4.1333,51.3368],[4.1336,51.3367],[4.1332,51.3373],[4.1385,51.3339],[4.1407,51.3334],[4.1383,51.3341],[4.1372,51.3351],[4.1431,51.3336],[4.1438,51.3329],[4.1434,51.3328],[4.1431,51.3325],[4.1431,51.3323],[4.1439,51.3326],[4.1446,51.3319],[4.1471,51.3309],[4.1468,51.3312],[4.1483,51.3315],[4.1496,51.3308],[4.1511,51.3307],[4.1512,51.3302],[4.1501,51.3298],[4.1509,51.33],[4.1521,51.329],[4.1511,51.33],[4.1516,51.3304],[4.1513,51.3308],[4.1495,51.331],[4.1484,51.3317],[4.1463,51.3314],[4.1445,51.3322],[4.1442,51.3327],[4.1473,51.3324],[4.1506,51.3327],[4.1517,51.3318],[4.1527,51.3313],[4.154,51.331],[4.1543,51.3304],[4.154,51.331],[4.1517,51.3319],[4.1508,51.3327],[4.1516,51.3329],[4.1526,51.3322],[4.1539,51.3319],[4.1553,51.3317],[4.1528,51.3322],[4.1516,51.333],[4.1471,51.3326],[4.1447,51.3332],[4.1457,51.3338],[4.1489,51.3329],[4.1546,51.3334],[4.1563,51.3323],[4.1575,51.3322],[4.158,51.3309],[4.1591,51.33],[4.1588,51.3295],[4.1593,51.3299],[4.1603,51.3292],[4.1588,51.3305],[4.1624,51.3303],[4.1632,51.3306],[4.1633,51.3307],[4.1586,51.3307],[4.1576,51.3324],[4.159,51.3331],[4.1601,51.3329],[4.1621,51.3333],[4.1597,51.3332],[4.1604,51.3336],[4.1611,51.3352],[4.1631,51.3349],[4.1637,51.335],[4.1638,51.3354],[4.1632,51.335],[4.161,51.3352],[4.1601,51.3335],[4.1567,51.3326],[4.1553,51.3338],[4.1566,51.3345],[4.1572,51.3345],[4.1582,51.3346],[4.1584,51.3347],[4.1566,51.3347],[4.1577,51.3373],[4.1571,51.3369],[4.1565,51.3347],[4.1549,51.3338],[4.1508,51.3336],[4.1509,51.3352],[4.1526,51.3354],[4.1522,51.3356],[4.1526,51.336],[4.154,51.3363],[4.154,51.3364],[4.1525,51.336],[4.1507,51.3352],[4.1504,51.3335],[4.148,51.3339],[4.1477,51.3342],[4.1487,51.3343],[4.149,51.3346],[4.1484,51.336],[4.1502,51.3373],[4.1504,51.338],[4.1481,51.336],[4.1486,51.3344],[4.1448,51.3345],[4.1445,51.3346],[4.1448,51.3347],[4.1445,51.3349],[4.1443,51.3345],[4.1422,51.3346],[4.1412,51.3352],[4.1432,51.335],[4.1428,51.3352],[4.1429,51.3357],[4.1443,51.3365],[4.1452,51.3366],[4.1454,51.3368],[4.1444,51.3366],[4.1437,51.3363],[4.1428,51.3357],[4.1427,51.3353],[4.1424,51.3352],[4.1416,51.3354],[4.1427,51.3367],[4.1414,51.3354],[4.1397,51.3359],[4.139,51.3356],[4.137,51.3369],[4.1373,51.337],[4.1378,51.3366],[4.1382,51.3365],[4.1373,51.337],[4.1364,51.3371],[4.1357,51.3379],[4.1369,51.3375],[4.1362,51.338],[4.1371,51.3378],[4.1366,51.3382],[4.1382,51.3389],[4.1406,51.3383],[4.1433,51.3395],[4.146,51.339],[4.1469,51.3392],[4.1475,51.3387],[4.1481,51.3386],[4.1468,51.3393],[4.1435,51.3396],[4.1421,51.3394],[4.142,51.3396],[4.1416,51.3398],[4.142,51.3393],[4.1411,51.3389],[4.1406,51.339],[4.1409,51.3393],[4.1406,51.339],[4.1411,51.3388],[4.1406,51.3384],[4.1384,51.3391],[4.1354,51.3383],[4.1348,51.339],[4.1352,51.339],[4.1354,51.339],[4.1347,51.3392],[4.1351,51.3397],[4.1346,51.3397],[4.1346,51.3405],[4.1367,51.3397],[4.1386,51.3397],[4.1399,51.3391],[4.1386,51.3397],[4.1366,51.3398],[4.1359,51.3403],[4.1364,51.3403],[4.1346,51.3407],[4.1366,51.3406],[4.135,51.3409],[4.1351,51.3415],[4.1339,51.3415],[4.1337,51.3422],[4.1358,51.3421],[4.1404,51.3435],[4.1402,51.3433],[4.1406,51.3431],[4.14,51.342],[4.1402,51.3416],[4.1406,51.3423],[4.1408,51.343],[4.1405,51.3433],[4.1408,51.3436],[4.1415,51.3438],[4.1421,51.3432],[4.1418,51.3438],[4.1449,51.3439],[4.1457,51.3432],[4.1461,51.3432],[4.1453,51.3439],[4.1517,51.3451],[4.1514,51.344],[4.1497,51.3435],[4.1493,51.3431],[4.1488,51.3419],[4.1502,51.3436],[4.1515,51.3439],[4.1521,51.3435],[4.1516,51.344],[4.1525,51.3446],[4.1539,51.3425],[4.1534,51.3425],[4.1532,51.3424],[4.154,51.3423],[4.1546,51.3414],[4.1525,51.3398],[4.1549,51.3413],[4.1563,51.3407],[4.1558,51.3404],[4.1564,51.3405],[4.1574,51.3394],[4.1567,51.3407],[4.1581,51.3404],[4.1578,51.3402],[4.1617,51.3399],[4.1616,51.3391],[4.1619,51.3399],[4.1626,51.3392],[4.1639,51.3389],[4.1618,51.34],[4.1569,51.3409],[4.1598,51.342],[4.1569,51.341],[4.1553,51.3414],[4.1535,51.3444],[4.1518,51.3459],[4.1527,51.3462],[4.1515,51.3461],[4.1509,51.3467],[4.1511,51.347],[4.1508,51.3468],[4.1497,51.3476],[4.149,51.349],[4.1503,51.3495],[4.1508,51.3493],[4.1501,51.3488],[4.151,51.3492],[4.1528,51.3485],[4.1519,51.3484],[4.1558,51.3476],[4.1588,51.3447],[4.1566,51.3474],[4.158,51.3467],[4.1576,51.3472],[4.1616,51.3462],[4.1624,51.3457],[4.1623,51.3445],[4.1627,51.3452],[4.163,51.3448],[4.1631,51.3432],[4.1623,51.3428],[4.1621,51.3426],[4.1625,51.3421],[4.1624,51.3428],[4.1633,51.3431],[4.1646,51.3419],[4.1667,51.3412],[4.1658,51.3404],[4.1654,51.3406],[4.1646,51.3408],[4.1658,51.3403],[4.1655,51.3384],[4.167,51.3371],[4.1669,51.3357],[4.1681,51.3334],[4.1671,51.3329],[4.1663,51.3332],[4.1658,51.333],[4.1656,51.3322],[4.1657,51.3318],[4.166,51.3317],[4.1665,51.3319],[4.1657,51.3321],[4.1661,51.3331],[4.167,51.3328],[4.1684,51.3333],[4.1672,51.3358],[4.1684,51.3372],[4.1705,51.3374],[4.1707,51.3355],[4.171,51.3347],[4.1718,51.3339],[4.1711,51.3349],[4.1722,51.3355],[4.1731,51.3351],[4.1734,51.3352],[4.1724,51.3358],[4.1712,51.3353],[4.1706,51.3377],[4.1673,51.3379],[4.1663,51.3383],[4.1664,51.3387],[4.168,51.3382],[4.1703,51.3383],[4.1722,51.3377],[4.1731,51.3377],[4.1705,51.3385],[4.1678,51.3383],[4.1678,51.339],[4.169,51.3392],[4.1685,51.3396],[4.1711,51.3413],[4.175,51.3401],[4.1754,51.3396],[4.1743,51.3395],[4.1741,51.3393],[4.1756,51.3381],[4.1762,51.338],[4.1742,51.3393],[4.1758,51.3394],[4.1761,51.3389],[4.1768,51.3383],[4.1778,51.3384],[4.1769,51.3384],[4.1762,51.3392],[4.1772,51.3394],[4.1779,51.3389],[4.1781,51.3388],[4.1784,51.3389],[4.1772,51.3395],[4.1759,51.3396],[4.1773,51.3399],[4.179,51.3405],[4.1758,51.3397],[4.1744,51.3407],[4.1756,51.3407],[4.1729,51.3411],[4.1733,51.3416],[4.1678,51.3417],[4.1655,51.3436],[4.1662,51.3444],[4.1678,51.3437],[4.1666,51.3444],[4.1672,51.3442],[4.1682,51.3441],[4.1683,51.3441],[4.1663,51.3446],[4.1656,51.3452],[4.1666,51.3451],[4.1649,51.3458],[4.1643,51.3465],[4.1646,51.3469],[4.1702,51.3472],[4.1695,51.347],[4.1694,51.3467],[4.172,51.3471],[4.1731,51.3469],[4.1722,51.3468],[4.1719,51.3466],[4.1718,51.3465],[4.1721,51.346],[4.1729,51.3459],[4.1719,51.3465],[4.1748,51.3466],[4.1734,51.3467],[4.1732,51.3477],[4.176,51.3475],[4.1772,51.3469],[4.1749,51.3471],[4.1775,51.3468],[4.179,51.3447],[4.1814,51.3444],[4.1809,51.342],[4.1821,51.3414],[4.184,51.3414],[4.1834,51.3411],[4.1833,51.3403],[4.1836,51.3411],[4.1861,51.3404],[4.1861,51.3408],[4.1841,51.3415],[4.1813,51.3419],[4.1814,51.3428],[4.1836,51.3426],[4.1821,51.3433],[4.1821,51.3447],[4.1831,51.3444],[4.1855,51.3441],[4.1886,51.3426],[4.1905,51.3421],[4.1855,51.3442],[4.1801,51.3454],[4.1793,51.3467],[4.1809,51.3472],[4.1817,51.3462],[4.184,51.3459],[4.1817,51.3463],[4.1813,51.3473],[4.1795,51.3471],[4.1757,51.3484],[4.1772,51.3484],[4.1763,51.3487],[4.1753,51.3485],[4.1729,51.3489],[4.163,51.3492],[4.1637,51.3495],[4.1664,51.3495],[4.1676,51.3498],[4.1601,51.3493],[4.1571,51.3504],[4.1562,51.3513],[4.1578,51.3513],[4.158,51.3509],[4.1585,51.3507],[4.1578,51.3516],[4.1597,51.3519],[4.1623,51.3501],[4.1622,51.3507],[4.1609,51.3511],[4.1607,51.3517],[4.1621,51.3518],[4.1633,51.3513],[4.1678,51.3517],[4.1717,51.351],[4.1712,51.3513],[4.175,51.3519],[4.176,51.3512],[4.178,51.3514],[4.1763,51.3518],[4.1781,51.3523],[4.1804,51.3523],[4.1811,51.3517],[4.1815,51.3519],[4.181,51.3523],[4.1835,51.3522],[4.1839,51.352],[4.1835,51.3511],[4.1841,51.3505],[4.1854,51.3504],[4.184,51.3506],[4.1836,51.3512],[4.1839,51.3518],[4.1862,51.3517],[4.1871,51.3498],[4.1893,51.3478],[4.1889,51.3487],[4.1875,51.3498],[4.1876,51.3504],[4.1869,51.3507],[4.1871,51.3513],[4.1888,51.3515],[4.1911,51.3499],[4.1911,51.3496],[4.1923,51.3493],[4.1935,51.3499],[4.195,51.3494],[4.1948,51.3483],[4.1952,51.3476],[4.1934,51.3463],[4.1953,51.3476],[4.1964,51.3476],[4.198,51.3479],[4.1953,51.3478],[4.195,51.3483],[4.1959,51.3487],[4.1953,51.3495],[4.1942,51.3501],[4.1914,51.3504],[4.1894,51.3523],[4.1873,51.3528],[4.1897,51.353],[4.1905,51.3522],[4.1919,51.352],[4.1933,51.3511],[4.1955,51.3506],[4.1946,51.3512],[4.1933,51.3512],[4.1925,51.3519],[4.1907,51.3524],[4.1898,51.3532],[4.1877,51.3531],[4.1854,51.3538],[4.1821,51.3534],[4.1789,51.3536],[4.1773,51.3541],[4.1784,51.3546],[4.1754,51.3541],[4.1717,51.3553],[4.1712,51.3565],[4.1716,51.3582],[4.1719,51.3586],[4.1729,51.3585],[4.1722,51.3588],[4.1747,51.3609],[4.1796,51.3581],[4.1794,51.3577],[4.181,51.3577],[4.1823,51.3567],[4.1864,51.3555],[4.1882,51.3552],[4.1839,51.3563],[4.1809,51.358],[4.1827,51.3579],[4.1939,51.3534],[4.1958,51.3535],[4.1982,51.3547],[4.1985,51.3543],[4.1984,51.3548],[4.199,51.355],[4.2012,51.3546],[4.2037,51.3552],[4.2041,51.3548],[4.2043,51.3552],[4.2064,51.355],[4.2088,51.3557],[4.2097,51.3551],[4.2101,51.355],[4.2104,51.3551],[4.2089,51.356],[4.2065,51.3553],[4.2044,51.3556],[4.2047,51.3557],[4.2008,51.3552],[4.1998,51.3562],[4.2007,51.3574],[4.2,51.3579],[4.2009,51.3584],[4.2013,51.3597],[4.2028,51.3597],[4.2014,51.3599],[4.2007,51.359],[4.2008,51.3584],[4.1998,51.358],[4.1999,51.3572],[4.1991,51.3558],[4.1955,51.3544],[4.1947,51.3544],[4.1952,51.3549],[4.1938,51.3545],[4.1899,51.3566],[4.1927,51.3572],[4.1936,51.3575],[4.1902,51.3568],[4.1898,51.3571],[4.19,51.3577],[4.1935,51.3577],[4.1948,51.3584],[4.1955,51.3582],[4.1964,51.3583],[4.1954,51.3584],[4.1973,51.3589],[4.198,51.3593],[4.1958,51.3587],[4.1966,51.3593],[4.1965,51.3595],[4.1947,51.3585],[4.1954,51.3592],[4.1954,51.3594],[4.1944,51.3584],[4.1945,51.3587],[4.1943,51.359],[4.1948,51.3592],[4.1952,51.3601],[4.1942,51.3591],[4.1943,51.3585],[4.1937,51.358],[4.1907,51.3581],[4.1914,51.3584],[4.1912,51.3587],[4.1886,51.3573],[4.1839,51.3591],[4.181,51.3597],[4.1795,51.3606],[4.1801,51.3606],[4.1838,51.3598],[4.1841,51.3598],[4.1825,51.3603],[4.179,51.3608],[4.1783,51.3614],[4.1789,51.3617],[4.1808,51.3615],[4.1817,51.3617],[4.1816,51.3618],[4.181,51.3616],[4.1796,51.3619],[4.1781,51.3616],[4.1766,51.3625],[4.1761,51.3649],[4.1765,51.3665],[4.1772,51.3674],[4.177,51.3655],[4.1774,51.3645],[4.1781,51.364],[4.1783,51.364],[4.1774,51.3652],[4.1783,51.3656],[4.179,51.3655],[4.1797,51.3658],[4.1799,51.3646],[4.1806,51.364],[4.18,51.3647],[4.18,51.3659],[4.1773,51.3655],[4.1776,51.3675],[4.1788,51.3687],[4.1787,51.3667],[4.1792,51.3686],[4.1799,51.3685],[4.1796,51.3678],[4.18,51.3674],[4.1802,51.3675],[4.1797,51.3677],[4.1801,51.3685],[4.1792,51.369],[4.181,51.3707],[4.1818,51.3698],[4.1816,51.3664],[4.1836,51.3639],[4.183,51.3632],[4.1834,51.362],[4.1836,51.3625],[4.1832,51.3631],[4.1838,51.3637],[4.185,51.3624],[4.1875,51.3612],[4.1872,51.3615],[4.188,51.3614],[4.1871,51.3616],[4.1871,51.3621],[4.1883,51.3617],[4.1889,51.3618],[4.1853,51.3625],[4.1841,51.3639],[4.185,51.3639],[4.184,51.3641],[4.1838,51.3645],[4.1862,51.365],[4.1871,51.3646],[4.1878,51.3634],[4.1881,51.3637],[4.1872,51.3646],[4.1877,51.3648],[4.1869,51.365],[4.1881,51.3652],[4.1888,51.3647],[4.1903,51.3647],[4.1911,51.364],[4.1926,51.3643],[4.1932,51.3634],[4.1939,51.3633],[4.1937,51.363],[4.1945,51.3634],[4.1934,51.3634],[4.1925,51.3644],[4.1912,51.3642],[4.1904,51.3648],[4.1889,51.3652],[4.1926,51.3647],[4.1936,51.3641],[4.1944,51.3643],[4.1945,51.3648],[4.1938,51.3657],[4.196,51.3666],[4.1949,51.3669],[4.1957,51.367],[4.196,51.3672],[4.1948,51.367],[4.1948,51.3668],[4.1954,51.3664],[4.1936,51.3658],[4.1942,51.3643],[4.1908,51.3653],[4.1913,51.3657],[4.192,51.3656],[4.1924,51.3659],[4.1925,51.3663],[4.1921,51.3657],[4.1915,51.3658],[4.1919,51.3662],[4.1917,51.3666],[4.1925,51.3669],[4.1922,51.3673],[4.1929,51.3675],[4.1933,51.3678],[4.1933,51.368],[4.1921,51.3674],[4.1924,51.3669],[4.1916,51.3667],[4.1916,51.3661],[4.1906,51.3654],[4.1832,51.3659],[4.1832,51.3665],[4.186,51.367],[4.1867,51.3675],[4.1886,51.3671],[4.1906,51.3674],[4.1913,51.3677],[4.1885,51.3672],[4.1868,51.3677],[4.1846,51.3669],[4.1831,51.3669],[4.1834,51.3691],[4.184,51.3687],[4.1857,51.3685],[4.184,51.3688],[4.1837,51.3698],[4.1852,51.3698],[4.1866,51.3691],[4.1876,51.369],[4.1859,51.3697],[4.1875,51.3704],[4.189,51.3703],[4.1893,51.3707],[4.1869,51.3704],[4.1859,51.3698],[4.1837,51.3702],[4.1837,51.371],[4.1843,51.3713],[4.1866,51.3712],[4.1888,51.3717],[4.1837,51.3714],[4.1836,51.3723],[4.1839,51.373],[4.1849,51.3736],[4.1848,51.374],[4.1876,51.3731],[4.1853,51.3741],[4.1855,51.375],[4.1871,51.3747],[4.1876,51.3741],[4.1886,51.3734],[4.1873,51.3748],[4.1862,51.375],[4.1872,51.3756],[4.1893,51.3747],[4.1885,51.3758],[4.1903,51.3754],[4.1891,51.3759],[4.1911,51.3762],[4.1925,51.3757],[4.1922,51.3762],[4.194,51.3763],[4.1999,51.3755],[4.196,51.3743],[4.1933,51.3743],[4.1948,51.3742],[4.1945,51.3735],[4.1939,51.3736],[4.1944,51.3734],[4.1942,51.373],[4.1927,51.3722],[4.1924,51.3714],[4.193,51.3704],[4.1927,51.3718],[4.1933,51.3725],[4.1941,51.3728],[4.1947,51.3721],[4.1959,51.3716],[4.1943,51.3727],[4.1951,51.374],[4.1994,51.3748],[4.1999,51.3748],[4.1999,51.374],[4.2001,51.3749],[4.2011,51.3749],[4.2011,51.3743],[4.2017,51.3747],[4.2023,51.3741],[4.2023,51.3718],[4.2017,51.3718],[4.2033,51.3717],[4.2031,51.3712],[4.2032,51.3711],[4.2035,51.3717],[4.2023,51.3721],[4.2027,51.3744],[4.2053,51.374],[4.2039,51.3746],[4.2047,51.3749],[4.2066,51.3744],[4.207,51.3735],[4.2091,51.3728],[4.2094,51.372],[4.211,51.3715],[4.211,51.3705],[4.2084,51.3687],[4.2029,51.3693],[4.2085,51.3683],[4.2019,51.3662],[4.2013,51.3662],[4.2014,51.3671],[4.2009,51.3679],[4.2012,51.3682],[4.2003,51.3681],[4.2011,51.3677],[4.2013,51.366],[4.2006,51.3655],[4.2012,51.3644],[4.1984,51.3646],[4.2012,51.3643],[4.201,51.3633],[4.2,51.3626],[4.201,51.3631],[4.2021,51.3625],[4.2016,51.3629],[4.202,51.3634],[4.2031,51.3641],[4.2035,51.3638],[4.2034,51.3642],[4.203,51.3642],[4.2012,51.3631],[4.2014,51.3658],[4.209,51.3679],[4.2088,51.3674],[4.2076,51.3672],[4.207,51.3667],[4.2088,51.3673],[4.2082,51.3659],[4.2095,51.3684],[4.2104,51.3688],[4.2105,51.3672],[4.2109,51.3689],[4.2123,51.3691],[4.2131,51.3683],[4.2132,51.3672],[4.2098,51.3654],[4.2106,51.3651],[4.2096,51.364],[4.2088,51.3642],[4.2069,51.364],[4.2062,51.3646],[4.2069,51.3637],[4.2074,51.3633],[4.207,51.3638],[4.2076,51.364],[4.2076,51.3637],[4.2083,51.363],[4.2077,51.364],[4.2096,51.3638],[4.2109,51.3648],[4.211,51.3656],[4.2137,51.3654],[4.2152,51.3644],[4.2157,51.3633],[4.2147,51.3627],[4.2156,51.3625],[4.2154,51.3617],[4.2117,51.3614],[4.2143,51.3613],[4.2138,51.361],[4.2138,51.3599],[4.213,51.3591],[4.2121,51.3591],[4.2132,51.3586],[4.2126,51.358],[4.2131,51.358],[4.2134,51.3584],[4.2131,51.359],[4.2143,51.3601],[4.2142,51.3609],[4.2152,51.3612],[4.216,51.3608],[4.2151,51.3601],[4.2152,51.3599],[4.2161,51.3605],[4.217,51.3594],[4.2167,51.358],[4.217,51.3577],[4.2173,51.3591],[4.2166,51.3603],[4.2176,51.3602],[4.2202,51.3617],[4.2198,51.3625],[4.2239,51.3581],[4.2261,51.3564],[4.2299,51.3531],[4.2238,51.358],[4.2224,51.3569],[4.2224,51.3556],[4.2221,51.3556],[4.2204,51.355],[4.2226,51.3552],[4.2212,51.3538],[4.2194,51.3537],[4.2188,51.3541],[4.2195,51.3529],[4.217,51.352],[4.2156,51.3525],[4.2173,51.3536],[4.2184,51.3531],[4.2183,51.3536],[4.2169,51.3536],[4.2133,51.3514],[4.2138,51.351],[4.2135,51.3503],[4.214,51.3508],[4.2144,51.3505],[4.214,51.3499],[4.2109,51.3488],[4.2099,51.3481],[4.2071,51.3475],[4.2041,51.3458],[4.2031,51.3448],[4.1988,51.3427],[4.1961,51.341],[4.1958,51.3405],[4.1943,51.3399],[4.1938,51.3394],[4.1938,51.3393],[4.1958,51.3404],[4.1989,51.3427],[4.2016,51.3438],[4.2073,51.3473],[4.2101,51.348],[4.2139,51.3496],[4.2162,51.3515],[4.2211,51.3533],[4.2217,51.3529],[4.2212,51.3526],[4.222,51.3527],[4.2214,51.3533],[4.222,51.3539],[4.2228,51.3532],[4.2229,51.3546],[4.2237,51.3552],[4.2288,51.352],[4.2291,51.3513],[4.2271,51.3504],[4.2274,51.3502],[4.2298,51.3508],[4.2291,51.35],[4.2302,51.3507],[4.2304,51.3504],[4.2305,51.3508],[4.231,51.3505],[4.2305,51.35],[4.2314,51.3501],[4.2324,51.3491],[4.2347,51.3481],[4.1661,51.2929],[4.0933,51.2602],[4.0926,51.2602],[4.0925,51.2597],[4.0911,51.2599],[4.0911,51.2592],[4.0903,51.2592],[4.0901,51.2587],[4.0785,51.2536],[4.0771,51.2525],[4.0706,51.2507],[4.0714,51.2502],[4.0641,51.2475],[4.0618,51.2446],[4.0548,51.2429],[4.0406,51.2413],[4.0399,51.2414],[4.0379,51.2445],[4.0365,51.2457],[4.0324,51.2433],[4.0275,51.2425],[4.0245,51.2415],[4.0236,51.2432],[4.0209,51.2454],[4.0155,51.2445],[4.0148,51.2451],[4.0028,51.2409],[3.9997,51.2392],[3.9996,51.2378],[3.9926,51.2364],[3.9884,51.2333],[3.9862,51.2342],[3.982,51.2291],[3.9811,51.2287],[3.9807,51.2274],[3.9789,51.2254],[3.9643,51.224],[3.9636,51.2232],[3.9637,51.221],[3.9616,51.2202],[3.9612,51.2191],[3.9598,51.2179],[3.9586,51.2158],[3.9532,51.2165],[3.9492,51.2155],[3.9466,51.2155],[3.9426,51.2147],[3.9431,51.2136],[3.936,51.2119],[3.9333,51.2145],[3.9294,51.2203],[3.9255,51.2171],[3.9196,51.2171],[3.9185,51.2148],[3.916,51.2146],[3.9186,51.2078],[3.9153,51.2082],[3.9115,51.2054],[3.905,51.2039],[3.901,51.2026],[3.9001,51.2018],[3.8988,51.2017],[3.8941,51.2034],[3.8907,51.2018],[3.8875,51.201],[3.8864,51.2002],[3.8843,51.2036],[3.8797,51.206],[3.8776,51.208],[3.8902,51.214],[3.8933,51.2187],[3.8885,51.223],[3.8701,51.2162],[3.8596,51.2108],[3.8561,51.2111],[3.8524,51.2132],[3.8496,51.2117],[3.8456,51.213],[3.8422,51.2121],[3.8389,51.2135],[3.8364,51.2138],[3.8343,51.212],[3.8269,51.2094],[3.8257,51.2097],[3.8251,51.2089],[3.8208,51.2092],[3.8106,51.2128],[3.8063,51.2126],[3.806,51.2134],[3.804,51.2132],[3.805,51.2101],[3.7993,51.2109],[3.7972,51.2129],[3.7939,51.2138],[3.7911,51.214],[3.7896,51.2159],[3.7894,51.2227],[3.789,51.2229],[3.7885,51.2264],[3.7895,51.2458],[3.7955,51.2561],[3.7854,51.2585],[3.7783,51.2624],[3.7738,51.264],[3.7731,51.2619],[3.7693,51.2599],[3.7625,51.2618],[3.7596,51.265],[3.7599,51.2655],[3.7587,51.266],[3.7557,51.2693],[3.7524,51.2703],[3.7517,51.2692],[3.727,51.2731],[3.7231,51.2733],[3.7192,51.2725],[3.7189,51.2715],[3.7127,51.2721],[3.6937,51.2761],[3.6899,51.2806],[3.6826,51.2811],[3.6779,51.2805],[3.6768,51.2831],[3.6581,51.2902],[3.6444,51.2901],[3.6433,51.2887],[3.6408,51.2881],[3.6325,51.291],[3.6313,51.291],[3.6309,51.2916],[3.6257,51.2933],[3.6212,51.2928],[3.6192,51.2942],[3.6187,51.2959],[3.6153,51.2971],[3.6147,51.2977],[3.6127,51.2979],[3.5908,51.3044],[3.5918,51.3053],[3.59,51.306],[3.5858,51.3017],[3.5811,51.2983],[3.5834,51.296],[3.5879,51.293],[3.5834,51.2923],[3.5826,51.2908],[3.5839,51.2889],[3.5818,51.2869],[3.5802,51.288],[3.5798,51.2889],[3.5778,51.2888],[3.5762,51.288],[3.5715,51.291],[3.5719,51.292],[3.5665,51.2938],[3.5662,51.2946],[3.5626,51.2959],[3.5598,51.2955],[3.5581,51.2912],[3.5565,51.2908],[3.5558,51.2898],[3.555,51.2896],[3.5523,51.2898],[3.5498,51.2911],[3.5434,51.2912],[3.5423,51.288],[3.5401,51.2853],[3.5381,51.2837],[3.5337,51.2835],[3.5291,51.2887],[3.5154,51.2872],[3.5232,51.2629],[3.528,51.2463],[3.5276,51.246],[3.4747,51.2426],[3.4483,51.2415],[3.4444,51.2421],[3.4444,51.2427],[3.4323,51.2456],[3.4275,51.2447],[3.4255,51.2495],[3.4246,51.2542],[3.4212,51.2566],[3.418,51.2577],[3.4176,51.2591],[3.4168,51.26],[3.4149,51.2595],[3.4115,51.2569],[3.4074,51.257],[3.4063,51.2577],[3.4048,51.2611],[3.4032,51.2625],[3.3965,51.2642],[3.3946,51.2653],[3.389,51.2712],[3.388,51.2732],[3.3862,51.2739],[3.3839,51.2738],[3.379,51.2748],[3.3758,51.2771],[3.3753,51.2786],[3.3759,51.2795],[3.3797,51.2803],[3.3817,51.2816],[3.3818,51.2824],[3.3807,51.2834],[3.3804,51.2844],[3.381,51.2862],[3.3808,51.287],[3.3789,51.2885],[3.3722,51.2908],[3.3703,51.2919],[3.3667,51.2957],[3.366,51.2982],[3.3674,51.2996],[3.3718,51.3001],[3.3781,51.3027],[3.3768,51.3024],[3.3584,51.315],[3.3853,51.3341],[3.3835,51.3412],[3.3741,51.3485],[3.3737,51.3542],[3.3747,51.3579],[3.3754,51.3579],[3.3748,51.3581],[3.375,51.3589],[3.3733,51.3611],[3.373,51.365],[3.3718,51.3656],[3.3717,51.3679],[3.3709,51.3681],[3.3706,51.3668],[3.3696,51.3671],[3.3698,51.3699],[3.3705,51.3713],[3.3702,51.3728],[3.3747,51.3757],[3.3804,51.3783],[3.3803,51.3803],[3.3817,51.3811],[3.3807,51.3801],[3.3809,51.3781],[3.3821,51.3778],[3.3823,51.3772],[3.383,51.3792],[3.3821,51.3805]],[[5.8837,53.3876],[5.884,53.3872],[5.8863,53.3847],[5.8855,53.3859],[5.8837,53.3876]],[[5.1948,53.014],[5.055,52.9405],[5.0535,52.9378],[5.0538,52.9372],[5.0535,52.9369],[5.0526,52.9369],[5.0506,52.9379],[5.0492,52.9378],[5.0442,52.9354],[5.0441,52.9345],[5.0449,52.9335],[5.0527,52.927],[5.0527,52.9263],[5.0512,52.925],[5.0526,52.9263],[5.0525,52.9271],[5.0488,52.93],[5.0476,52.9303],[5.0438,52.9338],[5.0424,52.9343],[5.0417,52.9339],[5.0422,52.9329],[5.0447,52.931],[5.046,52.9314],[5.0476,52.9301],[5.0466,52.9297],[5.0496,52.927],[5.0474,52.9282],[5.0473,52.9288],[5.0421,52.9324],[5.0405,52.932],[5.0386,52.9307],[5.0387,52.9296],[5.0397,52.9291],[5.0387,52.9288],[5.0383,52.9278],[5.0393,52.9259],[5.0388,52.9256],[5.0382,52.9228],[5.0374,52.9225],[5.0378,52.9215],[5.0499,52.9246],[5.0486,52.924],[5.0739,52.8938],[5.0768,52.8929],[5.0795,52.89],[5.0797,52.8894],[5.0792,52.8875],[5.102,52.8603],[5.1045,52.8599],[5.1059,52.8584],[5.1098,52.8575],[5.1058,52.8583],[5.1046,52.8595],[5.1032,52.8591],[5.1043,52.8578],[5.1052,52.858],[5.1046,52.8578],[5.1053,52.8569],[5.1077,52.8572],[5.1096,52.8552],[5.1102,52.8554],[5.1093,52.8567],[5.1108,52.855],[5.1121,52.8546],[5.1078,52.8533],[5.11,52.8507],[5.1127,52.8516],[5.1112,52.8536],[5.1115,52.8539],[5.1137,52.8517],[5.1136,52.8512],[5.1104,52.8502],[5.1138,52.8461],[5.114,52.8452],[5.1038,52.7747],[5.1132,52.7747],[5.1104,52.7721],[5.1083,52.771],[5.1083,52.7703],[5.1105,52.7719],[5.1119,52.7724],[5.1123,52.7719],[5.109,52.7701],[5.1094,52.7695],[5.113,52.7709],[5.1123,52.7728],[5.1129,52.7735],[5.1135,52.7735],[5.1134,52.7741],[5.1137,52.7744],[5.1138,52.7734],[5.1149,52.7727],[5.1157,52.7714],[5.1173,52.7715],[5.1159,52.7712],[5.1165,52.7706],[5.1154,52.7707],[5.1176,52.7697],[5.1182,52.7679],[5.121,52.7679],[5.1215,52.7691],[5.1205,52.7706],[5.1183,52.7715],[5.1209,52.7705],[5.1216,52.7696],[5.1216,52.7686],[5.1206,52.7674],[5.1198,52.7678],[5.1187,52.7673],[5.1197,52.7655],[5.118,52.766],[5.1183,52.7647],[5.1195,52.7644],[5.1199,52.7653],[5.1203,52.7647],[5.1212,52.7646],[5.1235,52.7653],[5.1219,52.7663],[5.1266,52.764],[5.1255,52.7634],[5.1263,52.764],[5.1242,52.765],[5.1205,52.7641],[5.12,52.7613],[5.1204,52.7608],[5.1218,52.7611],[5.1202,52.7602],[5.1189,52.7601],[5.12,52.7597],[5.1211,52.7586],[5.1227,52.7583],[5.122,52.758],[5.1234,52.7576],[5.1229,52.7568],[5.1237,52.7563],[5.1242,52.7551],[5.1306,52.7515],[5.1321,52.7511],[5.1333,52.7515],[5.1344,52.7515],[5.135,52.7513],[5.1362,52.7507],[5.1367,52.7502],[5.1355,52.7502],[5.1349,52.7505],[5.1364,52.7504],[5.1348,52.7513],[5.1329,52.7512],[5.1338,52.7507],[5.1324,52.7509],[5.1391,52.7465],[5.1385,52.7459],[5.1466,52.7409],[5.1469,52.7401],[5.1475,52.7404],[5.1469,52.741],[5.1423,52.7439],[5.1415,52.7445],[5.1423,52.7445],[5.1426,52.7438],[5.1468,52.7413],[5.1464,52.742],[5.148,52.7429],[5.1472,52.7431],[5.1482,52.7428],[5.1489,52.7432],[5.1483,52.7413],[5.1472,52.74],[5.1474,52.7395],[5.1503,52.7406],[5.1528,52.741],[5.1522,52.74],[5.1519,52.7408],[5.1513,52.7402],[5.1533,52.7392],[5.153,52.739],[5.1538,52.7385],[5.1497,52.7396],[5.1539,52.738],[5.1488,52.7397],[5.1486,52.7392],[5.1546,52.7373],[5.1618,52.7374],[5.1651,52.7369],[5.164,52.7392],[5.1645,52.7394],[5.1656,52.7381],[5.1673,52.7381],[5.1675,52.7396],[5.1684,52.7408],[5.1673,52.7398],[5.167,52.7382],[5.166,52.7383],[5.1651,52.7389],[5.1658,52.7392],[5.1651,52.7395],[5.1656,52.7398],[5.1651,52.7411],[5.1696,52.741],[5.17,52.7407],[5.1685,52.74],[5.1684,52.7393],[5.1703,52.7386],[5.1721,52.7389],[5.1729,52.7395],[5.1725,52.7402],[5.1706,52.7403],[5.1711,52.741],[5.1717,52.7406],[5.1728,52.7409],[5.1726,52.7405],[5.1742,52.7402],[5.175,52.7395],[5.1792,52.7409],[5.1825,52.7439],[5.1803,52.7455],[5.1828,52.7439],[5.181,52.7423],[5.1813,52.7419],[5.1835,52.7437],[5.1838,52.744],[5.183,52.7445],[5.1847,52.7466],[5.1836,52.747],[5.18,52.7461],[5.1793,52.7454],[5.1797,52.7461],[5.1835,52.7472],[5.1858,52.7467],[5.1923,52.7547],[5.1935,52.7552],[5.2117,52.7549],[5.2227,52.7537],[5.226,52.7524],[5.2583,52.7535],[5.2611,52.7526],[5.2696,52.7477],[5.2717,52.7475],[5.2612,52.747],[5.2586,52.7463],[5.2584,52.7457],[5.2595,52.7453],[5.2666,52.7454],[5.2697,52.7456],[5.2718,52.7464],[5.2781,52.7431],[5.2827,52.7423],[5.2828,52.7403],[5.2868,52.7362],[5.2874,52.7327],[5.2872,52.7332],[5.2846,52.7338],[5.2866,52.7322],[5.2845,52.7323],[5.2838,52.7317],[5.2836,52.7307],[5.2888,52.7277],[5.2867,52.7282],[5.2848,52.7271],[5.2845,52.725],[5.2854,52.7248],[5.2856,52.7242],[5.2846,52.724],[5.2849,52.7222],[5.2836,52.722],[5.2852,52.7217],[5.2862,52.7197],[5.2868,52.7194],[5.2865,52.7189],[5.2876,52.7185],[5.287,52.7194],[5.2886,52.719],[5.288,52.7148],[5.289,52.7141],[5.2896,52.7142],[5.2921,52.7122],[5.2973,52.7096],[5.2994,52.7095],[5.3006,52.7085],[5.3054,52.709],[5.3014,52.7085],[5.3043,52.7081],[5.307,52.7089],[5.3073,52.71],[5.3078,52.708],[5.3071,52.7064],[5.305,52.7053],[5.3061,52.7059],[5.3047,52.7067],[5.3002,52.7081],[5.2979,52.7066],[5.2994,52.706],[5.2985,52.7059],[5.2984,52.7053],[5.299,52.7057],[5.2997,52.7056],[5.2976,52.7039],[5.2993,52.7027],[5.3039,52.7048],[5.2988,52.7024],[5.2986,52.7026],[5.2938,52.6996],[5.2942,52.7001],[5.2894,52.7006],[5.2892,52.7001],[5.2932,52.6993],[5.2897,52.6994],[5.2898,52.6987],[5.2916,52.6987],[5.2906,52.6985],[5.2908,52.698],[5.2865,52.6956],[5.2862,52.6956],[5.2865,52.6962],[5.2871,52.6961],[5.2901,52.6977],[5.2892,52.6994],[5.2837,52.6988],[5.2838,52.6982],[5.2855,52.698],[5.289,52.6986],[5.284,52.6968],[5.2798,52.696],[5.2794,52.6947],[5.2826,52.6932],[5.2838,52.6935],[5.283,52.6926],[5.284,52.6928],[5.2836,52.6922],[5.285,52.6923],[5.287,52.6908],[5.288,52.6926],[5.2891,52.6939],[5.2899,52.6947],[5.291,52.6955],[5.2933,52.6967],[5.2893,52.694],[5.2874,52.6911],[5.295,52.6921],[5.2955,52.6921],[5.2953,52.6909],[5.2957,52.6916],[5.2957,52.6909],[5.2962,52.6921],[5.2972,52.6922],[5.2971,52.6984],[5.2975,52.6991],[5.2997,52.7003],[5.3077,52.7041],[5.2975,52.6989],[5.2974,52.6922],[5.3031,52.6914],[5.352,52.6782],[5.3566,52.6767],[5.3608,52.6747],[5.3985,52.6501],[5.4117,52.6374],[5.4126,52.6372],[5.4127,52.6367],[5.414,52.6364],[5.4161,52.6369],[5.4186,52.6343],[5.4161,52.6363],[5.4142,52.6356],[5.4157,52.6342],[5.4171,52.6346],[5.4159,52.6337],[5.4174,52.6319],[5.4545,52.5956],[5.4578,52.5918],[5.4681,52.5709],[5.4679,52.5684],[5.4667,52.567],[5.4644,52.5657],[5.4532,52.5633],[5.4484,52.5616],[5.4436,52.5589],[5.4405,52.5563],[5.4288,52.5394],[5.4273,52.5365],[5.4262,52.5288],[5.4263,52.528],[5.427,52.528],[5.4271,52.5275],[5.428,52.5275],[5.4281,52.528],[5.4281,52.5275],[5.4291,52.5274],[5.4297,52.5279],[5.4302,52.5294],[5.4324,52.5294],[5.4329,52.5326],[5.4367,52.5377],[5.4329,52.5318],[5.4328,52.5306],[5.434,52.5303],[5.4339,52.5272],[5.4346,52.5298],[5.4348,52.5272],[5.4354,52.5302],[5.4363,52.531],[5.441,52.5335],[5.4368,52.531],[5.4386,52.5299],[5.4416,52.5316],[5.4406,52.5323],[5.4408,52.5326],[5.4418,52.5331],[5.4429,52.5324],[5.4463,52.5347],[5.4456,52.5353],[5.4441,52.535],[5.4449,52.5358],[5.444,52.5362],[5.4429,52.5357],[5.4432,52.5353],[5.4409,52.534],[5.4423,52.5349],[5.442,52.5354],[5.4424,52.5362],[5.4443,52.5369],[5.447,52.5352],[5.4477,52.5353],[5.4547,52.5463],[5.4546,52.5466],[5.4529,52.547],[5.454,52.5471],[5.4556,52.5489],[5.456,52.55],[5.4551,52.551],[5.4543,52.5512],[5.4572,52.5537],[5.4589,52.5542],[5.4621,52.5544],[5.4632,52.5544],[5.4643,52.5539],[5.4625,52.5544],[5.4587,52.554],[5.4568,52.5533],[5.4547,52.5513],[5.4579,52.5501],[5.4601,52.5518],[5.4633,52.5521],[5.4633,52.5534],[5.4636,52.552],[5.4905,52.553],[5.496,52.5539],[5.4992,52.5552],[5.5191,52.5673],[5.5178,52.5682],[5.522,52.5708],[5.5236,52.57],[5.5565,52.591],[5.5617,52.5935],[5.5687,52.5955],[5.6283,52.6054],[5.6338,52.6071],[5.6407,52.6106],[5.6415,52.6105],[5.6493,52.6147],[5.6493,52.6152],[5.652,52.6165],[5.6168,52.65],[5.6015,52.657],[5.6026,52.6575],[5.5987,52.6576],[5.6036,52.6578],[5.6021,52.6584],[5.6021,52.6602],[5.6001,52.6602],[5.6002,52.6589],[5.5974,52.6588],[5.5966,52.6593],[5.5984,52.6594],[5.5983,52.6602],[5.5965,52.6603],[5.5991,52.6604],[5.5992,52.661],[5.5932,52.6608],[5.5957,52.6603],[5.5979,52.6564],[5.5965,52.6584],[5.5953,52.6586],[5.5958,52.6589],[5.5951,52.6596],[5.5942,52.66],[5.5937,52.6597],[5.5935,52.6604],[5.5915,52.661],[5.592,52.6624],[5.5918,52.663],[5.5918,52.6632],[5.5923,52.6629],[5.593,52.6634],[5.5928,52.664],[5.5923,52.6638],[5.593,52.6645],[5.5931,52.6664],[5.5954,52.7637],[5.5966,52.7661],[5.5981,52.7676],[5.6615,52.829],[5.6647,52.8306],[5.6692,52.8317],[5.7035,52.8342],[5.7034,52.8361],[5.7039,52.8343],[5.7102,52.8347],[5.7123,52.8361],[5.7129,52.8376],[5.7121,52.8378],[5.7139,52.8378],[5.7125,52.8383],[5.7126,52.8396],[5.7112,52.8388],[5.7128,52.8405],[5.7127,52.8411],[5.7109,52.8406],[5.7102,52.839],[5.7089,52.8384],[5.71,52.8407],[5.7166,52.8426],[5.7149,52.8427],[5.7152,52.8433],[5.7146,52.8425],[5.7133,52.8421],[5.7106,52.8417],[5.7103,52.8419],[5.7107,52.8427],[5.7118,52.8426],[5.711,52.844],[5.7102,52.8419],[5.7096,52.8419],[5.7086,52.8429],[5.7094,52.8413],[5.708,52.8386],[5.7086,52.8364],[5.7074,52.8386],[5.7064,52.8388],[5.7053,52.8374],[5.708,52.8414],[5.7078,52.8418],[5.7026,52.8436],[5.7023,52.8431],[5.7057,52.8417],[5.7053,52.8412],[5.7061,52.8408],[5.7053,52.8399],[5.7046,52.8402],[5.704,52.8397],[5.7037,52.8389],[5.7046,52.8385],[5.7034,52.8378],[5.6994,52.8408],[5.6988,52.8422],[5.6997,52.8418],[5.7003,52.8427],[5.6986,52.8442],[5.6953,52.8447],[5.6946,52.8435],[5.6937,52.8431],[5.6946,52.8441],[5.693,52.8452],[5.6852,52.8459],[5.684,52.845],[5.683,52.8448],[5.6803,52.8453],[5.6804,52.8459],[5.6797,52.8462],[5.6785,52.8451],[5.6784,52.8441],[5.6788,52.8435],[5.6777,52.8451],[5.6736,52.8451],[5.6761,52.8495],[5.6758,52.8501],[5.6773,52.8524],[5.6769,52.8526],[5.6721,52.845],[5.6685,52.8447],[5.6681,52.8442],[5.6689,52.8422],[5.6708,52.8398],[5.6693,52.8411],[5.6686,52.8413],[5.6688,52.8415],[5.6682,52.842],[5.6646,52.8443],[5.6576,52.8437],[5.6572,52.8451],[5.6557,52.8462],[5.6547,52.846],[5.654,52.8475],[5.6567,52.8477],[5.6568,52.8498],[5.6556,52.8537],[5.6568,52.852],[5.6572,52.854],[5.6558,52.8547],[5.6556,52.8537],[5.6543,52.8557],[5.6498,52.8574],[5.6494,52.8581],[5.6446,52.8604],[5.6436,52.86],[5.6441,52.8626],[5.6432,52.8599],[5.6412,52.8602],[5.6346,52.8584],[5.6239,52.854],[5.6211,52.8525],[5.6213,52.8523],[5.6178,52.8507],[5.6183,52.8505],[5.6079,52.8518],[5.6014,52.852],[5.5853,52.8494],[5.5829,52.8478],[5.583,52.8451],[5.5814,52.8433],[5.5809,52.8409],[5.58,52.8398],[5.5736,52.8362],[5.5679,52.8343],[5.5601,52.8331],[5.5528,52.8326],[5.5445,52.8329],[5.5441,52.8334],[5.5367,52.8354],[5.5273,52.8373],[5.5225,52.8391],[5.5076,52.8431],[5.5015,52.8454],[5.4903,52.8484],[5.4833,52.8498],[5.4812,52.8506],[5.48,52.8502],[5.4794,52.8507],[5.4728,52.8518],[5.4658,52.8521],[5.4566,52.854],[5.4558,52.8545],[5.4539,52.8546],[5.4532,52.8553],[5.4523,52.8546],[5.4513,52.8548],[5.4506,52.8546],[5.4497,52.8549],[5.4351,52.8529],[5.4325,52.8519],[5.435,52.8528],[5.4514,52.8547],[5.4524,52.8545],[5.4502,52.8542],[5.4498,52.8531],[5.4488,52.8529],[5.4493,52.852],[5.4521,52.8521],[5.4525,52.8525],[5.4527,52.8519],[5.4516,52.8514],[5.4374,52.851],[5.4342,52.8497],[5.4298,52.8499],[5.4268,52.849],[5.4263,52.8481],[5.4154,52.8501],[5.4113,52.8514],[5.4115,52.8518],[5.4108,52.8523],[5.4105,52.8521],[5.411,52.8518],[5.4109,52.8516],[5.408,52.8533],[5.4044,52.8543],[5.3958,52.8585],[5.3953,52.8583],[5.3954,52.8587],[5.394,52.8591],[5.3944,52.8593],[5.3932,52.8601],[5.3927,52.8599],[5.393,52.8601],[5.3915,52.8606],[5.3918,52.8609],[5.3906,52.8616],[5.3903,52.8614],[5.3906,52.8616],[5.3875,52.8637],[5.387,52.8635],[5.3875,52.8638],[5.3863,52.8647],[5.3858,52.8646],[5.3862,52.8648],[5.3849,52.866],[5.3842,52.8661],[5.3842,52.8665],[5.3802,52.8681],[5.3794,52.868],[5.3792,52.8675],[5.3794,52.8685],[5.3752,52.8707],[5.3735,52.8712],[5.3726,52.8704],[5.3731,52.871],[5.3726,52.8714],[5.3707,52.8716],[5.3705,52.8711],[5.3706,52.8719],[5.3695,52.8724],[5.3682,52.8723],[5.368,52.8718],[5.3681,52.8723],[5.3668,52.8728],[5.3642,52.8727],[5.3622,52.8735],[5.3608,52.8747],[5.3603,52.8759],[5.3614,52.8743],[5.3634,52.8731],[5.365,52.8728],[5.3665,52.8736],[5.364,52.8762],[5.3613,52.8763],[5.3613,52.8759],[5.3604,52.8763],[5.3647,52.8769],[5.3638,52.8782],[5.3612,52.8778],[5.3624,52.8785],[5.3623,52.8789],[5.3597,52.879],[5.359,52.8785],[5.3583,52.8775],[5.3584,52.8762],[5.358,52.8775],[5.3585,52.8784],[5.3596,52.8791],[5.3595,52.8796],[5.359,52.8804],[5.3583,52.8803],[5.3587,52.8808],[5.3568,52.8842],[5.3552,52.8849],[5.3545,52.886],[5.3537,52.886],[5.3552,52.8868],[5.3545,52.8863],[5.356,52.8858],[5.3582,52.886],[5.3585,52.8862],[5.3567,52.8865],[5.3614,52.887],[5.3613,52.8876],[5.3551,52.8875],[5.3521,52.8864],[5.3546,52.8877],[5.3567,52.8879],[5.3568,52.8886],[5.3585,52.8898],[5.3579,52.8901],[5.3588,52.8901],[5.3594,52.891],[5.3589,52.8912],[5.3594,52.8911],[5.3611,52.8928],[5.3608,52.8932],[5.3613,52.8929],[5.3632,52.8937],[5.3625,52.8943],[5.3632,52.8938],[5.3643,52.8942],[5.3646,52.8947],[5.364,52.8951],[5.3647,52.8947],[5.3654,52.8951],[5.3659,52.8957],[5.3652,52.896],[5.3664,52.8959],[5.3703,52.899],[5.3699,52.8994],[5.3705,52.899],[5.3724,52.8996],[5.3722,52.9001],[5.3725,52.8997],[5.3753,52.9001],[5.3753,52.9006],[5.3759,52.9003],[5.3778,52.9011],[5.3777,52.9014],[5.3799,52.9016],[5.3797,52.902],[5.38,52.9017],[5.3821,52.9022],[5.3819,52.9026],[5.3822,52.9022],[5.383,52.9024],[5.3844,52.9032],[5.3841,52.9035],[5.3845,52.9032],[5.3865,52.9041],[5.3877,52.905],[5.3874,52.9053],[5.3921,52.9057],[5.3921,52.9051],[5.3934,52.9047],[5.3968,52.9057],[5.3971,52.9066],[5.3979,52.9058],[5.401,52.9061],[5.4068,52.9101],[5.4074,52.9125],[5.4071,52.913],[5.4079,52.9134],[5.408,52.9143],[5.4069,52.9171],[5.4073,52.9186],[5.4083,52.9192],[5.4082,52.9201],[5.4092,52.922],[5.408,52.9245],[5.406,52.9246],[5.4065,52.9247],[5.4062,52.9255],[5.4056,52.9254],[5.4061,52.9255],[5.406,52.926],[5.4053,52.9261],[5.406,52.9264],[5.4061,52.9277],[5.4049,52.929],[5.4053,52.9289],[5.4054,52.9294],[5.4044,52.9316],[5.4036,52.9317],[5.404,52.9325],[5.4012,52.939],[5.3957,52.9425],[5.396,52.9431],[5.3992,52.9442],[5.399,52.9445],[5.4014,52.9447],[5.4022,52.9453],[5.4017,52.9445],[5.4026,52.9438],[5.4031,52.9439],[5.4028,52.9447],[5.4037,52.9448],[5.4037,52.944],[5.4051,52.944],[5.4049,52.9451],[5.4064,52.9451],[5.4064,52.9471],[5.4028,52.9467],[5.4025,52.9459],[5.4033,52.9449],[5.4027,52.9449],[5.4024,52.9464],[5.4026,52.9467],[5.4039,52.9472],[5.4067,52.9472],[5.4071,52.9465],[5.4082,52.9466],[5.4094,52.949],[5.4088,52.9506],[5.4098,52.9517],[5.409,52.9528],[5.4093,52.9532],[5.409,52.955],[5.4107,52.9553],[5.4119,52.9533],[5.4126,52.9533],[5.4119,52.9538],[5.4123,52.9543],[5.4116,52.9543],[5.4111,52.9555],[5.4093,52.9564],[5.4083,52.9578],[5.408,52.9597],[5.4058,52.9599],[5.4068,52.959],[5.4065,52.9589],[5.4054,52.959],[5.4045,52.9595],[5.4047,52.9598],[5.403,52.9596],[5.4122,52.9607],[5.4175,52.9639],[5.4344,52.9722],[5.4336,52.9724],[5.4333,52.9718],[5.4275,52.9695],[5.4264,52.9687],[5.4259,52.969],[5.425,52.9686],[5.4255,52.9682],[5.4248,52.9679],[5.4234,52.9685],[5.423,52.9693],[5.4226,52.9686],[5.4211,52.9692],[5.4193,52.969],[5.4211,52.969],[5.4212,52.9687],[5.4201,52.9685],[5.4218,52.9685],[5.4207,52.9679],[5.4217,52.9678],[5.4218,52.9672],[5.4223,52.9673],[5.4221,52.968],[5.4224,52.9683],[5.423,52.9676],[5.4232,52.9683],[5.4243,52.9678],[5.4215,52.9664],[5.4184,52.9689],[5.4175,52.9689],[5.418,52.9667],[5.4194,52.9654],[5.4145,52.9628],[5.4148,52.9631],[5.4142,52.9632],[5.415,52.9633],[5.4146,52.9637],[5.4137,52.9633],[5.4143,52.9627],[5.4114,52.961],[5.4126,52.9633],[5.4114,52.9675],[5.4101,52.9698],[5.4102,52.9704],[5.4115,52.9704],[5.4092,52.9711],[5.4095,52.972],[5.4108,52.9721],[5.4109,52.9723],[5.4109,52.9726],[5.4107,52.9721],[5.4088,52.9724],[5.4091,52.973],[5.4083,52.9733],[5.4085,52.9742],[5.4077,52.9748],[5.408,52.9753],[5.4066,52.9752],[5.4078,52.9762],[5.4071,52.9766],[5.4069,52.9762],[5.4073,52.9761],[5.4067,52.9759],[5.4059,52.9764],[5.4063,52.9767],[5.406,52.9771],[5.4071,52.977],[5.4064,52.9773],[5.4063,52.9783],[5.4059,52.9778],[5.4052,52.9782],[5.4049,52.9791],[5.4054,52.9799],[5.4034,52.9827],[5.4037,52.984],[5.4036,52.9836],[5.403,52.9839],[5.4031,52.9846],[5.402,52.9858],[5.4019,52.987],[5.4009,52.9881],[5.4013,52.9886],[5.4002,52.9891],[5.4005,52.9896],[5.3998,52.9903],[5.3993,52.9933],[5.3987,52.993],[5.398,52.9938],[5.3986,52.9942],[5.3979,52.9947],[5.3983,52.9958],[5.3987,52.9957],[5.3985,52.9952],[5.3991,52.9946],[5.3988,52.9938],[5.3992,52.9935],[5.3989,52.9939],[5.3997,52.9949],[5.3988,52.995],[5.3995,52.9963],[5.3986,52.9965],[5.3977,52.9959],[5.3979,52.9965],[5.3998,52.9972],[5.3989,52.997],[5.3987,52.9978],[5.399,52.9984],[5.3997,52.9978],[5.3997,52.9985],[5.3989,52.9988],[5.3997,52.9992],[5.3998,53.0001],[5.399,53.0002],[5.3997,53.0005],[5.3996,53.0009],[5.3978,53.001],[5.3979,53.0015],[5.3972,53.0017],[5.3968,53.0026],[5.3975,53.0037],[5.3999,53.0051],[5.4004,53.005],[5.4001,53.0041],[5.4008,53.004],[5.4001,53.0037],[5.4003,53.0033],[5.4012,53.0041],[5.4007,53.0045],[5.4013,53.0052],[5.402,53.005],[5.4018,53.0043],[5.4024,53.0047],[5.401,53.0059],[5.401,53.0064],[5.4026,53.0071],[5.4034,53.0071],[5.4034,53.0064],[5.4045,53.0068],[5.4036,53.0075],[5.4039,53.0079],[5.4044,53.0076],[5.4039,53.0089],[5.4049,53.0092],[5.4046,53.0087],[5.405,53.0082],[5.4055,53.0092],[5.4048,53.0087],[5.405,53.0091],[5.4057,53.0096],[5.4058,53.0106],[5.405,53.0104],[5.4052,53.011],[5.4058,53.0111],[5.4054,53.0117],[5.407,53.0113],[5.4079,53.0133],[5.4057,53.0126],[5.4049,53.0135],[5.4065,53.0142],[5.4063,53.0152],[5.4074,53.0163],[5.4069,53.0168],[5.4076,53.017],[5.4079,53.0173],[5.4074,53.0177],[5.408,53.0177],[5.4084,53.0185],[5.4084,53.019],[5.4076,53.0193],[5.4082,53.0201],[5.4076,53.0208],[5.4086,53.0211],[5.4091,53.0214],[5.4092,53.0228],[5.4088,53.0229],[5.4085,53.0223],[5.4085,53.0212],[5.4072,53.0216],[5.4051,53.0209],[5.3989,53.0227],[5.3974,53.0237],[5.3968,53.0251],[5.3976,53.0266],[5.3974,53.0271],[5.3989,53.0284],[5.396,53.0285],[5.3967,53.0295],[5.3965,53.0301],[5.3997,53.0298],[5.4003,53.0304],[5.4011,53.0301],[5.4027,53.0312],[5.4022,53.0326],[5.4025,53.0355],[5.401,53.0353],[5.4011,53.0377],[5.4022,53.0378],[5.4037,53.0369],[5.4037,53.0358],[5.4047,53.0351],[5.405,53.0341],[5.4068,53.0331],[5.407,53.0337],[5.4058,53.0351],[5.4059,53.0359],[5.405,53.0363],[5.4049,53.0373],[5.4039,53.0379],[5.4046,53.0381],[5.4038,53.0382],[5.4039,53.0388],[5.4027,53.0395],[5.4037,53.0397],[5.4028,53.0408],[5.4041,53.0412],[5.4042,53.0416],[5.4033,53.0419],[5.4043,53.0417],[5.4046,53.0427],[5.4038,53.043],[5.4046,53.0428],[5.4051,53.044],[5.404,53.044],[5.4041,53.0445],[5.4049,53.0445],[5.4042,53.0453],[5.4052,53.0454],[5.4054,53.0459],[5.4044,53.046],[5.4046,53.0474],[5.4032,53.0484],[5.4031,53.0463],[5.4035,53.046],[5.4031,53.0452],[5.4034,53.045],[5.403,53.0448],[5.4029,53.0434],[5.4018,53.0421],[5.4015,53.0403],[5.4003,53.0379],[5.4004,53.0341],[5.3994,53.0328],[5.3961,53.0319],[5.3943,53.0321],[5.394,53.033],[5.3929,53.0336],[5.3938,53.0348],[5.3923,53.036],[5.3895,53.0401],[5.3898,53.0402],[5.3891,53.0405],[5.3901,53.0408],[5.3884,53.0408],[5.387,53.0422],[5.3889,53.0428],[5.3886,53.0433],[5.3859,53.0429],[5.385,53.0445],[5.3841,53.045],[5.3773,53.043],[5.3758,53.0431],[5.3746,53.0438],[5.376,53.0441],[5.3769,53.0435],[5.3797,53.0439],[5.3875,53.0459],[5.3918,53.0452],[5.3927,53.0469],[5.3915,53.0474],[5.3915,53.0482],[5.3894,53.0481],[5.3897,53.0461],[5.3889,53.0458],[5.3885,53.0461],[5.3884,53.0479],[5.3872,53.0474],[5.3881,53.0472],[5.3879,53.0461],[5.3863,53.0477],[5.3884,53.0484],[5.3862,53.048],[5.3855,53.0486],[5.3854,53.0482],[5.3835,53.0479],[5.3828,53.0467],[5.3809,53.0464],[5.3811,53.0454],[5.3818,53.0452],[5.3806,53.0452],[5.3804,53.0444],[5.3788,53.0443],[5.3801,53.0448],[5.3788,53.0448],[5.3777,53.0439],[5.3761,53.0445],[5.3744,53.0441],[5.3757,53.0447],[5.374,53.0451],[5.3742,53.0443],[5.3735,53.0453],[5.3736,53.0457],[5.3757,53.0464],[5.3799,53.0471],[5.3802,53.0479],[5.3782,53.0516],[5.3768,53.0515],[5.3785,53.0519],[5.3776,53.0536],[5.3765,53.0543],[5.3741,53.0543],[5.3734,53.0541],[5.3732,53.0534],[5.3727,53.0534],[5.3726,53.0546],[5.3719,53.0551],[5.3726,53.0548],[5.3809,53.055],[5.3812,53.0546],[5.3857,53.0549],[5.3856,53.0539],[5.3884,53.0539],[5.3856,53.0537],[5.3856,53.0527],[5.3891,53.0527],[5.3894,53.0548],[5.3915,53.0549],[5.3918,53.0523],[5.3893,53.0512],[5.3897,53.0509],[5.3921,53.0519],[5.3928,53.051],[5.3924,53.0502],[5.3928,53.0491],[5.3937,53.0493],[5.3934,53.0506],[5.3939,53.0513],[5.3928,53.0528],[5.392,53.0546],[5.3923,53.0548],[5.3929,53.0548],[5.3935,53.054],[5.3942,53.0542],[5.3946,53.0535],[5.394,53.0533],[5.3943,53.0529],[5.3949,53.053],[5.396,53.0517],[5.3959,53.0509],[5.395,53.051],[5.395,53.0502],[5.3977,53.05],[5.3983,53.0496],[5.3983,53.0502],[5.4002,53.0497],[5.4009,53.0505],[5.3968,53.0508],[5.3966,53.0517],[5.3975,53.0519],[5.3966,53.0521],[5.395,53.0548],[5.3971,53.0548],[5.3992,53.0518],[5.4002,53.0518],[5.3983,53.0548],[5.4012,53.0539],[5.4027,53.0517],[5.4038,53.0518],[5.4021,53.0545],[5.4025,53.0546],[5.401,53.0548],[5.399,53.0567],[5.3972,53.0592],[5.3959,53.06],[5.3951,53.0597],[5.3956,53.0601],[5.3936,53.0621],[5.3924,53.0617],[5.3934,53.0622],[5.3921,53.0642],[5.3915,53.0642],[5.3921,53.0643],[5.3915,53.0662],[5.3912,53.0668],[5.3902,53.0667],[5.3911,53.0669],[5.3902,53.0689],[5.3895,53.0689],[5.3901,53.069],[5.39,53.0698],[5.3914,53.0715],[5.3901,53.0717],[5.3914,53.0716],[5.3914,53.0724],[5.3904,53.0745],[5.3894,53.0753],[5.3877,53.0751],[5.3894,53.0754],[5.3894,53.0768],[5.3877,53.0791],[5.3864,53.0787],[5.3876,53.0792],[5.3841,53.0833],[5.3827,53.0832],[5.384,53.0835],[5.3826,53.0851],[5.3802,53.0901],[5.3792,53.09],[5.3801,53.0902],[5.3794,53.0916],[5.3787,53.0909],[5.379,53.0914],[5.3781,53.0916],[5.3725,53.0899],[5.3514,53.0776],[5.3445,53.075],[5.3439,53.0738],[5.3444,53.0735],[5.3424,53.0736],[5.3381,53.0727],[5.339,53.0705],[5.3385,53.0698],[5.34,53.0664],[5.3397,53.065],[5.3389,53.0678],[5.3372,53.07],[5.3376,53.0703],[5.3363,53.0731],[5.3356,53.0738],[5.3346,53.0736],[5.3345,53.0721],[5.3354,53.0701],[5.3365,53.07],[5.3372,53.0684],[5.3361,53.0682],[5.3373,53.0651],[5.3405,53.0634],[5.337,53.0649],[5.3336,53.0724],[5.3311,53.0734],[5.3275,53.0728],[5.327,53.0722],[5.3269,53.0714],[5.3281,53.0684],[5.3266,53.0716],[5.3229,53.0719],[5.3017,53.0685],[5.2959,53.0667],[5.2202,53.0272],[5.2195,53.0264],[5.2134,53.0232],[5.2127,53.0213],[5.2096,53.0196],[5.2098,53.0192],[5.209,53.0194],[5.2077,53.0188],[5.2063,53.0196],[5.2048,53.0188],[5.2072,53.0171],[5.2113,53.0191],[5.208,53.0168],[5.2069,53.0166],[5.2037,53.0175],[5.2022,53.0174],[5.1969,53.0146],[5.1948,53.014]],[[5.1006,52.6348],[5.0923,52.6408],[5.0893,52.6402],[5.09,52.6408],[5.089,52.6411],[5.0895,52.6413],[5.0887,52.6425],[5.0836,52.6416],[5.0843,52.6409],[5.0887,52.6395],[5.0883,52.6389],[5.0881,52.6396],[5.0859,52.6399],[5.0873,52.6387],[5.0883,52.6384],[5.0892,52.6389],[5.0873,52.6371],[5.0867,52.6368],[5.0877,52.6379],[5.0845,52.6405],[5.0819,52.6411],[5.0814,52.6415],[5.0818,52.6422],[5.0808,52.6429],[5.0816,52.6419],[5.0795,52.6407],[5.0802,52.6388],[5.0839,52.6363],[5.0862,52.6362],[5.0849,52.6361],[5.0833,52.6361],[5.0838,52.6362],[5.0809,52.638],[5.0795,52.6398],[5.0781,52.6398],[5.0793,52.64],[5.0786,52.6413],[5.076,52.6411],[5.0751,52.6406],[5.0757,52.6401],[5.0742,52.6412],[5.073,52.641],[5.0729,52.6414],[5.0699,52.6409],[5.0699,52.6407],[5.0725,52.6413],[5.073,52.6408],[5.0743,52.641],[5.0753,52.6395],[5.0733,52.6386],[5.0736,52.6384],[5.0681,52.6348],[5.0645,52.6369],[5.067,52.6373],[5.067,52.6384],[5.0636,52.6376],[5.0657,52.639],[5.0684,52.6393],[5.0684,52.6397],[5.069,52.6395],[5.0689,52.6398],[5.0684,52.6398],[5.0685,52.6404],[5.0669,52.6401],[5.0665,52.6408],[5.0637,52.6425],[5.0647,52.6415],[5.0619,52.6419],[5.064,52.6412],[5.0651,52.6414],[5.0664,52.6406],[5.0662,52.6393],[5.0649,52.6391],[5.0633,52.638],[5.0625,52.639],[5.0609,52.6386],[5.0624,52.6388],[5.0626,52.6385],[5.0607,52.638],[5.0607,52.6385],[5.06,52.638],[5.0607,52.6378],[5.0628,52.6384],[5.063,52.6372],[5.0636,52.6373],[5.0631,52.637],[5.063,52.6335],[5.0618,52.6335],[5.0618,52.6362],[5.0628,52.6364],[5.0582,52.6368],[5.0577,52.6362],[5.0582,52.636],[5.0577,52.6346],[5.0617,52.633],[5.0641,52.6327],[5.0627,52.6326],[5.0555,52.634],[5.0555,52.6358],[5.0571,52.6377],[5.0541,52.6407],[5.0497,52.6417],[5.0458,52.6417],[5.0441,52.6411],[5.0409,52.6391],[5.0389,52.6366],[5.0363,52.6367],[5.0302,52.6357],[5.027,52.6338],[5.0234,52.633],[5.0219,52.632],[5.0207,52.6327],[5.0215,52.6318],[5.0192,52.6304],[5.017,52.625],[5.0157,52.6249],[5.0169,52.6247],[5.0172,52.6186],[5.0196,52.6128],[5.0197,52.6112],[5.0191,52.6102],[5.02,52.6094],[5.0195,52.6064],[5.0208,52.605],[5.0224,52.6044],[5.0208,52.6032],[5.017,52.6031],[5.0169,52.6025],[5.0206,52.6028],[5.0212,52.6023],[5.0194,52.6018],[5.0227,52.6017],[5.0233,52.6013],[5.0232,52.6001],[5.024,52.6001],[5.0229,52.5997],[5.0185,52.5953],[5.0174,52.5951],[5.0177,52.5949],[5.0174,52.5947],[5.0186,52.5951],[5.0233,52.5996],[5.0244,52.5999],[5.0204,52.596],[5.0205,52.5953],[5.0213,52.5952],[5.0212,52.5942],[5.0236,52.5916],[5.0233,52.5912],[5.024,52.5903],[5.0252,52.5897],[5.0272,52.5864],[5.0286,52.5852],[5.0277,52.5834],[5.0295,52.5818],[5.0297,52.5811],[5.0291,52.5806],[5.0326,52.5737],[5.0313,52.5716],[5.0308,52.5694],[5.0312,52.5675],[5.0347,52.5649],[5.0427,52.561],[5.043,52.558],[5.049,52.5519],[5.0533,52.546],[5.0548,52.5447],[5.0539,52.5406],[5.0548,52.5384],[5.0577,52.5372],[5.0627,52.5299],[5.0647,52.529],[5.0655,52.5279],[5.0649,52.5273],[5.0659,52.5265],[5.0655,52.525],[5.0664,52.5228],[5.0695,52.5213],[5.0704,52.5197],[5.0716,52.5189],[5.0763,52.5192],[5.075,52.5191],[5.0728,52.5176],[5.0759,52.519],[5.0743,52.518],[5.0742,52.516],[5.075,52.515],[5.0806,52.513],[5.0836,52.5069],[5.0858,52.504],[5.0807,52.4995],[5.0778,52.4954],[5.0783,52.4944],[5.0777,52.4936],[5.0767,52.4928],[5.077,52.4926],[5.0765,52.4928],[5.0778,52.494],[5.0769,52.4943],[5.0753,52.493],[5.0735,52.4926],[5.0739,52.492],[5.0764,52.4925],[5.0738,52.4919],[5.0719,52.4919],[5.0716,52.491],[5.0695,52.4896],[5.0672,52.4894],[5.0636,52.4912],[5.0608,52.4907],[5.0603,52.4909],[5.0596,52.4903],[5.0636,52.4911],[5.064,52.4902],[5.063,52.4886],[5.0613,52.488],[5.0645,52.4868],[5.0671,52.4889],[5.0648,52.4867],[5.0613,52.4878],[5.0608,52.4876],[5.0605,52.4873],[5.0611,52.487],[5.0604,52.4872],[5.0599,52.4866],[5.0605,52.4864],[5.0596,52.4863],[5.0593,52.4848],[5.0596,52.4841],[5.059,52.4829],[5.0593,52.4801],[5.0606,52.4767],[5.0648,52.4746],[5.066,52.4729],[5.0677,52.4723],[5.0676,52.4715],[5.0691,52.4708],[5.068,52.47],[5.0685,52.4688],[5.0619,52.4677],[5.0578,52.4679],[5.0511,52.4693],[5.0416,52.4659],[5.0414,52.4655],[5.0398,52.4657],[5.0391,52.465],[5.0382,52.4663],[5.0332,52.4672],[5.0335,52.4662],[5.0331,52.465],[5.0342,52.4642],[5.0377,52.4641],[5.0388,52.4636],[5.0364,52.4632],[5.0382,52.461],[5.0363,52.4629],[5.0342,52.4637],[5.0372,52.4614],[5.0376,52.4609],[5.0373,52.4604],[5.0388,52.4597],[5.0393,52.458],[5.0396,52.4582],[5.0394,52.4598],[5.0387,52.4605],[5.0399,52.4609],[5.0404,52.4601],[5.0416,52.4602],[5.0406,52.459],[5.0409,52.4581],[5.0435,52.4576],[5.0451,52.4593],[5.0457,52.4602],[5.0454,52.4605],[5.0461,52.4612],[5.0493,52.4628],[5.0534,52.4623],[5.0549,52.4614],[5.0549,52.4607],[5.051,52.4568],[5.051,52.4563],[5.0484,52.4551],[5.048,52.4529],[5.0486,52.4512],[5.0475,52.4486],[5.0482,52.4477],[5.0491,52.4473],[5.0496,52.4458],[5.0503,52.445],[5.048,52.4423],[5.048,52.4414],[5.0487,52.4412],[5.0487,52.4398],[5.0501,52.4392],[5.0556,52.4388],[5.0577,52.4392],[5.0589,52.4381],[5.0638,52.4373],[5.0651,52.4375],[5.0658,52.4387],[5.0677,52.4389],[5.0693,52.4382],[5.0709,52.4382],[5.0724,52.4373],[5.076,52.4373],[5.0778,52.4366],[5.0866,52.4371],[5.0873,52.4364],[5.0867,52.4354],[5.0884,52.4348],[5.0889,52.4349],[5.091,52.437],[5.0933,52.4408],[5.0944,52.4484],[5.0938,52.4489],[5.0927,52.4516],[5.0945,52.453],[5.0948,52.4542],[5.0988,52.4572],[5.0991,52.4586],[5.0995,52.4582],[5.099,52.4574],[5.1002,52.4571],[5.1013,52.4589],[5.1008,52.459],[5.1003,52.4584],[5.0992,52.4587],[5.1001,52.4588],[5.1015,52.4621],[5.1005,52.4643],[5.1027,52.4668],[5.0942,52.4886],[5.096,52.4853],[5.1025,52.469],[5.1039,52.4677],[5.1049,52.4673],[5.1067,52.4675],[5.1088,52.4654],[5.112,52.4638],[5.1126,52.4623],[5.1138,52.4618],[5.1201,52.4618],[5.1322,52.4631],[5.1365,52.4624],[5.1375,52.4615],[5.1376,52.4604],[5.1394,52.4598],[5.1388,52.4596],[5.1393,52.4594],[5.138,52.4593],[5.1386,52.4597],[5.1368,52.4604],[5.131,52.4597],[5.1253,52.4576],[5.1216,52.4556],[5.1145,52.4549],[5.111,52.4541],[5.1078,52.4512],[5.106,52.4502],[5.0992,52.4503],[5.0964,52.4488],[5.095,52.4486],[5.094,52.4414],[5.0922,52.4378],[5.0867,52.4321],[5.0863,52.4322],[5.0881,52.4342],[5.0859,52.435],[5.0833,52.4332],[5.0831,52.4323],[5.0818,52.4311],[5.0808,52.4307],[5.0794,52.4308],[5.08,52.4303],[5.0798,52.43],[5.0788,52.4301],[5.0767,52.429],[5.0762,52.4282],[5.077,52.4278],[5.0768,52.427],[5.0767,52.4276],[5.0755,52.4278],[5.0757,52.4286],[5.0749,52.4287],[5.0742,52.4271],[5.0767,52.4266],[5.0751,52.4262],[5.0743,52.425],[5.0744,52.4245],[5.0754,52.4242],[5.0731,52.4241],[5.0733,52.4206],[5.0685,52.4171],[5.0684,52.4155],[5.0675,52.4135],[5.0575,52.4148],[5.0518,52.413],[5.0463,52.4067],[5.0384,52.4049],[5.0361,52.4033],[5.034,52.4026],[5.0328,52.4013],[5.0314,52.4008],[5.0291,52.398],[5.0285,52.3958],[5.0266,52.3927],[5.0253,52.3895],[5.0252,52.3881],[5.0191,52.3866],[5.0171,52.3844],[5.0141,52.3846],[5.0129,52.3842],[5.0131,52.3835],[5.0109,52.3831],[5.0112,52.3822],[5.013,52.3824],[5.0136,52.3818],[5.0136,52.3787],[5.0124,52.3776],[5.0131,52.3771],[5.0117,52.3759],[5.0121,52.3749],[5.0115,52.374],[5.0128,52.3732],[5.0119,52.3737],[5.0084,52.3726],[5.0065,52.3735],[5.0018,52.3749],[4.9999,52.3782],[4.9986,52.3788],[4.9947,52.3777],[4.9937,52.3781],[4.9984,52.3795],[4.9984,52.3798],[4.9912,52.3775],[4.9926,52.3772],[4.9894,52.3775],[4.9838,52.374],[4.9817,52.3735],[4.9803,52.3737],[4.9785,52.3758],[4.974,52.3794],[4.9744,52.3744],[4.974,52.372],[4.9747,52.3716],[4.9801,52.369],[4.9857,52.3674],[4.9918,52.3665],[4.9973,52.3664],[4.9935,52.3663],[4.9879,52.3669],[4.9837,52.3678],[4.9797,52.3691],[4.9736,52.3685],[4.9734,52.3676],[4.9778,52.3647],[4.9809,52.3633],[4.9836,52.3644],[4.9835,52.3647],[4.9838,52.3643],[4.9838,52.3647],[4.9847,52.3649],[4.9842,52.3652],[4.9847,52.3657],[4.9897,52.3642],[4.9908,52.3638],[4.9891,52.363],[4.9894,52.3628],[4.9866,52.3608],[4.9858,52.3612],[4.9854,52.3609],[4.9877,52.3598],[4.9921,52.3617],[5.0057,52.3548],[5.0065,52.3549],[5.006,52.3545],[5.0065,52.3548],[5.0062,52.3546],[5.0092,52.3533],[5.0133,52.3543],[5.0138,52.3551],[5.0145,52.3547],[5.0203,52.3564],[5.0211,52.3555],[5.0213,52.3541],[5.0173,52.354],[5.0164,52.3535],[5.0191,52.3504],[5.0188,52.3499],[5.0151,52.3486],[5.0155,52.348],[5.0151,52.3478],[5.0167,52.3459],[5.0191,52.3479],[5.0239,52.348],[5.0271,52.3487],[5.0284,52.3479],[5.0268,52.3476],[5.0264,52.3485],[5.0256,52.3482],[5.0265,52.3476],[5.0288,52.3476],[5.0309,52.3465],[5.0352,52.3455],[5.035,52.3447],[5.0351,52.3455],[5.0311,52.3464],[5.0341,52.3449],[5.0316,52.3445],[5.0312,52.3436],[5.0314,52.3433],[5.0333,52.3438],[5.0343,52.3448],[5.035,52.3444],[5.0341,52.3407],[5.026,52.3385],[5.028,52.3388],[5.0254,52.3376],[5.0274,52.3378],[5.0279,52.3367],[5.0301,52.3366],[5.0288,52.3356],[5.0298,52.3344],[5.0317,52.3336],[5.0364,52.3335],[5.0377,52.3341],[5.0408,52.3345],[5.0412,52.3353],[5.0428,52.336],[5.0436,52.3354],[5.0459,52.3353],[5.0555,52.3378],[5.0605,52.3378],[5.0671,52.3367],[5.0683,52.3371],[5.0686,52.3421],[5.0686,52.3372],[5.0677,52.3364],[5.0686,52.334],[5.0693,52.3341],[5.07,52.3328],[5.0689,52.3301],[5.0696,52.3305],[5.0693,52.33],[5.0706,52.3318],[5.0713,52.3337],[5.0705,52.3337],[5.0698,52.3349],[5.0704,52.3355],[5.0697,52.3368],[5.0698,52.342],[5.0699,52.3375],[5.071,52.3374],[5.0778,52.3399],[5.0938,52.3387],[5.1022,52.3346],[5.1035,52.3333],[5.1066,52.3316],[5.1077,52.3314],[5.109,52.332],[5.11,52.3314],[5.1101,52.3303],[5.1107,52.33],[5.1237,52.3295],[5.126,52.327],[5.1285,52.3262],[5.1291,52.3245],[5.1292,52.3253],[5.1304,52.3262],[5.1334,52.327],[5.1334,52.3276],[5.1372,52.3253],[5.1401,52.3268],[5.137,52.3294],[5.1392,52.328],[5.1414,52.3282],[5.1436,52.3296],[5.1448,52.3317],[5.1443,52.3316],[5.1405,52.3341],[5.1369,52.3372],[5.1342,52.3379],[5.1361,52.3388],[5.1357,52.3392],[5.1328,52.338],[5.1322,52.3371],[5.131,52.3376],[5.131,52.3382],[5.1322,52.3381],[5.134,52.3402],[5.1346,52.3411],[5.1342,52.3416],[5.1317,52.3425],[5.1297,52.3398],[5.1294,52.3387],[5.1301,52.3382],[5.1301,52.3378],[5.1292,52.3387],[5.1295,52.3399],[5.1312,52.3419],[5.1309,52.3438],[5.1339,52.3439],[5.1333,52.3443],[5.1333,52.3446],[5.1336,52.3443],[5.1341,52.3447],[5.1336,52.3453],[5.1332,52.3449],[5.1337,52.3455],[5.1331,52.3461],[5.1331,52.3463],[5.1333,52.346],[5.1338,52.3465],[5.1334,52.3469],[5.133,52.3467],[5.1328,52.3473],[5.1343,52.3476],[5.1318,52.3637],[5.1304,52.3667],[5.1229,52.3745],[5.1222,52.3761],[5.1225,52.3783],[5.1243,52.3805],[5.1285,52.3828],[5.1272,52.3844],[5.1289,52.3829],[5.1411,52.3874],[5.1397,52.389],[5.1414,52.3875],[5.1568,52.3931],[5.1619,52.3995],[5.1211,52.3848],[5.2081,52.4168],[5.2082,52.4172],[5.2272,52.4236],[5.2083,52.4164],[5.217,52.4164],[5.2205,52.4177],[5.2202,52.4184],[5.2229,52.4173],[5.2218,52.419],[5.224,52.4178],[5.2246,52.418],[5.2246,52.4192],[5.2285,52.4207],[5.2327,52.4253],[5.2302,52.4245],[5.2299,52.4248],[5.2553,52.4341],[5.3829,52.4891],[5.389,52.4923],[5.3895,52.492],[5.3865,52.4903],[5.3931,52.4905],[5.3961,52.4912],[5.4062,52.4972],[5.4034,52.4991],[5.4066,52.4974],[5.4169,52.5031],[5.4171,52.5035],[5.4148,52.5052],[5.4174,52.5034],[5.4187,52.5031],[5.419,52.5034],[5.4186,52.5039],[5.4197,52.5034],[5.4201,52.5036],[5.4196,52.5046],[5.4206,52.5051],[5.4203,52.5054],[5.4207,52.5052],[5.4281,52.5087],[5.4266,52.5101],[5.4283,52.5088],[5.4347,52.5112],[5.4406,52.5179],[5.4391,52.5189],[5.4366,52.5183],[5.4368,52.5174],[5.438,52.516],[5.4365,52.5174],[5.4361,52.5187],[5.4373,52.519],[5.4359,52.5213],[5.4355,52.5245],[5.4348,52.525],[5.4348,52.5271],[5.4341,52.525],[5.4339,52.5272],[5.4334,52.5251],[5.4321,52.5247],[5.4316,52.5201],[5.4319,52.5247],[5.4298,52.5249],[5.4296,52.5266],[5.429,52.5268],[5.4291,52.5273],[5.4281,52.5274],[5.428,52.5266],[5.428,52.5274],[5.4271,52.5274],[5.427,52.5268],[5.4263,52.5268],[5.4255,52.5209],[5.4249,52.5208],[5.4251,52.5272],[5.4227,52.5273],[5.4228,52.5283],[5.4234,52.5293],[5.4255,52.5297],[5.426,52.5342],[5.4272,52.538],[5.4385,52.5549],[5.4419,52.5583],[5.4459,52.5609],[5.4509,52.563],[5.4643,52.5662],[5.4664,52.5676],[5.4674,52.5694],[5.4668,52.5717],[5.4577,52.5903],[5.4556,52.5934],[5.4123,52.636],[5.4086,52.6382],[5.4096,52.6386],[5.4072,52.6408],[5.4061,52.6407],[5.4044,52.6426],[5.4035,52.6428],[5.4025,52.6445],[5.4026,52.6446],[5.4031,52.6447],[5.4035,52.6444],[5.4027,52.6445],[5.4037,52.6429],[5.4042,52.6428],[5.4032,52.6442],[5.4068,52.6413],[5.3984,52.6493],[5.3617,52.6733],[5.3568,52.676],[5.3526,52.6774],[5.3075,52.6896],[5.3035,52.6899],[5.3034,52.6905],[5.3011,52.6907],[5.2972,52.69],[5.2976,52.6895],[5.2999,52.6895],[5.2999,52.6885],[5.2971,52.6861],[5.2946,52.6852],[5.294,52.6844],[5.2919,52.6845],[5.2897,52.6829],[5.2871,52.6833],[5.2853,52.683],[5.2866,52.6821],[5.2894,52.6817],[5.2916,52.6819],[5.2918,52.6822],[5.292,52.6817],[5.2907,52.6812],[5.2917,52.6813],[5.2921,52.6817],[5.2921,52.6821],[5.295,52.6825],[5.2963,52.682],[5.2974,52.6824],[5.2967,52.6826],[5.2968,52.6832],[5.2987,52.6839],[5.2999,52.6856],[5.3027,52.6868],[5.3029,52.6882],[5.3045,52.6887],[5.3012,52.6848],[5.2992,52.6832],[5.2973,52.6823],[5.2951,52.6816],[5.2921,52.6812],[5.2894,52.6813],[5.2858,52.6819],[5.2814,52.6844],[5.2821,52.6847],[5.2883,52.6842],[5.2924,52.6851],[5.2949,52.6865],[5.2958,52.6876],[5.2966,52.6898],[5.2955,52.6899],[5.2957,52.6907],[5.2952,52.69],[5.2952,52.6907],[5.2949,52.6899],[5.2891,52.6896],[5.2864,52.6901],[5.276,52.6841],[5.2757,52.6843],[5.2762,52.6846],[5.2743,52.6858],[5.2764,52.6847],[5.2861,52.6903],[5.2837,52.6914],[5.284,52.6919],[5.2835,52.6922],[5.2814,52.6912],[5.2829,52.6925],[5.2804,52.6913],[5.2798,52.6922],[5.2742,52.6887],[5.2698,52.6875],[5.272,52.6839],[5.2696,52.6875],[5.2658,52.6882],[5.2603,52.6872],[5.2664,52.6879],[5.2612,52.6866],[5.2591,52.687],[5.2599,52.6872],[5.2571,52.6869],[5.2565,52.6861],[5.2573,52.6856],[5.2543,52.6867],[5.2465,52.6856],[5.2457,52.685],[5.2455,52.6834],[5.2461,52.6833],[5.2455,52.6832],[5.2463,52.6832],[5.2455,52.6832],[5.2453,52.6822],[5.2435,52.6814],[5.2436,52.6788],[5.2429,52.678],[5.2433,52.6775],[5.2433,52.6754],[5.2427,52.6726],[5.2382,52.6654],[5.2383,52.6643],[5.2365,52.6599],[5.2362,52.6577],[5.2323,52.6552],[5.2308,52.6528],[5.2192,52.6493],[5.2161,52.6473],[5.2066,52.6444],[5.206,52.6435],[5.2014,52.641],[5.2001,52.6384],[5.1986,52.6365],[5.1899,52.6367],[5.1803,52.635],[5.1747,52.6331],[5.1715,52.6311],[5.1717,52.6308],[5.1705,52.6309],[5.1711,52.6312],[5.171,52.6313],[5.17,52.6308],[5.1715,52.6307],[5.172,52.6308],[5.1725,52.6307],[5.1715,52.6306],[5.1708,52.6306],[5.1654,52.6277],[5.1605,52.6248],[5.1592,52.6232],[5.1497,52.6236],[5.1471,52.6227],[5.1458,52.6231],[5.128,52.6199],[5.1254,52.6219],[5.1263,52.6234],[5.1281,52.6243],[5.1287,52.6261],[5.1282,52.6266],[5.1271,52.6267],[5.1273,52.6268],[5.1254,52.6296],[5.1216,52.6318],[5.121,52.6326],[5.1147,52.6327],[5.1085,52.6314],[5.1078,52.6329],[5.1071,52.6339],[5.1065,52.6345],[5.1098,52.6356],[5.1094,52.6356],[5.1061,52.6348],[5.1078,52.6324],[5.1078,52.6319],[5.1065,52.6316],[5.1013,52.6337],[5.1006,52.6348]],[[5.1381,52.3247],[5.1408,52.3221],[5.1395,52.3216],[5.1428,52.3202],[5.1422,52.3201],[5.1446,52.3174],[5.1477,52.315],[5.1478,52.3153],[5.1479,52.3146],[5.1514,52.3124],[5.1495,52.3119],[5.1468,52.3126],[5.1477,52.3141],[5.1436,52.3109],[5.1445,52.3103],[5.1463,52.3093],[5.1499,52.3101],[5.151,52.3087],[5.1499,52.3084],[5.1495,52.3088],[5.1489,52.3085],[5.149,52.308],[5.1516,52.3082],[5.1519,52.3077],[5.1526,52.3078],[5.1544,52.3086],[5.152,52.3085],[5.1513,52.3093],[5.1531,52.31],[5.152,52.311],[5.1513,52.3109],[5.1522,52.3101],[5.151,52.3097],[5.1499,52.311],[5.1503,52.3115],[5.1526,52.3118],[5.1596,52.3083],[5.1601,52.3071],[5.163,52.3055],[5.1684,52.3041],[5.1699,52.3048],[5.1719,52.304],[5.1775,52.3044],[5.1835,52.3059],[5.1838,52.3069],[5.1844,52.3073],[5.1864,52.3069],[5.1885,52.3077],[5.1912,52.3076],[5.1942,52.3089],[5.2027,52.309],[5.2091,52.31],[5.2107,52.3093],[5.2116,52.31],[5.2152,52.3105],[5.2287,52.3113],[5.2306,52.3119],[5.2412,52.3117],[5.2423,52.3114],[5.2425,52.311],[5.2427,52.3116],[5.2463,52.3141],[5.2486,52.3172],[5.247,52.3144],[5.2428,52.3106],[5.2441,52.3101],[5.2451,52.3108],[5.2454,52.3099],[5.2449,52.3095],[5.2441,52.3098],[5.2439,52.3096],[5.2447,52.3093],[5.2427,52.3085],[5.2413,52.3058],[5.2422,52.3057],[5.2441,52.3085],[5.2455,52.3084],[5.2449,52.3091],[5.2457,52.3093],[5.2453,52.3094],[5.2457,52.31],[5.2456,52.3116],[5.2461,52.3104],[5.2472,52.3121],[5.2463,52.3103],[5.2516,52.309],[5.2516,52.3098],[5.2506,52.3108],[5.2485,52.3119],[5.2478,52.3137],[5.2495,52.3164],[5.2492,52.3157],[5.2498,52.3161],[5.2501,52.3157],[5.2496,52.3136],[5.2522,52.3118],[5.2523,52.3107],[5.2535,52.3094],[5.2529,52.309],[5.2528,52.3088],[5.2538,52.3092],[5.2538,52.3085],[5.2555,52.308],[5.2556,52.3073],[5.2564,52.3068],[5.2603,52.3061],[5.2642,52.3068],[5.2639,52.3057],[5.2649,52.3065],[5.2662,52.3057],[5.2743,52.3041],[5.2782,52.3023],[5.2787,52.3024],[5.2803,52.301],[5.2851,52.2985],[5.2855,52.2988],[5.2868,52.2979],[5.2903,52.297],[5.2896,52.2964],[5.2898,52.2962],[5.2903,52.2963],[5.2904,52.2969],[5.2921,52.2966],[5.2939,52.2972],[5.2966,52.2971],[5.2983,52.2978],[5.3016,52.3002],[5.3023,52.3021],[5.306,52.302],[5.3073,52.3027],[5.3087,52.3045],[5.308,52.3052],[5.3129,52.3031],[5.3155,52.3044],[5.2944,52.3137],[5.2734,52.321],[5.2554,52.3259],[5.2351,52.3302],[5.2237,52.3322],[5.2205,52.3308],[5.2209,52.3316],[5.2202,52.3325],[5.2213,52.3324],[5.2214,52.3333],[5.2219,52.3335],[5.2201,52.334],[5.219,52.3331],[5.2201,52.3318],[5.2191,52.3311],[5.2183,52.3322],[5.2157,52.3313],[5.2168,52.3302],[5.2197,52.3305],[5.2162,52.3294],[5.2127,52.3301],[5.2129,52.3315],[5.2135,52.3321],[5.2128,52.3329],[5.2121,52.3331],[5.2117,52.3328],[5.2114,52.3335],[5.2101,52.3338],[5.2093,52.3334],[5.2095,52.3329],[5.2083,52.3326],[5.2064,52.3333],[5.206,52.3346],[5.2048,52.3355],[5.1977,52.3364],[5.1895,52.3362],[5.1678,52.332],[5.1567,52.3291],[5.153,52.3291],[5.151,52.3279],[5.1513,52.3282],[5.1509,52.3284],[5.1487,52.3284],[5.147,52.3268],[5.1457,52.3266],[5.1448,52.324],[5.1409,52.3261],[5.1381,52.3247]],[[3.8411,51.756],[3.84,51.755],[3.8403,51.7543],[3.842,51.7532],[3.8418,51.7524],[3.8405,51.7517],[3.8411,51.7511],[3.84,51.7516],[3.8376,51.7502],[3.8383,51.7498],[3.84,51.7506],[3.8379,51.7495],[3.8373,51.7493],[3.8339,51.7502],[3.8365,51.7502],[3.8406,51.7526],[3.8406,51.7533],[3.8375,51.7553],[3.8333,51.7538],[3.8305,51.7519],[3.83,51.7512],[3.8318,51.7504],[3.8309,51.7494],[3.8274,51.7489],[3.8271,51.7477],[3.8277,51.7474],[3.8269,51.7458],[3.8261,51.7404],[3.8267,51.7396],[3.8259,51.7395],[3.8258,51.7388],[3.827,51.7389],[3.828,51.7397],[3.8282,51.7393],[3.8303,51.7395],[3.8308,51.7401],[3.833,51.7398],[3.833,51.7394],[3.8342,51.7391],[3.8346,51.7396],[3.8346,51.7391],[3.8357,51.7389],[3.836,51.7393],[3.836,51.7389],[3.8388,51.7393],[3.8421,51.7388],[3.8437,51.7394],[3.844,51.7402],[3.8443,51.7399],[3.8455,51.7404],[3.8453,51.7409],[3.8456,51.7404],[3.8471,51.7401],[3.8452,51.7398],[3.8448,51.7392],[3.8464,51.7388],[3.8472,51.7392],[3.8469,51.7386],[3.85,51.7375],[3.8514,51.7386],[3.8472,51.7398],[3.8478,51.7401],[3.8533,51.7385],[3.8554,51.7383],[3.8873,51.744],[3.8875,51.7452],[3.8875,51.7442],[3.8896,51.7442],[3.8886,51.7441],[3.889,51.7436],[3.8894,51.744],[3.8897,51.7435],[3.8917,51.7439],[3.8961,51.7422],[3.8918,51.7436],[3.8895,51.743],[3.8893,51.7427],[3.8902,51.7413],[3.89,51.7409],[3.8912,51.7401],[3.8939,51.7403],[3.8955,51.742],[3.8961,51.7418],[3.8949,51.7413],[3.895,51.7406],[3.8991,51.7402],[3.8991,51.7398],[3.9037,51.7377],[3.9033,51.737],[3.9052,51.7356],[3.9056,51.7344],[3.9069,51.733],[3.9089,51.7329],[3.9119,51.7314],[3.9134,51.7296],[3.9117,51.7294],[3.9134,51.7277],[3.9138,51.7275],[3.9152,51.7282],[3.9162,51.7274],[3.9161,51.7269],[3.9134,51.7257],[3.917,51.7272],[3.9134,51.7298],[3.9141,51.7315],[3.9146,51.7317],[3.9155,51.7317],[3.9143,51.7315],[3.9159,51.7313],[3.9165,51.732],[3.9167,51.7315],[3.9188,51.732],[3.9207,51.7315],[3.9214,51.7318],[3.9214,51.7324],[3.9224,51.7317],[3.9267,51.7315],[3.928,51.7324],[3.9293,51.7322],[3.9432,51.7343],[3.9446,51.7333],[3.9465,51.7336],[3.9465,51.7342],[3.9466,51.7338],[3.9479,51.7336],[3.9479,51.7343],[3.948,51.7336],[3.9485,51.7334],[3.9494,51.7334],[3.9494,51.7342],[3.9497,51.7334],[3.9508,51.7334],[3.9508,51.7338],[3.951,51.7334],[3.9588,51.7334],[3.959,51.734],[3.9592,51.7334],[3.9599,51.7335],[3.96,51.7339],[3.9601,51.7334],[3.9609,51.7334],[3.9647,51.7341],[3.9719,51.7338],[3.9733,51.7329],[3.9702,51.7274],[3.9702,51.7267],[3.9718,51.7265],[3.9748,51.7326],[3.9756,51.7324],[3.9752,51.7316],[3.9755,51.7314],[3.9774,51.7313],[3.9793,51.7305],[3.9768,51.7311],[3.9777,51.7303],[3.9789,51.7303],[3.9792,51.7297],[3.9789,51.7295],[3.977,51.7294],[3.9763,51.7302],[3.9748,51.7301],[3.976,51.727],[3.9763,51.723],[3.9766,51.7228],[3.9765,51.7234],[3.9771,51.7232],[3.9763,51.7235],[3.9765,51.7245],[3.9769,51.7243],[3.9768,51.7238],[3.9769,51.7242],[3.9777,51.724],[3.9773,51.7236],[3.9776,51.7233],[3.978,51.724],[3.9771,51.7248],[3.9803,51.7257],[3.9802,51.7265],[3.9823,51.726],[3.9832,51.725],[3.983,51.7244],[3.9806,51.7237],[3.9795,51.7227],[3.9805,51.7232],[3.9805,51.7227],[3.9809,51.7234],[3.9827,51.7233],[3.9833,51.722],[3.9813,51.7218],[3.983,51.7216],[3.9804,51.7209],[3.9821,51.7211],[3.9818,51.7205],[3.9825,51.7211],[3.9845,51.7212],[3.9847,51.72],[3.9842,51.7194],[3.9836,51.7194],[3.9829,51.7198],[3.9825,51.7198],[3.9829,51.7196],[3.9825,51.7193],[3.9831,51.7184],[3.9821,51.7177],[3.9834,51.7173],[3.9847,51.7182],[3.9836,51.7173],[3.9839,51.7169],[3.9864,51.7161],[3.9854,51.7175],[3.9857,51.7175],[3.9866,51.716],[3.9915,51.7139],[4.0066,51.7035],[4.01,51.6999],[4.0113,51.6975],[4.013,51.6922],[4.0145,51.6891],[4.015,51.6866],[4.0209,51.6847],[4.0231,51.6849],[4.0218,51.6852],[4.0221,51.6853],[4.0319,51.6839],[4.0445,51.6846],[4.0533,51.6811],[4.0554,51.6793],[4.063,51.6776],[4.0643,51.6776],[4.0651,51.6767],[4.0686,51.6752],[4.0714,51.675],[4.0713,51.6746],[4.0733,51.6755],[4.0771,51.6757],[4.0779,51.6752],[4.0747,51.6743],[4.0743,51.6736],[4.0808,51.671],[4.0831,51.6719],[4.0841,51.6715],[4.0832,51.6705],[4.0867,51.6692],[4.0881,51.6706],[4.0864,51.6715],[4.0888,51.6709],[4.0874,51.6688],[4.0917,51.6671],[4.0923,51.6677],[4.094,51.6675],[4.0906,51.6699],[4.0897,51.6698],[4.0908,51.6701],[4.0942,51.6683],[4.1076,51.677],[4.1102,51.678],[4.1089,51.6772],[4.1118,51.6776],[4.1119,51.6783],[4.1111,51.6783],[4.1133,51.6791],[4.1158,51.6797],[4.1144,51.6791],[4.1151,51.6787],[4.1183,51.6796],[4.1212,51.6795],[4.1218,51.6793],[4.1213,51.6781],[4.1226,51.6775],[4.1249,51.6777],[4.1256,51.6781],[4.1255,51.6786],[4.1267,51.6785],[4.1291,51.6796],[4.1283,51.6791],[4.1283,51.6782],[4.13,51.6779],[4.1318,51.6789],[4.1367,51.6787],[4.1369,51.6795],[4.1358,51.6796],[4.1437,51.6792],[4.1471,51.6795],[4.1483,51.6788],[4.149,51.6792],[4.1489,51.6798],[4.158,51.6848],[4.1626,51.6879],[4.1624,51.6891],[4.1575,51.6941],[4.157,51.6952],[4.1543,51.6971],[4.136,51.7018],[4.1337,51.7016],[4.1332,51.7027],[4.1316,51.7039],[4.129,51.7038],[4.1278,51.7014],[4.1291,51.7061],[4.1286,51.7062],[4.1287,51.7051],[4.1279,51.7038],[4.1227,51.7064],[4.1113,51.7079],[4.0962,51.7072],[4.0952,51.7065],[4.0917,51.7064],[4.0901,51.7051],[4.0874,51.7061],[4.0901,51.7052],[4.0914,51.7065],[4.0875,51.7077],[4.0864,51.7069],[4.0866,51.7083],[4.0861,51.7084],[4.0859,51.709],[4.0853,51.709],[4.0858,51.7081],[4.0826,51.7077],[4.0828,51.7067],[4.0857,51.7069],[4.0865,51.7059],[4.0886,51.6989],[4.0866,51.7053],[4.0856,51.7067],[4.0826,51.7065],[4.0809,51.7079],[4.0767,51.7086],[4.0699,51.7078],[4.0613,51.7104],[4.06,51.7112],[4.0582,51.7151],[4.0584,51.7141],[4.0579,51.7144],[4.0585,51.7139],[4.0589,51.7128],[4.0584,51.7127],[4.0591,51.7117],[4.0507,51.7117],[4.0551,51.7071],[4.0561,51.7067],[4.059,51.7072],[4.0567,51.7065],[4.059,51.7067],[4.06,51.7066],[4.0606,51.7072],[4.0612,51.7068],[4.0602,51.7064],[4.0568,51.7063],[4.0546,51.7073],[4.0505,51.7117],[4.0483,51.7149],[4.0491,51.715],[4.0495,51.7139],[4.0498,51.7152],[4.0506,51.7163],[4.0503,51.7165],[4.0506,51.7167],[4.05,51.7167],[4.0506,51.7176],[4.0497,51.719],[4.0478,51.7211],[4.0407,51.7272],[4.0411,51.7301],[4.0448,51.7297],[4.0445,51.7303],[4.0435,51.7305],[4.0452,51.731],[4.044,51.7314],[4.0436,51.7309],[4.0426,51.7313],[4.0402,51.731],[4.0387,51.7329],[4.038,51.7357],[4.0339,51.7375],[4.0328,51.7391],[4.0338,51.743],[4.0342,51.7431],[4.0343,51.7427],[4.0392,51.7435],[4.0377,51.7439],[4.0354,51.7437],[4.0332,51.7447],[4.035,51.7466],[4.0349,51.747],[4.0335,51.7452],[4.0331,51.7456],[4.0315,51.7455],[4.0304,51.7473],[4.0298,51.7471],[4.0286,51.7476],[4.0287,51.7471],[4.0299,51.7464],[4.0296,51.7461],[4.0307,51.745],[4.0305,51.7431],[4.0297,51.7426],[4.0295,51.7432],[4.0277,51.7434],[4.0269,51.743],[4.0259,51.7416],[4.024,51.7419],[4.0224,51.7433],[4.0187,51.7522],[4.0175,51.7523],[4.0171,51.7531],[4.0169,51.7542],[4.0174,51.7526],[4.0186,51.7526],[4.0185,51.7551],[4.0195,51.7556],[4.0168,51.756],[4.0168,51.7545],[4.0166,51.7559],[4.0173,51.7563],[4.027,51.7577],[4.0305,51.7565],[4.0282,51.7577],[4.0284,51.7581],[4.0271,51.7581],[4.0288,51.7597],[4.0276,51.7595],[4.0268,51.7613],[4.0227,51.7649],[4.0235,51.7654],[4.0237,51.7663],[4.0231,51.7673],[4.0228,51.7666],[4.0223,51.7667],[4.0229,51.7676],[4.0226,51.7682],[4.0231,51.7688],[4.0241,51.7687],[4.0184,51.7705],[4.0185,51.7721],[4.0203,51.7742],[4.0191,51.7749],[4.0188,51.7771],[4.0195,51.7769],[4.0202,51.7749],[4.0218,51.7743],[4.0207,51.7767],[4.0204,51.7793],[4.0144,51.7831],[4.0091,51.7879],[4.0044,51.7912],[4.0023,51.7944],[4.0039,51.7955],[4.0032,51.7965],[4.0036,51.797],[3.9994,51.7984],[3.9962,51.8001],[3.9941,51.8005],[3.9923,51.8018],[3.9903,51.8024],[3.9872,51.8023],[3.9831,51.8011],[3.9707,51.8009],[3.9708,51.8003],[3.9691,51.8024],[3.9683,51.8022],[3.9688,51.8026],[3.968,51.8032],[3.9573,51.8041],[3.9532,51.8039],[3.9479,51.803],[3.9474,51.8022],[3.946,51.8017],[3.9458,51.801],[3.9372,51.7984],[3.9369,51.7982],[3.9375,51.7982],[3.9371,51.798],[3.9356,51.7977],[3.9369,51.7986],[3.9346,51.7982],[3.9356,51.7975],[3.9348,51.7971],[3.9319,51.7977],[3.935,51.7974],[3.9336,51.7982],[3.9315,51.798],[3.9315,51.7977],[3.9313,51.798],[3.9259,51.7976],[3.925,51.7969],[3.9212,51.7969],[3.9153,51.7956],[3.9129,51.7959],[3.912,51.7948],[3.9135,51.7944],[3.9134,51.7941],[3.9116,51.7934],[3.9101,51.7933],[3.9077,51.7921],[3.9058,51.7923],[3.906,51.7918],[3.9057,51.7923],[3.9046,51.7919],[3.9021,51.792],[3.9009,51.7917],[3.9004,51.7917],[3.9,51.7914],[3.8993,51.7914],[3.9012,51.792],[3.9029,51.792],[3.903,51.7923],[3.8972,51.7936],[3.8909,51.7923],[3.8892,51.7937],[3.8907,51.792],[3.8897,51.7904],[3.8897,51.7895],[3.8921,51.7869],[3.895,51.7853],[3.8953,51.7848],[3.8945,51.784],[3.8956,51.7848],[3.8925,51.7824],[3.8871,51.7805],[3.8857,51.7805],[3.8864,51.7812],[3.886,51.7817],[3.8842,51.7812],[3.8857,51.7802],[3.8855,51.7799],[3.8839,51.7798],[3.8841,51.7812],[3.8821,51.7806],[3.8824,51.78],[3.8835,51.7799],[3.8827,51.7796],[3.8829,51.7793],[3.8848,51.7796],[3.8847,51.7795],[3.8824,51.7791],[3.8819,51.7797],[3.8801,51.7793],[3.8772,51.7796],[3.8796,51.7787],[3.8795,51.7786],[3.8765,51.7796],[3.8769,51.7798],[3.8726,51.7817],[3.8712,51.7819],[3.8695,51.7812],[3.8682,51.7792],[3.8712,51.7779],[3.8718,51.7772],[3.8717,51.777],[3.8713,51.7765],[3.8706,51.7761],[3.8716,51.7773],[3.8685,51.7788],[3.8671,51.7764],[3.8685,51.7756],[3.8654,51.7748],[3.8595,51.7653],[3.8612,51.7629],[3.8606,51.7622],[3.8586,51.7626],[3.8571,51.761],[3.8554,51.7579],[3.8587,51.7566],[3.8593,51.7567],[3.8587,51.7575],[3.8593,51.758],[3.8601,51.7569],[3.8606,51.757],[3.863,51.7604],[3.8615,51.7619],[3.8636,51.7604],[3.8659,51.7596],[3.8638,51.7601],[3.8638,51.7596],[3.8649,51.7587],[3.8722,51.7561],[3.8713,51.755],[3.8726,51.7556],[3.8743,51.7549],[3.8742,51.7533],[3.8713,51.751],[3.87,51.7506],[3.8684,51.7509],[3.8681,51.7511],[3.8686,51.7512],[3.8676,51.7525],[3.8664,51.7529],[3.8671,51.7526],[3.8666,51.7521],[3.8674,51.7522],[3.8679,51.7512],[3.867,51.7511],[3.8664,51.7517],[3.8658,51.7509],[3.8678,51.7504],[3.8635,51.7514],[3.8618,51.7523],[3.8634,51.7517],[3.8636,51.752],[3.8621,51.7526],[3.8616,51.7525],[3.8619,51.752],[3.8587,51.7527],[3.8566,51.7525],[3.8545,51.7527],[3.8542,51.7532],[3.8553,51.7537],[3.8563,51.7534],[3.8547,51.7528],[3.8562,51.7526],[3.8596,51.7528],[3.8565,51.7535],[3.8549,51.7543],[3.8536,51.7541],[3.8559,51.7557],[3.8547,51.7551],[3.8543,51.7552],[3.8546,51.7558],[3.8535,51.7552],[3.8529,51.7541],[3.8531,51.7539],[3.8521,51.7535],[3.8521,51.7529],[3.8525,51.7528],[3.8519,51.7529],[3.8516,51.7531],[3.8509,51.7544],[3.8513,51.7541],[3.8521,51.7544],[3.8522,51.7551],[3.8504,51.7558],[3.85,51.7554],[3.8503,51.7551],[3.8504,51.7543],[3.8499,51.7554],[3.8475,51.757],[3.846,51.7571],[3.8411,51.756]],[[4.1573,51.6825],[4.1563,51.6812],[4.1564,51.6769],[4.1559,51.6756],[4.1614,51.6703],[4.1627,51.668],[4.1708,51.6682],[4.1749,51.667],[4.1745,51.6667],[4.1718,51.6674],[4.1664,51.6673],[4.1659,51.6657],[4.1618,51.6653],[4.1619,51.6647],[4.1653,51.6646],[4.171,51.6656],[4.1748,51.6655],[4.1801,51.6643],[4.1831,51.663],[4.1792,51.6643],[4.1762,51.6646],[4.1642,51.6642],[4.1635,51.6629],[4.1642,51.6629],[4.162,51.6627],[4.1622,51.6604],[4.1734,51.6603],[4.1828,51.6608],[4.1836,51.6592],[4.1833,51.6583],[4.1825,51.6593],[4.1826,51.6597],[4.1818,51.66],[4.1791,51.6595],[4.1782,51.66],[4.1757,51.6597],[4.1783,51.6599],[4.1788,51.6595],[4.1776,51.6592],[4.1698,51.6598],[4.174,51.6597],[4.17,51.66],[4.1664,51.6589],[4.1661,51.6584],[4.1663,51.6567],[4.1683,51.6548],[4.1698,51.6543],[4.173,51.6541],[4.1748,51.6535],[4.1801,51.6542],[4.1824,51.6536],[4.1818,51.6507],[4.1811,51.6499],[4.1803,51.6505],[4.1805,51.6499],[4.1801,51.6498],[4.1884,51.6465],[4.1914,51.6445],[4.1933,51.6425],[4.1945,51.6377],[4.1945,51.6353],[4.1959,51.6343],[4.1954,51.6343],[4.1955,51.6338],[4.1964,51.6342],[4.1967,51.6327],[4.1962,51.6314],[4.195,51.6311],[4.1953,51.631],[4.1936,51.6301],[4.193,51.6275],[4.1932,51.6266],[4.1923,51.6255],[4.1913,51.6234],[4.1933,51.6222],[4.1943,51.622],[4.1949,51.6222],[4.1938,51.6221],[4.1916,51.6234],[4.1934,51.6263],[4.1933,51.6276],[4.1941,51.63],[4.1964,51.631],[4.1962,51.6304],[4.1971,51.6317],[4.1974,51.634],[4.1969,51.6347],[4.1986,51.6337],[4.1997,51.632],[4.1975,51.6273],[4.1963,51.6259],[4.1964,51.6244],[4.1969,51.6239],[4.1979,51.6236],[4.1973,51.6239],[4.1985,51.6238],[4.1966,51.6245],[4.1966,51.6259],[4.1977,51.6268],[4.1986,51.6286],[4.1992,51.6278],[4.2,51.6276],[4.1992,51.628],[4.1987,51.6289],[4.2001,51.6308],[4.2001,51.6295],[4.2014,51.6287],[4.2013,51.6281],[4.2019,51.6288],[4.2015,51.6291],[4.204,51.629],[4.2058,51.6275],[4.2071,51.6272],[4.2058,51.6276],[4.2053,51.6282],[4.2058,51.6277],[4.2071,51.6275],[4.2077,51.6278],[4.2081,51.6283],[4.2073,51.6277],[4.2064,51.6276],[4.2042,51.6292],[4.2007,51.6294],[4.2005,51.6298],[4.2009,51.6306],[4.2036,51.63],[4.2041,51.63],[4.201,51.6307],[4.2018,51.6323],[4.2051,51.6322],[4.206,51.6325],[4.2054,51.6328],[4.2085,51.6328],[4.2092,51.6325],[4.2089,51.6317],[4.2095,51.6312],[4.2093,51.6308],[4.2097,51.6312],[4.2092,51.6317],[4.2094,51.6323],[4.2104,51.6311],[4.2122,51.6303],[4.2131,51.6303],[4.2135,51.6296],[4.2131,51.6292],[4.2135,51.6293],[4.2133,51.6303],[4.2109,51.631],[4.2098,51.6319],[4.2095,51.6326],[4.2102,51.6327],[4.21,51.6329],[4.2017,51.6329],[4.2005,51.6334],[4.1997,51.6347],[4.2043,51.6336],[4.208,51.6336],[4.2102,51.6342],[4.2114,51.6337],[4.211,51.6332],[4.211,51.6329],[4.2122,51.6328],[4.2112,51.6333],[4.213,51.6341],[4.2135,51.6336],[4.2131,51.6341],[4.2142,51.6345],[4.2158,51.6345],[4.2172,51.6355],[4.2177,51.6352],[4.2172,51.6346],[4.2172,51.6343],[4.2181,51.6335],[4.2173,51.6346],[4.2182,51.6353],[4.2214,51.6347],[4.2236,51.635],[4.23,51.6339],[4.2327,51.6351],[4.2409,51.6333],[4.2381,51.6326],[4.2386,51.6324],[4.2393,51.6328],[4.2398,51.6323],[4.241,51.6321],[4.2516,51.6321],[4.2526,51.6319],[4.2524,51.6311],[4.253,51.6307],[4.2528,51.6326],[4.2531,51.6304],[4.2529,51.6293],[4.251,51.6275],[4.2492,51.6278],[4.2488,51.6277],[4.2511,51.6274],[4.2531,51.6292],[4.2542,51.6263],[4.2554,51.6251],[4.2557,51.6252],[4.2549,51.6261],[4.2545,51.6275],[4.2545,51.6279],[4.2562,51.6257],[4.2571,51.626],[4.2564,51.6267],[4.2562,51.6275],[4.2615,51.627],[4.2633,51.6263],[4.2645,51.6252],[4.2659,51.625],[4.2666,51.6254],[4.2658,51.6251],[4.2655,51.6268],[4.2671,51.6272],[4.2673,51.6277],[4.2672,51.6282],[4.2668,51.6271],[4.2654,51.627],[4.2657,51.6255],[4.2649,51.6253],[4.2633,51.627],[4.255,51.6285],[4.2548,51.6291],[4.2559,51.6288],[4.2566,51.629],[4.2544,51.6293],[4.2537,51.631],[4.254,51.6307],[4.2584,51.6315],[4.2624,51.6314],[4.2662,51.6325],[4.2601,51.6322],[4.259,51.6328],[4.2644,51.6359],[4.2735,51.6382],[4.2762,51.6373],[4.2754,51.6364],[4.2727,51.6357],[4.2735,51.6356],[4.2737,51.6338],[4.2743,51.6332],[4.2744,51.6322],[4.275,51.6324],[4.2739,51.6338],[4.2741,51.6344],[4.2737,51.6356],[4.2768,51.6362],[4.2783,51.6344],[4.2777,51.6358],[4.2794,51.6352],[4.2803,51.6351],[4.2769,51.6364],[4.2761,51.6364],[4.2766,51.6369],[4.2778,51.6366],[4.2774,51.6377],[4.2785,51.6385],[4.2824,51.6398],[4.291,51.6407],[4.2935,51.6425],[4.2939,51.6423],[4.2915,51.6406],[4.2915,51.6402],[4.2933,51.641],[4.2933,51.6406],[4.2924,51.6402],[4.2937,51.6405],[4.2935,51.641],[4.294,51.641],[4.2939,51.6405],[4.2913,51.6388],[4.2926,51.6395],[4.2916,51.6385],[4.291,51.6374],[4.2914,51.6366],[4.2903,51.6359],[4.2915,51.6365],[4.2918,51.6386],[4.2931,51.6392],[4.2933,51.6384],[4.2939,51.6388],[4.295,51.6374],[4.2978,51.6372],[4.3001,51.6375],[4.2951,51.6376],[4.2941,51.6393],[4.2946,51.6389],[4.2949,51.6393],[4.2952,51.6388],[4.2955,51.6388],[4.2947,51.6401],[4.2951,51.6405],[4.2944,51.6414],[4.2956,51.641],[4.2964,51.6402],[4.2967,51.6402],[4.295,51.6418],[4.2952,51.6422],[4.2974,51.6421],[4.2973,51.6411],[4.3093,51.6453],[4.3138,51.6455],[4.3176,51.6463],[4.3172,51.6452],[4.3176,51.6452],[4.3179,51.6439],[4.3175,51.6433],[4.3165,51.6429],[4.3163,51.6427],[4.3183,51.6436],[4.3181,51.6457],[4.3184,51.6462],[4.3232,51.6457],[4.3194,51.6435],[4.3244,51.6455],[4.334,51.6447],[4.35,51.6481],[4.3587,51.6519],[4.3608,51.6523],[4.3654,51.6547],[4.368,51.6568],[4.3676,51.6579],[4.368,51.6584],[4.3683,51.6572],[4.3712,51.6562],[4.3747,51.6528],[4.3763,51.6519],[4.3766,51.6523],[4.3749,51.6537],[4.3775,51.6528],[4.378,51.6531],[4.3729,51.6569],[4.3768,51.6589],[4.3771,51.6594],[4.3752,51.6607],[4.3718,51.6592],[4.3695,51.6592],[4.3715,51.6596],[4.3746,51.661],[4.3761,51.6606],[4.3779,51.6612],[4.3801,51.6628],[4.3789,51.6636],[4.3802,51.6631],[4.3838,51.6654],[4.3839,51.6659],[4.3834,51.6658],[4.3854,51.6683],[4.3878,51.6688],[4.3936,51.6778],[4.3922,51.6787],[4.3926,51.6795],[4.3922,51.6801],[4.3937,51.6803],[4.4026,51.6848],[4.4066,51.6873],[4.4077,51.6885],[4.4067,51.6892],[4.406,51.6888],[4.4056,51.6891],[4.406,51.6897],[4.4044,51.6894],[4.3917,51.6832],[4.3899,51.6815],[4.39,51.6827],[4.3915,51.6842],[4.3957,51.6865],[4.3983,51.6872],[4.4016,51.6889],[4.4014,51.69],[4.4031,51.6917],[4.4017,51.6928],[4.395,51.6905],[4.392,51.6905],[4.392,51.6909],[4.3955,51.6909],[4.3993,51.6925],[4.4004,51.6936],[4.3988,51.6934],[4.397,51.6943],[4.3934,51.692],[4.3934,51.6927],[4.3945,51.6933],[4.3952,51.6956],[4.3937,51.6966],[4.3914,51.6971],[4.3898,51.6968],[4.3884,51.6955],[4.3898,51.6952],[4.3898,51.6951],[4.3884,51.6955],[4.3861,51.6935],[4.3862,51.6941],[4.3881,51.6956],[4.388,51.696],[4.3796,51.6997],[4.3786,51.6993],[4.3766,51.6996],[4.3769,51.6992],[4.3763,51.6989],[4.3755,51.6991],[4.3755,51.6985],[4.3745,51.698],[4.3755,51.6967],[4.3744,51.696],[4.3715,51.6953],[4.3695,51.6958],[4.3693,51.6964],[4.3688,51.6957],[4.3677,51.6969],[4.3688,51.6986],[4.3702,51.6993],[4.3714,51.6992],[4.3711,51.6993],[4.3732,51.6996],[4.3739,51.6998],[4.3714,51.6997],[4.3722,51.7001],[4.369,51.6992],[4.3685,51.7],[4.3674,51.7004],[4.3685,51.6994],[4.3662,51.6968],[4.3669,51.6963],[4.366,51.6952],[4.3624,51.6949],[4.3619,51.6968],[4.3624,51.6993],[4.3617,51.6968],[4.3625,51.6939],[4.3625,51.6935],[4.3616,51.6968],[4.3622,51.6991],[4.3614,51.6973],[4.3607,51.6972],[4.3614,51.697],[4.3609,51.6968],[4.3621,51.6939],[4.3609,51.6944],[4.3605,51.6955],[4.3601,51.6948],[4.3589,51.6952],[4.3595,51.6967],[4.3593,51.6977],[4.3586,51.6981],[4.3581,51.698],[4.3586,51.698],[4.3589,51.697],[4.3583,51.6948],[4.3573,51.6948],[4.3568,51.6952],[4.3569,51.697],[4.3582,51.6989],[4.3595,51.6987],[4.3585,51.6991],[4.3583,51.6996],[4.3586,51.7],[4.3594,51.6997],[4.3597,51.7],[4.3589,51.7001],[4.3596,51.7004],[4.3589,51.7005],[4.3593,51.7006],[4.3584,51.7007],[4.3586,51.7004],[4.3581,51.7001],[4.356,51.7011],[4.3458,51.7009],[4.3456,51.7006],[4.356,51.7005],[4.357,51.7002],[4.3575,51.6995],[4.3569,51.6988],[4.3558,51.6994],[4.3545,51.6991],[4.3561,51.6991],[4.3566,51.6985],[4.3546,51.6975],[4.3551,51.6965],[4.3541,51.6956],[4.3551,51.6963],[4.3554,51.6956],[4.3548,51.6948],[4.3555,51.695],[4.3554,51.6944],[4.3562,51.6945],[4.357,51.6936],[4.3592,51.6928],[4.3592,51.6923],[4.3581,51.6921],[4.3592,51.6919],[4.3582,51.6916],[4.3592,51.6918],[4.3591,51.6915],[4.3598,51.6907],[4.3593,51.6915],[4.3596,51.6924],[4.3627,51.6923],[4.3617,51.6895],[4.363,51.6918],[4.3645,51.6914],[4.3662,51.6902],[4.3674,51.688],[4.3669,51.6866],[4.3658,51.6864],[4.3644,51.6869],[4.3636,51.6865],[4.3655,51.6865],[4.3665,51.6852],[4.3663,51.6844],[4.367,51.6857],[4.3681,51.6857],[4.3689,51.685],[4.368,51.6853],[4.3677,51.6846],[4.3684,51.6844],[4.3675,51.6842],[4.3675,51.6829],[4.3664,51.683],[4.3659,51.6825],[4.367,51.6818],[4.3643,51.6825],[4.3526,51.683],[4.3524,51.6824],[4.3535,51.6828],[4.3644,51.6823],[4.3655,51.6819],[4.3666,51.6813],[4.3656,51.6818],[4.3648,51.6802],[4.3645,51.6778],[4.3571,51.6712],[4.3371,51.6645],[4.3302,51.6629],[4.3236,51.6622],[4.3164,51.6605],[4.3146,51.6616],[4.314,51.6612],[4.3141,51.6607],[4.3153,51.6605],[4.3108,51.6599],[4.3006,51.6592],[4.2993,51.6596],[4.2867,51.6563],[4.2838,51.6552],[4.2777,51.6545],[4.2719,51.6546],[4.2667,51.6556],[4.2598,51.656],[4.2524,51.6576],[4.2489,51.6579],[4.2481,51.6587],[4.2484,51.658],[4.2466,51.658],[4.249,51.6573],[4.2485,51.6572],[4.2454,51.6583],[4.2385,51.6596],[4.2341,51.6615],[4.2338,51.6608],[4.2344,51.6598],[4.2369,51.6587],[4.2384,51.6589],[4.2367,51.6585],[4.2332,51.6601],[4.232,51.6618],[4.2249,51.6662],[4.2228,51.6681],[4.2209,51.6702],[4.2194,51.673],[4.2198,51.6736],[4.2203,51.6735],[4.2199,51.673],[4.2212,51.6717],[4.2213,51.6724],[4.2222,51.6727],[4.2221,51.673],[4.2109,51.6762],[4.2104,51.677],[4.2089,51.6758],[4.2088,51.6763],[4.2075,51.6762],[4.207,51.6749],[4.2055,51.6761],[4.2054,51.6776],[4.1945,51.6793],[4.1912,51.6821],[4.1892,51.683],[4.1857,51.683],[4.1839,51.6826],[4.1684,51.6834],[4.1684,51.6838],[4.1654,51.6859],[4.1638,51.6856],[4.165,51.6864],[4.1643,51.6873],[4.1573,51.6825]],[[3.5789,51.3921],[3.5796,51.3929],[3.5783,51.3935],[3.578,51.3927],[3.5789,51.3921]],[[4.1931,51.639],[4.1921,51.6416],[4.1903,51.6439],[4.1879,51.6457],[4.1849,51.6472],[4.1772,51.6496],[4.1748,51.6474],[4.1726,51.6471],[4.1565,51.6538],[4.1561,51.6543],[4.1566,51.6552],[4.1594,51.6579],[4.1587,51.6587],[4.1591,51.659],[4.1586,51.6592],[4.1568,51.6591],[4.1521,51.6552],[4.1378,51.6574],[4.1377,51.6582],[4.1386,51.6592],[4.1378,51.6598],[4.1393,51.6592],[4.1463,51.6594],[4.1538,51.6601],[4.1573,51.6606],[4.1574,51.6609],[4.1619,51.661],[4.1572,51.6611],[4.1574,51.6617],[4.1618,51.662],[4.1572,51.6619],[4.1572,51.6623],[4.1554,51.6625],[4.155,51.6637],[4.1523,51.664],[4.143,51.6636],[4.1375,51.6619],[4.1428,51.6638],[4.1533,51.6642],[4.1538,51.6646],[4.154,51.6658],[4.1544,51.6646],[4.1549,51.6643],[4.1586,51.6644],[4.16,51.6648],[4.1616,51.6649],[4.1593,51.6652],[4.1592,51.6656],[4.1555,51.6656],[4.1601,51.6671],[4.1599,51.6689],[4.156,51.6737],[4.1538,51.6758],[4.1517,51.6764],[4.1499,51.6784],[4.1482,51.6779],[4.1495,51.676],[4.1482,51.6753],[4.149,51.6762],[4.1475,51.6775],[4.143,51.6754],[4.1443,51.6744],[4.1464,51.6745],[4.1454,51.674],[4.1439,51.6743],[4.1421,51.6756],[4.1385,51.6764],[4.1358,51.6758],[4.1365,51.6736],[4.136,51.6737],[4.1355,51.6758],[4.1339,51.676],[4.1172,51.6746],[4.1187,51.6676],[4.1167,51.6746],[4.1074,51.6735],[4.1052,51.673],[4.1047,51.672],[4.1022,51.671],[4.1005,51.6711],[4.0953,51.6675],[4.0993,51.6651],[4.0965,51.6665],[4.0955,51.6658],[4.0947,51.6662],[4.0942,51.6658],[4.0982,51.6641],[4.0986,51.6643],[4.1005,51.6631],[4.0985,51.6637],[4.0981,51.6634],[4.0993,51.6626],[4.0998,51.6629],[4.0996,51.6626],[4.101,51.6617],[4.1021,51.6622],[4.1011,51.6616],[4.1018,51.6605],[4.1051,51.658],[4.1019,51.654],[4.1015,51.6541],[4.1026,51.6556],[4.1007,51.6561],[4.1,51.6548],[4.0991,51.6548],[4.0984,51.6539],[4.0987,51.6538],[4.097,51.6519],[4.0989,51.651],[4.1007,51.6531],[4.1011,51.653],[4.0977,51.6488],[4.0973,51.6489],[4.0981,51.6503],[4.0968,51.6508],[4.0962,51.6488],[4.0966,51.6475],[4.0958,51.6469],[4.0927,51.6458],[4.0905,51.6441],[4.0846,51.6427],[4.085,51.6421],[4.0842,51.6427],[4.0848,51.642],[4.0838,51.6425],[4.0827,51.6419],[4.0834,51.6415],[4.0827,51.6418],[4.0813,51.641],[4.0819,51.6406],[4.0812,51.6409],[4.0801,51.6403],[4.0807,51.6399],[4.0797,51.6399],[4.0803,51.6393],[4.077,51.6373],[4.0775,51.637],[4.0769,51.6373],[4.0758,51.6365],[4.0762,51.6361],[4.0755,51.6362],[4.0745,51.6351],[4.075,51.6348],[4.0745,51.635],[4.0733,51.6342],[4.0738,51.6339],[4.073,51.6339],[4.0743,51.6334],[4.0727,51.6338],[4.0669,51.6305],[4.0675,51.6301],[4.0668,51.6305],[4.0615,51.6288],[4.0568,51.628],[4.0539,51.6292],[4.0531,51.6302],[4.0517,51.6302],[4.0494,51.6315],[4.038,51.6271],[4.0347,51.625],[4.0292,51.6246],[4.0273,51.6234],[4.0263,51.6238],[4.0259,51.6233],[4.0243,51.6231],[4.0202,51.6215],[4.0173,51.6212],[4.0105,51.6179],[4.0097,51.6181],[4.0127,51.6153],[4.0189,51.614],[4.0126,51.6153],[4.01,51.6174],[4.0083,51.6179],[4.0037,51.6175],[3.9917,51.6182],[3.9902,51.6172],[3.9906,51.6169],[3.9901,51.6171],[3.9873,51.6153],[3.9859,51.6149],[3.9681,51.6143],[3.9642,51.616],[3.9622,51.6156],[3.9606,51.6145],[3.9586,51.6141],[3.9606,51.6147],[3.962,51.6157],[3.9608,51.6179],[3.949,51.6253],[3.9468,51.625],[3.9477,51.6222],[3.9476,51.6209],[3.9472,51.6208],[3.9463,51.6254],[3.9401,51.6344],[3.9374,51.6347],[3.9374,51.6356],[3.938,51.6354],[3.9382,51.6358],[3.9353,51.6361],[3.9299,51.6296],[3.9283,51.6287],[3.9258,51.6285],[3.9253,51.6281],[3.9194,51.6282],[3.9252,51.6283],[3.9264,51.6306],[3.9194,51.6307],[3.9177,51.6285],[3.9144,51.6292],[3.8688,51.5956],[3.8731,51.5924],[3.8742,51.5927],[3.8732,51.5923],[3.8738,51.5917],[3.8743,51.592],[3.8738,51.5916],[3.8745,51.5916],[3.874,51.5914],[3.8751,51.5908],[3.8747,51.5906],[3.8782,51.5861],[3.881,51.581],[3.8888,51.5745],[3.8905,51.5747],[3.8915,51.5763],[3.8924,51.5749],[3.8944,51.5753],[3.8925,51.5749],[3.8943,51.5746],[3.8928,51.5743],[3.8931,51.5736],[3.8926,51.5743],[3.8921,51.5743],[3.8891,51.5737],[3.8888,51.5732],[3.8893,51.5722],[3.8938,51.5732],[3.8937,51.5725],[3.8943,51.5726],[3.8938,51.5724],[3.8939,51.5717],[3.8931,51.5724],[3.8924,51.5722],[3.8934,51.5681],[3.8945,51.5665],[3.8969,51.567],[3.8945,51.5664],[3.8975,51.5636],[3.8987,51.5643],[3.8994,51.5634],[3.8988,51.5629],[3.8976,51.5631],[3.897,51.5627],[3.8968,51.5602],[3.8976,51.5603],[3.8938,51.5585],[3.887,51.5573],[3.8866,51.5569],[3.8851,51.557],[3.8857,51.5569],[3.8867,51.555],[3.8857,51.5568],[3.8844,51.5569],[3.8721,51.555],[3.8714,51.5541],[3.8714,51.5521],[3.8691,51.5507],[3.8646,51.5468],[3.8655,51.5449],[3.868,51.5449],[3.871,51.5445],[3.8678,51.5447],[3.8661,51.5445],[3.8652,51.544],[3.8685,51.5439],[3.8662,51.5433],[3.8672,51.5401],[3.8678,51.54],[3.8699,51.5404],[3.8702,51.5407],[3.8699,51.5415],[3.8703,51.5416],[3.8707,51.5405],[3.8715,51.5404],[3.8787,51.5419],[3.8779,51.5436],[3.8788,51.542],[3.8801,51.5422],[3.8798,51.5428],[3.8802,51.5423],[3.8814,51.5425],[3.8812,51.543],[3.8815,51.5425],[3.8867,51.5428],[3.8913,51.5413],[3.8983,51.5411],[3.9005,51.5422],[3.9013,51.5437],[3.9069,51.5436],[3.9104,51.5453],[3.9124,51.5457],[3.92,51.5439],[3.9214,51.5442],[3.9215,51.5449],[3.922,51.5453],[3.9215,51.5441],[3.9234,51.5437],[3.9243,51.544],[3.9234,51.5441],[3.9234,51.5444],[3.9252,51.5441],[3.9253,51.5445],[3.9246,51.5446],[3.9239,51.5452],[3.9245,51.5455],[3.9251,51.5451],[3.9248,51.5447],[3.9278,51.5442],[3.9271,51.5441],[3.928,51.5424],[3.9292,51.5427],[3.9284,51.5422],[3.9297,51.5402],[3.9309,51.5402],[3.9299,51.5398],[3.9303,51.5393],[3.9315,51.5398],[3.9305,51.539],[3.9303,51.5382],[3.9313,51.5382],[3.9265,51.5379],[3.926,51.5374],[3.9282,51.5372],[3.929,51.5365],[3.9318,51.5374],[3.9291,51.5363],[3.9327,51.5323],[3.9334,51.532],[3.9337,51.535],[3.9335,51.5315],[3.9405,51.5255],[3.9487,51.528],[3.9484,51.5284],[3.9492,51.5289],[3.9527,51.5291],[3.9524,51.5305],[3.9528,51.5291],[3.9545,51.5292],[3.9545,51.5307],[3.9548,51.5299],[3.9568,51.5301],[3.957,51.5307],[3.9579,51.5307],[3.9618,51.5301],[3.9631,51.5295],[3.965,51.5299],[3.9664,51.5297],[3.965,51.5298],[3.9631,51.5295],[3.9603,51.5298],[3.9603,51.5293],[3.9646,51.5291],[3.9651,51.5297],[3.9691,51.5291],[3.9671,51.529],[3.9669,51.5287],[3.9688,51.5282],[3.9692,51.5287],[3.9686,51.5289],[3.9694,51.5288],[3.9697,51.528],[3.9702,51.5284],[3.9713,51.5285],[3.9717,51.5284],[3.9703,51.5283],[3.9703,51.5279],[3.9738,51.527],[3.9742,51.5276],[3.9721,51.528],[3.972,51.5282],[3.9721,51.5283],[3.9775,51.5271],[3.979,51.5263],[3.9834,51.5256],[3.9823,51.5258],[3.9821,51.5253],[3.9846,51.5247],[3.9849,51.5251],[3.9892,51.5245],[3.9939,51.5226],[3.9927,51.5228],[3.9937,51.5221],[3.9955,51.5218],[3.9972,51.5221],[3.9994,51.5209],[4.0028,51.5217],[4.002,51.5219],[4.0031,51.5217],[4.0033,51.52],[4.0024,51.5188],[4.0026,51.5158],[4.0036,51.5146],[4.0044,51.5146],[4.0044,51.5164],[4.0029,51.5164],[4.0027,51.5179],[4.0029,51.5183],[4.005,51.5185],[4.0053,51.5159],[4.0059,51.5156],[4.0057,51.5137],[4.0063,51.5137],[4.0061,51.5156],[4.0067,51.5161],[4.0066,51.519],[4.0054,51.5206],[4.0044,51.521],[4.0045,51.5215],[4.0057,51.5214],[4.0063,51.5203],[4.0094,51.5199],[4.013,51.5182],[4.0137,51.5198],[4.0174,51.5189],[4.0205,51.5145],[4.0212,51.5124],[4.0244,51.5119],[4.0261,51.5105],[4.038,51.5057],[4.0419,51.503],[4.0425,51.5033],[4.042,51.503],[4.0429,51.5025],[4.0473,51.5022],[4.048,51.5023],[4.0478,51.5027],[4.0481,51.5023],[4.0516,51.5033],[4.0538,51.5027],[4.0568,51.5003],[4.0578,51.499],[4.0573,51.4985],[4.0573,51.4989],[4.0553,51.4995],[4.0554,51.5008],[4.0535,51.5023],[4.0527,51.502],[4.054,51.4985],[4.0553,51.4985],[4.0578,51.4972],[4.0573,51.4968],[4.0569,51.497],[4.0572,51.4973],[4.056,51.498],[4.0542,51.4983],[4.054,51.4969],[4.0553,51.4962],[4.0566,51.4967],[4.055,51.4958],[4.0536,51.4969],[4.0521,51.4961],[4.0529,51.4961],[4.0537,51.4955],[4.0545,51.4958],[4.0538,51.4953],[4.0528,51.4958],[4.0539,51.4943],[4.0529,51.494],[4.0541,51.4941],[4.0547,51.493],[4.0545,51.4925],[4.0533,51.4924],[4.0546,51.4921],[4.0542,51.4908],[4.0561,51.4904],[4.0583,51.4877],[4.0577,51.4837],[4.0559,51.4826],[4.0563,51.4822],[4.0549,51.4816],[4.057,51.4796],[4.0582,51.4768],[4.0587,51.4769],[4.0583,51.4767],[4.059,51.476],[4.0586,51.4759],[4.0589,51.4753],[4.0625,51.4737],[4.0696,51.4672],[4.0702,51.4674],[4.0697,51.4671],[4.0702,51.4668],[4.0704,51.4671],[4.0704,51.4665],[4.0787,51.4589],[4.0842,51.4583],[4.093,51.4465],[4.1041,51.4442],[4.124,51.4359],[4.1277,51.4364],[4.1298,51.4351],[4.1311,51.4358],[4.1301,51.4366],[4.1289,51.4362],[4.1302,51.4367],[4.1314,51.4358],[4.13,51.4349],[4.1331,51.4314],[4.1338,51.4313],[4.1333,51.4317],[4.1339,51.432],[4.1383,51.4308],[4.1388,51.4313],[4.1394,51.4309],[4.1403,51.4319],[4.1431,51.4322],[4.1501,51.4317],[4.1496,51.4311],[4.1482,51.4308],[4.1458,51.4296],[4.146,51.4296],[4.1498,51.4311],[4.1503,51.4315],[4.1506,51.4327],[4.1534,51.433],[4.1588,51.4358],[4.1661,51.4378],[4.1671,51.4385],[4.1683,51.4386],[4.1692,51.4396],[4.1716,51.4397],[4.1739,51.4415],[4.1767,51.4422],[4.18,51.4422],[4.1797,51.4433],[4.1803,51.4432],[4.1801,51.4435],[4.1815,51.444],[4.1857,51.4433],[4.1862,51.4425],[4.1872,51.4429],[4.1866,51.4421],[4.1868,51.4416],[4.186,51.4415],[4.1869,51.4416],[4.1867,51.4421],[4.1874,51.443],[4.1882,51.4429],[4.1889,51.442],[4.1879,51.4406],[4.1883,51.4407],[4.1884,51.4397],[4.1878,51.439],[4.1885,51.4397],[4.1891,51.442],[4.1883,51.4429],[4.1892,51.4435],[4.1914,51.4417],[4.1929,51.4421],[4.1965,51.4412],[4.1996,51.4418],[4.2015,51.4411],[4.2003,51.4396],[4.1996,51.4396],[4.1988,51.4395],[4.1971,51.4384],[4.1988,51.4395],[4.2003,51.4395],[4.1973,51.4356],[4.1953,51.4353],[4.1947,51.4368],[4.194,51.4367],[4.1946,51.4364],[4.1949,51.4349],[4.1968,51.4353],[4.1964,51.4347],[4.1974,51.4355],[4.2005,51.4392],[4.2009,51.4388],[4.2006,51.4383],[4.201,51.4383],[4.2013,51.4387],[4.2009,51.4395],[4.2017,51.4408],[4.2033,51.4393],[4.2029,51.4392],[4.2028,51.4391],[4.2047,51.4386],[4.2044,51.4385],[4.207,51.4384],[4.2066,51.4383],[4.211,51.4374],[4.2134,51.4388],[4.2148,51.4371],[4.2144,51.4357],[4.2147,51.4358],[4.2146,51.435],[4.2152,51.4343],[4.215,51.4351],[4.2154,51.4371],[4.2175,51.4367],[4.2177,51.4365],[4.2181,51.4364],[4.218,51.4358],[4.2182,51.4365],[4.2173,51.4369],[4.2159,51.4371],[4.2175,51.4375],[4.2192,51.4366],[4.22,51.4371],[4.2208,51.4366],[4.2207,51.4371],[4.2213,51.4369],[4.2231,51.439],[4.2195,51.4567],[4.2199,51.4583],[4.2223,51.4625],[4.2224,51.4639],[4.2174,51.4886],[4.2165,51.4903],[4.2148,51.4915],[4.1773,51.5017],[4.1749,51.5027],[4.1726,51.5051],[4.1719,51.5087],[4.1659,51.5104],[4.163,51.5118],[4.1618,51.5127],[4.1606,51.5147],[4.1612,51.5148],[4.1626,51.5127],[4.1642,51.5117],[4.1695,51.5102],[4.173,51.51],[4.174,51.5101],[4.1708,51.5114],[4.1701,51.5123],[4.1674,51.513],[4.1658,51.513],[4.1681,51.5137],[4.174,51.5121],[4.1757,51.5137],[4.1761,51.5151],[4.1685,51.5191],[4.1637,51.523],[4.1543,51.5233],[4.155,51.523],[4.1546,51.5228],[4.1502,51.5241],[4.1472,51.5222],[4.1468,51.5215],[4.1468,51.522],[4.1443,51.5214],[4.1416,51.5214],[4.1366,51.5244],[4.1352,51.5261],[4.1263,51.5239],[4.1179,51.5237],[4.1084,51.5246],[4.1025,51.5244],[4.1007,51.5256],[4.0986,51.525],[4.0933,51.5249],[4.0923,51.5251],[4.0922,51.5264],[4.0915,51.5267],[4.086,51.5271],[4.0856,51.5251],[4.0858,51.5271],[4.0829,51.5272],[4.0827,51.5252],[4.0827,51.5272],[4.0797,51.5274],[4.0795,51.525],[4.0794,51.5256],[4.0761,51.5264],[4.0774,51.5251],[4.0767,51.5251],[4.0757,51.5264],[4.0713,51.5294],[4.0732,51.531],[4.0731,51.5314],[4.0706,51.5317],[4.0685,51.5327],[4.068,51.5334],[4.0655,51.5335],[4.064,51.5348],[4.0598,51.5411],[4.0599,51.542],[4.0612,51.5432],[4.0605,51.5443],[4.0561,51.5465],[4.0523,51.5472],[4.0508,51.5489],[4.0503,51.551],[4.0492,51.5523],[4.0343,51.5542],[4.0318,51.5554],[4.0279,51.5563],[4.0277,51.5573],[4.0304,51.5609],[4.0302,51.5626],[4.0288,51.5638],[4.029,51.5642],[4.0274,51.5646],[4.0256,51.5661],[4.0244,51.5665],[4.0242,51.5671],[4.0132,51.5703],[4.0054,51.5757],[3.9895,51.5766],[3.9839,51.5809],[3.9837,51.5827],[3.9847,51.5871],[3.9879,51.5909],[3.9873,51.5913],[3.9887,51.5917],[3.9878,51.5923],[3.9889,51.5919],[3.9897,51.5925],[3.9889,51.5932],[3.9886,51.5941],[3.99,51.5926],[3.9947,51.5941],[3.9953,51.5939],[3.9939,51.5932],[3.9991,51.5935],[3.9988,51.5947],[3.9989,51.5947],[3.9994,51.5935],[4.0046,51.5937],[4.0021,51.5945],[4.0032,51.5951],[4.0036,51.5946],[4.0107,51.5916],[4.0115,51.5897],[4.0129,51.5883],[4.0139,51.5882],[4.0109,51.5916],[4.004,51.5948],[4.0085,51.5961],[4.012,51.595],[4.0135,51.5955],[4.0123,51.597],[4.0136,51.5956],[4.0155,51.5963],[4.0149,51.5976],[4.0163,51.5965],[4.0199,51.5978],[4.0175,51.5993],[4.0229,51.5969],[4.0241,51.597],[4.0321,51.6007],[4.0308,51.6021],[4.0323,51.6021],[4.0328,51.602],[4.031,51.602],[4.0322,51.6008],[4.0374,51.603],[4.0387,51.6045],[4.0375,51.6052],[4.039,51.6051],[4.0384,51.605],[4.0397,51.6039],[4.0427,51.6039],[4.044,51.6045],[4.0459,51.6039],[4.0535,51.609],[4.0528,51.6097],[4.0543,51.609],[4.0585,51.61],[4.0602,51.6094],[4.0616,51.6095],[4.0632,51.6112],[4.0627,51.613],[4.0637,51.6116],[4.0747,51.6132],[4.0745,51.6139],[4.0747,51.6132],[4.0783,51.613],[4.083,51.6118],[4.0853,51.6125],[4.0949,51.6114],[4.0953,51.6117],[4.0951,51.6113],[4.1009,51.6104],[4.1039,51.6093],[4.1043,51.6074],[4.1093,51.6044],[4.1045,51.6062],[4.1072,51.6032],[4.1082,51.6026],[4.1101,51.6041],[4.114,51.6026],[4.1146,51.6019],[4.1139,51.6021],[4.1136,51.6018],[4.1147,51.6017],[4.1155,51.5999],[4.1179,51.5985],[4.1227,51.5975],[4.1258,51.5975],[4.1305,51.5986],[4.1323,51.5983],[4.1301,51.5987],[4.1243,51.5978],[4.1205,51.5985],[4.1212,51.5989],[4.1194,51.5985],[4.1165,51.6001],[4.1159,51.6016],[4.1165,51.6016],[4.1167,51.6022],[4.1196,51.6022],[4.1212,51.6014],[4.1207,51.6019],[4.1259,51.6017],[4.1272,51.602],[4.1281,51.6016],[4.1277,51.601],[4.1282,51.6004],[4.1285,51.6003],[4.1299,51.6007],[4.1284,51.6004],[4.1285,51.6022],[4.1342,51.6028],[4.1343,51.6022],[4.1344,51.6026],[4.1346,51.6022],[4.1359,51.6022],[4.1368,51.6008],[4.1366,51.5997],[4.1358,51.5991],[4.137,51.5995],[4.1371,51.5987],[4.1372,51.5985],[4.1373,51.5994],[4.1396,51.5999],[4.1403,51.5991],[4.1417,51.5992],[4.1406,51.5984],[4.141,51.5984],[4.1418,51.5993],[4.1405,51.5991],[4.1401,51.5999],[4.1381,51.6004],[4.1382,51.6],[4.1374,51.5999],[4.1369,51.6015],[4.1374,51.6017],[4.1366,51.603],[4.1388,51.6032],[4.1392,51.6027],[4.1411,51.6035],[4.1455,51.6038],[4.1465,51.6023],[4.1456,51.6001],[4.145,51.5999],[4.1441,51.6005],[4.1437,51.6005],[4.1434,51.6002],[4.1441,51.6004],[4.1446,51.6],[4.1442,51.5999],[4.1442,51.5998],[4.1461,51.5994],[4.1465,51.5997],[4.1453,51.5997],[4.146,51.6002],[4.1469,51.6021],[4.1472,51.6019],[4.1471,51.6035],[4.1479,51.6038],[4.1485,51.6032],[4.1481,51.6024],[4.1488,51.6015],[4.1482,51.6024],[4.1487,51.6029],[4.1483,51.6035],[4.1494,51.6037],[4.151,51.6023],[4.1497,51.6015],[4.1501,51.6007],[4.1496,51.5998],[4.1497,51.5997],[4.1502,51.6006],[4.1501,51.6013],[4.1512,51.6021],[4.1512,51.6031],[4.1535,51.6036],[4.1546,51.6027],[4.1535,51.6025],[4.1529,51.6021],[4.1547,51.6026],[4.1552,51.6021],[4.1539,51.6014],[4.1538,51.601],[4.1523,51.6005],[4.1521,51.6001],[4.1539,51.6009],[4.1555,51.602],[4.1542,51.6034],[4.1551,51.6038],[4.1579,51.6029],[4.1569,51.6017],[4.1577,51.601],[4.158,51.6015],[4.1583,51.6013],[4.1593,51.6042],[4.1609,51.6051],[4.1708,51.6059],[4.1736,51.6055],[4.1744,51.6082],[4.1729,51.6087],[4.1688,51.609],[4.1694,51.6095],[4.1707,51.6095],[4.1707,51.61],[4.1733,51.6114],[4.1744,51.6113],[4.1717,51.6123],[4.1725,51.614],[4.1732,51.6144],[4.1723,51.6125],[4.1743,51.6122],[4.1746,51.6128],[4.1743,51.613],[4.1747,51.613],[4.1752,51.6141],[4.1764,51.6141],[4.1776,51.6161],[4.1766,51.6169],[4.1725,51.6179],[4.1716,51.6175],[4.1714,51.6171],[4.1732,51.6177],[4.1738,51.6173],[4.1697,51.6169],[4.1696,51.6167],[4.1704,51.6165],[4.1705,51.6163],[4.1696,51.6167],[4.1685,51.6153],[4.1689,51.615],[4.1682,51.6153],[4.1642,51.6136],[4.1632,51.6145],[4.1614,51.6151],[4.1595,51.6146],[4.1586,51.613],[4.1571,51.6127],[4.1538,51.6125],[4.1423,51.6134],[4.1365,51.6129],[4.1266,51.613],[4.1258,51.6134],[4.1176,51.6246],[4.1169,51.625],[4.1163,51.6244],[4.117,51.6242],[4.1165,51.6241],[4.1161,51.6247],[4.1163,51.625],[4.1156,51.6251],[4.1159,51.6246],[4.1141,51.6243],[4.1141,51.6248],[4.1138,51.6246],[4.113,51.6251],[4.1136,51.6254],[4.1132,51.6256],[4.1137,51.6255],[4.1132,51.6256],[4.1128,51.6254],[4.1117,51.6257],[4.1106,51.6265],[4.1108,51.627],[4.1112,51.6272],[4.111,51.6265],[4.1119,51.6266],[4.1124,51.6259],[4.1128,51.6261],[4.1126,51.6268],[4.1114,51.6277],[4.1093,51.6273],[4.1105,51.6277],[4.1093,51.6288],[4.1103,51.6281],[4.1112,51.6281],[4.112,51.6272],[4.1113,51.6281],[4.1089,51.6291],[4.1091,51.6295],[4.1087,51.6297],[4.1048,51.6302],[4.1039,51.6297],[4.1026,51.63],[4.102,51.6296],[4.1024,51.63],[4.1013,51.63],[4.1016,51.6303],[4.1009,51.6306],[4.1004,51.6303],[4.1008,51.6306],[4.1002,51.6311],[4.0996,51.6308],[4.0994,51.6311],[4.1002,51.6312],[4.0993,51.6329],[4.0987,51.6329],[4.0993,51.633],[4.0987,51.6333],[4.0992,51.6333],[4.0992,51.634],[4.0987,51.634],[4.0992,51.634],[4.0992,51.6347],[4.0987,51.6347],[4.0991,51.6347],[4.0992,51.6354],[4.0987,51.6354],[4.0991,51.6355],[4.0992,51.6362],[4.0988,51.6362],[4.0991,51.6369],[4.0986,51.6369],[4.0991,51.6373],[4.0986,51.6374],[4.0991,51.6375],[4.0989,51.6378],[4.0984,51.6377],[4.0988,51.6379],[4.0987,51.6394],[4.1003,51.6411],[4.0978,51.6427],[4.0999,51.6421],[4.1006,51.6429],[4.0984,51.6433],[4.0999,51.6433],[4.1053,51.6414],[4.1055,51.6417],[4.1047,51.6421],[4.1055,51.6425],[4.1041,51.6427],[4.1054,51.6436],[4.104,51.6428],[4.1036,51.6432],[4.1066,51.6457],[4.1072,51.6454],[4.1071,51.6444],[4.1074,51.6442],[4.1075,51.6442],[4.1073,51.6453],[4.1068,51.6458],[4.1073,51.6464],[4.1125,51.6487],[4.1118,51.6491],[4.1125,51.649],[4.1141,51.6509],[4.1203,51.6536],[4.1325,51.6529],[4.1333,51.6524],[4.1362,51.6526],[4.1405,51.6511],[4.1432,51.6511],[4.1462,51.6506],[4.1464,51.6501],[4.1486,51.6501],[4.149,51.6499],[4.1484,51.6494],[4.1485,51.6491],[4.1492,51.6497],[4.15,51.6497],[4.1526,51.6488],[4.1517,51.6485],[4.1533,51.6486],[4.1587,51.6465],[4.1586,51.6459],[4.159,51.645],[4.1588,51.6463],[4.1594,51.6463],[4.1686,51.6436],[4.1682,51.6422],[4.1674,51.6418],[4.1656,51.6424],[4.1653,51.6434],[4.1626,51.6436],[4.1617,51.6431],[4.1611,51.6435],[4.1619,51.6429],[4.1614,51.6428],[4.1613,51.6426],[4.1624,51.6421],[4.1628,51.6422],[4.1632,51.6413],[4.1629,51.6422],[4.1615,51.6427],[4.162,51.6428],[4.1625,51.6434],[4.1652,51.6432],[4.1652,51.6426],[4.1643,51.6424],[4.1644,51.6422],[4.1652,51.6425],[4.1668,51.6416],[4.1652,51.6409],[4.1652,51.6406],[4.1654,51.6404],[4.1663,51.6403],[4.1653,51.6408],[4.1676,51.6414],[4.169,51.6409],[4.1691,51.6403],[4.1694,51.6402],[4.1696,51.64],[4.1697,51.6399],[4.1691,51.641],[4.168,51.6416],[4.1692,51.6419],[4.1689,51.6424],[4.1695,51.6425],[4.1701,51.6429],[4.1693,51.6427],[4.1696,51.6431],[4.1719,51.6429],[4.1753,51.6412],[4.1753,51.6407],[4.1741,51.6402],[4.174,51.64],[4.1752,51.6405],[4.1763,51.639],[4.1764,51.6395],[4.1754,51.6404],[4.1756,51.6413],[4.1804,51.6397],[4.1806,51.638],[4.1809,51.6369],[4.1813,51.6367],[4.183,51.6364],[4.185,51.6361],[4.1857,51.6361],[4.1813,51.6368],[4.1809,51.6381],[4.1812,51.6389],[4.1845,51.638],[4.1863,51.637],[4.1867,51.6373],[4.1865,51.6376],[4.1873,51.6376],[4.1872,51.637],[4.1877,51.6368],[4.1874,51.6366],[4.1893,51.6361],[4.1888,51.6353],[4.188,51.6354],[4.1876,51.6352],[4.1889,51.6352],[4.1897,51.6357],[4.189,51.6343],[4.1898,51.6346],[4.1904,51.6341],[4.1918,51.6339],[4.1896,51.6348],[4.1905,51.6358],[4.1929,51.6347],[4.1931,51.639]],[[3.6402,51.5883],[3.6299,51.5853],[3.6276,51.5837],[3.6283,51.5806],[3.6275,51.5777],[3.6287,51.5761],[3.628,51.5755],[3.628,51.5747],[3.629,51.5731],[3.6303,51.5725],[3.6299,51.5724],[3.63,51.5719],[3.6393,51.5659],[3.6395,51.5656],[3.639,51.5645],[3.6413,51.5627],[3.6403,51.5625],[3.6393,51.5634],[3.6386,51.5633],[3.6388,51.5629],[3.6402,51.5624],[3.642,51.5625],[3.6431,51.5615],[3.6439,51.5616],[3.6504,51.5589],[3.6542,51.5589],[3.6531,51.5584],[3.65,51.5589],[3.6448,51.5604],[3.644,51.5597],[3.6484,51.5578],[3.6503,51.5576],[3.6507,51.5581],[3.6536,51.5573],[3.6537,51.5577],[3.6539,51.5572],[3.6567,51.5565],[3.6598,51.5537],[3.6637,51.5514],[3.6656,51.5509],[3.6633,51.5518],[3.6653,51.5512],[3.6658,51.5507],[3.6694,51.5504],[3.6636,51.5484],[3.6698,51.5502],[3.6716,51.548],[3.6678,51.545],[3.6668,51.5422],[3.6683,51.5423],[3.669,51.5446],[3.6723,51.5471],[3.6727,51.5471],[3.6731,51.5463],[3.6737,51.5466],[3.6732,51.5462],[3.6741,51.5452],[3.6755,51.545],[3.6745,51.5449],[3.6745,51.5445],[3.6765,51.542],[3.6799,51.5356],[3.6807,51.5352],[3.68,51.5349],[3.6826,51.5299],[3.6851,51.5265],[3.6868,51.5248],[3.6872,51.525],[3.6869,51.5246],[3.6877,51.5238],[3.6883,51.5237],[3.6871,51.5233],[3.6862,51.5239],[3.6867,51.5232],[3.6853,51.5234],[3.6854,51.5229],[3.6883,51.5232],[3.6977,51.5157],[3.7037,51.5158],[3.7049,51.5163],[3.7054,51.5171],[3.7059,51.5167],[3.7096,51.5172],[3.7087,51.5165],[3.7097,51.5162],[3.7099,51.5173],[3.7131,51.5183],[3.7194,51.5221],[3.7206,51.5223],[3.726,51.5199],[3.724,51.5209],[3.7264,51.5214],[3.7239,51.523],[3.7261,51.5238],[3.7291,51.5236],[3.7281,51.5242],[3.7286,51.5254],[3.7279,51.5255],[3.7271,51.5243],[3.7252,51.5252],[3.7254,51.5272],[3.7246,51.5267],[3.7245,51.5261],[3.7245,51.5267],[3.7247,51.5269],[3.726,51.5276],[3.7258,51.5288],[3.7264,51.5299],[3.7311,51.5343],[3.7317,51.5355],[3.7326,51.5354],[3.7334,51.5356],[3.7343,51.5355],[3.7365,51.5339],[3.7373,51.5338],[3.7365,51.5339],[3.7365,51.5343],[3.7343,51.5355],[3.7335,51.5356],[3.7317,51.5355],[3.732,51.5375],[3.7328,51.5389],[3.7345,51.5402],[3.737,51.5397],[3.7353,51.5404],[3.7439,51.5441],[3.7463,51.5447],[3.7494,51.5442],[3.7475,51.5409],[3.7462,51.5401],[3.7475,51.5406],[3.7479,51.5397],[3.748,51.5404],[3.7486,51.5399],[3.7482,51.5408],[3.7489,51.5418],[3.7492,51.5418],[3.7492,51.5413],[3.7496,51.5411],[3.7492,51.542],[3.7503,51.5432],[3.7552,51.5422],[3.755,51.5427],[3.7603,51.5427],[3.7496,51.5436],[3.7506,51.5463],[3.7511,51.5467],[3.7524,51.5473],[3.7536,51.5476],[3.7537,51.5474],[3.7525,51.5473],[3.7516,51.5469],[3.7547,51.5475],[3.7606,51.5458],[3.7634,51.5455],[3.763,51.544],[3.7634,51.5436],[3.7632,51.5445],[3.7637,51.5455],[3.768,51.546],[3.7691,51.5456],[3.7686,51.5457],[3.7684,51.5451],[3.7702,51.5439],[3.7673,51.5428],[3.7604,51.5429],[3.7605,51.5427],[3.781,51.5428],[3.7885,51.5415],[3.7895,51.5422],[3.7898,51.5415],[3.7926,51.5411],[3.7985,51.5422],[3.8011,51.5422],[3.8029,51.543],[3.8055,51.5454],[3.8126,51.5472],[3.8126,51.5477],[3.8129,51.5473],[3.8144,51.547],[3.8141,51.5481],[3.8152,51.5466],[3.8156,51.5468],[3.8149,51.5478],[3.8157,51.5479],[3.8172,51.5462],[3.8164,51.5481],[3.8166,51.5489],[3.817,51.5481],[3.8178,51.5482],[3.8179,51.5477],[3.8202,51.5479],[3.8203,51.5463],[3.8208,51.5462],[3.8211,51.5467],[3.8208,51.5467],[3.8207,51.5473],[3.8212,51.5469],[3.8215,51.5475],[3.8212,51.5482],[3.8206,51.5482],[3.8207,51.5494],[3.8225,51.5484],[3.8296,51.5484],[3.8345,51.5477],[3.8369,51.547],[3.8392,51.5456],[3.844,51.5446],[3.8454,51.5437],[3.8459,51.5413],[3.8487,51.5397],[3.86,51.5384],[3.866,51.5398],[3.8646,51.543],[3.8616,51.5431],[3.8623,51.5437],[3.8619,51.5441],[3.8597,51.5438],[3.8588,51.5444],[3.8559,51.5441],[3.8537,51.5444],[3.8505,51.5462],[3.8466,51.5493],[3.8447,51.5496],[3.8445,51.5515],[3.8356,51.5562],[3.8252,51.5557],[3.8239,51.555],[3.8201,51.5543],[3.8195,51.5548],[3.8196,51.5543],[3.815,51.5535],[3.8134,51.5526],[3.8136,51.5519],[3.8131,51.5514],[3.8106,51.5544],[3.8091,51.554],[3.8113,51.5512],[3.8113,51.5508],[3.8102,51.5506],[3.809,51.5517],[3.8095,51.5519],[3.8085,51.5521],[3.8091,51.5524],[3.8079,51.5526],[3.8088,51.5529],[3.8075,51.5529],[3.8072,51.5546],[3.8051,51.555],[3.8051,51.5544],[3.8101,51.5498],[3.8084,51.5497],[3.8059,51.548],[3.8035,51.5478],[3.7983,51.5491],[3.7892,51.5504],[3.7875,51.5504],[3.7871,51.5499],[3.7757,51.5538],[3.7757,51.5543],[3.7619,51.555],[3.7623,51.5544],[3.7601,51.5551],[3.7364,51.5468],[3.7328,51.5441],[3.7314,51.5434],[3.731,51.5437],[3.731,51.5434],[3.7313,51.5434],[3.7316,51.5435],[3.7313,51.5429],[3.7291,51.5422],[3.7284,51.5416],[3.7288,51.5412],[3.7282,51.5414],[3.7251,51.5403],[3.7147,51.5354],[3.7118,51.5334],[3.7102,51.5308],[3.7062,51.5267],[3.7045,51.526],[3.7019,51.5263],[3.7005,51.5279],[3.7008,51.5263],[3.7007,51.5259],[3.7002,51.5246],[3.6997,51.5239],[3.7007,51.526],[3.7003,51.5281],[3.7005,51.5285],[3.699,51.5312],[3.6982,51.5346],[3.7005,51.5382],[3.7003,51.539],[3.701,51.539],[3.7004,51.5393],[3.7011,51.5406],[3.7019,51.5407],[3.7048,51.5389],[3.7053,51.5384],[3.7049,51.5371],[3.7069,51.5354],[3.7072,51.5357],[3.7057,51.539],[3.7017,51.5418],[3.6989,51.5464],[3.6996,51.5466],[3.6988,51.5466],[3.6994,51.5472],[3.7013,51.5477],[3.6989,51.5473],[3.6927,51.5535],[3.6885,51.5561],[3.6918,51.5577],[3.7007,51.5665],[3.7002,51.5666],[3.6975,51.565],[3.6965,51.5634],[3.6957,51.5635],[3.6958,51.5626],[3.6927,51.5593],[3.6917,51.5593],[3.6925,51.5591],[3.6921,51.5586],[3.6912,51.5589],[3.6888,51.5578],[3.6895,51.5571],[3.6872,51.5568],[3.6839,51.5576],[3.6793,51.5601],[3.6781,51.5599],[3.6767,51.5618],[3.6733,51.564],[3.6712,51.5645],[3.6712,51.565],[3.6605,51.5683],[3.6562,51.5689],[3.6527,51.5705],[3.6512,51.5721],[3.6485,51.5781],[3.6443,51.5828],[3.6432,51.5852],[3.6441,51.5868],[3.6465,51.5872],[3.6457,51.589],[3.6402,51.5883]],[[3.7994,51.6054],[3.8078,51.6048],[3.8087,51.605],[3.8075,51.6055],[3.8097,51.605],[3.8129,51.6054],[3.8186,51.6028],[3.8211,51.6025],[3.8348,51.6057],[3.8351,51.6051],[3.8389,51.605],[3.8389,51.6059],[3.8413,51.6035],[3.8467,51.6036],[3.8488,51.6043],[3.8507,51.6039],[3.8415,51.6028],[3.8423,51.6019],[3.8463,51.6025],[3.8505,51.6024],[3.851,51.6037],[3.8515,51.6035],[3.8513,51.6023],[3.8519,51.6018],[3.8619,51.6002],[3.8687,51.5957],[3.9142,51.6293],[3.8975,51.632],[3.8977,51.6319],[3.8972,51.6317],[3.8969,51.6304],[3.8971,51.6296],[3.8976,51.6293],[3.8973,51.6293],[3.896,51.6297],[3.8967,51.6297],[3.897,51.6323],[3.8964,51.6328],[3.8953,51.6331],[3.8926,51.6319],[3.9189,51.6464],[3.9246,51.6466],[3.9336,51.6484],[3.9328,51.6488],[3.9306,51.6481],[3.9265,51.6476],[3.924,51.6487],[3.9237,51.6484],[3.9261,51.6475],[3.925,51.6471],[3.9188,51.6469],[3.9113,51.6429],[3.9111,51.6424],[3.91,51.6422],[3.8993,51.6364],[3.8975,51.6365],[3.8956,51.6354],[3.8953,51.6345],[3.8936,51.6335],[3.8904,51.6328],[3.8899,51.6313],[3.8895,51.6317],[3.89,51.6339],[3.8907,51.6432],[3.885,51.6495],[3.8861,51.6487],[3.8873,51.6496],[3.885,51.6563],[3.8808,51.6574],[3.8808,51.657],[3.8791,51.6596],[3.8757,51.6632],[3.8769,51.6673],[3.8669,51.6737],[3.8655,51.674],[3.8579,51.678],[3.8576,51.6776],[3.8571,51.6776],[3.8578,51.678],[3.8574,51.6782],[3.8567,51.6779],[3.8572,51.6774],[3.8565,51.6778],[3.8561,51.6772],[3.8562,51.6778],[3.8558,51.6772],[3.8561,51.6778],[3.8557,51.6779],[3.8489,51.6762],[3.8488,51.6766],[3.8466,51.6767],[3.8411,51.679],[3.8303,51.6822],[3.8208,51.6844],[3.818,51.6843],[3.8119,51.6871],[3.8123,51.6873],[3.8181,51.6847],[3.8235,51.6842],[3.825,51.6868],[3.8224,51.6876],[3.8252,51.6871],[3.8255,51.6875],[3.8246,51.691],[3.8212,51.6937],[3.8169,51.6963],[3.8118,51.6976],[3.8023,51.6967],[3.8002,51.6958],[3.7988,51.6968],[3.7947,51.6963],[3.7896,51.6935],[3.7883,51.6906],[3.7863,51.6889],[3.7882,51.6883],[3.793,51.6897],[3.8039,51.6911],[3.806,51.69],[3.8039,51.6907],[3.7933,51.6894],[3.782,51.6859],[3.7704,51.6808],[3.7593,51.6771],[3.7588,51.6761],[3.7583,51.6762],[3.7586,51.6768],[3.7543,51.6754],[3.7551,51.6742],[3.7584,51.6757],[3.7572,51.6737],[3.7572,51.6745],[3.755,51.6738],[3.7553,51.6732],[3.7534,51.6735],[3.7517,51.6728],[3.7521,51.6725],[3.7515,51.6728],[3.7497,51.6724],[3.7459,51.6735],[3.7355,51.6715],[3.739,51.6702],[3.7344,51.6713],[3.7248,51.6685],[3.7251,51.6661],[3.7236,51.6658],[3.7236,51.6637],[3.7227,51.6633],[3.7232,51.656],[3.7249,51.6553],[3.7292,51.655],[3.7282,51.6543],[3.7272,51.6518],[3.7277,51.6516],[3.7269,51.651],[3.7274,51.6504],[3.7304,51.6506],[3.7322,51.6513],[3.7327,51.6525],[3.7313,51.6541],[3.7319,51.6544],[3.7317,51.6539],[3.7327,51.6526],[3.7326,51.6517],[3.732,51.651],[3.7307,51.6506],[3.7274,51.6503],[3.7221,51.6503],[3.721,51.6492],[3.7199,51.6491],[3.7144,51.6423],[3.7168,51.6408],[3.7148,51.6412],[3.7133,51.6391],[3.7145,51.6383],[3.7161,51.6383],[3.7176,51.6391],[3.718,51.6401],[3.7174,51.6404],[3.7183,51.6407],[3.7184,51.6397],[3.7191,51.6392],[3.7166,51.6369],[3.7145,51.6369],[3.7138,51.6364],[3.7147,51.6357],[3.7139,51.6348],[3.7184,51.6328],[3.7204,51.6345],[3.721,51.6342],[3.7193,51.6325],[3.7185,51.6323],[3.7126,51.6346],[3.7112,51.6341],[3.7096,51.6324],[3.7147,51.63],[3.7169,51.6314],[3.7177,51.6311],[3.7171,51.6305],[3.7245,51.6275],[3.727,51.6298],[3.7229,51.6318],[3.7234,51.6322],[3.7278,51.6303],[3.7307,51.6329],[3.7222,51.6368],[3.723,51.6375],[3.7313,51.6336],[3.7319,51.6329],[3.7317,51.6324],[3.7257,51.6271],[3.7223,51.6249],[3.7178,51.6267],[3.7185,51.628],[3.7175,51.6286],[3.7158,51.6281],[3.7086,51.6312],[3.7042,51.6287],[3.7042,51.6281],[3.7071,51.6245],[3.7066,51.6236],[3.7037,51.6219],[3.703,51.6224],[3.7053,51.6239],[3.7044,51.6254],[3.7005,51.6277],[3.6975,51.6288],[3.6944,51.6259],[3.6947,51.6257],[3.6939,51.6252],[3.6925,51.6251],[3.6901,51.623],[3.6965,51.6194],[3.6989,51.6196],[3.7002,51.6204],[3.701,51.6199],[3.6992,51.6189],[3.6972,51.6186],[3.6948,51.6191],[3.6929,51.6203],[3.6907,51.6187],[3.6917,51.6201],[3.6915,51.6208],[3.6873,51.6217],[3.6861,51.6189],[3.6848,51.6186],[3.6861,51.6181],[3.6862,51.6167],[3.694,51.6165],[3.6916,51.616],[3.6862,51.6162],[3.6854,51.6151],[3.6843,51.6148],[3.6824,51.601],[3.6839,51.6001],[3.6862,51.6004],[3.6834,51.5996],[3.6846,51.5978],[3.688,51.5984],[3.6879,51.5997],[3.6885,51.6006],[3.6885,51.6001],[3.6897,51.5998],[3.6895,51.5981],[3.6919,51.5976],[3.6992,51.5994],[3.6997,51.6005],[3.6995,51.5986],[3.7095,51.5945],[3.7196,51.5956],[3.7188,51.5952],[3.7189,51.5948],[3.7187,51.5952],[3.7133,51.5943],[3.7146,51.592],[3.717,51.5914],[3.7205,51.5919],[3.72,51.5937],[3.7191,51.5944],[3.7201,51.5938],[3.7205,51.593],[3.7218,51.5931],[3.7215,51.5929],[3.7219,51.5925],[3.7243,51.5921],[3.7301,51.5927],[3.736,51.5946],[3.7369,51.5954],[3.7369,51.595],[3.7417,51.5944],[3.7454,51.5962],[3.745,51.5971],[3.7466,51.5969],[3.7483,51.5976],[3.7488,51.5969],[3.7519,51.597],[3.7517,51.5989],[3.7514,51.5991],[3.7518,51.5996],[3.7529,51.5996],[3.7521,51.5992],[3.7521,51.597],[3.7594,51.5971],[3.7615,51.599],[3.7613,51.5996],[3.7753,51.5972],[3.7761,51.5976],[3.7789,51.6012],[3.7804,51.6019],[3.7891,51.602],[3.7914,51.6023],[3.7913,51.603],[3.7915,51.6023],[3.7936,51.6025],[3.795,51.6028],[3.7966,51.6042],[3.797,51.604],[3.7963,51.6027],[3.799,51.6026],[3.7976,51.603],[3.7983,51.6037],[3.7991,51.6033],[3.8008,51.6031],[3.8027,51.6045],[3.8024,51.605],[3.8014,51.6049],[3.8026,51.6045],[3.8005,51.6032],[3.7983,51.6041],[3.7974,51.6039],[3.7993,51.6049],[3.7994,51.6054]],[[3.865,51.5441],[3.8625,51.5437],[3.8651,51.544],[3.865,51.5441]],[[3.6839,51.6185],[3.6846,51.6186],[3.684,51.6187],[3.6839,51.6185]],[[4.1615,51.661],[4.1577,51.6609],[4.1577,51.6606],[4.1615,51.6604],[4.1615,51.661]],[[4.1618,51.661],[4.1616,51.6607],[4.1617,51.6604],[4.1619,51.6604],[4.1619,51.661],[4.1618,51.661]],[[4.1618,51.6617],[4.1575,51.6616],[4.1576,51.6612],[4.1619,51.6613],[4.1618,51.6617]],[[4.1618,51.6627],[4.1575,51.6623],[4.1576,51.6619],[4.1618,51.6621],[4.1618,51.6627]],[[4.1616,51.6647],[4.1603,51.6648],[4.1603,51.6647],[4.1616,51.6647]],[[4.1603,51.6651],[4.1615,51.6653],[4.1603,51.6653],[4.1603,51.6651]],[[4.0957,51.6663],[4.0941,51.6674],[4.0939,51.6673],[4.0957,51.6663]],[[4.0864,51.3666],[4.0797,51.3676],[4.079,51.3645],[4.0858,51.3641],[4.0864,51.3666]],[[3.9613,51.3891],[3.9605,51.386],[3.9585,51.3832],[3.9634,51.3815],[3.968,51.3848],[3.9679,51.3858],[3.9655,51.3893],[3.9613,51.3891]],[[3.9652,51.3909],[3.9626,51.391],[3.9655,51.391],[3.9653,51.3937],[3.9624,51.3936],[3.9613,51.3892],[3.9655,51.3894],[3.9652,51.3909]],[[4.245,51.7861],[4.2435,51.7853],[4.2403,51.7852],[4.2358,51.7861],[4.2301,51.7881],[4.2285,51.7892],[4.2284,51.7904],[4.2261,51.7912],[4.2251,51.7928],[4.2215,51.7945],[4.222,51.7951],[4.2215,51.7954],[4.2214,51.7966],[4.2183,51.797],[4.2193,51.7987],[4.2171,51.7967],[4.2155,51.7981],[4.2146,51.7984],[4.2145,51.7993],[4.2139,51.7997],[4.2107,51.8004],[4.2112,51.8011],[4.2113,51.802],[4.2109,51.801],[4.2094,51.8004],[4.207,51.8009],[4.2062,51.8016],[4.2037,51.8017],[4.2027,51.8032],[4.201,51.8034],[4.2026,51.8057],[4.1997,51.8032],[4.196,51.8036],[4.1945,51.8043],[4.1959,51.8056],[4.1936,51.8041],[4.194,51.8037],[4.1939,51.8037],[4.1932,51.8042],[4.186,51.8045],[4.1849,51.8037],[4.1838,51.8036],[4.185,51.8042],[4.1821,51.8048],[4.1814,51.8046],[4.182,51.8049],[4.1793,51.8074],[4.1743,51.8105],[4.1665,51.8175],[4.1628,51.8194],[4.1599,51.82],[4.1597,51.8208],[4.1589,51.821],[4.1588,51.8217],[4.1573,51.8223],[4.1552,51.8225],[4.1474,51.8215],[4.1437,51.8227],[4.1412,51.8228],[4.1397,51.8225],[4.1383,51.8211],[4.1387,51.82],[4.1391,51.82],[4.1365,51.8195],[4.1363,51.8196],[4.1362,51.8199],[4.1364,51.8196],[4.1386,51.82],[4.1369,51.8202],[4.1372,51.8206],[4.1371,51.8208],[4.1378,51.8205],[4.1381,51.8205],[4.1382,51.8206],[4.1371,51.8209],[4.1369,51.8208],[4.1367,51.8203],[4.1312,51.8196],[4.129,51.8199],[4.1285,51.8192],[4.1287,51.823],[4.1303,51.8286],[4.1293,51.8284],[4.1283,51.8296],[4.129,51.8283],[4.128,51.8264],[4.1286,51.8245],[4.1277,51.8193],[4.1269,51.8199],[4.1275,51.8199],[4.1274,51.8205],[4.1254,51.8207],[4.1259,51.8201],[4.1244,51.8206],[4.1255,51.8209],[4.1242,51.8217],[4.1227,51.8216],[4.1225,51.821],[4.1233,51.8207],[4.1212,51.8204],[4.1222,51.8219],[4.1212,51.8223],[4.1221,51.8224],[4.1236,51.8257],[4.1219,51.826],[4.1222,51.8268],[4.1197,51.8265],[4.1176,51.8218],[4.1195,51.821],[4.1193,51.8206],[4.117,51.8218],[4.1167,51.8227],[4.1176,51.8249],[4.1152,51.8269],[4.1128,51.8275],[4.1065,51.8276],[4.1021,51.8285],[4.0981,51.8287],[4.103,51.8276],[4.1033,51.8273],[4.1028,51.827],[4.1005,51.8274],[4.0972,51.8288],[4.096,51.8285],[4.0943,51.829],[4.0937,51.8287],[4.0932,51.8288],[4.0942,51.829],[4.0937,51.8298],[4.0836,51.8354],[4.083,51.8364],[4.0791,51.8394],[4.0738,51.8426],[4.0717,51.8425],[4.0585,51.8378],[4.0554,51.8359],[4.0547,51.8363],[4.0449,51.829],[4.0457,51.8287],[4.0446,51.824],[4.0467,51.8217],[4.0404,51.8233],[4.0403,51.8224],[4.0387,51.8212],[4.0435,51.8185],[4.0426,51.8177],[4.0438,51.8171],[4.049,51.8209],[4.0487,51.8217],[4.0493,51.821],[4.049,51.8206],[4.0498,51.8202],[4.0537,51.8196],[4.0542,51.821],[4.0501,51.8216],[4.0495,51.822],[4.0549,51.821],[4.0543,51.8207],[4.0546,51.8198],[4.058,51.8188],[4.0649,51.8164],[4.0556,51.8195],[4.0546,51.8195],[4.0563,51.8185],[4.0544,51.8191],[4.0544,51.8186],[4.0565,51.8177],[4.0635,51.8134],[4.0748,51.8098],[4.0777,51.8098],[4.0775,51.8091],[4.078,51.8087],[4.0872,51.8059],[4.0895,51.8053],[4.0904,51.8056],[4.1158,51.7957],[4.1197,51.7952],[4.1209,51.7955],[4.1211,51.795],[4.1218,51.795],[4.119,51.7939],[4.1192,51.7935],[4.1224,51.7947],[4.1215,51.7939],[4.129,51.7918],[4.1255,51.7886],[4.1268,51.7894],[4.1276,51.7885],[4.1309,51.7883],[4.1307,51.7876],[4.1315,51.788],[4.1335,51.7868],[4.1358,51.7867],[4.136,51.7874],[4.1352,51.7877],[4.1317,51.7881],[4.1335,51.7903],[4.1327,51.7906],[4.1331,51.7907],[4.1396,51.789],[4.1387,51.788],[4.138,51.7882],[4.1389,51.7882],[4.1383,51.7887],[4.1375,51.7882],[4.138,51.7892],[4.1363,51.7873],[4.136,51.7867],[4.1377,51.7865],[4.1371,51.7863],[4.1376,51.7858],[4.1385,51.786],[4.1381,51.7863],[4.14,51.7861],[4.14,51.7853],[4.1411,51.7858],[4.1409,51.7862],[4.1417,51.7864],[4.1414,51.7868],[4.1426,51.7876],[4.1437,51.7876],[4.1416,51.7883],[4.1434,51.788],[4.1566,51.7831],[4.1613,51.7804],[4.164,51.7798],[4.1631,51.7782],[4.1643,51.7795],[4.166,51.7785],[4.1703,51.7783],[4.171,51.7773],[4.1708,51.7777],[4.1719,51.7779],[4.1813,51.7755],[4.1872,51.775],[4.1876,51.7755],[4.1886,51.7752],[4.1875,51.7754],[4.1879,51.7748],[4.1896,51.7746],[4.1889,51.7751],[4.1899,51.7744],[4.1862,51.7744],[4.1865,51.7739],[4.1868,51.7743],[4.1902,51.7742],[4.1935,51.7762],[4.1952,51.7768],[4.1903,51.7739],[4.1917,51.7739],[4.1901,51.773],[4.191,51.7726],[4.1923,51.7733],[4.1937,51.7753],[4.1957,51.7763],[4.1938,51.7752],[4.1934,51.7744],[4.1932,51.773],[4.194,51.773],[4.1935,51.7726],[4.1938,51.7717],[4.1947,51.7713],[4.1952,51.7717],[4.1948,51.7711],[4.1964,51.7699],[4.2076,51.7633],[4.2078,51.7628],[4.2165,51.7573],[4.2174,51.7574],[4.2171,51.7569],[4.2177,51.7572],[4.2191,51.7566],[4.2199,51.7561],[4.2196,51.7558],[4.2212,51.7555],[4.2308,51.7502],[4.2374,51.7477],[4.2393,51.7475],[4.2389,51.7472],[4.2408,51.7457],[4.2414,51.7459],[4.2409,51.7457],[4.2415,51.745],[4.2426,51.7452],[4.2465,51.7429],[4.2445,51.7439],[4.2432,51.7428],[4.2452,51.7417],[4.2472,51.7425],[4.2449,51.7407],[4.2432,51.7404],[4.244,51.7401],[4.2441,51.7396],[4.2475,51.7424],[4.2467,51.7416],[4.2469,51.7409],[4.26,51.7305],[4.2602,51.7298],[4.2598,51.7293],[4.2606,51.73],[4.2622,51.7286],[4.2625,51.7275],[4.2666,51.7257],[4.2669,51.726],[4.2664,51.7269],[4.2649,51.7277],[4.2665,51.7269],[4.267,51.7259],[4.2665,51.7251],[4.266,51.7246],[4.2643,51.7246],[4.2661,51.7245],[4.2663,51.7247],[4.2665,51.7244],[4.2674,51.724],[4.2664,51.7247],[4.2666,51.7251],[4.2674,51.7255],[4.2687,51.7254],[4.2675,51.7255],[4.2728,51.7229],[4.2736,51.722],[4.2754,51.7221],[4.2775,51.7211],[4.2795,51.7208],[4.2801,51.7213],[4.2787,51.7215],[4.2815,51.7211],[4.2815,51.7209],[4.2827,51.7218],[4.28,51.7192],[4.2802,51.718],[4.2814,51.7181],[4.2807,51.7184],[4.281,51.7195],[4.2834,51.7214],[4.2826,51.7204],[4.2864,51.7189],[4.2915,51.7177],[4.2944,51.718],[4.2942,51.7177],[4.2989,51.7167],[4.3093,51.7113],[4.3099,51.7105],[4.3159,51.7078],[4.319,51.7055],[4.3226,51.7048],[4.3249,51.7036],[4.3278,51.7031],[4.3272,51.7035],[4.3295,51.7026],[4.3412,51.7029],[4.3481,51.7022],[4.3552,51.7022],[4.3656,51.7031],[4.367,51.7047],[4.3659,51.7029],[4.3796,51.7022],[4.3866,51.7025],[4.3892,51.704],[4.3891,51.7044],[4.3902,51.7046],[4.3901,51.704],[4.3915,51.7047],[4.3917,51.7056],[4.3888,51.7067],[4.3929,51.7054],[4.3925,51.7058],[4.3939,51.7065],[4.3958,51.7094],[4.3944,51.7102],[4.3946,51.7107],[4.3937,51.7105],[4.3951,51.711],[4.3974,51.7107],[4.4035,51.7203],[4.4005,51.7213],[4.3999,51.7217],[4.3996,51.7222],[4.3998,51.7225],[4.4001,51.7217],[4.4023,51.7212],[4.4035,51.7218],[4.4042,51.7234],[4.4007,51.7249],[4.3983,51.7252],[4.397,51.7262],[4.3931,51.7275],[4.3937,51.7282],[4.3927,51.7276],[4.3854,51.7304],[4.3844,51.7303],[4.3846,51.731],[4.3836,51.7318],[4.373,51.7346],[4.3733,51.7349],[4.3728,51.735],[4.3728,51.7346],[4.3712,51.7351],[4.3701,51.7361],[4.3646,51.7376],[4.3669,51.7373],[4.3653,51.7379],[4.3656,51.7381],[4.3634,51.7371],[4.3638,51.7376],[4.3634,51.738],[4.3565,51.741],[4.3556,51.7409],[4.352,51.7423],[4.3521,51.7426],[4.3516,51.7424],[4.3447,51.7448],[4.3383,51.746],[4.3386,51.7469],[4.338,51.7461],[4.3269,51.7494],[4.3173,51.7517],[4.3178,51.7544],[4.3174,51.7544],[4.3167,51.7518],[4.3166,51.7522],[4.3145,51.7527],[4.2902,51.7575],[4.2959,51.7566],[4.2964,51.7574],[4.2901,51.7586],[4.2898,51.7575],[4.2844,51.7587],[4.2844,51.7598],[4.284,51.7589],[4.2833,51.7585],[4.269,51.7609],[4.2684,51.7614],[4.2691,51.762],[4.2717,51.7609],[4.2692,51.7622],[4.2671,51.7608],[4.2652,51.7618],[4.2651,51.7613],[4.2649,51.7611],[4.265,51.7618],[4.2631,51.7622],[4.2643,51.7624],[4.2638,51.7626],[4.2632,51.7626],[4.2627,51.7617],[4.2628,51.7624],[4.2622,51.7627],[4.2606,51.7629],[4.2609,51.7625],[4.2605,51.7623],[4.2601,51.7627],[4.2605,51.7626],[4.2606,51.7632],[4.2589,51.7637],[4.2586,51.7634],[4.2601,51.7627],[4.2586,51.7633],[4.2582,51.7626],[4.2585,51.7641],[4.2556,51.7644],[4.2485,51.7662],[4.2492,51.7671],[4.2599,51.7703],[4.259,51.7716],[4.2596,51.7704],[4.2548,51.7691],[4.2537,51.7702],[4.2543,51.771],[4.254,51.7713],[4.2535,51.7704],[4.2544,51.769],[4.2506,51.7676],[4.246,51.7676],[4.2388,51.7724],[4.2356,51.7762],[4.2348,51.7763],[4.2334,51.7779],[4.2309,51.7792],[4.2304,51.7805],[4.2323,51.7813],[4.2319,51.7821],[4.2302,51.7825],[4.2283,51.7821],[4.2278,51.7808],[4.2289,51.7799],[4.2276,51.7809],[4.2277,51.7817],[4.2287,51.7824],[4.2304,51.7826],[4.2315,51.7824],[4.2324,51.7817],[4.2322,51.7801],[4.2332,51.7786],[4.2335,51.7784],[4.2338,51.7785],[4.2338,51.7788],[4.2334,51.7786],[4.2324,51.7802],[4.2329,51.7811],[4.2364,51.78],[4.2389,51.7802],[4.2397,51.7788],[4.24,51.777],[4.2409,51.7762],[4.2397,51.7749],[4.2407,51.7754],[4.242,51.7722],[4.243,51.7719],[4.2441,51.7725],[4.2453,51.7723],[4.247,51.7726],[4.2472,51.7721],[4.2477,51.7717],[4.2472,51.7721],[4.2474,51.7727],[4.244,51.7727],[4.2426,51.7721],[4.2412,51.7748],[4.2429,51.7748],[4.2411,51.7751],[4.2418,51.7765],[4.2439,51.7774],[4.2442,51.7762],[4.2457,51.7758],[4.246,51.7764],[4.2473,51.7764],[4.2482,51.7755],[4.2485,51.7755],[4.2488,51.7757],[4.2483,51.7756],[4.2476,51.7764],[4.2461,51.7766],[4.2458,51.7773],[4.2502,51.7777],[4.2466,51.7778],[4.2456,51.7774],[4.2455,51.7761],[4.2445,51.7764],[4.2444,51.7774],[4.2435,51.7776],[4.2433,51.778],[4.2433,51.7775],[4.2411,51.7768],[4.2404,51.7792],[4.2412,51.7799],[4.2407,51.7804],[4.2411,51.781],[4.243,51.7813],[4.2448,51.7796],[4.2433,51.7814],[4.2475,51.784],[4.2496,51.7843],[4.2508,51.784],[4.2497,51.7829],[4.2515,51.7812],[4.2498,51.7829],[4.2511,51.7841],[4.2497,51.7845],[4.2484,51.7845],[4.245,51.7861]],[[4.3978,51.7106],[4.4007,51.7095],[4.4014,51.7091],[4.4015,51.7086],[4.4013,51.7083],[4.4009,51.7092],[4.3993,51.7091],[4.3975,51.7077],[4.3974,51.7063],[4.3985,51.7045],[4.3971,51.7044],[4.3971,51.704],[4.3976,51.7043],[4.3971,51.7037],[4.3972,51.7023],[4.3994,51.702],[4.4019,51.6991],[4.4053,51.6986],[4.401,51.6965],[4.4024,51.6949],[4.4009,51.694],[4.4034,51.6947],[4.4051,51.6959],[4.4067,51.697],[4.4071,51.6986],[4.4076,51.6986],[4.4069,51.6968],[4.4023,51.6931],[4.4034,51.6928],[4.403,51.6926],[4.4037,51.6925],[4.4037,51.6921],[4.4133,51.6952],[4.4228,51.7002],[4.4252,51.7007],[4.4295,51.7008],[4.4235,51.6998],[4.4112,51.6932],[4.4104,51.6925],[4.4107,51.6923],[4.4064,51.6899],[4.4109,51.6921],[4.4114,51.6917],[4.4071,51.6894],[4.4117,51.6916],[4.4121,51.6912],[4.4081,51.6888],[4.4254,51.6969],[4.4272,51.6972],[4.4314,51.6966],[4.4367,51.6976],[4.4374,51.6973],[4.435,51.6972],[4.4351,51.6968],[4.4367,51.6961],[4.4393,51.6966],[4.4387,51.697],[4.4437,51.6961],[4.4412,51.6954],[4.4402,51.6945],[4.4418,51.6938],[4.4408,51.6948],[4.4416,51.6953],[4.4411,51.6948],[4.4429,51.6946],[4.4421,51.694],[4.4421,51.6931],[4.4423,51.6925],[4.4431,51.6921],[4.4411,51.6912],[4.4421,51.6911],[4.4424,51.6906],[4.4419,51.6904],[4.4427,51.6905],[4.4426,51.6913],[4.4442,51.6919],[4.4429,51.6911],[4.4432,51.6904],[4.4422,51.69],[4.4433,51.6902],[4.4432,51.691],[4.4447,51.6919],[4.4426,51.693],[4.4437,51.6933],[4.4439,51.6947],[4.4423,51.6954],[4.4437,51.6957],[4.4436,51.6953],[4.4461,51.6945],[4.4514,51.6918],[4.4544,51.6912],[4.4574,51.6903],[4.455,51.6909],[4.4594,51.6891],[4.4597,51.6895],[4.4599,51.6895],[4.4595,51.6898],[4.4621,51.6888],[4.46,51.6894],[4.4597,51.6893],[4.4623,51.6884],[4.4636,51.6887],[4.4622,51.6889],[4.4638,51.6887],[4.4637,51.6878],[4.4641,51.6882],[4.4692,51.6867],[4.4797,51.6854],[4.4801,51.6852],[4.4791,51.6831],[4.4804,51.6852],[4.4808,51.6854],[4.4812,51.6854],[4.4823,51.6849],[4.4831,51.6848],[4.4821,51.6849],[4.481,51.6854],[4.4806,51.6852],[4.4835,51.6842],[4.4871,51.6839],[4.4899,51.683],[4.4923,51.6832],[4.4899,51.6836],[4.4922,51.6833],[4.4925,51.6829],[4.4924,51.6809],[4.492,51.6794],[4.4923,51.6791],[4.4931,51.6836],[4.4944,51.6844],[4.4968,51.6843],[4.4963,51.6841],[4.4961,51.6836],[4.4947,51.6837],[4.4962,51.6835],[4.4964,51.6827],[4.4966,51.6841],[4.4996,51.6837],[4.4986,51.6831],[4.4995,51.6824],[4.4997,51.6836],[4.5034,51.6835],[4.5012,51.6829],[4.5021,51.6827],[4.5022,51.6822],[4.5032,51.6833],[4.5064,51.6834],[4.5059,51.6832],[4.5059,51.6828],[4.5069,51.683],[4.5062,51.6832],[4.5201,51.6837],[4.5246,51.6845],[4.5262,51.6855],[4.5256,51.6872],[4.5271,51.6834],[4.526,51.6808],[4.526,51.6803],[4.5264,51.6803],[4.5264,51.681],[4.5272,51.6809],[4.5277,51.6829],[4.5271,51.685],[4.528,51.6845],[4.53,51.6847],[4.5284,51.6851],[4.5299,51.6851],[4.5302,51.6861],[4.5271,51.6863],[4.5269,51.6854],[4.5266,51.6863],[4.5264,51.6871],[4.5266,51.6865],[4.5325,51.6862],[4.5327,51.6853],[4.5347,51.6846],[4.5349,51.6851],[4.5376,51.6852],[4.5377,51.6872],[4.5493,51.6886],[4.5499,51.6879],[4.55,51.6887],[4.5575,51.6902],[4.5587,51.6902],[4.5591,51.6894],[4.5595,51.6894],[4.5591,51.6903],[4.5662,51.6918],[4.5741,51.6923],[4.5865,51.6945],[4.5875,51.6942],[4.5908,51.6947],[4.5914,51.6953],[4.6012,51.6968],[4.6063,51.6994],[4.6074,51.6993],[4.6137,51.7029],[4.6151,51.7029],[4.6154,51.7033],[4.615,51.7036],[4.6188,51.7054],[4.6184,51.7059],[4.6229,51.7039],[4.6233,51.7043],[4.6224,51.7051],[4.6192,51.7063],[4.6265,51.7089],[4.6258,51.7099],[4.6269,51.7091],[4.6307,51.7102],[4.6301,51.711],[4.6307,51.7104],[4.6328,51.7108],[4.6345,51.7113],[4.6341,51.712],[4.6346,51.7114],[4.6384,51.7123],[4.6383,51.7131],[4.6389,51.7132],[4.6339,51.7214],[4.6284,51.7205],[4.6283,51.7201],[4.6277,51.7236],[4.6288,51.7255],[4.6284,51.7256],[4.6279,51.7255],[4.6265,51.7225],[4.6264,51.7208],[4.6274,51.7205],[4.6278,51.72],[4.6264,51.72],[4.626,51.7206],[4.6185,51.7235],[4.6182,51.7232],[4.6188,51.7231],[4.6059,51.7171],[4.5957,51.7152],[4.5944,51.7143],[4.5887,51.7123],[4.5899,51.7109],[4.5883,51.7125],[4.5901,51.7135],[4.5894,51.7146],[4.5906,51.7164],[4.5904,51.7168],[4.5891,51.7147],[4.5883,51.715],[4.5867,51.7138],[4.5871,51.7134],[4.5867,51.7132],[4.5876,51.7125],[4.5871,51.7122],[4.5839,51.7126],[4.5812,51.7121],[4.584,51.7124],[4.5868,51.7121],[4.5877,51.7124],[4.5887,51.7115],[4.5879,51.7121],[4.5844,51.7111],[4.5804,51.7121],[4.5769,51.7107],[4.5715,51.7102],[4.5718,51.7094],[4.569,51.7079],[4.5667,51.707],[4.5634,51.7066],[4.5584,51.7045],[4.5568,51.7045],[4.5574,51.7047],[4.5567,51.7049],[4.5549,51.7041],[4.5513,51.7044],[4.5382,51.7021],[4.5383,51.7016],[4.5381,51.7021],[4.5342,51.7019],[4.5314,51.701],[4.5313,51.7005],[4.5305,51.7006],[4.5303,51.7012],[4.5289,51.701],[4.5288,51.7029],[4.5284,51.7015],[4.5248,51.7019],[4.524,51.7013],[4.5214,51.7026],[4.5173,51.7033],[4.5161,51.703],[4.5147,51.7039],[4.5122,51.7043],[4.5087,51.7066],[4.5063,51.707],[4.5032,51.7066],[4.4979,51.7085],[4.4954,51.7081],[4.4939,51.7088],[4.4942,51.7102],[4.4921,51.7069],[4.4924,51.7075],[4.4913,51.7082],[4.4886,51.7086],[4.4906,51.7085],[4.4913,51.7082],[4.4925,51.7075],[4.4931,51.7088],[4.4908,51.7104],[4.4863,51.7115],[4.4751,51.713],[4.4753,51.712],[4.4745,51.7153],[4.4749,51.712],[4.4746,51.7133],[4.4688,51.715],[4.4672,51.7151],[4.4672,51.7162],[4.4667,51.7162],[4.4659,51.7148],[4.4602,51.7153],[4.4593,51.7178],[4.4593,51.7152],[4.4605,51.7145],[4.458,51.7157],[4.454,51.7157],[4.4524,51.7153],[4.4536,51.7151],[4.4524,51.7152],[4.4519,51.7159],[4.4529,51.7159],[4.452,51.716],[4.4513,51.718],[4.4497,51.7175],[4.4484,51.7178],[4.4469,51.7172],[4.4465,51.7177],[4.444,51.7175],[4.4453,51.7156],[4.4448,51.7154],[4.443,51.7156],[4.4423,51.7167],[4.4394,51.7156],[4.4364,51.7161],[4.4364,51.7147],[4.4363,51.7164],[4.4353,51.7169],[4.4231,51.7191],[4.4192,51.7194],[4.4172,51.7177],[4.4196,51.7208],[4.419,51.721],[4.4184,51.7209],[4.4159,51.7176],[4.4167,51.7189],[4.4163,51.7193],[4.4123,51.7209],[4.4096,51.7213],[4.4091,51.7206],[4.4093,51.7211],[4.4074,51.7222],[4.4061,51.722],[4.4047,51.7204],[4.4038,51.7203],[4.3978,51.7106]],[[4.6393,51.7134],[4.6399,51.7134],[4.6404,51.7128],[4.6435,51.7137],[4.6436,51.7132],[4.6443,51.713],[4.6474,51.7129],[4.6468,51.7138],[4.6464,51.7135],[4.647,51.7141],[4.6409,51.7234],[4.6344,51.7215],[4.6393,51.7134]],[[4.6472,51.7141],[4.6474,51.7146],[4.6416,51.7234],[4.641,51.7234],[4.6472,51.7141]],[[4.3539,51.6966],[4.3541,51.6965],[4.3547,51.6967],[4.3539,51.6966]],[[4.0402,51.8233],[4.0386,51.8243],[4.0384,51.8242],[4.0402,51.8233]],[[4.7793,52.9545],[4.788,52.9492],[4.7868,52.9464],[4.7888,52.9485],[4.7898,52.9486],[4.7883,52.9469],[4.7888,52.9465],[4.7908,52.9485],[4.7906,52.9496],[4.7877,52.9513],[4.7881,52.9515],[4.7876,52.9514],[4.781,52.9552],[4.7793,52.9545]],[[4.933,51.409],[4.9319,51.408],[4.9273,51.4082],[4.9304,51.4075],[4.9325,51.4062],[4.9285,51.4051],[4.9364,51.4053],[4.9358,51.4093],[4.933,51.409]],[[4.8658,51.4143],[4.8663,51.4132],[4.8678,51.4133],[4.867,51.4144],[4.8658,51.4143]],[[4.8736,51.4155],[4.8753,51.4161],[4.8748,51.4165],[4.8734,51.4159],[4.8736,51.4155]],[[4.8409,51.4175],[4.8414,51.4179],[4.8405,51.4181],[4.8405,51.4188],[4.8387,51.4182],[4.8409,51.4175]],[[4.8916,51.4248],[4.8912,51.4245],[4.8901,51.4253],[4.8886,51.4247],[4.8904,51.4239],[4.8894,51.4235],[4.8914,51.4232],[4.8923,51.4241],[4.8916,51.4248]],[[4.9363,51.4386],[4.9347,51.4385],[4.9346,51.4392],[4.9364,51.4392],[4.9364,51.4397],[4.9349,51.4396],[4.9349,51.4409],[4.9337,51.4409],[4.9343,51.4421],[4.9381,51.4419],[4.9378,51.4433],[4.9385,51.4434],[4.9389,51.4418],[4.9395,51.4418],[4.939,51.4436],[4.9386,51.4435],[4.9381,51.4447],[4.9355,51.4443],[4.9352,51.4449],[4.9362,51.4453],[4.9355,51.4463],[4.9333,51.4442],[4.9337,51.4432],[4.9309,51.4429],[4.9287,51.4416],[4.9297,51.4401],[4.9283,51.4386],[4.9269,51.4398],[4.9274,51.44],[4.9265,51.4413],[4.9261,51.4412],[4.9263,51.4417],[4.9269,51.4417],[4.9258,51.4428],[4.9281,51.4436],[4.9255,51.4445],[4.9237,51.4439],[4.9231,51.4449],[4.9243,51.4449],[4.9221,51.4457],[4.924,51.4463],[4.923,51.4474],[4.9205,51.446],[4.9194,51.4469],[4.9183,51.4458],[4.9199,51.4452],[4.9203,51.4458],[4.9212,51.4453],[4.9215,51.4449],[4.9209,51.4448],[4.9213,51.4435],[4.9224,51.4427],[4.9192,51.4407],[4.9212,51.4404],[4.9202,51.4395],[4.9213,51.4391],[4.9198,51.4381],[4.9212,51.4369],[4.9206,51.4363],[4.9196,51.4365],[4.9181,51.4353],[4.9171,51.4359],[4.915,51.4354],[4.9172,51.4346],[4.9181,51.4352],[4.9224,51.4341],[4.9226,51.4336],[4.9252,51.4334],[4.9249,51.4339],[4.926,51.4339],[4.9261,51.4334],[4.9269,51.4336],[4.9266,51.4329],[4.9288,51.4305],[4.9294,51.4309],[4.9306,51.43],[4.9309,51.4305],[4.9336,51.431],[4.9337,51.4306],[4.9344,51.4306],[4.9362,51.4295],[4.9397,51.4307],[4.9392,51.4314],[4.9401,51.4316],[4.9398,51.4323],[4.9394,51.4322],[4.9399,51.4341],[4.9362,51.4342],[4.9382,51.436],[4.94,51.4361],[4.9394,51.4371],[4.9404,51.438],[4.9399,51.4394],[4.9388,51.4393],[4.939,51.438],[4.9364,51.4378],[4.9363,51.4386]],[[4.9402,51.4355],[4.9409,51.4353],[4.941,51.4346],[4.9428,51.4351],[4.9422,51.4365],[4.94,51.4361],[4.9402,51.4355]],[[4.9182,51.4434],[4.9189,51.444],[4.9181,51.444],[4.9182,51.4434]],[[4.9242,51.4464],[4.9257,51.4449],[4.9269,51.4454],[4.9255,51.4467],[4.9242,51.4464]],[[4.9282,51.4489],[4.9273,51.4486],[4.9284,51.4478],[4.9291,51.4481],[4.9282,51.4489]],[[4.8366,51.4484],[4.8362,51.4488],[4.8357,51.4485],[4.8362,51.448],[4.8366,51.4484]],[[4.9304,51.4487],[4.9318,51.4493],[4.9307,51.4504],[4.9295,51.4496],[4.9304,51.4487]],[[4.9414,51.438],[4.9422,51.4381],[4.9418,51.439],[4.9431,51.4402],[4.9421,51.44],[4.9423,51.4395],[4.9408,51.4393],[4.9414,51.438]],[[4.9414,51.44],[4.9399,51.4395],[4.9415,51.4397],[4.9414,51.44]],[[4.9392,51.4436],[4.9397,51.4418],[4.9403,51.4418],[4.9399,51.4438],[4.9392,51.4436]],[[4.9458,51.4442],[4.9439,51.4438],[4.9481,51.444],[4.9481,51.4437],[4.9499,51.4437],[4.9489,51.4447],[4.9496,51.4448],[4.9496,51.4453],[4.9477,51.4457],[4.9477,51.4452],[4.9459,51.4452],[4.9458,51.4442]],[[4.941,51.4453],[4.9412,51.4449],[4.9423,51.4451],[4.9421,51.4455],[4.941,51.4453]],[[4.9319,51.4467],[4.9341,51.4474],[4.9333,51.4483],[4.9315,51.4476],[4.9319,51.4467]],[[4.9506,51.4516],[4.9476,51.4506],[4.9474,51.4511],[4.9431,51.4504],[4.943,51.4508],[4.941,51.4508],[4.9411,51.4505],[4.9379,51.4504],[4.9372,51.4499],[4.9331,51.4495],[4.9347,51.4475],[4.9368,51.4475],[4.9362,51.4469],[4.9367,51.4468],[4.9389,51.4471],[4.9391,51.4463],[4.9395,51.4465],[4.9404,51.4452],[4.9397,51.4466],[4.9405,51.4468],[4.9407,51.4464],[4.9415,51.4464],[4.9414,51.4471],[4.9435,51.4475],[4.9435,51.4487],[4.946,51.4491],[4.9464,51.4483],[4.9448,51.4478],[4.948,51.4473],[4.9483,51.449],[4.9524,51.4502],[4.9513,51.451],[4.9528,51.4516],[4.9516,51.4525],[4.9515,51.4537],[4.9494,51.4535],[4.9506,51.4516]],[[4.9427,51.4531],[4.9428,51.4527],[4.9449,51.453],[4.9448,51.4535],[4.9427,51.4531]],[[4.949,51.4538],[4.9492,51.4543],[4.9498,51.4543],[4.9496,51.4551],[4.9488,51.455],[4.949,51.4538]],[[4.9421,51.4552],[4.9407,51.4556],[4.9406,51.4553],[4.9421,51.4552]],[[5.0097,52.3441],[5.0133,52.3438],[5.0148,52.3445],[5.0153,52.3433],[5.0158,52.3432],[5.0162,52.3437],[5.016,52.3453],[5.0165,52.3457],[5.0148,52.3478],[5.0142,52.3476],[5.0146,52.3471],[5.0091,52.345],[5.0036,52.3478],[4.9988,52.3508],[4.999,52.3512],[4.9987,52.351],[4.9903,52.3555],[4.9894,52.3552],[4.9867,52.3566],[4.9865,52.358],[4.9874,52.3582],[4.99,52.3572],[4.9855,52.3601],[4.9848,52.3604],[4.9804,52.3586],[4.9784,52.3608],[4.9771,52.3603],[4.9762,52.3611],[4.9754,52.3608],[4.9745,52.362],[4.9777,52.3643],[4.9756,52.3654],[4.9743,52.3658],[4.9716,52.3649],[4.969,52.3609],[4.9738,52.3607],[4.9742,52.3603],[4.9741,52.358],[4.9753,52.3572],[4.9833,52.3581],[4.9857,52.3577],[4.9859,52.3568],[4.9848,52.3559],[4.9852,52.3551],[4.9917,52.3524],[4.9943,52.3501],[4.9958,52.3498],[4.997,52.3488],[4.9984,52.3463],[5.0013,52.3445],[5.0058,52.3436],[5.0097,52.3441]],[[4.9623,52.3681],[4.9618,52.3672],[4.9609,52.3666],[4.9599,52.3662],[4.9583,52.3659],[4.9583,52.3658],[4.9611,52.366],[4.9615,52.3652],[4.9622,52.365],[4.9623,52.3642],[4.9609,52.3638],[4.9593,52.3651],[4.96,52.3641],[4.9683,52.361],[4.9702,52.3646],[4.9687,52.3668],[4.9699,52.3682],[4.9691,52.3686],[4.9624,52.3686],[4.9623,52.3681]],[[4.9623,52.3686],[4.958,52.3684],[4.9578,52.3677],[4.9582,52.3669],[4.9597,52.3669],[4.9596,52.3665],[4.9582,52.3661],[4.9599,52.3663],[4.9614,52.3671],[4.9623,52.3686]],[[4.973,52.3798],[4.9684,52.3795],[4.9648,52.3768],[4.9736,52.3722],[4.9739,52.3765],[4.973,52.3798]],[[4.9612,52.3816],[4.9616,52.3813],[4.959,52.3811],[4.9587,52.3806],[4.9617,52.3796],[4.9587,52.3802],[4.9616,52.3794],[4.9614,52.3791],[4.9599,52.3795],[4.9647,52.3769],[4.9683,52.3796],[4.9633,52.3836],[4.9612,52.3816]],[[5.1569,52.7372],[5.155,52.7373],[5.1538,52.7375],[5.1548,52.7372],[5.1558,52.7371],[5.1569,52.7372]],[[5.1502,52.7385],[5.1504,52.7382],[5.1505,52.7381],[5.1502,52.7385]],[[5.1231,52.7558],[5.1234,52.7562],[5.1228,52.7567],[5.1215,52.7567],[5.1222,52.7559],[5.1231,52.7558]],[[5.1179,52.7602],[5.1188,52.7599],[5.1185,52.7603],[5.1179,52.7602]],[[5.103,52.7692],[5.1039,52.7699],[5.1087,52.7697],[5.1079,52.7704],[5.1033,52.771],[5.103,52.7692]],[[5.0345,52.9219],[5.0354,52.9222],[5.0343,52.922],[5.0345,52.9219]],[[5.0373,52.9227],[5.0359,52.9223],[5.0366,52.9218],[5.0373,52.9227]],[[5.0413,52.9342],[5.0416,52.934],[5.0423,52.9343],[5.042,52.9346],[5.0413,52.9342]],[[5.6526,52.6155],[5.6496,52.6145],[5.6419,52.6103],[5.6421,52.6099],[5.6402,52.6088],[5.64,52.6078],[5.6508,52.5993],[5.6552,52.5972],[5.7557,52.5819],[5.7568,52.5813],[5.7566,52.5804],[5.7572,52.5795],[5.7577,52.5796],[5.7586,52.5816],[5.7618,52.5827],[5.7587,52.5813],[5.7579,52.5795],[5.758,52.5789],[5.7588,52.5797],[5.7599,52.5796],[5.7609,52.5816],[5.764,52.5812],[5.7614,52.5811],[5.7609,52.5796],[5.7612,52.5793],[5.7636,52.5793],[5.7638,52.5808],[5.7639,52.5793],[5.7998,52.5798],[5.805,52.5796],[5.809,52.5789],[5.8136,52.577],[5.8513,52.5517],[5.8532,52.5492],[5.8553,52.5439],[5.855,52.5431],[5.856,52.5341],[5.8555,52.5339],[5.8561,52.5339],[5.8563,52.5314],[5.8559,52.5301],[5.8565,52.5289],[5.8568,52.5242],[5.856,52.5226],[5.8565,52.5229],[5.8571,52.5222],[5.8573,52.5201],[5.8569,52.5198],[5.857,52.5182],[5.8558,52.5175],[5.8547,52.5134],[5.8531,52.5103],[5.8528,52.5088],[5.8535,52.5063],[5.8528,52.5057],[5.8498,52.499],[5.8496,52.4971],[5.8501,52.496],[5.8387,52.4832],[5.836,52.4809],[5.8195,52.4615],[5.8161,52.4589],[5.8166,52.4582],[5.8164,52.4577],[5.8175,52.4573],[5.8186,52.458],[5.8201,52.4577],[5.828,52.4524],[5.828,52.4516],[5.8286,52.4518],[5.8305,52.4507],[5.8297,52.4499],[5.8305,52.4499],[5.831,52.4514],[5.8296,52.4517],[5.825,52.455],[5.8254,52.4552],[5.8251,52.4558],[5.8225,52.4566],[5.8202,52.4581],[5.8197,52.4589],[5.82,52.4599],[5.8281,52.4694],[5.8287,52.4683],[5.8255,52.4654],[5.8262,52.4651],[5.8267,52.4647],[5.8262,52.4641],[5.8266,52.4647],[5.8251,52.4653],[5.823,52.4626],[5.8238,52.4615],[5.8231,52.4593],[5.8265,52.4592],[5.8273,52.4587],[5.827,52.4582],[5.8273,52.4576],[5.8314,52.4592],[5.832,52.4607],[5.8364,52.4666],[5.8395,52.4659],[5.8408,52.467],[5.8421,52.4696],[5.8418,52.4706],[5.8423,52.4705],[5.8419,52.4707],[5.8432,52.4721],[5.8441,52.4743],[5.8476,52.4748],[5.8442,52.4744],[5.8455,52.4767],[5.8474,52.4786],[5.8473,52.4796],[5.8504,52.4861],[5.8512,52.4895],[5.8509,52.4905],[5.8525,52.4911],[5.8503,52.4906],[5.8513,52.4918],[5.8521,52.4947],[5.8527,52.4957],[5.854,52.4962],[5.854,52.4966],[5.8554,52.4972],[5.8558,52.498],[5.8585,52.4998],[5.8585,52.5016],[5.8606,52.5048],[5.8605,52.5062],[5.8615,52.5074],[5.8611,52.5082],[5.8627,52.5099],[5.8622,52.5106],[5.8636,52.5127],[5.864,52.5155],[5.866,52.5168],[5.8663,52.5176],[5.8672,52.5178],[5.8684,52.5184],[5.8664,52.5178],[5.8667,52.5181],[5.8658,52.5187],[5.8659,52.52],[5.8643,52.5206],[5.86,52.5193],[5.8588,52.5194],[5.8587,52.5198],[5.8602,52.5199],[5.864,52.5213],[5.8627,52.5217],[5.8638,52.5234],[5.8625,52.5247],[5.8631,52.5258],[5.8623,52.5272],[5.8642,52.5275],[5.8622,52.5276],[5.8615,52.5285],[5.8623,52.5288],[5.8621,52.53],[5.8625,52.5306],[5.862,52.5317],[5.8623,52.5316],[5.8625,52.5321],[5.8617,52.5326],[5.8618,52.5332],[5.8607,52.5342],[5.8609,52.5351],[5.86,52.536],[5.862,52.5373],[5.8609,52.5371],[5.8593,52.5376],[5.8606,52.5374],[5.8626,52.5381],[5.8607,52.5385],[5.8604,52.5379],[5.8593,52.54],[5.8598,52.5403],[5.8594,52.5408],[5.8593,52.5423],[5.8579,52.5428],[5.8581,52.5435],[5.857,52.5437],[5.8566,52.5447],[5.8555,52.5446],[5.8557,52.5441],[5.8565,52.544],[5.8564,52.5436],[5.8555,52.5438],[5.8552,52.5451],[5.8558,52.5462],[5.856,52.5451],[5.8566,52.5453],[5.8564,52.5462],[5.858,52.5455],[5.8586,52.5456],[5.8573,52.5461],[5.8586,52.5471],[5.8582,52.5475],[5.8574,52.5474],[5.8567,52.551],[5.8561,52.5513],[5.8571,52.5528],[5.8553,52.5512],[5.8546,52.5515],[5.8546,52.5524],[5.8528,52.5527],[5.8527,52.5531],[5.8531,52.5531],[5.8531,52.5535],[5.8527,52.5537],[5.8527,52.5556],[5.852,52.5558],[5.851,52.5576],[5.8477,52.5583],[5.8486,52.5589],[5.8484,52.5594],[5.8475,52.5593],[5.8468,52.5602],[5.8438,52.5617],[5.8435,52.5623],[5.842,52.5625],[5.8421,52.5635],[5.8406,52.5652],[5.8411,52.5672],[5.8401,52.5676],[5.8399,52.5697],[5.8365,52.5731],[5.8358,52.5733],[5.835,52.5746],[5.8353,52.5748],[5.8326,52.5763],[5.8321,52.5769],[5.8301,52.577],[5.8297,52.5773],[5.83,52.5775],[5.8279,52.5781],[5.828,52.5784],[5.8278,52.5782],[5.8255,52.5797],[5.8228,52.5796],[5.819,52.5801],[5.8143,52.5821],[5.8145,52.5825],[5.8136,52.5826],[5.8073,52.5828],[5.8059,52.5823],[5.8015,52.5829],[5.7851,52.583],[5.7851,52.5827],[5.7824,52.5827],[5.7823,52.583],[5.7778,52.5831],[5.7827,52.5831],[5.7825,52.5828],[5.7849,52.5827],[5.7848,52.5831],[5.802,52.583],[5.8298,52.5824],[5.8395,52.5816],[5.8399,52.5827],[5.8298,52.5838],[5.7781,52.584],[5.7789,52.584],[5.7791,52.5846],[5.7791,52.5859],[5.778,52.5881],[5.7794,52.5883],[5.7805,52.5871],[5.7809,52.5853],[5.7839,52.5845],[5.7916,52.584],[5.8018,52.5842],[5.8042,52.5846],[5.8059,52.5842],[5.8072,52.5843],[5.8076,52.5848],[5.8099,52.5847],[5.8108,52.586],[5.8151,52.5884],[5.8202,52.589],[5.8198,52.5879],[5.816,52.5876],[5.8141,52.5869],[5.8138,52.5864],[5.8141,52.5852],[5.8171,52.5845],[5.8193,52.5853],[5.8196,52.5861],[5.8206,52.5866],[5.8221,52.5867],[5.8236,52.5862],[5.8255,52.5871],[5.8279,52.5873],[5.8289,52.5868],[5.8291,52.5858],[5.8301,52.5868],[5.8332,52.5859],[5.8315,52.5851],[5.8317,52.5847],[5.8338,52.5857],[5.8399,52.5828],[5.8416,52.5838],[5.8351,52.5873],[5.8351,52.5879],[5.8336,52.5891],[5.8345,52.5896],[5.8345,52.5901],[5.8333,52.5904],[5.8321,52.5901],[5.8319,52.591],[5.8313,52.5913],[5.8328,52.5911],[5.8329,52.5917],[5.8323,52.5926],[5.8335,52.594],[5.8351,52.5947],[5.8349,52.5954],[5.8357,52.5961],[5.8353,52.5972],[5.8321,52.5978],[5.8323,52.5995],[5.8319,52.6002],[5.8329,52.6012],[5.8329,52.6021],[5.8348,52.6021],[5.8342,52.6028],[5.8359,52.6037],[5.8354,52.6047],[5.8362,52.605],[5.8364,52.6062],[5.838,52.6063],[5.8392,52.6057],[5.838,52.6071],[5.8412,52.6071],[5.8408,52.6076],[5.8417,52.6073],[5.8417,52.6069],[5.8418,52.6074],[5.8401,52.6078],[5.8398,52.609],[5.8408,52.6106],[5.8415,52.6103],[5.8426,52.6107],[5.8414,52.6129],[5.84,52.6127],[5.8402,52.6119],[5.8396,52.6126],[5.8348,52.6116],[5.8317,52.6114],[5.7584,52.6116],[5.7552,52.6105],[5.7544,52.6097],[5.7551,52.6106],[5.7583,52.6117],[5.8321,52.6115],[5.8414,52.613],[5.8408,52.6141],[5.8318,52.6125],[5.7503,52.6128],[5.7457,52.6123],[5.7458,52.6112],[5.75,52.6111],[5.7504,52.6095],[5.7515,52.6086],[5.755,52.6082],[5.7525,52.6083],[5.751,52.6087],[5.7502,52.6094],[5.7497,52.6108],[5.7435,52.6109],[5.7447,52.6113],[5.7441,52.6121],[5.7428,52.6125],[5.7416,52.6121],[5.7422,52.6114],[5.74,52.6128],[5.6633,52.613],[5.6583,52.6137],[5.6545,52.6148],[5.6551,52.6147],[5.6536,52.6155],[5.6526,52.6155]],[[5.316,52.3041],[5.3135,52.3029],[5.3172,52.3005],[5.3139,52.3011],[5.3111,52.2999],[5.3097,52.3],[5.3129,52.3013],[5.3142,52.3022],[5.3153,52.3016],[5.3142,52.3023],[5.2958,52.2951],[5.3016,52.2972],[5.304,52.2975],[5.3039,52.2979],[5.307,52.299],[5.3063,52.2982],[5.3041,52.2975],[5.3039,52.2967],[5.3034,52.2967],[5.3037,52.2959],[5.3029,52.2951],[5.2997,52.295],[5.2974,52.2933],[5.2969,52.2923],[5.2973,52.2916],[5.2961,52.2914],[5.2955,52.2896],[5.2965,52.2892],[5.2958,52.2886],[5.2964,52.2869],[5.3014,52.2823],[5.3025,52.2807],[5.3031,52.2806],[5.3052,52.2783],[5.3047,52.2782],[5.3056,52.278],[5.3052,52.2776],[5.3063,52.2777],[5.3079,52.2765],[5.3088,52.2765],[5.3099,52.2756],[5.3098,52.2749],[5.312,52.2739],[5.3114,52.2734],[5.3109,52.2736],[5.3114,52.2732],[5.3126,52.2739],[5.3128,52.2733],[5.3121,52.273],[5.3123,52.2725],[5.3123,52.2731],[5.3131,52.2733],[5.3129,52.274],[5.3138,52.2736],[5.3136,52.2739],[5.3155,52.2741],[5.3183,52.2736],[5.3208,52.2723],[5.3235,52.2725],[5.3244,52.2733],[5.3264,52.2736],[5.3298,52.2735],[5.3311,52.2742],[5.3305,52.2737],[5.3319,52.2735],[5.3323,52.274],[5.3322,52.2736],[5.3334,52.2727],[5.3395,52.2701],[5.3409,52.2707],[5.3484,52.2688],[5.3558,52.2693],[5.3569,52.2698],[5.3594,52.2687],[5.3579,52.2671],[5.3596,52.2683],[5.3611,52.268],[5.3633,52.2685],[5.3667,52.267],[5.3695,52.2646],[5.3702,52.2635],[5.3714,52.2633],[5.3701,52.2632],[5.3701,52.2628],[5.3705,52.262],[5.3721,52.2609],[5.3733,52.2613],[5.3714,52.2627],[5.3737,52.262],[5.3746,52.2601],[5.3775,52.2589],[5.3817,52.258],[5.3821,52.2593],[5.3826,52.2591],[5.3842,52.2569],[5.3862,52.2557],[5.3852,52.2553],[5.3858,52.2553],[5.3857,52.255],[5.3869,52.2555],[5.3884,52.2542],[5.3863,52.2538],[5.3886,52.2541],[5.389,52.2527],[5.4008,52.2475],[5.4073,52.2464],[5.4115,52.2464],[5.415,52.2458],[5.4193,52.2471],[5.4249,52.2495],[5.4314,52.2505],[5.435,52.2523],[5.4521,52.2538],[5.4541,52.2535],[5.4587,52.2547],[5.4582,52.2551],[5.4589,52.2546],[5.46,52.2553],[5.4625,52.2555],[5.4631,52.2562],[5.4628,52.2565],[5.4635,52.2567],[5.4635,52.2578],[5.464,52.258],[5.4636,52.2582],[5.4641,52.2582],[5.464,52.2589],[5.4634,52.259],[5.4642,52.2593],[5.4652,52.2556],[5.4648,52.2556],[5.4648,52.2552],[5.4658,52.2553],[5.466,52.2559],[5.4666,52.2559],[5.4661,52.258],[5.4655,52.2579],[5.4652,52.2593],[5.4664,52.2594],[5.4653,52.2593],[5.4666,52.2583],[5.4714,52.2593],[5.4709,52.2597],[5.4683,52.2594],[5.4708,52.2601],[5.47,52.2614],[5.473,52.2621],[5.4744,52.2619],[5.4722,52.2612],[5.4737,52.2576],[5.4748,52.2571],[5.4801,52.2582],[5.4886,52.2627],[5.5004,52.2646],[5.5062,52.2648],[5.5125,52.2641],[5.5274,52.2637],[5.5281,52.2638],[5.5281,52.2644],[5.5238,52.2656],[5.5231,52.2661],[5.5236,52.266],[5.5239,52.2667],[5.5235,52.2669],[5.5083,52.265],[5.5003,52.2649],[5.4963,52.2641],[5.4946,52.2642],[5.4927,52.2636],[5.4839,52.2623],[5.4809,52.2613],[5.4831,52.2621],[5.4819,52.262],[5.4778,52.26],[5.4819,52.2621],[5.5003,52.2651],[5.5077,52.2652],[5.524,52.2671],[5.5243,52.2669],[5.524,52.2658],[5.5261,52.265],[5.528,52.2647],[5.5292,52.265],[5.5294,52.2657],[5.5302,52.2654],[5.5298,52.2658],[5.5306,52.2659],[5.5313,52.2669],[5.5307,52.2675],[5.5316,52.2679],[5.5306,52.2692],[5.531,52.2716],[5.5316,52.2691],[5.5333,52.269],[5.5348,52.2706],[5.5316,52.2715],[5.5359,52.2715],[5.5358,52.2721],[5.5365,52.272],[5.5366,52.2728],[5.5375,52.273],[5.5374,52.2743],[5.5389,52.2748],[5.5386,52.2761],[5.5398,52.2762],[5.54,52.2773],[5.541,52.2776],[5.5411,52.2782],[5.5405,52.2792],[5.542,52.279],[5.5408,52.2794],[5.5422,52.2797],[5.5423,52.2809],[5.543,52.2812],[5.543,52.282],[5.5419,52.2831],[5.5428,52.2828],[5.5439,52.2849],[5.5431,52.285],[5.5424,52.284],[5.5427,52.2851],[5.5448,52.2856],[5.5448,52.2868],[5.5462,52.288],[5.5467,52.2897],[5.5472,52.2899],[5.5468,52.2905],[5.5481,52.2918],[5.5481,52.2931],[5.5491,52.2937],[5.5495,52.2943],[5.5493,52.2948],[5.5507,52.2964],[5.5501,52.2969],[5.551,52.2969],[5.5515,52.2978],[5.5512,52.2982],[5.5528,52.299],[5.5522,52.2989],[5.5526,52.2999],[5.5519,52.3004],[5.5527,52.3004],[5.5533,52.3014],[5.5529,52.3019],[5.5542,52.3024],[5.5536,52.3027],[5.5554,52.3047],[5.5549,52.3056],[5.556,52.3058],[5.5563,52.3063],[5.5557,52.3067],[5.5567,52.3068],[5.5573,52.3083],[5.5582,52.309],[5.5579,52.3102],[5.56,52.3119],[5.5598,52.313],[5.559,52.3135],[5.5598,52.3141],[5.559,52.3141],[5.5586,52.3145],[5.5597,52.3142],[5.5604,52.315],[5.5604,52.3152],[5.5598,52.3153],[5.5595,52.3157],[5.5602,52.3155],[5.5594,52.3166],[5.5597,52.3173],[5.5608,52.3182],[5.5611,52.3181],[5.56,52.3169],[5.5602,52.3162],[5.5619,52.3153],[5.5632,52.3155],[5.5644,52.3165],[5.564,52.3167],[5.5643,52.317],[5.5619,52.318],[5.5661,52.3178],[5.567,52.3186],[5.5666,52.3188],[5.5656,52.318],[5.5654,52.3187],[5.565,52.318],[5.5644,52.318],[5.5645,52.3187],[5.5641,52.3188],[5.5641,52.3181],[5.5626,52.3181],[5.5639,52.3192],[5.5677,52.3189],[5.567,52.3198],[5.5687,52.3211],[5.5688,52.3219],[5.5703,52.3223],[5.5731,52.3251],[5.5748,52.3258],[5.5749,52.3264],[5.5855,52.3318],[5.5883,52.3318],[5.5901,52.3326],[5.5906,52.3335],[5.5938,52.3342],[5.598,52.3371],[5.599,52.3371],[5.5995,52.3378],[5.6021,52.3388],[5.6074,52.3426],[5.6078,52.3435],[5.6098,52.3446],[5.61,52.3452],[5.6113,52.3455],[5.6125,52.3469],[5.6124,52.3489],[5.6147,52.3507],[5.6128,52.3511],[5.612,52.3518],[5.6152,52.3517],[5.6144,52.3513],[5.6148,52.3509],[5.6156,52.3518],[5.6133,52.3521],[5.6156,52.3536],[5.6146,52.3562],[5.613,52.358],[5.6153,52.3564],[5.62,52.3546],[5.6214,52.3528],[5.6237,52.3519],[5.6234,52.3512],[5.6242,52.3509],[5.6248,52.3514],[5.6212,52.3535],[5.6204,52.355],[5.6224,52.3555],[5.6238,52.3554],[5.6248,52.3546],[5.6255,52.355],[5.6245,52.3556],[5.6224,52.3556],[5.6224,52.3566],[5.6219,52.3556],[5.6209,52.3555],[5.6187,52.3563],[5.6212,52.3574],[5.6183,52.3565],[5.616,52.3568],[5.616,52.3573],[5.6197,52.3587],[5.6194,52.36],[5.6191,52.3602],[5.619,52.3586],[5.619,52.3597],[5.6187,52.3597],[5.6183,52.359],[5.6178,52.3593],[5.6157,52.3586],[5.6154,52.3582],[5.616,52.3577],[5.6149,52.3573],[5.6144,52.358],[5.6149,52.3582],[5.6146,52.3585],[5.6189,52.3605],[5.6176,52.361],[5.6167,52.3607],[5.6116,52.3635],[5.6137,52.3621],[5.6137,52.3615],[5.6127,52.3625],[5.6125,52.3614],[5.6129,52.361],[5.6141,52.3603],[5.6164,52.3606],[5.614,52.3603],[5.6123,52.3613],[5.6125,52.3624],[5.6112,52.3631],[5.6116,52.3639],[5.6083,52.3654],[5.6069,52.3645],[5.6051,52.3651],[5.6016,52.3651],[5.6011,52.3656],[5.5886,52.3632],[5.5839,52.363],[5.5801,52.3635],[5.5638,52.3675],[5.5402,52.3517],[5.5382,52.3498],[5.5422,52.3495],[5.541,52.3483],[5.5416,52.3479],[5.5423,52.3481],[5.5422,52.349],[5.5428,52.3494],[5.5425,52.3478],[5.5412,52.3473],[5.5406,52.3482],[5.541,52.349],[5.5396,52.3495],[5.5378,52.3493],[5.5374,52.3485],[5.5374,52.3458],[5.5422,52.3366],[5.5452,52.3351],[5.548,52.3356],[5.5528,52.3342],[5.5522,52.3317],[5.5511,52.3314],[5.5496,52.329],[5.5504,52.3287],[5.5491,52.3286],[5.5484,52.3277],[5.5495,52.3261],[5.5492,52.3254],[5.5503,52.3245],[5.5504,52.3234],[5.5513,52.323],[5.5512,52.3223],[5.5516,52.3221],[5.5522,52.3222],[5.5529,52.322],[5.552,52.3221],[5.5516,52.3217],[5.5528,52.3209],[5.5525,52.3199],[5.5529,52.3195],[5.5508,52.3192],[5.5489,52.3157],[5.5487,52.3145],[5.549,52.3134],[5.5485,52.3129],[5.5491,52.3121],[5.5466,52.3119],[5.5471,52.3109],[5.5493,52.3115],[5.5469,52.3104],[5.5456,52.3089],[5.5457,52.3072],[5.5438,52.3037],[5.5439,52.3028],[5.5427,52.3023],[5.543,52.3014],[5.5424,52.3001],[5.5404,52.2976],[5.5391,52.2946],[5.5381,52.2941],[5.5374,52.2932],[5.538,52.2929],[5.5372,52.293],[5.537,52.2917],[5.5376,52.2913],[5.5362,52.2916],[5.5356,52.2906],[5.5362,52.2898],[5.5382,52.2891],[5.5359,52.2891],[5.5335,52.2867],[5.5343,52.2863],[5.5336,52.2859],[5.533,52.2838],[5.5293,52.2774],[5.5293,52.2761],[5.5287,52.2749],[5.5261,52.2734],[5.5219,52.2735],[5.5138,52.2715],[5.4993,52.2694],[5.4945,52.2682],[5.4918,52.268],[5.489,52.2671],[5.4889,52.2667],[5.4879,52.2663],[5.4887,52.2667],[5.4881,52.2672],[5.4873,52.2666],[5.4867,52.2669],[5.4857,52.2667],[5.4859,52.2663],[5.4871,52.2666],[5.4874,52.2659],[5.4872,52.2664],[5.4853,52.2662],[5.4706,52.2633],[5.4709,52.2627],[5.472,52.2626],[5.4761,52.2632],[5.4727,52.2622],[5.4676,52.2615],[5.4708,52.2626],[5.4705,52.2633],[5.4677,52.263],[5.4544,52.2603],[5.4545,52.26],[5.4543,52.2603],[5.4526,52.2599],[5.4522,52.2597],[5.4527,52.2595],[5.4529,52.2591],[5.4519,52.2594],[5.4469,52.2589],[5.4335,52.2564],[5.433,52.2558],[5.4283,52.2552],[5.4272,52.2555],[5.4218,52.2545],[5.4218,52.254],[5.4215,52.2543],[5.4174,52.2535],[5.4175,52.2531],[5.4173,52.2534],[5.4131,52.253],[5.4128,52.2525],[5.4127,52.2529],[5.4096,52.2526],[5.4085,52.253],[5.4016,52.2533],[5.3997,52.2552],[5.3959,52.2563],[5.3964,52.257],[5.3952,52.2576],[5.3935,52.257],[5.3958,52.2559],[5.3952,52.2559],[5.3921,52.2578],[5.3929,52.2574],[5.3941,52.258],[5.3927,52.2589],[5.3916,52.2579],[5.3911,52.2588],[5.3919,52.2588],[5.3919,52.2593],[5.3909,52.2594],[5.3911,52.2597],[5.3895,52.2604],[5.3889,52.2614],[5.3879,52.2612],[5.3853,52.2634],[5.3851,52.264],[5.3285,52.2974],[5.316,52.3041]],[[5.8167,52.4575],[5.815,52.4567],[5.8152,52.4564],[5.814,52.4569],[5.8124,52.4567],[5.8124,52.4561],[5.8109,52.4557],[5.811,52.4549],[5.8096,52.4546],[5.81,52.454],[5.809,52.4535],[5.8092,52.4527],[5.8084,52.4523],[5.8089,52.4516],[5.8076,52.4511],[5.8076,52.4503],[5.8042,52.4463],[5.8051,52.446],[5.8027,52.4462],[5.8016,52.445],[5.8034,52.4444],[5.8048,52.4457],[5.8033,52.4441],[5.802,52.4443],[5.7998,52.4414],[5.7976,52.4399],[5.7969,52.439],[5.7976,52.4384],[5.7951,52.4382],[5.7946,52.4378],[5.7953,52.4375],[5.7942,52.4376],[5.7887,52.4349],[5.7883,52.4338],[5.787,52.4338],[5.787,52.4332],[5.7873,52.4332],[5.7866,52.4331],[5.7863,52.4333],[5.7855,52.4327],[5.7861,52.4326],[5.7854,52.4323],[5.7851,52.4326],[5.7841,52.4323],[5.7845,52.4319],[5.7832,52.432],[5.7833,52.4316],[5.7816,52.4311],[5.7813,52.4306],[5.7818,52.4306],[5.7809,52.4304],[5.7802,52.4296],[5.7791,52.429],[5.7789,52.4296],[5.7777,52.4291],[5.7783,52.4286],[5.7779,52.4283],[5.7761,52.4282],[5.7758,52.4279],[5.7761,52.4278],[5.7749,52.4276],[5.7748,52.4272],[5.7752,52.4272],[5.7733,52.4267],[5.7731,52.4263],[5.7736,52.4263],[5.7727,52.4259],[5.7721,52.4261],[5.7715,52.4254],[5.7719,52.4254],[5.7684,52.4243],[5.768,52.424],[5.7686,52.4238],[5.7676,52.424],[5.7566,52.4188],[5.7569,52.418],[5.7547,52.4179],[5.7491,52.4158],[5.7494,52.4154],[5.7482,52.4151],[5.7487,52.4149],[5.7474,52.4148],[5.7471,52.4141],[5.7463,52.4137],[5.7456,52.4137],[5.7464,52.4137],[5.747,52.4146],[5.7453,52.4147],[5.7448,52.414],[5.7438,52.4141],[5.7447,52.4142],[5.7446,52.4152],[5.7423,52.4153],[5.742,52.4146],[5.7441,52.4137],[5.7424,52.4136],[5.7388,52.4155],[5.7361,52.4154],[5.735,52.4159],[5.7275,52.4168],[5.7273,52.4164],[5.7266,52.417],[5.7212,52.4164],[5.6615,52.3979],[5.6453,52.3907],[5.6445,52.3898],[5.6452,52.3893],[5.6452,52.389],[5.6443,52.3895],[5.6438,52.3892],[5.6448,52.3885],[5.6426,52.3886],[5.6422,52.3884],[5.6423,52.3879],[5.6411,52.388],[5.6409,52.3874],[5.6398,52.3875],[5.6389,52.3871],[5.6391,52.3866],[5.638,52.3866],[5.6374,52.3857],[5.6387,52.3846],[5.6364,52.3835],[5.6385,52.3846],[5.6367,52.3862],[5.6361,52.3856],[5.6352,52.3859],[5.6347,52.3857],[5.6359,52.3856],[5.6349,52.3848],[5.6355,52.3848],[5.6363,52.3841],[5.6355,52.384],[5.6341,52.3848],[5.6337,52.3846],[5.634,52.3844],[5.6326,52.3841],[5.6345,52.3826],[5.6356,52.3827],[5.6364,52.3833],[5.6359,52.3827],[5.6344,52.3826],[5.6323,52.3839],[5.6278,52.3818],[5.628,52.3815],[5.6278,52.3813],[5.6268,52.3812],[5.6264,52.3807],[5.6269,52.3805],[5.6252,52.3803],[5.6249,52.3795],[5.6256,52.3794],[5.6239,52.3792],[5.6237,52.3782],[5.6244,52.3782],[5.6229,52.3776],[5.623,52.3767],[5.6237,52.3767],[5.6205,52.3759],[5.6184,52.3734],[5.6162,52.3717],[5.6169,52.3709],[5.6154,52.3708],[5.6164,52.3694],[5.6163,52.3688],[5.6156,52.3685],[5.6163,52.369],[5.6161,52.3696],[5.6155,52.3703],[5.6142,52.3708],[5.6155,52.3699],[5.6127,52.3687],[5.6101,52.3664],[5.6115,52.3659],[5.615,52.3679],[5.6126,52.366],[5.6131,52.3656],[5.6139,52.3658],[5.6111,52.3644],[5.6119,52.364],[5.6126,52.364],[5.6138,52.3646],[5.6142,52.3645],[5.6145,52.3642],[5.614,52.3639],[5.6154,52.3626],[5.6237,52.3591],[5.627,52.357],[5.6274,52.3572],[5.6272,52.3579],[5.6251,52.3592],[5.6255,52.3597],[5.6261,52.3595],[5.6269,52.3589],[5.6266,52.3585],[5.6276,52.3579],[5.6285,52.3585],[5.6286,52.3606],[5.6271,52.3606],[5.6269,52.3607],[5.6281,52.3607],[5.6275,52.3611],[5.6281,52.3615],[5.6282,52.3645],[5.629,52.3647],[5.6298,52.3643],[5.6293,52.364],[5.6292,52.3618],[5.6297,52.3615],[5.631,52.3622],[5.6298,52.3626],[5.6301,52.364],[5.6332,52.3618],[5.6389,52.3624],[5.6405,52.3634],[5.6391,52.3641],[5.6377,52.3632],[5.6341,52.3628],[5.6303,52.3653],[5.6306,52.3658],[5.6333,52.3655],[5.6406,52.3663],[5.6413,52.3658],[5.6439,52.3676],[5.6488,52.3675],[5.6499,52.3664],[5.6507,52.3659],[5.6497,52.3667],[5.6532,52.3648],[5.654,52.3648],[5.6537,52.365],[5.6551,52.3659],[5.6562,52.3656],[5.6553,52.3659],[5.6558,52.3663],[5.658,52.3669],[5.66,52.3684],[5.6645,52.3702],[5.6661,52.3719],[5.6706,52.3735],[5.6767,52.3766],[5.6774,52.3773],[5.6776,52.3788],[5.6805,52.3784],[5.6818,52.3788],[5.6835,52.3782],[5.6864,52.3786],[5.6875,52.3793],[5.6897,52.3787],[5.6949,52.3806],[5.694,52.3819],[5.6953,52.3808],[5.7,52.3813],[5.7007,52.3823],[5.7012,52.3821],[5.7018,52.3825],[5.7009,52.3836],[5.7022,52.383],[5.7031,52.3834],[5.7034,52.384],[5.7027,52.3851],[5.7041,52.3841],[5.7048,52.3843],[5.7031,52.3853],[5.706,52.3843],[5.7073,52.3853],[5.7066,52.3864],[5.7078,52.386],[5.7078,52.3865],[5.7072,52.387],[5.7086,52.3866],[5.7084,52.3864],[5.7085,52.3862],[5.7108,52.3879],[5.7147,52.3874],[5.7181,52.3886],[5.7187,52.3883],[5.7183,52.3887],[5.7211,52.3903],[5.7224,52.39],[5.7219,52.3904],[5.7226,52.391],[5.724,52.3908],[5.7262,52.3919],[5.7266,52.3927],[5.7271,52.3924],[5.7283,52.393],[5.7275,52.3936],[5.7284,52.3942],[5.7297,52.3941],[5.7294,52.3945],[5.7305,52.395],[5.7304,52.3956],[5.7312,52.395],[5.7326,52.3952],[5.7329,52.3947],[5.7334,52.3933],[5.7319,52.393],[5.7337,52.3932],[5.7346,52.3921],[5.7351,52.3922],[5.7328,52.3951],[5.7354,52.3961],[5.7348,52.3967],[5.7359,52.3963],[5.7354,52.3968],[5.7371,52.3979],[5.7382,52.3971],[5.7367,52.3965],[5.7385,52.3969],[5.7376,52.398],[5.7399,52.3977],[5.7445,52.4002],[5.7441,52.4],[5.7445,52.3998],[5.747,52.4016],[5.7465,52.4018],[5.7479,52.4022],[5.7482,52.4029],[5.75,52.403],[5.7498,52.4034],[5.7491,52.4031],[5.7509,52.4039],[5.7535,52.4043],[5.7552,52.4051],[5.7586,52.408],[5.7638,52.4097],[5.7645,52.4103],[5.7645,52.41],[5.7674,52.4118],[5.7678,52.4115],[5.7681,52.4121],[5.77,52.4127],[5.7699,52.413],[5.7738,52.4148],[5.7735,52.415],[5.7752,52.416],[5.7757,52.4158],[5.7764,52.4165],[5.7773,52.4163],[5.7766,52.4167],[5.7773,52.4166],[5.7769,52.4169],[5.7778,52.4169],[5.7776,52.4172],[5.7784,52.4177],[5.7819,52.4189],[5.7818,52.4194],[5.7828,52.4195],[5.7831,52.4188],[5.7829,52.4194],[5.7823,52.4197],[5.7843,52.4207],[5.7856,52.4207],[5.7857,52.4212],[5.7888,52.4221],[5.7887,52.4225],[5.7892,52.4223],[5.7889,52.4226],[5.7899,52.4227],[5.7898,52.423],[5.7906,52.4233],[5.7903,52.4235],[5.7909,52.4234],[5.7903,52.4237],[5.7909,52.4236],[5.7906,52.4239],[5.7913,52.4237],[5.7908,52.4242],[5.7935,52.4258],[5.7945,52.4258],[5.7943,52.4261],[5.7966,52.4276],[5.7984,52.4281],[5.7981,52.4284],[5.799,52.4283],[5.8002,52.4295],[5.8027,52.43],[5.803,52.4302],[5.8023,52.4302],[5.8042,52.4308],[5.8041,52.4313],[5.8047,52.4312],[5.8044,52.4316],[5.8053,52.4315],[5.8049,52.4318],[5.8055,52.4325],[5.8119,52.4363],[5.8125,52.4374],[5.8171,52.4415],[5.8179,52.441],[5.8173,52.442],[5.8219,52.446],[5.8199,52.4472],[5.8201,52.4478],[5.8211,52.4484],[5.8216,52.4479],[5.8231,52.4478],[5.8239,52.4493],[5.8236,52.4495],[5.824,52.4496],[5.824,52.45],[5.8244,52.4501],[5.824,52.4501],[5.8236,52.4495],[5.8229,52.4495],[5.8226,52.449],[5.8213,52.4489],[5.823,52.4507],[5.8229,52.4511],[5.8247,52.4512],[5.8243,52.4503],[5.8244,52.4502],[5.825,52.4512],[5.8247,52.4524],[5.8224,52.4533],[5.8213,52.4545],[5.8173,52.4555],[5.8168,52.4562],[5.8175,52.4572],[5.8167,52.4575]],[[5.6224,52.357],[5.6222,52.3568],[5.6224,52.3568],[5.6224,52.357]],[[5.4351,52.9708],[5.4352,52.9713],[5.4351,52.9718],[5.4351,52.9708]],[[5.4351,52.9722],[5.435,52.9719],[5.4351,52.9719],[5.4351,52.9722]],[[5.4345,52.9723],[5.4349,52.9725],[5.4344,52.9723],[5.4345,52.9723]],[[5.9821,52.6582],[5.9812,52.658],[5.9838,52.6563],[5.9837,52.6556],[5.9683,52.6412],[5.9654,52.6394],[5.9627,52.6384],[5.8412,52.6141],[5.8417,52.6131],[5.86,52.6167],[5.8513,52.6146],[5.8446,52.6136],[5.8437,52.6128],[5.8418,52.613],[5.843,52.6108],[5.8558,52.6133],[5.8615,52.615],[5.864,52.615],[5.8658,52.6158],[5.8678,52.6161],[5.87,52.6157],[5.8704,52.6165],[5.8729,52.6168],[5.8734,52.6174],[5.8764,52.6176],[5.8823,52.6191],[5.8855,52.6192],[5.8861,52.6198],[5.8879,52.6204],[5.8888,52.6202],[5.889,52.6196],[5.8878,52.6193],[5.8881,52.619],[5.8929,52.6197],[5.8926,52.6192],[5.8968,52.6179],[5.8955,52.6153],[5.8969,52.6178],[5.8996,52.618],[5.8983,52.6183],[5.8976,52.6179],[5.8985,52.6185],[5.9003,52.618],[5.8999,52.6182],[5.9059,52.6183],[5.9048,52.6165],[5.9064,52.6156],[5.9051,52.6149],[5.9045,52.6155],[5.9043,52.6153],[5.9046,52.615],[5.9044,52.6148],[5.9051,52.6144],[5.9055,52.6149],[5.9062,52.6147],[5.9063,52.6154],[5.9073,52.6162],[5.9078,52.616],[5.9074,52.615],[5.9077,52.6148],[5.9082,52.6154],[5.9105,52.6158],[5.9128,52.6151],[5.9146,52.6134],[5.9163,52.6129],[5.9209,52.6128],[5.9219,52.6136],[5.9219,52.6113],[5.9223,52.6139],[5.9259,52.6132],[5.9271,52.6141],[5.9281,52.6137],[5.9317,52.6137],[5.9326,52.614],[5.9327,52.6148],[5.9395,52.6158],[5.9408,52.6169],[5.9407,52.6177],[5.9413,52.618],[5.9423,52.6177],[5.9443,52.6186],[5.9485,52.6195],[5.9501,52.6189],[5.9501,52.6182],[5.9507,52.6183],[5.9502,52.6191],[5.9517,52.6194],[5.9498,52.6191],[5.9495,52.6192],[5.9501,52.6195],[5.9492,52.6195],[5.9551,52.6215],[5.9558,52.6231],[5.9569,52.6232],[5.9572,52.6237],[5.9569,52.6243],[5.9581,52.6248],[5.9648,52.624],[5.9686,52.6231],[5.9726,52.623],[5.9722,52.6228],[5.9729,52.6225],[5.9724,52.6223],[5.9746,52.6225],[5.9752,52.6221],[5.975,52.6216],[5.9753,52.6224],[5.9746,52.6229],[5.973,52.6226],[5.9749,52.6232],[5.9763,52.6222],[5.9754,52.622],[5.9754,52.6214],[5.9759,52.6219],[5.9811,52.6209],[5.9812,52.6212],[5.9764,52.6221],[5.9814,52.6213],[5.9776,52.6223],[5.9786,52.6228],[5.9807,52.6224],[5.9799,52.6226],[5.9826,52.6231],[5.9872,52.6222],[5.9849,52.6229],[5.9877,52.6226],[5.986,52.6234],[5.9874,52.6232],[5.9867,52.6238],[5.989,52.6242],[5.9879,52.6246],[5.9894,52.6248],[5.9837,52.6245],[5.9829,52.6238],[5.982,52.624],[5.9844,52.6249],[5.9876,52.6251],[5.9878,52.6255],[5.987,52.6258],[5.9869,52.6274],[5.9897,52.6253],[6.0108,52.6371],[6.012,52.637],[6.0119,52.6342],[6.0124,52.6342],[6.0124,52.6372],[6.0114,52.6375],[6.0132,52.6393],[6.01,52.6402],[6.0075,52.6413],[6.0097,52.6404],[6.0111,52.6403],[6.012,52.6397],[6.0139,52.6396],[6.0142,52.6391],[6.0178,52.6391],[6.0187,52.6381],[6.0203,52.6379],[6.0204,52.6387],[6.0222,52.6395],[6.0212,52.6413],[6.0237,52.6419],[6.0212,52.6415],[6.0211,52.6409],[6.02,52.6422],[6.0188,52.6425],[6.0186,52.6432],[6.0159,52.6437],[6.0145,52.6452],[6.0143,52.6461],[6.0124,52.647],[6.0126,52.6477],[6.0123,52.6473],[6.0115,52.6473],[6.0111,52.6477],[6.0113,52.6483],[6.0109,52.6481],[6.0105,52.6488],[6.0097,52.6489],[6.0077,52.6503],[6.0071,52.6514],[6.0057,52.6517],[6.004,52.6528],[5.9935,52.6559],[5.9882,52.6562],[5.9874,52.6568],[5.9852,52.6565],[5.9842,52.6571],[5.9849,52.658],[5.984,52.6571],[5.9821,52.6582]],[[5.862,52.5411],[5.8622,52.5396],[5.8609,52.5391],[5.8608,52.5386],[5.8632,52.5387],[5.8627,52.5393],[5.8633,52.5399],[5.8628,52.5412],[5.862,52.5411]],[[6.1922,53.4102],[6.1899,53.4112],[6.1856,53.4098],[6.1878,53.4106],[6.1866,53.412],[6.1823,53.4135],[6.1784,53.4138],[6.1588,53.4082],[6.1576,53.4074],[6.1589,53.408],[6.1595,53.4077],[6.1608,53.4083],[6.1635,53.4086],[6.1613,53.408],[6.1595,53.4071],[6.1613,53.4077],[6.1606,53.407],[6.161,53.4064],[6.1603,53.4066],[6.161,53.4062],[6.1607,53.4056],[6.1592,53.4046],[6.1582,53.4025],[6.1566,53.401],[6.1549,53.3931],[6.1556,53.3897],[6.1566,53.3888],[6.1569,53.3871],[6.1579,53.386],[6.1591,53.3857],[6.1579,53.3854],[6.1605,53.3845],[6.1611,53.3832],[6.1605,53.3826],[6.1605,53.3832],[6.1572,53.3843],[6.1556,53.3826],[6.1575,53.3825],[6.1593,53.3816],[6.1604,53.3821],[6.16,53.3814],[6.1615,53.3799],[6.163,53.3796],[6.1626,53.3794],[6.1641,53.3788],[6.1633,53.3786],[6.1641,53.3782],[6.1631,53.3779],[6.1598,53.3783],[6.1599,53.3786],[6.1582,53.3789],[6.1576,53.3798],[6.1559,53.3797],[6.1544,53.3793],[6.1566,53.3791],[6.158,53.3783],[6.1571,53.3782],[6.1555,53.379],[6.1545,53.3788],[6.1544,53.3784],[6.1569,53.378],[6.1543,53.3781],[6.1543,53.3777],[6.1535,53.3781],[6.1532,53.3768],[6.1536,53.3778],[6.1538,53.3773],[6.1554,53.3774],[6.154,53.377],[6.1543,53.3765],[6.1565,53.3767],[6.1556,53.3774],[6.1572,53.3771],[6.1574,53.3766],[6.1567,53.3763],[6.1542,53.3761],[6.1557,53.3756],[6.1536,53.3759],[6.1544,53.3755],[6.1587,53.3751],[6.1567,53.3756],[6.1585,53.3767],[6.1578,53.3776],[6.1585,53.3777],[6.1588,53.377],[6.1595,53.3772],[6.1586,53.3777],[6.1592,53.378],[6.1607,53.378],[6.1603,53.3774],[6.161,53.3776],[6.1608,53.378],[6.1621,53.3778],[6.162,53.3771],[6.1615,53.3772],[6.1607,53.377],[6.1613,53.3767],[6.1619,53.3771],[6.1617,53.3764],[6.1594,53.3765],[6.1616,53.3757],[6.1617,53.3753],[6.1624,53.3778],[6.1638,53.3775],[6.1643,53.3779],[6.1639,53.3765],[6.1647,53.3756],[6.1639,53.3754],[6.1636,53.3745],[6.164,53.3742],[6.1635,53.3741],[6.1632,53.3732],[6.1633,53.3718],[6.1618,53.3689],[6.1625,53.3676],[6.1636,53.3673],[6.1629,53.3654],[6.1619,53.365],[6.1627,53.3647],[6.1628,53.3639],[6.1637,53.3631],[6.1635,53.3616],[6.1646,53.3609],[6.1648,53.36],[6.1638,53.3591],[6.1597,53.358],[6.1534,53.3578],[6.1486,53.3589],[6.1531,53.3576],[6.1518,53.3562],[6.1515,53.3554],[6.1515,53.3551],[6.1521,53.3563],[6.1539,53.3576],[6.1621,53.358],[6.1652,53.3592],[6.1677,53.3588],[6.1667,53.3573],[6.1662,53.3551],[6.1667,53.3518],[6.1678,53.3494],[6.1667,53.3485],[6.1668,53.3476],[6.166,53.3463],[6.1639,53.3452],[6.1664,53.3461],[6.1676,53.3445],[6.1668,53.3461],[6.1677,53.3487],[6.1691,53.3476],[6.1695,53.3468],[6.1692,53.3465],[6.1712,53.3439],[6.1792,53.3394],[6.1786,53.3382],[6.1754,53.3356],[6.1748,53.3345],[6.1737,53.3343],[6.1741,53.3341],[6.1745,53.3306],[6.1766,53.325],[6.179,53.3224],[6.1783,53.3205],[6.1761,53.3197],[6.1747,53.3198],[6.1746,53.3194],[6.1709,53.32],[6.1683,53.3189],[6.1617,53.3186],[6.1601,53.319],[6.158,53.3184],[6.1618,53.3179],[6.1593,53.3168],[6.1664,53.3182],[6.1679,53.3182],[6.1647,53.3179],[6.1644,53.3173],[6.1691,53.3175],[6.1692,53.318],[6.1697,53.3175],[6.1718,53.3177],[6.1718,53.3183],[6.1695,53.3183],[6.172,53.3185],[6.1728,53.3185],[6.173,53.318],[6.1738,53.3173],[6.1731,53.3186],[6.1764,53.3189],[6.181,53.3207],[6.1807,53.3226],[6.1826,53.3219],[6.1828,53.3225],[6.1804,53.3228],[6.1787,53.3239],[6.1775,53.3261],[6.1778,53.3264],[6.1781,53.3261],[6.1784,53.3266],[6.1777,53.3266],[6.177,53.3276],[6.1752,53.3321],[6.176,53.3346],[6.1811,53.3385],[6.183,53.337],[6.1833,53.3362],[6.1827,53.3367],[6.1837,53.3357],[6.1848,53.3336],[6.1858,53.3324],[6.182,53.3387],[6.183,53.3386],[6.1857,53.3362],[6.1913,53.334],[6.1868,53.333],[6.1866,53.3324],[6.1875,53.3312],[6.1875,53.3305],[6.1877,53.3312],[6.1867,53.3323],[6.1869,53.333],[6.1914,53.334],[6.1946,53.3327],[6.1993,53.3331],[6.2006,53.3325],[6.2001,53.3333],[6.2008,53.3339],[6.1958,53.3329],[6.1941,53.333],[6.1918,53.334],[6.191,53.3352],[6.1918,53.3357],[6.1956,53.3357],[6.1926,53.3361],[6.1906,53.3374],[6.1886,53.338],[6.1881,53.3392],[6.1849,53.3422],[6.1748,53.35],[6.1743,53.3508],[6.1748,53.3517],[6.1745,53.3526],[6.1754,53.3549],[6.1809,53.3573],[6.1968,53.3527],[6.1978,53.3493],[6.1962,53.3452],[6.1965,53.3412],[6.1993,53.3385],[6.2004,53.3381],[6.1991,53.3391],[6.2002,53.339],[6.198,53.3402],[6.198,53.3409],[6.1987,53.3409],[6.1986,53.3418],[6.1975,53.3426],[6.1973,53.3441],[6.1989,53.3444],[6.2008,53.3419],[6.2015,53.3422],[6.2026,53.3416],[6.203,53.3415],[6.2034,53.3416],[6.2025,53.3417],[6.2013,53.3426],[6.2008,53.3451],[6.201,53.346],[6.2002,53.3467],[6.2022,53.3481],[6.202,53.3494],[6.2027,53.3499],[6.2023,53.3505],[6.2028,53.3512],[6.2034,53.3512],[6.2033,53.3524],[6.2046,53.354],[6.2067,53.3547],[6.2077,53.354],[6.2089,53.3538],[6.2118,53.3541],[6.2177,53.3536],[6.2187,53.3523],[6.2185,53.3508],[6.219,53.3503],[6.2176,53.3483],[6.2181,53.346],[6.2206,53.3429],[6.2235,53.3407],[6.2283,53.3392],[6.2298,53.3367],[6.2293,53.3329],[6.2297,53.3309],[6.2303,53.3297],[6.232,53.328],[6.2301,53.3307],[6.2298,53.3326],[6.2301,53.3338],[6.2308,53.3342],[6.2306,53.335],[6.2331,53.3368],[6.2379,53.3351],[6.2566,53.3317],[6.2395,53.3355],[6.236,53.3366],[6.2326,53.3389],[6.2315,53.3403],[6.2282,53.3417],[6.2248,53.3448],[6.223,53.3458],[6.2207,53.3486],[6.2226,53.3504],[6.2227,53.3514],[6.2243,53.3509],[6.2244,53.35],[6.227,53.347],[6.228,53.3445],[6.2305,53.3429],[6.2361,53.3414],[6.2373,53.3419],[6.2392,53.3418],[6.2433,53.3433],[6.246,53.3451],[6.2479,53.3458],[6.2483,53.3466],[6.25,53.3476],[6.2534,53.3479],[6.2639,53.3455],[6.2729,53.345],[6.2781,53.3426],[6.2886,53.3405],[6.2905,53.3394],[6.2906,53.3386],[6.2916,53.338],[6.2922,53.3355],[6.2928,53.3349],[6.2937,53.3349],[6.293,53.3357],[6.2923,53.3385],[6.295,53.3382],[6.2969,53.3371],[6.2973,53.3374],[6.296,53.339],[6.2999,53.3397],[6.2932,53.3393],[6.2929,53.3396],[6.2974,53.3403],[6.2969,53.3412],[6.2925,53.3403],[6.2922,53.3397],[6.2911,53.3408],[6.2889,53.3415],[6.2796,53.3433],[6.2719,53.3463],[6.2639,53.3471],[6.26,53.3482],[6.2601,53.3489],[6.2575,53.3487],[6.2525,53.3494],[6.2489,53.3491],[6.2398,53.3442],[6.2348,53.3438],[6.233,53.3442],[6.2321,53.3453],[6.2337,53.347],[6.2326,53.3481],[6.2331,53.3484],[6.2327,53.3491],[6.2331,53.3496],[6.2324,53.3523],[6.2318,53.3515],[6.2325,53.3526],[6.2332,53.3528],[6.2339,53.3521],[6.2352,53.352],[6.2429,53.3536],[6.2443,53.3542],[6.247,53.354],[6.2471,53.355],[6.2519,53.3582],[6.2532,53.3582],[6.2572,53.3571],[6.257,53.3578],[6.2563,53.3579],[6.2576,53.3587],[6.2566,53.3591],[6.2564,53.3587],[6.2547,53.3595],[6.2561,53.3612],[6.254,53.3603],[6.2514,53.3615],[6.2497,53.3611],[6.2483,53.3619],[6.2452,53.3597],[6.241,53.3586],[6.2381,53.3587],[6.2338,53.3603],[6.2338,53.3608],[6.2345,53.3615],[6.2379,53.3633],[6.2374,53.3636],[6.2413,53.3649],[6.2429,53.3649],[6.2453,53.3636],[6.2488,53.3645],[6.2449,53.3641],[6.2431,53.3652],[6.2397,53.3658],[6.2382,53.368],[6.2382,53.3692],[6.2369,53.3694],[6.2356,53.368],[6.2327,53.3667],[6.2322,53.367],[6.229,53.3666],[6.2261,53.3655],[6.2206,53.3657],[6.2176,53.3641],[6.2168,53.3641],[6.2164,53.3648],[6.2168,53.3639],[6.2183,53.364],[6.217,53.3638],[6.2167,53.3638],[6.2164,53.364],[6.2162,53.3649],[6.2166,53.3652],[6.2155,53.3662],[6.2134,53.3668],[6.2127,53.3667],[6.2137,53.3663],[6.2126,53.3662],[6.2096,53.3674],[6.2099,53.369],[6.2125,53.3698],[6.2132,53.372],[6.2172,53.3722],[6.2209,53.3716],[6.2249,53.3724],[6.2286,53.3725],[6.2289,53.3722],[6.2337,53.3732],[6.2321,53.3734],[6.2312,53.3729],[6.2312,53.3732],[6.2295,53.3734],[6.2283,53.3741],[6.226,53.3744],[6.2214,53.3739],[6.2188,53.3744],[6.2201,53.3759],[6.2194,53.3757],[6.2185,53.3744],[6.216,53.3748],[6.2149,53.3756],[6.2116,53.3759],[6.2102,53.3755],[6.2096,53.3762],[6.2086,53.3757],[6.2077,53.3762],[6.2067,53.3777],[6.2075,53.3759],[6.2037,53.3758],[6.203,53.3763],[6.2015,53.3756],[6.1967,53.377],[6.1931,53.3775],[6.1925,53.3782],[6.1927,53.3776],[6.1916,53.3781],[6.1859,53.378],[6.1844,53.3785],[6.1834,53.3808],[6.1842,53.3823],[6.1851,53.3829],[6.1885,53.3829],[6.1914,53.3822],[6.1953,53.3824],[6.1959,53.3829],[6.1983,53.3824],[6.1986,53.383],[6.2009,53.3825],[6.2017,53.3831],[6.1996,53.3834],[6.2014,53.3837],[6.2002,53.384],[6.2019,53.3844],[6.2012,53.3847],[6.202,53.385],[6.2013,53.3849],[6.2022,53.3856],[6.1998,53.3854],[6.1995,53.3858],[6.2005,53.3864],[6.2004,53.3868],[6.2,53.3867],[6.2002,53.3876],[6.1994,53.3876],[6.1996,53.3871],[6.1991,53.387],[6.1985,53.3883],[6.1989,53.3887],[6.1985,53.3888],[6.1986,53.3895],[6.1973,53.3895],[6.1975,53.3899],[6.1967,53.39],[6.1969,53.3907],[6.1949,53.3907],[6.1947,53.3912],[6.1948,53.3906],[6.194,53.3912],[6.1937,53.3908],[6.1936,53.3914],[6.1935,53.3907],[6.1926,53.3903],[6.1915,53.3906],[6.1915,53.391],[6.1936,53.3919],[6.1928,53.3923],[6.1922,53.392],[6.1923,53.3925],[6.1918,53.3922],[6.1919,53.3928],[6.1879,53.3936],[6.1807,53.394],[6.1794,53.3946],[6.1806,53.3952],[6.1806,53.3958],[6.179,53.3959],[6.1788,53.396],[6.1787,53.3963],[6.1801,53.3963],[6.1803,53.397],[6.1827,53.3982],[6.1825,53.3992],[6.1812,53.4002],[6.1826,53.4011],[6.1821,53.4022],[6.1839,53.4024],[6.1852,53.4035],[6.1866,53.403],[6.1895,53.4034],[6.1945,53.4034],[6.1967,53.4029],[6.1975,53.403],[6.1972,53.4033],[6.1982,53.4031],[6.2009,53.4011],[6.2011,53.4002],[6.206,53.3976],[6.206,53.3971],[6.2063,53.3975],[6.2073,53.3973],[6.2099,53.3958],[6.2096,53.3955],[6.2112,53.3956],[6.2162,53.3901],[6.2216,53.3882],[6.2243,53.3877],[6.2261,53.3889],[6.233,53.3891],[6.2338,53.3888],[6.2342,53.3896],[6.2368,53.3912],[6.2349,53.3925],[6.2354,53.3926],[6.2352,53.3932],[6.2353,53.3927],[6.2346,53.3923],[6.2335,53.3927],[6.2343,53.3927],[6.2346,53.3935],[6.234,53.3939],[6.2332,53.3937],[6.2327,53.3955],[6.2307,53.3961],[6.2287,53.3957],[6.2245,53.3964],[6.2226,53.3974],[6.2211,53.3967],[6.2216,53.3959],[6.2193,53.397],[6.2188,53.3975],[6.219,53.398],[6.2181,53.3984],[6.2206,53.3997],[6.2191,53.3992],[6.2202,53.4002],[6.2195,53.4006],[6.2179,53.3996],[6.2187,53.399],[6.217,53.3986],[6.2134,53.3998],[6.2137,53.4003],[6.2128,53.4009],[6.2116,53.401],[6.2115,53.4005],[6.2108,53.402],[6.2096,53.4021],[6.2093,53.4013],[6.2091,53.4019],[6.2097,53.4026],[6.2094,53.4029],[6.2107,53.4043],[6.2097,53.4051],[6.2084,53.4051],[6.2077,53.4044],[6.2039,53.404],[6.2023,53.4047],[6.2025,53.4052],[6.2072,53.4053],[6.2069,53.4066],[6.2019,53.4064],[6.2007,53.4051],[6.1997,53.4055],[6.2001,53.4061],[6.1994,53.4057],[6.1963,53.407],[6.196,53.4073],[6.1966,53.4084],[6.1943,53.4073],[6.1945,53.4078],[6.1923,53.4088],[6.1922,53.4102]],[[7.0932,53.3064],[7.0921,53.3067],[7.0912,53.3058],[7.0888,53.3052],[7.0908,53.3051],[7.0923,53.3055],[7.0932,53.3064]],[[7.0104,53.3134],[7.0086,53.3126],[7.0122,53.3118],[7.0104,53.3134]],[[6.995,53.3121],[6.996,53.3124],[6.9886,53.3143],[6.9884,53.314],[6.99,53.3132],[6.995,53.3121]],[[6.9286,53.3295],[6.9256,53.3289],[6.9271,53.3282],[6.9261,53.3271],[6.9271,53.3278],[6.9278,53.3277],[6.9286,53.3295]],[[6.238,53.3706],[6.2383,53.3693],[6.2389,53.3693],[6.2396,53.3666],[6.243,53.3662],[6.2404,53.3676],[6.2392,53.3691],[6.2387,53.3706],[6.238,53.3706]],[[6.2403,53.373],[6.239,53.3708],[6.2396,53.3691],[6.2407,53.3677],[6.243,53.3664],[6.2449,53.3681],[6.2506,53.3675],[6.2542,53.3677],[6.2529,53.3685],[6.2481,53.3685],[6.2456,53.3694],[6.2426,53.3687],[6.2424,53.3702],[6.2416,53.3706],[6.2407,53.3729],[6.2403,53.373]]],[[[3.6217,51.39],[3.6203,51.3899],[3.6193,51.3905],[3.6183,51.3928],[3.6186,51.3949],[3.6221,51.3979],[3.6233,51.3981],[3.6211,51.3963],[3.6192,51.3934],[3.6194,51.3922],[3.6202,51.3925],[3.6217,51.3907],[3.6217,51.39]]],[[[3.7237,51.5225],[3.7251,51.5217],[3.7239,51.5211],[3.7215,51.5222],[3.722,51.5228],[3.7237,51.5225]]],[[[3.6945,51.5237],[3.6931,51.5239],[3.6921,51.525],[3.6939,51.5248],[3.6945,51.5237]]],[[[3.7158,51.5248],[3.7176,51.5244],[3.7169,51.5238],[3.7155,51.5237],[3.7133,51.5249],[3.7145,51.5254],[3.7176,51.5287],[3.7205,51.5307],[3.7206,51.5319],[3.7209,51.5292],[3.7194,51.529],[3.7175,51.5276],[3.7162,51.5261],[3.7158,51.5248]]],[[[3.6906,51.5273],[3.6899,51.5281],[3.6899,51.5295],[3.6912,51.5306],[3.6918,51.5299],[3.6918,51.5288],[3.6913,51.5275],[3.6906,51.5273]]],[[[3.724,51.5334],[3.7234,51.5328],[3.7233,51.5334],[3.7222,51.5335],[3.7215,51.5308],[3.7217,51.5337],[3.7242,51.5345],[3.724,51.5334]]],[[[3.6954,51.541],[3.6952,51.5392],[3.6958,51.5384],[3.6929,51.5369],[3.6901,51.5363],[3.6893,51.5364],[3.6916,51.5369],[3.6934,51.538],[3.6949,51.5394],[3.6954,51.541]]],[[[3.7927,51.5431],[3.7915,51.5436],[3.7921,51.544],[3.7938,51.5438],[3.795,51.5435],[3.7952,51.5429],[3.7927,51.5431]]],[[[3.6839,51.5529],[3.6882,51.5517],[3.6913,51.5499],[3.6913,51.5492],[3.6933,51.5484],[3.6945,51.5469],[3.6954,51.5437],[3.6953,51.5421],[3.6944,51.5416],[3.6923,51.5422],[3.6916,51.5387],[3.6899,51.5369],[3.6879,51.5371],[3.6872,51.5388],[3.6873,51.541],[3.6867,51.543],[3.6825,51.5483],[3.6817,51.5517],[3.6828,51.5527],[3.6839,51.5529]]],[[[3.7887,51.5444],[3.7865,51.5446],[3.7861,51.5452],[3.7852,51.5454],[3.7868,51.5459],[3.7891,51.5449],[3.7887,51.5444]]],[[[3.7784,51.5481],[3.776,51.548],[3.7708,51.5503],[3.7718,51.5514],[3.7733,51.5515],[3.7725,51.5517],[3.7761,51.5509],[3.7796,51.5497],[3.7795,51.5491],[3.778,51.5481],[3.7786,51.5484],[3.7784,51.5481]]],[[[3.7694,51.5522],[3.7688,51.5522],[3.7694,51.5519],[3.7697,51.5503],[3.7718,51.548],[3.7708,51.5471],[3.7638,51.5478],[3.7609,51.5476],[3.7576,51.5485],[3.7573,51.5481],[3.7575,51.5486],[3.7563,51.5495],[3.7574,51.5502],[3.762,51.5508],[3.7688,51.5525],[3.7694,51.5522]]],[[[3.6739,51.5582],[3.6749,51.5563],[3.6755,51.5561],[3.6751,51.5542],[3.675,51.5548],[3.6738,51.555],[3.6743,51.5555],[3.6732,51.5573],[3.672,51.5576],[3.6732,51.5569],[3.6726,51.557],[3.6713,51.5583],[3.6702,51.5584],[3.672,51.5585],[3.6726,51.559],[3.6739,51.5582]]],[[[3.6712,51.5619],[3.672,51.5615],[3.6717,51.5605],[3.6724,51.5603],[3.669,51.5608],[3.6676,51.5603],[3.6661,51.5603],[3.6654,51.5598],[3.6668,51.5614],[3.6663,51.5621],[3.667,51.5616],[3.6712,51.5619]]],[[[3.9793,51.7278],[3.9794,51.7263],[3.9778,51.7262],[3.9773,51.7266],[3.9772,51.7281],[3.9784,51.7283],[3.9793,51.7278]]],[[[3.9144,51.7394],[3.9215,51.7394],[3.9266,51.7384],[3.9292,51.7373],[3.9339,51.7362],[3.9341,51.7358],[3.9311,51.7349],[3.924,51.7347],[3.9214,51.735],[3.9208,51.7346],[3.9203,51.735],[3.9176,51.735],[3.9139,51.7347],[3.9128,51.734],[3.9113,51.7353],[3.911,51.737],[3.9144,51.7394]]],[[[3.9639,51.7415],[3.9567,51.7399],[3.9547,51.7405],[3.9594,51.7406],[3.9648,51.7421],[3.9639,51.7415]]],[[[3.9412,51.7467],[3.9521,51.7469],[3.9552,51.746],[3.9595,51.7466],[3.9621,51.7463],[3.9602,51.7444],[3.951,51.7415],[3.9503,51.7411],[3.9503,51.7404],[3.9496,51.7408],[3.9497,51.7413],[3.9492,51.7413],[3.9488,51.7409],[3.9494,51.7403],[3.9483,51.74],[3.9481,51.7405],[3.945,51.7403],[3.9422,51.74],[3.9417,51.7396],[3.9391,51.74],[3.9382,51.7408],[3.9382,51.7403],[3.9378,51.7403],[3.9388,51.7399],[3.9376,51.7403],[3.9379,51.7412],[3.9369,51.7434],[3.9371,51.7458],[3.9412,51.7467]]],[[[3.9351,51.7428],[3.9344,51.7427],[3.9345,51.7416],[3.9362,51.7398],[3.9414,51.7395],[3.9361,51.7398],[3.9343,51.7412],[3.9346,51.7455],[3.9365,51.7478],[3.9348,51.745],[3.9351,51.7428]]],[[[3.8849,51.76],[3.8858,51.759],[3.8857,51.7583],[3.8857,51.759],[3.885,51.7598],[3.8842,51.7594],[3.885,51.7583],[3.883,51.758],[3.8817,51.7574],[3.882,51.7571],[3.8827,51.7574],[3.883,51.757],[3.8816,51.7569],[3.8805,51.7575],[3.8798,51.7574],[3.8801,51.7568],[3.8794,51.7568],[3.8788,51.7574],[3.8792,51.7579],[3.8784,51.7579],[3.8774,51.7587],[3.8781,51.7593],[3.8787,51.7588],[3.8811,51.759],[3.8809,51.7595],[3.8816,51.7601],[3.8812,51.7594],[3.8815,51.759],[3.8824,51.7592],[3.8827,51.7598],[3.882,51.7599],[3.8838,51.7603],[3.8849,51.76]]],[[[3.9455,51.7659],[3.9438,51.7659],[3.9438,51.7669],[3.9463,51.7681],[3.9469,51.7668],[3.9459,51.7666],[3.9455,51.7659]]],[[[3.9034,51.7705],[3.904,51.7694],[3.9035,51.7693],[3.9027,51.7695],[3.9019,51.7712],[3.9037,51.7713],[3.9034,51.7705]]],[[[3.9354,51.7904],[3.9372,51.7902],[3.9374,51.79],[3.9354,51.79],[3.9352,51.789],[3.9394,51.7854],[3.9567,51.7779],[3.9585,51.7774],[3.9591,51.7778],[3.96,51.7771],[3.9633,51.7761],[3.9657,51.7744],[3.9542,51.7763],[3.9418,51.7766],[3.9263,51.7751],[3.925,51.7743],[3.9232,51.7742],[3.9149,51.7718],[3.9132,51.7708],[3.9092,51.7702],[3.9048,51.7708],[3.9044,51.7712],[3.9119,51.7753],[3.9139,51.7771],[3.9169,51.7786],[3.9173,51.7793],[3.9217,51.7813],[3.9233,51.7828],[3.9235,51.7836],[3.925,51.7844],[3.925,51.7852],[3.926,51.7859],[3.9265,51.7869],[3.9279,51.7879],[3.9344,51.7896],[3.9354,51.7904]]],[[[3.9643,51.8022],[3.9656,51.8019],[3.9636,51.8013],[3.9633,51.8006],[3.9653,51.7986],[3.9681,51.7982],[3.9672,51.7974],[3.9594,51.7988],[3.957,51.7998],[3.9571,51.8008],[3.9593,51.8017],[3.9643,51.8022]]],[[[3.9926,51.9168],[3.9924,51.9164],[3.99,51.9173],[3.9865,51.9172],[3.9901,51.9176],[3.9899,51.918],[3.9926,51.9168]]],[[[4.2152,51.3524],[4.2165,51.3519],[4.2145,51.3507],[4.2135,51.3514],[4.2152,51.3524]]],[[[4.1251,51.3646],[4.1303,51.3644],[4.1298,51.3641],[4.1297,51.364],[4.13,51.3631],[4.1309,51.3624],[4.1306,51.3617],[4.131,51.3623],[4.1298,51.364],[4.1308,51.3645],[4.1317,51.3644],[4.1322,51.3637],[4.1343,51.3628],[4.1344,51.3621],[4.1339,51.3617],[4.131,51.3608],[4.1308,51.3607],[4.1342,51.3617],[4.1381,51.3615],[4.1376,51.3612],[4.1375,51.3609],[4.1383,51.3613],[4.1385,51.3608],[4.1397,51.3611],[4.1398,51.3606],[4.1392,51.3605],[4.139,51.36],[4.1402,51.3605],[4.1407,51.36],[4.1399,51.3598],[4.1399,51.3597],[4.1408,51.3597],[4.1405,51.3594],[4.1409,51.3595],[4.1435,51.3562],[4.1408,51.3564],[4.1405,51.3563],[4.1402,51.3563],[4.1402,51.3562],[4.1427,51.3562],[4.1438,51.3555],[4.1426,51.3555],[4.1441,51.3551],[4.1436,51.3547],[4.1423,51.3551],[4.1412,51.355],[4.1407,51.3547],[4.142,51.355],[4.1436,51.3543],[4.1398,51.3536],[4.1435,51.354],[4.1441,51.3517],[4.1447,51.3513],[4.1442,51.3512],[4.1436,51.3508],[4.1447,51.3512],[4.1449,51.3507],[4.1468,51.35],[4.1449,51.3511],[4.1455,51.3517],[4.145,51.3515],[4.1439,51.3538],[4.1447,51.3542],[4.15,51.3503],[4.1486,51.3493],[4.1472,51.3498],[4.1485,51.3492],[4.1465,51.349],[4.1485,51.3491],[4.1491,51.3474],[4.1472,51.3473],[4.1493,51.3473],[4.1492,51.3468],[4.1497,51.3466],[4.1496,51.3471],[4.1507,51.3462],[4.1475,51.3448],[4.1415,51.3445],[4.142,51.3453],[4.1438,51.3452],[4.1418,51.3454],[4.1437,51.3461],[4.1429,51.3461],[4.1417,51.3456],[4.141,51.3445],[4.1383,51.3436],[4.1348,51.3436],[4.1353,51.344],[4.1341,51.3437],[4.1339,51.344],[4.1345,51.3442],[4.1347,51.3447],[4.1336,51.344],[4.1328,51.3446],[4.1351,51.3453],[4.1355,51.3458],[4.1362,51.3452],[4.1365,51.3453],[4.1366,51.3455],[4.1362,51.3453],[4.1355,51.3458],[4.1329,51.3448],[4.1314,51.3461],[4.1326,51.3461],[4.1337,51.3465],[4.131,51.3463],[4.131,51.3468],[4.1317,51.3469],[4.1321,51.3471],[4.1325,51.3469],[4.1328,51.347],[4.1321,51.3472],[4.1306,51.3467],[4.13,51.347],[4.1308,51.3472],[4.1312,51.3476],[4.1322,51.3474],[4.1326,51.3476],[4.1325,51.3477],[4.1312,51.3477],[4.1306,51.3472],[4.1293,51.3473],[4.1284,51.3483],[4.1287,51.3487],[4.1282,51.3486],[4.1279,51.3492],[4.1285,51.3501],[4.1324,51.3509],[4.133,51.3504],[4.1328,51.35],[4.1332,51.3495],[4.133,51.3508],[4.1335,51.351],[4.134,51.3509],[4.1339,51.3504],[4.1343,51.3492],[4.1347,51.3491],[4.1343,51.3494],[4.1341,51.3508],[4.1363,51.3488],[4.138,51.3484],[4.1374,51.3479],[4.1375,51.3478],[4.1393,51.3487],[4.1402,51.3483],[4.1404,51.3485],[4.142,51.3486],[4.1425,51.3487],[4.1367,51.3488],[4.1352,51.3503],[4.1372,51.3494],[4.1388,51.3493],[4.1365,51.3498],[4.1356,51.3506],[4.1362,51.3507],[4.135,51.3506],[4.1349,51.351],[4.1387,51.3514],[4.1345,51.3514],[4.1352,51.352],[4.1366,51.3521],[4.1352,51.352],[4.1363,51.3525],[4.1369,51.3523],[4.1384,51.3522],[4.1364,51.3526],[4.1375,51.3534],[4.1379,51.3532],[4.1381,51.3533],[4.1376,51.3535],[4.1387,51.3543],[4.1382,51.3544],[4.1391,51.3549],[4.139,51.3554],[4.1395,51.3558],[4.1389,51.3555],[4.1389,51.3549],[4.1381,51.3544],[4.1373,51.3547],[4.1375,51.3552],[4.1371,51.3559],[4.1374,51.3552],[4.137,51.3548],[4.138,51.3543],[4.1365,51.3533],[4.136,51.3538],[4.1357,51.3539],[4.134,51.3536],[4.136,51.3537],[4.1362,51.3531],[4.1356,51.3528],[4.1349,51.3531],[4.1355,51.3528],[4.1351,51.3525],[4.1327,51.3519],[4.1329,51.3524],[4.1335,51.3526],[4.133,51.3526],[4.1327,51.3524],[4.1323,51.3518],[4.1302,51.3517],[4.131,51.3515],[4.1277,51.3507],[4.1259,51.352],[4.1284,51.3525],[4.1281,51.353],[4.1296,51.3538],[4.1276,51.354],[4.1303,51.3542],[4.1323,51.3531],[4.1335,51.353],[4.1323,51.3532],[4.1316,51.3539],[4.1327,51.3536],[4.131,51.3542],[4.1318,51.3547],[4.1339,51.3546],[4.1328,51.3548],[4.1288,51.3544],[4.128,51.3546],[4.1301,51.3552],[4.1339,51.355],[4.1346,51.3552],[4.1301,51.3554],[4.1241,51.3536],[4.1227,51.3537],[4.1226,51.3543],[4.1249,51.3556],[4.1278,51.3552],[4.133,51.3567],[4.1315,51.3566],[4.1338,51.358],[4.1327,51.3581],[4.1296,51.3561],[4.128,51.3564],[4.1277,51.3566],[4.128,51.3568],[4.1284,51.3583],[4.1291,51.3584],[4.1287,51.3586],[4.129,51.3592],[4.1287,51.3593],[4.1276,51.3568],[4.1255,51.3572],[4.1255,51.3574],[4.1269,51.3578],[4.1272,51.358],[4.1253,51.3574],[4.124,51.3577],[4.1216,51.3557],[4.1209,51.3569],[4.1223,51.3568],[4.1227,51.3571],[4.1221,51.3577],[4.1229,51.3583],[4.1229,51.3586],[4.1244,51.359],[4.1257,51.3595],[4.1228,51.3587],[4.122,51.3577],[4.1223,51.357],[4.1207,51.3569],[4.1204,51.3566],[4.1212,51.3562],[4.1205,51.3558],[4.1194,51.3566],[4.1193,51.3571],[4.1196,51.3568],[4.1202,51.3567],[4.1195,51.357],[4.1196,51.3576],[4.121,51.3578],[4.1211,51.3586],[4.124,51.3596],[4.1244,51.3601],[4.121,51.3586],[4.1209,51.3578],[4.1192,51.3579],[4.1197,51.3587],[4.119,51.3578],[4.1167,51.3571],[4.1157,51.3575],[4.1166,51.358],[4.116,51.3581],[4.1155,51.3591],[4.1166,51.3597],[4.1182,51.3593],[4.1212,51.3598],[4.1196,51.3598],[4.1209,51.3602],[4.1212,51.3605],[4.1212,51.3607],[4.1195,51.3599],[4.1186,51.36],[4.1187,51.3608],[4.1185,51.36],[4.1178,51.3597],[4.1163,51.3606],[4.1166,51.3611],[4.1164,51.3613],[4.1162,51.3608],[4.1164,51.3601],[4.1139,51.3588],[4.1127,51.3602],[4.1128,51.3615],[4.1143,51.3619],[4.1151,51.3631],[4.1207,51.3641],[4.12,51.3635],[4.1205,51.3631],[4.1199,51.3628],[4.1206,51.3622],[4.1201,51.3628],[4.1206,51.3631],[4.1209,51.3637],[4.1213,51.3638],[4.1235,51.3646],[4.1246,51.3643],[4.1259,51.3644],[4.1262,51.3638],[4.1265,51.3635],[4.126,51.3645],[4.1251,51.3646]]],[[[4.1192,51.3565],[4.1201,51.3553],[4.1195,51.3549],[4.1171,51.3562],[4.1192,51.3565]]],[[[4.1261,51.3566],[4.1285,51.356],[4.1275,51.3558],[4.1288,51.3559],[4.127,51.3555],[4.1251,51.3558],[4.1261,51.3566]]],[[[4.1662,51.3702],[4.1661,51.3697],[4.1663,51.3695],[4.1666,51.3701],[4.1696,51.37],[4.1722,51.3691],[4.1724,51.3666],[4.1706,51.3666],[4.1724,51.3664],[4.1721,51.3659],[4.1724,51.3657],[4.1724,51.3638],[4.1696,51.3634],[4.1691,51.3631],[4.1726,51.3636],[4.1728,51.3624],[4.1693,51.3621],[4.1725,51.3623],[4.1727,51.3618],[4.1695,51.3601],[4.1678,51.3604],[4.1694,51.36],[4.1673,51.3594],[4.1651,51.3596],[4.1666,51.3593],[4.1679,51.3595],[4.1669,51.359],[4.1677,51.3591],[4.1731,51.3617],[4.1731,51.3605],[4.1709,51.3587],[4.1695,51.3589],[4.1692,51.3589],[4.1709,51.3586],[4.1695,51.3564],[4.1697,51.3557],[4.1708,51.3549],[4.174,51.3539],[4.1733,51.3533],[4.171,51.3529],[4.1684,51.3531],[4.1689,51.3534],[4.1668,51.3532],[4.1661,51.3535],[4.1668,51.3541],[4.1655,51.3539],[4.1653,51.3548],[4.1651,51.3542],[4.1647,51.3543],[4.1651,51.3549],[4.1645,51.3545],[4.1654,51.3536],[4.1645,51.3536],[4.1632,51.3539],[4.1637,51.3545],[4.1627,51.3543],[4.1626,51.3547],[4.1632,51.3548],[4.1633,51.355],[4.1629,51.3553],[4.1632,51.3555],[4.1628,51.3559],[4.1631,51.3556],[4.1628,51.3553],[4.1632,51.355],[4.1625,51.3547],[4.162,51.3548],[4.1618,51.3554],[4.1615,51.3557],[4.1619,51.3548],[4.1624,51.3545],[4.1624,51.3539],[4.1603,51.3546],[4.1599,51.3552],[4.1604,51.3553],[4.1596,51.3553],[4.1604,51.3543],[4.1573,51.3551],[4.1576,51.3554],[4.1558,51.3569],[4.1553,51.3583],[4.1563,51.3576],[4.1581,51.3576],[4.1586,51.3577],[4.1592,51.3579],[4.1563,51.3579],[4.1556,51.3586],[4.1571,51.3587],[4.1552,51.3588],[4.1535,51.3611],[4.1562,51.3616],[4.1553,51.3607],[4.1562,51.3603],[4.1554,51.3607],[4.1568,51.3617],[4.1577,51.3615],[4.1573,51.3613],[4.1577,51.361],[4.1574,51.3613],[4.1592,51.3612],[4.1617,51.362],[4.1623,51.3617],[4.1616,51.3621],[4.1581,51.3615],[4.1569,51.3619],[4.1573,51.3624],[4.1571,51.3627],[4.1566,51.3619],[4.153,51.362],[4.1533,51.3626],[4.1527,51.3621],[4.1508,51.3642],[4.1511,51.3651],[4.1517,51.3653],[4.1514,51.3657],[4.1524,51.3658],[4.1519,51.3661],[4.1536,51.3656],[4.1522,51.3663],[4.1532,51.3664],[4.1517,51.3664],[4.1522,51.3681],[4.1538,51.3681],[4.156,51.3688],[4.1563,51.3687],[4.1559,51.3682],[4.1552,51.3681],[4.156,51.3678],[4.1564,51.3685],[4.1586,51.3688],[4.159,51.368],[4.1585,51.3678],[4.1584,51.3675],[4.1591,51.368],[4.1589,51.3686],[4.1593,51.3685],[4.1595,51.3673],[4.1605,51.3666],[4.1592,51.3663],[4.1591,51.3657],[4.1593,51.3655],[4.1594,51.3664],[4.1609,51.3663],[4.1597,51.3674],[4.16,51.3679],[4.1597,51.3685],[4.1611,51.3687],[4.1613,51.3681],[4.1619,51.3687],[4.1637,51.3679],[4.1635,51.3669],[4.1627,51.3663],[4.1632,51.3651],[4.1621,51.3639],[4.1623,51.3636],[4.1634,51.3653],[4.1629,51.3662],[4.1636,51.3668],[4.1639,51.3676],[4.1643,51.3675],[4.164,51.3655],[4.1642,51.3651],[4.1645,51.3662],[4.1658,51.3662],[4.1658,51.3659],[4.1662,51.3662],[4.1649,51.3664],[4.1644,51.3682],[4.1627,51.3696],[4.1642,51.3702],[4.1644,51.3697],[4.1653,51.3692],[4.1651,51.3696],[4.1643,51.3703],[4.1626,51.3703],[4.1644,51.3708],[4.1662,51.3702]]],[[[4.2196,51.363],[4.2161,51.3672],[4.2154,51.3696],[4.2137,51.3723],[4.2128,51.3741],[4.2124,51.3762],[4.2129,51.3741],[4.2153,51.3701],[4.2162,51.3672],[4.2196,51.363]]],[[[4.1721,51.3725],[4.1728,51.3712],[4.1721,51.3695],[4.1652,51.3709],[4.1658,51.3715],[4.1699,51.3717],[4.1689,51.372],[4.1706,51.3726],[4.1721,51.3725]]],[[[4.0689,51.3855],[4.0696,51.3862],[4.0699,51.3854],[4.0698,51.3867],[4.071,51.3866],[4.0703,51.3872],[4.0706,51.3873],[4.0825,51.3848],[4.0876,51.3814],[4.0881,51.38],[4.0904,51.3784],[4.0903,51.3777],[4.0898,51.3773],[4.0892,51.3779],[4.0887,51.3777],[4.0886,51.3791],[4.0881,51.3796],[4.0868,51.3788],[4.0861,51.3777],[4.0853,51.3782],[4.0839,51.3776],[4.0829,51.378],[4.0822,51.3775],[4.0797,51.3781],[4.0793,51.3778],[4.0782,51.3784],[4.0782,51.3789],[4.079,51.3796],[4.0782,51.3795],[4.0782,51.3801],[4.0793,51.3806],[4.0823,51.3807],[4.0825,51.3815],[4.0814,51.3822],[4.0787,51.3829],[4.0759,51.382],[4.0765,51.383],[4.0759,51.3834],[4.0736,51.3835],[4.0723,51.3842],[4.0684,51.3845],[4.0672,51.3842],[4.0664,51.3847],[4.0671,51.3859],[4.0679,51.3865],[4.0679,51.386],[4.0684,51.387],[4.0695,51.3875],[4.0689,51.3855]]],[[[4.1525,51.6064],[4.1551,51.6051],[4.1569,51.6053],[4.156,51.6044],[4.1518,51.6034],[4.1506,51.6036],[4.1505,51.604],[4.1534,51.6044],[4.1527,51.6044],[4.1526,51.6052],[4.1517,51.6056],[4.1525,51.6064]]],[[[4.1642,51.6083],[4.1651,51.6079],[4.166,51.6083],[4.1668,51.6078],[4.164,51.6073],[4.1642,51.6083]]],[[[4.2526,51.6338],[4.2524,51.6328],[4.2511,51.6339],[4.2505,51.634],[4.2513,51.6331],[4.2496,51.634],[4.2499,51.6345],[4.2509,51.6346],[4.2526,51.6338]]],[[[4.2003,51.6392],[4.2111,51.6385],[4.2134,51.6377],[4.2146,51.6383],[4.215,51.638],[4.2142,51.6379],[4.2141,51.6374],[4.2171,51.6357],[4.2156,51.6347],[4.2139,51.6345],[4.2118,51.6336],[4.2102,51.6343],[4.2111,51.6347],[4.2116,51.6354],[4.2103,51.6344],[4.2081,51.6339],[4.2042,51.634],[4.2008,51.635],[4.1957,51.638],[4.2003,51.6392]]],[[[4.2088,51.6409],[4.2091,51.6407],[4.2094,51.6402],[4.2083,51.641],[4.2087,51.6405],[4.2084,51.64],[4.2067,51.6401],[4.2062,51.6408],[4.2058,51.6402],[4.2061,51.6398],[4.2058,51.64],[4.2057,51.6402],[4.2059,51.6405],[4.2063,51.641],[4.2067,51.6412],[4.2077,51.6412],[4.2088,51.6409]]],[[[4.2017,51.6417],[4.1991,51.6406],[4.2016,51.6416],[4.2031,51.6415],[4.2031,51.6411],[4.2016,51.6413],[4.2009,51.6404],[4.1987,51.6396],[4.199,51.6406],[4.2011,51.6416],[4.2017,51.6418],[4.2024,51.6417],[4.2017,51.6417]]],[[[4.1973,51.6439],[4.1984,51.6434],[4.199,51.644],[4.1982,51.6437],[4.1977,51.6438],[4.201,51.6445],[4.2019,51.6442],[4.2021,51.6438],[4.2016,51.6435],[4.202,51.6436],[4.2022,51.6439],[4.2021,51.6441],[4.2014,51.6446],[4.1994,51.6446],[4.2012,51.6447],[4.2018,51.6444],[4.2023,51.6439],[4.202,51.6435],[4.2016,51.6434],[4.2002,51.644],[4.1982,51.6432],[4.1956,51.6434],[4.1964,51.6443],[4.197,51.6444],[4.1973,51.6439]],[[4.201,51.6441],[4.2006,51.644],[4.2015,51.6437],[4.201,51.6441]]],[[[4.2403,51.6436],[4.238,51.6432],[4.2367,51.6442],[4.2367,51.6453],[4.2382,51.6459],[4.2381,51.6448],[4.2403,51.6436]]],[[[4.2945,51.6424],[4.2961,51.6439],[4.3005,51.6447],[4.3041,51.6461],[4.3075,51.647],[4.2986,51.644],[4.2961,51.6434],[4.295,51.6424],[4.2945,51.6424]]],[[[4.2421,51.6461],[4.2447,51.6461],[4.2441,51.6451],[4.2452,51.6447],[4.2445,51.6442],[4.2424,51.6439],[4.2407,51.6441],[4.2402,51.6447],[4.2421,51.6461]]],[[[4.1996,51.6462],[4.1988,51.6454],[4.1986,51.6462],[4.1972,51.6474],[4.1962,51.6466],[4.1964,51.648],[4.1975,51.648],[4.1996,51.6462]]],[[[4.241,51.6474],[4.2425,51.6468],[4.2378,51.6463],[4.2384,51.6471],[4.241,51.6474]]],[[[4.1933,51.6502],[4.1938,51.6484],[4.1926,51.6496],[4.1914,51.649],[4.1909,51.6492],[4.1927,51.6504],[4.1933,51.6502]]],[[[4.1913,51.6527],[4.1918,51.6524],[4.1922,51.6518],[4.1918,51.6523],[4.1913,51.6526],[4.1917,51.6515],[4.1906,51.6522],[4.1902,51.6522],[4.1904,51.6518],[4.189,51.6521],[4.1882,51.6514],[4.1886,51.6506],[4.1877,51.6507],[4.1879,51.6499],[4.1887,51.6494],[4.1873,51.6496],[4.1871,51.6507],[4.1882,51.6524],[4.1912,51.6526],[4.1899,51.6528],[4.1882,51.6526],[4.1879,51.6523],[4.1882,51.6527],[4.1898,51.6529],[4.1913,51.6527]]],[[[4.1828,51.6567],[4.1809,51.6566],[4.1799,51.6568],[4.1819,51.6569],[4.1836,51.658],[4.1837,51.6574],[4.1828,51.6567]]],[[[4.1742,51.6588],[4.1769,51.6583],[4.1795,51.6586],[4.1781,51.6576],[4.1734,51.6581],[4.1729,51.6585],[4.1742,51.6588]]],[[[4.212,51.6614],[4.2126,51.6609],[4.2119,51.6614],[4.212,51.6611],[4.2137,51.6598],[4.2129,51.6599],[4.2115,51.6606],[4.2107,51.6608],[4.2106,51.6612],[4.2106,51.6607],[4.2113,51.6606],[4.2129,51.6598],[4.2107,51.6607],[4.2105,51.6608],[4.2105,51.6612],[4.2108,51.6614],[4.2117,51.6615],[4.212,51.6614]]],[[[4.2127,51.666],[4.2127,51.6656],[4.2118,51.6653],[4.2113,51.6646],[4.212,51.6645],[4.2121,51.665],[4.2123,51.6645],[4.2141,51.6641],[4.2116,51.664],[4.2103,51.6633],[4.2088,51.6641],[4.2111,51.6656],[4.2127,51.666]]],[[[4.206,51.6715],[4.2052,51.6687],[4.203,51.6677],[4.1995,51.6682],[4.203,51.6683],[4.2008,51.6682],[4.2027,51.668],[4.203,51.6681],[4.2034,51.6687],[4.2046,51.6688],[4.2053,51.6697],[4.205,51.6702],[4.2054,51.6714],[4.205,51.6719],[4.206,51.6715]]],[[[4.2048,51.6726],[4.2038,51.672],[4.2042,51.6715],[4.2045,51.6718],[4.2042,51.6712],[4.2011,51.6697],[4.2016,51.6688],[4.2008,51.6692],[4.2009,51.6702],[4.2032,51.6713],[4.2036,51.6723],[4.2048,51.6726]]],[[[4.1899,51.6737],[4.1889,51.673],[4.1903,51.6725],[4.1903,51.6721],[4.1888,51.673],[4.1898,51.6737],[4.1891,51.6736],[4.1887,51.673],[4.1907,51.6716],[4.1936,51.6721],[4.1919,51.6712],[4.1929,51.6703],[4.1935,51.6703],[4.1941,51.6714],[4.1956,51.6715],[4.1965,51.6709],[4.1969,51.6699],[4.1974,51.6696],[4.197,51.6701],[4.1968,51.6708],[4.196,51.6714],[4.1952,51.6716],[4.1936,51.6715],[4.1954,51.6717],[4.196,51.6715],[4.1967,51.671],[4.1975,51.6696],[4.1971,51.6694],[4.1966,51.6696],[4.1958,51.6709],[4.1951,51.6712],[4.1942,51.6705],[4.1954,51.6696],[4.1942,51.67],[4.1938,51.6696],[4.1967,51.6687],[4.1971,51.6686],[4.1977,51.6689],[4.197,51.6687],[4.1964,51.6688],[4.1961,51.669],[4.1957,51.6694],[4.1965,51.6689],[4.1977,51.6689],[4.1978,51.6687],[4.1961,51.6684],[4.1916,51.6704],[4.1881,51.6731],[4.1889,51.6739],[4.1899,51.6737]]],[[[4.1836,51.679],[4.183,51.6781],[4.1817,51.6771],[4.1824,51.6767],[4.1823,51.6765],[4.1821,51.6764],[4.1824,51.6767],[4.1817,51.6768],[4.1816,51.6771],[4.183,51.6782],[4.1835,51.679],[4.1814,51.6771],[4.1816,51.6768],[4.1822,51.6765],[4.1809,51.6768],[4.1828,51.6784],[4.1832,51.6792],[4.1801,51.677],[4.1802,51.6757],[4.1813,51.6754],[4.1835,51.6762],[4.1826,51.6755],[4.1843,51.6754],[4.1839,51.6744],[4.1821,51.6752],[4.1815,51.6749],[4.1838,51.6741],[4.1849,51.6743],[4.1862,51.6739],[4.1873,51.6741],[4.1862,51.6741],[4.1845,51.6744],[4.185,51.6745],[4.1862,51.6741],[4.1875,51.6744],[4.1875,51.6739],[4.1853,51.6736],[4.183,51.6739],[4.1793,51.6756],[4.1793,51.6768],[4.1824,51.6786],[4.1832,51.6799],[4.1836,51.679]]],[[[4.1899,51.6794],[4.1909,51.6796],[4.193,51.6787],[4.1883,51.6793],[4.1865,51.6801],[4.1899,51.6794]]],[[[4.1263,51.6792],[4.1237,51.6798],[4.1224,51.6795],[4.1189,51.6803],[4.1229,51.6802],[4.1263,51.6792]]],[[[4.1854,51.6816],[4.1844,51.6813],[4.1841,51.6797],[4.1846,51.6808],[4.1867,51.6812],[4.1871,51.6806],[4.1861,51.6802],[4.1849,51.6805],[4.1844,51.6797],[4.1848,51.6801],[4.1854,51.6802],[4.1889,51.679],[4.1932,51.6787],[4.1889,51.6789],[4.1854,51.6801],[4.1839,51.6794],[4.1839,51.6809],[4.1844,51.682],[4.1855,51.6822],[4.1854,51.6816]]],[[[4.1901,51.682],[4.1911,51.6807],[4.1933,51.6794],[4.1905,51.6806],[4.1891,51.682],[4.1879,51.682],[4.1874,51.6814],[4.1862,51.6819],[4.1889,51.6824],[4.1901,51.682]]],[[[4.0924,51.6874],[4.0927,51.6873],[4.0926,51.6863],[4.0925,51.6869],[4.0918,51.6868],[4.0908,51.6858],[4.0907,51.6848],[4.0914,51.6844],[4.0875,51.6864],[4.0893,51.6857],[4.0907,51.6873],[4.0875,51.6873],[4.0874,51.6869],[4.0874,51.6873],[4.0924,51.6874]]],[[[4.0862,51.687],[4.0849,51.6872],[4.0849,51.6859],[4.0859,51.6857],[4.0863,51.6866],[4.0859,51.6856],[4.0822,51.6864],[4.0822,51.6868],[4.0833,51.6862],[4.0833,51.6871],[4.0818,51.6868],[4.0818,51.6871],[4.0849,51.6873],[4.0862,51.6873],[4.0862,51.687]]],[[[4.3401,51.7057],[4.3421,51.7054],[4.3463,51.7045],[4.3466,51.7043],[4.3511,51.7037],[4.3466,51.7042],[4.3433,51.7051],[4.3413,51.704],[4.3371,51.7039],[4.3361,51.7045],[4.3393,51.7056],[4.3363,51.7054],[4.3363,51.7053],[4.333,51.7045],[4.3363,51.7055],[4.3378,51.7057],[4.3401,51.7057]]],[[[4.3679,51.7065],[4.3677,51.7055],[4.3671,51.7047],[4.3678,51.707],[4.3652,51.7057],[4.3628,51.7067],[4.3628,51.7071],[4.3602,51.7047],[4.3573,51.7037],[4.3563,51.7035],[4.3552,51.7034],[4.3602,51.7048],[4.3662,51.71],[4.3677,51.7074],[4.3679,51.7065]]],[[[4.3396,51.7105],[4.342,51.711],[4.3422,51.7115],[4.342,51.7107],[4.3426,51.7099],[4.3449,51.7096],[4.3404,51.7101],[4.3386,51.7107],[4.3366,51.7117],[4.3396,51.7105]]],[[[4.3349,51.7119],[4.332,51.7181],[4.3321,51.7183],[4.3423,51.7219],[4.3655,51.7142],[4.3695,51.7143],[4.3738,51.7127],[4.3695,51.7142],[4.3656,51.7142],[4.3661,51.7136],[4.3651,51.712],[4.3659,51.7137],[4.3621,51.7153],[4.3594,51.7146],[4.355,51.7146],[4.3549,51.7153],[4.3557,51.7148],[4.3586,51.7149],[4.3599,51.7159],[4.3422,51.7217],[4.3344,51.719],[4.3383,51.7199],[4.3359,51.7188],[4.3371,51.7185],[4.3357,51.7179],[4.3348,51.7158],[4.3336,51.7162],[4.3348,51.7156],[4.3345,51.7152],[4.3336,51.7155],[4.3326,51.7171],[4.3349,51.7119],[4.3366,51.7113],[4.3349,51.7119]]],[[[4.2624,51.754],[4.2689,51.7527],[4.2696,51.753],[4.269,51.7536],[4.272,51.7533],[4.2721,51.7528],[4.2724,51.7531],[4.2742,51.7528],[4.2768,51.753],[4.2774,51.7526],[4.2786,51.7529],[4.2792,51.7527],[4.2765,51.7518],[4.2778,51.7519],[4.2795,51.7527],[4.2954,51.7501],[4.2944,51.7484],[4.2957,51.75],[4.2957,51.7497],[4.3113,51.7471],[4.3192,51.7448],[4.323,51.7441],[4.3219,51.743],[4.3233,51.744],[4.3287,51.742],[4.3371,51.7399],[4.337,51.7395],[4.3385,51.7396],[4.3532,51.7368],[4.3568,51.735],[4.3577,51.7336],[4.3572,51.7334],[4.3579,51.7335],[4.357,51.7317],[4.3488,51.7306],[4.3415,51.7286],[4.3387,51.7273],[4.3392,51.7275],[4.3387,51.7277],[4.3374,51.7268],[4.3385,51.7272],[4.3363,51.7263],[4.336,51.7266],[4.3354,51.7265],[4.3353,51.7266],[4.336,51.7266],[4.3365,51.7264],[4.3371,51.7266],[4.3363,51.7265],[4.3356,51.7271],[4.3376,51.7273],[4.3385,51.7287],[4.338,51.7283],[4.3378,51.7287],[4.3376,51.7274],[4.3352,51.7274],[4.3345,51.7265],[4.3351,51.7265],[4.3322,51.7263],[4.3344,51.7265],[4.3319,51.7269],[4.3317,51.7265],[4.3285,51.7262],[4.3319,51.7263],[4.3304,51.7261],[4.3174,51.7267],[4.3168,51.7268],[4.317,51.7273],[4.3133,51.7289],[4.3164,51.7274],[4.3158,51.727],[4.3119,51.728],[4.3107,51.7277],[4.3076,51.7286],[4.3087,51.7284],[4.3084,51.7288],[4.3075,51.7286],[4.3039,51.7299],[4.306,51.7311],[4.3031,51.7327],[4.3038,51.7335],[4.3044,51.7334],[4.3036,51.7337],[4.303,51.7326],[4.3058,51.7311],[4.3035,51.73],[4.3019,51.7301],[4.3014,51.7296],[4.301,51.7302],[4.2963,51.7321],[4.2944,51.7334],[4.2936,51.7332],[4.2897,51.7344],[4.2905,51.7349],[4.2899,51.7344],[4.2918,51.7338],[4.2905,51.7347],[4.2914,51.7348],[4.2912,51.7355],[4.2925,51.7359],[4.2927,51.7371],[4.294,51.7377],[4.2925,51.7371],[4.2923,51.7359],[4.2903,51.7353],[4.2899,51.735],[4.2901,51.7354],[4.2892,51.7352],[4.2895,51.7356],[4.2887,51.7356],[4.2889,51.7361],[4.288,51.7362],[4.288,51.7367],[4.2863,51.7373],[4.2854,51.7367],[4.2843,51.7372],[4.285,51.7377],[4.2844,51.7383],[4.2826,51.7385],[4.2789,51.7407],[4.2768,51.7412],[4.2778,51.7423],[4.279,51.7428],[4.279,51.7437],[4.2805,51.7436],[4.2801,51.7439],[4.279,51.7438],[4.2788,51.7428],[4.2779,51.7425],[4.2767,51.7416],[4.2733,51.743],[4.2748,51.7447],[4.2741,51.7444],[4.2731,51.743],[4.2677,51.7454],[4.2695,51.7467],[4.2709,51.7466],[4.2711,51.7467],[4.2695,51.7468],[4.2677,51.7456],[4.2662,51.7463],[4.2625,51.7466],[4.2645,51.7458],[4.2658,51.745],[4.2656,51.7449],[4.262,51.7467],[4.2623,51.7467],[4.2622,51.747],[4.2583,51.7486],[4.2582,51.7495],[4.259,51.7512],[4.2599,51.752],[4.2613,51.7523],[4.2624,51.754]]],[[[3.9964,51.7583],[3.9973,51.7578],[3.996,51.7553],[3.9959,51.7517],[4.0013,51.7417],[4.0034,51.7386],[4.0075,51.734],[4.0099,51.7325],[4.0144,51.7306],[4.0161,51.7295],[4.0164,51.7291],[4.0147,51.7303],[4.0161,51.7269],[4.0153,51.7262],[4.013,51.7252],[4.0097,51.7252],[4.0077,51.7256],[4.0063,51.7254],[4.0033,51.7264],[4.0006,51.7288],[3.9984,51.7318],[3.9974,51.7323],[3.9948,51.739],[3.9908,51.7449],[3.9819,51.7515],[3.978,51.7526],[3.9785,51.7534],[3.9792,51.7538],[3.9791,51.7549],[3.9794,51.755],[3.9796,51.7549],[3.9793,51.7548],[3.9794,51.7539],[3.9792,51.7533],[3.9792,51.7537],[3.9786,51.7534],[3.9786,51.7528],[3.9793,51.7529],[3.9799,51.7544],[3.9795,51.7548],[3.9802,51.7548],[3.9813,51.7561],[3.9819,51.7565],[3.9856,51.7574],[3.9819,51.7564],[3.981,51.7556],[3.9826,51.7564],[3.9873,51.7574],[3.9864,51.7574],[3.9937,51.7585],[3.9964,51.7583]]],[[[4.0,51.7578],[4.0073,51.7577],[4.0046,51.7556],[4.0031,51.755],[4.0029,51.7554],[4.001,51.7559],[3.9995,51.7568],[4.0,51.7578]]],[[[4.0223,51.7642],[4.0266,51.7602],[4.0261,51.7588],[4.0245,51.7586],[4.0222,51.7588],[4.0201,51.7609],[4.0203,51.7613],[4.0195,51.7606],[4.0191,51.7611],[4.0197,51.7614],[4.0203,51.7636],[4.0218,51.7644],[4.0214,51.7638],[4.0223,51.7642]]],[[[4.1447,51.8017],[4.1492,51.8013],[4.1484,51.801],[4.1475,51.7997],[4.1477,51.7992],[4.1484,51.7991],[4.1483,51.7987],[4.1427,51.7991],[4.1406,51.8005],[4.1415,51.8011],[4.1427,51.8],[4.1457,51.7996],[4.1426,51.8012],[4.1447,51.8017]]],[[[4.0813,51.8091],[4.0841,51.8078],[4.0871,51.8071],[4.0865,51.8068],[4.0836,51.8073],[4.08,51.809],[4.0813,51.8091]]],[[[4.0632,51.8161],[4.0697,51.8143],[4.07,51.8138],[4.0654,51.8141],[4.0623,51.8152],[4.0619,51.8158],[4.0632,51.8161]]],[[[4.0568,51.8183],[4.062,51.8168],[4.0606,51.8161],[4.0598,51.8171],[4.0568,51.8183]]],[[[4.1143,51.8261],[4.1167,51.8243],[4.1156,51.8242],[4.1137,51.8261],[4.1143,51.8261]]],[[[4.1069,51.8267],[4.1111,51.826],[4.1126,51.8255],[4.1062,51.8259],[4.1057,51.8264],[4.1069,51.8267]]],[[[4.0123,51.8493],[4.0124,51.8476],[4.0095,51.8461],[4.0081,51.8463],[4.0085,51.8455],[4.0021,51.8442],[4.0026,51.8441],[4.0026,51.8435],[3.9982,51.8439],[3.9903,51.8436],[3.9896,51.8436],[3.9897,51.8428],[3.9889,51.8424],[3.9852,51.8421],[3.9808,51.8431],[3.9819,51.8439],[3.987,51.845],[4.0008,51.8494],[4.0055,51.8502],[4.0123,51.8493]]],[[[4.3845,51.6809],[4.3826,51.6809],[4.3803,51.6788],[4.3803,51.6781],[4.3821,51.6768],[4.383,51.6781],[4.3824,51.6787],[4.3831,51.6785],[4.3831,51.6788],[4.3825,51.6788],[4.3834,51.6793],[4.3828,51.6801],[4.3838,51.6797],[4.384,51.6803],[4.3832,51.6804],[4.3832,51.6806],[4.3847,51.6804],[4.3823,51.6763],[4.3791,51.6729],[4.3822,51.6767],[4.3802,51.6781],[4.3804,51.679],[4.3821,51.6808],[4.3827,51.6809],[4.3845,51.6809]]],[[[4.3825,51.6794],[4.3821,51.6795],[4.3816,51.6791],[4.3822,51.6792],[4.3819,51.6786],[4.3823,51.6789],[4.3822,51.6783],[4.3827,51.6783],[4.3822,51.6776],[4.3811,51.678],[4.3809,51.679],[4.382,51.6797],[4.3825,51.6794]]],[[[4.3681,51.6911],[4.3699,51.6904],[4.3694,51.6892],[4.3679,51.6892],[4.3664,51.6908],[4.3681,51.6911]]],[[[4.3772,51.699],[4.3808,51.6988],[4.3816,51.6978],[4.3801,51.6974],[4.381,51.697],[4.3799,51.6969],[4.3836,51.6959],[4.3783,51.6936],[4.3729,51.6934],[4.3719,51.6938],[4.3718,51.695],[4.3744,51.6956],[4.3759,51.6967],[4.3757,51.6973],[4.3769,51.6974],[4.3764,51.6977],[4.3755,51.6973],[4.3751,51.6983],[4.3772,51.699]]],[[[4.5953,51.7009],[4.5694,51.6964],[4.5674,51.6953],[4.5548,51.6932],[4.5453,51.6933],[4.5452,51.692],[4.5442,51.6918],[4.5431,51.6935],[4.544,51.695],[4.5472,51.6963],[4.5656,51.6997],[4.5796,51.7],[4.5898,51.7023],[4.5998,51.7031],[4.6005,51.7027],[4.5953,51.7009]]],[[[4.4067,51.7052],[4.4049,51.7048],[4.4052,51.7044],[4.4048,51.7048],[4.4012,51.7037],[4.4015,51.703],[4.4001,51.7032],[4.3991,51.7022],[4.3976,51.7024],[4.3973,51.703],[4.3973,51.7038],[4.3983,51.7044],[4.4025,51.7043],[4.4041,51.7049],[4.4067,51.7052]]],[[[4.4483,51.7169],[4.4513,51.7166],[4.4516,51.715],[4.4465,51.7154],[4.4458,51.7159],[4.4504,51.7154],[4.4473,51.7162],[4.4475,51.7174],[4.4484,51.7175],[4.4483,51.7169]]],[[[4.4474,51.7171],[4.4472,51.7162],[4.4457,51.7162],[4.445,51.7169],[4.4474,51.7171]]],[[[4.5788,52.4645],[4.573,52.464],[4.5737,52.4643],[4.5736,52.4655],[4.577,52.4661],[4.5781,52.4661],[4.5788,52.4645]]],[[[4.6928,52.9797],[4.689,52.9803],[4.6879,52.9799],[4.6886,52.9792],[4.6896,52.9796],[4.6932,52.9796],[4.696,52.9782],[4.7109,52.9752],[4.7,52.9725],[4.7008,52.9723],[4.6963,52.9712],[4.6884,52.9683],[4.6842,52.9635],[4.6825,52.9608],[4.6803,52.9596],[4.6753,52.9597],[4.6684,52.9619],[4.6646,52.9649],[4.6628,52.9686],[4.6625,52.9704],[4.663,52.975],[4.6659,52.9817],[4.6675,52.9838],[4.6724,52.9868],[4.6795,52.988],[4.6841,52.9878],[4.6872,52.9872],[4.6899,52.9854],[4.6905,52.9835],[4.6895,52.982],[4.6905,52.9808],[4.6928,52.9797]]],[[[4.7717,52.9953],[4.7662,52.9948],[4.767,52.9943],[4.7646,52.9944],[4.7555,52.9932],[4.7509,52.9921],[4.7503,52.9916],[4.7497,52.9918],[4.7532,52.9934],[4.7623,52.995],[4.7635,52.9956],[4.7666,52.9953],[4.7698,52.9961],[4.7697,52.9955],[4.7717,52.9953]]],[[[4.8549,53.1853],[4.8586,53.1847],[4.8634,53.1815],[4.8631,53.1813],[4.8653,53.1787],[4.871,53.1745],[4.8745,53.1711],[4.8752,53.1694],[4.8744,53.1693],[4.8743,53.1687],[4.8749,53.1666],[4.8763,53.1666],[4.8762,53.1661],[4.8784,53.1655],[4.8804,53.1643],[4.8804,53.1636],[4.8797,53.1642],[4.8792,53.1635],[4.88,53.1621],[4.8808,53.1616],[4.8799,53.1619],[4.8788,53.1635],[4.8771,53.164],[4.8767,53.1611],[4.8776,53.1581],[4.8785,53.1582],[4.8776,53.1578],[4.8784,53.1577],[4.878,53.1575],[4.8811,53.1551],[4.8827,53.155],[4.8866,53.1563],[4.8869,53.1557],[4.8893,53.1548],[4.8939,53.1512],[4.8986,53.1452],[4.9002,53.1437],[4.9008,53.1438],[4.9003,53.1434],[4.9065,53.137],[4.9062,53.1365],[4.9052,53.1365],[4.9047,53.1363],[4.9049,53.1368],[4.9041,53.1374],[4.903,53.1373],[4.902,53.1368],[4.904,53.1373],[4.9047,53.1368],[4.9044,53.1362],[4.9066,53.1365],[4.9083,53.1342],[4.9083,53.133],[4.9075,53.1327],[4.9079,53.1325],[4.9059,53.1313],[4.9043,53.1323],[4.9033,53.1338],[4.904,53.1322],[4.902,53.1324],[4.9016,53.1331],[4.902,53.1337],[4.9016,53.1343],[4.9016,53.1327],[4.9021,53.1322],[4.903,53.1319],[4.9018,53.1321],[4.9013,53.1314],[4.9015,53.1301],[4.9018,53.1306],[4.9023,53.1302],[4.9034,53.1299],[4.9051,53.1305],[4.9054,53.13],[4.9037,53.1288],[4.9026,53.1287],[4.9021,53.1278],[4.9014,53.1279],[4.9013,53.1274],[4.9026,53.1271],[4.9024,53.1261],[4.9034,53.1264],[4.9024,53.1257],[4.9002,53.125],[4.8998,53.1238],[4.8983,53.1],[4.8988,53.0981],[4.8997,53.0974],[4.8992,53.0957],[4.9005,53.0877],[4.8998,53.0835],[4.8973,53.0786],[4.8879,53.0727],[4.8806,53.0709],[4.8797,53.0701],[4.8801,53.069],[4.8791,53.0684],[4.879,53.067],[4.8769,53.0656],[4.873,53.0648],[4.8728,53.0627],[4.8735,53.0559],[4.8751,53.0554],[4.8734,53.0558],[4.8727,53.0549],[4.8615,53.0481],[4.8621,53.0477],[4.8618,53.0469],[4.8608,53.0464],[4.86,53.0441],[4.8589,53.0439],[4.8591,53.0432],[4.8562,53.0408],[4.8532,53.0402],[4.8529,53.0397],[4.8534,53.0392],[4.8522,53.0396],[4.8526,53.0402],[4.854,53.0407],[4.8551,53.0419],[4.8566,53.0417],[4.8585,53.0433],[4.8585,53.044],[4.8597,53.0447],[4.8605,53.0467],[4.8599,53.047],[4.8568,53.0448],[4.857,53.0442],[4.858,53.0441],[4.857,53.0437],[4.8561,53.0426],[4.8556,53.0428],[4.856,53.0433],[4.8533,53.0434],[4.8513,53.0401],[4.8497,53.0401],[4.8499,53.0396],[4.8507,53.0398],[4.8494,53.0392],[4.8503,53.0388],[4.8514,53.0393],[4.8532,53.0389],[4.8522,53.0385],[4.849,53.0352],[4.8458,53.0334],[4.8373,53.0305],[4.8301,53.0296],[4.8195,53.0293],[4.8192,53.0291],[4.8195,53.0289],[4.8191,53.029],[4.7927,53.0084],[4.7933,53.0074],[4.7969,53.0074],[4.7979,53.0069],[4.7936,53.0068],[4.793,53.006],[4.7961,53.0051],[4.7972,53.0058],[4.7967,53.0052],[4.7974,53.005],[4.7939,53.0032],[4.793,53.0022],[4.7846,53.0016],[4.7847,53.0019],[4.783,53.0038],[4.782,53.0042],[4.7814,53.0038],[4.7826,53.003],[4.7815,53.0036],[4.7816,53.0032],[4.7812,53.0037],[4.7801,53.0034],[4.782,53.0019],[4.7832,53.0014],[4.7817,53.0014],[4.7799,53.0028],[4.7788,53.0031],[4.7795,53.0032],[4.7758,53.0043],[4.7728,53.006],[4.7703,53.0062],[4.7694,53.0059],[4.7673,53.0068],[4.7625,53.0078],[4.7548,53.0102],[4.7486,53.011],[4.7496,53.0104],[4.748,53.0107],[4.7482,53.0102],[4.747,53.0103],[4.7464,53.01],[4.7536,53.0044],[4.7605,53.0018],[4.7614,53.0016],[4.7618,53.0021],[4.7626,53.0023],[4.7615,53.0015],[4.7624,53.0012],[4.7629,53.0017],[4.7639,53.0015],[4.7638,53.0023],[4.767,53.0001],[4.7705,53.0],[4.7713,52.9988],[4.773,52.9985],[4.7737,52.9962],[4.7716,52.9964],[4.767,52.9959],[4.7686,52.9965],[4.7624,52.9973],[4.7518,52.996],[4.7506,52.9949],[4.7516,52.9941],[4.7494,52.9937],[4.7476,52.9944],[4.7444,52.9925],[4.7446,52.992],[4.7461,52.9915],[4.746,52.991],[4.747,52.9902],[4.7522,52.9908],[4.7467,52.9893],[4.7371,52.9893],[4.7337,52.9881],[4.7341,52.9877],[4.7319,52.9867],[4.7311,52.9842],[4.7275,52.9863],[4.7255,52.9883],[4.7269,52.9861],[4.7306,52.9839],[4.729,52.9845],[4.7257,52.9868],[4.7216,52.9911],[4.7182,52.9934],[4.7135,52.9973],[4.7125,52.9992],[4.7133,53.003],[4.7123,53.0049],[4.7116,53.0015],[4.712,52.9988],[4.7114,52.9992],[4.7111,53.0011],[4.7116,53.0047],[4.7114,53.008],[4.7108,53.0086],[4.7088,53.0156],[4.7062,53.0155],[4.7088,53.0157],[4.7086,53.0233],[4.709,53.0249],[4.7089,53.0262],[4.706,53.0264],[4.7088,53.0263],[4.7096,53.0284],[4.7103,53.0329],[4.7071,53.0335],[4.7103,53.0333],[4.7106,53.0345],[4.7116,53.0355],[4.7115,53.0358],[4.7111,53.0355],[4.7116,53.0378],[4.7138,53.0438],[4.7132,53.0433],[4.7133,53.0437],[4.7098,53.0441],[4.7133,53.0438],[4.7144,53.047],[4.7168,53.0509],[4.7193,53.058],[4.7228,53.0648],[4.7349,53.0813],[4.7557,53.1035],[4.7572,53.1044],[4.7698,53.117],[4.7752,53.1212],[4.7824,53.1282],[4.7925,53.1364],[4.7976,53.1382],[4.7999,53.1375],[4.7982,53.137],[4.7986,53.1359],[4.7995,53.1351],[4.8021,53.1347],[4.8017,53.1343],[4.803,53.134],[4.805,53.1342],[4.8041,53.1334],[4.8064,53.1332],[4.806,53.1337],[4.8093,53.1338],[4.8072,53.1349],[4.8098,53.1366],[4.8115,53.1356],[4.8106,53.1346],[4.8118,53.1346],[4.8118,53.1342],[4.8123,53.1338],[4.8119,53.1346],[4.8113,53.1349],[4.8119,53.1356],[4.8102,53.1368],[4.8111,53.137],[4.8116,53.1377],[4.8126,53.1378],[4.813,53.1383],[4.8143,53.1383],[4.8159,53.139],[4.8163,53.1395],[4.817,53.1393],[4.8174,53.1389],[4.8179,53.1387],[4.817,53.1393],[4.8163,53.1396],[4.8143,53.1384],[4.8131,53.1384],[4.8125,53.1378],[4.8114,53.1378],[4.8125,53.1389],[4.816,53.14],[4.8185,53.142],[4.8194,53.1421],[4.818,53.14],[4.8185,53.1392],[4.8185,53.1403],[4.8197,53.142],[4.8213,53.1426],[4.8221,53.1435],[4.8225,53.1443],[4.8218,53.1451],[4.8233,53.1452],[4.8227,53.1449],[4.8233,53.1431],[4.8243,53.1423],[4.8258,53.1428],[4.826,53.1427],[4.8258,53.1424],[4.826,53.1422],[4.8264,53.1431],[4.8272,53.1435],[4.828,53.143],[4.8293,53.1437],[4.83,53.1435],[4.8307,53.1459],[4.8302,53.1465],[4.8291,53.1467],[4.8285,53.1483],[4.8312,53.1498],[4.8283,53.1483],[4.8287,53.1466],[4.83,53.1465],[4.8305,53.146],[4.8296,53.1438],[4.8297,53.1447],[4.8291,53.1451],[4.8262,53.1453],[4.8268,53.1459],[4.8263,53.1458],[4.8257,53.1474],[4.8248,53.1466],[4.8246,53.1473],[4.8252,53.1481],[4.8252,53.1485],[4.8246,53.1477],[4.8246,53.148],[4.8239,53.1477],[4.8242,53.1477],[4.8244,53.1468],[4.8235,53.1474],[4.8214,53.1472],[4.8213,53.1475],[4.8224,53.1475],[4.8218,53.1477],[4.821,53.1477],[4.8213,53.147],[4.8219,53.1469],[4.8203,53.147],[4.8206,53.1477],[4.82,53.1481],[4.8204,53.1484],[4.82,53.1491],[4.821,53.1499],[4.8197,53.1497],[4.8202,53.1502],[4.8194,53.1528],[4.8201,53.1533],[4.8217,53.1531],[4.8221,53.1531],[4.8202,53.1533],[4.8189,53.1528],[4.8188,53.1531],[4.8184,53.1532],[4.8184,53.1525],[4.8182,53.1531],[4.8171,53.1528],[4.8179,53.1527],[4.8168,53.1525],[4.8166,53.152],[4.8174,53.1518],[4.817,53.1516],[4.8176,53.1508],[4.8176,53.1502],[4.8169,53.1503],[4.817,53.1494],[4.818,53.15],[4.8181,53.151],[4.8182,53.1496],[4.8154,53.1479],[4.8151,53.1473],[4.8171,53.1461],[4.8157,53.1446],[4.8189,53.1469],[4.8185,53.147],[4.8194,53.147],[4.8193,53.1453],[4.8206,53.1447],[4.8206,53.1432],[4.8168,53.1425],[4.8148,53.1402],[4.81,53.1385],[4.8095,53.1391],[4.8095,53.1399],[4.8107,53.14],[4.8117,53.1407],[4.8119,53.1403],[4.814,53.1422],[4.8183,53.1445],[4.8135,53.1424],[4.8128,53.1424],[4.8136,53.1428],[4.8129,53.1426],[4.8114,53.1416],[4.8099,53.1414],[4.8097,53.1417],[4.8103,53.1421],[4.8095,53.1419],[4.8062,53.1398],[4.8071,53.1394],[4.8066,53.1387],[4.808,53.1384],[4.8079,53.1379],[4.8089,53.138],[4.8087,53.1376],[4.8059,53.1362],[4.8028,53.1379],[4.8046,53.1397],[4.8,53.1413],[4.8,53.1423],[4.8009,53.144],[4.7982,53.1402],[4.7956,53.1391],[4.8,53.1437],[4.803,53.146],[4.8109,53.1546],[4.8242,53.1678],[4.8303,53.1731],[4.8373,53.1774],[4.8395,53.1795],[4.842,53.1825],[4.839,53.1842],[4.8416,53.1828],[4.842,53.1839],[4.8457,53.185],[4.849,53.1856],[4.8502,53.185],[4.8549,53.1853]],[[4.9021,53.126],[4.9017,53.1257],[4.9022,53.1259],[4.9021,53.126]]],[[[4.82,53.1469],[4.8229,53.1461],[4.8203,53.1455],[4.82,53.1469]]],[[[4.8697,51.4112],[4.8692,51.4118],[4.8706,51.4127],[4.8715,51.4124],[4.8722,51.4129],[4.8731,51.4125],[4.8719,51.4122],[4.8724,51.4115],[4.8697,51.4112]]],[[[4.9355,51.4335],[4.9354,51.4321],[4.9342,51.432],[4.9341,51.4334],[4.9355,51.4335]]],[[[4.9315,51.4346],[4.9313,51.4364],[4.9327,51.4365],[4.9327,51.4344],[4.9324,51.4345],[4.9324,51.4353],[4.932,51.4353],[4.932,51.4346],[4.9315,51.4346]]],[[[4.9355,51.4362],[4.9354,51.4375],[4.9365,51.4375],[4.9368,51.4363],[4.9355,51.4362]]],[[[4.9324,51.44],[4.9322,51.4388],[4.9309,51.4388],[4.9306,51.4399],[4.9324,51.44]]],[[[4.9223,51.4402],[4.9241,51.4419],[4.9251,51.4417],[4.9243,51.4411],[4.9249,51.4407],[4.9233,51.4398],[4.9247,51.4391],[4.9237,51.4376],[4.9223,51.4377],[4.9223,51.4388],[4.9215,51.4392],[4.9227,51.4401],[4.9223,51.4402]]],[[[5.0346,52.3383],[5.0391,52.3376],[5.0421,52.3365],[5.04,52.335],[5.0377,52.3346],[5.0375,52.3368],[5.0367,52.3378],[5.0327,52.3382],[5.0346,52.3383]]],[[[5.1041,52.3465],[5.1073,52.3453],[5.1098,52.3437],[5.1092,52.344],[5.1078,52.343],[5.1079,52.3436],[5.1073,52.3441],[5.1041,52.3459],[5.1034,52.3457],[5.1022,52.3469],[5.1003,52.3472],[5.1041,52.3465]]],[[[5.0051,52.3442],[4.9994,52.3462],[4.9984,52.3484],[5.005,52.3461],[5.0075,52.3444],[5.0051,52.3442]]],[[[5.0302,52.3497],[5.029,52.3499],[5.0306,52.3517],[5.0342,52.3515],[5.034,52.3508],[5.0302,52.3497]]],[[[4.9976,52.3503],[4.9919,52.3529],[4.9893,52.3547],[4.9902,52.3549],[4.9931,52.3537],[4.9978,52.3508],[4.9976,52.3503]]],[[[5.0693,52.3638],[5.068,52.364],[5.0676,52.3652],[5.0687,52.3655],[5.0704,52.365],[5.0693,52.3638]]],[[[5.0144,52.368],[5.0085,52.367],[5.0021,52.3664],[5.0018,52.3667],[5.0,52.3666],[5.0144,52.368]]],[[[5.0146,52.3721],[5.0132,52.3717],[5.0125,52.3724],[5.013,52.373],[5.0146,52.373],[5.0146,52.3721]]],[[[5.0189,52.381],[5.0141,52.3742],[5.0151,52.3761],[5.0152,52.3772],[5.0162,52.3774],[5.0187,52.3824],[5.0239,52.3868],[5.0189,52.381]]],[[[5.1617,52.7401],[5.1613,52.7394],[5.1629,52.7396],[5.1624,52.7391],[5.1644,52.7382],[5.1645,52.7374],[5.1543,52.7378],[5.1551,52.7391],[5.1598,52.7401],[5.1547,52.7394],[5.1594,52.7403],[5.1617,52.7401]]],[[[5.1389,52.7492],[5.141,52.7482],[5.1423,52.7471],[5.1437,52.7469],[5.1466,52.7456],[5.1489,52.7436],[5.1461,52.745],[5.1426,52.7459],[5.1421,52.7469],[5.1429,52.747],[5.1421,52.747],[5.1415,52.7477],[5.1408,52.7482],[5.1412,52.7478],[5.1401,52.748],[5.1397,52.7485],[5.1385,52.7488],[5.1392,52.749],[5.137,52.7498],[5.1389,52.7492]]],[[[5.1271,52.7595],[5.1249,52.7571],[5.1249,52.758],[5.1257,52.7583],[5.1274,52.7604],[5.1274,52.7629],[5.1267,52.7628],[5.1278,52.7633],[5.1279,52.761],[5.1271,52.7595]]],[[[5.1229,52.7624],[5.1222,52.7627],[5.1219,52.7635],[5.1235,52.7639],[5.1243,52.7631],[5.1229,52.7624]]],[[[5.0416,52.9234],[5.0473,52.9252],[5.0476,52.9249],[5.0419,52.9231],[5.0416,52.9234]]],[[[5.0433,52.9446],[5.0478,52.9443],[5.0463,52.9441],[5.0428,52.9443],[5.0381,52.9461],[5.0433,52.9446]]],[[[4.9048,53.1306],[4.9033,53.13],[4.9021,53.1305],[4.9031,53.1306],[4.9027,53.131],[4.9031,53.131],[4.9033,53.1318],[4.904,53.132],[4.9044,53.1318],[4.9048,53.1306]]],[[[4.8946,53.1837],[4.8967,53.1826],[4.8943,53.1832],[4.8948,53.1828],[4.8935,53.1828],[4.893,53.1841],[4.8915,53.1845],[4.8907,53.1884],[4.8913,53.1903],[4.8931,53.1924],[4.8943,53.1932],[4.8963,53.1935],[4.8967,53.1933],[4.8954,53.1926],[4.8939,53.1879],[4.8937,53.1854],[4.8946,53.1837]]],[[[5.0725,53.3076],[5.0725,53.3093],[5.0726,53.3076],[5.0731,53.3075],[5.0774,53.3071],[5.0782,53.3088],[5.0775,53.3071],[5.0823,53.3065],[5.0833,53.3064],[5.084,53.308],[5.0834,53.3064],[5.0893,53.306],[5.0899,53.3075],[5.0894,53.306],[5.0951,53.3053],[5.0962,53.3066],[5.0952,53.3053],[5.0984,53.3045],[5.1003,53.3055],[5.0986,53.3045],[5.1009,53.3027],[5.1002,53.3015],[5.1006,53.3007],[5.0994,53.3007],[5.0977,53.2998],[5.0964,53.2982],[5.0974,53.2979],[5.0963,53.2981],[5.0935,53.2958],[5.0939,53.2955],[5.0934,53.2957],[5.0915,53.2951],[5.0919,53.2947],[5.0911,53.2953],[5.0919,53.2957],[5.091,53.2966],[5.0887,53.2979],[5.0872,53.298],[5.0863,53.2969],[5.0888,53.2965],[5.0914,53.2946],[5.0879,53.2964],[5.0871,53.2965],[5.0869,53.2954],[5.087,53.2965],[5.084,53.2965],[5.0839,53.2956],[5.0839,53.2965],[5.081,53.2965],[5.0809,53.2955],[5.0785,53.2956],[5.0784,53.2964],[5.0759,53.2963],[5.0755,53.2961],[5.0761,53.2955],[5.0742,53.296],[5.0744,53.2954],[5.0723,53.295],[5.0743,53.2954],[5.0737,53.296],[5.0707,53.2952],[5.0712,53.2947],[5.0689,53.294],[5.071,53.2947],[5.0706,53.2952],[5.0674,53.2946],[5.0686,53.2937],[5.0682,53.2935],[5.0675,53.2936],[5.0684,53.2937],[5.0673,53.2946],[5.063,53.294],[5.0602,53.2914],[5.0555,53.2893],[5.0562,53.2888],[5.0554,53.2893],[5.0542,53.2887],[5.0548,53.2881],[5.0541,53.2886],[5.0528,53.288],[5.0534,53.2874],[5.0527,53.2879],[5.0492,53.2861],[5.0415,53.2834],[5.0279,53.2794],[4.9876,53.2709],[4.9773,53.2667],[4.9749,53.2662],[4.972,53.2648],[4.9723,53.2636],[4.9716,53.262],[4.9745,53.2566],[4.9762,53.2562],[4.9766,53.2548],[4.9776,53.255],[4.9786,53.2545],[4.9787,53.2539],[4.9772,53.2535],[4.9797,53.2533],[4.9795,53.2522],[4.9786,53.2518],[4.9791,53.2514],[4.9785,53.2502],[4.9794,53.2489],[4.9748,53.2461],[4.9715,53.2423],[4.9631,53.2398],[4.9559,53.2371],[4.9414,53.2298],[4.9313,53.2236],[4.9256,53.2193],[4.9223,53.2181],[4.9189,53.216],[4.903,53.2153],[4.8897,53.216],[4.8803,53.2151],[4.878,53.2142],[4.8715,53.2074],[4.8733,53.2059],[4.8699,53.2045],[4.8517,53.206],[4.846,53.207],[4.8452,53.2077],[4.8454,53.21],[4.8501,53.2179],[4.8522,53.2209],[4.8548,53.2229],[4.8739,53.2292],[4.8812,53.2322],[4.8981,53.2404],[4.9058,53.2431],[4.9306,53.2549],[4.9325,53.2554],[4.9328,53.2557],[4.9325,53.2559],[4.9334,53.2559],[4.9362,53.2574],[4.9351,53.258],[4.9363,53.2575],[4.9396,53.2593],[4.9379,53.2601],[4.9396,53.2593],[4.9428,53.2611],[4.9407,53.2622],[4.9429,53.2612],[4.9461,53.263],[4.9436,53.2643],[4.9461,53.263],[4.9488,53.2649],[4.9465,53.2663],[4.9489,53.2649],[4.9518,53.2667],[4.9495,53.2683],[4.9519,53.2667],[4.9564,53.2691],[4.9543,53.2708],[4.9565,53.2692],[4.96,53.2709],[4.9579,53.2726],[4.9601,53.2709],[4.9643,53.273],[4.9624,53.2746],[4.9644,53.273],[4.9665,53.2739],[4.9646,53.2756],[4.9666,53.2739],[4.9687,53.2749],[4.9668,53.2766],[4.9688,53.275],[4.971,53.276],[4.969,53.2775],[4.9714,53.2762],[4.9732,53.277],[4.9712,53.2785],[4.9733,53.277],[4.9758,53.2781],[4.9735,53.2795],[4.9761,53.2783],[4.9775,53.279],[4.9759,53.2803],[4.9776,53.2791],[4.9794,53.2797],[4.9777,53.2811],[4.9795,53.2797],[4.9814,53.2806],[4.9799,53.282],[4.9816,53.2806],[4.9858,53.2824],[4.9843,53.2839],[4.986,53.2825],[4.9881,53.2833],[4.9865,53.2848],[4.9882,53.2834],[4.9902,53.2844],[4.9887,53.2857],[4.9905,53.2845],[4.9924,53.2853],[4.991,53.2867],[4.9926,53.2853],[4.9947,53.2862],[4.9933,53.2875],[4.9948,53.2862],[4.997,53.2871],[4.9955,53.2884],[4.9971,53.2871],[4.9992,53.288],[4.9977,53.2894],[4.9993,53.288],[5.0015,53.2888],[5.0,53.2903],[5.0016,53.2889],[5.0038,53.2897],[5.0023,53.2911],[5.004,53.2897],[5.0062,53.2906],[5.0045,53.292],[5.0063,53.2906],[5.0071,53.2909],[5.0086,53.2914],[5.007,53.2928],[5.0087,53.2914],[5.0106,53.292],[5.0109,53.2921],[5.0095,53.2935],[5.011,53.2921],[5.0133,53.2929],[5.0121,53.2942],[5.0134,53.2929],[5.0156,53.2937],[5.0145,53.2949],[5.0158,53.2937],[5.0167,53.294],[5.0445,53.3044],[5.0512,53.3053],[5.0508,53.306],[5.0513,53.3054],[5.0538,53.3058],[5.0533,53.3066],[5.0539,53.3058],[5.0564,53.3063],[5.0556,53.3073],[5.0565,53.3063],[5.0588,53.307],[5.0581,53.308],[5.0589,53.307],[5.0614,53.3074],[5.0607,53.3086],[5.0615,53.3074],[5.0639,53.3078],[5.0633,53.309],[5.0639,53.3078],[5.0664,53.308],[5.066,53.3094],[5.0665,53.308],[5.0725,53.3076]],[[5.0808,53.2965],[5.0785,53.2964],[5.0786,53.2957],[5.0808,53.2956],[5.0808,53.2965]]],[[[5.1435,53.2993],[5.1558,53.2992],[5.1587,53.2985],[5.16,53.2975],[5.1607,53.2962],[5.1605,53.2918],[5.1602,53.2916],[5.1601,53.2921],[5.159,53.2926],[5.1545,53.2917],[5.1509,53.2925],[5.1479,53.2915],[5.1329,53.2838],[5.1298,53.2826],[5.124,53.2815],[5.1196,53.282],[5.1111,53.2872],[5.1107,53.2881],[5.1119,53.2892],[5.1217,53.2927],[5.1234,53.2957],[5.1262,53.2988],[5.1289,53.3002],[5.1407,53.3005],[5.1435,53.2993]]],[[[5.1443,53.3459],[5.1364,53.3484],[5.1344,53.3482],[5.1305,53.3465],[5.1363,53.3442],[5.1398,53.3419],[5.1451,53.3406],[5.147,53.3407],[5.147,53.3413],[5.1557,53.3346],[5.1533,53.3348],[5.1509,53.3359],[5.1488,53.3358],[5.149,53.3361],[5.1435,53.3384],[5.1422,53.3386],[5.1425,53.3381],[5.1419,53.3381],[5.1396,53.3391],[5.1381,53.3392],[5.1337,53.3414],[5.1315,53.3414],[5.1276,53.343],[5.1245,53.3428],[5.1235,53.3438],[5.1239,53.3451],[5.1272,53.3489],[5.1304,53.3511],[5.1327,53.3517],[5.135,53.3516],[5.1382,53.3506],[5.1398,53.349],[5.1434,53.3476],[5.1443,53.3459]]],[[[5.3158,52.2947],[5.3244,52.2948],[5.3282,52.2927],[5.3282,52.2922],[5.3263,52.2908],[5.3271,52.2901],[5.3157,52.293],[5.3155,52.2949],[5.3165,52.2957],[5.3158,52.2947]]],[[[5.2942,52.3065],[5.2932,52.306],[5.2929,52.3067],[5.2911,52.3068],[5.2909,52.3063],[5.2923,52.3061],[5.2921,52.3058],[5.2898,52.306],[5.2911,52.3078],[5.2942,52.3065]]],[[[5.1633,52.3158],[5.1618,52.3159],[5.1613,52.3156],[5.1615,52.3152],[5.1611,52.3157],[5.1603,52.3154],[5.1602,52.315],[5.1617,52.3146],[5.1615,52.3143],[5.1593,52.3152],[5.1595,52.3159],[5.1622,52.3168],[5.1633,52.3158]]],[[[5.2102,52.3323],[5.2121,52.3311],[5.2112,52.3309],[5.2095,52.3317],[5.2102,52.3323]]],[[[5.3944,52.4951],[5.4182,52.509],[5.4181,52.5097],[5.4186,52.5093],[5.4196,52.51],[5.4256,52.5111],[5.4198,52.5099],[5.3944,52.4951]]],[[[5.4264,52.5137],[5.4231,52.5142],[5.422,52.5125],[5.417,52.5117],[5.422,52.5128],[5.4256,52.5197],[5.4232,52.5144],[5.4264,52.5137]]],[[[5.3673,52.5998],[5.3721,52.5941],[5.3724,52.5925],[5.3714,52.5907],[5.3717,52.5904],[5.3746,52.5895],[5.3752,52.5903],[5.3785,52.5914],[5.3767,52.5935],[5.376,52.598],[5.3795,52.5997],[5.3816,52.5988],[5.3838,52.5963],[5.3845,52.5951],[5.3846,52.5931],[5.3837,52.5908],[5.3809,52.5907],[5.3788,52.5912],[5.3768,52.5907],[5.3787,52.5902],[5.38,52.5889],[5.3772,52.5905],[5.3754,52.5902],[5.3746,52.5894],[5.3714,52.5903],[5.3725,52.5853],[5.372,52.5834],[5.3701,52.5814],[5.3699,52.5806],[5.3707,52.5801],[5.3685,52.5799],[5.3683,52.5794],[5.3677,52.5792],[5.3686,52.5806],[5.3714,52.583],[5.3717,52.5837],[5.369,52.5849],[5.3671,52.5846],[5.3662,52.5841],[5.3667,52.5829],[5.3678,52.5827],[5.3676,52.5823],[5.3684,52.5819],[5.3696,52.5826],[5.3693,52.5819],[5.366,52.58],[5.3661,52.5787],[5.3656,52.5798],[5.3669,52.5808],[5.3664,52.5816],[5.3611,52.5848],[5.3602,52.585],[5.3589,52.5845],[5.3592,52.5848],[5.3574,52.5875],[5.3559,52.5917],[5.3554,52.597],[5.3561,52.5992],[5.3563,52.5983],[5.359,52.5986],[5.3757,52.6025],[5.3753,52.6019],[5.3673,52.5998]]],[[[5.4314,52.6129],[5.4329,52.6121],[5.4314,52.6129],[5.429,52.6118],[5.4293,52.6107],[5.4294,52.6094],[5.4306,52.608],[5.4313,52.608],[5.4325,52.6084],[5.4327,52.6087],[5.4318,52.6083],[5.4308,52.6086],[5.4309,52.6091],[5.43,52.6093],[5.4325,52.6091],[5.4323,52.6094],[5.4329,52.609],[5.4333,52.6093],[5.4327,52.6086],[5.4325,52.6084],[5.4312,52.6079],[5.4307,52.6079],[5.4298,52.6088],[5.4294,52.6094],[5.4289,52.6118],[5.4314,52.6129]]],[[[5.4008,52.6447],[5.4021,52.6444],[5.4013,52.6444],[5.3997,52.6449],[5.396,52.6481],[5.3887,52.6531],[5.3881,52.6541],[5.388,52.6549],[5.3882,52.6554],[5.3882,52.6542],[5.389,52.6532],[5.3939,52.6501],[5.4008,52.6447]]],[[[5.2294,52.7962],[5.2296,52.7975],[5.2302,52.7981],[5.2311,52.7978],[5.2312,52.797],[5.2324,52.7963],[5.2317,52.7955],[5.2294,52.7962]]],[[[5.2288,52.7969],[5.2245,52.7982],[5.2245,52.7996],[5.226,52.8012],[5.2298,52.7983],[5.2288,52.7969]]],[[[5.2217,52.8055],[5.2372,52.7959],[5.2379,52.7954],[5.2355,52.7938],[5.2368,52.7949],[5.236,52.7963],[5.234,52.7972],[5.2337,52.7979],[5.2325,52.7977],[5.2309,52.7997],[5.226,52.8019],[5.2266,52.8023],[5.2261,52.8027],[5.2255,52.802],[5.2255,52.8026],[5.2247,52.8024],[5.2247,52.803],[5.2238,52.8024],[5.2249,52.8035],[5.2234,52.8044],[5.2228,52.804],[5.2218,52.8047],[5.2209,52.8046],[5.2197,52.8035],[5.22,52.8032],[5.2188,52.8025],[5.22,52.8024],[5.2187,52.8022],[5.2195,52.802],[5.2198,52.801],[5.2206,52.8013],[5.2203,52.8008],[5.2221,52.7998],[5.2213,52.7988],[5.2226,52.7986],[5.222,52.7977],[5.2228,52.7973],[5.2233,52.7982],[5.2236,52.7975],[5.2282,52.7957],[5.228,52.7953],[5.2319,52.7946],[5.2317,52.7941],[5.2324,52.794],[5.2352,52.7945],[5.2349,52.7939],[5.2342,52.7938],[5.2352,52.7934],[5.2331,52.7937],[5.2296,52.7947],[5.2206,52.7982],[5.2213,52.7998],[5.2181,52.8018],[5.2191,52.803],[5.2217,52.8055]]],[[[5.401,52.9117],[5.4019,52.9142],[5.4033,52.9133],[5.4014,52.9115],[5.401,52.9117]]],[[[5.4089,52.9565],[5.4097,52.9557],[5.4086,52.955],[5.4077,52.9536],[5.4068,52.9558],[5.4077,52.9566],[5.4089,52.9565]]],[[[5.3827,53.0466],[5.3832,53.045],[5.3808,53.0445],[5.3823,53.0454],[5.3813,53.0463],[5.3827,53.0466]]],[[[5.3854,53.0481],[5.3871,53.046],[5.3857,53.0462],[5.3862,53.0456],[5.3854,53.0454],[5.3845,53.0463],[5.3853,53.0468],[5.3843,53.0466],[5.3846,53.0453],[5.3839,53.0451],[5.3829,53.0466],[5.3851,53.0472],[5.3834,53.0474],[5.3854,53.0481]]],[[[5.3913,53.048],[5.3912,53.046],[5.3901,53.046],[5.39,53.0473],[5.3904,53.0475],[5.3901,53.0478],[5.3913,53.048]]],[[[5.3704,53.0744],[5.3708,53.0733],[5.373,53.0723],[5.373,53.0719],[5.3736,53.0722],[5.3764,53.0713],[5.3782,53.0714],[5.3778,53.0716],[5.3783,53.0716],[5.3783,53.0722],[5.3802,53.0724],[5.3809,53.0729],[5.3816,53.0723],[5.3811,53.0718],[5.3814,53.0713],[5.3866,53.0689],[5.3861,53.0689],[5.3862,53.0684],[5.3857,53.0686],[5.3859,53.0681],[5.3885,53.063],[5.3902,53.061],[5.3901,53.0605],[5.391,53.0602],[5.3909,53.0596],[5.3916,53.0591],[5.3946,53.0576],[5.3953,53.0567],[5.3953,53.0556],[5.3871,53.0556],[5.3863,53.0562],[5.3858,53.0556],[5.3808,53.0556],[5.3784,53.0566],[5.377,53.0562],[5.3767,53.0567],[5.3764,53.0559],[5.3718,53.0557],[5.3725,53.0561],[5.3753,53.0561],[5.3743,53.0575],[5.3746,53.0579],[5.3732,53.0585],[5.3732,53.0591],[5.3724,53.0598],[5.3727,53.0603],[5.3704,53.0622],[5.3698,53.0621],[5.3702,53.0626],[5.3698,53.0634],[5.3677,53.0654],[5.3671,53.0671],[5.3657,53.0685],[5.3651,53.0732],[5.3641,53.0742],[5.3646,53.0757],[5.3673,53.0755],[5.3669,53.0758],[5.3675,53.0763],[5.3684,53.0761],[5.3704,53.0744]]],[[[5.3807,53.1815],[5.3395,53.1911],[5.3588,53.1868],[5.3807,53.1815]]],[[[5.2527,53.2555],[5.255,53.2544],[5.2535,53.2549],[5.2518,53.2547],[5.2538,53.2541],[5.2689,53.2527],[5.2666,53.252],[5.2612,53.2519],[5.2622,53.2516],[5.2597,53.251],[5.2563,53.2512],[5.2565,53.2507],[5.2569,53.2511],[5.2593,53.2508],[5.2621,53.2509],[5.2584,53.2499],[5.2513,53.2495],[5.2494,53.2501],[5.2485,53.2511],[5.2484,53.2521],[5.2466,53.2538],[5.247,53.2548],[5.2491,53.2557],[5.251,53.2557],[5.2498,53.2552],[5.2527,53.2555]]],[[[5.2985,53.3749],[5.2964,53.3735],[5.2959,53.3729],[5.2958,53.3736],[5.2967,53.3738],[5.2958,53.3738],[5.2958,53.3746],[5.2985,53.3749]]],[[[5.5337,53.4422],[5.541,53.4401],[5.5467,53.4374],[5.5486,53.4359],[5.5489,53.4351],[5.5475,53.4332],[5.5477,53.4308],[5.5466,53.4311],[5.5459,53.4321],[5.5458,53.4353],[5.545,53.4361],[5.5423,53.4352],[5.5415,53.4356],[5.5417,53.4353],[5.5397,53.436],[5.536,53.4393],[5.5346,53.4394],[5.5336,53.4391],[5.5342,53.4396],[5.5336,53.4397],[5.5334,53.4392],[5.532,53.4394],[5.5314,53.439],[5.5294,53.4397],[5.5291,53.4393],[5.5282,53.4395],[5.5247,53.4389],[5.5283,53.4393],[5.529,53.4391],[5.5295,53.4396],[5.5308,53.4388],[5.5356,53.4393],[5.5387,53.4362],[5.5414,53.4352],[5.5421,53.4345],[5.5409,53.4343],[5.5402,53.4332],[5.5379,53.4326],[5.5362,53.434],[5.5357,53.4338],[5.5363,53.4339],[5.5375,53.4325],[5.5284,53.4302],[5.5171,53.429],[5.5161,53.4292],[5.5168,53.4292],[5.5168,53.4296],[5.5147,53.4301],[5.5138,53.4291],[5.5148,53.4289],[5.5127,53.4293],[5.5114,53.4318],[5.511,53.4342],[5.5117,53.436],[5.5138,53.4364],[5.5142,53.4371],[5.5146,53.4369],[5.5148,53.4373],[5.5153,53.4371],[5.5159,53.4374],[5.5147,53.4375],[5.5141,53.4372],[5.5137,53.4365],[5.5128,53.4365],[5.51,53.4379],[5.5123,53.4366],[5.5111,53.4358],[5.5106,53.4343],[5.511,53.4328],[5.5106,53.4326],[5.5086,53.4333],[5.5076,53.4345],[5.5057,53.4351],[5.5041,53.4367],[5.5046,53.4359],[5.5038,53.4355],[5.5034,53.4362],[5.5024,53.4359],[5.5027,53.4363],[5.5024,53.4366],[5.4998,53.437],[5.5024,53.4364],[5.5023,53.4357],[5.5033,53.4361],[5.5037,53.4354],[5.5048,53.4357],[5.5055,53.435],[5.5075,53.4344],[5.508,53.4334],[5.5109,53.432],[5.5114,53.4298],[5.5104,53.4301],[5.5095,53.4288],[5.5062,53.4301],[5.5061,53.431],[5.5051,53.4312],[5.5056,53.4318],[5.5053,53.4328],[5.5033,53.4337],[5.4996,53.434],[5.4982,53.4336],[5.4978,53.4332],[5.4979,53.4335],[5.4977,53.4336],[5.4967,53.4333],[5.4966,53.4332],[5.4971,53.4331],[5.4968,53.433],[5.4966,53.4326],[5.4973,53.4331],[5.4968,53.4333],[5.4978,53.4331],[5.4997,53.4339],[5.5036,53.4335],[5.5052,53.4327],[5.5052,53.4316],[5.5047,53.4311],[5.5059,53.4309],[5.5059,53.43],[5.505,53.4305],[5.5044,53.4306],[5.504,53.4304],[5.5051,53.4304],[5.5055,53.4299],[5.5108,53.4276],[5.499,53.4239],[5.4977,53.4231],[5.495,53.4232],[5.4894,53.4257],[5.4854,53.4285],[5.4859,53.4312],[5.4872,53.4307],[5.4883,53.4313],[5.4882,53.4316],[5.4877,53.4317],[5.4881,53.432],[5.4875,53.4322],[5.4879,53.4327],[5.4875,53.4333],[5.4883,53.4336],[5.488,53.4343],[5.4881,53.4336],[5.4874,53.4334],[5.4878,53.4328],[5.4873,53.4321],[5.4879,53.432],[5.4875,53.4316],[5.4882,53.4314],[5.4873,53.4308],[5.4861,53.4319],[5.4847,53.4318],[5.4845,53.4323],[5.4838,53.4325],[5.4833,53.4325],[5.4824,53.433],[5.4819,53.4331],[5.4817,53.4331],[5.4831,53.4324],[5.4843,53.4322],[5.4846,53.4317],[5.486,53.4317],[5.485,53.4285],[5.4839,53.4287],[5.4836,53.4295],[5.4828,53.4293],[5.483,53.4298],[5.4827,53.4299],[5.4826,53.4298],[5.4827,53.4293],[5.4835,53.4294],[5.4837,53.4287],[5.485,53.4282],[5.484,53.4282],[5.4834,53.4288],[5.482,53.4283],[5.4813,53.4289],[5.48,53.429],[5.4795,53.4297],[5.4782,53.43],[5.4774,53.4297],[5.4771,53.4302],[5.4765,53.4306],[5.4764,53.4305],[5.4774,53.4296],[5.4783,53.4299],[5.4801,53.4289],[5.4815,53.4288],[5.4817,53.4281],[5.4834,53.4287],[5.4839,53.4282],[5.4851,53.4281],[5.4879,53.4256],[5.4921,53.4237],[5.4919,53.4232],[5.4929,53.4224],[5.4923,53.4219],[5.4932,53.4222],[5.4917,53.421],[5.4891,53.4212],[5.4868,53.4198],[5.4836,53.4196],[5.4835,53.4192],[5.4851,53.4192],[5.4832,53.4188],[5.4848,53.4186],[5.4831,53.4182],[5.4824,53.4186],[5.4811,53.419],[5.4808,53.4197],[5.4776,53.4221],[5.4785,53.4209],[5.4808,53.4195],[5.4809,53.419],[5.4829,53.4182],[5.4814,53.4177],[5.4796,53.4178],[5.4758,53.4188],[5.4746,53.4188],[5.4763,53.4183],[5.4715,53.4188],[5.4667,53.4215],[5.4648,53.4239],[5.4642,53.4259],[5.4646,53.4267],[5.4631,53.4276],[5.463,53.4282],[5.4652,53.429],[5.4652,53.4296],[5.4657,53.4297],[5.4657,53.4299],[5.4651,53.4296],[5.465,53.4291],[5.4629,53.4284],[5.4624,53.4279],[5.4613,53.4278],[5.4614,53.4284],[5.461,53.4284],[5.4612,53.4277],[5.4609,53.4278],[5.4605,53.4275],[5.4624,53.4278],[5.4634,53.4267],[5.4645,53.4231],[5.4657,53.4216],[5.4623,53.4246],[5.4613,53.4247],[5.4602,53.4243],[5.4596,53.4249],[5.4589,53.4248],[5.459,53.4252],[5.4583,53.4254],[5.4586,53.4255],[5.4585,53.4257],[5.4548,53.4265],[5.4574,53.4255],[5.4584,53.4256],[5.4581,53.4254],[5.4589,53.4251],[5.4587,53.4247],[5.4596,53.4248],[5.4602,53.4242],[5.4619,53.4246],[5.4643,53.4221],[5.469,53.4193],[5.4713,53.4184],[5.4707,53.4184],[5.4704,53.4181],[5.4715,53.4175],[5.4698,53.4181],[5.4679,53.4182],[5.4672,53.4186],[5.4662,53.419],[5.4639,53.4192],[5.4635,53.4197],[5.4631,53.4198],[5.4639,53.4192],[5.4665,53.4188],[5.4678,53.4181],[5.47,53.418],[5.471,53.4173],[5.4715,53.4173],[5.4716,53.4175],[5.4706,53.418],[5.4707,53.4184],[5.4763,53.4175],[5.4755,53.417],[5.4721,53.4174],[5.4711,53.417],[5.4714,53.4162],[5.4735,53.4154],[5.474,53.4142],[5.4747,53.414],[5.4687,53.4138],[5.4704,53.4134],[5.4686,53.4136],[5.4646,53.415],[5.4621,53.4152],[5.4616,53.4159],[5.4616,53.4152],[5.4566,53.4159],[5.4559,53.4165],[5.4567,53.4165],[5.4572,53.4167],[5.4566,53.4169],[5.4558,53.4166],[5.4562,53.4159],[5.4557,53.416],[5.4551,53.4168],[5.4548,53.4169],[5.4553,53.4161],[5.4526,53.4161],[5.452,53.4164],[5.4527,53.4165],[5.4529,53.4166],[5.4525,53.4171],[5.4529,53.4172],[5.4529,53.4173],[5.4525,53.4175],[5.4521,53.4176],[5.4524,53.4177],[5.4524,53.4177],[5.4523,53.4178],[5.452,53.4176],[5.4528,53.4172],[5.4524,53.4171],[5.4527,53.4165],[5.4505,53.4165],[5.4505,53.417],[5.4513,53.4176],[5.4495,53.4187],[5.4497,53.4191],[5.4494,53.4196],[5.4479,53.4199],[5.4491,53.4206],[5.4491,53.4209],[5.4468,53.4227],[5.4462,53.4237],[5.445,53.4249],[5.4467,53.4224],[5.449,53.4208],[5.4477,53.4198],[5.4495,53.4191],[5.4481,53.4188],[5.4499,53.4182],[5.448,53.4183],[5.4476,53.4179],[5.4461,53.4186],[5.4428,53.4213],[5.4415,53.4213],[5.4411,53.4217],[5.4396,53.4221],[5.4414,53.4211],[5.4428,53.4212],[5.4451,53.419],[5.4475,53.4178],[5.4481,53.4182],[5.4503,53.4179],[5.4505,53.4174],[5.4498,53.417],[5.4503,53.4164],[5.453,53.4156],[5.4578,53.4151],[5.4584,53.4147],[5.4577,53.4148],[5.4583,53.4142],[5.4602,53.4136],[5.4587,53.4134],[5.4589,53.4131],[5.4601,53.4134],[5.4604,53.4131],[5.4601,53.413],[5.4627,53.4126],[5.4646,53.4127],[5.4649,53.4126],[5.4641,53.4123],[5.4753,53.4106],[5.4748,53.4101],[5.4753,53.4097],[5.475,53.4093],[5.4732,53.409],[5.4729,53.4089],[5.4731,53.4086],[5.4729,53.4085],[5.4711,53.408],[5.4696,53.4073],[5.4669,53.4073],[5.4663,53.4079],[5.4654,53.4085],[5.4643,53.4086],[5.4636,53.4085],[5.4654,53.4084],[5.4666,53.4074],[5.4682,53.407],[5.4708,53.4074],[5.4688,53.4064],[5.4614,53.405],[5.4553,53.4048],[5.457,53.4055],[5.4569,53.4058],[5.4559,53.406],[5.4569,53.4066],[5.4567,53.407],[5.4565,53.4072],[5.4568,53.4066],[5.4557,53.4061],[5.4568,53.4056],[5.455,53.4049],[5.4556,53.4044],[5.4545,53.4043],[5.4478,53.4048],[5.4439,53.4059],[5.4481,53.4046],[5.4286,53.404],[5.4274,53.4044],[5.4076,53.4047],[5.3972,53.404],[5.3984,53.4036],[5.4049,53.404],[5.4094,53.4041],[5.4184,53.4041],[5.4304,53.4037],[5.4081,53.404],[5.3982,53.4035],[5.3973,53.4037],[5.3971,53.4041],[5.3877,53.4028],[5.3774,53.3999],[5.3737,53.3974],[5.3679,53.3952],[5.363,53.3919],[5.3635,53.3915],[5.3629,53.3918],[5.3612,53.3907],[5.3619,53.3903],[5.3612,53.3907],[5.3598,53.3898],[5.3606,53.3893],[5.3598,53.3897],[5.3583,53.3888],[5.3591,53.3884],[5.3583,53.3887],[5.3568,53.3878],[5.358,53.3872],[5.3567,53.3877],[5.3534,53.3865],[5.354,53.3859],[5.3533,53.3865],[5.3509,53.3855],[5.3514,53.3849],[5.3508,53.3855],[5.3483,53.3846],[5.3489,53.384],[5.3482,53.3845],[5.3465,53.384],[5.346,53.3837],[5.3466,53.3831],[5.3459,53.3837],[5.3436,53.3828],[5.3443,53.382],[5.3435,53.3826],[5.3423,53.383],[5.3394,53.382],[5.3357,53.3814],[5.3379,53.3798],[5.3395,53.3804],[5.3381,53.3797],[5.3375,53.3788],[5.3379,53.3797],[5.3357,53.3814],[5.3331,53.3815],[5.3267,53.3788],[5.3232,53.3778],[5.3244,53.3771],[5.325,53.3766],[5.3268,53.3764],[5.3249,53.3765],[5.322,53.3783],[5.3132,53.3803],[5.3115,53.3794],[5.3115,53.3791],[5.3127,53.3793],[5.3115,53.3781],[5.3081,53.3767],[5.3086,53.3764],[5.3079,53.3767],[5.3057,53.3759],[5.3018,53.3757],[5.2965,53.3761],[5.2974,53.3757],[5.2962,53.3749],[5.2975,53.3754],[5.2978,53.3751],[5.2958,53.3747],[5.2963,53.3756],[5.2956,53.3758],[5.295,53.3755],[5.2959,53.3755],[5.2956,53.3741],[5.2958,53.3731],[5.2954,53.3723],[5.2959,53.3722],[5.2954,53.3721],[5.2955,53.371],[5.2935,53.3704],[5.2913,53.3707],[5.2909,53.3699],[5.2912,53.3707],[5.2842,53.3717],[5.2839,53.3713],[5.284,53.3717],[5.2782,53.3734],[5.2745,53.3734],[5.268,53.3714],[5.2597,53.373],[5.2568,53.3727],[5.2532,53.3704],[5.2531,53.37],[5.2539,53.3697],[5.253,53.37],[5.2435,53.3661],[5.2437,53.3655],[5.2316,53.3597],[5.2325,53.3596],[5.2338,53.3585],[5.2338,53.3581],[5.2323,53.3596],[5.231,53.3596],[5.2237,53.3556],[5.2198,53.3544],[5.2185,53.357],[5.2182,53.3592],[5.2193,53.3614],[5.2203,53.3623],[5.2212,53.3628],[5.2223,53.3631],[5.2197,53.3617],[5.2183,53.3593],[5.2187,53.3571],[5.22,53.3545],[5.2235,53.3556],[5.2309,53.3597],[5.2429,53.3654],[5.2379,53.3672],[5.2354,53.3665],[5.234,53.3667],[5.2328,53.366],[5.2263,53.3658],[5.2264,53.3648],[5.226,53.3644],[5.2225,53.3638],[5.2259,53.3645],[5.2261,53.3657],[5.2211,53.3651],[5.2212,53.3645],[5.2222,53.3643],[5.2211,53.3642],[5.2189,53.362],[5.2179,53.3618],[5.2166,53.3585],[5.2173,53.3582],[5.2176,53.3571],[5.2163,53.3562],[5.2155,53.3565],[5.2153,53.3571],[5.2127,53.3559],[5.216,53.3545],[5.2173,53.3546],[5.2183,53.3543],[5.2158,53.3544],[5.212,53.3557],[5.2114,53.3564],[5.2092,53.3569],[5.2099,53.3563],[5.2096,53.3554],[5.2103,53.3549],[5.2091,53.3534],[5.2,53.3508],[5.1953,53.3487],[5.1901,53.3474],[5.1824,53.3468],[5.1778,53.3478],[5.1746,53.3478],[5.1726,53.3494],[5.1601,53.3503],[5.1586,53.3499],[5.1574,53.3481],[5.1565,53.3479],[5.1529,53.349],[5.1511,53.3507],[5.1516,53.3523],[5.153,53.3543],[5.1565,53.3582],[5.1594,53.3629],[5.162,53.366],[5.1698,53.372],[5.1719,53.3746],[5.1726,53.3762],[5.176,53.377],[5.1777,53.378],[5.1781,53.3788],[5.1774,53.381],[5.1836,53.3863],[5.1873,53.3893],[5.1907,53.391],[5.203,53.3941],[5.2249,53.3991],[5.2798,53.4089],[5.3044,53.4127],[5.3133,53.4136],[5.3289,53.4166],[5.3395,53.4176],[5.3491,53.4195],[5.3757,53.4232],[5.398,53.427],[5.412,53.43],[5.436,53.4342],[5.4441,53.4351],[5.4836,53.4423],[5.5022,53.4441],[5.5141,53.4442],[5.5238,53.4438],[5.5337,53.4422]]],[[[5.5392,52.2935],[5.5396,52.2939],[5.5401,52.2937],[5.5407,52.2938],[5.5398,52.294],[5.5403,52.2947],[5.54,52.2955],[5.5415,52.295],[5.5411,52.2937],[5.5392,52.2935]]],[[[5.542,52.298],[5.5432,52.2989],[5.5428,52.2994],[5.5439,52.2993],[5.544,52.2986],[5.5433,52.2979],[5.5421,52.2977],[5.542,52.298]]],[[[5.5581,52.333],[5.5622,52.3313],[5.5619,52.3305],[5.5614,52.3306],[5.5616,52.331],[5.5607,52.3311],[5.5608,52.3316],[5.56,52.3315],[5.5601,52.332],[5.5594,52.3319],[5.5596,52.3314],[5.5601,52.3313],[5.5609,52.3306],[5.557,52.3324],[5.5581,52.333]]],[[[5.5932,52.3602],[5.5934,52.3594],[5.5953,52.3597],[5.5956,52.3593],[5.5997,52.3595],[5.6006,52.3601],[5.5999,52.3595],[5.5991,52.3593],[5.5941,52.3588],[5.5912,52.3603],[5.5912,52.3614],[5.5924,52.3617],[5.5914,52.3614],[5.5913,52.3607],[5.5932,52.3602]]],[[[5.5945,52.3616],[5.599,52.3608],[5.596,52.3603],[5.594,52.3612],[5.5945,52.3616]]],[[[5.6061,52.3632],[5.607,52.363],[5.6059,52.3632],[5.6042,52.3619],[5.6011,52.3606],[5.6018,52.3613],[5.6012,52.3618],[5.599,52.3616],[5.597,52.3621],[5.5958,52.3617],[5.5948,52.3621],[5.6001,52.3628],[5.6002,52.3634],[5.5974,52.3635],[5.5975,52.3628],[5.598,52.3626],[5.595,52.3626],[5.5942,52.3631],[5.5939,52.3628],[5.5949,52.3623],[5.5931,52.3619],[5.5938,52.3621],[5.5934,52.3627],[5.5938,52.3631],[5.5957,52.3634],[5.5983,52.3635],[5.6061,52.3632]]],[[[5.6262,52.3629],[5.622,52.3611],[5.6216,52.3613],[5.6233,52.3626],[5.6258,52.3632],[5.6262,52.3629]]],[[[5.5663,52.3634],[5.5671,52.3627],[5.5666,52.3621],[5.5658,52.3628],[5.5647,52.3622],[5.5664,52.3616],[5.5644,52.3617],[5.5637,52.3624],[5.5649,52.3636],[5.5663,52.3634]]],[[[5.618,52.3648],[5.6178,52.3644],[5.6185,52.3642],[5.6178,52.3637],[5.6164,52.3649],[5.6143,52.3647],[5.6176,52.3663],[5.6181,52.3659],[5.6174,52.3651],[5.618,52.3648]]],[[[5.6377,52.3737],[5.6364,52.3731],[5.6379,52.3736],[5.6377,52.3733],[5.6353,52.3716],[5.6323,52.3717],[5.637,52.3738],[5.6373,52.3739],[5.6377,52.3737]]],[[[5.6937,52.3912],[5.6922,52.3925],[5.6932,52.3929],[5.6945,52.3924],[5.6949,52.3917],[5.6948,52.391],[5.6907,52.3897],[5.6895,52.3907],[5.6891,52.3929],[5.6903,52.3917],[5.6911,52.3916],[5.6899,52.3913],[5.6908,52.3903],[5.6937,52.3912]]],[[[5.5259,52.5775],[5.5271,52.5785],[5.5281,52.5789],[5.5279,52.5796],[5.5286,52.5793],[5.5297,52.5798],[5.5333,52.5777],[5.5309,52.5758],[5.5294,52.5752],[5.5239,52.5784],[5.5278,52.5809],[5.5244,52.5783],[5.5259,52.5775]]],[[[5.4811,53.4101],[5.4736,53.4075],[5.4713,53.4072],[5.4708,53.4075],[5.4732,53.4085],[5.4733,53.409],[5.475,53.4092],[5.4759,53.4105],[5.478,53.4102],[5.4797,53.4118],[5.4827,53.4121],[5.4811,53.4101]]],[[[5.4581,53.4151],[5.4666,53.4138],[5.4628,53.4138],[5.4634,53.4136],[5.4624,53.4135],[5.463,53.4134],[5.4625,53.4133],[5.4644,53.4131],[5.4619,53.413],[5.4584,53.4143],[5.4585,53.4147],[5.4581,53.4151]]],[[[5.5541,53.4195],[5.5506,53.4229],[5.551,53.4232],[5.5533,53.4229],[5.5556,53.4235],[5.5581,53.4248],[5.5586,53.4263],[5.5627,53.4271],[5.5649,53.4264],[5.5637,53.4251],[5.566,53.4235],[5.5662,53.4223],[5.5651,53.4203],[5.5642,53.4198],[5.5558,53.4192],[5.5541,53.4195]]],[[[5.6005,53.4262],[5.5893,53.4192],[5.5868,53.4186],[5.5852,53.4192],[5.5869,53.4216],[5.588,53.4248],[5.5869,53.4238],[5.5861,53.424],[5.5887,53.4272],[5.5921,53.4294],[5.596,53.4302],[5.6036,53.4295],[5.6047,53.4288],[5.6024,53.4282],[5.6005,53.4262]]],[[[5.7384,52.3988],[5.7376,52.3982],[5.7372,52.4002],[5.7381,52.402],[5.7391,52.4015],[5.7382,52.4016],[5.7377,52.4008],[5.7384,52.3988]]],[[[5.7321,52.4088],[5.732,52.4094],[5.7336,52.4085],[5.7334,52.4077],[5.7303,52.4077],[5.7294,52.4084],[5.7298,52.4096],[5.7302,52.4087],[5.7321,52.4088]]],[[[5.7436,52.4094],[5.7431,52.409],[5.7388,52.4089],[5.7383,52.4093],[5.7386,52.4097],[5.7428,52.4101],[5.7435,52.4099],[5.7436,52.4094]]],[[[5.8445,52.4873],[5.846,52.486],[5.8446,52.4827],[5.8432,52.4816],[5.8418,52.4819],[5.8415,52.4833],[5.8423,52.4848],[5.844,52.4865],[5.8437,52.4868],[5.844,52.4871],[5.8451,52.4865],[5.8445,52.4873]]],[[[5.8567,52.5035],[5.8568,52.5025],[5.8572,52.5024],[5.8569,52.5015],[5.8549,52.5005],[5.8543,52.5007],[5.8541,52.502],[5.8549,52.5033],[5.8556,52.5038],[5.8567,52.5035]]],[[[5.8603,52.5213],[5.8597,52.5201],[5.8591,52.5207],[5.8585,52.5243],[5.8592,52.5251],[5.8594,52.5246],[5.8593,52.5253],[5.8607,52.5259],[5.8618,52.5255],[5.8633,52.5237],[5.8627,52.5235],[5.8629,52.523],[5.8622,52.522],[5.8603,52.5213]]],[[[5.8384,52.5656],[5.8392,52.5643],[5.8387,52.5641],[5.838,52.5649],[5.8368,52.5653],[5.8379,52.5664],[5.8388,52.5666],[5.8391,52.5662],[5.8384,52.5656]]],[[[5.8348,52.5678],[5.8354,52.5671],[5.8348,52.5664],[5.8335,52.5664],[5.8326,52.5674],[5.8331,52.5679],[5.8348,52.5678]]],[[[5.8295,52.5772],[5.8288,52.5762],[5.8296,52.5749],[5.8279,52.5732],[5.8277,52.5725],[5.8283,52.5718],[5.8303,52.5708],[5.8328,52.5706],[5.8337,52.5708],[5.8347,52.5721],[5.8356,52.5723],[5.8354,52.5709],[5.8323,52.57],[5.8301,52.5702],[5.8271,52.5713],[5.8267,52.5728],[5.8286,52.5746],[5.8281,52.5758],[5.8284,52.5768],[5.8295,52.5772]]],[[[5.8276,52.5782],[5.8277,52.5748],[5.8271,52.5739],[5.8251,52.5725],[5.8238,52.5729],[5.8231,52.575],[5.8238,52.5747],[5.8245,52.5734],[5.8256,52.5733],[5.8266,52.5744],[5.8264,52.5752],[5.827,52.5766],[5.8263,52.5778],[5.8276,52.5782]]],[[[5.8163,52.5808],[5.8169,52.5801],[5.8163,52.5797],[5.8168,52.5787],[5.8209,52.5762],[5.8226,52.5763],[5.8232,52.5754],[5.8224,52.5753],[5.8186,52.5768],[5.8141,52.5803],[5.8141,52.5811],[5.8149,52.5815],[5.8158,52.5806],[5.8163,52.5808]]],[[[5.7937,52.5935],[5.7978,52.5908],[5.797,52.5907],[5.7949,52.5914],[5.7949,52.5911],[5.7939,52.5915],[5.7924,52.5912],[5.7898,52.5917],[5.789,52.5923],[5.7877,52.592],[5.7884,52.5905],[5.7908,52.5894],[5.7905,52.5883],[5.7908,52.5877],[5.7912,52.5878],[5.7903,52.5873],[5.789,52.5881],[5.7886,52.5893],[5.7858,52.591],[5.7852,52.5919],[5.7857,52.5927],[5.7868,52.5932],[5.7914,52.5921],[5.7937,52.5935]]],[[[5.7504,52.5936],[5.7503,52.5928],[5.7507,52.5939],[5.7511,52.5938],[5.7507,52.5926],[5.751,52.5894],[5.7506,52.5893],[5.7499,52.5896],[5.7493,52.5912],[5.7488,52.5919],[5.7478,52.5928],[5.7488,52.5929],[5.7489,52.5942],[5.7504,52.5936]]],[[[5.7559,52.5968],[5.7571,52.5966],[5.7572,52.5958],[5.7568,52.5958],[5.7568,52.5962],[5.7562,52.5954],[5.7569,52.595],[5.7576,52.5953],[5.7576,52.5945],[5.7571,52.5942],[5.7577,52.5938],[5.758,52.5908],[5.7574,52.5904],[5.7576,52.5895],[5.7557,52.5886],[5.7535,52.5889],[5.7535,52.5892],[5.7554,52.5889],[5.7561,52.5891],[5.7537,52.5893],[5.7534,52.5897],[5.7524,52.5903],[5.7522,52.5924],[5.7528,52.5949],[5.7542,52.5959],[5.7556,52.5958],[5.7559,52.5968]]],[[[5.8018,52.5973],[5.8059,52.5963],[5.8075,52.5946],[5.8107,52.5938],[5.8079,52.5942],[5.8067,52.595],[5.8063,52.5945],[5.8071,52.5935],[5.8064,52.5932],[5.8052,52.5937],[5.8053,52.594],[5.8038,52.5954],[5.8025,52.5955],[5.8022,52.595],[5.8029,52.5946],[5.8022,52.5928],[5.8046,52.5926],[5.8046,52.5934],[5.807,52.593],[5.8073,52.5922],[5.8065,52.5908],[5.8071,52.5906],[5.8089,52.5903],[5.8109,52.5913],[5.8112,52.5932],[5.8118,52.5936],[5.8175,52.5917],[5.8161,52.5919],[5.8151,52.5917],[5.8152,52.5922],[5.815,52.5917],[5.814,52.5919],[5.8137,52.5918],[5.8129,52.5923],[5.8128,52.5921],[5.8145,52.5914],[5.8158,52.5916],[5.817,52.5917],[5.8143,52.5913],[5.8117,52.5915],[5.8109,52.5909],[5.8117,52.5904],[5.8081,52.5889],[5.804,52.5914],[5.8029,52.5916],[5.801,52.5918],[5.8004,52.5919],[5.8021,52.5917],[5.8009,52.5937],[5.7994,52.5939],[5.8006,52.5938],[5.7999,52.596],[5.8007,52.5973],[5.7994,52.5974],[5.8018,52.5973]]],[[[5.7407,52.6039],[5.7468,52.6035],[5.7492,52.6023],[5.751,52.6002],[5.7512,52.5986],[5.7506,52.5971],[5.7489,52.5955],[5.7469,52.5946],[5.7463,52.594],[5.7464,52.5936],[5.7469,52.5932],[5.7465,52.594],[5.7469,52.5945],[5.7488,52.5943],[5.7487,52.5929],[5.7476,52.5928],[5.7493,52.5911],[5.7499,52.5895],[5.7514,52.5889],[5.7491,52.5892],[5.7483,52.5916],[5.7469,52.5927],[5.7442,52.5938],[5.7429,52.594],[5.7396,52.5916],[5.7465,52.5896],[5.7401,52.5908],[5.7365,52.5928],[5.7345,52.5955],[5.7342,52.5987],[5.7354,52.6009],[5.7371,52.6025],[5.7369,52.6027],[5.7407,52.6039]],[[5.7364,52.5995],[5.7368,52.5974],[5.7376,52.5976],[5.7375,52.5967],[5.7397,52.5955],[5.7445,52.5952],[5.7481,52.5967],[5.7492,52.5981],[5.7493,52.5996],[5.7481,52.6014],[5.7462,52.6024],[5.7416,52.6029],[5.7387,52.6022],[5.7374,52.6013],[5.7364,52.5995]]],[[[5.7497,52.6033],[5.7527,52.6016],[5.753,52.5996],[5.7526,52.5992],[5.7526,52.5987],[5.7529,52.5982],[5.7536,52.5977],[5.7518,52.5956],[5.7511,52.5939],[5.7506,52.5943],[5.749,52.5943],[5.7477,52.5947],[5.7489,52.5945],[5.7481,52.5948],[5.7502,52.5961],[5.7511,52.5978],[5.7514,52.5991],[5.7511,52.6004],[5.7488,52.6028],[5.7497,52.6033]]],[[[5.8214,52.6017],[5.8198,52.601],[5.8207,52.6004],[5.8224,52.6004],[5.8231,52.5993],[5.8232,52.5982],[5.8248,52.5972],[5.8255,52.5971],[5.8254,52.5997],[5.8247,52.6006],[5.8255,52.6001],[5.826,52.5968],[5.8284,52.5949],[5.8281,52.5937],[5.8294,52.5933],[5.825,52.5932],[5.8222,52.5942],[5.8215,52.5951],[5.8213,52.5982],[5.8191,52.6009],[5.8183,52.6012],[5.8186,52.6014],[5.8171,52.6037],[5.8171,52.6047],[5.8183,52.6043],[5.8182,52.6033],[5.8191,52.6026],[5.8214,52.6017]]],[[[5.7367,52.603],[5.7369,52.6025],[5.7354,52.6012],[5.7344,52.5997],[5.7339,52.5969],[5.7333,52.5969],[5.7335,52.6003],[5.735,52.6018],[5.7367,52.6032],[5.7379,52.6038],[5.7399,52.6044],[5.7425,52.6049],[5.7391,52.6041],[5.7367,52.603]]],[[[5.7506,52.6039],[5.7541,52.6017],[5.7539,52.6012],[5.7546,52.6001],[5.7553,52.6002],[5.7545,52.6004],[5.7551,52.6011],[5.7557,52.6006],[5.7555,52.6],[5.7562,52.5996],[5.755,52.5989],[5.756,52.5993],[5.7549,52.5986],[5.7548,52.5981],[5.7536,52.598],[5.7529,52.5985],[5.7532,52.5997],[5.753,52.6015],[5.7497,52.6037],[5.7506,52.6039]]],[[[5.812,52.6063],[5.8148,52.6044],[5.8115,52.6063],[5.8099,52.6067],[5.8097,52.6054],[5.8105,52.6045],[5.8094,52.6042],[5.811,52.6031],[5.8127,52.5993],[5.8152,52.5985],[5.8179,52.5984],[5.8156,52.6009],[5.8153,52.6037],[5.8155,52.6038],[5.8163,52.6033],[5.8158,52.6024],[5.816,52.6009],[5.8196,52.5979],[5.8208,52.5958],[5.8187,52.5959],[5.8167,52.5972],[5.814,52.598],[5.8099,52.5979],[5.8073,52.6001],[5.8028,52.6026],[5.8001,52.6028],[5.8018,52.6027],[5.8013,52.6049],[5.8027,52.6062],[5.8002,52.6062],[5.8041,52.6062],[5.8085,52.6073],[5.812,52.6063]]],[[[5.8194,52.6064],[5.8212,52.6041],[5.8253,52.6015],[5.8237,52.601],[5.8246,52.6006],[5.8234,52.6006],[5.8216,52.6016],[5.8198,52.6051],[5.8183,52.6067],[5.8201,52.6069],[5.8194,52.6064]]],[[[5.7457,52.6048],[5.7486,52.6042],[5.7496,52.6035],[5.7481,52.6032],[5.7464,52.6038],[5.7486,52.6038],[5.7451,52.6043],[5.7455,52.6048],[5.7427,52.6049],[5.7462,52.6049],[5.7457,52.6048]]],[[[5.8338,52.6074],[5.8338,52.6054],[5.8305,52.6046],[5.8301,52.6048],[5.833,52.6054],[5.8335,52.6069],[5.8287,52.6062],[5.8285,52.6051],[5.8289,52.605],[5.8272,52.6048],[5.8276,52.6043],[5.8273,52.6037],[5.8261,52.6043],[5.8269,52.6048],[5.8263,52.6058],[5.8244,52.6055],[5.825,52.6047],[5.8257,52.6048],[5.8252,52.6044],[5.8271,52.6017],[5.8275,52.6025],[5.8281,52.6017],[5.8272,52.6013],[5.8241,52.6045],[5.821,52.6067],[5.8215,52.6072],[5.8279,52.6069],[5.8338,52.6074]]],[[[5.627,53.4324],[5.6257,53.4318],[5.6266,53.4327],[5.6206,53.4365],[5.6162,53.4411],[5.6146,53.4437],[5.6137,53.4437],[5.6145,53.4438],[5.614,53.4451],[5.6132,53.445],[5.614,53.4451],[5.6138,53.4464],[5.6128,53.4463],[5.6138,53.4464],[5.614,53.4501],[5.6163,53.4535],[5.6272,53.4593],[5.649,53.4686],[5.6555,53.4707],[5.6606,53.4714],[5.6651,53.4714],[5.6676,53.4708],[5.6693,53.47],[5.6709,53.4682],[5.6756,53.4661],[5.6783,53.4656],[5.6814,53.464],[5.6934,53.4619],[5.7024,53.4612],[5.762,53.4604],[5.8102,53.4623],[5.8924,53.4667],[5.9374,53.4678],[5.945,53.4674],[5.958,53.4651],[5.9592,53.4643],[5.9571,53.464],[5.9592,53.4632],[5.9596,53.4625],[5.9588,53.462],[5.9575,53.4624],[5.957,53.4619],[5.9534,53.4619],[5.9512,53.4614],[5.949,53.4602],[5.944,53.4595],[5.942,53.4588],[5.9432,53.4588],[5.9426,53.4587],[5.9362,53.4578],[5.9362,53.4585],[5.9373,53.4583],[5.9378,53.4583],[5.9381,53.4586],[5.9381,53.459],[5.9367,53.4598],[5.9334,53.4606],[5.932,53.4603],[5.9334,53.4605],[5.938,53.459],[5.9377,53.4584],[5.9361,53.4585],[5.9357,53.4575],[5.9303,53.458],[5.9291,53.4596],[5.927,53.4599],[5.9268,53.4604],[5.9263,53.4606],[5.927,53.4598],[5.9289,53.4596],[5.9299,53.4582],[5.9297,53.4579],[5.9193,53.4576],[5.9129,53.4579],[5.9062,53.4572],[5.898,53.454],[5.8947,53.4533],[5.8925,53.4524],[5.8924,53.4518],[5.8914,53.4513],[5.8873,53.4508],[5.8867,53.4517],[5.8849,53.4523],[5.885,53.4532],[5.8844,53.4538],[5.8833,53.4539],[5.8828,53.4533],[5.8819,53.4536],[5.8802,53.4537],[5.8801,53.4542],[5.8788,53.4546],[5.8782,53.4554],[5.8764,53.4567],[5.875,53.4572],[5.8746,53.458],[5.8732,53.4586],[5.8709,53.4592],[5.8682,53.4594],[5.867,53.4594],[5.8645,53.4592],[5.8682,53.4593],[5.8732,53.4586],[5.8744,53.458],[5.8749,53.4571],[5.8779,53.4555],[5.8788,53.4544],[5.88,53.4541],[5.8802,53.4536],[5.8827,53.4532],[5.8837,53.4538],[5.8844,53.4536],[5.8848,53.4533],[5.8846,53.4523],[5.8865,53.4515],[5.887,53.4507],[5.8751,53.4489],[5.8688,53.449],[5.8651,53.448],[5.8654,53.4475],[5.8641,53.4471],[5.8498,53.4455],[5.8413,53.4438],[5.8352,53.4434],[5.8327,53.4426],[5.8242,53.4412],[5.8206,53.44],[5.8115,53.439],[5.805,53.4375],[5.7866,53.4383],[5.7803,53.4377],[5.7768,53.4383],[5.7763,53.438],[5.7763,53.4365],[5.7759,53.4365],[5.776,53.4379],[5.7749,53.4379],[5.7756,53.435],[5.7752,53.4335],[5.7746,53.4336],[5.7743,53.4328],[5.7732,53.4327],[5.773,53.4331],[5.774,53.4334],[5.7743,53.4344],[5.7745,53.4381],[5.7727,53.4395],[5.7663,53.4402],[5.7527,53.4403],[5.7411,53.4424],[5.7326,53.4431],[5.7272,53.4429],[5.722,53.4417],[5.7167,53.4365],[5.7275,53.4318],[5.7316,53.4312],[5.732,53.4309],[5.7317,53.4307],[5.7276,53.4315],[5.7189,53.4353],[5.7182,53.4349],[5.7157,53.4357],[5.7049,53.4314],[5.7036,53.4306],[5.7038,53.4301],[5.7033,53.4298],[5.6893,53.4275],[5.6798,53.4246],[5.6678,53.4253],[5.664,53.4247],[5.6702,53.4246],[5.6673,53.4241],[5.6648,53.4243],[5.6563,53.426],[5.6431,53.4271],[5.6384,53.4289],[5.6374,53.4285],[5.6414,53.4267],[5.6472,53.4252],[5.65,53.4243],[5.6419,53.4265],[5.6381,53.428],[5.6367,53.4264],[5.6378,53.4257],[5.6366,53.4264],[5.638,53.428],[5.636,53.4295],[5.6294,53.4318],[5.627,53.4324]]],[[[6.003,52.6488],[6.0094,52.6475],[6.0111,52.6459],[6.0124,52.6462],[6.0123,52.6466],[6.0137,52.6457],[6.0125,52.6449],[6.0118,52.6449],[6.0112,52.6428],[6.0088,52.6423],[6.008,52.6429],[6.0059,52.6432],[6.0051,52.6437],[6.0039,52.6436],[6.0016,52.6445],[5.9995,52.6457],[5.999,52.6465],[5.999,52.6476],[6.0,52.6482],[6.003,52.6488]]],[[[6.1746,53.3442],[6.1749,53.3434],[6.1768,53.3442],[6.1783,53.3425],[6.1777,53.342],[6.1766,53.3421],[6.1753,53.3429],[6.1744,53.3439],[6.1746,53.3455],[6.1762,53.3459],[6.1768,53.3454],[6.1767,53.3445],[6.1746,53.3442]]],[[[6.1688,53.3593],[6.1711,53.3587],[6.1651,53.3596],[6.1663,53.3613],[6.1664,53.3626],[6.1653,53.3635],[6.1651,53.3647],[6.1661,53.3646],[6.1671,53.3634],[6.1688,53.3607],[6.1688,53.3593]]],[[[6.1967,53.3734],[6.2053,53.3723],[6.2072,53.3707],[6.206,53.3664],[6.2084,53.3651],[6.2083,53.3646],[6.2071,53.3637],[6.2074,53.3637],[6.2049,53.3636],[6.2078,53.3636],[6.2084,53.3633],[6.2028,53.3635],[6.2041,53.3635],[6.1998,53.3642],[6.1987,53.3637],[6.1963,53.364],[6.1936,53.3652],[6.1918,53.3666],[6.1903,53.3668],[6.1894,53.3677],[6.1864,53.3687],[6.1864,53.3691],[6.1843,53.3694],[6.1872,53.3683],[6.1934,53.3651],[6.1963,53.3638],[6.196,53.3639],[6.1937,53.3649],[6.1877,53.368],[6.1816,53.3704],[6.1832,53.3739],[6.1877,53.3728],[6.1903,53.3693],[6.1912,53.3706],[6.1909,53.3723],[6.1903,53.3728],[6.1905,53.3737],[6.1907,53.3741],[6.1908,53.3734],[6.1913,53.3737],[6.1926,53.3751],[6.1944,53.3749],[6.1967,53.3734]]],[[[6.1877,53.3873],[6.1888,53.3857],[6.1855,53.384],[6.1842,53.3838],[6.1849,53.3839],[6.1841,53.3848],[6.1836,53.3868],[6.1854,53.3875],[6.1877,53.3873]]],[[[6.1809,53.3892],[6.18,53.3891],[6.1798,53.3902],[6.1803,53.3909],[6.1824,53.3902],[6.1809,53.3892]]],[[[6.1915,53.4061],[6.1896,53.4054],[6.1854,53.405],[6.188,53.4059],[6.189,53.4056],[6.1892,53.4062],[6.19,53.4064],[6.1915,53.4065],[6.1915,53.4061]]],[[[6.1806,53.4132],[6.184,53.4125],[6.185,53.4114],[6.1841,53.4115],[6.1857,53.4106],[6.1813,53.4121],[6.1801,53.413],[6.1813,53.4122],[6.1821,53.4122],[6.1806,53.4132]]],[[[5.9651,53.4561],[5.9657,53.4572],[5.9656,53.4606],[5.9662,53.4615],[5.9674,53.4619],[5.9668,53.4613],[5.9669,53.4572],[5.9651,53.4558],[5.9639,53.4555],[5.9651,53.4561]]],[[[6.0524,53.4684],[6.049,53.4674],[6.0424,53.464],[6.0301,53.4603],[6.0262,53.4583],[6.0249,53.4588],[6.0245,53.4606],[6.0239,53.4609],[6.025,53.463],[6.0261,53.4641],[6.0308,53.4673],[6.0441,53.4747],[6.0494,53.475],[6.0506,53.4744],[6.0575,53.4733],[6.0621,53.4712],[6.0634,53.4698],[6.0644,53.4672],[6.0637,53.4651],[6.0634,53.466],[6.0602,53.4679],[6.0524,53.4684]]],[[[6.0602,53.4736],[6.0517,53.4768],[6.0459,53.4769],[6.0491,53.4782],[6.0471,53.4782],[6.042,53.4767],[6.0386,53.4743],[6.0366,53.4735],[6.0407,53.4783],[6.044,53.4796],[6.0396,53.4791],[6.0411,53.48],[6.0432,53.4805],[6.0511,53.4788],[6.0584,53.4752],[6.06,53.4743],[6.0602,53.4736]]],[[[7.2096,53.2396],[7.208,53.2392],[7.2066,53.2376],[7.2065,53.2382],[7.2056,53.2384],[7.206,53.239],[7.2051,53.2394],[7.2068,53.2396],[7.2064,53.2403],[7.2073,53.2404],[7.207,53.2416],[7.2083,53.2428],[7.209,53.2427],[7.2096,53.2396]]],[[[6.9741,53.3199],[6.96,53.3224],[6.9699,53.321],[6.9741,53.3199]]],[[[7.098,53.3229],[7.1009,53.3225],[7.1011,53.3233],[7.1011,53.3225],[7.1086,53.3213],[7.1086,53.3237],[7.1087,53.3213],[7.1162,53.3201],[7.1184,53.3205],[7.1171,53.3217],[7.1166,53.3241],[7.1173,53.3216],[7.1185,53.3205],[7.1217,53.321],[7.1251,53.3211],[7.1254,53.3248],[7.0951,53.3233],[7.095,53.3226],[7.0949,53.3232],[7.0895,53.323],[7.0895,53.3222],[7.0893,53.323],[7.0848,53.3227],[7.0848,53.3222],[7.0847,53.3227],[7.0713,53.3219],[7.0717,53.322],[7.0714,53.3228],[7.0719,53.322],[7.0804,53.3226],[7.0799,53.3239],[7.0805,53.3227],[7.0889,53.3241],[7.0886,53.3253],[7.0891,53.3242],[7.0974,53.3256],[7.097,53.3268],[7.0976,53.3257],[7.1039,53.3268],[7.1034,53.3278],[7.1041,53.3268],[7.1097,53.3278],[7.1094,53.3286],[7.1099,53.3279],[7.1141,53.3284],[7.1142,53.3292],[7.1143,53.3284],[7.1192,53.3287],[7.1193,53.3293],[7.1194,53.3286],[7.1245,53.3288],[7.1245,53.3295],[7.1246,53.3288],[7.1315,53.3291],[7.1314,53.3297],[7.1317,53.3291],[7.1397,53.3294],[7.1399,53.33],[7.14,53.3294],[7.1474,53.3296],[7.1474,53.3302],[7.1476,53.3296],[7.1554,53.3299],[7.1553,53.3303],[7.1556,53.3299],[7.1649,53.3302],[7.1651,53.3306],[7.1651,53.3302],[7.174,53.3297],[7.1743,53.3301],[7.1742,53.3297],[7.181,53.329],[7.1813,53.3294],[7.1812,53.329],[7.1874,53.3285],[7.1877,53.3288],[7.1876,53.3285],[7.1886,53.328],[7.1652,53.3301],[7.1154,53.3284],[7.0976,53.3256],[7.0979,53.325],[7.0974,53.3255],[7.0809,53.3226],[7.0949,53.3233],[7.095,53.3239],[7.095,53.3233],[7.1005,53.3236],[7.1005,53.3241],[7.1007,53.3236],[7.1158,53.3243],[7.1158,53.325],[7.1159,53.3244],[7.1192,53.3245],[7.1191,53.3251],[7.1194,53.3245],[7.1206,53.3246],[7.1207,53.3252],[7.1208,53.3246],[7.1221,53.3247],[7.122,53.3253],[7.1223,53.3247],[7.1236,53.3248],[7.1237,53.3254],[7.1238,53.3248],[7.1251,53.3249],[7.125,53.3255],[7.1253,53.3249],[7.1267,53.325],[7.1267,53.3254],[7.1269,53.325],[7.1281,53.325],[7.128,53.3256],[7.1284,53.325],[7.1295,53.3251],[7.1294,53.3256],[7.1297,53.3251],[7.1309,53.3252],[7.131,53.3258],[7.1311,53.3252],[7.1322,53.3253],[7.1321,53.3258],[7.1325,53.3253],[7.1338,53.3253],[7.1339,53.3258],[7.134,53.3253],[7.1355,53.3254],[7.1355,53.326],[7.1357,53.3254],[7.1369,53.3255],[7.1368,53.3261],[7.1371,53.3255],[7.1383,53.3256],[7.1383,53.3262],[7.1386,53.3256],[7.1421,53.3258],[7.1421,53.3265],[7.1423,53.3258],[7.1504,53.3262],[7.1506,53.3275],[7.1509,53.3215],[7.1594,53.3217],[7.1598,53.3284],[7.1596,53.3217],[7.1658,53.3217],[7.1215,53.3209],[7.1209,53.3203],[7.1209,53.3208],[7.1163,53.3201],[7.1161,53.3196],[7.1162,53.32],[7.1087,53.3212],[7.1085,53.3209],[7.1086,53.3212],[7.098,53.3229]],[[7.1255,53.3248],[7.1252,53.3211],[7.1336,53.3212],[7.1339,53.3252],[7.1255,53.3248]],[[7.134,53.3253],[7.1337,53.3212],[7.1418,53.3214],[7.1421,53.3257],[7.134,53.3253]],[[7.1507,53.3215],[7.1504,53.3261],[7.1422,53.3257],[7.1419,53.3214],[7.1507,53.3215]]],[[[6.2104,53.3648],[6.2116,53.3643],[6.2126,53.3642],[6.2122,53.3629],[6.2126,53.3627],[6.2108,53.3634],[6.2099,53.3635],[6.2095,53.3638],[6.2104,53.3648]]],[[[6.2094,53.3703],[6.208,53.3705],[6.2067,53.3722],[6.2083,53.3729],[6.2097,53.3724],[6.2098,53.3719],[6.2093,53.3718],[6.2103,53.3707],[6.2094,53.3703]]],[[[6.2303,53.3927],[6.2313,53.3915],[6.2274,53.3902],[6.2233,53.3898],[6.2191,53.3909],[6.2197,53.3916],[6.2249,53.393],[6.228,53.3934],[6.2303,53.3927]]],[[[6.8846,53.4088],[6.8851,53.4093],[6.8862,53.4087],[6.8868,53.4088],[6.8861,53.4085],[6.886,53.4071],[6.8853,53.4065],[6.8843,53.4073],[6.8846,53.4088]]],[[[6.3909,53.5168],[6.392,53.5162],[6.3926,53.5143],[6.3916,53.5117],[6.3899,53.5101],[6.3845,53.5082],[6.373,53.5069],[6.3645,53.5046],[6.3613,53.5048],[6.3524,53.5071],[6.3456,53.507],[6.3378,53.5063],[6.3292,53.5073],[6.3321,53.5058],[6.3297,53.5059],[6.3354,53.5035],[6.3339,53.5022],[6.3291,53.5006],[6.3282,53.5007],[6.3265,53.5023],[6.3247,53.503],[6.3266,53.5021],[6.3277,53.5006],[6.3213,53.5001],[6.3145,53.498],[6.3135,53.499],[6.3129,53.4992],[6.3142,53.498],[6.3141,53.4975],[6.308,53.4956],[6.3069,53.4956],[6.307,53.4959],[6.3069,53.496],[6.3065,53.4953],[6.305,53.4949],[6.3011,53.4946],[6.2985,53.4938],[6.2956,53.4954],[6.2985,53.4937],[6.2957,53.4927],[6.2904,53.4922],[6.2885,53.4914],[6.2873,53.4915],[6.2871,53.4923],[6.2869,53.4915],[6.2861,53.4911],[6.2836,53.4911],[6.2814,53.4906],[6.2813,53.491],[6.2802,53.4916],[6.2813,53.4906],[6.2759,53.4894],[6.2753,53.4875],[6.2738,53.489],[6.271,53.49],[6.2706,53.49],[6.2736,53.4889],[6.2745,53.4872],[6.2735,53.4868],[6.272,53.4851],[6.27,53.4845],[6.2676,53.4844],[6.2642,53.4893],[6.2647,53.4909],[6.2642,53.493],[6.2612,53.4957],[6.2602,53.4961],[6.2642,53.4929],[6.2646,53.4912],[6.2641,53.4897],[6.2639,53.4904],[6.264,53.4893],[6.2671,53.4843],[6.2659,53.486],[6.2648,53.4863],[6.263,53.4864],[6.2626,53.4874],[6.2623,53.4876],[6.263,53.4863],[6.2659,53.4859],[6.2663,53.4851],[6.2657,53.4855],[6.2651,53.4856],[6.2642,53.4854],[6.2635,53.485],[6.2648,53.4855],[6.2658,53.4853],[6.2666,53.4844],[6.2658,53.4842],[6.2663,53.484],[6.2661,53.4836],[6.2634,53.484],[6.2621,53.4834],[6.2605,53.4836],[6.26,53.4829],[6.2592,53.4834],[6.2589,53.4832],[6.2588,53.4831],[6.2585,53.4834],[6.2578,53.4832],[6.2589,53.483],[6.2592,53.4833],[6.26,53.4829],[6.2606,53.4836],[6.2621,53.4833],[6.2635,53.4839],[6.2657,53.4835],[6.2638,53.4821],[6.2655,53.4827],[6.264,53.482],[6.2632,53.4809],[6.2634,53.4814],[6.2629,53.4816],[6.2612,53.4812],[6.2602,53.4807],[6.2574,53.4807],[6.2601,53.4806],[6.2631,53.4814],[6.2624,53.4808],[6.2572,53.4793],[6.255,53.4796],[6.2548,53.4783],[6.2543,53.4803],[6.253,53.4807],[6.2525,53.4807],[6.2541,53.4803],[6.2544,53.4787],[6.2515,53.4781],[6.2519,53.4787],[6.2518,53.4794],[6.2506,53.4795],[6.251,53.4802],[6.2502,53.4813],[6.2492,53.4818],[6.2496,53.4821],[6.2496,53.4822],[6.249,53.4818],[6.2502,53.4812],[6.2508,53.4802],[6.2504,53.4794],[6.2516,53.4794],[6.2516,53.4787],[6.2504,53.4779],[6.2484,53.4778],[6.2483,53.4773],[6.2474,53.4788],[6.2468,53.4792],[6.2468,53.4801],[6.2454,53.4804],[6.2452,53.4812],[6.2439,53.4827],[6.2433,53.4829],[6.2438,53.484],[6.2436,53.4842],[6.2427,53.4846],[6.2437,53.484],[6.2432,53.4829],[6.245,53.4812],[6.2453,53.4803],[6.2467,53.48],[6.2467,53.4795],[6.2456,53.4793],[6.246,53.4789],[6.2455,53.4788],[6.2461,53.4787],[6.2464,53.4792],[6.2471,53.4788],[6.2474,53.4776],[6.244,53.4775],[6.2414,53.477],[6.2411,53.4766],[6.2391,53.477],[6.2385,53.4802],[6.2364,53.4818],[6.2372,53.4819],[6.2362,53.482],[6.2324,53.4854],[6.2312,53.4861],[6.2317,53.4865],[6.2313,53.4871],[6.2321,53.4872],[6.2323,53.4873],[6.2317,53.4876],[6.232,53.4879],[6.2314,53.4886],[6.2319,53.488],[6.2316,53.4876],[6.2322,53.4874],[6.2312,53.4871],[6.2316,53.4865],[6.2311,53.4863],[6.2307,53.4868],[6.2287,53.4882],[6.2307,53.4867],[6.231,53.4859],[6.2292,53.4856],[6.231,53.4859],[6.2322,53.4853],[6.2337,53.4833],[6.238,53.4798],[6.2381,53.4788],[6.2374,53.4787],[6.2374,53.4778],[6.237,53.4776],[6.2297,53.477],[6.2267,53.4785],[6.2268,53.4807],[6.2257,53.4821],[6.2212,53.4834],[6.22,53.4844],[6.2161,53.4849],[6.2121,53.4869],[6.2113,53.487],[6.214,53.4856],[6.2117,53.4857],[6.2112,53.4855],[6.2144,53.4854],[6.2176,53.4844],[6.2198,53.4843],[6.2207,53.4834],[6.2258,53.4817],[6.2265,53.4806],[6.2262,53.4785],[6.2277,53.4771],[6.2246,53.4768],[6.2232,53.4777],[6.2222,53.4778],[6.2226,53.4785],[6.2218,53.4792],[6.2179,53.481],[6.2163,53.4814],[6.2159,53.4813],[6.2217,53.4791],[6.2224,53.4784],[6.222,53.4778],[6.2231,53.4775],[6.2232,53.4768],[6.2144,53.4758],[6.2135,53.4753],[6.202,53.4738],[6.1968,53.4725],[6.1996,53.47],[6.2016,53.4695],[6.203,53.4685],[6.202,53.4682],[6.1952,53.4724],[6.1694,53.4725],[6.1686,53.4714],[6.1689,53.4711],[6.1676,53.4707],[6.1679,53.4681],[6.1674,53.4702],[6.1666,53.4702],[6.1666,53.4679],[6.166,53.4719],[6.1637,53.4723],[6.1606,53.4719],[6.1583,53.4708],[6.1567,53.4707],[6.1578,53.4703],[6.1569,53.4694],[6.1584,53.4689],[6.1591,53.4668],[6.1538,53.4656],[6.156,53.4653],[6.1567,53.4645],[6.1584,53.464],[6.1571,53.4635],[6.1564,53.4639],[6.1562,53.4628],[6.1544,53.4636],[6.1555,53.4626],[6.1527,53.4635],[6.1532,53.4625],[6.1528,53.462],[6.1502,53.4618],[6.15,53.4608],[6.1491,53.4608],[6.1506,53.4603],[6.1457,53.4596],[6.1424,53.4577],[6.138,53.4585],[6.1363,53.4604],[6.1363,53.4616],[6.137,53.4629],[6.14,53.4631],[6.1434,53.4623],[6.1443,53.4631],[6.1436,53.464],[6.1447,53.4649],[6.1393,53.4664],[6.1377,53.4673],[6.1357,53.4674],[6.1298,53.4663],[6.1235,53.4631],[6.1206,53.4605],[6.1184,53.4606],[6.1163,53.4618],[6.1152,53.4637],[6.1159,53.4659],[6.1172,53.4681],[6.1176,53.4719],[6.1172,53.4756],[6.1182,53.4821],[6.1208,53.4849],[6.1452,53.4957],[6.16,53.4993],[6.172,53.5007],[6.1926,53.5015],[6.2101,53.5028],[6.2146,53.5036],[6.2475,53.5057],[6.2611,53.5073],[6.2642,53.5072],[6.2786,53.5086],[6.2871,53.5088],[6.3157,53.5114],[6.318,53.511],[6.3395,53.5145],[6.3701,53.5179],[6.3841,53.5182],[6.3909,53.5168]]],[[[6.4242,53.5229],[6.4255,53.5189],[6.4247,53.5172],[6.4222,53.514],[6.4207,53.5139],[6.4159,53.517],[6.415,53.5197],[6.4144,53.5241],[6.4162,53.5255],[6.4235,53.5252],[6.4235,53.5247],[6.4213,53.5244],[6.4211,53.5236],[6.4242,53.5229]]],[[[6.5895,53.5262],[6.5966,53.5244],[6.5976,53.5228],[6.5952,53.5228],[6.5956,53.5222],[6.5925,53.5232],[6.5922,53.5233],[6.5918,53.5231],[6.5906,53.5233],[6.5899,53.5233],[6.5896,53.5232],[6.5918,53.523],[6.5923,53.5232],[6.5955,53.5221],[6.5958,53.5204],[6.5991,53.5205],[6.5991,53.5201],[6.5963,53.5196],[6.5926,53.5201],[6.5877,53.5221],[6.5857,53.5238],[6.5873,53.5256],[6.5895,53.5262]]],[[[6.5112,53.5418],[6.513,53.5405],[6.5103,53.5419],[6.5094,53.5444],[6.5067,53.5459],[6.5031,53.5471],[6.505,53.5459],[6.5061,53.5436],[6.5083,53.5425],[6.5086,53.5415],[6.5109,53.5407],[6.513,53.5388],[6.52,53.5366],[6.5294,53.5349],[6.5318,53.5338],[6.5324,53.5331],[6.5295,53.5328],[6.5269,53.5334],[6.5212,53.5336],[6.5151,53.5346],[6.5104,53.536],[6.5059,53.5376],[6.4973,53.5425],[6.4961,53.5447],[6.497,53.5455],[6.4964,53.5461],[6.4977,53.5466],[6.4963,53.5468],[6.4957,53.5475],[6.4947,53.547],[6.4947,53.5475],[6.4955,53.5478],[6.4946,53.5483],[6.4942,53.5475],[6.4935,53.5475],[6.493,53.5482],[6.4923,53.548],[6.4921,53.5489],[6.4914,53.5485],[6.4911,53.5494],[6.4907,53.5489],[6.4912,53.5497],[6.4902,53.549],[6.4896,53.5504],[6.4878,53.5509],[6.4884,53.5504],[6.4881,53.55],[6.4878,53.5501],[6.4881,53.5505],[6.4865,53.5506],[6.4861,53.5502],[6.4881,53.5491],[6.4887,53.5483],[6.4866,53.5492],[6.4823,53.5493],[6.4848,53.5469],[6.4815,53.5461],[6.4815,53.5453],[6.4853,53.5456],[6.4866,53.5443],[6.4891,53.5432],[6.4872,53.5453],[6.4881,53.5456],[6.5066,53.5359],[6.5097,53.535],[6.5091,53.5347],[6.5095,53.5342],[6.5093,53.5336],[6.5073,53.5326],[6.5039,53.5343],[6.503,53.5356],[6.5029,53.5349],[6.5029,53.5357],[6.5023,53.536],[6.5022,53.5353],[6.5021,53.5361],[6.5015,53.5364],[6.5014,53.5358],[6.5012,53.5367],[6.4995,53.5376],[6.4985,53.5375],[6.4989,53.5367],[6.4982,53.5381],[6.4966,53.5378],[6.4943,53.5385],[6.4898,53.539],[6.4965,53.5377],[6.4927,53.5368],[6.4917,53.5372],[6.4912,53.5364],[6.4906,53.5368],[6.4902,53.5369],[6.4885,53.5368],[6.4878,53.5374],[6.4873,53.5374],[6.4885,53.5367],[6.4904,53.5368],[6.4911,53.5364],[6.4915,53.5364],[6.4918,53.5371],[6.4926,53.5368],[6.4913,53.5363],[6.4902,53.5362],[6.4823,53.5354],[6.4712,53.5358],[6.4713,53.535],[6.4741,53.5337],[6.4745,53.5318],[6.476,53.5306],[6.4861,53.5271],[6.4878,53.5248],[6.4871,53.5243],[6.4885,53.5234],[6.4884,53.5221],[6.4853,53.5179],[6.481,53.5153],[6.4805,53.5143],[6.4787,53.514],[6.4778,53.5158],[6.4766,53.5168],[6.4757,53.5191],[6.4759,53.5209],[6.473,53.5249],[6.4701,53.5309],[6.4671,53.5341],[6.462,53.538],[6.4611,53.5391],[6.4606,53.5406],[6.462,53.543],[6.4639,53.5447],[6.469,53.5479],[6.481,53.5522],[6.4913,53.554],[6.5002,53.5536],[6.5045,53.5517],[6.5069,53.5483],[6.5098,53.5462],[6.5111,53.544],[6.5112,53.5418]]],[[[6.4974,53.5366],[6.4978,53.536],[6.4968,53.5356],[6.4973,53.5352],[6.4962,53.5341],[6.4966,53.5335],[6.4956,53.5329],[6.4888,53.5329],[6.4821,53.5341],[6.4808,53.5348],[6.4845,53.5355],[6.4905,53.5357],[6.4961,53.537],[6.4977,53.5368],[6.4974,53.5366]]],[[[6.5806,53.5415],[6.5922,53.5417],[6.61,53.5395],[6.6163,53.5373],[6.6197,53.5353],[6.6212,53.5353],[6.6208,53.5346],[6.6198,53.5344],[6.6133,53.5372],[6.6081,53.538],[6.6055,53.5379],[6.6057,53.5371],[6.605,53.5366],[6.6023,53.5369],[6.5997,53.5382],[6.5972,53.5383],[6.5968,53.5377],[6.5985,53.5378],[6.5999,53.5374],[6.598,53.5368],[6.6012,53.5372],[6.6016,53.5368],[6.5988,53.5363],[6.5951,53.5364],[6.5931,53.5374],[6.5927,53.537],[6.5931,53.5364],[6.5925,53.5362],[6.587,53.537],[6.5808,53.5367],[6.5737,53.5391],[6.5716,53.5404],[6.5713,53.5411],[6.5699,53.542],[6.5707,53.5426],[6.5723,53.5427],[6.5806,53.5415]]]]}}]}