{"type":"FeatureCollection","features":[{"type":"Feature","properties":{"naam":"Flevoland"},"geometry":{"type":"Polygon","coordinates":[[[5.778,52.6075],[5.8372,52.6073],[5.8405,52.6104],[5.9055,52.6192],[5.9106,52.6177],[5.9157,52.6135],[5.9327,52.6149],[5.9404,52.6181],[5.9556,52.6229],[5.9553,52.6248],[5.9886,52.6293],[6.0105,52.6379],[6.0173,52.6432],[6.0069,52.6513],[5.9995,52.6546],[5.984,52.6572],[5.9795,52.6605],[5.9708,52.6652],[5.9669,52.6666],[5.965,52.6662],[5.9582,52.6678],[5.954,52.6677],[5.9416,52.6705],[5.9401,52.6704],[5.9397,52.6688],[5.9351,52.6692],[5.9331,52.6713],[5.9328,52.6732],[5.9339,52.6755],[5.9454,52.6823],[5.9447,52.6827],[5.9495,52.6857],[5.9515,52.685],[5.9527,52.6852],[5.9594,52.69],[5.9621,52.6904],[5.9652,52.6936],[5.9648,52.6981],[5.959,52.7039],[5.9548,52.7038],[5.9553,52.7073],[5.9512,52.7119],[5.9426,52.715],[5.9356,52.7303],[5.9226,52.7507],[5.906,52.7613],[5.9001,52.7612],[5.8961,52.7628],[5.8944,52.7651],[5.8851,52.7693],[5.8797,52.7733],[5.8603,52.7818],[5.8497,52.7847],[5.8435,52.7845],[5.8363,52.7856],[5.8188,52.7847],[5.8187,52.7876],[5.8059,52.7949],[5.7993,52.8013],[5.7952,52.8065],[5.7898,52.8037],[5.7879,52.8072],[5.7844,52.8175],[5.7488,52.8397],[5.7247,52.844],[5.7275,52.8364],[5.7296,52.8337],[5.7287,52.8334],[5.7238,52.8358],[5.7147,52.8374],[5.7148,52.8379],[5.7132,52.8382],[5.7117,52.838],[5.7125,52.8374],[5.712,52.836],[5.7096,52.8348],[5.7043,52.8344],[5.7033,52.8364],[5.7028,52.836],[5.7031,52.8343],[5.6603,52.8313],[5.6314,52.8031],[5.3773,52.7648],[5.3611,52.6757],[5.3533,52.6786],[5.3016,52.6924],[5.2958,52.6928],[5.2876,52.6917],[5.2865,52.6887],[5.285,52.6891],[5.2623,52.6768],[5.2572,52.6445],[5.0604,52.5789],[5.1007,52.508],[5.151,52.4664],[5.1855,52.4156],[5.1373,52.4156],[5.0792,52.3887],[5.0793,52.3704],[5.1461,52.3197],[5.1511,52.3186],[5.2204,52.3261],[5.2293,52.3253],[5.2811,52.3168],[5.2874,52.3151],[5.3073,52.3068],[5.4029,52.2495],[5.4634,52.26],[5.4648,52.2606],[5.4645,52.2618],[5.4723,52.2637],[5.4725,52.2633],[5.4761,52.2639],[5.4768,52.2624],[5.5333,52.2727],[5.5362,52.2764],[5.5756,52.3508],[5.5877,52.3615],[5.5912,52.3629],[5.5955,52.3634],[5.6055,52.3634],[5.6086,52.3624],[5.6116,52.3595],[5.614,52.3623],[5.6449,52.3709],[5.6526,52.3654],[5.6777,52.3787],[5.6886,52.3798],[5.6988,52.382],[5.7068,52.3866],[5.7148,52.3888],[5.7156,52.388],[5.7273,52.3936],[5.7288,52.3953],[5.7335,52.3972],[5.7294,52.401],[5.7334,52.4025],[5.7374,52.3987],[5.7394,52.3984],[5.7466,52.403],[5.7531,52.405],[5.7581,52.4085],[5.7873,52.4226],[5.7926,52.4262],[5.81,52.4357],[5.8115,52.4369],[5.8096,52.4377],[5.8224,52.4497],[5.8156,52.4552],[5.8314,52.4734],[5.8403,52.4711],[5.8415,52.4723],[5.8456,52.4782],[5.8456,52.4803],[5.8478,52.485],[5.851,52.4954],[5.8567,52.4998],[5.8629,52.5135],[5.8645,52.5187],[5.8642,52.5198],[5.8621,52.5216],[5.8626,52.5233],[5.8606,52.5283],[5.8611,52.5311],[5.8568,52.544],[5.8579,52.5446],[5.8576,52.5457],[5.8564,52.5458],[5.8551,52.5508],[5.812,52.5792],[5.8043,52.5807],[5.7779,52.5809],[5.778,52.6075]]]}},{"type":"Feature","properties":{"naam":"Limburg"},"geometry":{"type":"Polygon","coordinates":[[[5.944,51.7418],[5.9359,51.741],[5.9345,51.742],[5.9328,51.7419],[5.9323,51.7432],[5.9299,51.7444],[5.9307,51.7465],[5.9333,51.7481],[5.9153,51.7523],[5.9133,51.7555],[5.9134,51.759],[5.9111,51.7624],[5.9054,51.7657],[5.8934,51.7779],[5.8864,51.7786],[5.8679,51.7755],[5.8671,51.7697],[5.8692,51.7629],[5.8645,51.7577],[5.8728,51.7544],[5.8796,51.7499],[5.8803,51.7485],[5.8806,51.7444],[5.8836,51.7376],[5.8854,51.7283],[5.8876,51.7254],[5.8938,51.7221],[5.8996,51.7202],[5.912,51.7179],[5.9277,51.7171],[5.9413,51.7148],[5.9507,51.7122],[5.9553,51.7093],[5.9562,51.7072],[5.9566,51.6989],[5.9624,51.6846],[5.9644,51.6774],[5.9646,51.672],[5.9632,51.6601],[5.9637,51.6563],[5.9651,51.6522],[5.9679,51.6489],[5.9739,51.6446],[5.9821,51.6425],[5.9964,51.6367],[6.0206,51.6213],[6.0227,51.6188],[6.0239,51.6158],[6.0238,51.6032],[6.0249,51.5981],[6.0272,51.5943],[6.0353,51.5882],[6.0386,51.5843],[6.0398,51.5809],[6.0378,51.5741],[6.0377,51.57],[6.0407,51.5645],[6.0481,51.5585],[6.0464,51.5576],[6.0447,51.559],[6.0428,51.5587],[6.0444,51.5575],[6.0409,51.5566],[6.0373,51.5581],[6.0343,51.5575],[6.0326,51.5569],[6.0337,51.5554],[6.0317,51.5523],[6.0182,51.5633],[6.0043,51.5702],[5.9763,51.5616],[5.9354,51.5536],[5.9067,51.552],[5.8915,51.5602],[5.8382,51.5664],[5.8526,51.5042],[5.8607,51.492],[5.8717,51.4501],[5.9158,51.4028],[5.9313,51.3848],[5.8745,51.3533],[5.672,51.3151],[5.6561,51.3016],[5.626,51.2736],[5.6253,51.2715],[5.6235,51.249],[5.6188,51.2294],[5.5944,51.2242],[5.5943,51.2261],[5.566,51.2209],[5.6367,51.2028],[5.6527,51.1977],[5.6541,51.1942],[5.6497,51.1936],[5.658,51.1847],[5.6643,51.1863],[5.671,51.1858],[5.6762,51.1846],[5.6765,51.1827],[5.6805,51.1835],[5.681,51.1844],[5.684,51.1841],[5.6894,51.1854],[5.6915,51.1837],[5.6953,51.1826],[5.6964,51.1839],[5.7016,51.1838],[5.7013,51.1825],[5.708,51.1821],[5.7091,51.1815],[5.7087,51.181],[5.7093,51.1804],[5.7145,51.1835],[5.7178,51.1844],[5.7244,51.1853],[5.7253,51.1846],[5.7285,51.1857],[5.7301,51.1849],[5.7334,51.1853],[5.7338,51.1862],[5.7382,51.1865],[5.7397,51.1847],[5.7401,51.1866],[5.7431,51.1875],[5.7433,51.1883],[5.7456,51.1895],[5.7491,51.1887],[5.7531,51.1861],[5.7569,51.1854],[5.756,51.1845],[5.7672,51.1837],[5.7767,51.1785],[5.773,51.1734],[5.7739,51.1727],[5.7797,51.1718],[5.7726,51.1695],[5.7704,51.17],[5.7696,51.1691],[5.7702,51.1642],[5.773,51.1645],[5.7745,51.1639],[5.774,51.1653],[5.7764,51.1653],[5.7768,51.1632],[5.776,51.163],[5.7778,51.1625],[5.7794,51.1633],[5.7795,51.1594],[5.7764,51.1577],[5.7772,51.1574],[5.7748,51.1547],[5.7767,51.1544],[5.7776,51.1513],[5.7851,51.1531],[5.7865,51.1547],[5.792,51.1571],[5.7988,51.1577],[5.8026,51.1595],[5.8021,51.1609],[5.8049,51.1629],[5.8058,51.1624],[5.8063,51.1628],[5.8139,51.1587],[5.8151,51.1588],[5.8147,51.1611],[5.8157,51.1616],[5.816,51.1632],[5.8243,51.1678],[5.8275,51.1662],[5.8282,51.1643],[5.83,51.1641],[5.8327,51.1624],[5.8337,51.1611],[5.8327,51.16],[5.8329,51.159],[5.8386,51.1571],[5.8364,51.1537],[5.8558,51.1446],[5.8458,51.1408],[5.8435,51.1373],[5.844,51.1355],[5.8434,51.1338],[5.8413,51.1315],[5.839,51.1307],[5.8288,51.1303],[5.8249,51.1293],[5.8207,51.1268],[5.8141,51.1208],[5.8098,51.1184],[5.8077,51.113],[5.8084,51.1112],[5.8109,51.1089],[5.8146,51.1075],[5.8251,51.1082],[5.83,51.1065],[5.8328,51.1046],[5.8338,51.1028],[5.8337,51.1],[5.8324,51.0974],[5.829,51.0944],[5.8241,51.0923],[5.8213,51.0927],[5.8126,51.0959],[5.8083,51.0963],[5.8001,51.0942],[5.796,51.0915],[5.7951,51.0896],[5.7964,51.087],[5.8026,51.083],[5.8049,51.0796],[5.8042,51.0769],[5.7992,51.075],[5.7966,51.0718],[5.7977,51.0709],[5.7983,51.0682],[5.8011,51.064],[5.8003,51.0612],[5.7975,51.0592],[5.7932,51.0585],[5.7878,51.0597],[5.7805,51.0626],[5.7762,51.0631],[5.7736,51.0624],[5.7717,51.0599],[5.7726,51.0563],[5.7708,51.0492],[5.7664,51.0425],[5.7634,51.0405],[5.7584,51.035],[5.7583,51.0321],[5.7597,51.0306],[5.7692,51.0288],[5.7729,51.0274],[5.7749,51.026],[5.7764,51.0233],[5.7756,51.0207],[5.7675,51.0133],[5.7663,51.0106],[5.7661,51.0069],[5.7674,51.0044],[5.7676,50.9997],[5.7649,50.9965],[5.7557,50.9909],[5.755,50.9901],[5.7551,50.989],[5.7526,50.9867],[5.7515,50.9841],[5.7499,50.9825],[5.7466,50.9807],[5.7398,50.9798],[5.7373,50.9787],[5.7364,50.9779],[5.7343,50.9727],[5.7285,50.9699],[5.7257,50.9667],[5.7218,50.9641],[5.7198,50.9615],[5.7199,50.9596],[5.7231,50.9565],[5.7281,50.955],[5.7312,50.9549],[5.739,50.9574],[5.74,50.9592],[5.7446,50.9615],[5.7505,50.9607],[5.7568,50.9569],[5.7588,50.9544],[5.7588,50.9517],[5.7569,50.9503],[5.7516,50.9492],[5.7466,50.9473],[5.7459,50.9465],[5.7462,50.9436],[5.7442,50.9412],[5.7436,50.9384],[5.7409,50.9352],[5.7325,50.9302],[5.7315,50.9285],[5.7281,50.9256],[5.7259,50.9212],[5.7273,50.9158],[5.7266,50.9131],[5.7228,50.9092],[5.7189,50.9078],[5.716,50.9082],[5.7093,50.9116],[5.7064,50.912],[5.6995,50.9108],[5.6974,50.9095],[5.6963,50.9077],[5.6958,50.9058],[5.6972,50.9023],[5.6957,50.8977],[5.6923,50.8937],[5.6863,50.8912],[5.6825,50.8885],[5.6791,50.8835],[5.6793,50.8805],[5.6696,50.8818],[5.6674,50.8803],[5.6617,50.8787],[5.6607,50.8777],[5.661,50.8774],[5.6586,50.8762],[5.6564,50.8766],[5.6533,50.874],[5.6513,50.8751],[5.6442,50.8713],[5.6495,50.8683],[5.6417,50.8642],[5.644,50.8629],[5.6423,50.8614],[5.6436,50.8605],[5.6418,50.8592],[5.6438,50.8589],[5.6417,50.8576],[5.6435,50.8568],[5.6403,50.8537],[5.6417,50.8525],[5.6427,50.8501],[5.6403,50.8495],[5.6408,50.8477],[5.6389,50.8477],[5.6392,50.8463],[5.6423,50.8431],[5.6412,50.8429],[5.6428,50.8415],[5.6419,50.8408],[5.6453,50.8394],[5.6437,50.8379],[5.6474,50.8359],[5.6483,50.8332],[5.65,50.8339],[5.6514,50.832],[5.6489,50.8267],[5.6519,50.8275],[5.6562,50.8243],[5.6555,50.8238],[5.6565,50.8232],[5.6543,50.8213],[5.6552,50.8209],[5.654,50.8201],[5.659,50.8185],[5.6632,50.8181],[5.6643,50.8172],[5.6667,50.8173],[5.6664,50.8168],[5.6676,50.8165],[5.6681,50.8177],[5.6695,50.8178],[5.6697,50.8172],[5.6727,50.8169],[5.6732,50.816],[5.6783,50.8165],[5.6785,50.8151],[5.6794,50.8147],[5.6806,50.812],[5.6844,50.8134],[5.686,50.8122],[5.6888,50.8116],[5.6917,50.8121],[5.6939,50.8115],[5.694,50.7966],[5.6983,50.7852],[5.6987,50.7796],[5.6974,50.7753],[5.6952,50.7725],[5.685,50.7636],[5.6822,50.76],[5.6821,50.7575],[5.6878,50.7577],[5.6885,50.7557],[5.6948,50.7548],[5.699,50.7553],[5.7014,50.757],[5.7026,50.7589],[5.707,50.7583],[5.7074,50.759],[5.7087,50.759],[5.7089,50.7599],[5.7102,50.7598],[5.7106,50.7608],[5.7122,50.7605],[5.7123,50.761],[5.7156,50.7599],[5.7203,50.7647],[5.7228,50.7638],[5.722,50.7635],[5.7247,50.7614],[5.724,50.7609],[5.7303,50.7583],[5.7304,50.7574],[5.7392,50.7571],[5.7416,50.7612],[5.7404,50.7614],[5.7414,50.7623],[5.7405,50.763],[5.7433,50.767],[5.7453,50.7684],[5.7449,50.7688],[5.7519,50.7737],[5.7523,50.7734],[5.7546,50.7752],[5.7558,50.775],[5.7588,50.7782],[5.7596,50.778],[5.7658,50.7825],[5.7736,50.7832],[5.7774,50.783],[5.7766,50.7822],[5.7797,50.7743],[5.7845,50.7672],[5.7932,50.7702],[5.8077,50.756],[5.8144,50.7562],[5.8224,50.7588],[5.8308,50.7586],[5.8381,50.7633],[5.845,50.7654],[5.8489,50.7534],[5.853,50.7577],[5.8631,50.7634],[5.869,50.7649],[5.8762,50.7656],[5.8865,50.7702],[5.8897,50.7642],[5.8902,50.7601],[5.8892,50.7575],[5.8897,50.7563],[5.9016,50.7514],[5.9048,50.7552],[5.9082,50.7557],[5.909,50.7542],[5.9131,50.7558],[5.9137,50.7557],[5.914,50.7543],[5.9154,50.7547],[5.9151,50.7504],[5.9214,50.7514],[5.9311,50.7569],[5.9362,50.7568],[5.939,50.7579],[5.9442,50.7585],[5.9465,50.7598],[5.9517,50.7605],[5.9536,50.7601],[5.958,50.7621],[5.9607,50.7625],[5.9609,50.7615],[5.9728,50.7596],[5.9751,50.7579],[5.9741,50.7552],[5.9765,50.7543],[5.9793,50.7546],[5.9832,50.7528],[5.9845,50.7534],[5.9934,50.7528],[5.9972,50.7539],[5.9993,50.753],[6.0025,50.7541],[6.0045,50.7538],[6.0134,50.7551],[6.021,50.7543],[6.0184,50.7634],[6.0263,50.7725],[6.0279,50.7735],[6.0276,50.7742],[6.0261,50.7755],[6.0203,50.7765],[6.0174,50.7786],[6.0066,50.7819],[6.0055,50.7834],[6.0022,50.7842],[5.9985,50.787],[5.9975,50.7866],[5.9959,50.7874],[5.9959,50.79],[5.9883,50.794],[5.9858,50.7938],[5.985,50.7948],[5.9799,50.7952],[5.9792,50.7963],[5.9749,50.798],[5.9757,50.8024],[5.9779,50.8051],[5.9787,50.8047],[5.9802,50.8058],[5.9802,50.8071],[5.9814,50.8086],[5.9855,50.8106],[6.0037,50.8015],[6.01,50.804],[6.0165,50.8098],[6.025,50.8141],[6.0235,50.8146],[6.0245,50.8159],[6.0221,50.8168],[6.0264,50.82],[6.0247,50.8216],[6.024,50.8251],[6.0227,50.8266],[6.0253,50.8278],[6.0188,50.8297],[6.0163,50.8339],[6.0184,50.8373],[6.0159,50.8388],[6.0189,50.8463],[6.0278,50.8476],[6.0343,50.8506],[6.0421,50.8512],[6.044,50.8525],[6.0501,50.8542],[6.0508,50.8554],[6.0551,50.8573],[6.0566,50.8571],[6.0571,50.8555],[6.0566,50.8544],[6.0571,50.8543],[6.0572,50.852],[6.0567,50.8511],[6.0634,50.8502],[6.0742,50.8465],[6.0773,50.8608],[6.081,50.8626],[6.081,50.8645],[6.0834,50.8648],[6.0865,50.8693],[6.0861,50.8715],[6.0881,50.8724],[6.0851,50.8764],[6.087,50.8781],[6.0867,50.8794],[6.0822,50.8816],[6.083,50.8821],[6.0825,50.8825],[6.0796,50.8822],[6.0797,50.8836],[6.0782,50.8852],[6.0793,50.8867],[6.0782,50.888],[6.0773,50.8876],[6.0764,50.8888],[6.0754,50.8906],[6.0762,50.892],[6.0752,50.893],[6.0766,50.8946],[6.0774,50.8991],[6.0799,50.9029],[6.0797,50.9055],[6.0813,50.9091],[6.0863,50.9123],[6.0868,50.9141],[6.0921,50.9175],[6.0941,50.9207],[6.0937,50.9212],[6.0902,50.9196],[6.0894,50.9185],[6.0821,50.9215],[6.0775,50.9226],[6.0718,50.9231],[6.0682,50.9207],[6.063,50.922],[6.0618,50.9212],[6.054,50.9222],[6.0562,50.9272],[6.0509,50.9299],[6.0456,50.9281],[6.0444,50.9293],[6.0398,50.9309],[6.0182,50.9347],[6.0151,50.9479],[6.0169,50.9526],[6.0052,50.9568],[6.0091,50.9595],[6.013,50.9604],[6.0152,50.9624],[6.0212,50.971],[6.0268,50.9813],[6.0265,50.9833],[6.0187,50.9838],[5.9842,50.9821],[5.9814,50.9832],[5.9739,50.9806],[5.9676,50.9794],[5.9574,50.985],[5.9552,50.9884],[5.9501,50.9872],[5.9339,50.9854],[5.9186,50.9777],[5.9156,50.9778],[5.9056,50.9747],[5.8971,50.9749],[5.8968,50.9765],[5.8926,50.9803],[5.8957,50.9814],[5.9037,50.9872],[5.9055,51.0022],[5.8955,51.0045],[5.8957,51.011],[5.8883,51.0135],[5.8843,51.0134],[5.8788,51.018],[5.8789,51.0206],[5.8767,51.0238],[5.8746,51.0292],[5.8769,51.0316],[5.8781,51.0374],[5.8746,51.0391],[5.8673,51.0463],[5.8663,51.0511],[5.8687,51.0517],[5.8872,51.0522],[5.892,51.0531],[5.8964,51.0571],[5.9056,51.0618],[5.9132,51.0669],[5.9187,51.064],[5.9263,51.0482],[5.9346,51.0412],[5.9381,51.0351],[5.9416,51.0356],[5.9431,51.0366],[5.9498,51.037],[5.954,51.0365],[5.9557,51.035],[5.9578,51.0347],[5.9595,51.0382],[5.9578,51.041],[5.9617,51.042],[5.9638,51.0437],[5.9669,51.0441],[5.9692,51.0468],[5.9684,51.0479],[5.9693,51.0491],[5.9682,51.0511],[5.9703,51.0542],[5.9681,51.0556],[5.9708,51.058],[5.9708,51.0597],[5.97,51.0607],[5.9732,51.0629],[5.9748,51.0632],[5.9785,51.0664],[5.9787,51.0677],[5.9817,51.0695],[5.9796,51.0713],[5.9803,51.0723],[5.9884,51.0746],[5.9922,51.0799],[5.9978,51.0842],[6.0038,51.0868],[6.0095,51.0908],[6.0141,51.0915],[6.0176,51.0946],[6.0207,51.0928],[6.0367,51.0966],[6.042,51.1009],[6.0444,51.1011],[6.0568,51.1095],[6.0552,51.1107],[6.0603,51.1159],[6.0673,51.118],[6.0713,51.118],[6.0759,51.1192],[6.0757,51.1209],[6.0805,51.1221],[6.08,51.1245],[6.0809,51.126],[6.0835,51.1239],[6.087,51.1246],[6.0864,51.1257],[6.0844,51.126],[6.0865,51.1275],[6.0888,51.1279],[6.0887,51.1287],[6.0871,51.1293],[6.0892,51.1302],[6.092,51.135],[6.0963,51.1348],[6.1004,51.1364],[6.1036,51.1364],[6.1061,51.1375],[6.1164,51.1392],[6.1179,51.1402],[6.1213,51.1409],[6.1213,51.1427],[6.1242,51.1438],[6.1243,51.1447],[6.1255,51.1444],[6.1258,51.1451],[6.1346,51.1451],[6.1382,51.1463],[6.1448,51.147],[6.1455,51.1476],[6.1451,51.1479],[6.1477,51.1486],[6.1549,51.1479],[6.1606,51.1495],[6.1633,51.1487],[6.1628,51.1527],[6.1701,51.1552],[6.1754,51.1585],[6.1388,51.1733],[6.1807,51.1864],[6.1652,51.1944],[6.1224,51.1813],[6.1174,51.1791],[6.1127,51.1748],[6.1115,51.1747],[6.1113,51.1738],[6.1059,51.1721],[6.1021,51.1716],[6.1001,51.1699],[6.0959,51.1712],[6.0938,51.1704],[6.09,51.1704],[6.0892,51.171],[6.0822,51.1716],[6.0785,51.1772],[6.0731,51.1828],[6.0695,51.2132],[6.0685,51.2134],[6.068,51.2206],[6.0707,51.2221],[6.0733,51.2224],[6.0836,51.222],[6.086,51.2227],[6.0727,51.2426],[6.0856,51.2476],[6.1245,51.2747],[6.1248,51.2775],[6.129,51.2857],[6.1451,51.2981],[6.1538,51.3074],[6.1542,51.3111],[6.1594,51.3156],[6.1596,51.3197],[6.1642,51.3256],[6.1694,51.3294],[6.1683,51.3315],[6.1686,51.333],[6.1782,51.3332],[6.1883,51.3351],[6.1942,51.3349],[6.1899,51.3395],[6.2264,51.3603],[6.2147,51.3875],[6.2164,51.3888],[6.2144,51.3896],[6.2237,51.3966],[6.2268,51.3994],[6.226,51.3995],[6.2267,51.4003],[6.2114,51.4009],[6.2053,51.3995],[6.2148,51.4339],[6.2139,51.4463],[6.2142,51.4467],[6.2206,51.4466],[6.22,51.4553],[6.2221,51.4611],[6.2223,51.4662],[6.2237,51.4687],[6.2228,51.4695],[6.2236,51.475],[6.219,51.485],[6.2185,51.4843],[6.2128,51.4913],[6.2142,51.5029],[6.212,51.5134],[6.2077,51.5191],[6.1999,51.5274],[6.1887,51.5335],[6.1769,51.5386],[6.157,51.5666],[6.147,51.5706],[6.1306,51.5811],[6.1215,51.5927],[6.1171,51.5938],[6.0914,51.6058],[6.0944,51.6152],[6.0939,51.6222],[6.0972,51.6209],[6.1,51.6241],[6.108,51.6419],[6.1117,51.6447],[6.1094,51.6469],[6.1172,51.6507],[6.1158,51.6532],[6.1181,51.656],[6.1028,51.6605],[6.102,51.6606],[6.0997,51.6581],[6.095,51.6597],[6.0879,51.6598],[6.0872,51.6618],[6.0853,51.6629],[6.0831,51.6617],[6.0795,51.6616],[6.079,51.6619],[6.0797,51.6635],[6.0757,51.6648],[6.0724,51.6638],[6.0366,51.6728],[6.0349,51.674],[6.0315,51.6746],[6.0347,51.6751],[6.032,51.6762],[6.0298,51.6781],[6.0304,51.6829],[6.0323,51.6839],[6.0322,51.6848],[6.0282,51.6896],[6.0303,51.6901],[6.0318,51.6925],[6.0306,51.6984],[6.0278,51.7005],[6.0281,51.7026],[6.0268,51.7043],[6.0271,51.7071],[6.0261,51.7087],[6.0283,51.7117],[6.0315,51.713],[6.0377,51.7127],[6.0378,51.7137],[6.0387,51.7138],[6.042,51.7133],[6.0449,51.7169],[6.0379,51.7199],[6.0384,51.7181],[6.0354,51.7178],[6.035,51.7212],[6.033,51.7214],[6.0323,51.7238],[6.029,51.7258],[6.0038,51.7337],[5.9926,51.7386],[5.9734,51.7393],[5.9684,51.7385],[5.9611,51.7388],[5.9552,51.7381],[5.9523,51.7427],[5.9533,51.748],[5.9523,51.7461],[5.9524,51.7445],[5.944,51.7418]]]}},{"type":"Feature","properties":{"naam":"Overijssel"},"geometry":{"type":"Polygon","coordinates":[[[5.9253,52.4744],[5.9354,52.4774],[5.9369,52.4765],[5.9468,52.4824],[5.953,52.4844],[5.9587,52.4838],[5.9654,52.4765],[5.9825,52.4886],[6.0071,52.504],[6.0124,52.5059],[6.0151,52.506],[6.0193,52.5048],[6.0229,52.5053],[6.0253,52.5066],[6.0279,52.5096],[6.0424,52.5056],[6.0547,52.4995],[6.0584,52.496],[6.0638,52.4876],[6.0681,52.4839],[6.0751,52.4806],[6.0893,52.4768],[6.0953,52.4734],[6.0998,52.4697],[6.1017,52.4663],[6.1034,52.4564],[6.1034,52.4518],[6.1019,52.4474],[6.1025,52.4453],[6.105,52.4426],[6.1132,52.4387],[6.1195,52.4329],[6.1164,52.4302],[6.1182,52.4284],[6.1182,52.4266],[6.1139,52.4199],[6.1136,52.4169],[6.1147,52.4143],[6.1108,52.4077],[6.1149,52.4069],[6.1163,52.4048],[6.1191,52.4026],[6.1237,52.4019],[6.1254,52.4002],[6.1276,52.3996],[6.1306,52.4],[6.1253,52.393],[6.126,52.3845],[6.1246,52.3822],[6.1222,52.3802],[6.1142,52.3774],[6.0837,52.3724],[6.0809,52.3714],[6.0785,52.3695],[6.0774,52.3658],[6.0791,52.3629],[6.0813,52.3619],[6.0903,52.3606],[6.0931,52.359],[6.0949,52.357],[6.0872,52.3539],[6.078,52.3524],[6.0781,52.3517],[6.0761,52.3506],[6.0761,52.3457],[6.0753,52.3446],[6.0768,52.3387],[6.0756,52.3348],[6.074,52.3345],[6.0756,52.3333],[6.0741,52.3322],[6.0707,52.3219],[6.0671,52.3213],[6.0661,52.3203],[6.0662,52.3189],[6.0665,52.3178],[6.0718,52.3172],[6.0737,52.3177],[6.0798,52.3176],[6.081,52.3119],[6.0848,52.3117],[6.0829,52.3071],[6.0841,52.3016],[6.0862,52.3019],[6.0879,52.3004],[6.0909,52.3],[6.0992,52.3001],[6.0987,52.3012],[6.1013,52.3012],[6.1049,52.2967],[6.1048,52.2948],[6.1059,52.2924],[6.1113,52.2882],[6.1113,52.2807],[6.1126,52.2779],[6.1217,52.2714],[6.123,52.2693],[6.1236,52.2652],[6.1248,52.2634],[6.1301,52.2607],[6.1282,52.2586],[6.1251,52.2568],[6.1236,52.2537],[6.1239,52.2515],[6.1354,52.2496],[6.1388,52.2478],[6.1435,52.2464],[6.15,52.2483],[6.1537,52.2468],[6.1542,52.2457],[6.1536,52.244],[6.1422,52.2385],[6.1416,52.2366],[6.1419,52.2334],[6.1437,52.231],[6.1477,52.2277],[6.1614,52.2248],[6.1639,52.2219],[6.1626,52.2183],[6.1641,52.2174],[6.1676,52.2189],[6.1675,52.2201],[6.1687,52.2207],[6.1655,52.2226],[6.1658,52.2235],[6.1645,52.2244],[6.1625,52.2279],[6.1677,52.2262],[6.1684,52.2273],[6.163,52.2285],[6.1663,52.231],[6.1787,52.2336],[6.1829,52.2337],[6.1891,52.2292],[6.2019,52.2294],[6.2109,52.2282],[6.2172,52.2264],[6.2145,52.2314],[6.2165,52.2315],[6.2225,52.2289],[6.2279,52.2298],[6.2339,52.229],[6.238,52.2275],[6.2447,52.2283],[6.2457,52.2273],[6.2486,52.2276],[6.2504,52.2269],[6.2573,52.2273],[6.2601,52.2291],[6.2647,52.2272],[6.2713,52.2264],[6.271,52.2279],[6.2761,52.2278],[6.2863,52.2304],[6.2873,52.2297],[6.2927,52.2309],[6.293,52.2295],[6.297,52.229],[6.2979,52.2255],[6.3204,52.2257],[6.3254,52.227],[6.3387,52.2272],[6.338,52.2362],[6.3413,52.236],[6.342,52.2365],[6.3412,52.2376],[6.3471,52.2392],[6.3495,52.2388],[6.3497,52.2412],[6.3509,52.2417],[6.3669,52.2415],[6.3819,52.2461],[6.3834,52.244],[6.3899,52.2426],[6.399,52.2432],[6.4111,52.243],[6.4166,52.2421],[6.4163,52.2382],[6.4168,52.2371],[6.4231,52.232],[6.4285,52.2239],[6.4319,52.2209],[6.4396,52.2174],[6.4405,52.2161],[6.4465,52.2127],[6.4532,52.2063],[6.4534,52.2043],[6.4549,52.2024],[6.4573,52.201],[6.4675,52.2004],[6.4703,52.1994],[6.4695,52.1983],[6.4693,52.1945],[6.47,52.1927],[6.473,52.1883],[6.4776,52.1852],[6.4792,52.1823],[6.4906,52.1799],[6.4924,52.1774],[6.496,52.1772],[6.5142,52.1813],[6.5553,52.1773],[6.5904,52.1825],[6.5936,52.1804],[6.5961,52.1798],[6.6063,52.1731],[6.6062,52.1724],[6.6032,52.1707],[6.6034,52.1692],[6.6029,52.1691],[6.605,52.1662],[6.6068,52.165],[6.6093,52.1651],[6.6121,52.1632],[6.6172,52.1652],[6.6217,52.1684],[6.625,52.1686],[6.6266,52.1715],[6.6252,52.1721],[6.6291,52.172],[6.6305,52.1729],[6.6305,52.1736],[6.6349,52.1722],[6.6403,52.1674],[6.645,52.1742],[6.6646,52.1679],[6.6655,52.1673],[6.665,52.167],[6.6713,52.1657],[6.6734,52.1632],[6.6728,52.1614],[6.6741,52.1613],[6.6731,52.1601],[6.6743,52.1585],[6.6727,52.1582],[6.6713,52.1563],[6.6704,52.1564],[6.6735,52.155],[6.6724,52.153],[6.6738,52.1521],[6.6728,52.1505],[6.6713,52.1505],[6.6737,52.1483],[6.6744,52.1428],[6.6739,52.1412],[6.6726,52.1393],[6.6688,52.1371],[6.6624,52.1302],[6.6777,52.126],[6.6978,52.1236],[6.7163,52.1183],[6.7606,52.1188],[6.8227,52.1184],[6.8432,52.1192],[6.8555,52.1205],[6.8671,52.1281],[6.8734,52.1302],[6.8733,52.133],[6.882,52.156],[6.8805,52.156],[6.9057,52.1699],[6.9058,52.1738],[6.9081,52.176],[6.9156,52.1776],[6.9337,52.1784],[6.9512,52.1811],[6.962,52.1909],[6.9624,52.1943],[6.9674,52.1979],[6.9709,52.203],[6.9741,52.2054],[6.9763,52.2102],[6.9785,52.2121],[6.9795,52.2142],[6.9797,52.2182],[6.9813,52.2212],[6.9854,52.2235],[6.9853,52.2253],[6.9871,52.2254],[6.99,52.227],[6.997,52.2271],[7.0035,52.2286],[7.0112,52.2276],[7.0118,52.2269],[7.0131,52.2273],[7.0192,52.2251],[7.0205,52.2259],[7.0264,52.2257],[7.0391,52.2276],[7.0613,52.2347],[7.0658,52.2412],[7.0424,52.2561],[7.0321,52.2717],[7.0286,52.2736],[7.0275,52.278],[7.0296,52.2802],[7.0295,52.2815],[7.0262,52.2873],[7.0265,52.292],[7.0338,52.3025],[7.0395,52.3076],[7.0413,52.3111],[7.0387,52.3124],[7.0436,52.3135],[7.0433,52.3139],[7.0474,52.3152],[7.0464,52.3166],[7.0458,52.3164],[7.0481,52.3199],[7.0472,52.3213],[7.0472,52.3237],[7.0555,52.3322],[7.0549,52.3332],[7.0561,52.335],[7.0562,52.338],[7.0723,52.3519],[7.0728,52.3668],[7.0722,52.3736],[7.064,52.3903],[7.0585,52.3962],[7.0591,52.3971],[7.0587,52.3994],[7.0553,52.401],[7.0517,52.3999],[7.0508,52.4007],[7.0467,52.4008],[7.0415,52.4025],[7.0361,52.4027],[7.022,52.423],[7.0108,52.4291],[7.0051,52.4454],[7.0,52.4547],[6.9946,52.4621],[6.9939,52.4655],[6.9918,52.4674],[6.9876,52.4698],[6.9775,52.4657],[6.9744,52.4597],[6.9669,52.4499],[6.962,52.4446],[6.9618,52.4436],[6.9611,52.444],[6.9473,52.4366],[6.9417,52.4354],[6.9061,52.4422],[6.8891,52.4465],[6.8618,52.4514],[6.8525,52.4499],[6.8543,52.4597],[6.8447,52.4592],[6.8318,52.46],[6.7746,52.4596],[6.7527,52.4641],[6.7238,52.477],[6.7177,52.4781],[6.6975,52.4863],[6.7053,52.521],[6.6809,52.5533],[6.7163,52.5485],[6.7162,52.5503],[6.72,52.5517],[6.721,52.5529],[6.726,52.5633],[6.7342,52.5618],[6.7401,52.5621],[6.7523,52.559],[6.7667,52.5616],[6.7667,52.5635],[6.7188,52.5886],[6.7199,52.5933],[6.7216,52.5949],[6.7207,52.5963],[6.721,52.5984],[6.7238,52.6031],[6.7244,52.6083],[6.7273,52.6149],[6.7249,52.6186],[6.7229,52.6204],[6.7187,52.6219],[6.7183,52.6234],[6.7142,52.6268],[6.708,52.628],[6.7072,52.6268],[6.702,52.6273],[6.7008,52.6284],[6.7009,52.6294],[6.7043,52.6325],[6.7046,52.6336],[6.7032,52.6344],[6.7033,52.6358],[6.7065,52.6395],[6.7055,52.641],[6.7022,52.6411],[6.7012,52.6417],[6.7057,52.6435],[6.7056,52.6458],[6.7085,52.6487],[6.6825,52.6542],[6.6145,52.674],[6.5528,52.6656],[6.5465,52.6635],[6.5139,52.6463],[6.5186,52.6141],[6.512,52.6136],[6.5045,52.6171],[6.4997,52.618],[6.4949,52.618],[6.4919,52.6191],[6.4839,52.6191],[6.4806,52.6182],[6.4793,52.619],[6.478,52.6186],[6.4759,52.6213],[6.4743,52.6207],[6.4731,52.6212],[6.4725,52.6222],[6.4733,52.6229],[6.4724,52.6246],[6.4701,52.625],[6.4633,52.6235],[6.4632,52.6222],[6.464,52.6217],[6.4624,52.621],[6.4621,52.6192],[6.4607,52.6175],[6.4608,52.6163],[6.4598,52.6158],[6.4551,52.6154],[6.4534,52.6139],[6.4506,52.6152],[6.4481,52.6148],[6.443,52.6162],[6.4419,52.6156],[6.4349,52.6193],[6.4345,52.6204],[6.4356,52.6209],[6.4355,52.622],[6.4325,52.6256],[6.4338,52.6264],[6.433,52.6278],[6.4312,52.6284],[6.4305,52.6278],[6.4282,52.6282],[6.428,52.6272],[6.4266,52.6268],[6.426,52.6258],[6.4268,52.6245],[6.4244,52.6243],[6.4202,52.6223],[6.42,52.6213],[6.419,52.6209],[6.4188,52.619],[6.4163,52.6186],[6.4129,52.6196],[6.4095,52.6217],[6.4063,52.6207],[6.4059,52.6187],[6.4069,52.6178],[6.4038,52.6163],[6.4011,52.6163],[6.396,52.6178],[6.3938,52.6172],[6.3936,52.6161],[6.3915,52.6145],[6.389,52.6143],[6.3839,52.6122],[6.3831,52.613],[6.3835,52.6146],[6.3828,52.6157],[6.3803,52.615],[6.3765,52.6169],[6.3761,52.6178],[6.3769,52.6183],[6.3763,52.6194],[6.3772,52.6204],[6.3733,52.6238],[6.3753,52.6253],[6.3752,52.6261],[6.3741,52.6264],[6.3752,52.6274],[6.3743,52.6276],[6.3749,52.6279],[6.3741,52.629],[6.3723,52.6295],[6.3715,52.6318],[6.3692,52.6321],[6.3696,52.6327],[6.3686,52.6335],[6.3688,52.6345],[6.3698,52.635],[6.3695,52.6355],[6.3681,52.6356],[6.3663,52.6376],[6.3642,52.6377],[6.363,52.6391],[6.3642,52.6396],[6.3643,52.6404],[6.3632,52.6409],[6.3646,52.6416],[6.3639,52.6423],[6.3644,52.6432],[6.3598,52.6456],[6.3533,52.646],[6.3533,52.6478],[6.352,52.6486],[6.347,52.6492],[6.3474,52.6499],[6.3436,52.6512],[6.3414,52.6541],[6.3395,52.6547],[6.3365,52.6544],[6.3357,52.6552],[6.334,52.6547],[6.3324,52.6557],[6.3326,52.6568],[6.3301,52.657],[6.3287,52.6584],[6.3263,52.659],[6.3259,52.6598],[6.3272,52.6604],[6.3258,52.6613],[6.3259,52.6629],[6.3293,52.6654],[6.328,52.6661],[6.3288,52.6667],[6.3268,52.6686],[6.327,52.6692],[6.325,52.67],[6.3227,52.6705],[6.3168,52.6699],[6.3139,52.6687],[6.3141,52.6681],[6.3121,52.6681],[6.3098,52.6668],[6.3057,52.6662],[6.3027,52.6674],[6.3019,52.667],[6.3022,52.6664],[6.2997,52.6665],[6.2996,52.6658],[6.2976,52.6664],[6.2952,52.6635],[6.2954,52.6623],[6.2919,52.6624],[6.2884,52.6639],[6.2875,52.6635],[6.2851,52.6654],[6.2855,52.667],[6.2792,52.6691],[6.2768,52.6687],[6.2762,52.6673],[6.2749,52.6672],[6.2732,52.6648],[6.2701,52.6648],[6.2658,52.6669],[6.2654,52.6692],[6.2605,52.6705],[6.2582,52.6698],[6.2574,52.6704],[6.2559,52.6696],[6.2542,52.6702],[6.252,52.6699],[6.2503,52.671],[6.2509,52.6717],[6.2492,52.6714],[6.2473,52.6728],[6.249,52.6739],[6.2484,52.6756],[6.2438,52.6787],[6.2371,52.6775],[6.2328,52.6791],[6.2329,52.6799],[6.2341,52.6802],[6.2327,52.6815],[6.2277,52.6817],[6.2271,52.6812],[6.2249,52.6824],[6.2211,52.6828],[6.2212,52.6835],[6.2187,52.6843],[6.2198,52.6857],[6.2175,52.6855],[6.2167,52.6864],[6.2141,52.6863],[6.2121,52.6853],[6.2125,52.6846],[6.2101,52.6852],[6.205,52.6842],[6.2017,52.6846],[6.195,52.6796],[6.1942,52.6766],[6.1921,52.6764],[6.1914,52.6793],[6.1879,52.6796],[6.1859,52.6825],[6.1805,52.6816],[6.1842,52.6772],[6.1819,52.6769],[6.1831,52.6751],[6.1639,52.6795],[6.163,52.6801],[6.1697,52.6861],[6.1682,52.6881],[6.1649,52.6889],[6.1622,52.6913],[6.1588,52.6925],[6.1566,52.692],[6.1485,52.7076],[6.1291,52.738],[6.1203,52.7501],[6.1206,52.7525],[6.1217,52.7543],[6.1266,52.7569],[6.1325,52.7587],[6.1387,52.7591],[6.1567,52.7627],[6.1639,52.7664],[6.1685,52.7671],[6.1731,52.7733],[6.1803,52.7772],[6.1938,52.7864],[6.2017,52.7937],[6.1772,52.8139],[6.1724,52.8156],[6.1717,52.8151],[6.1576,52.825],[6.1492,52.8284],[6.152,52.8288],[6.1368,52.8388],[6.1303,52.8439],[6.1287,52.8478],[6.1198,52.8542],[6.0924,52.8443],[6.0875,52.8431],[6.0823,52.8391],[6.0615,52.8393],[6.0526,52.8373],[6.0551,52.8312],[6.06,52.8261],[6.0529,52.8241],[6.047,52.8205],[6.0312,52.815],[6.0266,52.8211],[6.0246,52.8225],[6.0075,52.82],[5.9965,52.8166],[5.9942,52.8191],[5.9906,52.8216],[5.9865,52.8217],[5.9818,52.8293],[5.9762,52.8347],[5.9729,52.8407],[5.9724,52.8419],[5.9731,52.8425],[5.97,52.8424],[5.9581,52.8394],[5.9558,52.8374],[5.9569,52.8344],[5.9558,52.8332],[5.9459,52.8375],[5.9406,52.8357],[5.9316,52.8353],[5.9271,52.8338],[5.927,52.8329],[5.93,52.8326],[5.9307,52.8319],[5.9299,52.8313],[5.9255,52.8315],[5.9228,52.8308],[5.9231,52.8295],[5.9264,52.8283],[5.9229,52.8275],[5.9241,52.8235],[5.9194,52.8219],[5.915,52.8195],[5.9094,52.8141],[5.9007,52.8118],[5.8979,52.8078],[5.8826,52.8039],[5.8788,52.8008],[5.8687,52.8027],[5.8656,52.8047],[5.8596,52.8045],[5.857,52.8072],[5.8547,52.8055],[5.8502,52.8062],[5.8436,52.805],[5.8422,52.8076],[5.8388,52.806],[5.8365,52.8058],[5.8359,52.8064],[5.8374,52.8083],[5.835,52.8098],[5.8336,52.8117],[5.8287,52.8134],[5.8242,52.8133],[5.8222,52.8152],[5.8201,52.8161],[5.8197,52.8173],[5.81,52.8139],[5.7952,52.8065],[5.7993,52.8013],[5.8059,52.7949],[5.8187,52.7876],[5.8188,52.7847],[5.8363,52.7856],[5.8435,52.7845],[5.8497,52.7847],[5.8603,52.7818],[5.8797,52.7733],[5.8851,52.7693],[5.8944,52.7651],[5.8961,52.7628],[5.9001,52.7612],[5.906,52.7613],[5.9226,52.7507],[5.9356,52.7303],[5.9426,52.715],[5.9512,52.7119],[5.9553,52.7073],[5.9548,52.7038],[5.959,52.7039],[5.9648,52.6981],[5.9652,52.6936],[5.9621,52.6904],[5.9594,52.69],[5.9527,52.6852],[5.9515,52.685],[5.9495,52.6857],[5.9447,52.6827],[5.9454,52.6823],[5.9339,52.6755],[5.9328,52.6732],[5.9331,52.6713],[5.9351,52.6692],[5.9397,52.6688],[5.9401,52.6704],[5.9416,52.6705],[5.954,52.6677],[5.9582,52.6678],[5.965,52.6662],[5.9669,52.6666],[5.9708,52.6652],[5.9795,52.6605],[5.984,52.6572],[5.9995,52.6546],[6.0069,52.6513],[6.0173,52.6432],[6.0105,52.6379],[5.9886,52.6293],[5.9553,52.6248],[5.9556,52.6229],[5.9404,52.6181],[5.9327,52.6149],[5.9157,52.6135],[5.9106,52.6177],[5.9055,52.6192],[5.8405,52.6104],[5.8372,52.6073],[5.778,52.6075],[5.7779,52.5809],[5.8043,52.5807],[5.812,52.5792],[5.8551,52.5508],[5.8564,52.5458],[5.8576,52.5457],[5.8579,52.5446],[5.8568,52.544],[5.8611,52.5311],[5.8606,52.5283],[5.8626,52.5233],[5.8621,52.5216],[5.8642,52.5198],[5.8643,52.5182],[5.8762,52.522],[5.8778,52.5211],[5.879,52.5217],[5.8826,52.519],[5.8834,52.5192],[5.8873,52.5169],[5.9003,52.5068],[5.9102,52.4973],[5.9171,52.4884],[5.9253,52.4744]]]}},{"type":"Feature","properties":{"naam":"Utrecht"},"geometry":{"type":"Polygon","coordinates":[[[5.5579,52.0489],[5.5586,52.05],[5.5576,52.0504],[5.5598,52.0595],[5.5607,52.0675],[5.5608,52.0686],[5.5592,52.071],[5.5614,52.0733],[5.5627,52.0783],[5.5607,52.0814],[5.5608,52.0844],[5.5567,52.0855],[5.5574,52.0861],[5.5571,52.0869],[5.5549,52.0866],[5.5547,52.0915],[5.5559,52.0918],[5.5544,52.0935],[5.5544,52.0954],[5.5505,52.0966],[5.5542,52.1002],[5.5531,52.101],[5.5503,52.1054],[5.5453,52.1044],[5.5463,52.1024],[5.544,52.1019],[5.5415,52.1037],[5.5315,52.1023],[5.5328,52.1],[5.5392,52.0978],[5.5388,52.0964],[5.5351,52.0929],[5.5383,52.0927],[5.5371,52.0887],[5.5309,52.0898],[5.5266,52.0849],[5.5313,52.0839],[5.5318,52.0836],[5.5312,52.0824],[5.5269,52.0807],[5.5227,52.0775],[5.5194,52.0792],[5.5099,52.0791],[5.5104,52.0781],[5.5092,52.077],[5.5051,52.0769],[5.5046,52.0733],[5.5021,52.0733],[5.4999,52.0713],[5.4939,52.0719],[5.4841,52.0696],[5.4738,52.0731],[5.4703,52.0749],[5.4671,52.0756],[5.4654,52.0784],[5.4592,52.0802],[5.4601,52.081],[5.4597,52.082],[5.4634,52.0834],[5.4641,52.0831],[5.4715,52.0884],[5.4719,52.0894],[5.4768,52.0903],[5.4861,52.0937],[5.4847,52.0966],[5.4852,52.0992],[5.4843,52.1055],[5.4939,52.1111],[5.4939,52.1125],[5.4918,52.1145],[5.4864,52.1154],[5.4881,52.1161],[5.4956,52.1156],[5.4989,52.116],[5.5026,52.1151],[5.5039,52.1137],[5.5062,52.1143],[5.5077,52.1139],[5.5075,52.1156],[5.5038,52.1166],[5.5054,52.1198],[5.4969,52.1196],[5.4951,52.122],[5.4947,52.1247],[5.4968,52.1248],[5.4979,52.1303],[5.5014,52.1299],[5.5119,52.1321],[5.5119,52.1341],[5.5141,52.1359],[5.5103,52.138],[5.5026,52.1395],[5.5,52.141],[5.4973,52.1414],[5.499,52.1474],[5.4895,52.1482],[5.4813,52.1505],[5.4826,52.1515],[5.4832,52.154],[5.4838,52.154],[5.4843,52.1581],[5.4815,52.1583],[5.4821,52.1598],[5.4792,52.1614],[5.4755,52.1622],[5.4729,52.1618],[5.4724,52.1629],[5.4734,52.163],[5.473,52.1638],[5.4789,52.1644],[5.4799,52.1658],[5.4488,52.1677],[5.4442,52.1686],[5.4399,52.1712],[5.4389,52.1729],[5.4401,52.1732],[5.4392,52.1843],[5.4381,52.1846],[5.4401,52.1901],[5.4394,52.2014],[5.4411,52.2043],[5.4402,52.2046],[5.441,52.2057],[5.4398,52.206],[5.4392,52.2046],[5.4347,52.2059],[5.4097,52.2186],[5.4072,52.2134],[5.3932,52.2206],[5.4046,52.2496],[5.4029,52.2495],[5.3932,52.2552],[5.3355,52.2902],[5.3058,52.2773],[5.266,52.2819],[5.244,52.2545],[5.2451,52.2544],[5.2229,52.2253],[5.2247,52.2252],[5.2165,52.2064],[5.2172,52.2062],[5.1926,52.1778],[5.1212,52.1809],[5.0825,52.1738],[5.0462,52.166],[5.042,52.1834],[5.0325,52.1841],[5.0336,52.186],[5.035,52.1868],[5.0357,52.1892],[5.0353,52.1907],[5.0362,52.1915],[5.0365,52.1936],[5.0381,52.1952],[5.0378,52.1966],[5.0371,52.1966],[5.0372,52.1979],[5.0318,52.1984],[5.0261,52.2014],[5.0228,52.2015],[5.0213,52.2019],[5.023,52.2017],[5.0216,52.2025],[5.023,52.202],[5.0226,52.2039],[5.0234,52.2038],[5.0233,52.2031],[5.0247,52.2029],[5.0256,52.204],[5.0366,52.2021],[5.0374,52.205],[5.0353,52.2052],[5.0364,52.2096],[5.0334,52.2098],[5.0343,52.2129],[5.0338,52.2137],[5.0367,52.2136],[5.0373,52.2142],[5.0353,52.2145],[5.0357,52.2151],[5.0369,52.2152],[5.0371,52.2162],[5.0368,52.2172],[5.0358,52.2175],[5.0367,52.2244],[5.0428,52.224],[5.037,52.2248],[5.0371,52.2253],[5.0387,52.2252],[5.0425,52.2288],[5.0405,52.2298],[5.0416,52.2309],[5.0424,52.2305],[5.0568,52.2356],[5.0577,52.2354],[5.0563,52.2371],[5.0459,52.2434],[5.0466,52.2485],[5.0448,52.2507],[5.0429,52.256],[5.0401,52.2565],[5.0357,52.2527],[5.0345,52.2529],[5.0319,52.2551],[5.031,52.2568],[5.0325,52.2587],[5.0325,52.2602],[5.0266,52.2641],[5.0278,52.266],[5.0277,52.2676],[5.0248,52.2696],[5.0229,52.2725],[5.0241,52.2732],[5.0283,52.2721],[5.0306,52.2722],[5.0333,52.2754],[5.0421,52.2779],[5.0486,52.277],[5.0496,52.2778],[5.0497,52.2805],[5.0508,52.2818],[5.0605,52.2852],[5.0628,52.2848],[5.0631,52.2818],[5.0659,52.2805],[5.0655,52.2852],[5.0648,52.2851],[5.0633,52.2872],[5.0595,52.2893],[5.0528,52.2865],[5.0504,52.2879],[5.0475,52.285],[5.0428,52.2825],[5.0408,52.2839],[5.0394,52.2832],[5.0332,52.2863],[5.0305,52.2885],[5.0244,52.2814],[5.0219,52.2827],[5.0215,52.3025],[5.0143,52.3037],[5.0118,52.3034],[5.0079,52.3015],[5.0053,52.2984],[5.0038,52.2985],[5.0032,52.2961],[5.0019,52.2959],[5.0018,52.2928],[4.9975,52.2891],[4.9835,52.2904],[4.9697,52.2831],[4.9677,52.2796],[4.9662,52.281],[4.9622,52.2802],[4.9611,52.2782],[4.9568,52.2787],[4.9538,52.278],[4.9472,52.279],[4.9427,52.2782],[4.9338,52.2809],[4.9286,52.2796],[4.9264,52.2798],[4.926,52.2782],[4.9277,52.2737],[4.9267,52.2724],[4.9294,52.2699],[4.9294,52.2684],[4.9247,52.267],[4.9233,52.2631],[4.9181,52.2617],[4.9186,52.2589],[4.9176,52.2571],[4.9108,52.2526],[4.9031,52.2532],[4.8986,52.2509],[4.8913,52.2533],[4.887,52.2509],[4.8827,52.2537],[4.8777,52.2528],[4.8739,52.2507],[4.8723,52.2512],[4.87,52.2534],[4.8686,52.2516],[4.8606,52.2482],[4.8575,52.2477],[4.8569,52.2464],[4.8553,52.2456],[4.8549,52.2421],[4.8513,52.2419],[4.8522,52.2399],[4.8516,52.239],[4.8508,52.2386],[4.8473,52.2398],[4.8461,52.2377],[4.8429,52.2367],[4.8428,52.2353],[4.8387,52.2354],[4.8349,52.2329],[4.8325,52.2324],[4.8301,52.2309],[4.8191,52.2289],[4.8145,52.2272],[4.809,52.227],[4.8054,52.228],[4.8018,52.2269],[4.7946,52.2267],[4.7944,52.2234],[4.7959,52.2235],[4.797,52.2203],[4.8021,52.2176],[4.8016,52.2043],[4.8029,52.201],[4.8136,52.2018],[4.8131,52.2012],[4.8144,52.1993],[4.8222,52.1961],[4.8236,52.1943],[4.8234,52.1933],[4.8293,52.1893],[4.8335,52.1876],[4.8365,52.1844],[4.8439,52.1801],[4.8556,52.1789],[4.8923,52.1616],[4.8736,52.1561],[4.8745,52.1388],[4.8713,52.1388],[4.8649,52.1374],[4.8552,52.1372],[4.8526,52.1383],[4.8515,52.1397],[4.8475,52.1389],[4.8463,52.1395],[4.8429,52.1395],[4.8403,52.1416],[4.8374,52.1407],[4.8367,52.1429],[4.8341,52.1429],[4.8329,52.1448],[4.8265,52.1422],[4.8205,52.1422],[4.8167,52.1394],[4.8131,52.1402],[4.8091,52.1376],[4.809,52.1358],[4.8075,52.135],[4.8089,52.1319],[4.8078,52.1299],[4.8081,52.1289],[4.8064,52.1274],[4.8035,52.1264],[4.8021,52.1249],[4.7983,52.1253],[4.7923,52.1232],[4.7921,52.1223],[4.8254,52.1071],[4.8244,52.1054],[4.8231,52.1052],[4.8233,52.0934],[4.8256,52.0798],[4.8265,52.0795],[4.8263,52.0746],[4.833,52.0748],[4.8327,52.0728],[4.834,52.0727],[4.8298,52.0668],[4.8422,52.069],[4.8732,52.0687],[4.8679,52.0631],[4.856,52.0591],[4.848,52.0582],[4.8295,52.0498],[4.8172,52.0369],[4.8118,52.0338],[4.8067,52.0332],[4.8099,52.0268],[4.7987,52.0223],[4.8031,52.0146],[4.8035,52.014],[4.8156,52.014],[4.825,52.0172],[4.8333,52.0164],[4.841,52.0168],[4.8472,52.018],[4.8571,52.006],[4.8533,52.0047],[4.8178,51.9998],[4.8352,51.9861],[4.8341,51.9856],[4.8456,51.975],[4.8476,51.9751],[4.8608,51.9678],[4.8641,51.9639],[4.8657,51.9604],[4.8712,51.9546],[4.8778,51.938],[4.914,51.9424],[4.9192,51.9447],[4.9263,51.9509],[4.9295,51.9502],[4.93,51.9488],[4.9314,51.9486],[4.9326,51.9467],[4.9392,51.9289],[4.9423,51.9302],[4.9459,51.9333],[4.9477,51.9337],[4.9485,51.9312],[4.9496,51.9316],[4.9562,51.9156],[4.9586,51.9153],[4.9597,51.914],[4.9604,51.9148],[4.9648,51.9135],[4.9633,51.9128],[4.9642,51.9123],[4.9641,51.9106],[4.9678,51.9101],[4.9737,51.9077],[4.9734,51.8972],[4.995,51.9023],[4.9963,51.8967],[4.996,51.892],[4.9995,51.8843],[4.9988,51.8823],[4.9962,51.8797],[4.995,51.8776],[4.9951,51.8757],[4.9962,51.8731],[5.027,51.8819],[5.0273,51.8815],[5.0255,51.8806],[5.0232,51.8758],[5.0232,51.872],[5.0217,51.8688],[5.0274,51.8637],[5.0275,51.8599],[5.0269,51.8586],[5.0439,51.8592],[5.053,51.8574],[5.0606,51.8586],[5.0631,51.8599],[5.0637,51.8608],[5.0633,51.8617],[5.0542,51.8651],[5.052,51.8671],[5.0523,51.87],[5.0548,51.8727],[5.0624,51.8743],[5.0737,51.874],[5.0805,51.8755],[5.0863,51.8808],[5.0882,51.8871],[5.091,51.889],[5.0976,51.8879],[5.1058,51.8888],[5.1127,51.8878],[5.1177,51.8926],[5.1185,51.8964],[5.117,51.8969],[5.1169,51.8981],[5.1194,51.8986],[5.1323,51.9149],[5.1364,51.9145],[5.1357,51.9182],[5.1422,51.9247],[5.1485,51.9295],[5.149,51.9305],[5.148,51.9318],[5.1483,51.9327],[5.1494,51.9335],[5.1515,51.9336],[5.154,51.9373],[5.1634,51.9469],[5.1697,51.9555],[5.1802,51.9674],[5.1897,51.9629],[5.1961,51.9608],[5.2031,51.9596],[5.2103,51.9598],[5.2154,51.9614],[5.2197,51.9639],[5.2244,51.9683],[5.2299,51.9756],[5.233,51.9776],[5.2369,51.9788],[5.2412,51.9789],[5.2453,51.978],[5.2585,51.9698],[5.2724,51.9648],[5.2841,51.963],[5.3009,51.9616],[5.3149,51.9556],[5.3216,51.9549],[5.3291,51.9561],[5.3352,51.958],[5.3471,51.967],[5.354,51.97],[5.3618,51.971],[5.3769,51.9692],[5.3871,51.9698],[5.3993,51.9731],[5.4182,51.9766],[5.4234,51.9788],[5.4313,51.9837],[5.4373,51.9856],[5.4447,51.9858],[5.4539,51.9837],[5.471,51.983],[5.4862,51.9838],[5.4859,51.9833],[5.5008,51.9786],[5.5125,51.9731],[5.5389,51.9678],[5.5424,51.9659],[5.5496,51.9592],[5.5569,51.9557],[5.591,51.9498],[5.6058,51.9432],[5.6164,51.9494],[5.6188,51.9481],[5.6204,51.9482],[5.6202,51.9515],[5.625,51.9516],[5.6272,51.9524],[5.6271,51.9556],[5.625,51.9601],[5.6203,51.9666],[5.6183,51.9663],[5.6224,51.9682],[5.6249,51.9704],[5.6261,51.9741],[5.6201,51.9774],[5.6151,51.9827],[5.6152,51.9852],[5.6143,51.9864],[5.6139,51.9902],[5.61,51.9937],[5.6028,51.9949],[5.5966,51.9992],[5.592,52.0014],[5.5908,52.003],[5.5911,52.0073],[5.5891,52.0099],[5.586,52.0118],[5.5868,52.0123],[5.5869,52.0157],[5.5896,52.0156],[5.5902,52.0203],[5.5872,52.0204],[5.5875,52.0266],[5.5865,52.0292],[5.5867,52.0313],[5.5896,52.0312],[5.59,52.0344],[5.5674,52.0406],[5.57,52.0434],[5.57,52.0457],[5.5709,52.048],[5.5579,52.0489]]]}},{"type":"Feature","properties":{"naam":"Gelderland"},"geometry":{"type":"Polygon","coordinates":[[[6.1679,51.9009],[6.1698,51.9013],[6.1826,51.8939],[6.1911,51.8917],[6.1895,51.8889],[6.1914,51.8874],[6.182,51.8858],[6.1836,51.8825],[6.196,51.8747],[6.2102,51.869],[6.2151,51.8676],[6.2337,51.8702],[6.2394,51.8691],[6.2463,51.87],[6.2618,51.8681],[6.2653,51.87],[6.2698,51.8741],[6.2727,51.8747],[6.2797,51.8741],[6.2835,51.8721],[6.288,51.8715],[6.2957,51.8682],[6.299,51.8678],[6.2982,51.8659],[6.3005,51.8645],[6.3007,51.862],[6.3028,51.8569],[6.3025,51.8565],[6.3062,51.8491],[6.3204,51.8517],[6.3472,51.8507],[6.3573,51.8477],[6.3603,51.8458],[6.3625,51.8428],[6.364,51.8385],[6.3628,51.8358],[6.3633,51.8352],[6.3686,51.8333],[6.3768,51.835],[6.3881,51.8337],[6.3918,51.8323],[6.3926,51.8312],[6.4,51.8287],[6.4018,51.8273],[6.4075,51.8281],[6.403,51.8366],[6.4081,51.8359],[6.4072,51.8379],[6.4025,51.8431],[6.4024,51.8445],[6.4052,51.8473],[6.4049,51.8488],[6.4092,51.8524],[6.409,51.8533],[6.4077,51.8544],[6.4008,51.8557],[6.3952,51.8592],[6.3918,51.8604],[6.3914,51.8614],[6.388,51.8619],[6.3869,51.8645],[6.391,51.8724],[6.3906,51.874],[6.3931,51.8738],[6.3967,51.8703],[6.3984,51.871],[6.4025,51.8691],[6.4046,51.8704],[6.4066,51.8707],[6.4093,51.8694],[6.4123,51.8711],[6.4152,51.8687],[6.4183,51.8673],[6.4274,51.8659],[6.4286,51.8651],[6.4294,51.8607],[6.4324,51.8594],[6.4387,51.8621],[6.4414,51.8619],[6.4437,51.8627],[6.4467,51.865],[6.4512,51.8652],[6.4574,51.8595],[6.4619,51.8564],[6.4673,51.8544],[6.4725,51.8538],[6.4739,51.8555],[6.4772,51.8567],[6.4829,51.8571],[6.4876,51.859],[6.5003,51.8623],[6.5022,51.8647],[6.5011,51.8669],[6.5012,51.8681],[6.5032,51.8676],[6.5116,51.8709],[6.5155,51.8735],[6.5246,51.8737],[6.5299,51.876],[6.5293,51.877],[6.5399,51.8809],[6.5442,51.8846],[6.5496,51.8831],[6.5484,51.8853],[6.5524,51.8862],[6.5527,51.8841],[6.5553,51.8834],[6.5559,51.8818],[6.5588,51.8825],[6.5606,51.8822],[6.561,51.8841],[6.5628,51.8844],[6.5695,51.8883],[6.5858,51.8941],[6.6043,51.8973],[6.6253,51.9019],[6.6277,51.9009],[6.6342,51.901],[6.6377,51.9045],[6.6621,51.9112],[6.6748,51.9159],[6.684,51.9176],[6.6847,51.9173],[6.6842,51.9161],[6.6896,51.915],[6.6927,51.9147],[6.6953,51.9159],[6.6977,51.9099],[6.6998,51.9091],[6.7033,51.9097],[6.7038,51.9094],[6.7032,51.9064],[6.722,51.8961],[6.7325,51.8987],[6.7371,51.9047],[6.7455,51.9057],[6.7513,51.9072],[6.7544,51.9101],[6.754,51.9126],[6.7546,51.9131],[6.7616,51.9144],[6.766,51.9161],[6.77,51.9162],[6.7889,51.9297],[6.786,51.9312],[6.794,51.9353],[6.7973,51.9426],[6.7962,51.944],[6.7989,51.9587],[6.8125,51.9618],[6.8138,51.9636],[6.8285,51.9641],[6.8324,51.97],[6.8328,51.9729],[6.8323,51.9743],[6.8302,51.9764],[6.8296,51.9794],[6.8304,51.9862],[6.8266,51.9935],[6.8078,51.995],[6.8114,51.9981],[6.7721,52.0179],[6.7663,52.0188],[6.7641,52.0223],[6.753,52.0284],[6.7141,52.0401],[6.6879,52.0399],[6.6882,52.0523],[6.6867,52.0525],[6.6868,52.0555],[6.6874,52.0564],[6.6896,52.0565],[6.6959,52.0643],[6.6969,52.0673],[6.6947,52.0698],[6.7139,52.0729],[6.7355,52.0746],[6.744,52.0803],[6.7476,52.0819],[6.7509,52.085],[6.7503,52.0875],[6.7455,52.0901],[6.7445,52.0931],[6.7503,52.0958],[6.7553,52.0952],[6.7563,52.0969],[6.7555,52.0971],[6.7576,52.0993],[6.7606,52.1188],[6.7163,52.1183],[6.6978,52.1236],[6.6777,52.126],[6.6624,52.1302],[6.6689,52.1372],[6.6726,52.1393],[6.6744,52.1428],[6.6737,52.1483],[6.6713,52.1505],[6.6728,52.1505],[6.6738,52.1521],[6.6724,52.153],[6.6735,52.155],[6.6704,52.1564],[6.6713,52.1563],[6.6727,52.1582],[6.6743,52.1585],[6.6731,52.1601],[6.6741,52.1613],[6.6728,52.1614],[6.6734,52.1632],[6.6713,52.1657],[6.665,52.167],[6.6655,52.1673],[6.6646,52.1679],[6.645,52.1742],[6.6403,52.1674],[6.6349,52.1722],[6.6305,52.1736],[6.6305,52.1729],[6.6291,52.172],[6.6252,52.1721],[6.6266,52.1715],[6.625,52.1686],[6.6217,52.1684],[6.6172,52.1652],[6.6121,52.1632],[6.6093,52.1651],[6.6068,52.165],[6.605,52.1662],[6.6029,52.1691],[6.6034,52.1692],[6.6032,52.1707],[6.6062,52.1724],[6.6063,52.1731],[6.5961,52.1798],[6.5936,52.1804],[6.5904,52.1825],[6.5553,52.1773],[6.5142,52.1813],[6.496,52.1772],[6.4924,52.1774],[6.4906,52.1799],[6.4792,52.1823],[6.4776,52.1852],[6.473,52.1883],[6.4693,52.1944],[6.4695,52.1984],[6.4703,52.1994],[6.4675,52.2004],[6.457,52.2011],[6.4548,52.2024],[6.4534,52.2043],[6.4532,52.2063],[6.4465,52.2127],[6.4405,52.2161],[6.4396,52.2174],[6.4319,52.2209],[6.4286,52.2237],[6.4231,52.232],[6.4168,52.2371],[6.4163,52.2382],[6.4166,52.2421],[6.4111,52.243],[6.4026,52.2433],[6.3899,52.2426],[6.3834,52.244],[6.3819,52.2461],[6.3669,52.2415],[6.3509,52.2417],[6.3497,52.2412],[6.3495,52.2388],[6.3471,52.2392],[6.3412,52.2376],[6.342,52.2365],[6.3413,52.236],[6.338,52.2362],[6.3387,52.2272],[6.3254,52.227],[6.321,52.2257],[6.2979,52.2255],[6.297,52.229],[6.293,52.2295],[6.2927,52.2309],[6.2873,52.2297],[6.2863,52.2304],[6.2761,52.2278],[6.271,52.2279],[6.2713,52.2264],[6.2647,52.2272],[6.2601,52.2291],[6.2573,52.2273],[6.2504,52.2269],[6.2486,52.2276],[6.2457,52.2273],[6.2447,52.2283],[6.238,52.2275],[6.2339,52.229],[6.2279,52.2298],[6.2225,52.2289],[6.2165,52.2315],[6.2145,52.2314],[6.2172,52.2264],[6.2109,52.2282],[6.2019,52.2294],[6.1891,52.2292],[6.1829,52.2337],[6.1787,52.2336],[6.1663,52.231],[6.163,52.2285],[6.1684,52.2273],[6.1677,52.2262],[6.1625,52.2279],[6.1645,52.2244],[6.1658,52.2235],[6.1655,52.2226],[6.1687,52.2207],[6.1675,52.2201],[6.1676,52.2189],[6.1654,52.2175],[6.1639,52.2175],[6.1626,52.2183],[6.1639,52.2219],[6.1614,52.2248],[6.1477,52.2277],[6.1437,52.231],[6.1419,52.2334],[6.1416,52.2366],[6.1422,52.2385],[6.1536,52.244],[6.1542,52.2457],[6.1537,52.2468],[6.15,52.2483],[6.1435,52.2464],[6.1388,52.2478],[6.1354,52.2496],[6.1239,52.2515],[6.1236,52.2537],[6.1251,52.2568],[6.1282,52.2586],[6.1301,52.2607],[6.1248,52.2634],[6.1236,52.2652],[6.123,52.2693],[6.1217,52.2714],[6.1126,52.2779],[6.1113,52.2807],[6.1113,52.2882],[6.1059,52.2924],[6.1048,52.2948],[6.1049,52.2967],[6.1013,52.3012],[6.0987,52.3012],[6.0992,52.3001],[6.0909,52.3],[6.0879,52.3004],[6.0862,52.3019],[6.0841,52.3016],[6.0829,52.3071],[6.0848,52.3117],[6.081,52.3119],[6.0798,52.3176],[6.0737,52.3177],[6.0718,52.3172],[6.0665,52.3178],[6.0662,52.3189],[6.0661,52.3203],[6.0671,52.3213],[6.0707,52.3219],[6.0741,52.3322],[6.0756,52.3333],[6.074,52.3345],[6.0756,52.3348],[6.0768,52.3387],[6.0753,52.3446],[6.0761,52.3457],[6.0761,52.3506],[6.0781,52.3517],[6.078,52.3524],[6.0872,52.3539],[6.0949,52.357],[6.0931,52.359],[6.0903,52.3606],[6.0813,52.3619],[6.0791,52.3629],[6.0774,52.3658],[6.0785,52.3695],[6.0809,52.3714],[6.0837,52.3724],[6.1142,52.3774],[6.1222,52.3802],[6.1246,52.3822],[6.126,52.3845],[6.1253,52.393],[6.1306,52.4],[6.1276,52.3996],[6.1254,52.4002],[6.1237,52.4019],[6.1191,52.4026],[6.1163,52.4048],[6.1149,52.4069],[6.1108,52.4077],[6.1147,52.4143],[6.1136,52.4169],[6.1139,52.4199],[6.1182,52.4266],[6.1182,52.4284],[6.1164,52.4302],[6.1195,52.4329],[6.1132,52.4387],[6.105,52.4426],[6.1025,52.4453],[6.1019,52.4474],[6.1034,52.4518],[6.1034,52.4564],[6.1017,52.4663],[6.0995,52.47],[6.0949,52.4737],[6.0893,52.4768],[6.0751,52.4806],[6.0681,52.4839],[6.0638,52.4876],[6.0584,52.496],[6.0547,52.4995],[6.0424,52.5056],[6.0279,52.5096],[6.0253,52.5066],[6.0229,52.5053],[6.0193,52.5048],[6.0151,52.506],[6.0124,52.5059],[6.0071,52.504],[5.9825,52.4886],[5.9654,52.4765],[5.9587,52.4838],[5.953,52.4844],[5.9468,52.4824],[5.9369,52.4765],[5.9354,52.4774],[5.9256,52.4741],[5.9166,52.4891],[5.9068,52.5008],[5.9003,52.5068],[5.8873,52.5169],[5.8834,52.5192],[5.8826,52.519],[5.879,52.5217],[5.8778,52.5211],[5.8762,52.522],[5.8643,52.5182],[5.8629,52.5135],[5.8567,52.4998],[5.851,52.4954],[5.8478,52.485],[5.8456,52.4803],[5.8456,52.4782],[5.8415,52.4723],[5.8403,52.4711],[5.8314,52.4734],[5.8156,52.4552],[5.8224,52.4497],[5.8096,52.4377],[5.8115,52.4369],[5.8043,52.4321],[5.7952,52.4278],[5.7873,52.4226],[5.7581,52.4085],[5.7531,52.405],[5.7466,52.403],[5.7394,52.3984],[5.7374,52.3987],[5.7334,52.4025],[5.7294,52.401],[5.7335,52.3972],[5.7288,52.3953],[5.7273,52.3936],[5.7156,52.388],[5.7148,52.3888],[5.7068,52.3866],[5.6988,52.382],[5.6886,52.3798],[5.6777,52.3787],[5.6526,52.3654],[5.6449,52.3709],[5.614,52.3623],[5.6116,52.3595],[5.6086,52.3624],[5.6055,52.3634],[5.5955,52.3634],[5.5912,52.3629],[5.5877,52.3615],[5.5756,52.3508],[5.5362,52.2764],[5.5333,52.2727],[5.4768,52.2624],[5.4761,52.2639],[5.4725,52.2633],[5.4723,52.2637],[5.4645,52.2618],[5.4648,52.2606],[5.4634,52.26],[5.4046,52.2496],[5.3932,52.2206],[5.4072,52.2134],[5.4097,52.2186],[5.4347,52.2059],[5.4392,52.2046],[5.4398,52.206],[5.441,52.2057],[5.4402,52.2046],[5.4411,52.2043],[5.4394,52.2014],[5.4401,52.1901],[5.4381,52.1846],[5.4392,52.1843],[5.4401,52.1732],[5.4389,52.1729],[5.4399,52.1712],[5.4442,52.1686],[5.4488,52.1677],[5.4799,52.1658],[5.4789,52.1644],[5.473,52.1638],[5.4734,52.163],[5.4724,52.1629],[5.4729,52.1618],[5.4755,52.1622],[5.4792,52.1614],[5.4821,52.1598],[5.4815,52.1583],[5.4843,52.1581],[5.4838,52.154],[5.4832,52.154],[5.4826,52.1515],[5.4813,52.1505],[5.4895,52.1482],[5.499,52.1474],[5.4973,52.1414],[5.5,52.141],[5.5026,52.1395],[5.5103,52.138],[5.5141,52.1359],[5.5119,52.1341],[5.5119,52.1321],[5.5014,52.1299],[5.4979,52.1303],[5.4968,52.1248],[5.4947,52.1247],[5.4951,52.122],[5.4969,52.1196],[5.5054,52.1198],[5.5038,52.1166],[5.5075,52.1156],[5.5077,52.1139],[5.5062,52.1143],[5.5039,52.1137],[5.5026,52.1151],[5.4989,52.116],[5.4956,52.1156],[5.4881,52.1161],[5.4864,52.1154],[5.4918,52.1145],[5.4939,52.1125],[5.4939,52.1111],[5.4843,52.1055],[5.4852,52.0992],[5.4847,52.0966],[5.4861,52.0937],[5.4768,52.0903],[5.4719,52.0894],[5.4715,52.0884],[5.4641,52.0831],[5.4634,52.0834],[5.4597,52.082],[5.4601,52.081],[5.4592,52.0802],[5.4654,52.0784],[5.4671,52.0756],[5.4703,52.0749],[5.4738,52.0731],[5.4841,52.0696],[5.4939,52.0719],[5.4999,52.0713],[5.5021,52.0733],[5.5046,52.0733],[5.5051,52.0769],[5.5092,52.077],[5.5104,52.0781],[5.5099,52.0791],[5.5194,52.0792],[5.5227,52.0775],[5.5269,52.0807],[5.5312,52.0824],[5.5318,52.0836],[5.5313,52.0839],[5.5266,52.0849],[5.5309,52.0898],[5.5371,52.0887],[5.5383,52.0927],[5.5351,52.0929],[5.5388,52.0964],[5.5392,52.0978],[5.5328,52.1],[5.5315,52.1023],[5.5415,52.1037],[5.544,52.1019],[5.5463,52.1024],[5.5453,52.1044],[5.5503,52.1054],[5.5531,52.101],[5.5542,52.1002],[5.5505,52.0966],[5.5544,52.0954],[5.5544,52.0935],[5.5559,52.0918],[5.5547,52.0915],[5.5549,52.0866],[5.5571,52.0869],[5.5574,52.0861],[5.5567,52.0855],[5.5608,52.0844],[5.5607,52.0814],[5.5627,52.0783],[5.5614,52.0733],[5.5592,52.071],[5.5608,52.0686],[5.5607,52.0675],[5.5598,52.0595],[5.5576,52.0504],[5.5586,52.05],[5.5579,52.0489],[5.5709,52.048],[5.57,52.0457],[5.57,52.0434],[5.5674,52.0406],[5.59,52.0344],[5.5896,52.0312],[5.5867,52.0313],[5.5865,52.0292],[5.5875,52.0266],[5.5872,52.0204],[5.5902,52.0203],[5.5896,52.0156],[5.5869,52.0157],[5.5868,52.0123],[5.586,52.0118],[5.5891,52.0099],[5.5911,52.0073],[5.5908,52.003],[5.592,52.0014],[5.5966,51.9992],[5.6028,51.9949],[5.61,51.9937],[5.6139,51.9902],[5.6143,51.9864],[5.6152,51.9852],[5.6151,51.9827],[5.6201,51.9774],[5.6261,51.9741],[5.6249,51.9704],[5.6224,51.9682],[5.6183,51.9663],[5.6203,51.9666],[5.625,51.9601],[5.6271,51.9556],[5.6272,51.9524],[5.625,51.9516],[5.6202,51.9515],[5.6204,51.9482],[5.6188,51.9481],[5.6164,51.9494],[5.6058,51.9432],[5.591,51.9498],[5.5569,51.9557],[5.5496,51.9592],[5.5424,51.9659],[5.5389,51.9678],[5.5125,51.9731],[5.5008,51.9786],[5.4859,51.9833],[5.4862,51.9838],[5.471,51.983],[5.4539,51.9837],[5.4447,51.9858],[5.4373,51.9856],[5.4313,51.9837],[5.4234,51.9788],[5.4182,51.9766],[5.3993,51.9731],[5.3871,51.9698],[5.3769,51.9692],[5.3618,51.971],[5.354,51.97],[5.3471,51.967],[5.3352,51.958],[5.3291,51.9561],[5.3216,51.9549],[5.3149,51.9556],[5.3009,51.9616],[5.2841,51.963],[5.2724,51.9648],[5.2585,51.9698],[5.2453,51.978],[5.2412,51.9789],[5.2369,51.9788],[5.233,51.9776],[5.2299,51.9756],[5.2244,51.9683],[5.2197,51.9639],[5.2154,51.9614],[5.2103,51.9598],[5.2031,51.9596],[5.1961,51.9608],[5.1897,51.9629],[5.1802,51.9674],[5.1697,51.9555],[5.1634,51.9469],[5.154,51.9373],[5.1515,51.9336],[5.1494,51.9335],[5.1483,51.9327],[5.148,51.9318],[5.149,51.9305],[5.1485,51.9295],[5.1422,51.9247],[5.1357,51.9182],[5.1364,51.9145],[5.1323,51.9149],[5.1194,51.8986],[5.1169,51.8981],[5.117,51.8969],[5.1185,51.8964],[5.1177,51.8926],[5.1127,51.8878],[5.1058,51.8888],[5.0976,51.8879],[5.091,51.889],[5.0882,51.8871],[5.0863,51.8808],[5.0805,51.8755],[5.0737,51.874],[5.0624,51.8743],[5.056,51.8733],[5.0536,51.8719],[5.0519,51.8691],[5.0522,51.8666],[5.0542,51.8651],[5.0631,51.8619],[5.0636,51.8606],[5.0624,51.8594],[5.0588,51.8581],[5.0535,51.8574],[5.0437,51.8592],[5.0254,51.8586],[5.0156,51.8592],[5.007,51.8579],[5.003,51.8584],[4.996,51.8618],[4.9944,51.8616],[4.9939,51.8607],[4.9985,51.8545],[4.9992,51.8518],[4.9989,51.8501],[5.0,51.8476],[4.9988,51.8453],[4.9995,51.8451],[4.9993,51.8446],[5.0029,51.8437],[5.0034,51.8448],[5.0059,51.8442],[5.0075,51.8431],[5.012,51.8424],[5.0314,51.8411],[5.0264,51.8189],[5.013,51.8207],[5.0004,51.8209],[5.0093,51.8175],[5.0101,51.8166],[5.0103,51.813],[5.0145,51.809],[5.0276,51.8035],[5.0361,51.8017],[5.0493,51.7975],[5.0523,51.7957],[5.0619,51.7844],[5.0684,51.7799],[5.0728,51.7791],[5.0785,51.7796],[5.0823,51.7809],[5.086,51.7843],[5.0901,51.7865],[5.0944,51.7876],[5.0983,51.7875],[5.1055,51.7854],[5.1177,51.7782],[5.1293,51.7747],[5.1351,51.7738],[5.1388,51.772],[5.1396,51.7693],[5.1363,51.7639],[5.1359,51.7603],[5.1377,51.7576],[5.1427,51.7552],[5.1381,51.7507],[5.1263,51.745],[5.1256,51.7432],[5.126,51.7396],[5.1266,51.7379],[5.1281,51.7376],[5.1657,51.7429],[5.1787,51.7428],[5.1962,51.7403],[5.2192,51.7435],[5.225,51.743],[5.2308,51.7414],[5.2439,51.7347],[5.2482,51.7336],[5.2555,51.7349],[5.2641,51.7388],[5.2728,51.7401],[5.283,51.7398],[5.2945,51.7368],[5.3003,51.7373],[5.322,51.7465],[5.351,51.7546],[5.3576,51.7579],[5.3599,51.7606],[5.3606,51.7624],[5.3605,51.7714],[5.3619,51.7777],[5.3638,51.7822],[5.3672,51.7876],[5.3835,51.8046],[5.3944,51.8127],[5.4005,51.8199],[5.4032,51.8216],[5.4075,51.8226],[5.4133,51.822],[5.4169,51.8199],[5.4235,51.8138],[5.4322,51.8106],[5.4452,51.8095],[5.4583,51.8103],[5.467,51.8117],[5.4728,51.8138],[5.4769,51.8172],[5.4797,51.8244],[5.4818,51.8271],[5.4873,51.8299],[5.4931,51.8308],[5.4989,51.8301],[5.5051,51.8279],[5.5163,51.8197],[5.5206,51.8188],[5.5293,51.8183],[5.538,51.8163],[5.5424,51.8165],[5.5467,51.8182],[5.5486,51.8198],[5.5518,51.8247],[5.5567,51.8272],[5.561,51.8278],[5.5743,51.8279],[5.5874,51.8297],[5.5917,51.8294],[5.6004,51.8273],[5.6193,51.8196],[5.6236,51.8191],[5.6338,51.8197],[5.6381,51.819],[5.6421,51.8175],[5.6452,51.8151],[5.6517,51.8034],[5.6575,51.798],[5.6626,51.7949],[5.6684,51.7929],[5.6829,51.7918],[5.6901,51.7897],[5.6957,51.7863],[5.7012,51.779],[5.7045,51.7769],[5.7103,51.7752],[5.7219,51.7748],[5.7291,51.7731],[5.7336,51.7709],[5.7464,51.7584],[5.7551,51.755],[5.7652,51.7528],[5.7811,51.7523],[5.8072,51.7563],[5.8478,51.7593],[5.855,51.7591],[5.8645,51.7577],[5.8692,51.7629],[5.8671,51.7697],[5.8679,51.7755],[5.8864,51.7786],[5.8934,51.7779],[5.9054,51.7657],[5.9111,51.7624],[5.9134,51.759],[5.9133,51.7555],[5.9153,51.7523],[5.9333,51.7481],[5.9307,51.7465],[5.9299,51.7444],[5.9323,51.7432],[5.9328,51.7419],[5.9345,51.742],[5.9359,51.741],[5.944,51.7418],[5.9524,51.7445],[5.9523,51.7461],[5.9533,51.748],[5.952,51.7489],[5.9568,51.7519],[5.9583,51.7515],[5.9741,51.7593],[5.9792,51.7601],[5.9905,51.7663],[5.9919,51.7698],[5.9921,51.7702],[5.9907,51.7697],[5.9868,51.7722],[5.9824,51.7737],[5.984,51.7754],[5.9845,51.7778],[5.9834,51.7787],[5.9902,51.7834],[5.9879,51.7829],[5.9848,51.7844],[5.9847,51.7851],[5.9818,51.7841],[5.9809,51.7855],[5.9795,51.786],[5.9745,51.7851],[5.974,51.7885],[5.9751,51.7888],[5.9726,51.7896],[5.9768,51.7943],[5.9744,51.7956],[5.9791,51.7976],[5.9752,51.7993],[5.9631,51.8071],[5.9564,51.8101],[5.9484,51.8112],[5.9494,51.8124],[5.9466,51.8135],[5.947,51.8144],[5.9459,51.8151],[5.9481,51.8164],[5.9496,51.8154],[5.9507,51.8162],[5.9528,51.8148],[5.9582,51.8169],[5.945,51.8235],[5.963,51.8369],[5.971,51.8334],[5.9764,51.833],[5.9867,51.8307],[5.9945,51.8309],[6.0023,51.8325],[6.0101,51.8351],[6.0157,51.8379],[6.0178,51.8416],[6.0203,51.8417],[6.0292,51.8451],[6.0327,51.8424],[6.0335,51.8434],[6.0357,51.8426],[6.0417,51.847],[6.0553,51.8524],[6.0514,51.8567],[6.0596,51.8576],[6.0604,51.8613],[6.0616,51.8612],[6.0635,51.8655],[6.0772,51.8592],[6.0896,51.8526],[6.1011,51.849],[6.1123,51.8477],[6.1358,51.8472],[6.1475,51.8454],[6.1666,51.8407],[6.1656,51.8502],[6.1636,51.8537],[6.1644,51.8591],[6.1672,51.8608],[6.167,51.8616],[6.1615,51.863],[6.1552,51.8657],[6.1499,51.8665],[6.1484,51.8682],[6.1445,51.8697],[6.1446,51.8721],[6.1433,51.875],[6.1436,51.8763],[6.1381,51.8836],[6.1371,51.8858],[6.1318,51.887],[6.1269,51.8895],[6.1223,51.8901],[6.1182,51.892],[6.1131,51.8926],[6.1063,51.8917],[6.1034,51.8925],[6.1102,51.8949],[6.1092,51.8959],[6.1119,51.8988],[6.1148,51.8977],[6.1179,51.9017],[6.1257,51.8982],[6.1305,51.8999],[6.1562,51.9052],[6.1581,51.9046],[6.1623,51.9009],[6.163,51.9011],[6.1656,51.8986],[6.1679,51.9009]]]}},{"type":"Feature","properties":{"naam":"Noord-Brabant"},"geometry":{"type":"MultiPolygon","coordinates":[[[[4.9322,51.4388],[4.9324,51.44],[4.9306,51.4399],[4.9309,51.4388],[4.9322,51.4388]]],[[[4.9247,51.439],[4.9233,51.4398],[4.9249,51.4407],[4.9243,51.4411],[4.9251,51.4417],[4.9241,51.4419],[4.9215,51.4392],[4.9223,51.4388],[4.9223,51.4377],[4.9237,51.4376],[4.9247,51.439]]],[[[4.9416,51.4495],[4.9416,51.4479],[4.9422,51.4495],[4.9416,51.4495]]],[[[4.8697,51.4112],[4.8724,51.4115],[4.8719,51.4122],[4.8731,51.4125],[4.8706,51.4127],[4.8692,51.4118],[4.8697,51.4112]]],[[[4.9354,51.4324],[4.9355,51.4335],[4.9341,51.4334],[4.9342,51.432],[4.9354,51.4324]]],[[[4.9313,51.4347],[4.9324,51.4353],[4.9327,51.4344],[4.9327,51.4365],[4.9313,51.4364],[4.9313,51.4347]]],[[[4.9355,51.4362],[4.9368,51.4363],[4.9365,51.4375],[4.9354,51.4375],[4.9355,51.4362]]],[[[4.9309,51.4367],[4.9316,51.4372],[4.9307,51.4372],[4.9309,51.4367]]],[[[5.1281,51.7376],[5.1266,51.7379],[5.126,51.7396],[5.1256,51.7432],[5.1263,51.745],[5.1381,51.7507],[5.1427,51.7552],[5.1377,51.7576],[5.1359,51.7603],[5.1363,51.7639],[5.1393,51.7684],[5.1396,51.7702],[5.1388,51.772],[5.1365,51.7734],[5.1286,51.7749],[5.1177,51.7782],[5.1053,51.7855],[5.0973,51.7876],[5.093,51.7874],[5.0886,51.7858],[5.0858,51.7841],[5.0838,51.7818],[5.08,51.7799],[5.0742,51.7791],[5.0684,51.7799],[5.0619,51.7844],[5.0571,51.7907],[5.0508,51.7966],[5.0452,51.7992],[5.0276,51.8035],[5.016,51.8082],[5.0109,51.8121],[5.01,51.8139],[5.0101,51.8166],[5.0093,51.8175],[5.0004,51.8209],[4.9878,51.8211],[4.9361,51.8283],[4.9186,51.8275],[4.9041,51.8239],[4.8894,51.8189],[4.8658,51.8056],[4.8544,51.8007],[4.846,51.7988],[4.8361,51.7978],[4.8069,51.8003],[4.7972,51.7998],[4.7735,51.7933],[4.7654,51.7894],[4.7552,51.7816],[4.7506,51.7758],[4.7448,51.7635],[4.7408,51.7588],[4.7294,51.7507],[4.7037,51.7369],[4.6933,51.7323],[4.6816,51.7284],[4.6752,51.7242],[4.6171,51.7135],[4.5975,51.7055],[4.5893,51.7033],[4.5425,51.6948],[4.5304,51.6934],[4.5071,51.6925],[4.5004,51.6929],[4.4888,51.6951],[4.4235,51.7095],[4.3936,51.6933],[4.3794,51.6836],[4.3792,51.6794],[4.3782,51.6769],[4.3722,51.6696],[4.365,51.6646],[4.3524,51.6594],[4.3305,51.6533],[4.3134,51.6511],[4.2994,51.6475],[4.275,51.6438],[4.2511,51.6456],[4.2428,51.6471],[4.2382,51.6343],[4.2119,51.6268],[4.205,51.6236],[4.1993,51.6195],[4.1949,51.6149],[4.1919,51.6098],[4.1903,51.6045],[4.1904,51.5992],[4.1922,51.5939],[4.1972,51.5874],[4.2281,51.5637],[4.2324,51.5591],[4.2352,51.554],[4.2363,51.5486],[4.2357,51.5432],[4.2343,51.5398],[4.2201,51.5143],[4.2188,51.509],[4.2189,51.5049],[4.2759,51.425],[4.2664,51.42],[4.2637,51.4164],[4.2691,51.4003],[4.2686,51.3881],[4.2663,51.3865],[4.2684,51.3835],[4.2737,51.3832],[4.2774,51.376],[4.3345,51.3776],[4.3414,51.3576],[4.3509,51.3587],[4.351,51.3582],[4.3668,51.3573],[4.3682,51.3561],[4.3698,51.3567],[4.3788,51.3549],[4.3841,51.3552],[4.3845,51.3544],[4.3987,51.3569],[4.4219,51.3652],[4.4314,51.3639],[4.4298,51.3674],[4.4278,51.3697],[4.4251,51.3713],[4.4317,51.375],[4.3916,51.4082],[4.3837,51.4211],[4.3897,51.4245],[4.3905,51.4243],[4.3913,51.4274],[4.3952,51.4269],[4.3942,51.4297],[4.3947,51.4315],[4.3923,51.4315],[4.3926,51.4328],[4.3972,51.4316],[4.3988,51.4352],[4.3954,51.4355],[4.3952,51.4382],[4.3955,51.4398],[4.397,51.4409],[4.3966,51.442],[4.392,51.4464],[4.3866,51.4452],[4.3793,51.4468],[4.3798,51.4478],[4.3815,51.4483],[4.3827,51.4502],[4.3848,51.4493],[4.4426,51.4687],[4.4647,51.471],[4.4717,51.4763],[4.4765,51.4783],[4.4868,51.4773],[4.5382,51.4824],[4.5481,51.4734],[4.5299,51.4495],[4.5354,51.423],[4.5747,51.4328],[4.5822,51.432],[4.5825,51.4314],[4.5882,51.4314],[4.6301,51.4259],[4.6339,51.4251],[4.6375,51.423],[4.6413,51.422],[4.6419,51.4227],[4.6466,51.4234],[4.6494,51.4254],[4.6497,51.4265],[4.6517,51.4269],[4.6564,51.425],[4.6697,51.4264],[4.6666,51.4444],[4.6864,51.4513],[4.6931,51.4517],[4.6993,51.46],[4.6994,51.4609],[4.7041,51.4655],[4.7028,51.4661],[4.7032,51.467],[4.7169,51.4689],[4.716,51.4711],[4.7206,51.4735],[4.7292,51.4839],[4.7466,51.4895],[4.7497,51.4944],[4.75,51.4954],[4.7489,51.4967],[4.7527,51.4998],[4.7553,51.5005],[4.7583,51.5001],[4.7599,51.5024],[4.7738,51.5051],[4.7788,51.5045],[4.7809,51.504],[4.7814,51.5032],[4.7808,51.5026],[4.782,51.5024],[4.7817,51.5019],[4.7827,51.5013],[4.7822,51.5008],[4.783,51.5008],[4.7831,51.4996],[4.785,51.4998],[4.7861,51.4988],[4.7883,51.4991],[4.7909,51.4982],[4.7926,51.4983],[4.7939,51.4998],[4.7985,51.4997],[4.8024,51.4975],[4.8056,51.4976],[4.8072,51.4966],[4.8156,51.4946],[4.8176,51.4929],[4.8182,51.4911],[4.8174,51.489],[4.8202,51.486],[4.8211,51.4831],[4.8287,51.4818],[4.8376,51.482],[4.8419,51.4807],[4.8403,51.4785],[4.8397,51.4728],[4.8369,51.468],[4.8361,51.4612],[4.8384,51.4614],[4.844,51.4591],[4.8413,51.4568],[4.8385,51.456],[4.8352,51.4587],[4.8334,51.4574],[4.8298,51.4523],[4.8282,51.4513],[4.8286,51.4509],[4.8234,51.4486],[4.8259,51.436],[4.8249,51.4353],[4.8286,51.4237],[4.8282,51.4222],[4.8293,51.4223],[4.8302,51.4212],[4.8333,51.4203],[4.8344,51.4212],[4.8376,51.4208],[4.8383,51.4217],[4.8415,51.4224],[4.8394,51.4201],[4.8397,51.4198],[4.8365,51.4173],[4.8355,51.4175],[4.8368,51.4188],[4.8354,51.4192],[4.8347,51.4184],[4.833,51.4191],[4.8335,51.4198],[4.8265,51.4211],[4.827,51.4222],[4.8259,51.4226],[4.8262,51.4231],[4.8214,51.4226],[4.8205,51.4238],[4.8162,51.4257],[4.8154,51.4252],[4.8129,51.4263],[4.8084,51.4264],[4.8057,51.4286],[4.8042,51.4279],[4.8003,51.4291],[4.7987,51.4286],[4.7972,51.4291],[4.7964,51.4283],[4.7936,51.429],[4.7929,51.4286],[4.7914,51.4298],[4.7891,51.4297],[4.7867,51.4327],[4.7741,51.4316],[4.769,51.43],[4.7674,51.4308],[4.7666,51.4305],[4.7687,51.4291],[4.7685,51.4276],[4.7701,51.4266],[4.7695,51.4261],[4.7702,51.4249],[4.7696,51.4236],[4.771,51.4232],[4.7692,51.4218],[4.7686,51.4196],[4.7692,51.4192],[4.7689,51.4186],[4.7699,51.419],[4.7703,51.4182],[4.7697,51.4179],[4.7707,51.4166],[4.7719,51.4166],[4.7721,51.4153],[4.7712,51.4149],[4.7734,51.4134],[4.7753,51.4141],[4.7778,51.4138],[4.7827,51.411],[4.7861,51.4106],[4.7873,51.4094],[4.7893,51.409],[4.7922,51.4105],[4.7931,51.4095],[4.8035,51.4113],[4.8393,51.4146],[4.8463,51.4129],[4.847,51.4134],[4.8486,51.4127],[4.8498,51.4143],[4.8567,51.4127],[4.8599,51.4133],[4.8597,51.4112],[4.8604,51.4105],[4.8662,51.41],[4.8674,51.4091],[4.8682,51.4105],[4.8665,51.4107],[4.8663,51.4114],[4.8687,51.4129],[4.8729,51.4136],[4.8738,51.4143],[4.8736,51.4148],[4.876,51.4152],[4.8778,51.4153],[4.8784,51.4141],[4.8798,51.4144],[4.8813,51.4155],[4.8831,51.4153],[4.8829,51.4165],[4.8861,51.4166],[4.8859,51.4153],[4.887,51.4151],[4.8909,51.4151],[4.8945,51.4129],[4.8965,51.4129],[4.8971,51.4117],[4.8986,51.4119],[4.8976,51.4135],[4.9,51.4147],[4.9012,51.4141],[4.9007,51.4133],[4.9018,51.4139],[4.9032,51.4136],[4.9026,51.4125],[4.9003,51.4125],[4.8999,51.4106],[4.9027,51.4102],[4.9038,51.4124],[4.9049,51.4119],[4.9037,51.41],[4.9057,51.4099],[4.9059,51.4086],[4.9065,51.409],[4.9098,51.4074],[4.9086,51.4046],[4.9105,51.4029],[4.9102,51.4023],[4.9178,51.4005],[4.9161,51.3987],[4.9182,51.3979],[4.9233,51.3986],[4.9243,51.3978],[4.9246,51.3969],[4.9178,51.3968],[4.9138,51.3951],[4.921,51.3937],[4.9279,51.3954],[4.9252,51.3967],[4.9244,51.3988],[4.9279,51.3997],[4.929,51.3961],[4.9632,51.4223],[4.9981,51.4404],[5.0009,51.4428],[5.0046,51.4439],[5.0051,51.4445],[5.0044,51.4446],[5.0055,51.451],[5.0094,51.4527],[5.011,51.4555],[5.0098,51.4571],[5.0108,51.4593],[5.0088,51.4622],[5.0078,51.4623],[5.0073,51.4644],[5.0108,51.4723],[5.0167,51.4752],[5.0223,51.4818],[5.032,51.4857],[5.0332,51.4872],[5.0388,51.487],[5.0387,51.4865],[5.0402,51.4865],[5.0401,51.4851],[5.0388,51.4806],[5.0392,51.4798],[5.0379,51.4793],[5.0431,51.4752],[5.0425,51.4748],[5.0453,51.4729],[5.0458,51.4711],[5.0793,51.4713],[5.1046,51.4313],[5.0952,51.4222],[5.0712,51.3935],[5.1166,51.3611],[5.1194,51.3556],[5.1246,51.3513],[5.1317,51.347],[5.1344,51.3155],[5.1626,51.3103],[5.1731,51.3158],[5.1906,51.3201],[5.1966,51.3204],[5.2003,51.3227],[5.2422,51.3052],[5.226,51.2683],[5.2379,51.2614],[5.2631,51.2668],[5.2962,51.2615],[5.3159,51.2635],[5.3365,51.2631],[5.3401,51.2644],[5.3414,51.2657],[5.3426,51.2657],[5.343,51.2695],[5.3441,51.2699],[5.3464,51.2731],[5.3455,51.274],[5.3461,51.2758],[5.3961,51.2669],[5.4174,51.2623],[5.4333,51.2763],[5.4384,51.276],[5.4406,51.2786],[5.4418,51.2821],[5.4648,51.2846],[5.4702,51.2881],[5.4769,51.2914],[5.4776,51.295],[5.4794,51.2968],[5.4832,51.2986],[5.483,51.3002],[5.4876,51.2997],[5.5158,51.2952],[5.519,51.2895],[5.5287,51.2818],[5.5431,51.2721],[5.5447,51.272],[5.5446,51.2712],[5.5562,51.2666],[5.557,51.2648],[5.5568,51.2628],[5.5579,51.2624],[5.5577,51.2603],[5.5568,51.2601],[5.5565,51.2575],[5.5575,51.2573],[5.556,51.2544],[5.5566,51.2502],[5.5553,51.2474],[5.5549,51.2445],[5.5604,51.2223],[5.566,51.2209],[5.5943,51.2261],[5.5944,51.2242],[5.6188,51.2294],[5.6235,51.249],[5.6253,51.2715],[5.626,51.2736],[5.6561,51.3016],[5.672,51.3151],[5.8745,51.3533],[5.9313,51.3848],[5.9158,51.4028],[5.8717,51.4501],[5.8607,51.492],[5.8526,51.5042],[5.8382,51.5664],[5.8915,51.5602],[5.9067,51.552],[5.9354,51.5536],[5.9763,51.5616],[6.0043,51.5702],[6.0182,51.5633],[6.0317,51.5523],[6.0337,51.5554],[6.0326,51.5569],[6.0343,51.5575],[6.0373,51.5581],[6.0409,51.5566],[6.0444,51.5575],[6.0428,51.5587],[6.0447,51.559],[6.0464,51.5576],[6.0481,51.5585],[6.0407,51.5645],[6.0377,51.57],[6.0378,51.5741],[6.0398,51.5809],[6.0386,51.5843],[6.0353,51.5882],[6.0272,51.5943],[6.0249,51.5981],[6.0238,51.6032],[6.0239,51.6158],[6.0227,51.6188],[6.0206,51.6213],[5.9964,51.6367],[5.9821,51.6425],[5.9739,51.6446],[5.9679,51.6489],[5.9651,51.6522],[5.9637,51.6563],[5.9632,51.6601],[5.9646,51.672],[5.9641,51.6792],[5.9566,51.6989],[5.9559,51.7081],[5.9529,51.7111],[5.9431,51.7144],[5.9316,51.7165],[5.9061,51.7188],[5.8971,51.7209],[5.8904,51.7237],[5.8866,51.7263],[5.8854,51.7283],[5.8836,51.7376],[5.8806,51.7444],[5.8803,51.7485],[5.8796,51.7499],[5.8728,51.7544],[5.8645,51.7577],[5.855,51.7591],[5.8464,51.7592],[5.8101,51.7566],[5.7869,51.7529],[5.7768,51.7521],[5.7652,51.7528],[5.7536,51.7554],[5.7452,51.7591],[5.732,51.7719],[5.7234,51.7746],[5.7118,51.775],[5.706,51.7763],[5.7012,51.779],[5.6957,51.7863],[5.6901,51.7897],[5.6829,51.7918],[5.6684,51.7929],[5.6618,51.7953],[5.6575,51.798],[5.6526,51.8025],[5.6499,51.8061],[5.6459,51.8142],[5.641,51.818],[5.6338,51.8197],[5.6236,51.8191],[5.6193,51.8196],[5.6048,51.8259],[5.5932,51.8292],[5.5874,51.8297],[5.5743,51.8279],[5.5572,51.8273],[5.5519,51.8248],[5.5486,51.8198],[5.5467,51.8182],[5.5438,51.8169],[5.5395,51.8162],[5.5279,51.8185],[5.5177,51.8193],[5.5142,51.8207],[5.5081,51.8261],[5.5033,51.8288],[5.496,51.8306],[5.4902,51.8305],[5.4858,51.8294],[5.4818,51.8271],[5.4797,51.8244],[5.4769,51.8172],[5.4728,51.8138],[5.4655,51.8114],[5.4481,51.8096],[5.4365,51.81],[5.4293,51.8114],[5.422,51.8147],[5.4148,51.8214],[5.4104,51.8225],[5.4046,51.8221],[5.4005,51.8199],[5.3944,51.8127],[5.3835,51.8046],[5.3672,51.7876],[5.3638,51.7822],[5.3619,51.7777],[5.3605,51.7714],[5.3606,51.7624],[5.3599,51.7606],[5.3576,51.7579],[5.351,51.7546],[5.322,51.7465],[5.3003,51.7373],[5.2945,51.7368],[5.283,51.7398],[5.2728,51.7401],[5.2641,51.7388],[5.2555,51.7349],[5.2482,51.7336],[5.2439,51.7347],[5.2308,51.7414],[5.225,51.743],[5.2192,51.7435],[5.1962,51.7403],[5.1787,51.7428],[5.1657,51.7429],[5.1281,51.7376]],[[4.9357,51.4093],[4.9364,51.4053],[4.9285,51.4051],[4.9325,51.4062],[4.9304,51.4075],[4.9278,51.4079],[4.9273,51.4082],[4.9319,51.408],[4.933,51.409],[4.9357,51.4093]],[[4.8658,51.4143],[4.867,51.4144],[4.8678,51.4133],[4.8663,51.4132],[4.8658,51.4143]],[[4.8736,51.4155],[4.8734,51.4159],[4.8748,51.4165],[4.8753,51.4161],[4.8736,51.4155]],[[4.8387,51.4182],[4.8405,51.4188],[4.8405,51.418],[4.8414,51.4179],[4.8409,51.4175],[4.8387,51.4182]],[[4.8886,51.4247],[4.8901,51.4253],[4.8923,51.4241],[4.8914,51.4232],[4.8894,51.4235],[4.8904,51.4239],[4.8886,51.4247]],[[4.94,51.4361],[4.9382,51.436],[4.9362,51.4342],[4.9399,51.4341],[4.9394,51.4322],[4.9401,51.4316],[4.9392,51.4314],[4.9397,51.4307],[4.9362,51.4295],[4.9336,51.431],[4.9306,51.43],[4.9294,51.4309],[4.9288,51.4305],[4.9266,51.4329],[4.9269,51.4336],[4.926,51.4339],[4.9226,51.4336],[4.9181,51.4352],[4.9172,51.4346],[4.915,51.4354],[4.9171,51.4359],[4.9181,51.4353],[4.9212,51.4369],[4.9198,51.4381],[4.9213,51.4391],[4.9202,51.4395],[4.9212,51.4404],[4.9192,51.4407],[4.9224,51.4427],[4.9213,51.4435],[4.9212,51.4453],[4.9183,51.4458],[4.9194,51.4469],[4.9205,51.446],[4.923,51.4474],[4.924,51.4463],[4.9221,51.4457],[4.9243,51.4449],[4.9231,51.4449],[4.9237,51.4439],[4.9255,51.4445],[4.9281,51.4436],[4.9258,51.4428],[4.9269,51.4417],[4.9261,51.4412],[4.9274,51.44],[4.9269,51.4398],[4.9283,51.4386],[4.9297,51.4401],[4.9287,51.4416],[4.9309,51.4429],[4.9337,51.4432],[4.9333,51.4442],[4.9355,51.4463],[4.9362,51.4453],[4.9352,51.4449],[4.9355,51.4443],[4.9381,51.4447],[4.9395,51.4418],[4.9389,51.4418],[4.9385,51.4434],[4.9378,51.4433],[4.9381,51.4419],[4.9343,51.4421],[4.9337,51.4409],[4.9349,51.4409],[4.9349,51.4396],[4.9364,51.4397],[4.9346,51.4392],[4.9347,51.4385],[4.9363,51.4386],[4.9364,51.4378],[4.939,51.438],[4.9388,51.4393],[4.9399,51.4394],[4.9404,51.438],[4.9394,51.4371],[4.94,51.4361]],[[4.94,51.4361],[4.9422,51.4365],[4.9428,51.4351],[4.941,51.4346],[4.94,51.4361]],[[4.941,51.4385],[4.9408,51.4393],[4.9431,51.4402],[4.9418,51.439],[4.9422,51.4381],[4.941,51.4385]],[[4.9399,51.4395],[4.9414,51.44],[4.9415,51.4397],[4.9399,51.4395]],[[4.9399,51.4438],[4.9399,51.443],[4.9403,51.4418],[4.9397,51.4418],[4.9392,51.4436],[4.9399,51.4438]],[[4.9185,51.4434],[4.9181,51.444],[4.9189,51.444],[4.9185,51.4434]],[[4.9499,51.4437],[4.9481,51.444],[4.9439,51.4438],[4.9458,51.444],[4.9459,51.4452],[4.9477,51.4452],[4.9477,51.4457],[4.9496,51.4453],[4.9489,51.4447],[4.9499,51.4437]],[[4.9412,51.4449],[4.9421,51.4455],[4.9423,51.4451],[4.9412,51.4449]],[[4.9242,51.4464],[4.9255,51.4467],[4.9269,51.4454],[4.9257,51.4449],[4.9242,51.4464]],[[4.9435,51.4475],[4.9414,51.4471],[4.9415,51.4464],[4.9397,51.4466],[4.9401,51.4452],[4.9389,51.4471],[4.9367,51.4468],[4.9362,51.4469],[4.9368,51.4475],[4.9347,51.4475],[4.9331,51.4495],[4.941,51.4508],[4.9431,51.4504],[4.9474,51.4511],[4.9476,51.4506],[4.9506,51.4516],[4.9494,51.4535],[4.9515,51.4537],[4.9516,51.4525],[4.9528,51.4516],[4.9513,51.451],[4.9524,51.4502],[4.9483,51.449],[4.948,51.4473],[4.9448,51.4478],[4.9464,51.4483],[4.946,51.4491],[4.9435,51.4487],[4.9435,51.4475]],[[4.9317,51.4471],[4.9315,51.4476],[4.9333,51.4483],[4.9341,51.4474],[4.9317,51.4471]],[[4.9291,51.4481],[4.9273,51.4486],[4.9282,51.4489],[4.9291,51.4481]],[[4.8357,51.4485],[4.8367,51.4484],[4.8362,51.448],[4.8357,51.4485]],[[4.9296,51.4495],[4.9307,51.4504],[4.9318,51.4493],[4.9304,51.4487],[4.9296,51.4495]],[[4.9429,51.4527],[4.9428,51.4533],[4.9448,51.4535],[4.9449,51.453],[4.9429,51.4527]],[[4.9488,51.455],[4.9496,51.4551],[4.9494,51.4538],[4.949,51.4538],[4.9488,51.455]],[[4.9406,51.4553],[4.9407,51.4556],[4.9421,51.4552],[4.9406,51.4553]]]]}},{"type":"Feature","properties":{"naam":"Zeeland"},"geometry":{"type":"Polygon","coordinates":[[[4.0,51.2394],[4.0149,51.2451],[4.0155,51.2445],[4.0209,51.2454],[4.0236,51.2432],[4.0245,51.2415],[4.0324,51.2433],[4.0365,51.2457],[4.0406,51.2413],[4.0548,51.2429],[4.0618,51.2446],[4.0641,51.2475],[4.0714,51.2502],[4.0706,51.2507],[4.0771,51.2525],[4.0911,51.2592],[4.0911,51.2599],[4.0925,51.2597],[4.1661,51.2929],[4.242,51.354],[4.2267,51.3598],[4.2221,51.3645],[4.2176,51.3739],[4.2774,51.376],[4.2737,51.3832],[4.2684,51.3835],[4.2663,51.3865],[4.2686,51.3881],[4.2691,51.4003],[4.2637,51.4164],[4.2664,51.42],[4.2759,51.425],[4.2189,51.5049],[4.2188,51.509],[4.2201,51.5143],[4.2343,51.5398],[4.2357,51.5432],[4.2363,51.5486],[4.2352,51.554],[4.2324,51.5591],[4.2281,51.5637],[4.1957,51.589],[4.1914,51.5956],[4.1902,51.601],[4.1903,51.6045],[4.1919,51.6098],[4.1949,51.6149],[4.1993,51.6195],[4.205,51.6236],[4.2119,51.6268],[4.2382,51.6343],[4.2428,51.6471],[4.1938,51.6644],[4.1518,51.6852],[4.1231,51.6858],[4.11,51.6871],[4.0981,51.6905],[4.0478,51.6944],[4.04,51.7027],[4.0367,51.711],[4.0364,51.7205],[4.035,51.7302],[4.0263,51.7383],[4.0189,51.7427],[4.0133,51.759],[3.9745,51.7638],[3.9589,51.7721],[3.9403,51.7738],[3.9214,51.7707],[3.9051,51.7646],[3.8951,51.7574],[3.8862,51.7494],[3.8759,51.7477],[3.8474,51.7534],[3.8262,51.7658],[3.7737,51.7815],[3.6854,51.7336],[3.5709,51.6047],[3.4859,51.5736],[3.4526,51.6164],[3.3873,51.5925],[3.3079,51.4334],[3.3526,51.3786],[3.3631,51.3729],[3.375,51.3589],[3.3737,51.3542],[3.3741,51.3485],[3.3835,51.3412],[3.3853,51.3341],[3.3584,51.315],[3.3768,51.3024],[3.3781,51.3027],[3.3718,51.3001],[3.3674,51.2996],[3.366,51.2982],[3.3667,51.2957],[3.3703,51.2919],[3.3789,51.2885],[3.3808,51.287],[3.3804,51.2844],[3.3817,51.2816],[3.3797,51.2803],[3.3759,51.2795],[3.3753,51.2786],[3.3757,51.2772],[3.379,51.2748],[3.388,51.2732],[3.389,51.2712],[3.3946,51.2653],[3.3965,51.2642],[3.4032,51.2625],[3.4074,51.257],[3.4115,51.2569],[3.4149,51.2595],[3.4168,51.26],[3.418,51.2577],[3.4212,51.2566],[3.4246,51.2542],[3.4255,51.2495],[3.4275,51.2447],[3.4323,51.2456],[3.4483,51.2415],[3.5276,51.246],[3.528,51.2463],[3.5232,51.2629],[3.5154,51.2872],[3.5291,51.2887],[3.5337,51.2835],[3.5381,51.2837],[3.5423,51.288],[3.5434,51.2912],[3.5498,51.2911],[3.5523,51.2898],[3.555,51.2896],[3.5581,51.2912],[3.5598,51.2955],[3.5626,51.2959],[3.5719,51.292],[3.5715,51.291],[3.5762,51.288],[3.5798,51.2889],[3.5818,51.2869],[3.5839,51.2889],[3.5826,51.2908],[3.5834,51.2923],[3.5879,51.293],[3.5811,51.2983],[3.5858,51.3017],[3.59,51.306],[3.5918,51.3053],[3.5908,51.3044],[3.6147,51.2977],[3.6187,51.2959],[3.6192,51.2942],[3.6212,51.2928],[3.6257,51.2933],[3.6408,51.2881],[3.6433,51.2887],[3.6444,51.2901],[3.6581,51.2902],[3.6768,51.2831],[3.6779,51.2805],[3.6826,51.2811],[3.6899,51.2806],[3.6937,51.2761],[3.7127,51.2721],[3.7189,51.2715],[3.7192,51.2725],[3.7231,51.2733],[3.7517,51.2692],[3.7524,51.2703],[3.7557,51.2693],[3.7599,51.2655],[3.7596,51.265],[3.7625,51.2618],[3.7693,51.2599],[3.7731,51.2619],[3.7738,51.264],[3.7783,51.2624],[3.7854,51.2585],[3.7955,51.2561],[3.7895,51.2458],[3.7885,51.2264],[3.7894,51.2227],[3.7895,51.2162],[3.7911,51.214],[3.7971,51.213],[3.7993,51.2109],[3.8011,51.2106],[3.805,51.2101],[3.804,51.2132],[3.806,51.2134],[3.8063,51.2126],[3.8106,51.2128],[3.8208,51.2092],[3.8251,51.2089],[3.8257,51.2097],[3.8269,51.2094],[3.8343,51.212],[3.8364,51.2138],[3.8422,51.2121],[3.8456,51.213],[3.8496,51.2117],[3.8524,51.2132],[3.8561,51.2111],[3.8596,51.2108],[3.8701,51.2162],[3.8885,51.223],[3.8933,51.2187],[3.8902,51.214],[3.8776,51.208],[3.8797,51.206],[3.8843,51.2036],[3.8864,51.2002],[3.8941,51.2034],[3.8995,51.2017],[3.9115,51.2054],[3.9153,51.2082],[3.9186,51.2078],[3.916,51.2146],[3.9185,51.2148],[3.9196,51.2171],[3.9255,51.2171],[3.9294,51.2203],[3.9333,51.2145],[3.936,51.2119],[3.9431,51.2136],[3.9426,51.2147],[3.9466,51.2155],[3.9532,51.2165],[3.9586,51.2158],[3.9616,51.2202],[3.9637,51.221],[3.9636,51.2232],[3.9643,51.224],[3.9789,51.2254],[3.9811,51.2287],[3.9862,51.2342],[3.9884,51.2333],[3.9927,51.2364],[3.9996,51.2378],[4.0,51.2394]]]}},{"type":"Feature","properties":{"naam":"Zuid-Holland"},"geometry":{"type":"Polygon","coordinates":[[[4.9869,51.8212],[5.0083,51.821],[5.0264,51.8189],[5.0314,51.8411],[5.012,51.8424],[5.0075,51.8431],[5.0059,51.8442],[5.0034,51.8448],[5.0029,51.8437],[4.9993,51.8446],[4.9995,51.8451],[4.9988,51.8453],[5.0,51.8476],[4.9989,51.8501],[4.9992,51.8518],[4.9985,51.8545],[4.9939,51.8607],[4.9944,51.8616],[4.996,51.8618],[5.0012,51.8591],[5.0055,51.8579],[5.0156,51.8592],[5.0269,51.8586],[5.0275,51.8599],[5.0274,51.8637],[5.0217,51.8688],[5.0232,51.872],[5.0232,51.8758],[5.0255,51.8806],[5.0273,51.8815],[5.027,51.8819],[4.9962,51.8731],[4.9951,51.8757],[4.995,51.8776],[4.9962,51.8797],[4.9988,51.8823],[4.9995,51.8843],[4.996,51.892],[4.9963,51.8967],[4.995,51.9023],[4.9734,51.8972],[4.9737,51.9077],[4.9678,51.9101],[4.9641,51.9106],[4.9642,51.9123],[4.9633,51.9128],[4.9648,51.9135],[4.9604,51.9148],[4.9597,51.914],[4.9586,51.9153],[4.9562,51.9156],[4.9496,51.9316],[4.9485,51.9312],[4.9477,51.9337],[4.9459,51.9333],[4.9423,51.9302],[4.9392,51.9289],[4.9326,51.9467],[4.9314,51.9486],[4.93,51.9488],[4.9295,51.9502],[4.9263,51.9509],[4.9192,51.9447],[4.914,51.9424],[4.8778,51.938],[4.8712,51.9546],[4.8657,51.9604],[4.8641,51.9639],[4.8608,51.9678],[4.8476,51.9751],[4.8456,51.975],[4.8341,51.9856],[4.8352,51.9861],[4.8178,51.9998],[4.8533,52.0047],[4.8571,52.006],[4.8475,52.0177],[4.8469,52.0182],[4.841,52.0168],[4.8333,52.0164],[4.825,52.0172],[4.8156,52.014],[4.8035,52.014],[4.7987,52.0223],[4.8099,52.0268],[4.8067,52.0332],[4.8118,52.0338],[4.8172,52.0369],[4.8295,52.0498],[4.848,52.0582],[4.856,52.0591],[4.8679,52.0631],[4.8732,52.0687],[4.8422,52.069],[4.8298,52.0668],[4.834,52.0727],[4.8327,52.0728],[4.833,52.0748],[4.8263,52.0746],[4.8265,52.0795],[4.8256,52.0798],[4.8233,52.0934],[4.8231,52.1052],[4.8244,52.1054],[4.8254,52.1071],[4.7921,52.1223],[4.7923,52.1232],[4.7983,52.1253],[4.8021,52.1249],[4.8035,52.1264],[4.8064,52.1274],[4.8081,52.1289],[4.8078,52.1299],[4.8089,52.1319],[4.8075,52.135],[4.809,52.1358],[4.8091,52.1376],[4.8131,52.1402],[4.8167,52.1394],[4.8205,52.1422],[4.8265,52.1422],[4.8329,52.1448],[4.8341,52.1429],[4.8367,52.1429],[4.8374,52.1407],[4.8403,52.1416],[4.8429,52.1395],[4.8463,52.1395],[4.8475,52.1389],[4.8515,52.1397],[4.8526,52.1383],[4.8552,52.1372],[4.8649,52.1374],[4.8713,52.1388],[4.8745,52.1388],[4.8736,52.1561],[4.8922,52.1618],[4.8556,52.1789],[4.8439,52.1801],[4.8365,52.1844],[4.8335,52.1876],[4.8293,52.1893],[4.8234,52.1933],[4.8236,52.1943],[4.8222,52.1961],[4.8144,52.1993],[4.8131,52.2012],[4.8136,52.2018],[4.8029,52.201],[4.8016,52.2043],[4.8021,52.2176],[4.797,52.2203],[4.7959,52.2235],[4.7944,52.2234],[4.7946,52.2267],[4.7894,52.2279],[4.7809,52.2287],[4.7764,52.2274],[4.7746,52.2245],[4.7621,52.2181],[4.7533,52.2175],[4.748,52.2149],[4.7436,52.2148],[4.7343,52.2065],[4.7288,52.2098],[4.7297,52.2102],[4.7243,52.2131],[4.7229,52.2198],[4.7242,52.2324],[4.7049,52.2338],[4.6965,52.2322],[4.6851,52.2264],[4.68,52.2268],[4.6767,52.2259],[4.6703,52.2308],[4.665,52.2276],[4.6577,52.2258],[4.6466,52.221],[4.6433,52.2203],[4.6329,52.2163],[4.6196,52.2146],[4.6017,52.2147],[4.5836,52.2189],[4.5714,52.217],[4.5569,52.2191],[4.5508,52.2256],[4.5505,52.2267],[4.5542,52.2314],[4.5611,52.2332],[4.5629,52.2348],[4.5676,52.2492],[4.5695,52.2597],[4.568,52.2681],[4.5884,52.2805],[4.5912,52.2857],[4.596,52.2914],[4.5975,52.2967],[4.6044,52.306],[4.6111,52.3116],[4.6117,52.3136],[4.5965,52.3178],[4.5877,52.3179],[4.588,52.317],[4.5875,52.3168],[4.5861,52.3173],[4.5858,52.3182],[4.5833,52.3184],[4.5732,52.3154],[4.569,52.3165],[4.5637,52.3093],[4.4776,52.3325],[4.4433,52.2862],[4.4205,52.2581],[4.391,52.2252],[4.36,52.1927],[4.3326,52.1684],[4.2869,52.1327],[4.2723,52.1244],[4.2569,52.1136],[4.2553,52.1128],[4.2479,52.1122],[4.2431,52.1106],[4.2388,52.1066],[4.2376,52.1043],[4.2387,52.1],[4.1436,52.0318],[4.12,52.0107],[4.1102,52.0044],[4.0328,52.0036],[3.9531,51.9891],[3.9407,51.9216],[3.9726,51.911],[3.9531,51.85],[3.8604,51.8284],[3.7737,51.7815],[3.8262,51.7658],[3.8474,51.7534],[3.8759,51.7477],[3.8862,51.7494],[3.8951,51.7574],[3.9051,51.7646],[3.9214,51.7707],[3.9403,51.7738],[3.9589,51.7721],[3.9745,51.7638],[4.0133,51.759],[4.0189,51.7427],[4.0263,51.7383],[4.035,51.7302],[4.0364,51.7205],[4.0367,51.711],[4.04,51.7027],[4.0478,51.6944],[4.0981,51.6905],[4.11,51.6871],[4.1231,51.6858],[4.1518,51.6852],[4.1938,51.6644],[4.2428,51.6471],[4.2511,51.6456],[4.275,51.6438],[4.2994,51.6475],[4.3134,51.6511],[4.3325,51.6537],[4.3466,51.6575],[4.3617,51.6629],[4.368,51.6665],[4.3745,51.672],[4.3788,51.6782],[4.3794,51.6836],[4.3936,51.6933],[4.4235,51.7095],[4.4888,51.6951],[4.5004,51.6929],[4.5071,51.6925],[4.5304,51.6934],[4.5425,51.6948],[4.5893,51.7033],[4.5975,51.7055],[4.6171,51.7135],[4.6752,51.7242],[4.6816,51.7284],[4.6933,51.7323],[4.7037,51.7369],[4.7246,51.7479],[4.7366,51.7556],[4.7408,51.7588],[4.7448,51.7635],[4.7506,51.7758],[4.7552,51.7816],[4.7654,51.7894],[4.7735,51.7933],[4.7818,51.7959],[4.7972,51.7998],[4.8069,51.8003],[4.8289,51.798],[4.8361,51.7978],[4.846,51.7988],[4.8544,51.8007],[4.8597,51.8027],[4.8894,51.8189],[4.9113,51.826],[4.9227,51.8281],[4.9361,51.8283],[4.9869,51.8212]]]}},{"type":"Feature","properties":{"naam":"Noord-Holland"},"geometry":{"type":"Polygon","coordinates":[[[4.8701,52.2533],[4.8723,52.2512],[4.8739,52.2507],[4.8777,52.2528],[4.8827,52.2537],[4.887,52.2509],[4.8913,52.2533],[4.8986,52.2509],[4.9031,52.2532],[4.9108,52.2526],[4.9176,52.2571],[4.9186,52.2589],[4.9181,52.2617],[4.9233,52.2631],[4.9247,52.267],[4.9294,52.2684],[4.9294,52.2699],[4.9267,52.2724],[4.9277,52.2737],[4.926,52.2782],[4.9264,52.2798],[4.9286,52.2796],[4.9338,52.2809],[4.9427,52.2782],[4.9472,52.279],[4.9538,52.278],[4.9568,52.2787],[4.9611,52.2782],[4.9622,52.2802],[4.9662,52.281],[4.9677,52.2796],[4.9697,52.2831],[4.9835,52.2904],[4.9975,52.2891],[5.0018,52.2928],[5.0019,52.2959],[5.0032,52.2961],[5.0038,52.2985],[5.0053,52.2984],[5.0079,52.3015],[5.0123,52.3035],[5.0215,52.3025],[5.0219,52.2827],[5.0244,52.2814],[5.0305,52.2885],[5.0332,52.2863],[5.0394,52.2832],[5.0408,52.2839],[5.0428,52.2825],[5.0475,52.285],[5.0504,52.2879],[5.0528,52.2865],[5.0595,52.2893],[5.0633,52.2872],[5.0648,52.2851],[5.0655,52.2852],[5.0659,52.2805],[5.0631,52.2818],[5.0628,52.2848],[5.0605,52.2852],[5.0508,52.2818],[5.0497,52.2805],[5.0496,52.2778],[5.0486,52.277],[5.0421,52.2779],[5.0333,52.2754],[5.0306,52.2722],[5.0283,52.2721],[5.0241,52.2732],[5.0229,52.2725],[5.0248,52.2696],[5.0277,52.2676],[5.0278,52.266],[5.0266,52.2641],[5.0325,52.2602],[5.0325,52.2587],[5.031,52.2568],[5.0319,52.2551],[5.0345,52.2529],[5.0357,52.2527],[5.0401,52.2565],[5.0429,52.256],[5.0448,52.2507],[5.0466,52.2485],[5.0459,52.2434],[5.0563,52.2371],[5.0577,52.2354],[5.0568,52.2356],[5.0424,52.2305],[5.0416,52.2309],[5.0405,52.2298],[5.0425,52.2288],[5.0387,52.2252],[5.0371,52.2253],[5.037,52.2248],[5.0428,52.224],[5.0367,52.2244],[5.0358,52.2175],[5.0368,52.2172],[5.0371,52.2162],[5.0369,52.2152],[5.0357,52.2151],[5.0353,52.2145],[5.0373,52.2142],[5.0367,52.2136],[5.0338,52.2137],[5.0343,52.2129],[5.0334,52.2098],[5.0364,52.2096],[5.0353,52.2052],[5.0374,52.205],[5.0366,52.2021],[5.0256,52.204],[5.0247,52.2029],[5.0233,52.2031],[5.0234,52.2038],[5.0226,52.2039],[5.023,52.202],[5.0219,52.2025],[5.0216,52.2025],[5.023,52.2017],[5.0213,52.2019],[5.0261,52.2014],[5.0318,52.1984],[5.0372,52.1979],[5.0371,52.1966],[5.0378,52.1966],[5.0381,52.1952],[5.0365,52.1936],[5.0362,52.1915],[5.0353,52.1907],[5.0357,52.1892],[5.035,52.1868],[5.0336,52.186],[5.0325,52.1841],[5.042,52.1834],[5.0464,52.1659],[5.0825,52.1738],[5.1212,52.1809],[5.1926,52.1778],[5.2172,52.2062],[5.2165,52.2064],[5.2247,52.2252],[5.2229,52.2253],[5.2451,52.2544],[5.244,52.2545],[5.266,52.2819],[5.3058,52.2773],[5.3355,52.2902],[5.3073,52.3068],[5.2874,52.3151],[5.2811,52.3168],[5.2293,52.3253],[5.2204,52.3261],[5.1489,52.3187],[5.1461,52.3197],[5.0793,52.3704],[5.0792,52.3887],[5.1373,52.4156],[5.1855,52.4156],[5.151,52.4664],[5.1007,52.508],[5.0604,52.5789],[5.2572,52.6445],[5.2623,52.6768],[5.285,52.6891],[5.2865,52.6887],[5.2876,52.6917],[5.2958,52.6928],[5.3016,52.6924],[5.3533,52.6786],[5.3611,52.6757],[5.3773,52.7648],[5.2387,52.8741],[5.1691,52.9976],[5.1642,53.001],[5.051,53.1433],[4.8184,53.2143],[4.8188,53.1828],[4.7155,53.0879],[4.6864,53.0473],[4.6871,53.0024],[4.613,52.9795],[4.6133,52.961],[4.6462,52.9411],[4.6294,52.8897],[4.694,52.8845],[4.6938,52.8834],[4.6863,52.8671],[4.6756,52.8402],[4.6564,52.797],[4.6476,52.7813],[4.6413,52.7725],[4.6366,52.7634],[4.6297,52.7449],[4.6238,52.7258],[4.6198,52.7001],[4.6171,52.6899],[4.617,52.6823],[4.6112,52.6629],[4.6115,52.6555],[4.6085,52.6458],[4.6071,52.6375],[4.6044,52.6274],[4.6041,52.6195],[4.5966,52.584],[4.5896,52.5578],[4.586,52.5476],[4.5855,52.54],[4.5768,52.5138],[4.5689,52.497],[4.5642,52.4893],[4.5587,52.482],[4.5547,52.4781],[4.5469,52.4786],[4.5369,52.4766],[4.5237,52.471],[4.5207,52.4692],[4.5186,52.4671],[4.5175,52.4646],[4.5186,52.4597],[4.5219,52.4552],[4.5244,52.4532],[4.5302,52.4501],[4.5342,52.4491],[4.5433,52.4491],[4.5443,52.4466],[4.5437,52.4413],[4.5441,52.4395],[4.5432,52.4353],[4.54,52.4279],[4.5223,52.3992],[4.5077,52.3769],[4.501,52.3679],[4.4971,52.3602],[4.4776,52.3325],[4.5637,52.3093],[4.569,52.3165],[4.5732,52.3154],[4.5833,52.3184],[4.5858,52.3182],[4.5861,52.3173],[4.5875,52.3168],[4.588,52.317],[4.5877,52.3179],[4.5965,52.3178],[4.6117,52.3136],[4.6111,52.3116],[4.6044,52.306],[4.5975,52.2967],[4.596,52.2914],[4.5912,52.2857],[4.5884,52.2805],[4.568,52.2681],[4.5695,52.2597],[4.5676,52.2492],[4.5629,52.2348],[4.5611,52.2332],[4.5542,52.2314],[4.5505,52.2267],[4.5508,52.2256],[4.5573,52.219],[4.5714,52.217],[4.5836,52.2189],[4.6017,52.2147],[4.6196,52.2146],[4.6329,52.2163],[4.6433,52.2203],[4.6466,52.221],[4.6577,52.2258],[4.665,52.2276],[4.6703,52.2308],[4.6767,52.2259],[4.68,52.2268],[4.6851,52.2264],[4.6965,52.2322],[4.7049,52.2338],[4.7242,52.2324],[4.7229,52.2198],[4.7243,52.2131],[4.7297,52.2102],[4.7288,52.2098],[4.7343,52.2065],[4.7435,52.2147],[4.748,52.2149],[4.7533,52.2175],[4.7621,52.2181],[4.7746,52.2245],[4.7764,52.2274],[4.781,52.2287],[4.7849,52.2286],[4.7954,52.2267],[4.8018,52.2269],[4.8054,52.228],[4.8088,52.227],[4.8135,52.2271],[4.8191,52.2289],[4.8301,52.2309],[4.8325,52.2324],[4.8349,52.2329],[4.8383,52.2353],[4.8428,52.2353],[4.8429,52.2367],[4.8461,52.2377],[4.8473,52.2398],[4.8512,52.2387],[4.8522,52.2399],[4.8513,52.2419],[4.8549,52.2421],[4.8553,52.2456],[4.8569,52.2464],[4.8574,52.2476],[4.8606,52.2482],[4.8686,52.2516],[4.8701,52.2533]]]}},{"type":"Feature","properties":{"naam":"Drenthe"},"geometry":{"type":"Polygon","coordinates":[[[7.0148,52.873],[7.0456,52.9159],[7.0261,52.9192],[7.0162,52.9244],[6.9366,52.9928],[6.7518,53.1104],[6.7514,53.1114],[6.749,53.1116],[6.7478,53.1135],[6.7433,53.1166],[6.7424,53.1164],[6.7375,53.1195],[6.6954,53.1212],[6.6706,53.1165],[6.6348,53.1062],[6.636,53.107],[6.6357,53.1078],[6.6371,53.1083],[6.6369,53.1103],[6.6351,53.1115],[6.6366,53.1128],[6.6336,53.1143],[6.6298,53.1147],[6.6281,53.1156],[6.6284,53.1165],[6.6276,53.1171],[6.6308,53.1192],[6.6286,53.1195],[6.6274,53.1212],[6.6276,53.1227],[6.6219,53.1262],[6.6213,53.1284],[6.6186,53.1304],[6.619,53.1316],[6.6165,53.133],[6.6136,53.1327],[6.6144,53.1356],[6.6108,53.1379],[6.6065,53.1393],[6.6,53.1447],[6.5973,53.144],[6.5959,53.1443],[6.5957,53.1455],[6.5905,53.1449],[6.588,53.1454],[6.586,53.1522],[6.5845,53.1535],[6.5845,53.1542],[6.5871,53.1562],[6.5836,53.1579],[6.5833,53.1595],[6.5817,53.1613],[6.582,53.1621],[6.5807,53.1622],[6.5815,53.1636],[6.5637,53.1576],[6.5595,53.1691],[6.5482,53.1811],[6.5417,53.1786],[6.5397,53.1812],[6.5343,53.1841],[6.5295,53.1952],[6.5305,53.1956],[6.5157,53.1983],[6.5134,53.1969],[6.5069,53.2001],[6.4942,53.1982],[6.4932,53.1988],[6.4926,53.2014],[6.4917,53.2012],[6.4889,53.2031],[6.4823,53.2037],[6.4477,53.1964],[6.4457,53.191],[6.4429,53.1877],[6.438,53.1857],[6.4344,53.1857],[6.4297,53.1832],[6.4241,53.1815],[6.407,53.1777],[6.4044,53.1741],[6.4042,53.1687],[6.4029,53.1672],[6.3952,53.1636],[6.3911,53.1594],[6.39,53.1597],[6.3898,53.1585],[6.3814,53.1535],[6.3815,53.1496],[6.3826,53.1496],[6.3659,53.1222],[6.3636,53.1076],[6.3566,53.1071],[6.3444,53.0871],[6.3152,53.0941],[6.3053,53.0812],[6.3678,53.0674],[6.3625,53.034],[6.4276,52.9718],[6.3934,52.9328],[6.3345,52.9066],[6.3333,52.9064],[6.303,52.925],[6.2566,52.9276],[6.2476,52.9237],[6.2451,52.9209],[6.2448,52.9196],[6.2323,52.9134],[6.2069,52.8907],[6.166,52.875],[6.1198,52.8542],[6.1287,52.8478],[6.1303,52.8439],[6.1368,52.8388],[6.152,52.8288],[6.1492,52.8284],[6.1576,52.825],[6.1717,52.8151],[6.1724,52.8156],[6.1772,52.8139],[6.2017,52.7937],[6.1938,52.7864],[6.1803,52.7772],[6.1731,52.7733],[6.1685,52.7671],[6.1639,52.7664],[6.1567,52.7627],[6.1387,52.7591],[6.1325,52.7587],[6.1266,52.7569],[6.1217,52.7543],[6.1201,52.7509],[6.1291,52.738],[6.1485,52.7076],[6.1566,52.692],[6.1588,52.6925],[6.1622,52.6913],[6.1649,52.6889],[6.1682,52.6881],[6.1697,52.6861],[6.163,52.6801],[6.1639,52.6795],[6.1831,52.6751],[6.1819,52.6769],[6.1842,52.6772],[6.1805,52.6816],[6.1859,52.6825],[6.1879,52.6796],[6.1914,52.6793],[6.1921,52.6764],[6.1942,52.6766],[6.195,52.6796],[6.2017,52.6846],[6.205,52.6842],[6.2101,52.6852],[6.2125,52.6846],[6.2121,52.6853],[6.2141,52.6863],[6.2167,52.6864],[6.2175,52.6855],[6.2198,52.6857],[6.2187,52.6843],[6.2212,52.6835],[6.2211,52.6828],[6.2249,52.6824],[6.2271,52.6812],[6.2277,52.6817],[6.2327,52.6815],[6.2341,52.6802],[6.2329,52.6799],[6.2328,52.6791],[6.2371,52.6775],[6.2438,52.6787],[6.2484,52.6756],[6.249,52.6739],[6.2473,52.6728],[6.2492,52.6714],[6.2509,52.6717],[6.2503,52.671],[6.252,52.6699],[6.2542,52.6702],[6.2559,52.6696],[6.2574,52.6704],[6.2582,52.6698],[6.2605,52.6705],[6.2654,52.6692],[6.2658,52.6669],[6.2701,52.6648],[6.2732,52.6648],[6.2749,52.6672],[6.2762,52.6673],[6.2768,52.6687],[6.2792,52.6691],[6.2855,52.667],[6.2851,52.6654],[6.2875,52.6635],[6.2884,52.6639],[6.2919,52.6624],[6.2954,52.6623],[6.2952,52.6635],[6.2976,52.6664],[6.2996,52.6658],[6.2997,52.6665],[6.3022,52.6664],[6.3019,52.667],[6.3027,52.6674],[6.3057,52.6662],[6.3098,52.6668],[6.3121,52.6681],[6.3141,52.6681],[6.3139,52.6687],[6.3168,52.6699],[6.3227,52.6705],[6.325,52.67],[6.327,52.6692],[6.3268,52.6686],[6.3288,52.6667],[6.328,52.6661],[6.3293,52.6654],[6.3259,52.6629],[6.3258,52.6613],[6.3272,52.6604],[6.3259,52.6598],[6.3263,52.659],[6.3287,52.6584],[6.3301,52.657],[6.3326,52.6568],[6.3324,52.6557],[6.334,52.6547],[6.3357,52.6552],[6.3365,52.6544],[6.3395,52.6547],[6.3414,52.6541],[6.3436,52.6512],[6.3474,52.6499],[6.347,52.6492],[6.352,52.6486],[6.3533,52.6478],[6.3533,52.646],[6.3598,52.6456],[6.3644,52.6432],[6.3639,52.6423],[6.3646,52.6416],[6.3632,52.6409],[6.3643,52.6404],[6.3642,52.6396],[6.363,52.6391],[6.3642,52.6377],[6.3663,52.6376],[6.3681,52.6356],[6.3695,52.6355],[6.3698,52.635],[6.3688,52.6345],[6.3686,52.6335],[6.3696,52.6327],[6.3692,52.6321],[6.3715,52.6318],[6.3723,52.6295],[6.3741,52.629],[6.3749,52.6279],[6.3743,52.6276],[6.3752,52.6274],[6.3741,52.6264],[6.3752,52.6261],[6.3753,52.6253],[6.3733,52.6238],[6.3772,52.6204],[6.3763,52.6194],[6.3769,52.6183],[6.3761,52.6178],[6.3765,52.6169],[6.3803,52.615],[6.3828,52.6157],[6.3838,52.6122],[6.389,52.6143],[6.3915,52.6145],[6.3936,52.6161],[6.3938,52.6172],[6.396,52.6178],[6.4011,52.6163],[6.4038,52.6163],[6.4069,52.6178],[6.4059,52.6187],[6.4063,52.6207],[6.4095,52.6217],[6.4129,52.6196],[6.4163,52.6186],[6.4188,52.619],[6.419,52.6209],[6.42,52.6213],[6.4202,52.6223],[6.4244,52.6243],[6.4268,52.6245],[6.426,52.6258],[6.4266,52.6268],[6.428,52.6272],[6.4282,52.6282],[6.4305,52.6278],[6.4312,52.6284],[6.433,52.6278],[6.4338,52.6264],[6.4325,52.6256],[6.4355,52.622],[6.4356,52.6209],[6.4345,52.6204],[6.4349,52.6193],[6.4419,52.6156],[6.443,52.6162],[6.4481,52.6148],[6.4506,52.6152],[6.4534,52.6139],[6.4551,52.6154],[6.4598,52.6158],[6.4608,52.6163],[6.4607,52.6175],[6.4621,52.6192],[6.4624,52.621],[6.464,52.6217],[6.4632,52.6222],[6.4633,52.6235],[6.4701,52.625],[6.4724,52.6246],[6.4733,52.6229],[6.4725,52.6222],[6.4731,52.6212],[6.4743,52.6207],[6.4759,52.6213],[6.478,52.6186],[6.4793,52.619],[6.4806,52.6182],[6.4839,52.6191],[6.4919,52.6191],[6.4949,52.618],[6.4997,52.618],[6.5045,52.6171],[6.512,52.6136],[6.5186,52.6141],[6.5139,52.6463],[6.5465,52.6635],[6.5528,52.6656],[6.6145,52.674],[6.6825,52.6542],[6.7085,52.6487],[6.7056,52.6458],[6.7057,52.6435],[6.7012,52.6417],[6.7022,52.6411],[6.7055,52.641],[6.7065,52.6395],[6.7033,52.6358],[6.7032,52.6344],[6.7046,52.6336],[6.7043,52.6325],[6.7009,52.6294],[6.7008,52.6284],[6.702,52.6273],[6.7072,52.6268],[6.708,52.628],[6.7101,52.6278],[6.715,52.6303],[6.7264,52.6332],[6.7307,52.6375],[6.737,52.6412],[6.742,52.6453],[6.7505,52.6469],[6.7528,52.6481],[6.7537,52.6478],[6.7519,52.647],[6.7535,52.6458],[6.7588,52.6488],[6.7679,52.6469],[6.7721,52.6501],[6.7742,52.6502],[6.7774,52.6517],[6.7897,52.6528],[6.7943,52.6507],[6.8033,52.6519],[6.8058,52.6512],[6.8079,52.6491],[6.8161,52.6486],[6.8189,52.6477],[6.8223,52.6477],[6.8275,52.649],[6.8318,52.6515],[6.8375,52.6519],[6.851,52.6486],[6.8538,52.6496],[6.8646,52.6498],[6.8728,52.6533],[6.88,52.6505],[6.8968,52.6514],[6.9029,52.6486],[6.9145,52.6465],[6.9157,52.6418],[6.919,52.6399],[6.9285,52.6402],[6.9346,52.6383],[6.9389,52.6379],[6.9454,52.6393],[6.9538,52.639],[6.9593,52.6417],[6.968,52.6417],[6.976,52.6463],[6.9819,52.645],[6.9843,52.6436],[6.9925,52.6413],[7.0019,52.6419],[7.0045,52.6409],[7.0066,52.6385],[7.0125,52.6368],[7.0288,52.6346],[7.0355,52.6349],[7.0386,52.6329],[7.0417,52.6327],[7.0557,52.6434],[7.0556,52.6444],[7.0548,52.6444],[7.0649,52.7294],[7.0716,52.8104],[7.08,52.8215],[7.0795,52.8216],[7.0927,52.8382],[7.0721,52.8384],[7.0716,52.8393],[7.0722,52.8452],[7.0763,52.8487],[7.0763,52.85],[7.0696,52.8477],[7.0659,52.8516],[7.0643,52.851],[7.0637,52.8518],[7.0627,52.8514],[7.0523,52.8615],[7.0515,52.8612],[7.0464,52.8659],[7.0435,52.8652],[7.0402,52.8729],[7.0148,52.873]]]}},{"type":"Feature","properties":{"naam":"Groningen"},"geometry":{"type":"Polygon","coordinates":[[[6.9159,53.4574],[6.9076,53.4615],[6.8909,53.4651],[6.8743,53.4646],[6.8576,53.4687],[6.8201,53.4937],[6.7493,53.5257],[6.666,53.5612],[6.6465,53.571],[6.6371,53.5764],[6.6126,53.5643],[6.4286,53.566],[6.3525,53.5397],[6.3521,53.5217],[6.3672,53.5239],[6.3823,53.5215],[6.3933,53.5217],[6.4044,53.5209],[6.4111,53.5175],[6.416,53.513],[6.4187,53.5056],[6.4178,53.5003],[6.415,53.4975],[6.409,53.4949],[6.4022,53.494],[6.3839,53.4954],[6.3816,53.4946],[6.3666,53.4969],[6.3516,53.497],[6.3504,53.4463],[6.194,53.4133],[6.1679,53.3908],[6.1677,53.3848],[6.1705,53.3748],[6.1749,53.3684],[6.1802,53.3641],[6.1894,53.3617],[6.2189,53.3574],[6.225,53.3543],[6.2305,53.3447],[6.2336,53.3431],[6.2393,53.343],[6.2476,53.3475],[6.254,53.3486],[6.2645,53.3463],[6.2737,53.3453],[6.28,53.3426],[6.287,53.3414],[6.2805,53.3126],[6.2904,53.3111],[6.2925,53.3103],[6.2944,53.3082],[6.2897,53.3051],[6.2815,53.3039],[6.2784,53.3028],[6.2745,53.2992],[6.2744,53.2965],[6.271,53.2942],[6.2707,53.2916],[6.2687,53.2898],[6.2656,53.2912],[6.2599,53.2911],[6.2573,53.2903],[6.2532,53.2879],[6.2534,53.2861],[6.252,53.2821],[6.2525,53.2794],[6.2514,53.2773],[6.253,53.2735],[6.2557,53.271],[6.2555,53.269],[6.252,53.2674],[6.2495,53.2673],[6.2476,53.2684],[6.2452,53.2676],[6.2436,53.2664],[6.2431,53.265],[6.2388,53.2628],[6.2376,53.2609],[6.2389,53.2594],[6.2377,53.2577],[6.2356,53.2568],[6.2321,53.2567],[6.2318,53.2556],[6.2323,53.2548],[6.2351,53.2534],[6.2337,53.2508],[6.2295,53.2498],[6.2301,53.2481],[6.2319,53.2472],[6.231,53.2451],[6.2277,53.2452],[6.218,53.2419],[6.2228,53.2395],[6.2246,53.2397],[6.225,53.2386],[6.2155,53.237],[6.2149,53.2352],[6.2168,53.2343],[6.2143,53.2341],[6.2171,53.2334],[6.2181,53.2316],[6.2206,53.232],[6.2247,53.23],[6.225,53.2279],[6.2262,53.2268],[6.2253,53.2255],[6.2302,53.2224],[6.2301,53.2202],[6.229,53.2191],[6.23,53.2178],[6.2248,53.2146],[6.2253,53.2133],[6.2248,53.2119],[6.2223,53.2105],[6.2221,53.2088],[6.2201,53.2077],[6.2191,53.206],[6.2142,53.2039],[6.2094,53.1999],[6.2041,53.1998],[6.1996,53.1984],[6.1994,53.1933],[6.1953,53.1915],[6.1929,53.1891],[6.1842,53.1764],[6.1814,53.1706],[6.1778,53.1679],[6.1772,53.1664],[6.1753,53.1355],[6.1788,53.1341],[6.1839,53.1309],[6.1896,53.1255],[6.205,53.1155],[6.2226,53.1149],[6.2363,53.1134],[6.2627,53.1141],[6.2739,53.1113],[6.2831,53.1069],[6.2906,53.0998],[6.3444,53.0871],[6.3566,53.1071],[6.3636,53.1076],[6.3659,53.1222],[6.3826,53.1496],[6.3815,53.1496],[6.3814,53.1535],[6.3898,53.1585],[6.39,53.1597],[6.3911,53.1594],[6.3952,53.1636],[6.4029,53.1672],[6.4042,53.1687],[6.4044,53.1741],[6.407,53.1777],[6.4241,53.1815],[6.4297,53.1832],[6.4344,53.1857],[6.438,53.1857],[6.4429,53.1877],[6.4457,53.191],[6.4477,53.1964],[6.4823,53.2037],[6.4889,53.2031],[6.4917,53.2012],[6.4926,53.2014],[6.4932,53.1988],[6.4942,53.1982],[6.5069,53.2001],[6.5134,53.1969],[6.5157,53.1983],[6.5305,53.1956],[6.5295,53.1952],[6.5343,53.1841],[6.5397,53.1812],[6.5417,53.1786],[6.5482,53.1811],[6.5595,53.1691],[6.5637,53.1576],[6.5815,53.1636],[6.5807,53.1622],[6.582,53.1621],[6.5817,53.1613],[6.5833,53.1595],[6.5836,53.1579],[6.5871,53.1562],[6.5845,53.1542],[6.5845,53.1535],[6.586,53.1522],[6.588,53.1454],[6.5905,53.1449],[6.5957,53.1455],[6.5959,53.1443],[6.5973,53.144],[6.6,53.1447],[6.6065,53.1393],[6.6108,53.1379],[6.6144,53.1356],[6.6136,53.1327],[6.6165,53.133],[6.619,53.1316],[6.6186,53.1304],[6.6213,53.1284],[6.6219,53.1262],[6.6276,53.1227],[6.6274,53.1212],[6.6286,53.1195],[6.6308,53.1192],[6.6276,53.1171],[6.6284,53.1165],[6.6281,53.1156],[6.6298,53.1147],[6.6336,53.1143],[6.6366,53.1128],[6.6351,53.1115],[6.6369,53.1103],[6.6371,53.1083],[6.6357,53.1078],[6.636,53.107],[6.6348,53.1062],[6.6706,53.1165],[6.6954,53.1212],[6.7375,53.1195],[6.7478,53.1135],[6.749,53.1116],[6.7514,53.1114],[6.7518,53.1104],[6.9366,52.9928],[7.0162,52.9244],[7.0261,52.9192],[7.0456,52.9159],[7.0148,52.873],[7.0402,52.8729],[7.0435,52.8652],[7.0464,52.8659],[7.0515,52.8612],[7.0523,52.8615],[7.0627,52.8514],[7.0637,52.8518],[7.0643,52.851],[7.0659,52.8516],[7.0696,52.8477],[7.0763,52.85],[7.0763,52.8487],[7.0722,52.8452],[7.0716,52.8393],[7.0721,52.8384],[7.0927,52.8382],[7.0873,52.8499],[7.1044,52.8639],[7.1815,52.9416],[7.2096,53.0005],[7.2165,53.0057],[7.2161,53.0059],[7.2174,53.007],[7.213,53.0109],[7.1992,53.0814],[7.2028,53.1134],[7.1829,53.1218],[7.1859,53.1242],[7.1836,53.1249],[7.1809,53.1278],[7.1789,53.1383],[7.1803,53.138],[7.1832,53.1402],[7.1859,53.1447],[7.1896,53.148],[7.1893,53.1573],[7.1912,53.1596],[7.1909,53.1618],[7.2037,53.1766],[7.2126,53.177],[7.2275,53.1803],[7.208,53.1885],[7.2115,53.1925],[7.2166,53.1956],[7.2176,53.1978],[7.217,53.2148],[7.2105,53.2284],[7.2125,53.2282],[7.1876,53.3322],[7.1717,53.3332],[7.1112,53.3318],[7.0617,53.324],[7.0192,53.3243],[7.0059,53.3265],[6.9954,53.3318],[6.9934,53.3363],[6.9945,53.3432],[6.9937,53.3488],[6.9692,53.3768],[6.952,53.394],[6.932,53.4385],[6.9243,53.4493],[6.9159,53.4574]]]}},{"type":"Feature","properties":{"naam":"Frysl\u00e2n"},"geometry":{"type":"Polygon","coordinates":[[[6.2473,52.9233],[6.2566,52.9276],[6.303,52.925],[6.3333,52.9064],[6.3345,52.9066],[6.3934,52.9328],[6.4276,52.9718],[6.3625,53.034],[6.3678,53.0674],[6.3053,53.0812],[6.3152,53.0941],[6.2906,53.0998],[6.2831,53.1069],[6.2739,53.1113],[6.2611,53.1143],[6.2364,53.1134],[6.2226,53.1149],[6.205,53.1155],[6.1896,53.1255],[6.1839,53.1309],[6.1788,53.1341],[6.1762,53.1347],[6.1752,53.1359],[6.1772,53.1664],[6.1778,53.1679],[6.1814,53.1706],[6.1842,53.1764],[6.1929,53.1891],[6.1953,53.1915],[6.1994,53.1933],[6.1996,53.1984],[6.2041,53.1998],[6.2094,53.1999],[6.2142,53.2039],[6.2191,53.206],[6.2201,53.2077],[6.2221,53.2088],[6.2223,53.2105],[6.2248,53.2119],[6.2253,53.2133],[6.2248,53.2146],[6.23,53.2178],[6.229,53.2191],[6.2301,53.2202],[6.2302,53.2224],[6.2253,53.2255],[6.2262,53.2268],[6.225,53.2279],[6.2247,53.23],[6.2206,53.232],[6.2181,53.2316],[6.2171,53.2334],[6.2143,53.2341],[6.2168,53.2343],[6.2149,53.2352],[6.2155,53.237],[6.225,53.2386],[6.2246,53.2397],[6.2228,53.2395],[6.218,53.2419],[6.2277,53.2452],[6.231,53.2451],[6.2319,53.2472],[6.2301,53.2481],[6.2295,53.2498],[6.2337,53.2508],[6.2351,53.2534],[6.2323,53.2548],[6.2318,53.2556],[6.2321,53.2567],[6.2356,53.2568],[6.2377,53.2577],[6.2389,53.2594],[6.2376,53.2609],[6.2388,53.2628],[6.2431,53.265],[6.2436,53.2664],[6.2452,53.2676],[6.2476,53.2684],[6.2495,53.2673],[6.252,53.2674],[6.2555,53.269],[6.2557,53.271],[6.253,53.2735],[6.2514,53.2773],[6.2525,53.2794],[6.252,53.2821],[6.2534,53.2861],[6.2532,53.2879],[6.2573,53.2903],[6.2599,53.2911],[6.2656,53.2912],[6.2687,53.2898],[6.2707,53.2916],[6.271,53.2942],[6.2744,53.2965],[6.2745,53.2992],[6.2784,53.3028],[6.2815,53.3039],[6.2897,53.3051],[6.2944,53.3082],[6.2925,53.3103],[6.2904,53.3111],[6.2805,53.3126],[6.287,53.3414],[6.28,53.3426],[6.2737,53.3453],[6.2645,53.3463],[6.254,53.3486],[6.2476,53.3475],[6.2393,53.343],[6.2336,53.3431],[6.2305,53.3447],[6.225,53.3543],[6.2189,53.3574],[6.1894,53.3617],[6.1802,53.3641],[6.1749,53.3684],[6.1705,53.3748],[6.1677,53.3848],[6.1679,53.3908],[6.194,53.4133],[6.3504,53.4463],[6.3516,53.497],[6.3666,53.4969],[6.3816,53.4946],[6.3839,53.4954],[6.4022,53.494],[6.409,53.4949],[6.415,53.4975],[6.4178,53.5003],[6.4187,53.5056],[6.416,53.513],[6.4111,53.5175],[6.4044,53.5209],[6.3933,53.5217],[6.3823,53.5215],[6.3672,53.5239],[6.3521,53.5217],[6.3525,53.5397],[6.3221,53.5265],[6.1861,53.514],[6.126,53.5233],[6.1105,53.4965],[6.0501,53.4923],[6.0049,53.4926],[5.9596,53.4838],[5.839,53.4753],[5.7034,53.4713],[5.6132,53.4939],[5.5529,53.4716],[5.4926,53.4582],[5.3571,53.4313],[5.1767,53.4086],[5.1618,53.3861],[5.1018,53.368],[5.0871,53.3231],[5.0271,53.3139],[4.9077,53.2596],[4.8406,53.2324],[4.8184,53.2143],[5.051,53.1433],[5.1642,53.001],[5.1691,52.9976],[5.2387,52.8741],[5.3773,52.7648],[5.6314,52.8031],[5.6603,52.8313],[5.7031,52.8343],[5.7028,52.836],[5.7033,52.8364],[5.7043,52.8344],[5.7096,52.8348],[5.712,52.836],[5.7125,52.8374],[5.7117,52.838],[5.7132,52.8382],[5.7148,52.8379],[5.7147,52.8374],[5.7238,52.8358],[5.7287,52.8334],[5.7296,52.8337],[5.7275,52.8364],[5.7247,52.844],[5.7488,52.8397],[5.7844,52.8175],[5.7879,52.8072],[5.7898,52.8037],[5.81,52.8139],[5.8197,52.8173],[5.8201,52.8161],[5.8222,52.8152],[5.8242,52.8133],[5.8287,52.8134],[5.8336,52.8117],[5.835,52.8098],[5.8374,52.8083],[5.8359,52.8064],[5.8365,52.8058],[5.8388,52.806],[5.8422,52.8076],[5.8436,52.805],[5.8502,52.8062],[5.8547,52.8055],[5.857,52.8072],[5.8596,52.8045],[5.8656,52.8047],[5.8687,52.8027],[5.8788,52.8008],[5.8826,52.8039],[5.8979,52.8078],[5.9007,52.8118],[5.9094,52.8141],[5.915,52.8195],[5.9194,52.8219],[5.9241,52.8235],[5.9229,52.8275],[5.9264,52.8283],[5.9231,52.8295],[5.9228,52.8308],[5.9255,52.8315],[5.9299,52.8313],[5.9307,52.8319],[5.93,52.8326],[5.927,52.8329],[5.9271,52.8338],[5.9316,52.8353],[5.9406,52.8357],[5.9459,52.8375],[5.9558,52.8332],[5.9569,52.8344],[5.9558,52.8374],[5.9581,52.8394],[5.97,52.8424],[5.9731,52.8425],[5.9724,52.8419],[5.9729,52.8407],[5.9762,52.8347],[5.9818,52.8293],[5.9865,52.8217],[5.9906,52.8216],[5.9942,52.8191],[5.9965,52.8166],[6.0075,52.82],[6.0246,52.8225],[6.0266,52.8211],[6.0312,52.815],[6.047,52.8205],[6.0529,52.8241],[6.06,52.8261],[6.0551,52.8312],[6.0526,52.8373],[6.0615,52.8393],[6.0756,52.8387],[6.0826,52.8392],[6.0875,52.8431],[6.0924,52.8443],[6.1213,52.8547],[6.166,52.875],[6.2069,52.8907],[6.2323,52.9134],[6.2448,52.9196],[6.2451,52.9209],[6.2473,52.9233]]]}}]}