{"type":"FeatureCollection","features":[{"type":"Feature","properties":{"name":"Troms","country":"NO"},"geometry":{"type":"MultiPolygon","coordinates":[[[[20.623,69.036],[20.363,69.029],[20.102,69.022],[20.341,68.91],[20.349,68.893],[20.357,68.805],[20.352,68.786],[20.339,68.766],[20.237,68.659],[20.152,68.607],[19.962,68.541],[20.246,68.477],[20.01,68.364],[19.971,68.351],[19.931,68.35],[19.482,68.424],[19.038,68.506],[18.7,68.496],[18.645,68.501],[18.482,68.562],[18.436,68.574],[18.189,68.538],[18.189,68.539],[18.181,68.544],[18.037,68.62],[17.823,68.613],[17.568,68.608],[17.37,68.576],[16.885,68.567],[16.742,68.522],[16.669,68.507],[16.604,68.51],[16.588,68.517],[16.582,68.524],[16.579,68.533],[16.581,68.534],[16.604,68.529],[16.621,68.534],[16.632,68.546],[16.628,68.551],[16.615,68.553],[16.597,68.557],[16.583,68.563],[16.573,68.569],[16.566,68.578],[16.563,68.591],[16.572,68.612],[16.597,68.629],[16.629,68.642],[16.697,68.65],[16.81,68.681],[16.925,68.693],[16.961,68.704],[16.993,68.708],[17.02,68.694],[17.045,68.676],[17.081,68.664],[17.082,68.658],[17.082,68.651],[17.084,68.646],[17.09,68.643],[17.13,68.634],[17.149,68.632],[17.168,68.634],[17.186,68.639],[17.18,68.648],[17.17,68.652],[17.145,68.653],[17.133,68.655],[17.118,68.665],[17.107,68.667],[17.1,68.669],[17.097,68.676],[17.097,68.684],[17.101,68.691],[17.109,68.697],[17.115,68.699],[17.205,68.711],[17.25,68.724],[17.271,68.72],[17.31,68.708],[17.331,68.709],[17.351,68.713],[17.37,68.711],[17.404,68.685],[17.422,68.676],[17.441,68.67],[17.46,68.667],[17.49,68.666],[17.577,68.674],[17.656,68.657],[17.679,68.66],[17.621,68.681],[17.494,68.69],[17.447,68.715],[17.43,68.73],[17.403,68.745],[17.374,68.75],[17.348,68.739],[17.324,68.732],[17.29,68.737],[17.234,68.756],[17.263,68.768],[17.333,68.787],[17.395,68.796],[17.428,68.808],[17.461,68.815],[17.565,68.789],[17.722,68.778],[17.783,68.749],[17.783,68.778],[17.739,68.791],[17.645,68.797],[17.468,68.831],[17.546,68.847],[17.609,68.871],[17.63,68.877],[17.665,68.882],[17.694,68.892],[17.707,68.893],[17.718,68.891],[17.741,68.879],[17.769,68.872],[17.796,68.868],[17.824,68.868],[17.851,68.873],[17.826,68.894],[17.707,68.914],[17.712,68.919],[17.721,68.934],[17.521,68.917],[17.458,68.9],[17.426,68.9],[17.436,68.913],[17.48,68.948],[17.495,68.955],[17.524,68.955],[17.534,68.961],[17.536,68.975],[17.53,68.987],[17.519,68.99],[17.488,68.989],[17.488,68.996],[17.559,69.032],[17.603,69.061],[17.657,69.078],[17.679,69.092],[17.668,69.096],[17.644,69.101],[17.632,69.106],[17.659,69.117],[17.869,69.121],[17.959,69.148],[18.024,69.156],[18.152,69.154],[18.081,69.169],[18.071,69.178],[18.073,69.197],[18.08,69.207],[18.09,69.215],[18.105,69.229],[18.077,69.237],[18.016,69.229],[17.988,69.235],[18.004,69.25],[18.003,69.286],[18.016,69.304],[18.045,69.317],[18.113,69.334],[18.139,69.353],[18.131,69.369],[18.144,69.382],[18.165,69.394],[18.18,69.408],[18.175,69.412],[18.171,69.418],[18.166,69.421],[18.171,69.434],[18.165,69.439],[18.156,69.442],[18.152,69.448],[18.155,69.458],[18.159,69.46],[18.166,69.46],[18.194,69.469],[18.242,69.476],[18.25,69.48],[18.256,69.484],[18.263,69.488],[18.276,69.49],[18.301,69.487],[18.323,69.479],[18.341,69.468],[18.382,69.431],[18.387,69.422],[18.384,69.415],[18.376,69.408],[18.368,69.393],[18.365,69.391],[18.368,69.392],[18.448,69.394],[18.467,69.39],[18.487,69.382],[18.503,69.37],[18.509,69.356],[18.507,69.338],[18.498,69.307],[18.496,69.29],[18.509,69.283],[18.516,69.276],[18.513,69.266],[18.504,69.259],[18.498,69.252],[18.497,69.245],[18.503,69.235],[18.525,69.262],[18.533,69.278],[18.537,69.294],[18.536,69.329],[18.538,69.348],[18.544,69.359],[18.565,69.365],[18.58,69.353],[18.589,69.333],[18.592,69.315],[18.602,69.3],[18.625,69.293],[18.652,69.288],[18.67,69.28],[18.679,69.272],[18.692,69.263],[18.703,69.263],[18.708,69.277],[18.703,69.288],[18.693,69.293],[18.681,69.296],[18.674,69.304],[18.69,69.318],[18.735,69.324],[18.824,69.325],[18.863,69.319],[18.93,69.296],[19.005,69.285],[19.013,69.287],[19.016,69.294],[19.014,69.299],[19.007,69.303],[18.999,69.304],[18.988,69.307],[18.955,69.328],[18.934,69.334],[18.665,69.369],[18.631,69.383],[18.616,69.386],[18.607,69.39],[18.601,69.4],[18.597,69.412],[18.592,69.421],[18.578,69.431],[18.563,69.437],[18.53,69.441],[18.49,69.442],[18.467,69.445],[18.455,69.454],[18.457,69.465],[18.466,69.474],[18.478,69.48],[18.489,69.482],[18.468,69.504],[18.474,69.516],[18.498,69.522],[18.565,69.527],[18.631,69.541],[18.853,69.552],[18.862,69.547],[18.866,69.531],[18.864,69.522],[18.86,69.514],[18.853,69.508],[18.845,69.503],[18.86,69.503],[18.877,69.502],[18.894,69.498],[18.907,69.49],[18.911,69.482],[18.913,69.466],[18.917,69.458],[18.935,69.446],[19.009,69.428],[19.003,69.408],[19.014,69.397],[19.057,69.386],[19.122,69.359],[19.146,69.353],[19.347,69.344],[19.379,69.322],[19.371,69.3],[19.351,69.29],[19.285,69.275],[19.229,69.284],[19.215,69.282],[19.189,69.272],[19.167,69.267],[19.169,69.26],[19.177,69.254],[19.188,69.249],[19.197,69.251],[19.224,69.262],[19.232,69.266],[19.251,69.274],[19.269,69.266],[19.272,69.252],[19.249,69.243],[19.263,69.235],[19.301,69.224],[19.318,69.222],[19.337,69.225],[19.365,69.238],[19.379,69.243],[19.413,69.24],[19.477,69.221],[19.509,69.229],[19.488,69.241],[19.466,69.249],[19.449,69.26],[19.441,69.284],[19.444,69.292],[19.45,69.299],[19.455,69.306],[19.455,69.318],[19.45,69.325],[19.43,69.342],[19.35,69.379],[19.325,69.384],[19.298,69.386],[19.156,69.377],[19.119,69.386],[19.11,69.392],[19.085,69.414],[19.083,69.418],[19.083,69.424],[19.082,69.429],[19.078,69.434],[19.07,69.438],[19.044,69.441],[19.022,69.45],[19.001,69.464],[18.993,69.483],[19.006,69.506],[19.032,69.521],[19.069,69.533],[19.177,69.551],[19.195,69.55],[19.222,69.534],[19.236,69.528],[19.25,69.525],[19.263,69.523],[19.254,69.535],[19.243,69.544],[19.233,69.553],[19.229,69.568],[19.148,69.565],[19.103,69.556],[19.053,69.552],[19.034,69.541],[19.016,69.534],[18.994,69.54],[18.973,69.55],[18.958,69.561],[18.944,69.615],[19.085,69.693],[19.098,69.736],[19.118,69.743],[19.14,69.748],[19.184,69.75],[19.201,69.753],[19.233,69.771],[19.249,69.777],[19.296,69.783],[19.444,69.777],[19.483,69.781],[19.559,69.8],[19.737,69.813],[19.784,69.804],[19.777,69.792],[19.769,69.784],[19.732,69.757],[19.734,69.754],[19.736,69.74],[19.729,69.723],[19.71,69.705],[19.69,69.69],[19.674,69.681],[19.693,69.664],[19.716,69.655],[19.727,69.642],[19.715,69.613],[19.7,69.594],[19.643,69.541],[19.636,69.532],[19.63,69.52],[19.627,69.508],[19.627,69.496],[19.633,69.486],[19.644,69.472],[19.65,69.46],[19.643,69.454],[19.614,69.45],[19.582,69.437],[19.552,69.42],[19.53,69.4],[19.689,69.445],[19.698,69.466],[19.716,69.492],[19.725,69.516],[19.708,69.531],[19.757,69.6],[19.751,69.603],[19.748,69.605],[19.746,69.609],[19.743,69.613],[19.764,69.612],[19.803,69.614],[19.929,69.605],[19.994,69.589],[20.06,69.579],[20.113,69.585],[20.075,69.584],[20.032,69.588],[19.989,69.597],[19.955,69.609],[19.925,69.616],[19.889,69.619],[19.858,69.627],[19.845,69.65],[19.843,69.66],[19.829,69.674],[19.825,69.681],[19.823,69.689],[19.825,69.712],[19.836,69.724],[19.86,69.733],[19.878,69.744],[19.872,69.763],[19.89,69.775],[19.928,69.784],[19.945,69.794],[19.978,69.831],[19.989,69.839],[20.006,69.843],[20.009,69.835],[20.003,69.821],[19.983,69.797],[19.968,69.763],[20.007,69.769],[20.034,69.79],[20.078,69.845],[20.115,69.878],[20.144,69.922],[20.155,69.935],[20.168,69.942],[20.17,69.931],[20.17,69.927],[20.168,69.921],[20.168,69.896],[20.171,69.88],[20.178,69.873],[20.193,69.868],[20.202,69.859],[20.207,69.859],[20.209,69.879],[20.202,69.924],[20.208,69.932],[20.236,69.946],[20.27,69.968],[20.293,69.971],[20.315,69.964],[20.417,69.89],[20.425,69.877],[20.42,69.867],[20.409,69.858],[20.4,69.845],[20.397,69.834],[20.396,69.813],[20.394,69.804],[20.386,69.797],[20.375,69.789],[20.364,69.779],[20.359,69.767],[20.356,69.757],[20.35,69.745],[20.343,69.734],[20.336,69.726],[20.322,69.686],[20.319,69.681],[20.323,69.669],[20.33,69.663],[20.375,69.642],[20.383,69.635],[20.386,69.623],[20.386,69.611],[20.383,69.599],[20.377,69.589],[20.366,69.585],[20.33,69.582],[20.291,69.574],[20.274,69.561],[20.304,69.544],[20.289,69.538],[20.278,69.529],[20.27,69.517],[20.264,69.503],[20.279,69.485],[20.267,69.468],[20.242,69.46],[20.216,69.469],[20.207,69.44],[20.192,69.413],[20.169,69.394],[20.116,69.383],[20.058,69.359],[20.0,69.348],[19.982,69.339],[19.987,69.336],[19.997,69.328],[20.003,69.325],[19.937,69.288],[19.917,69.269],[19.948,69.263],[19.972,69.27],[20.0,69.286],[20.028,69.305],[20.047,69.322],[20.07,69.336],[20.225,69.384],[20.267,69.388],[20.277,69.392],[20.354,69.468],[20.373,69.482],[20.423,69.507],[20.441,69.523],[20.448,69.548],[20.452,69.556],[20.462,69.565],[20.473,69.573],[20.482,69.578],[20.497,69.578],[20.512,69.572],[20.525,69.564],[20.571,69.545],[20.647,69.521],[20.791,69.51],[20.808,69.503],[20.823,69.494],[20.837,69.49],[20.853,69.496],[20.812,69.51],[20.718,69.528],[20.685,69.548],[20.659,69.577],[20.648,69.585],[20.627,69.594],[20.54,69.61],[20.492,69.627],[20.482,69.637],[20.488,69.648],[20.527,69.678],[20.542,69.705],[20.535,69.731],[20.513,69.749],[20.482,69.756],[20.482,69.763],[20.512,69.769],[20.643,69.773],[20.785,69.802],[20.804,69.812],[20.822,69.829],[20.825,69.841],[20.814,69.854],[20.8,69.866],[20.791,69.879],[20.829,69.883],[21.052,69.945],[21.093,69.948],[21.093,69.942],[20.982,69.904],[20.919,69.867],[20.894,69.86],[20.894,69.853],[20.915,69.849],[20.936,69.849],[20.955,69.846],[20.969,69.832],[20.959,69.832],[20.952,69.83],[20.946,69.826],[20.941,69.819],[20.995,69.793],[21.02,69.788],[21.051,69.798],[21.036,69.805],[21.005,69.814],[20.996,69.825],[21.018,69.826],[21.049,69.832],[21.069,69.843],[21.058,69.86],[21.085,69.866],[21.17,69.876],[21.189,69.87],[21.18,69.855],[21.141,69.825],[21.127,69.811],[21.15,69.813],[21.179,69.82],[21.207,69.831],[21.223,69.845],[21.224,69.857],[21.209,69.907],[21.326,69.907],[21.302,69.92],[21.27,69.93],[21.238,69.935],[21.209,69.935],[21.225,69.975],[21.253,70.003],[21.29,70.021],[21.333,70.03],[21.393,70.029],[21.558,69.989],[21.556,69.975],[21.57,69.965],[21.607,69.955],[21.579,69.928],[21.609,69.912],[21.646,69.899],[21.684,69.89],[21.758,69.883],[21.905,69.825],[21.931,69.808],[21.942,69.787],[21.957,69.778],[22.052,69.75],[22.034,69.743],[22.015,69.744],[21.977,69.75],[22.0,69.74],[22.03,69.734],[22.061,69.733],[22.086,69.74],[22.098,69.75],[22.092,69.758],[22.059,69.77],[22.056,69.794],[22.01,69.812],[21.916,69.839],[21.937,69.843],[22.0,69.835],[22.018,69.845],[22.012,69.859],[21.989,69.868],[21.943,69.873],[21.93,69.879],[21.928,69.894],[21.929,69.91],[21.925,69.924],[21.914,69.938],[21.914,69.945],[21.929,69.963],[21.928,69.968],[21.923,69.972],[21.921,69.977],[21.929,69.983],[21.94,69.986],[21.984,69.983],[22.01,69.986],[22.024,69.986],[22.035,69.979],[22.035,69.974],[22.025,69.955],[22.052,69.938],[22.061,69.957],[22.059,69.99],[22.052,70.017],[22.067,70.018],[22.098,70.025],[22.114,70.024],[22.114,70.03],[21.951,70.012],[21.866,70.012],[21.798,70.037],[21.839,70.055],[21.984,70.058],[22.005,70.061],[22.021,70.068],[22.052,70.086],[22.083,70.097],[22.094,70.105],[22.099,70.12],[22.02,70.103],[22.008,70.102],[21.986,70.089],[21.958,70.085],[21.839,70.092],[21.83,70.089],[21.817,70.075],[21.805,70.071],[21.72,70.061],[21.689,70.065],[21.631,70.094],[21.613,70.099],[21.513,70.092],[21.482,70.099],[21.469,70.106],[21.439,70.137],[21.436,70.15],[21.455,70.159],[21.48,70.167],[21.497,70.175],[21.358,70.164],[21.312,70.168],[21.295,70.171],[21.282,70.176],[21.271,70.183],[21.261,70.192],[21.247,70.199],[21.215,70.206],[21.209,70.209],[21.234,70.224],[21.528,70.185],[21.588,70.189],[21.617,70.187],[21.648,70.181],[21.747,70.138],[21.86,70.104],[21.875,70.102],[21.908,70.109],[21.931,70.116],[21.933,70.12],[21.929,70.124],[21.932,70.128],[21.942,70.132],[21.963,70.139],[21.975,70.142],[21.984,70.142],[22.034,70.139],[22.046,70.141],[22.079,70.154],[22.097,70.158],[22.112,70.158],[22.13,70.15],[22.144,70.139],[22.155,70.123],[22.169,70.107],[22.19,70.091],[22.234,70.045],[22.238,70.028],[22.236,70.023],[22.238,70.017],[22.244,70.011],[22.297,69.972],[22.311,69.959],[22.321,69.952],[22.337,69.946],[22.483,69.924],[22.54,69.922],[22.557,69.917],[22.565,69.91],[22.559,69.899],[22.546,69.886],[22.538,69.876],[22.539,69.867],[22.555,69.859],[22.573,69.853],[22.585,69.847],[22.584,69.841],[22.576,69.834],[22.538,69.813],[22.531,69.806],[22.526,69.8],[22.531,69.791],[22.544,69.78],[22.578,69.759],[22.596,69.742],[22.617,69.716],[22.629,69.706],[22.664,69.686],[22.721,69.668],[22.791,69.655],[22.864,69.658],[22.886,69.655],[22.915,69.648],[22.927,69.644],[22.933,69.64],[22.933,69.635],[22.919,69.627],[22.85,69.597],[22.831,69.585],[22.821,69.575],[22.819,69.567],[22.81,69.558],[22.797,69.55],[22.776,69.541],[22.771,69.536],[22.774,69.53],[22.778,69.524],[22.78,69.52],[22.775,69.515],[22.762,69.513],[22.601,69.51],[22.352,69.477],[22.34,69.473],[22.335,69.468],[22.335,69.453],[22.337,69.439],[22.343,69.419],[22.349,69.404],[22.359,69.394],[22.394,69.372],[22.427,69.357],[22.474,69.329],[22.56,69.265],[22.578,69.247],[22.591,69.231],[22.597,69.216],[22.596,69.202],[22.593,69.188],[22.59,69.177],[22.587,69.162],[22.581,69.151],[22.562,69.13],[22.547,69.119],[22.524,69.11],[22.441,69.09],[21.97,69.068],[21.946,69.066],[21.663,69.263],[21.639,69.271],[21.314,69.291],[21.098,69.24],[21.08,69.23],[21.063,69.215],[21.034,69.181],[21.156,69.088],[21.099,69.044],[21.072,69.037],[21.032,69.041],[20.744,69.104],[20.717,69.099],[20.623,69.036]]],[[[17.053,68.817],[17.073,68.812],[17.132,68.783],[17.146,68.77],[17.105,68.758],[16.841,68.725],[16.817,68.736],[16.824,68.74],[16.83,68.747],[16.835,68.756],[16.837,68.767],[16.844,68.773],[16.878,68.787],[16.911,68.797],[16.974,68.845],[17.001,68.859],[17.016,68.86],[17.022,68.849],[17.027,68.847],[17.053,68.817]]],[[[17.206,68.893],[17.205,68.913],[17.225,68.921],[17.32,68.918],[17.364,68.909],[17.405,68.892],[17.44,68.866],[17.349,68.835],[17.3,68.804],[17.262,68.794],[17.224,68.793],[17.193,68.804],[17.178,68.815],[17.172,68.848],[17.159,68.866],[17.11,68.886],[17.087,68.898],[17.084,68.914],[17.105,68.925],[17.131,68.915],[17.172,68.886],[17.197,68.873],[17.226,68.861],[17.256,68.855],[17.282,68.859],[17.265,68.869],[17.221,68.882],[17.206,68.893]]],[[[15.908,68.957],[15.91,68.95],[15.903,68.937],[15.898,68.917],[15.905,68.904],[15.917,68.896],[15.924,68.886],[15.915,68.869],[15.878,68.817],[15.876,68.811],[15.875,68.798],[15.871,68.79],[15.863,68.783],[15.848,68.773],[15.84,68.767],[15.824,68.756],[15.761,68.736],[15.806,68.739],[15.854,68.748],[15.899,68.764],[15.936,68.787],[15.956,68.792],[15.977,68.781],[15.99,68.763],[15.984,68.746],[15.971,68.732],[15.954,68.705],[15.942,68.691],[15.933,68.684],[15.925,68.682],[15.915,68.681],[15.905,68.678],[15.895,68.672],[15.879,68.658],[15.871,68.653],[15.848,68.648],[15.793,68.643],[15.774,68.633],[15.766,68.616],[15.769,68.603],[15.777,68.592],[15.782,68.579],[15.778,68.562],[15.767,68.554],[15.753,68.546],[15.74,68.53],[15.781,68.541],[15.803,68.551],[15.816,68.564],[15.819,68.584],[15.815,68.598],[15.817,68.611],[15.837,68.626],[15.859,68.634],[15.932,68.653],[15.978,68.671],[16.005,68.678],[16.028,68.674],[16.045,68.643],[16.061,68.63],[16.083,68.639],[16.09,68.656],[16.081,68.672],[16.056,68.694],[16.051,68.696],[16.039,68.703],[16.033,68.711],[16.045,68.715],[16.068,68.731],[16.076,68.736],[16.107,68.741],[16.213,68.736],[16.201,68.761],[16.179,68.772],[16.124,68.784],[16.109,68.791],[16.095,68.802],[16.089,68.815],[16.097,68.831],[16.107,68.836],[16.192,68.857],[16.207,68.859],[16.225,68.856],[16.254,68.843],[16.268,68.839],[16.284,68.84],[16.294,68.847],[16.295,68.855],[16.262,68.867],[16.25,68.884],[16.247,68.9],[16.255,68.903],[16.315,68.87],[16.391,68.854],[16.43,68.852],[16.439,68.85],[16.44,68.842],[16.44,68.828],[16.456,68.815],[16.53,68.826],[16.556,68.825],[16.54,68.815],[16.506,68.803],[16.494,68.79],[16.512,68.791],[16.531,68.789],[16.547,68.783],[16.556,68.77],[16.526,68.761],[16.526,68.753],[16.534,68.741],[16.529,68.722],[16.577,68.708],[16.567,68.699],[16.535,68.681],[16.561,68.672],[16.559,68.655],[16.542,68.637],[16.525,68.623],[16.513,68.617],[16.501,68.612],[16.491,68.606],[16.487,68.595],[16.492,68.582],[16.496,68.579],[16.246,68.629],[16.03,68.591],[15.962,68.602],[15.934,68.596],[15.924,68.589],[15.916,68.58],[15.899,68.566],[15.872,68.55],[15.678,68.468],[15.657,68.462],[15.643,68.461],[15.639,68.464],[15.639,68.467],[15.643,68.471],[15.665,68.485],[15.671,68.491],[15.675,68.495],[15.675,68.499],[15.675,68.5],[15.657,68.516],[15.644,68.53],[15.641,68.537],[15.642,68.546],[15.68,68.617],[15.713,68.639],[15.735,68.647],[15.75,68.655],[15.775,68.674],[15.782,68.688],[15.783,68.701],[15.773,68.711],[15.757,68.719],[15.738,68.725],[15.725,68.733],[15.72,68.744],[15.722,68.751],[15.73,68.758],[15.792,68.789],[15.847,68.836],[15.881,68.877],[15.885,68.887],[15.886,68.895],[15.883,68.904],[15.874,68.925],[15.874,68.935],[15.881,68.945],[15.892,68.952],[15.908,68.957]]],[[[16.566,68.968],[16.585,68.962],[16.599,68.947],[16.602,68.931],[16.583,68.921],[16.587,68.897],[16.567,68.887],[16.476,68.886],[16.435,68.891],[16.395,68.902],[16.344,68.934],[16.285,68.952],[16.262,68.968],[16.306,68.995],[16.359,68.99],[16.415,68.972],[16.467,68.962],[16.52,68.962],[16.566,68.968]]],[[[18.071,69.438],[18.079,69.425],[18.081,69.388],[18.088,69.38],[18.099,69.376],[18.098,69.368],[18.091,69.358],[18.085,69.353],[18.071,69.349],[18.016,69.353],[17.955,69.343],[17.923,69.332],[17.906,69.318],[17.919,69.312],[17.921,69.304],[17.921,69.294],[17.926,69.284],[17.935,69.278],[17.959,69.268],[17.968,69.263],[17.951,69.251],[17.927,69.247],[17.879,69.249],[17.879,69.243],[17.914,69.234],[17.933,69.227],[17.941,69.219],[17.949,69.205],[17.969,69.202],[17.991,69.203],[18.009,69.201],[17.988,69.187],[17.958,69.18],[17.821,69.169],[17.707,69.173],[17.611,69.154],[17.519,69.158],[17.488,69.154],[17.494,69.169],[17.504,69.18],[17.53,69.201],[17.499,69.203],[17.472,69.2],[17.447,69.193],[17.42,69.181],[17.378,69.154],[17.235,69.106],[17.188,69.084],[17.159,69.05],[17.172,69.046],[17.2,69.048],[17.214,69.044],[17.185,69.024],[17.129,69.011],[17.073,69.008],[17.042,69.017],[17.044,69.031],[17.058,69.039],[17.079,69.043],[17.097,69.044],[17.087,69.049],[17.084,69.05],[17.092,69.062],[17.106,69.066],[17.122,69.068],[17.138,69.072],[17.11,69.085],[16.823,69.054],[16.81,69.065],[16.78,69.07],[16.773,69.088],[16.787,69.108],[16.817,69.119],[16.872,69.104],[16.896,69.104],[16.892,69.127],[16.988,69.14],[17.033,69.132],[17.056,69.133],[17.07,69.147],[17.064,69.15],[17.061,69.153],[17.059,69.157],[17.056,69.16],[17.145,69.184],[17.172,69.201],[17.082,69.182],[17.049,69.181],[16.974,69.195],[16.899,69.195],[16.899,69.201],[16.909,69.203],[16.912,69.206],[16.914,69.21],[16.919,69.215],[16.899,69.221],[16.889,69.222],[16.879,69.222],[16.945,69.237],[17.087,69.229],[17.146,69.256],[17.124,69.25],[17.118,69.249],[17.109,69.252],[17.107,69.257],[17.109,69.261],[17.111,69.263],[17.11,69.268],[17.1,69.281],[17.089,69.29],[17.084,69.28],[17.071,69.268],[17.04,69.268],[16.981,69.277],[16.981,69.284],[16.99,69.285],[16.996,69.288],[17.008,69.298],[16.925,69.293],[16.906,69.298],[16.898,69.312],[16.915,69.318],[17.132,69.311],[17.124,69.314],[17.104,69.325],[17.118,69.331],[17.077,69.331],[17.058,69.334],[17.042,69.345],[17.058,69.35],[17.076,69.352],[17.111,69.353],[17.085,69.362],[17.056,69.364],[16.971,69.356],[16.879,69.359],[16.879,69.366],[16.893,69.366],[16.907,69.369],[16.934,69.38],[16.931,69.384],[16.927,69.394],[16.939,69.398],[16.95,69.398],[16.979,69.392],[16.991,69.387],[16.998,69.386],[17.004,69.388],[17.015,69.398],[17.022,69.4],[17.039,69.398],[17.062,69.389],[17.077,69.386],[17.095,69.387],[17.125,69.398],[17.142,69.4],[17.276,69.394],[17.368,69.367],[17.399,69.366],[17.389,69.38],[17.371,69.387],[17.331,69.394],[17.296,69.411],[17.282,69.414],[17.447,69.414],[17.496,69.428],[17.326,69.439],[17.243,69.455],[17.186,69.503],[17.226,69.501],[17.246,69.496],[17.263,69.478],[17.282,69.47],[17.302,69.463],[17.316,69.462],[17.308,69.477],[17.303,69.482],[17.373,69.477],[17.392,69.482],[17.368,69.491],[17.327,69.518],[17.303,69.523],[17.317,69.535],[17.343,69.537],[17.372,69.534],[17.405,69.523],[17.421,69.519],[17.45,69.517],[17.461,69.514],[17.478,69.499],[17.488,69.496],[17.512,69.494],[17.531,69.49],[17.583,69.468],[17.601,69.464],[17.645,69.462],[17.645,69.469],[17.616,69.476],[17.603,69.482],[17.591,69.49],[17.585,69.497],[17.572,69.519],[17.566,69.523],[17.495,69.541],[17.475,69.553],[17.468,69.56],[17.46,69.572],[17.469,69.579],[17.474,69.587],[17.474,69.594],[17.468,69.6],[17.517,69.597],[17.554,69.575],[17.618,69.517],[17.632,69.513],[17.658,69.508],[17.683,69.509],[17.694,69.52],[17.689,69.53],[17.67,69.532],[17.666,69.541],[17.665,69.551],[17.66,69.569],[17.659,69.578],[17.657,69.585],[17.654,69.59],[17.653,69.594],[17.659,69.6],[17.674,69.603],[17.688,69.6],[17.699,69.592],[17.707,69.585],[17.736,69.552],[17.753,69.541],[17.772,69.548],[17.8,69.575],[17.818,69.587],[17.837,69.592],[17.859,69.587],[17.874,69.573],[17.893,69.537],[17.883,69.527],[17.861,69.516],[17.851,69.51],[17.845,69.502],[17.842,69.498],[17.841,69.492],[17.838,69.482],[17.825,69.466],[17.823,69.457],[17.831,69.448],[17.845,69.445],[17.858,69.452],[17.875,69.472],[17.883,69.49],[17.891,69.499],[17.918,69.506],[17.935,69.52],[17.944,69.523],[17.973,69.52],[18.05,69.496],[18.039,69.485],[18.021,69.481],[17.982,69.482],[17.994,69.463],[17.984,69.45],[17.941,69.428],[17.982,69.413],[18.002,69.41],[18.016,69.421],[18.01,69.433],[18.025,69.441],[18.049,69.443],[18.071,69.438]]],[[[18.999,69.829],[19.02,69.814],[19.044,69.802],[19.061,69.787],[19.057,69.763],[19.034,69.744],[18.97,69.734],[18.915,69.699],[18.877,69.692],[18.839,69.689],[18.803,69.681],[18.794,69.676],[18.783,69.666],[18.773,69.655],[18.769,69.647],[18.777,69.635],[18.793,69.632],[18.812,69.629],[18.828,69.623],[18.836,69.604],[18.823,69.591],[18.769,69.572],[18.732,69.565],[18.626,69.578],[18.614,69.575],[18.58,69.561],[18.56,69.558],[18.486,69.559],[18.262,69.531],[18.194,69.531],[18.169,69.54],[18.128,69.565],[18.105,69.572],[18.048,69.572],[18.021,69.577],[17.995,69.592],[18.006,69.601],[18.026,69.614],[18.037,69.62],[18.034,69.623],[18.029,69.633],[18.041,69.632],[18.05,69.63],[18.07,69.624],[18.081,69.623],[18.091,69.625],[18.112,69.633],[18.135,69.637],[18.237,69.629],[18.262,69.622],[18.269,69.617],[18.283,69.606],[18.279,69.605],[18.276,69.6],[18.278,69.594],[18.29,69.592],[18.297,69.595],[18.314,69.609],[18.324,69.613],[18.322,69.618],[18.343,69.619],[18.355,69.623],[18.364,69.628],[18.389,69.635],[18.4,69.641],[18.324,69.633],[18.305,69.634],[18.291,69.639],[18.186,69.709],[18.214,69.714],[18.317,69.709],[18.311,69.709],[18.353,69.705],[18.479,69.709],[18.611,69.693],[18.633,69.702],[18.594,69.711],[18.389,69.72],[18.352,69.73],[18.345,69.75],[18.327,69.765],[18.335,69.781],[18.357,69.793],[18.382,69.798],[18.395,69.796],[18.403,69.792],[18.42,69.781],[18.436,69.776],[18.466,69.78],[18.482,69.777],[18.486,69.769],[18.482,69.759],[18.483,69.751],[18.503,69.75],[18.514,69.754],[18.521,69.762],[18.533,69.781],[18.557,69.796],[18.585,69.803],[18.653,69.804],[18.641,69.756],[18.663,69.713],[18.707,69.687],[18.762,69.688],[18.742,69.695],[18.737,69.706],[18.741,69.72],[18.757,69.752],[18.79,69.784],[18.774,69.796],[18.689,69.835],[18.674,69.847],[18.667,69.86],[18.679,69.886],[18.718,69.882],[18.764,69.87],[18.797,69.873],[18.783,69.879],[18.802,69.887],[18.822,69.886],[18.842,69.878],[18.858,69.866],[18.849,69.862],[18.845,69.857],[18.838,69.845],[18.859,69.844],[18.898,69.848],[18.986,69.834],[18.999,69.829]]],[[[21.668,69.948],[21.685,69.953],[21.702,69.955],[21.719,69.953],[21.736,69.948],[21.73,69.939],[21.72,69.934],[21.708,69.932],[21.696,69.928],[21.686,69.93],[21.678,69.934],[21.672,69.94],[21.668,69.948]]],[[[19.9,70.017],[19.92,70.024],[19.948,70.027],[19.976,70.024],[19.996,70.017],[19.95,70.01],[19.916,70.011],[19.908,70.014],[19.9,70.017]]],[[[20.959,70.003],[21.099,70.01],[20.981,69.982],[20.975,69.963],[20.94,69.947],[20.892,69.938],[20.843,69.938],[20.805,69.948],[20.776,69.972],[20.762,69.988],[20.761,70.0],[20.784,70.024],[20.802,70.037],[20.824,70.043],[20.86,70.044],[20.886,70.038],[20.935,70.009],[20.959,70.003]]],[[[21.041,70.061],[21.047,70.039],[21.02,70.028],[20.955,70.024],[20.966,70.035],[20.992,70.052],[21.02,70.064],[21.041,70.061]]],[[[19.619,70.017],[19.635,70.021],[19.653,70.021],[19.669,70.017],[19.685,70.007],[19.683,69.986],[19.648,69.97],[19.54,69.952],[19.533,69.946],[19.523,69.935],[19.521,69.93],[19.519,69.92],[19.517,69.914],[19.509,69.908],[19.492,69.902],[19.486,69.897],[19.473,69.887],[19.434,69.87],[19.423,69.861],[19.417,69.853],[19.413,69.845],[19.407,69.839],[19.375,69.823],[19.334,69.813],[19.122,69.788],[19.088,69.801],[19.056,69.831],[19.044,69.839],[18.843,69.903],[18.764,69.915],[18.733,69.931],[18.729,69.948],[18.769,69.955],[18.865,69.942],[18.884,69.945],[18.914,69.962],[18.934,69.969],[18.876,69.973],[18.845,69.982],[18.831,70.0],[18.845,70.015],[18.876,70.024],[18.934,70.03],[18.986,70.024],[18.998,70.026],[19.018,70.035],[19.03,70.037],[19.044,70.034],[19.051,70.027],[19.055,70.02],[19.057,70.017],[19.074,70.016],[19.119,70.03],[19.102,70.042],[19.082,70.05],[19.068,70.061],[19.064,70.079],[19.085,70.072],[19.102,70.07],[19.119,70.073],[19.208,70.099],[19.227,70.094],[19.226,70.084],[19.223,70.074],[19.235,70.065],[19.256,70.067],[19.277,70.078],[19.299,70.086],[19.325,70.079],[19.308,70.066],[19.294,70.048],[19.292,70.031],[19.34,70.018],[19.393,69.992],[19.42,69.989],[19.419,70.014],[19.439,70.033],[19.468,70.047],[19.536,70.057],[19.557,70.057],[19.575,70.048],[19.582,70.034],[19.578,70.024],[19.571,70.014],[19.571,70.003],[19.582,69.993],[19.595,69.998],[19.607,70.009],[19.619,70.017]]],[[[20.791,70.092],[20.795,70.077],[20.794,70.068],[20.787,70.063],[20.771,70.058],[20.747,70.056],[20.725,70.061],[20.705,70.068],[20.689,70.071],[20.675,70.068],[20.66,70.055],[20.647,70.052],[20.636,70.05],[20.614,70.045],[20.603,70.044],[20.588,70.046],[20.589,70.051],[20.595,70.058],[20.599,70.065],[20.603,70.086],[20.601,70.097],[20.592,70.106],[20.577,70.11],[20.565,70.105],[20.56,70.094],[20.565,70.079],[20.518,70.079],[20.521,70.062],[20.507,70.058],[20.469,70.065],[20.451,70.065],[20.432,70.068],[20.414,70.075],[20.4,70.086],[20.391,70.097],[20.39,70.103],[20.392,70.11],[20.394,70.124],[20.4,70.15],[20.416,70.171],[20.438,70.187],[20.463,70.195],[20.525,70.203],[20.545,70.209],[20.545,70.212],[20.546,70.218],[20.548,70.225],[20.551,70.23],[20.561,70.233],[20.588,70.236],[20.734,70.237],[20.777,70.23],[20.809,70.22],[20.824,70.21],[20.824,70.195],[20.808,70.171],[20.789,70.153],[20.781,70.142],[20.776,70.125],[20.773,70.12],[20.771,70.115],[20.774,70.109],[20.789,70.094],[20.791,70.092]]],[[[19.982,70.147],[20.112,70.12],[20.154,70.12],[20.154,70.113],[20.054,70.102],[20.024,70.092],[20.036,70.083],[20.031,70.075],[20.017,70.069],[19.978,70.06],[19.82,70.06],[19.776,70.067],[19.749,70.086],[19.748,70.094],[19.749,70.124],[19.748,70.136],[19.742,70.141],[19.735,70.144],[19.726,70.15],[19.701,70.181],[19.692,70.189],[19.674,70.199],[19.664,70.205],[19.633,70.219],[19.559,70.231],[19.537,70.25],[19.549,70.257],[19.563,70.256],[19.592,70.25],[19.592,70.257],[19.588,70.268],[19.616,70.279],[19.678,70.29],[19.69,70.285],[19.695,70.274],[19.698,70.26],[19.701,70.25],[19.715,70.239],[19.733,70.23],[19.753,70.224],[19.77,70.222],[19.791,70.211],[19.802,70.187],[19.816,70.17],[19.845,70.175],[19.853,70.184],[19.866,70.21],[19.873,70.216],[19.891,70.214],[19.941,70.195],[19.93,70.177],[19.938,70.164],[19.957,70.155],[19.982,70.147]]],[[[20.703,69.889],[20.698,69.884],[20.697,69.878],[20.704,69.861],[20.721,69.837],[20.707,69.817],[20.661,69.803],[20.606,69.794],[20.554,69.8],[20.532,69.812],[20.527,69.821],[20.523,69.839],[20.529,69.854],[20.549,69.873],[20.555,69.882],[20.558,69.89],[20.563,69.896],[20.577,69.901],[20.599,69.905],[20.713,69.91],[20.722,69.904],[20.723,69.897],[20.717,69.894],[20.713,69.893],[20.703,69.889]]],[[[19.813,70.003],[19.834,69.995],[19.857,69.973],[19.835,69.95],[19.792,69.925],[19.758,69.892],[19.721,69.865],[19.677,69.855],[19.484,69.838],[19.434,69.841],[19.443,69.859],[19.51,69.894],[19.533,69.919],[19.547,69.925],[19.595,69.934],[19.693,69.964],[19.726,69.979],[19.75,69.995],[19.774,70.005],[19.8,70.004],[19.813,70.003]]],[[[18.667,70.028],[18.66,70.034],[18.657,70.048],[18.675,70.064],[18.702,70.077],[18.712,70.084],[18.708,70.087],[18.71,70.094],[18.704,70.102],[18.702,70.111],[18.721,70.116],[18.754,70.112],[18.781,70.102],[18.796,70.084],[18.799,70.066],[18.806,70.059],[18.818,70.064],[18.828,70.073],[18.89,70.106],[18.907,70.105],[18.921,70.097],[18.969,70.084],[18.976,70.074],[18.96,70.064],[18.938,70.053],[18.91,70.046],[18.837,70.038],[18.765,70.019],[18.73,70.0],[18.719,69.991],[18.713,69.989],[18.708,69.987],[18.702,69.985],[18.688,69.988],[18.67,69.999],[18.67,70.012],[18.688,70.022],[18.69,70.026],[18.667,70.028]]],[[[20.894,70.08],[20.862,70.069],[20.826,70.073],[20.808,70.081],[20.799,70.093],[20.793,70.119],[20.808,70.141],[20.832,70.151],[20.857,70.145],[20.915,70.108],[20.915,70.096],[20.894,70.08]]],[[[19.539,70.094],[19.491,70.094],[19.417,70.104],[19.359,70.113],[19.343,70.118],[19.335,70.128],[19.341,70.14],[19.366,70.154],[19.408,70.162],[19.447,70.155],[19.552,70.121],[19.573,70.112],[19.569,70.101],[19.55,70.095],[19.539,70.094]]],[[[19.242,70.201],[19.249,70.194],[19.252,70.187],[19.25,70.174],[19.23,70.16],[19.225,70.154],[19.225,70.149],[19.227,70.144],[19.23,70.14],[19.227,70.135],[19.174,70.115],[19.141,70.111],[19.103,70.117],[19.031,70.141],[19.009,70.146],[18.996,70.152],[19.002,70.158],[19.046,70.169],[19.064,70.171],[19.076,70.167],[19.087,70.157],[19.099,70.158],[19.098,70.186],[19.114,70.193],[19.137,70.197],[19.138,70.202],[19.119,70.209],[19.112,70.216],[19.114,70.221],[19.11,70.224],[19.096,70.23],[19.089,70.234],[19.091,70.238],[19.105,70.241],[19.135,70.241],[19.145,70.239],[19.152,70.237],[19.155,70.239],[19.156,70.243],[19.16,70.248],[19.168,70.255],[19.177,70.256],[19.185,70.253],[19.192,70.254],[19.197,70.257],[19.206,70.254],[19.211,70.251],[19.23,70.234],[19.23,70.221],[19.228,70.212],[19.242,70.201]]],[[[17.547,69.092],[17.558,69.092],[17.572,69.09],[17.567,69.086],[17.551,69.081],[17.546,69.075],[17.547,69.067],[17.544,69.061],[17.539,69.056],[17.525,69.048],[17.501,69.04],[17.478,69.035],[17.458,69.027],[17.442,69.017],[17.419,68.996],[17.401,68.989],[17.377,68.989],[17.352,68.996],[17.344,69.003],[17.349,69.009],[17.351,69.016],[17.349,69.024],[17.353,69.035],[17.364,69.047],[17.387,69.064],[17.42,69.079],[17.451,69.085],[17.547,69.092]]]]}},{"type":"Feature","properties":{"name":"Norrbotten","country":"SE"},"geometry":{"type":"MultiPolygon","coordinates":[[[[19.931,68.35],[19.971,68.351],[20.01,68.364],[20.246,68.477],[19.962,68.541],[20.152,68.607],[20.237,68.659],[20.339,68.766],[20.352,68.786],[20.357,68.805],[20.349,68.893],[20.341,68.91],[20.102,69.022],[20.363,69.029],[20.623,69.036],[20.675,69.018],[20.795,69.011],[20.864,68.986],[20.911,68.981],[20.935,68.967],[20.934,68.949],[20.918,68.933],[20.888,68.927],[20.884,68.907],[20.906,68.895],[21.072,68.869],[21.153,68.842],[21.217,68.817],[21.276,68.776],[21.288,68.77],[21.294,68.768],[21.301,68.759],[21.305,68.756],[21.315,68.754],[21.386,68.754],[21.406,68.749],[21.415,68.739],[21.421,68.728],[21.451,68.697],[21.464,68.687],[21.496,68.675],[21.573,68.667],[21.662,68.633],[21.717,68.619],[21.737,68.588],[21.919,68.568],[21.964,68.547],[21.97,68.541],[21.998,68.526],[22.012,68.516],[22.024,68.51],[22.029,68.509],[22.036,68.507],[22.037,68.5],[22.037,68.493],[22.038,68.488],[22.072,68.477],[22.303,68.476],[22.371,68.468],[22.375,68.466],[22.374,68.456],[22.378,68.454],[22.457,68.452],[22.521,68.438],[22.565,68.436],[22.608,68.425],[22.626,68.425],[22.643,68.427],[22.662,68.427],[22.69,68.417],[22.719,68.399],[22.749,68.385],[22.808,68.395],[22.833,68.385],[22.875,68.351],[22.904,68.337],[23.052,68.298],[23.067,68.29],[23.074,68.282],[23.076,68.274],[23.082,68.265],[23.095,68.255],[23.14,68.234],[23.155,68.217],[23.149,68.194],[23.159,68.187],[23.16,68.179],[23.154,68.154],[23.15,68.145],[23.149,68.139],[23.152,68.13],[23.155,68.128],[23.159,68.128],[23.166,68.122],[23.187,68.122],[23.272,68.145],[23.306,68.146],[23.32,68.138],[23.331,68.128],[23.371,68.069],[23.375,68.06],[23.383,68.051],[23.457,68.024],[23.485,68.016],[23.574,67.973],[23.643,67.963],[23.662,67.95],[23.661,67.933],[23.636,67.913],[23.603,67.903],[23.532,67.893],[23.499,67.882],[23.481,67.865],[23.477,67.841],[23.48,67.817],[23.485,67.796],[23.485,67.737],[23.488,67.725],[23.5,67.709],[23.511,67.669],[23.519,67.653],[23.543,67.627],[23.55,67.611],[23.553,67.587],[23.535,67.577],[23.5,67.566],[23.473,67.555],[23.485,67.543],[23.466,67.522],[23.444,67.505],[23.431,67.486],[23.444,67.461],[23.477,67.444],[23.514,67.445],[23.554,67.452],[23.595,67.454],[23.663,67.436],[23.731,67.431],[23.753,67.427],[23.765,67.42],[23.763,67.397],[23.751,67.37],[23.751,67.346],[23.786,67.338],[23.763,67.306],[23.735,67.29],[23.622,67.269],[23.603,67.26],[23.595,67.244],[23.591,67.225],[23.597,67.218],[23.615,67.214],[23.607,67.201],[23.598,67.19],[23.587,67.181],[23.574,67.173],[23.581,67.153],[23.599,67.14],[23.62,67.129],[23.648,67.109],[23.658,67.104],[23.667,67.098],[23.67,67.087],[23.671,67.074],[23.673,67.066],[23.677,67.058],[23.684,67.049],[23.72,67.017],[23.744,67.001],[23.762,66.994],[23.792,66.989],[23.817,66.975],[23.874,66.925],[23.912,66.903],[23.933,66.889],[23.961,66.862],[24.001,66.812],[24.004,66.805],[23.999,66.796],[23.984,66.793],[23.961,66.793],[23.939,66.791],[23.925,66.773],[23.892,66.751],[23.892,66.744],[23.903,66.707],[23.903,66.686],[23.899,66.666],[23.892,66.648],[23.882,66.632],[23.889,66.614],[23.893,66.596],[23.892,66.579],[23.882,66.564],[23.861,66.555],[23.808,66.539],[23.806,66.528],[23.786,66.518],[23.755,66.512],[23.731,66.503],[23.731,66.487],[23.706,66.483],[23.677,66.474],[23.652,66.459],[23.642,66.436],[23.647,66.424],[23.666,66.406],[23.67,66.395],[23.672,66.382],[23.677,66.364],[23.676,66.35],[23.673,66.34],[23.664,66.326],[23.663,66.317],[23.666,66.305],[23.681,66.283],[23.689,66.257],[23.724,66.207],[23.75,66.19],[23.786,66.177],[23.889,66.161],[23.911,66.149],[23.966,66.082],[23.975,66.073],[23.985,66.066],[24.009,66.056],[24.02,66.049],[24.03,66.035],[24.055,65.985],[24.057,65.97],[24.055,65.948],[24.076,65.928],[24.102,65.909],[24.124,65.869],[24.163,65.841],[24.163,65.823],[24.14,65.805],[24.105,65.802],[24.033,65.81],[24.039,65.804],[24.041,65.8],[24.044,65.799],[24.053,65.796],[24.029,65.79],[23.98,65.795],[23.957,65.789],[23.951,65.783],[23.944,65.766],[23.936,65.761],[23.926,65.76],[23.918,65.763],[23.91,65.767],[23.895,65.77],[23.885,65.774],[23.878,65.779],[23.874,65.786],[23.872,65.795],[23.866,65.795],[23.855,65.789],[23.806,65.79],[23.782,65.793],[23.771,65.806],[23.762,65.822],[23.739,65.829],[23.69,65.83],[23.675,65.825],[23.649,65.803],[23.636,65.796],[23.623,65.796],[23.616,65.801],[23.612,65.806],[23.608,65.81],[23.528,65.81],[23.484,65.816],[23.491,65.83],[23.484,65.834],[23.47,65.833],[23.457,65.83],[23.458,65.828],[23.45,65.816],[23.443,65.813],[23.436,65.811],[23.429,65.809],[23.422,65.802],[23.433,65.798],[23.438,65.792],[23.438,65.785],[23.436,65.775],[23.433,65.767],[23.428,65.765],[23.419,65.767],[23.402,65.769],[23.385,65.775],[23.374,65.79],[23.37,65.808],[23.374,65.823],[23.353,65.821],[23.338,65.813],[23.326,65.803],[23.312,65.796],[23.29,65.796],[23.269,65.803],[23.23,65.823],[23.213,65.827],[23.196,65.827],[23.184,65.82],[23.182,65.802],[23.191,65.79],[23.206,65.781],[23.238,65.769],[23.222,65.764],[23.159,65.75],[23.148,65.746],[23.128,65.734],[23.13,65.715],[23.103,65.705],[23.079,65.707],[23.087,65.728],[23.058,65.755],[23.046,65.761],[22.99,65.764],[22.944,65.775],[22.936,65.779],[22.915,65.796],[22.901,65.799],[22.878,65.795],[22.86,65.796],[22.837,65.808],[22.806,65.849],[22.785,65.864],[22.673,65.906],[22.653,65.908],[22.634,65.905],[22.647,65.895],[22.672,65.882],[22.682,65.871],[22.685,65.862],[22.689,65.837],[22.693,65.824],[22.698,65.814],[22.7,65.804],[22.697,65.789],[22.689,65.776],[22.678,65.765],[22.664,65.757],[22.648,65.755],[22.653,65.778],[22.628,65.79],[22.57,65.796],[22.556,65.792],[22.523,65.776],[22.512,65.775],[22.506,65.784],[22.512,65.795],[22.523,65.805],[22.532,65.81],[22.518,65.823],[22.504,65.831],[22.47,65.843],[22.472,65.847],[22.477,65.857],[22.405,65.864],[22.37,65.862],[22.367,65.843],[22.326,65.837],[22.367,65.81],[22.364,65.798],[22.351,65.796],[22.319,65.802],[22.331,65.793],[22.346,65.771],[22.361,65.761],[22.326,65.736],[22.285,65.743],[22.245,65.76],[22.209,65.761],[22.23,65.745],[22.25,65.736],[22.273,65.731],[22.34,65.724],[22.362,65.716],[22.377,65.7],[22.388,65.672],[22.375,65.674],[22.363,65.673],[22.351,65.67],[22.34,65.665],[22.329,65.689],[22.308,65.701],[22.282,65.701],[22.258,65.693],[22.265,65.688],[22.268,65.681],[22.265,65.674],[22.258,65.665],[22.265,65.659],[22.272,65.651],[22.285,65.632],[22.262,65.626],[22.189,65.624],[22.263,65.612],[22.301,65.612],[22.319,65.632],[22.314,65.642],[22.29,65.656],[22.285,65.665],[22.293,65.674],[22.309,65.669],[22.324,65.66],[22.333,65.651],[22.326,65.645],[22.38,65.634],[22.384,65.628],[22.34,65.613],[22.333,65.604],[22.344,65.596],[22.366,65.589],[22.405,65.583],[22.411,65.579],[22.419,65.569],[22.429,65.549],[22.405,65.542],[22.387,65.55],[22.37,65.563],[22.35,65.569],[22.32,65.572],[22.299,65.577],[22.275,65.588],[22.263,65.59],[22.251,65.583],[22.257,65.569],[22.228,65.572],[22.127,65.604],[22.051,65.617],[22.021,65.635],[22.006,65.642],[21.964,65.647],[21.93,65.663],[21.868,65.672],[21.853,65.678],[21.843,65.684],[21.823,65.703],[21.81,65.711],[21.778,65.719],[21.764,65.728],[21.788,65.687],[21.848,65.661],[21.97,65.632],[22.053,65.598],[22.119,65.584],[22.133,65.578],[22.148,65.569],[22.17,65.553],[22.183,65.549],[22.203,65.549],[22.177,65.54],[22.121,65.54],[22.093,65.535],[22.084,65.532],[22.082,65.529],[22.081,65.525],[22.076,65.518],[22.066,65.514],[22.057,65.519],[22.048,65.525],[22.038,65.525],[22.011,65.517],[21.875,65.537],[21.854,65.535],[21.9,65.501],[21.928,65.489],[21.95,65.495],[21.93,65.506],[21.922,65.508],[21.947,65.509],[22.005,65.477],[22.032,65.467],[22.024,65.453],[22.019,65.441],[22.012,65.432],[21.998,65.426],[21.981,65.427],[21.966,65.434],[21.942,65.453],[21.932,65.441],[21.936,65.431],[21.943,65.421],[21.942,65.412],[21.928,65.404],[21.907,65.403],[21.889,65.408],[21.881,65.419],[21.851,65.407],[21.821,65.401],[21.79,65.4],[21.706,65.415],[21.688,65.412],[21.703,65.398],[21.656,65.397],[21.631,65.4],[21.61,65.419],[21.587,65.418],[21.544,65.412],[21.544,65.406],[21.585,65.397],[21.6,65.398],[21.6,65.392],[21.527,65.397],[21.489,65.393],[21.47,65.378],[21.476,65.376],[21.485,65.372],[21.49,65.371],[21.449,65.357],[21.47,65.355],[21.491,65.348],[21.512,65.339],[21.527,65.326],[21.543,65.319],[21.566,65.316],[21.584,65.321],[21.586,65.337],[21.605,65.334],[21.622,65.326],[21.654,65.309],[21.687,65.297],[21.702,65.286],[21.699,65.272],[21.668,65.253],[21.623,65.241],[21.577,65.238],[21.544,65.247],[21.534,65.257],[21.516,65.283],[21.503,65.296],[21.49,65.305],[21.474,65.314],[21.456,65.32],[21.436,65.323],[21.409,65.333],[21.378,65.355],[21.346,65.373],[21.312,65.371],[21.318,65.37],[21.327,65.365],[21.333,65.364],[21.32,65.351],[21.278,65.35],[21.264,65.337],[21.391,65.322],[21.422,65.309],[21.482,65.261],[21.538,65.231],[21.61,65.169],[21.619,65.148],[21.6,65.139],[21.544,65.137],[21.557,65.131],[21.563,65.123],[21.562,65.112],[21.544,65.083],[21.549,65.078],[21.565,65.076],[21.586,65.069],[21.582,65.068],[21.549,65.076],[21.266,65.165],[20.115,65.312],[19.704,65.25],[19.628,65.209],[19.506,65.173],[19.449,65.162],[19.423,65.159],[19.403,65.162],[19.388,65.168],[19.386,65.17],[19.385,65.171],[19.385,65.174],[19.385,65.177],[19.384,65.181],[19.379,65.183],[19.366,65.188],[19.36,65.19],[19.336,65.197],[19.332,65.2],[19.3,65.206],[19.271,65.206],[19.251,65.214],[19.243,65.244],[19.231,65.262],[19.203,65.277],[19.146,65.296],[19.041,65.309],[18.987,65.342],[18.82,65.375],[18.765,65.402],[18.759,65.406],[18.731,65.431],[18.72,65.438],[18.701,65.442],[18.562,65.444],[18.527,65.452],[18.464,65.482],[18.359,65.495],[18.303,65.509],[18.25,65.531],[18.204,65.561],[18.183,65.581],[18.164,65.583],[17.781,65.657],[17.472,65.755],[16.881,66.006],[16.498,66.076],[15.864,66.276],[15.5,66.35],[15.476,66.355],[15.43,66.464],[15.426,66.491],[15.669,66.599],[16.039,66.888],[16.126,66.934],[16.311,67.01],[16.37,67.024],[16.4,67.036],[16.416,67.053],[16.444,67.183],[16.438,67.2],[16.127,67.423],[16.181,67.496],[16.2,67.508],[16.367,67.522],[16.429,67.534],[16.483,67.558],[16.587,67.626],[16.609,67.647],[16.762,67.877],[16.783,67.897],[16.808,67.911],[17.22,68.04],[17.3,68.098],[17.322,68.105],[17.608,68.037],[17.895,67.97],[17.921,67.973],[17.951,67.991],[17.982,68.016],[18.167,68.159],[18.189,68.199],[18.136,68.396],[18.137,68.426],[18.156,68.519],[18.162,68.53],[18.172,68.536],[18.189,68.538],[18.436,68.574],[18.482,68.562],[18.645,68.501],[18.7,68.496],[19.038,68.506],[19.482,68.424],[19.931,68.35]]],[[[22.408,65.455],[22.418,65.45],[22.41,65.441],[22.388,65.434],[22.376,65.431],[22.295,65.428],[22.285,65.432],[22.286,65.443],[22.295,65.453],[22.306,65.455],[22.317,65.452],[22.321,65.447],[22.332,65.443],[22.352,65.449],[22.371,65.46],[22.391,65.46],[22.408,65.455]]],[[[22.154,65.43],[22.148,65.435],[22.143,65.446],[22.144,65.454],[22.147,65.458],[22.147,65.469],[22.157,65.474],[22.174,65.474],[22.21,65.466],[22.215,65.46],[22.207,65.456],[22.207,65.45],[22.217,65.442],[22.227,65.437],[22.232,65.431],[22.233,65.424],[22.232,65.418],[22.22,65.42],[22.211,65.423],[22.201,65.425],[22.154,65.43]]],[[[22.595,65.528],[22.61,65.524],[22.617,65.517],[22.614,65.512],[22.605,65.51],[22.588,65.512],[22.568,65.517],[22.553,65.53],[22.559,65.538],[22.577,65.533],[22.587,65.529],[22.595,65.528]]],[[[22.219,65.507],[22.193,65.526],[22.187,65.538],[22.198,65.542],[22.211,65.545],[22.226,65.544],[22.303,65.523],[22.311,65.523],[22.319,65.524],[22.327,65.521],[22.336,65.513],[22.359,65.504],[22.358,65.495],[22.344,65.49],[22.333,65.492],[22.321,65.5],[22.308,65.507],[22.293,65.511],[22.279,65.513],[22.27,65.51],[22.274,65.501],[22.271,65.5],[22.27,65.497],[22.273,65.491],[22.284,65.483],[22.285,65.479],[22.28,65.478],[22.266,65.482],[22.219,65.507]]],[[[22.578,65.583],[22.626,65.593],[22.641,65.589],[22.637,65.58],[22.621,65.576],[22.614,65.571],[22.612,65.564],[22.606,65.558],[22.597,65.554],[22.587,65.555],[22.575,65.558],[22.572,65.558],[22.576,65.554],[22.57,65.555],[22.539,65.564],[22.534,65.568],[22.529,65.576],[22.536,65.581],[22.546,65.582],[22.561,65.581],[22.578,65.583]]],[[[22.57,65.595],[22.559,65.601],[22.555,65.605],[22.568,65.612],[22.595,65.613],[22.605,65.6],[22.589,65.594],[22.57,65.595]]],[[[22.963,65.716],[22.977,65.71],[22.985,65.7],[22.982,65.694],[22.971,65.695],[22.964,65.696],[22.961,65.69],[22.963,65.682],[22.972,65.667],[22.957,65.671],[22.927,65.684],[22.899,65.701],[22.882,65.72],[22.886,65.737],[22.905,65.743],[22.93,65.742],[22.956,65.733],[22.96,65.725],[22.945,65.725],[22.946,65.722],[22.963,65.716]]],[[[23.797,65.754],[23.801,65.75],[23.803,65.744],[23.799,65.735],[23.793,65.728],[23.786,65.725],[23.783,65.721],[23.785,65.718],[23.774,65.711],[23.738,65.697],[23.7,65.707],[23.681,65.722],[23.682,65.743],[23.69,65.748],[23.697,65.74],[23.705,65.736],[23.711,65.74],[23.714,65.752],[23.719,65.751],[23.73,65.745],[23.742,65.742],[23.754,65.741],[23.765,65.744],[23.775,65.75],[23.782,65.748],[23.787,65.744],[23.79,65.747],[23.793,65.754],[23.797,65.754]]],[[[22.741,65.714],[22.732,65.719],[22.726,65.724],[22.726,65.73],[22.73,65.739],[22.732,65.751],[22.735,65.766],[22.747,65.77],[22.791,65.75],[22.802,65.735],[22.811,65.714],[22.805,65.705],[22.761,65.709],[22.741,65.714]]]]}},{"type":"Feature","properties":{"name":"Nordland","country":"NO"},"geometry":{"type":"MultiPolygon","coordinates":[[[[18.189,68.538],[18.172,68.536],[18.162,68.53],[18.156,68.519],[18.137,68.426],[18.136,68.396],[18.189,68.199],[18.167,68.159],[17.982,68.016],[17.951,67.991],[17.921,67.973],[17.895,67.97],[17.608,68.037],[17.322,68.105],[17.3,68.098],[17.22,68.04],[16.808,67.911],[16.783,67.897],[16.762,67.877],[16.609,67.647],[16.587,67.626],[16.483,67.558],[16.429,67.534],[16.367,67.522],[16.2,67.508],[16.181,67.496],[16.127,67.423],[16.438,67.2],[16.444,67.183],[16.416,67.053],[16.4,67.036],[16.37,67.024],[16.311,67.01],[16.126,66.934],[16.039,66.888],[15.669,66.599],[15.426,66.491],[15.43,66.464],[15.476,66.355],[15.482,66.341],[15.49,66.308],[15.492,66.288],[15.482,66.275],[15.053,66.153],[14.797,66.139],[14.54,66.125],[14.644,65.843],[14.649,65.802],[14.637,65.781],[14.57,65.717],[14.561,65.701],[14.51,65.465],[14.511,65.417],[14.518,65.365],[14.514,65.318],[14.482,65.289],[14.4,65.255],[14.38,65.24],[14.366,65.216],[14.338,65.123],[14.333,65.115],[14.332,65.114],[14.227,65.132],[13.678,65.106],[13.644,65.106],[13.556,65.114],[13.324,65.105],[13.158,65.12],[13.143,65.119],[13.131,65.116],[13.121,65.112],[13.105,65.097],[13.094,65.085],[13.081,65.078],[13.024,65.053],[12.988,65.04],[12.951,65.035],[12.939,65.03],[12.932,65.02],[12.935,65.012],[12.942,65.0],[12.942,64.999],[12.94,64.996],[12.934,64.991],[12.919,64.985],[12.896,64.98],[12.804,64.972],[12.788,64.965],[12.78,64.958],[12.768,64.953],[12.759,64.95],[12.707,64.953],[12.625,64.95],[12.591,64.962],[12.575,64.972],[12.559,64.978],[12.42,64.988],[12.351,64.982],[12.31,64.972],[12.293,64.972],[12.274,64.977],[12.255,64.989],[12.241,64.995],[12.223,64.998],[12.202,64.999],[12.207,65.006],[12.211,65.015],[12.202,65.019],[12.193,65.026],[12.187,65.034],[12.184,65.046],[12.193,65.05],[12.281,65.06],[12.339,65.082],[12.369,65.09],[12.438,65.085],[12.472,65.089],[12.486,65.114],[12.508,65.121],[12.607,65.126],[12.636,65.131],[12.62,65.137],[12.612,65.138],[12.602,65.137],[12.617,65.15],[12.637,65.153],[12.658,65.154],[12.677,65.159],[12.716,65.185],[12.775,65.212],[12.79,65.214],[12.796,65.219],[12.801,65.231],[12.807,65.242],[12.818,65.247],[12.838,65.254],[12.931,65.312],[12.94,65.328],[12.932,65.333],[12.896,65.312],[12.857,65.296],[12.846,65.29],[12.825,65.275],[12.668,65.196],[12.569,65.167],[12.554,65.165],[12.541,65.162],[12.515,65.148],[12.503,65.145],[12.429,65.139],[12.39,65.142],[12.369,65.152],[12.382,65.177],[12.471,65.183],[12.499,65.2],[12.488,65.2],[12.461,65.203],[12.451,65.206],[12.438,65.214],[12.438,65.216],[12.439,65.225],[12.438,65.227],[12.417,65.23],[12.378,65.221],[12.355,65.22],[12.355,65.227],[12.39,65.243],[12.408,65.247],[12.431,65.247],[12.48,65.24],[12.508,65.241],[12.52,65.251],[12.677,65.249],[12.712,65.254],[12.681,65.263],[12.588,65.261],[12.516,65.268],[12.503,65.265],[12.475,65.255],[12.458,65.254],[12.463,65.264],[12.465,65.268],[12.436,65.273],[12.345,65.268],[12.321,65.26],[12.3,65.245],[12.276,65.232],[12.245,65.234],[12.257,65.245],[12.3,65.268],[12.312,65.276],[12.331,65.295],[12.342,65.303],[12.378,65.309],[12.416,65.309],[12.451,65.314],[12.479,65.337],[12.46,65.337],[12.41,65.323],[12.419,65.335],[12.433,65.344],[12.492,65.369],[12.499,65.371],[12.506,65.369],[12.51,65.364],[12.513,65.359],[12.516,65.357],[12.601,65.355],[12.626,65.347],[12.64,65.335],[12.656,65.326],[12.675,65.323],[12.692,65.33],[12.663,65.355],[12.624,65.358],[12.583,65.359],[12.547,65.364],[12.538,65.373],[12.534,65.392],[12.527,65.406],[12.515,65.417],[12.489,65.432],[12.479,65.447],[12.528,65.449],[12.549,65.447],[12.567,65.44],[12.57,65.435],[12.569,65.429],[12.569,65.424],[12.574,65.419],[12.583,65.418],[12.592,65.43],[12.602,65.432],[12.629,65.421],[12.681,65.38],[12.712,65.371],[12.641,65.416],[12.629,65.432],[12.65,65.45],[12.78,65.46],[12.741,65.468],[12.608,65.46],[12.608,65.467],[12.621,65.47],[12.644,65.478],[12.657,65.481],[12.634,65.488],[12.597,65.489],[12.578,65.498],[12.565,65.514],[12.573,65.519],[12.594,65.522],[12.616,65.528],[12.594,65.534],[12.579,65.549],[12.573,65.57],[12.574,65.59],[12.552,65.568],[12.537,65.535],[12.514,65.512],[12.465,65.522],[12.486,65.538],[12.508,65.549],[12.526,65.562],[12.534,65.583],[12.51,65.574],[12.467,65.537],[12.438,65.528],[12.404,65.535],[12.396,65.552],[12.404,65.574],[12.417,65.597],[12.397,65.596],[12.382,65.592],[12.368,65.593],[12.355,65.604],[12.357,65.608],[12.359,65.618],[12.358,65.629],[12.349,65.638],[12.364,65.653],[12.398,65.671],[12.414,65.683],[12.43,65.7],[12.438,65.706],[12.448,65.71],[12.467,65.717],[12.476,65.724],[12.495,65.733],[12.525,65.734],[12.555,65.729],[12.574,65.72],[12.581,65.713],[12.585,65.707],[12.587,65.699],[12.588,65.69],[12.594,65.686],[12.636,65.686],[12.627,65.681],[12.616,65.673],[12.608,65.663],[12.608,65.651],[12.615,65.653],[12.657,65.638],[12.693,65.644],[12.712,65.644],[12.741,65.63],[12.758,65.63],[12.775,65.634],[12.787,65.638],[12.777,65.649],[12.758,65.655],[12.737,65.658],[12.697,65.659],[12.684,65.661],[12.674,65.668],[12.664,65.679],[12.659,65.69],[12.656,65.701],[12.65,65.71],[12.623,65.716],[12.586,65.728],[12.574,65.734],[12.558,65.754],[12.567,65.766],[12.616,65.789],[12.634,65.803],[12.645,65.808],[12.66,65.81],[12.673,65.806],[12.685,65.798],[12.699,65.791],[12.717,65.789],[12.705,65.802],[12.711,65.827],[12.694,65.835],[12.666,65.834],[12.626,65.827],[12.616,65.828],[12.612,65.835],[12.616,65.851],[12.62,65.855],[12.631,65.86],[12.636,65.864],[12.639,65.871],[12.64,65.886],[12.642,65.892],[12.66,65.912],[12.682,65.927],[12.789,65.965],[12.817,65.969],[12.848,65.967],[12.918,65.953],[12.93,65.946],[12.952,65.931],[12.966,65.926],[12.985,65.925],[13.023,65.93],[13.04,65.926],[13.049,65.92],[13.059,65.905],[13.068,65.898],[13.077,65.895],[13.094,65.894],[13.103,65.892],[13.108,65.891],[13.115,65.892],[13.12,65.892],[13.123,65.888],[13.123,65.879],[13.123,65.878],[13.157,65.851],[13.176,65.856],[13.167,65.872],[13.151,65.892],[13.15,65.912],[13.134,65.924],[13.126,65.933],[13.123,65.943],[13.113,65.947],[13.049,65.947],[12.978,65.96],[12.942,65.974],[12.924,65.994],[12.946,66.0],[12.963,66.01],[12.968,66.023],[12.951,66.036],[12.971,66.053],[13.024,66.067],[13.04,66.083],[13.002,66.083],[12.927,66.061],[12.712,66.042],[12.716,66.047],[12.717,66.05],[12.72,66.053],[12.726,66.056],[12.713,66.061],[12.699,66.063],[12.67,66.063],[12.687,66.075],[12.752,66.105],[12.773,66.111],[12.806,66.116],[12.869,66.134],[13.047,66.152],[13.075,66.146],[13.089,66.146],[13.096,66.155],[13.104,66.162],[13.157,66.169],[13.174,66.175],[13.225,66.186],[13.306,66.218],[13.527,66.24],[13.562,66.234],[13.576,66.219],[13.557,66.205],[13.523,66.196],[13.493,66.193],[13.493,66.186],[13.582,66.186],[13.572,66.172],[13.545,66.152],[13.534,66.139],[13.53,66.12],[13.536,66.111],[13.548,66.108],[13.562,66.111],[13.574,66.119],[13.601,66.143],[13.617,66.152],[13.64,66.157],[13.712,66.159],[13.747,66.166],[13.76,66.166],[13.771,66.163],[13.79,66.155],[13.822,66.147],[13.83,66.149],[13.835,66.159],[13.832,66.168],[13.822,66.172],[13.777,66.176],[13.705,66.173],[13.61,66.186],[13.641,66.221],[13.697,66.239],[13.758,66.242],[13.808,66.234],[13.799,66.224],[13.773,66.21],[13.76,66.199],[13.788,66.201],[13.837,66.222],[13.973,66.238],[13.986,66.241],[13.996,66.25],[14.002,66.261],[14.01,66.271],[14.036,66.278],[14.052,66.287],[14.087,66.293],[14.113,66.302],[14.135,66.316],[14.144,66.334],[14.13,66.343],[14.1,66.337],[14.048,66.317],[13.964,66.305],[13.938,66.296],[13.915,66.272],[13.908,66.268],[13.803,66.278],[13.78,66.283],[13.764,66.293],[13.754,66.296],[13.739,66.29],[13.74,66.278],[13.724,66.264],[13.699,66.253],[13.62,66.241],[13.592,66.244],[13.575,66.262],[13.623,66.275],[13.613,66.281],[13.601,66.286],[13.588,66.289],[13.575,66.29],[13.563,66.286],[13.503,66.259],[13.467,66.255],[13.414,66.243],[13.327,66.246],[13.287,66.241],[13.205,66.205],[13.069,66.174],[13.04,66.18],[13.032,66.198],[13.055,66.211],[13.089,66.221],[13.113,66.231],[13.134,66.247],[13.163,66.259],[13.321,66.3],[13.494,66.3],[13.534,66.309],[13.506,66.319],[13.403,66.317],[13.411,66.327],[13.423,66.332],[13.452,66.337],[13.433,66.343],[13.415,66.343],[13.38,66.337],[13.365,66.338],[13.358,66.342],[13.352,66.348],[13.342,66.357],[13.323,66.369],[13.311,66.374],[13.307,66.369],[13.315,66.35],[13.331,66.337],[13.338,66.328],[13.332,66.324],[13.317,66.322],[13.227,66.297],[13.212,66.296],[13.155,66.304],[13.137,66.303],[13.147,66.309],[13.158,66.318],[13.162,66.327],[13.15,66.33],[13.134,66.329],[13.096,66.317],[13.064,66.314],[13.037,66.32],[13.016,66.334],[13.0,66.357],[13.141,66.386],[13.171,66.412],[13.166,66.416],[13.161,66.422],[13.158,66.429],[13.157,66.437],[13.15,66.444],[13.103,66.454],[13.116,66.459],[13.132,66.461],[13.164,66.46],[13.164,66.467],[13.149,66.47],[13.117,66.471],[13.103,66.474],[13.093,66.482],[13.088,66.49],[13.082,66.498],[13.068,66.501],[13.04,66.502],[13.017,66.505],[12.995,66.512],[12.972,66.522],[13.103,66.543],[13.114,66.54],[13.133,66.531],[13.186,66.522],[13.209,66.514],[13.219,66.505],[13.222,66.491],[13.229,66.478],[13.232,66.468],[13.225,66.46],[13.225,66.454],[13.362,66.456],[13.397,66.467],[13.288,66.46],[13.267,66.467],[13.271,66.484],[13.284,66.499],[13.288,66.51],[13.259,66.515],[13.259,66.522],[13.285,66.524],[13.33,66.539],[13.356,66.543],[13.441,66.54],[13.466,66.546],[13.489,66.55],[13.518,66.545],[13.569,66.528],[13.619,66.519],[13.671,66.515],[13.649,66.531],[13.623,66.539],[13.48,66.555],[13.459,66.564],[13.507,66.584],[13.601,66.607],[13.726,66.605],[13.688,66.616],[13.503,66.606],[13.472,66.597],[13.423,66.563],[13.396,66.557],[13.335,66.556],[13.27,66.548],[13.239,66.548],[13.205,66.556],[13.21,66.574],[13.218,66.583],[13.246,66.598],[13.239,66.601],[13.233,66.605],[13.25,66.614],[13.288,66.616],[13.332,66.626],[13.382,66.619],[13.403,66.625],[13.373,66.633],[13.251,66.633],[13.171,66.652],[13.191,66.667],[13.214,66.662],[13.237,66.654],[13.26,66.655],[13.284,66.661],[13.307,66.657],[13.329,66.65],[13.349,66.646],[13.375,66.648],[13.425,66.659],[13.452,66.659],[13.521,66.641],[13.547,66.638],[13.523,66.661],[13.48,66.675],[13.267,66.702],[13.225,66.714],[13.256,66.724],[13.493,66.714],[13.5,66.711],[13.517,66.697],[13.528,66.694],[13.693,66.691],[13.719,66.7],[13.698,66.707],[13.698,66.714],[13.799,66.712],[13.851,66.717],[13.89,66.735],[13.712,66.735],[13.677,66.731],[13.611,66.714],[13.575,66.714],[13.547,66.724],[13.543,66.739],[13.559,66.754],[13.589,66.762],[13.718,66.751],[13.753,66.762],[13.721,66.769],[13.564,66.777],[13.551,66.772],[13.543,66.772],[13.507,66.782],[13.542,66.803],[13.612,66.81],[13.687,66.807],[13.768,66.793],[13.993,66.79],[13.948,66.8],[13.801,66.81],[13.785,66.814],[13.758,66.832],[13.739,66.838],[13.703,66.832],[13.688,66.835],[13.678,66.851],[13.684,66.852],[13.693,66.856],[13.698,66.858],[13.685,66.861],[13.657,66.864],[13.644,66.868],[13.638,66.875],[13.636,66.892],[13.631,66.9],[13.606,66.907],[13.547,66.9],[13.521,66.906],[13.544,66.922],[13.565,66.932],[13.59,66.938],[13.745,66.937],[13.78,66.946],[13.773,66.951],[13.768,66.956],[13.76,66.968],[13.839,66.964],[13.863,66.968],[13.869,66.972],[13.882,66.984],[13.89,66.988],[13.902,66.992],[13.913,66.994],[13.938,66.995],[13.973,66.995],[13.958,66.974],[13.936,66.966],[13.912,66.962],[13.89,66.954],[13.918,66.929],[13.935,66.922],[13.959,66.927],[13.952,66.928],[13.932,66.933],[13.98,66.954],[13.982,66.957],[13.983,66.962],[13.986,66.966],[13.993,66.968],[14.021,66.966],[14.028,66.968],[14.044,66.981],[14.043,66.995],[14.031,67.009],[14.014,67.022],[14.023,67.03],[14.033,67.049],[14.04,67.056],[14.06,67.061],[14.072,67.053],[14.079,67.042],[14.086,67.037],[14.085,67.03],[14.099,67.003],[14.109,66.991],[14.152,66.972],[14.165,66.979],[14.177,66.98],[14.191,66.977],[14.201,66.978],[14.211,66.98],[14.223,66.981],[14.227,66.984],[14.226,66.993],[14.23,66.995],[14.252,67.004],[14.269,67.024],[14.271,67.043],[14.246,67.05],[14.272,67.06],[14.418,67.063],[14.437,67.06],[14.474,67.046],[14.493,67.043],[14.53,67.049],[14.544,67.045],[14.555,67.029],[14.553,67.019],[14.568,67.018],[14.588,67.027],[14.596,67.043],[14.581,67.058],[14.552,67.064],[14.497,67.063],[14.377,67.078],[14.29,67.076],[14.267,67.084],[14.287,67.09],[14.304,67.101],[14.319,67.114],[14.336,67.125],[14.322,67.136],[14.328,67.147],[14.345,67.155],[14.363,67.16],[14.452,67.166],[14.442,67.159],[14.428,67.145],[14.416,67.129],[14.411,67.119],[14.423,67.109],[14.441,67.115],[14.459,67.128],[14.473,67.139],[14.467,67.142],[14.465,67.146],[14.463,67.149],[14.459,67.153],[14.677,67.16],[14.709,67.151],[14.734,67.125],[14.743,67.118],[14.75,67.124],[14.751,67.135],[14.747,67.145],[14.737,67.156],[14.723,67.161],[14.651,67.177],[14.514,67.18],[14.537,67.19],[14.57,67.2],[14.604,67.204],[14.627,67.197],[14.652,67.185],[14.679,67.188],[14.706,67.196],[14.742,67.203],[14.767,67.212],[14.781,67.214],[14.883,67.206],[14.979,67.214],[14.979,67.207],[14.938,67.204],[14.925,67.201],[14.933,67.18],[14.92,67.172],[14.901,67.166],[14.891,67.153],[14.899,67.142],[14.941,67.124],[14.973,67.104],[14.994,67.099],[15.008,67.102],[15.004,67.115],[14.986,67.128],[14.949,67.142],[14.932,67.153],[14.944,67.158],[15.005,67.197],[15.02,67.204],[15.074,67.213],[15.095,67.213],[15.13,67.196],[15.151,67.193],[15.219,67.192],[15.239,67.188],[15.282,67.173],[15.301,67.169],[15.357,67.166],[15.383,67.157],[15.395,67.142],[15.392,67.122],[15.377,67.098],[15.404,67.084],[15.436,67.076],[15.469,67.071],[15.502,67.07],[15.491,67.081],[15.455,67.09],[15.439,67.098],[15.442,67.108],[15.439,67.119],[15.47,67.143],[15.48,67.153],[15.473,67.153],[15.455,67.172],[15.401,67.188],[15.377,67.201],[15.411,67.213],[15.455,67.214],[15.716,67.173],[15.74,67.173],[15.733,67.188],[15.72,67.193],[15.706,67.198],[15.693,67.207],[15.706,67.214],[15.606,67.203],[15.55,67.219],[15.408,67.236],[15.384,67.235],[15.357,67.228],[15.312,67.209],[15.287,67.206],[15.261,67.214],[15.283,67.221],[15.308,67.222],[15.329,67.226],[15.342,67.242],[15.283,67.247],[15.268,67.245],[15.255,67.24],[15.241,67.237],[15.213,67.235],[15.062,67.248],[15.078,67.26],[15.098,67.264],[15.119,67.264],[15.138,67.269],[15.148,67.278],[15.165,67.311],[15.138,67.311],[15.055,67.296],[15.028,67.294],[15.014,67.292],[15.007,67.286],[15.005,67.279],[14.998,67.273],[14.989,67.27],[14.98,67.269],[14.909,67.275],[14.775,67.269],[14.789,67.264],[14.821,67.261],[14.835,67.255],[14.811,67.245],[14.674,67.217],[14.617,67.214],[14.673,67.234],[14.695,67.248],[14.692,67.269],[14.7,67.276],[14.682,67.278],[14.662,67.275],[14.624,67.262],[14.576,67.252],[14.411,67.248],[14.391,67.244],[14.37,67.238],[14.349,67.235],[14.328,67.242],[14.392,67.26],[14.411,67.269],[14.407,67.278],[14.418,67.284],[14.452,67.296],[14.492,67.323],[14.602,67.377],[14.612,67.388],[14.605,67.394],[14.576,67.392],[14.576,67.399],[14.587,67.399],[14.597,67.4],[14.617,67.406],[14.623,67.421],[14.652,67.426],[14.742,67.42],[14.772,67.423],[14.8,67.422],[14.822,67.406],[14.814,67.403],[14.808,67.398],[14.795,67.386],[14.825,67.378],[14.854,67.389],[14.883,67.405],[14.912,67.413],[14.945,67.416],[14.983,67.424],[15.049,67.447],[14.939,67.441],[14.822,67.447],[14.828,67.45],[14.843,67.461],[14.822,67.466],[14.784,67.463],[14.768,67.468],[14.781,67.475],[14.769,67.481],[14.755,67.485],[14.741,67.488],[14.727,67.489],[14.74,67.501],[14.766,67.514],[14.794,67.525],[14.99,67.571],[15.059,67.577],[15.084,67.574],[15.115,67.564],[15.144,67.551],[15.159,67.536],[15.146,67.532],[15.133,67.531],[15.107,67.53],[15.097,67.532],[15.08,67.541],[15.052,67.549],[15.03,67.56],[15.008,67.564],[14.987,67.549],[15.006,67.541],[15.036,67.519],[15.055,67.516],[15.01,67.487],[14.885,67.486],[14.829,67.475],[14.854,67.47],[14.987,67.466],[15.017,67.469],[15.038,67.478],[15.056,67.489],[15.079,67.496],[15.104,67.501],[15.124,67.502],[15.142,67.507],[15.159,67.516],[15.176,67.521],[15.193,67.516],[15.188,67.509],[15.191,67.502],[15.2,67.496],[15.213,67.495],[15.213,67.489],[15.198,67.484],[15.183,67.482],[15.151,67.481],[15.151,67.475],[15.157,67.474],[15.172,67.468],[15.164,67.455],[15.154,67.447],[15.143,67.437],[15.138,67.42],[15.156,67.424],[15.189,67.443],[15.21,67.447],[15.217,67.45],[15.223,67.456],[15.226,67.464],[15.227,67.471],[15.231,67.476],[15.241,67.479],[15.371,67.488],[15.429,67.483],[15.473,67.461],[15.479,67.453],[15.492,67.431],[15.542,67.379],[15.544,67.374],[15.546,67.359],[15.549,67.352],[15.552,67.35],[15.576,67.331],[15.609,67.315],[15.645,67.303],[15.645,67.296],[15.605,67.291],[15.604,67.28],[15.626,67.273],[15.659,67.276],[15.7,67.303],[15.692,67.313],[15.638,67.324],[15.621,67.334],[15.619,67.34],[15.62,67.346],[15.617,67.358],[15.599,67.377],[15.596,67.382],[15.585,67.396],[15.56,67.41],[15.514,67.427],[15.53,67.439],[15.566,67.451],[15.583,67.461],[15.554,67.461],[15.541,67.463],[15.529,67.468],[15.558,67.493],[15.598,67.51],[15.786,67.551],[15.898,67.557],[15.868,67.573],[15.668,67.552],[15.556,67.516],[15.499,67.51],[15.267,67.524],[15.239,67.529],[15.227,67.54],[15.228,67.559],[15.233,67.567],[15.261,67.577],[15.256,67.579],[15.241,67.584],[15.276,67.594],[15.308,67.594],[15.377,67.584],[15.411,67.583],[15.426,67.579],[15.436,67.56],[15.447,67.562],[15.458,67.569],[15.466,67.577],[15.419,67.605],[15.424,67.606],[15.439,67.612],[15.424,67.624],[15.407,67.631],[15.388,67.632],[15.37,67.625],[15.38,67.615],[15.384,67.612],[15.359,67.605],[15.331,67.611],[15.302,67.621],[15.275,67.625],[15.223,67.612],[15.194,67.609],[15.179,67.618],[15.197,67.645],[15.337,67.687],[15.305,67.687],[15.289,67.688],[15.275,67.694],[15.291,67.715],[15.301,67.72],[15.316,67.722],[15.33,67.72],[15.369,67.71],[15.412,67.689],[15.542,67.674],[15.522,67.69],[15.514,67.694],[15.659,67.68],[15.587,67.704],[15.548,67.711],[15.487,67.699],[15.457,67.708],[15.405,67.735],[15.405,67.742],[15.597,67.749],[15.659,67.735],[15.8,67.679],[15.822,67.678],[15.837,67.694],[15.821,67.694],[15.807,67.696],[15.794,67.7],[15.782,67.708],[15.785,67.714],[15.786,67.722],[15.789,67.728],[15.669,67.762],[15.63,67.762],[15.641,67.775],[15.658,67.782],[15.676,67.788],[15.693,67.796],[15.675,67.797],[15.66,67.794],[15.611,67.776],[15.595,67.774],[15.411,67.796],[15.422,67.813],[15.446,67.832],[15.446,67.845],[15.433,67.861],[15.421,67.857],[15.411,67.842],[15.405,67.824],[15.384,67.855],[15.37,67.865],[15.357,67.851],[15.36,67.844],[15.379,67.815],[15.384,67.804],[15.309,67.776],[15.262,67.752],[15.224,67.743],[15.194,67.72],[15.182,67.715],[15.162,67.713],[15.041,67.678],[14.952,67.664],[14.935,67.656],[14.918,67.651],[14.836,67.642],[14.808,67.648],[14.753,67.648],[14.727,67.659],[14.877,67.7],[14.877,67.708],[14.781,67.715],[14.793,67.729],[14.814,67.729],[14.837,67.724],[14.857,67.725],[14.876,67.731],[15.117,67.742],[15.088,67.749],[15.05,67.745],[15.015,67.747],[14.994,67.769],[15.015,67.775],[15.035,67.783],[14.877,67.773],[14.829,67.762],[14.84,67.766],[14.843,67.769],[14.84,67.773],[14.829,67.776],[14.831,67.792],[14.819,67.797],[14.802,67.794],[14.788,67.783],[14.779,67.785],[14.77,67.79],[14.761,67.796],[14.754,67.804],[14.773,67.816],[14.789,67.823],[14.807,67.825],[14.873,67.823],[14.959,67.837],[15.063,67.839],[15.103,67.851],[15.076,67.862],[14.85,67.845],[14.85,67.851],[14.859,67.851],[14.867,67.852],[14.884,67.859],[14.899,67.873],[14.945,67.887],[14.999,67.895],[15.036,67.894],[15.085,67.887],[15.192,67.886],[15.233,67.872],[15.216,67.868],[15.201,67.86],[15.193,67.847],[15.199,67.831],[15.302,67.89],[15.337,67.9],[15.338,67.892],[15.36,67.892],[15.483,67.918],[15.536,67.92],[15.543,67.917],[15.518,67.889],[15.51,67.883],[15.505,67.88],[15.503,67.875],[15.508,67.865],[15.515,67.856],[15.523,67.852],[15.533,67.852],[15.542,67.859],[15.524,67.867],[15.524,67.878],[15.535,67.89],[15.549,67.9],[15.566,67.906],[15.584,67.91],[15.598,67.917],[15.604,67.931],[15.752,67.952],[15.789,67.951],[15.821,67.938],[15.832,67.927],[15.837,67.91],[15.841,67.901],[15.851,67.898],[15.86,67.9],[15.864,67.903],[15.871,67.927],[15.886,67.939],[15.932,67.958],[15.945,67.966],[15.953,67.974],[15.966,67.995],[15.953,67.995],[15.969,68.009],[16.001,68.012],[16.063,68.009],[16.063,68.016],[15.901,68.024],[15.85,68.037],[15.85,68.043],[15.888,68.058],[15.898,68.067],[15.877,68.071],[15.865,68.068],[15.825,68.053],[15.816,68.047],[15.789,68.034],[15.602,68.038],[15.593,68.043],[15.587,68.052],[15.576,68.063],[15.559,68.074],[15.545,68.075],[15.534,68.07],[15.521,68.063],[15.384,68.023],[15.393,68.011],[15.407,68.01],[15.424,68.011],[15.439,68.009],[15.398,67.995],[15.357,67.996],[15.317,68.01],[15.282,68.037],[15.294,68.047],[15.31,68.051],[15.326,68.053],[15.342,68.057],[15.354,68.08],[15.404,68.105],[15.463,68.124],[15.508,68.132],[15.502,68.118],[15.504,68.105],[15.513,68.096],[15.529,68.091],[15.534,68.094],[15.535,68.109],[15.538,68.112],[15.583,68.112],[15.593,68.115],[15.63,68.135],[15.638,68.143],[15.636,68.165],[15.644,68.169],[15.666,68.167],[15.663,68.163],[15.661,68.16],[15.66,68.156],[15.659,68.153],[15.677,68.149],[15.716,68.146],[15.734,68.14],[15.718,68.132],[15.7,68.126],[15.714,68.121],[15.728,68.113],[15.738,68.103],[15.734,68.091],[15.71,68.085],[15.644,68.097],[15.617,68.091],[15.627,68.085],[15.629,68.076],[15.625,68.067],[15.617,68.057],[15.628,68.053],[15.64,68.051],[15.653,68.05],[15.666,68.05],[15.657,68.067],[15.669,68.072],[15.735,68.072],[15.761,68.078],[15.764,68.081],[15.764,68.085],[15.766,68.09],[15.778,68.091],[15.824,68.092],[15.845,68.096],[15.864,68.105],[15.892,68.125],[15.907,68.132],[15.925,68.132],[15.889,68.154],[15.872,68.17],[15.871,68.187],[15.889,68.192],[15.916,68.187],[15.942,68.186],[15.953,68.205],[15.951,68.213],[15.947,68.222],[15.945,68.231],[15.95,68.239],[15.964,68.247],[15.98,68.25],[16.015,68.25],[16.038,68.243],[16.045,68.228],[16.05,68.212],[16.063,68.201],[16.056,68.192],[16.048,68.186],[16.038,68.182],[16.028,68.181],[16.043,68.162],[16.062,68.164],[16.082,68.172],[16.097,68.173],[16.104,68.16],[16.1,68.142],[16.09,68.126],[16.07,68.112],[16.075,68.099],[16.09,68.074],[16.084,68.057],[16.069,68.048],[16.053,68.041],[16.042,68.03],[16.158,68.0],[16.193,67.981],[16.211,67.959],[16.214,67.935],[16.213,67.912],[16.22,67.893],[16.237,67.884],[16.282,67.877],[16.299,67.869],[16.31,67.861],[16.437,67.808],[16.485,67.798],[16.515,67.804],[16.489,67.809],[16.46,67.818],[16.444,67.832],[16.453,67.851],[16.311,67.874],[16.269,67.889],[16.255,67.9],[16.258,67.909],[16.268,67.917],[16.275,67.927],[16.276,67.941],[16.271,67.965],[16.275,67.975],[16.261,67.987],[16.243,67.994],[16.207,68.003],[16.245,68.009],[16.274,68.006],[16.301,67.994],[16.406,67.919],[16.413,67.906],[16.453,67.899],[16.467,67.9],[16.463,67.907],[16.458,67.914],[16.446,67.927],[16.451,67.93],[16.461,67.938],[16.467,67.941],[16.452,67.947],[16.406,67.955],[16.396,67.959],[16.372,67.975],[16.335,67.995],[16.334,68.002],[16.357,68.009],[16.38,68.009],[16.397,68.001],[16.426,67.975],[16.451,67.963],[16.482,67.957],[16.513,67.957],[16.542,67.961],[16.524,67.967],[16.481,67.969],[16.463,67.978],[16.463,67.988],[16.475,67.998],[16.501,68.016],[16.365,68.03],[16.374,68.046],[16.389,68.059],[16.408,68.068],[16.426,68.071],[16.443,68.076],[16.452,68.087],[16.464,68.094],[16.487,68.091],[16.55,68.066],[16.663,68.051],[16.686,68.057],[16.681,68.058],[16.665,68.063],[16.677,68.068],[16.689,68.071],[16.577,68.085],[16.555,68.093],[16.521,68.112],[16.501,68.119],[16.445,68.115],[16.346,68.082],[16.289,68.091],[16.294,68.096],[16.303,68.112],[16.27,68.117],[16.254,68.122],[16.241,68.132],[16.294,68.126],[16.32,68.126],[16.36,68.144],[16.402,68.137],[16.413,68.146],[16.405,68.149],[16.399,68.153],[16.416,68.159],[16.435,68.157],[16.454,68.154],[16.473,68.153],[16.464,68.166],[16.448,68.174],[16.413,68.181],[16.413,68.187],[16.545,68.165],[16.59,68.167],[16.573,68.174],[16.533,68.178],[16.476,68.199],[16.467,68.201],[16.46,68.206],[16.46,68.224],[16.453,68.228],[16.441,68.225],[16.418,68.211],[16.406,68.208],[16.172,68.204],[16.162,68.211],[16.183,68.221],[16.214,68.226],[16.347,68.228],[16.356,68.232],[16.356,68.239],[16.349,68.246],[16.34,68.25],[16.191,68.258],[16.12,68.274],[16.103,68.283],[16.121,68.29],[16.15,68.313],[16.172,68.318],[16.192,68.316],[16.227,68.307],[16.248,68.304],[16.261,68.305],[16.271,68.307],[16.282,68.307],[16.296,68.304],[16.303,68.3],[16.311,68.287],[16.317,68.283],[16.339,68.28],[16.388,68.284],[16.399,68.277],[16.508,68.255],[16.56,68.233],[16.563,68.194],[16.739,68.139],[16.772,68.133],[16.803,68.132],[16.749,68.158],[16.741,68.17],[16.731,68.177],[16.644,68.202],[16.612,68.219],[16.593,68.24],[16.604,68.256],[16.567,68.276],[16.523,68.289],[16.412,68.299],[16.358,68.312],[16.34,68.321],[16.318,68.329],[16.264,68.324],[16.241,68.332],[16.282,68.344],[16.266,68.347],[16.235,68.345],[16.22,68.351],[16.264,68.362],[16.356,68.371],[16.423,68.389],[16.695,68.406],[16.722,68.401],[16.803,68.379],[16.849,68.379],[16.87,68.373],[16.879,68.355],[16.871,68.35],[16.836,68.332],[16.824,68.324],[16.848,68.323],[16.995,68.344],[17.03,68.358],[17.047,68.363],[17.127,68.373],[17.145,68.369],[17.175,68.342],[17.183,68.338],[17.193,68.308],[17.197,68.3],[17.224,68.284],[17.331,68.256],[17.312,68.237],[17.31,68.232],[17.313,68.223],[17.32,68.218],[17.327,68.213],[17.331,68.208],[17.327,68.192],[17.32,68.178],[17.319,68.17],[17.334,68.167],[17.355,68.172],[17.364,68.183],[17.363,68.198],[17.354,68.211],[17.352,68.225],[17.374,68.233],[17.42,68.236],[17.39,68.267],[17.352,68.285],[17.269,68.31],[17.252,68.319],[17.236,68.329],[17.223,68.34],[17.214,68.351],[17.206,68.373],[17.217,68.378],[17.236,68.38],[17.256,68.393],[17.253,68.397],[17.248,68.406],[17.328,68.408],[17.496,68.365],[17.577,68.359],[17.546,68.377],[17.365,68.413],[17.395,68.423],[17.54,68.428],[17.709,68.412],[17.817,68.385],[17.872,68.393],[17.816,68.397],[17.612,68.451],[17.468,68.448],[17.544,68.519],[17.547,68.53],[17.525,68.529],[17.481,68.52],[17.439,68.507],[17.365,68.503],[17.328,68.491],[17.26,68.455],[17.047,68.434],[17.002,68.448],[17.023,68.452],[17.081,68.458],[17.097,68.469],[17.092,68.481],[17.072,68.489],[17.047,68.494],[17.029,68.495],[17.019,68.498],[16.999,68.507],[16.988,68.51],[16.977,68.508],[16.901,68.474],[16.889,68.465],[16.849,68.449],[16.739,68.452],[16.669,68.438],[16.535,68.438],[16.511,68.441],[16.501,68.451],[16.5,68.465],[16.498,68.473],[16.487,68.489],[16.477,68.498],[16.468,68.503],[16.465,68.51],[16.473,68.523],[16.485,68.529],[16.542,68.544],[16.581,68.534],[16.579,68.533],[16.582,68.524],[16.588,68.517],[16.604,68.51],[16.669,68.507],[16.742,68.522],[16.885,68.567],[17.37,68.576],[17.568,68.608],[17.823,68.613],[18.037,68.62],[18.181,68.544],[18.189,68.539],[18.189,68.538]]],[[[14.872,68.223],[14.844,68.227],[14.814,68.232],[14.796,68.246],[14.818,68.268],[14.887,68.301],[14.94,68.302],[14.953,68.277],[14.897,68.244],[14.872,68.223]]],[[[14.199,68.315],[14.241,68.314],[14.268,68.283],[14.242,68.257],[14.2,68.249],[14.163,68.263],[14.143,68.273],[14.138,68.285],[14.146,68.296],[14.107,68.296],[14.059,68.297],[14.04,68.313],[14.079,68.315],[14.066,68.332],[14.117,68.337],[14.147,68.335],[14.169,68.322],[14.199,68.315]]],[[[14.028,68.263],[14.087,68.283],[14.125,68.275],[14.159,68.255],[14.111,68.207],[14.062,68.201],[14.051,68.19],[14.043,68.183],[14.034,68.181],[13.948,68.178],[13.937,68.175],[13.925,68.17],[13.91,68.168],[13.9,68.172],[13.89,68.179],[13.876,68.181],[13.87,68.177],[13.864,68.17],[13.856,68.163],[13.842,68.16],[13.774,68.16],[13.785,68.147],[13.825,68.143],[13.842,68.132],[13.846,68.121],[13.839,68.112],[13.826,68.107],[13.774,68.102],[13.76,68.105],[13.755,68.11],[13.749,68.123],[13.743,68.126],[13.723,68.123],[13.714,68.116],[13.708,68.106],[13.698,68.098],[13.706,68.086],[13.711,68.081],[13.719,68.078],[13.699,68.07],[13.682,68.07],[13.665,68.071],[13.644,68.071],[13.651,68.078],[13.644,68.079],[13.63,68.084],[13.623,68.085],[13.625,68.108],[13.595,68.121],[13.559,68.12],[13.541,68.102],[13.543,68.096],[13.547,68.091],[13.553,68.087],[13.558,68.085],[13.565,68.082],[13.559,68.075],[13.55,68.07],[13.547,68.071],[13.538,68.055],[13.527,68.043],[13.513,68.04],[13.457,68.071],[13.486,68.107],[13.589,68.16],[13.563,68.164],[13.51,68.137],[13.479,68.132],[13.479,68.14],[13.491,68.141],[13.501,68.144],[13.509,68.15],[13.513,68.16],[13.503,68.159],[13.495,68.161],[13.479,68.167],[13.528,68.173],[13.517,68.179],[13.479,68.187],[13.516,68.21],[13.572,68.218],[13.616,68.227],[13.597,68.231],[13.582,68.236],[13.565,68.238],[13.5,68.242],[13.637,68.294],[13.666,68.291],[13.678,68.291],[13.686,68.288],[13.701,68.279],[13.715,68.275],[13.734,68.279],[13.75,68.283],[13.771,68.28],[13.791,68.268],[13.801,68.269],[13.808,68.274],[13.82,68.288],[13.828,68.291],[13.846,68.302],[13.874,68.326],[13.919,68.341],[13.983,68.337],[14.008,68.294],[13.967,68.27],[13.993,68.258],[14.028,68.263]]],[[[14.763,68.495],[14.717,68.491],[14.704,68.513],[14.659,68.53],[14.626,68.543],[14.604,68.559],[14.62,68.57],[14.669,68.587],[14.714,68.577],[14.788,68.574],[14.867,68.569],[14.932,68.561],[15.0,68.555],[14.999,68.535],[14.998,68.535],[14.998,68.534],[14.997,68.534],[14.996,68.534],[14.996,68.533],[14.995,68.533],[14.994,68.532],[14.993,68.532],[14.992,68.531],[14.991,68.531],[14.991,68.53],[14.99,68.53],[14.989,68.53],[14.989,68.529],[14.988,68.529],[14.987,68.529],[14.987,68.528],[14.986,68.528],[14.985,68.528],[14.984,68.528],[14.984,68.527],[14.983,68.527],[14.982,68.527],[14.981,68.527],[14.98,68.527],[14.979,68.526],[14.978,68.526],[14.977,68.526],[14.976,68.525],[14.975,68.525],[14.974,68.524],[14.973,68.524],[14.971,68.523],[14.97,68.523],[14.969,68.522],[14.967,68.522],[14.966,68.521],[14.964,68.521],[14.963,68.52],[14.962,68.519],[14.96,68.519],[14.959,68.518],[14.957,68.518],[14.956,68.517],[14.954,68.516],[14.953,68.516],[14.951,68.515],[14.95,68.514],[14.948,68.514],[14.947,68.513],[14.945,68.513],[14.944,68.512],[14.943,68.512],[14.941,68.511],[14.94,68.511],[14.939,68.51],[14.938,68.51],[14.937,68.509],[14.936,68.509],[14.935,68.508],[14.934,68.508],[14.933,68.507],[14.932,68.507],[14.931,68.507],[14.892,68.495],[14.763,68.495]]],[[[12.045,65.06],[12.055,65.066],[12.06,65.06],[12.063,65.051],[12.064,65.046],[12.076,65.04],[12.09,65.041],[12.104,65.046],[12.116,65.049],[12.137,65.047],[12.153,65.04],[12.166,65.028],[12.177,65.015],[12.176,65.011],[12.167,65.02],[12.156,65.022],[12.126,65.019],[12.109,65.019],[12.093,65.023],[12.079,65.031],[12.059,65.041],[12.051,65.058],[12.045,65.06]]],[[[12.225,65.124],[12.249,65.119],[12.284,65.117],[12.309,65.111],[12.3,65.097],[12.27,65.081],[12.231,65.069],[12.156,65.055],[12.133,65.056],[12.091,65.067],[12.071,65.069],[12.048,65.07],[12.0,65.075],[11.979,65.083],[11.994,65.087],[12.033,65.083],[12.048,65.085],[12.048,65.092],[12.043,65.1],[12.043,65.107],[12.061,65.118],[12.1,65.123],[12.122,65.131],[12.108,65.129],[12.098,65.13],[12.093,65.136],[12.088,65.145],[12.091,65.148],[12.095,65.162],[12.097,65.175],[12.095,65.178],[12.114,65.193],[12.14,65.204],[12.167,65.211],[12.191,65.214],[12.208,65.207],[12.241,65.179],[12.272,65.165],[12.259,65.148],[12.225,65.124]]],[[[12.451,65.426],[12.462,65.413],[12.475,65.403],[12.491,65.398],[12.507,65.398],[12.492,65.388],[12.459,65.382],[12.445,65.371],[12.392,65.36],[12.38,65.354],[12.367,65.344],[12.353,65.336],[12.336,65.332],[12.239,65.323],[12.211,65.325],[12.204,65.319],[12.211,65.303],[12.219,65.301],[12.236,65.291],[12.248,65.281],[12.236,65.275],[12.221,65.271],[12.194,65.252],[12.184,65.247],[12.081,65.215],[12.053,65.22],[12.077,65.234],[12.095,65.256],[12.122,65.303],[12.111,65.302],[12.1,65.302],[12.09,65.304],[12.081,65.309],[12.097,65.325],[12.109,65.343],[12.122,65.357],[12.143,65.364],[12.155,65.362],[12.171,65.353],[12.181,65.351],[12.188,65.355],[12.203,65.372],[12.211,65.378],[12.211,65.385],[12.184,65.383],[12.177,65.385],[12.174,65.386],[12.166,65.391],[12.161,65.396],[12.175,65.402],[12.211,65.426],[12.268,65.449],[12.329,65.467],[12.322,65.474],[12.317,65.481],[12.315,65.487],[12.314,65.495],[12.259,65.473],[12.229,65.469],[12.197,65.474],[12.232,65.487],[12.204,65.487],[12.23,65.512],[12.24,65.526],[12.245,65.541],[12.239,65.543],[12.23,65.547],[12.225,65.549],[12.244,65.559],[12.259,65.575],[12.274,65.582],[12.297,65.566],[12.316,65.541],[12.325,65.532],[12.335,65.527],[12.386,65.514],[12.397,65.508],[12.445,65.467],[12.447,65.459],[12.447,65.438],[12.451,65.426]]],[[[12.005,65.69],[12.0,65.678],[11.987,65.672],[11.958,65.665],[11.973,65.65],[11.976,65.642],[11.971,65.632],[11.958,65.623],[11.927,65.596],[11.917,65.59],[11.907,65.59],[11.903,65.595],[11.899,65.601],[11.89,65.604],[11.878,65.602],[11.868,65.599],[11.859,65.598],[11.849,65.604],[11.869,65.61],[11.847,65.614],[11.78,65.607],[11.759,65.618],[11.765,65.635],[11.785,65.66],[11.808,65.683],[11.825,65.693],[11.891,65.706],[11.926,65.709],[11.954,65.696],[11.965,65.696],[11.982,65.7],[11.998,65.7],[12.005,65.69]]],[[[12.698,65.998],[12.741,66.014],[12.8,66.025],[12.86,66.027],[12.904,66.015],[12.89,66.001],[12.858,66.001],[12.734,65.976],[12.675,65.952],[12.623,65.942],[12.493,65.88],[12.466,65.873],[12.431,65.871],[12.444,65.879],[12.458,65.882],[12.471,65.888],[12.479,65.898],[12.369,65.892],[12.384,65.906],[12.431,65.933],[12.444,65.944],[12.461,65.97],[12.472,65.981],[12.491,65.991],[12.601,66.022],[12.627,66.023],[12.65,66.015],[12.62,65.993],[12.609,65.98],[12.615,65.974],[12.636,65.976],[12.658,65.981],[12.68,65.989],[12.698,65.998]]],[[[12.574,66.076],[12.533,66.061],[12.294,66.015],[12.335,66.042],[12.351,66.048],[12.366,66.052],[12.38,66.057],[12.393,66.067],[12.42,66.08],[12.43,66.087],[12.417,66.09],[12.398,66.088],[12.362,66.077],[12.342,66.076],[12.342,66.083],[12.357,66.087],[12.386,66.101],[12.4,66.104],[12.457,66.107],[12.472,66.111],[12.478,66.118],[12.48,66.127],[12.488,66.135],[12.523,66.141],[12.574,66.159],[12.542,66.171],[12.504,66.176],[12.466,66.174],[12.431,66.166],[12.431,66.173],[12.523,66.198],[12.534,66.199],[12.543,66.202],[12.551,66.22],[12.562,66.221],[12.582,66.214],[12.595,66.205],[12.601,66.194],[12.604,66.181],[12.612,66.169],[12.612,66.157],[12.591,66.148],[12.547,66.139],[12.547,66.131],[12.622,66.131],[12.606,66.123],[12.588,66.118],[12.588,66.111],[12.628,66.115],[12.647,66.113],[12.657,66.104],[12.65,66.094],[12.64,66.09],[12.6,66.089],[12.59,66.085],[12.574,66.076]]],[[[14.274,67.166],[14.259,67.138],[14.24,67.115],[14.218,67.098],[14.192,67.084],[14.213,67.049],[14.215,67.032],[14.198,67.022],[14.201,67.019],[14.204,67.012],[14.206,67.009],[14.192,67.004],[14.174,67.0],[14.158,67.001],[14.151,67.012],[14.15,67.027],[14.147,67.033],[14.14,67.036],[14.1,67.062],[14.068,67.07],[13.993,67.078],[13.993,67.084],[14.013,67.09],[14.031,67.098],[14.062,67.119],[14.057,67.133],[14.067,67.135],[14.134,67.11],[14.152,67.107],[14.172,67.111],[14.194,67.129],[14.22,67.156],[14.247,67.174],[14.274,67.166]]],[[[13.055,68.098],[13.055,68.105],[13.08,68.104],[13.157,68.085],[13.157,68.078],[13.143,68.078],[13.133,68.068],[13.122,68.062],[13.109,68.059],[13.096,68.057],[13.096,68.05],[13.137,68.05],[13.121,68.038],[13.102,68.037],[13.081,68.037],[13.061,68.033],[13.05,68.025],[13.05,68.016],[13.059,68.011],[13.075,68.009],[13.086,68.015],[13.1,68.025],[13.111,68.028],[13.117,68.004],[13.126,67.987],[13.131,67.964],[13.131,67.953],[13.124,67.944],[13.106,67.941],[13.056,67.939],[13.04,67.941],[12.995,67.965],[12.977,67.969],[12.986,67.948],[12.971,67.95],[12.961,67.947],[12.96,67.941],[12.972,67.934],[12.989,67.931],[13.024,67.929],[13.041,67.923],[13.047,67.915],[13.042,67.905],[13.033,67.897],[13.018,67.891],[13.016,67.887],[13.015,67.882],[13.014,67.879],[12.993,67.872],[12.897,67.856],[12.883,67.841],[12.871,67.825],[12.842,67.816],[12.787,67.81],[12.794,67.821],[12.831,67.846],[12.846,67.853],[12.848,67.855],[12.847,67.861],[12.842,67.874],[12.842,67.879],[12.85,67.89],[12.858,67.899],[12.88,67.917],[12.889,67.929],[12.893,67.948],[12.9,67.958],[12.907,67.961],[12.921,67.961],[12.928,67.965],[12.93,67.971],[12.93,67.984],[12.931,67.989],[12.979,68.037],[12.99,68.045],[13.014,68.057],[13.047,68.065],[13.062,68.071],[13.075,68.085],[13.069,68.088],[13.06,68.095],[13.055,68.098]]],[[[13.28,68.129],[13.296,68.152],[13.331,68.156],[13.4,68.146],[13.409,68.143],[13.428,68.13],[13.438,68.126],[13.414,68.083],[13.396,68.06],[13.38,68.05],[13.38,68.046],[13.372,68.022],[13.366,68.013],[13.357,68.011],[13.333,68.026],[13.322,68.03],[13.269,67.998],[13.239,67.986],[13.225,67.999],[13.224,68.021],[13.221,68.032],[13.216,68.037],[13.197,68.033],[13.194,68.026],[13.193,68.017],[13.184,68.009],[13.173,68.009],[13.166,68.015],[13.164,68.026],[13.164,68.037],[13.168,68.05],[13.178,68.059],[13.239,68.092],[13.258,68.096],[13.277,68.088],[13.298,68.066],[13.312,68.058],[13.328,68.063],[13.339,68.086],[13.32,68.104],[13.294,68.118],[13.28,68.129]]],[[[15.001,68.365],[14.945,68.351],[14.963,68.345],[14.979,68.338],[14.936,68.328],[14.763,68.259],[14.736,68.255],[14.72,68.263],[14.723,68.28],[14.739,68.296],[14.775,68.318],[14.757,68.317],[14.747,68.324],[14.741,68.333],[14.734,68.338],[14.719,68.338],[14.71,68.333],[14.692,68.31],[14.703,68.297],[14.694,68.286],[14.675,68.279],[14.651,68.276],[14.639,68.272],[14.629,68.268],[14.624,68.263],[14.63,68.258],[14.672,68.25],[14.656,68.241],[14.615,68.225],[14.572,68.22],[14.556,68.215],[14.521,68.201],[14.498,68.197],[14.418,68.194],[14.407,68.192],[14.391,68.183],[14.384,68.181],[14.368,68.181],[14.338,68.187],[14.322,68.187],[14.326,68.177],[14.328,68.173],[14.312,68.168],[14.277,68.168],[14.247,68.158],[14.213,68.153],[14.198,68.153],[14.209,68.169],[14.213,68.173],[14.216,68.174],[14.218,68.174],[14.22,68.176],[14.219,68.181],[14.212,68.184],[14.206,68.189],[14.202,68.195],[14.198,68.201],[14.235,68.22],[14.318,68.232],[14.356,68.242],[14.302,68.236],[14.274,68.237],[14.253,68.25],[14.27,68.258],[14.289,68.262],[14.328,68.263],[14.306,68.275],[14.297,68.293],[14.303,68.312],[14.328,68.324],[14.358,68.32],[14.395,68.287],[14.425,68.283],[14.425,68.291],[14.413,68.297],[14.419,68.301],[14.432,68.305],[14.438,68.314],[14.443,68.318],[14.454,68.314],[14.473,68.304],[14.496,68.306],[14.496,68.316],[14.484,68.331],[14.466,68.344],[14.456,68.337],[14.444,68.337],[14.436,68.344],[14.438,68.359],[14.396,68.367],[14.384,68.373],[14.493,68.386],[14.519,68.382],[14.563,68.368],[14.59,68.365],[14.582,68.381],[14.553,68.394],[14.542,68.406],[14.653,68.428],[14.672,68.417],[14.673,68.404],[14.678,68.396],[14.696,68.382],[14.707,68.378],[14.709,68.389],[14.706,68.413],[14.714,68.423],[14.726,68.43],[14.742,68.433],[14.761,68.434],[14.796,68.427],[14.815,68.419],[14.822,68.41],[14.825,68.395],[14.822,68.39],[14.754,68.359],[14.754,68.351],[14.784,68.354],[14.84,68.374],[14.87,68.379],[14.88,68.386],[14.884,68.42],[14.898,68.434],[14.93,68.437],[15.01,68.428],[15.063,68.449],[15.101,68.454],[15.172,68.454],[15.155,68.439],[15.034,68.364],[15.014,68.359],[15.016,68.364],[15.019,68.37],[15.019,68.376],[15.014,68.379],[15.004,68.378],[15.002,68.373],[15.002,68.368],[15.001,68.365]]],[[[16.423,68.492],[16.433,68.485],[16.456,68.477],[16.467,68.469],[16.443,68.463],[16.392,68.456],[16.372,68.448],[16.386,68.441],[16.405,68.429],[16.414,68.418],[16.399,68.413],[16.231,68.41],[16.179,68.4],[16.141,68.384],[16.123,68.379],[16.118,68.386],[16.095,68.397],[16.115,68.41],[16.172,68.428],[16.159,68.427],[16.145,68.428],[16.118,68.434],[16.138,68.469],[16.169,68.499],[16.192,68.515],[16.222,68.524],[16.344,68.537],[16.359,68.535],[16.389,68.525],[16.402,68.523],[16.412,68.519],[16.417,68.51],[16.419,68.5],[16.423,68.492]]],[[[16.496,68.579],[16.501,68.576],[16.506,68.568],[16.498,68.554],[16.482,68.547],[16.459,68.549],[16.419,68.557],[16.346,68.559],[16.222,68.547],[16.155,68.525],[16.142,68.523],[16.13,68.527],[16.118,68.534],[16.106,68.538],[16.093,68.534],[16.082,68.516],[16.07,68.489],[16.053,68.465],[16.012,68.447],[15.995,68.429],[15.966,68.393],[15.941,68.38],[15.904,68.37],[15.876,68.369],[15.878,68.386],[15.871,68.401],[15.874,68.415],[15.881,68.429],[15.884,68.444],[15.882,68.456],[15.876,68.467],[15.871,68.478],[15.871,68.495],[15.859,68.486],[15.86,68.477],[15.865,68.467],[15.864,68.454],[15.857,68.441],[15.849,68.435],[15.823,68.424],[15.812,68.426],[15.796,68.434],[15.781,68.438],[15.774,68.431],[15.78,68.419],[15.807,68.403],[15.816,68.393],[15.793,68.394],[15.781,68.402],[15.773,68.413],[15.761,68.424],[15.748,68.425],[15.74,68.415],[15.733,68.401],[15.72,68.393],[15.722,68.388],[15.725,68.377],[15.727,68.373],[15.691,68.373],[15.674,68.371],[15.659,68.365],[15.669,68.361],[15.681,68.359],[15.694,68.358],[15.706,68.359],[15.691,68.343],[15.64,68.317],[15.638,68.304],[15.624,68.3],[15.598,68.304],[15.583,68.304],[15.59,68.308],[15.596,68.31],[15.596,68.318],[15.575,68.319],[15.544,68.334],[15.528,68.338],[15.376,68.328],[15.338,68.332],[15.323,68.351],[15.342,68.348],[15.358,68.355],[15.388,68.382],[15.406,68.392],[15.473,68.406],[15.507,68.423],[15.57,68.463],[15.611,68.475],[15.581,68.487],[15.576,68.492],[15.573,68.503],[15.565,68.509],[15.554,68.511],[15.542,68.51],[15.553,68.488],[15.554,68.475],[15.542,68.466],[15.439,68.418],[15.412,68.413],[15.405,68.415],[15.384,68.42],[15.377,68.417],[15.37,68.412],[15.364,68.406],[15.316,68.395],[15.279,68.373],[15.212,68.366],[15.185,68.351],[15.215,68.353],[15.227,68.349],[15.233,68.338],[15.217,68.335],[15.145,68.313],[15.134,68.308],[15.114,68.287],[15.086,68.271],[15.041,68.257],[15.001,68.253],[14.987,68.269],[14.993,68.271],[14.998,68.274],[15.003,68.278],[15.007,68.283],[14.995,68.298],[15.009,68.314],[15.034,68.326],[15.056,68.332],[15.068,68.339],[15.104,68.377],[15.123,68.393],[15.193,68.435],[15.223,68.444],[15.252,68.457],[15.268,68.461],[15.357,68.461],[15.331,68.465],[15.26,68.466],[15.241,68.475],[15.248,68.486],[15.279,68.49],[15.337,68.489],[15.282,68.495],[15.275,68.499],[15.275,68.506],[15.275,68.513],[15.271,68.516],[15.179,68.523],[15.199,68.543],[15.217,68.557],[15.239,68.564],[15.268,68.564],[15.312,68.559],[15.323,68.563],[15.309,68.579],[15.395,68.585],[15.405,68.581],[15.434,68.562],[15.452,68.557],[15.44,68.574],[15.392,68.605],[15.408,68.605],[15.436,68.598],[15.452,68.598],[15.443,68.609],[15.439,68.612],[15.439,68.62],[15.549,68.626],[15.557,68.624],[15.567,68.614],[15.575,68.61],[15.589,68.606],[15.603,68.605],[15.617,68.607],[15.63,68.612],[15.616,68.613],[15.605,68.619],[15.595,68.626],[15.583,68.633],[15.563,68.635],[15.514,68.636],[15.498,68.642],[15.478,68.656],[15.457,68.667],[15.442,68.682],[15.439,68.708],[15.443,68.724],[15.45,68.729],[15.569,68.729],[15.582,68.731],[15.593,68.734],[15.605,68.736],[15.618,68.733],[15.642,68.723],[15.663,68.719],[15.714,68.701],[15.687,68.711],[15.679,68.715],[15.676,68.719],[15.669,68.732],[15.666,68.736],[15.64,68.743],[15.501,68.743],[15.476,68.747],[15.46,68.756],[15.456,68.769],[15.459,68.796],[15.452,68.811],[15.464,68.81],[15.486,68.805],[15.497,68.804],[15.508,68.806],[15.514,68.813],[15.52,68.82],[15.529,68.825],[15.556,68.826],[15.614,68.818],[15.638,68.825],[15.618,68.83],[15.59,68.833],[15.563,68.839],[15.549,68.852],[15.553,68.872],[15.576,68.882],[15.624,68.886],[15.62,68.894],[15.614,68.9],[15.606,68.905],[15.596,68.907],[15.61,68.919],[15.63,68.945],[15.645,68.955],[15.677,68.963],[15.778,68.955],[15.858,68.97],[15.884,68.968],[15.907,68.959],[15.908,68.957],[15.892,68.952],[15.881,68.945],[15.874,68.935],[15.874,68.925],[15.883,68.904],[15.886,68.895],[15.885,68.887],[15.881,68.877],[15.847,68.836],[15.792,68.789],[15.73,68.758],[15.722,68.751],[15.72,68.744],[15.725,68.733],[15.738,68.725],[15.757,68.719],[15.773,68.711],[15.783,68.701],[15.782,68.688],[15.775,68.674],[15.75,68.655],[15.735,68.647],[15.713,68.639],[15.68,68.617],[15.642,68.546],[15.641,68.537],[15.644,68.53],[15.657,68.516],[15.675,68.5],[15.675,68.499],[15.675,68.495],[15.671,68.491],[15.665,68.485],[15.643,68.471],[15.639,68.467],[15.639,68.464],[15.643,68.461],[15.657,68.462],[15.678,68.468],[15.872,68.55],[15.899,68.566],[15.916,68.58],[15.924,68.589],[15.934,68.596],[15.962,68.602],[16.03,68.591],[16.246,68.629],[16.496,68.579]]],[[[14.397,68.66],[14.388,68.664],[14.382,68.669],[14.37,68.687],[14.381,68.698],[14.395,68.702],[14.425,68.701],[14.426,68.714],[14.464,68.725],[14.542,68.736],[14.542,68.742],[14.517,68.743],[14.438,68.756],[14.455,68.776],[14.489,68.795],[14.524,68.807],[14.548,68.804],[14.553,68.794],[14.555,68.77],[14.562,68.756],[14.572,68.746],[14.587,68.739],[14.605,68.735],[14.624,68.736],[14.616,68.741],[14.608,68.745],[14.599,68.747],[14.59,68.749],[14.598,68.767],[14.609,68.778],[14.624,68.784],[14.644,68.79],[14.617,68.799],[14.608,68.807],[14.614,68.821],[14.628,68.83],[14.649,68.833],[14.669,68.831],[14.686,68.825],[14.679,68.817],[14.692,68.811],[14.68,68.767],[14.687,68.757],[14.72,68.763],[14.801,68.789],[14.844,68.796],[14.884,68.79],[14.873,68.781],[14.872,68.769],[14.88,68.76],[14.894,68.756],[14.907,68.76],[14.929,68.779],[14.945,68.784],[14.942,68.793],[14.942,68.802],[14.947,68.81],[14.953,68.817],[14.904,68.845],[14.941,68.86],[14.953,68.866],[14.976,68.848],[14.991,68.842],[14.993,68.834],[14.992,68.825],[14.994,68.817],[15.0,68.799],[15.006,68.794],[15.018,68.8],[15.024,68.808],[15.028,68.814],[15.027,68.82],[15.021,68.825],[15.05,68.853],[15.085,68.845],[15.123,68.826],[15.159,68.817],[15.146,68.843],[15.12,68.856],[15.092,68.866],[15.069,68.879],[15.077,68.899],[15.065,68.913],[15.028,68.934],[15.019,68.945],[15.009,68.963],[15.008,68.981],[15.085,69.011],[15.104,69.014],[15.124,69.015],[15.138,69.013],[15.154,69.002],[15.168,68.988],[15.171,68.974],[15.151,68.962],[15.193,68.943],[15.207,68.94],[15.197,68.935],[15.193,68.934],[15.193,68.927],[15.206,68.928],[15.219,68.924],[15.241,68.914],[15.21,68.903],[15.196,68.897],[15.185,68.886],[15.214,68.882],[15.271,68.92],[15.295,68.907],[15.282,68.866],[15.273,68.854],[15.241,68.825],[15.302,68.843],[15.319,68.855],[15.326,68.859],[15.334,68.859],[15.34,68.856],[15.342,68.849],[15.348,68.847],[15.384,68.852],[15.372,68.835],[15.363,68.817],[15.351,68.803],[15.33,68.797],[15.3,68.803],[15.284,68.803],[15.275,68.797],[15.278,68.792],[15.303,68.777],[15.282,68.766],[15.275,68.763],[15.312,68.753],[15.358,68.746],[15.394,68.731],[15.398,68.694],[15.375,68.67],[15.336,68.653],[15.063,68.579],[14.873,68.585],[14.843,68.591],[14.849,68.594],[14.858,68.602],[14.863,68.605],[14.808,68.615],[14.806,68.616],[14.809,68.62],[14.816,68.638],[14.834,68.644],[14.877,68.646],[14.949,68.664],[14.973,68.667],[15.035,68.667],[15.043,68.669],[15.05,68.675],[15.057,68.682],[15.062,68.687],[15.089,68.695],[15.141,68.695],[15.165,68.701],[15.154,68.713],[15.147,68.725],[15.145,68.74],[15.151,68.756],[15.026,68.771],[14.994,68.763],[15.014,68.763],[15.069,68.749],[15.05,68.73],[15.02,68.712],[14.986,68.703],[14.959,68.708],[14.963,68.716],[14.963,68.719],[14.961,68.722],[14.959,68.729],[14.947,68.715],[14.925,68.695],[14.901,68.681],[14.88,68.684],[14.862,68.69],[14.828,68.674],[14.809,68.681],[14.821,68.694],[14.822,68.707],[14.815,68.715],[14.805,68.711],[14.796,68.701],[14.785,68.683],[14.775,68.674],[14.75,68.668],[14.722,68.673],[14.696,68.688],[14.679,68.708],[14.674,68.687],[14.662,68.674],[14.631,68.653],[14.626,68.645],[14.623,68.629],[14.617,68.626],[14.558,68.627],[14.545,68.623],[14.521,68.609],[14.492,68.607],[14.435,68.612],[14.417,68.62],[14.413,68.636],[14.419,68.655],[14.432,68.667],[14.421,68.672],[14.414,68.669],[14.408,68.662],[14.397,68.66]]],[[[15.529,68.914],[15.502,68.896],[15.464,68.882],[15.431,68.884],[15.419,68.914],[15.428,68.925],[15.429,68.935],[15.426,68.947],[15.425,68.962],[15.431,68.978],[15.454,69.001],[15.46,69.013],[15.518,69.054],[15.542,69.081],[15.57,69.106],[15.611,69.126],[15.66,69.138],[15.758,69.147],[15.791,69.161],[15.843,69.22],[15.871,69.229],[15.869,69.234],[15.866,69.245],[15.864,69.249],[15.882,69.254],[15.916,69.259],[15.932,69.263],[15.975,69.287],[16.102,69.315],[16.131,69.311],[16.15,69.291],[16.147,69.269],[16.132,69.249],[16.114,69.232],[16.099,69.211],[16.089,69.171],[16.076,69.154],[16.061,69.145],[16.014,69.133],[15.97,69.109],[15.956,69.106],[15.947,69.102],[15.934,69.093],[15.915,69.075],[15.91,69.073],[15.893,69.066],[15.877,69.062],[15.874,69.057],[15.873,69.05],[15.871,69.044],[15.858,69.034],[15.848,69.029],[15.816,69.024],[15.76,69.006],[15.632,68.987],[15.596,68.996],[15.567,69.013],[15.549,69.016],[15.529,69.009],[15.546,69.0],[15.56,68.99],[15.569,68.978],[15.57,68.962],[15.563,68.951],[15.529,68.914]]],[[[12.875,66.286],[12.882,66.277],[12.887,66.257],[12.879,66.243],[12.868,66.239],[12.857,66.234],[12.846,66.226],[12.825,66.216],[12.81,66.224],[12.787,66.217],[12.761,66.222],[12.751,66.233],[12.741,66.242],[12.72,66.243],[12.705,66.241],[12.7,66.243],[12.705,66.251],[12.715,66.259],[12.738,66.271],[12.757,66.278],[12.793,66.295],[12.794,66.3],[12.795,66.305],[12.794,66.311],[12.8,66.312],[12.807,66.304],[12.812,66.297],[12.824,66.299],[12.829,66.296],[12.836,66.294],[12.839,66.293],[12.86,66.293],[12.867,66.292],[12.873,66.288],[12.875,66.286]]],[[[12.941,66.46],[12.961,66.46],[12.966,66.453],[12.954,66.433],[12.949,66.409],[12.938,66.394],[12.931,66.389],[12.916,66.395],[12.907,66.399],[12.902,66.405],[12.9,66.416],[12.891,66.409],[12.886,66.402],[12.881,66.391],[12.884,66.376],[12.895,66.36],[12.899,66.355],[12.877,66.359],[12.868,66.364],[12.86,66.366],[12.848,66.372],[12.838,66.371],[12.832,66.373],[12.827,66.377],[12.817,66.381],[12.801,66.385],[12.811,66.389],[12.843,66.398],[12.85,66.41],[12.835,66.424],[12.826,66.436],[12.819,66.437],[12.817,66.443],[12.829,66.447],[12.887,66.457],[12.897,66.456],[12.902,66.453],[12.902,66.446],[12.907,66.443],[12.911,66.437],[12.912,66.431],[12.919,66.432],[12.928,66.442],[12.929,66.453],[12.929,66.458],[12.941,66.46]]],[[[15.296,67.945],[15.304,67.945],[15.305,67.938],[15.289,67.926],[15.254,67.917],[15.246,67.918],[15.242,67.92],[15.163,67.911],[15.148,67.911],[15.119,67.916],[15.023,67.919],[14.98,67.915],[14.972,67.916],[14.969,67.925],[14.961,67.942],[14.965,67.953],[14.977,67.959],[14.977,67.964],[14.972,67.97],[14.978,67.972],[15.019,67.971],[15.038,67.967],[15.052,67.968],[15.062,67.974],[15.069,67.981],[15.096,67.994],[15.106,68.001],[15.111,68.0],[15.114,67.995],[15.111,67.987],[15.107,67.981],[15.109,67.976],[15.14,67.958],[15.162,67.954],[15.212,67.951],[15.228,67.948],[15.231,67.942],[15.247,67.942],[15.257,67.941],[15.263,67.933],[15.279,67.94],[15.28,67.943],[15.296,67.945]]],[[[15.93,68.008],[15.933,68.004],[15.934,67.997],[15.925,67.993],[15.884,67.984],[15.841,67.984],[15.786,67.993],[15.729,68.012],[15.706,68.012],[15.679,67.994],[15.661,67.989],[15.652,67.987],[15.617,67.985],[15.523,67.99],[15.51,67.993],[15.504,67.995],[15.496,67.997],[15.482,68.003],[15.483,68.006],[15.495,68.006],[15.508,68.008],[15.522,68.016],[15.536,68.021],[15.574,68.026],[15.86,68.028],[15.892,68.019],[15.919,68.014],[15.93,68.008]]],[[[15.166,67.987],[15.161,67.993],[15.16,67.996],[15.163,68.001],[15.171,68.005],[15.177,68.011],[15.19,68.019],[15.211,68.025],[15.221,68.031],[15.222,68.037],[15.23,68.037],[15.24,68.029],[15.258,68.01],[15.275,67.995],[15.287,67.977],[15.268,67.967],[15.185,67.967],[15.173,67.975],[15.166,67.987]]],[[[14.997,68.902],[14.988,68.885],[14.958,68.875],[14.901,68.872],[14.892,68.873],[14.859,68.883],[14.844,68.885],[14.84,68.892],[14.855,68.907],[14.854,68.913],[14.852,68.919],[14.857,68.923],[14.873,68.929],[14.9,68.931],[14.959,68.926],[14.983,68.918],[14.997,68.902]]],[[[14.409,67.426],[14.412,67.425],[14.419,67.423],[14.413,67.413],[14.392,67.398],[14.367,67.391],[14.284,67.379],[14.275,67.377],[14.256,67.374],[14.239,67.374],[14.227,67.377],[14.229,67.384],[14.248,67.389],[14.245,67.393],[14.249,67.395],[14.259,67.395],[14.269,67.4],[14.28,67.409],[14.309,67.423],[14.372,67.441],[14.39,67.441],[14.401,67.437],[14.403,67.43],[14.399,67.424],[14.399,67.422],[14.409,67.426]]]]}},{"type":"Feature","properties":{"name":"Västerbotten","country":"SE"},"geometry":{"type":"MultiPolygon","coordinates":[[[[14.333,65.115],[14.338,65.123],[14.366,65.216],[14.38,65.24],[14.4,65.255],[14.482,65.289],[14.514,65.318],[14.518,65.365],[14.511,65.417],[14.51,65.465],[14.561,65.701],[14.57,65.717],[14.637,65.781],[14.649,65.802],[14.644,65.843],[14.54,66.125],[14.797,66.139],[15.053,66.153],[15.482,66.275],[15.492,66.288],[15.49,66.308],[15.482,66.341],[15.476,66.355],[15.5,66.35],[15.864,66.276],[16.498,66.076],[16.881,66.006],[17.472,65.755],[17.781,65.657],[18.164,65.583],[18.183,65.581],[18.204,65.561],[18.25,65.531],[18.303,65.509],[18.359,65.495],[18.464,65.482],[18.527,65.452],[18.562,65.444],[18.701,65.442],[18.72,65.438],[18.731,65.431],[18.759,65.406],[18.765,65.402],[18.82,65.375],[18.987,65.342],[19.041,65.309],[19.146,65.296],[19.203,65.277],[19.231,65.262],[19.243,65.244],[19.251,65.214],[19.271,65.206],[19.3,65.206],[19.332,65.2],[19.336,65.197],[19.36,65.19],[19.366,65.188],[19.379,65.183],[19.384,65.181],[19.385,65.177],[19.385,65.174],[19.385,65.171],[19.386,65.17],[19.388,65.168],[19.403,65.162],[19.423,65.159],[19.449,65.162],[19.506,65.173],[19.628,65.209],[19.704,65.25],[20.115,65.312],[21.266,65.165],[21.549,65.076],[21.582,65.068],[21.563,65.061],[21.479,65.062],[21.467,65.055],[21.477,65.04],[21.495,65.026],[21.503,65.021],[21.472,65.01],[21.463,65.008],[21.453,65.009],[21.433,65.015],[21.422,65.015],[21.422,65.013],[21.42,65.008],[21.418,65.004],[21.415,65.001],[21.398,64.994],[21.383,64.987],[21.379,64.977],[21.394,64.967],[21.378,64.96],[21.256,64.957],[21.243,64.953],[21.241,64.945],[21.247,64.939],[21.252,64.933],[21.247,64.922],[21.239,64.915],[21.228,64.907],[21.215,64.9],[21.202,64.898],[21.213,64.872],[21.193,64.861],[21.173,64.853],[21.181,64.836],[21.165,64.83],[21.131,64.823],[21.113,64.823],[21.097,64.828],[21.091,64.838],[21.09,64.85],[21.085,64.858],[21.069,64.861],[21.054,64.857],[21.042,64.847],[21.037,64.833],[21.042,64.82],[21.055,64.814],[21.085,64.809],[21.081,64.799],[21.079,64.795],[21.097,64.785],[21.115,64.781],[21.154,64.781],[21.218,64.789],[21.281,64.777],[21.306,64.768],[21.312,64.754],[21.299,64.749],[21.248,64.751],[21.229,64.748],[21.246,64.731],[21.267,64.718],[21.312,64.699],[21.312,64.692],[21.296,64.692],[21.289,64.687],[21.291,64.679],[21.305,64.672],[21.305,64.666],[21.279,64.671],[21.231,64.694],[21.206,64.699],[21.185,64.707],[21.165,64.722],[21.144,64.733],[21.12,64.73],[21.109,64.716],[21.111,64.699],[21.123,64.683],[21.14,64.672],[21.168,64.668],[21.202,64.667],[21.232,64.661],[21.25,64.644],[21.232,64.643],[21.232,64.633],[21.245,64.622],[21.264,64.617],[21.285,64.616],[21.295,64.614],[21.305,64.611],[21.31,64.606],[21.319,64.593],[21.322,64.59],[21.33,64.587],[21.344,64.573],[21.353,64.57],[21.363,64.572],[21.365,64.578],[21.363,64.582],[21.36,64.583],[21.367,64.595],[21.368,64.604],[21.374,64.608],[21.394,64.603],[21.415,64.59],[21.437,64.571],[21.456,64.562],[21.467,64.587],[21.476,64.588],[21.486,64.583],[21.49,64.579],[21.49,64.556],[21.501,64.544],[21.515,64.537],[21.532,64.534],[21.552,64.535],[21.539,64.528],[21.526,64.523],[21.511,64.521],[21.497,64.525],[21.471,64.545],[21.463,64.548],[21.415,64.529],[21.387,64.522],[21.374,64.531],[21.371,64.538],[21.365,64.542],[21.357,64.542],[21.35,64.538],[21.347,64.532],[21.353,64.529],[21.367,64.528],[21.386,64.51],[21.399,64.505],[21.412,64.511],[21.422,64.515],[21.463,64.517],[21.476,64.515],[21.48,64.511],[21.488,64.494],[21.49,64.487],[21.478,64.472],[21.48,64.461],[21.492,64.454],[21.511,64.452],[21.52,64.455],[21.531,64.469],[21.538,64.473],[21.558,64.47],[21.579,64.466],[21.572,64.48],[21.586,64.48],[21.598,64.475],[21.605,64.466],[21.607,64.452],[21.6,64.442],[21.589,64.441],[21.575,64.441],[21.562,64.435],[21.55,64.428],[21.526,64.422],[21.514,64.415],[21.457,64.372],[21.417,64.353],[21.398,64.34],[21.373,64.33],[21.352,64.34],[21.334,64.356],[21.319,64.364],[21.323,64.355],[21.324,64.347],[21.323,64.338],[21.319,64.329],[21.325,64.326],[21.328,64.323],[21.329,64.319],[21.333,64.315],[21.316,64.312],[21.288,64.302],[21.271,64.301],[21.256,64.305],[21.25,64.309],[21.244,64.307],[21.117,64.221],[21.113,64.219],[21.083,64.225],[21.079,64.227],[21.07,64.222],[21.045,64.192],[20.967,64.149],[20.948,64.13],[20.961,64.113],[20.954,64.095],[20.915,64.057],[20.912,64.053],[20.912,64.048],[20.908,64.035],[20.91,64.037],[20.912,64.034],[20.914,64.028],[20.914,64.024],[20.913,64.021],[20.909,64.02],[20.904,64.019],[20.901,64.014],[20.9,63.994],[20.897,63.984],[20.89,63.979],[20.879,63.977],[20.871,63.972],[20.866,63.968],[20.863,63.966],[20.841,63.959],[20.825,63.945],[20.805,63.911],[20.787,63.879],[20.777,63.869],[20.729,63.85],[20.685,63.849],[20.675,63.843],[20.67,63.829],[20.678,63.823],[20.693,63.821],[20.709,63.822],[20.688,63.799],[20.675,63.789],[20.664,63.791],[20.643,63.815],[20.63,63.821],[20.613,63.822],[20.565,63.798],[20.562,63.785],[20.554,63.777],[20.543,63.775],[20.531,63.781],[20.541,63.792],[20.539,63.801],[20.529,63.809],[20.508,63.821],[20.503,63.822],[20.456,63.772],[20.437,63.761],[20.414,63.768],[20.419,63.759],[20.419,63.754],[20.415,63.749],[20.414,63.74],[20.421,63.718],[20.421,63.712],[20.415,63.701],[20.406,63.69],[20.394,63.681],[20.383,63.678],[20.365,63.681],[20.355,63.689],[20.354,63.701],[20.362,63.716],[20.362,63.725],[20.352,63.739],[20.339,63.75],[20.326,63.754],[20.317,63.74],[20.318,63.679],[20.308,63.654],[20.295,63.652],[20.279,63.659],[20.268,63.671],[20.267,63.681],[20.275,63.693],[20.283,63.707],[20.287,63.721],[20.284,63.733],[20.265,63.72],[20.246,63.698],[20.236,63.674],[20.243,63.651],[20.219,63.653],[20.154,63.651],[20.143,63.648],[20.132,63.644],[20.12,63.642],[20.109,63.647],[20.102,63.657],[20.098,63.662],[20.092,63.664],[20.074,63.666],[20.053,63.663],[20.035,63.657],[20.02,63.647],[20.011,63.634],[20.013,63.623],[20.03,63.602],[19.952,63.619],[19.938,63.62],[19.923,63.612],[19.887,63.603],[19.88,63.599],[19.864,63.573],[19.828,63.556],[19.786,63.541],[19.753,63.524],[19.75,63.514],[19.767,63.488],[19.773,63.465],[19.769,63.461],[19.745,63.457],[19.736,63.453],[19.723,63.445],[19.7,63.434],[19.687,63.431],[19.64,63.445],[19.637,63.459],[19.64,63.47],[19.637,63.478],[19.613,63.486],[19.615,63.49],[19.617,63.497],[19.619,63.5],[19.606,63.504],[19.579,63.521],[19.526,63.531],[19.513,63.538],[19.492,63.553],[19.47,63.562],[19.446,63.561],[19.42,63.548],[19.431,63.543],[19.443,63.539],[19.469,63.534],[19.455,63.509],[19.467,63.501],[19.494,63.497],[19.523,63.486],[19.496,63.477],[19.482,63.474],[19.465,63.473],[19.461,63.469],[19.471,63.46],[19.512,63.433],[19.515,63.426],[19.517,63.415],[19.508,63.412],[19.488,63.417],[19.455,63.431],[19.373,63.48],[19.346,63.486],[19.345,63.478],[19.373,63.445],[19.351,63.44],[19.331,63.448],[19.316,63.458],[19.315,63.458],[19.313,63.465],[19.206,63.594],[19.079,63.694],[19.047,63.715],[19.026,63.725],[18.976,63.736],[18.969,63.74],[18.968,63.747],[18.967,63.756],[18.956,63.77],[18.934,63.781],[18.913,63.785],[18.874,63.784],[18.854,63.786],[18.832,63.792],[18.808,63.805],[18.788,63.811],[18.742,63.818],[18.692,63.831],[18.676,63.833],[18.601,63.831],[18.58,63.834],[18.521,63.852],[18.506,63.859],[18.497,63.865],[18.491,63.874],[18.431,63.928],[18.427,63.936],[18.431,63.939],[18.466,63.938],[18.475,63.941],[18.479,63.947],[18.476,63.958],[18.468,63.971],[18.427,63.983],[18.362,63.983],[17.73,63.889],[16.902,63.96],[16.784,63.997],[16.745,64.017],[16.263,64.256],[16.223,64.268],[16.194,64.274],[16.156,64.274],[16.085,64.263],[16.069,64.27],[16.049,64.291],[16.023,64.33],[15.985,64.354],[15.788,64.427],[15.765,64.445],[15.753,64.468],[15.745,64.507],[15.733,64.519],[15.713,64.531],[15.673,64.527],[15.659,64.511],[15.652,64.5],[15.639,64.473],[15.614,64.467],[15.605,64.468],[15.599,64.472],[15.588,64.49],[15.581,64.507],[15.577,64.513],[15.572,64.517],[15.558,64.527],[15.531,64.541],[15.364,64.606],[15.346,64.619],[15.329,64.628],[15.306,64.636],[15.291,64.645],[15.3,64.652],[15.361,64.666],[15.369,64.67],[15.366,64.673],[15.347,64.681],[15.323,64.688],[15.291,64.706],[15.282,64.714],[15.269,64.722],[15.252,64.731],[15.209,64.745],[15.17,64.755],[15.111,64.757],[15.101,64.759],[15.091,64.765],[15.076,64.779],[15.056,64.816],[15.044,64.832],[15.023,64.844],[15.004,64.851],[14.967,64.861],[14.915,64.869],[14.898,64.874],[14.886,64.879],[14.809,64.937],[14.798,64.948],[14.782,64.961],[14.763,64.973],[14.709,65.0],[14.341,65.112],[14.333,65.115]]],[[[20.839,63.768],[20.865,63.797],[20.905,63.794],[20.92,63.774],[20.873,63.754],[20.881,63.761],[20.873,63.771],[20.863,63.773],[20.852,63.772],[20.839,63.768]]],[[[20.871,63.669],[20.865,63.659],[20.856,63.651],[20.843,63.644],[20.826,63.644],[20.828,63.653],[20.865,63.677],[20.869,63.676],[20.871,63.669]]],[[[20.898,63.754],[20.907,63.756],[20.92,63.764],[20.938,63.773],[20.948,63.775],[20.947,63.773],[20.942,63.769],[20.941,63.766],[20.944,63.761],[20.943,63.757],[20.936,63.752],[20.933,63.745],[20.935,63.737],[20.937,63.727],[20.933,63.715],[20.923,63.703],[20.909,63.695],[20.894,63.69],[20.887,63.691],[20.88,63.691],[20.865,63.683],[20.862,63.693],[20.881,63.742],[20.889,63.75],[20.898,63.754]]]]}},{"type":"Feature","properties":{"name":"Jämtland","country":"SE"},"geometry":{"type":"Polygon","coordinates":[[[14.332,65.114],[14.333,65.115],[14.341,65.112],[14.709,65.0],[14.763,64.973],[14.782,64.961],[14.798,64.948],[14.809,64.937],[14.886,64.879],[14.898,64.874],[14.915,64.869],[14.967,64.861],[15.004,64.851],[15.023,64.844],[15.044,64.832],[15.056,64.816],[15.076,64.779],[15.091,64.765],[15.101,64.759],[15.111,64.757],[15.17,64.755],[15.209,64.745],[15.252,64.731],[15.269,64.722],[15.282,64.714],[15.291,64.706],[15.323,64.688],[15.347,64.681],[15.366,64.673],[15.369,64.67],[15.361,64.666],[15.3,64.652],[15.291,64.645],[15.306,64.636],[15.329,64.628],[15.346,64.619],[15.364,64.606],[15.531,64.541],[15.558,64.527],[15.572,64.517],[15.577,64.513],[15.581,64.507],[15.588,64.49],[15.599,64.472],[15.605,64.468],[15.614,64.467],[15.639,64.473],[15.652,64.5],[15.659,64.511],[15.673,64.527],[15.713,64.531],[15.733,64.519],[15.745,64.507],[15.753,64.468],[15.765,64.445],[15.788,64.427],[15.985,64.354],[16.023,64.33],[16.049,64.291],[16.069,64.27],[16.085,64.263],[16.156,64.274],[16.194,64.274],[16.223,64.268],[16.263,64.256],[16.745,64.017],[16.63,63.852],[16.619,63.793],[16.592,63.737],[16.528,63.715],[16.487,63.707],[16.262,63.692],[16.162,63.702],[16.104,63.696],[16.012,63.674],[15.938,63.664],[15.912,63.64],[15.967,63.591],[15.99,63.561],[16.007,63.514],[16.011,63.492],[16.02,63.462],[16.049,63.449],[16.089,63.442],[16.137,63.42],[16.181,63.378],[16.969,62.993],[16.965,62.979],[16.723,62.942],[16.658,62.922],[16.442,62.786],[16.392,62.745],[16.355,62.731],[16.314,62.725],[15.886,62.711],[15.609,62.653],[15.172,62.603],[14.994,62.611],[14.861,62.602],[14.834,62.593],[14.825,62.585],[14.829,62.578],[14.832,62.573],[14.834,62.566],[14.833,62.56],[14.831,62.554],[14.831,62.55],[14.833,62.545],[14.844,62.534],[14.85,62.527],[14.86,62.499],[14.871,62.482],[14.872,62.476],[14.866,62.469],[14.848,62.463],[14.838,62.455],[14.851,62.425],[14.897,62.403],[14.956,62.353],[15.001,62.328],[15.066,62.298],[15.127,62.283],[15.194,62.274],[15.27,62.288],[15.359,62.282],[15.38,62.24],[15.408,62.216],[15.43,62.201],[15.444,62.183],[15.455,62.16],[15.446,62.14],[15.417,62.117],[15.134,62.005],[15.125,62.0],[15.141,61.96],[15.145,61.943],[15.144,61.926],[15.138,61.909],[15.124,61.901],[15.12,61.894],[15.12,61.885],[15.124,61.87],[15.126,61.851],[15.112,61.838],[15.086,61.839],[15.058,61.853],[15.006,61.857],[14.96,61.854],[14.938,61.833],[14.902,61.831],[14.863,61.846],[14.838,61.84],[14.85,61.813],[14.845,61.801],[14.838,61.796],[14.824,61.801],[14.811,61.807],[14.74,61.871],[14.734,61.881],[14.715,61.879],[14.684,61.869],[14.602,61.812],[14.57,61.775],[14.545,61.723],[14.522,61.631],[14.482,61.592],[14.382,61.582],[14.296,61.6],[13.607,61.658],[13.546,61.686],[13.523,61.722],[13.495,61.753],[13.447,61.794],[13.409,61.836],[13.327,61.906],[13.359,61.98],[13.382,62.004],[13.285,62.047],[13.187,62.043],[13.049,62.081],[12.975,62.131],[12.797,62.207],[12.341,62.274],[12.315,62.272],[12.314,62.286],[12.286,62.335],[12.28,62.344],[12.091,62.586],[12.09,62.606],[12.103,62.634],[12.139,62.683],[12.154,62.711],[12.156,62.734],[12.097,62.886],[12.093,62.907],[12.104,62.923],[12.223,63.002],[12.06,63.205],[11.992,63.289],[12.205,63.455],[12.22,63.474],[12.22,63.497],[12.17,63.598],[12.293,63.657],[12.482,63.809],[12.682,63.956],[12.755,63.991],[12.982,64.059],[13.234,64.091],[13.587,64.05],[13.939,64.01],[13.964,64.01],[13.982,64.019],[14.148,64.169],[14.161,64.187],[14.161,64.205],[14.116,64.441],[14.097,64.465],[14.061,64.477],[13.982,64.484],[13.94,64.491],[13.643,64.584],[13.908,64.788],[14.172,64.991],[14.173,64.992],[14.311,65.084],[14.332,65.114]]]}},{"type":"Feature","properties":{"name":"Nord-Trøndelag","country":"NO"},"geometry":{"type":"MultiPolygon","coordinates":[[[[14.332,65.114],[14.311,65.084],[14.173,64.992],[14.172,64.991],[13.908,64.788],[13.643,64.584],[13.94,64.491],[13.982,64.484],[14.061,64.477],[14.097,64.465],[14.116,64.441],[14.161,64.205],[14.161,64.187],[14.148,64.169],[13.982,64.019],[13.964,64.01],[13.939,64.01],[13.587,64.05],[13.234,64.091],[12.982,64.059],[12.755,63.991],[12.682,63.956],[12.482,63.809],[12.293,63.657],[12.17,63.598],[12.22,63.497],[12.22,63.474],[12.205,63.455],[11.992,63.289],[12.06,63.205],[11.643,63.197],[11.459,63.337],[10.963,63.349],[10.932,63.354],[10.915,63.36],[10.897,63.374],[10.884,63.387],[10.876,63.446],[10.893,63.45],[10.908,63.456],[10.916,63.467],[10.822,63.476],[10.778,63.487],[10.759,63.517],[10.781,63.539],[10.831,63.55],[10.923,63.555],[10.923,63.562],[10.877,63.564],[10.857,63.569],[10.861,63.579],[10.879,63.583],[10.897,63.584],[10.912,63.589],[10.923,63.602],[10.851,63.598],[10.818,63.591],[10.786,63.579],[10.768,63.574],[10.73,63.572],[10.714,63.565],[10.702,63.557],[10.688,63.552],[10.672,63.549],[10.656,63.548],[10.656,63.555],[10.673,63.558],[10.68,63.568],[10.686,63.578],[10.697,63.582],[10.705,63.584],[10.709,63.588],[10.711,63.593],[10.714,63.599],[10.72,63.603],[10.729,63.609],[10.735,63.613],[10.756,63.625],[10.788,63.635],[10.845,63.644],[10.864,63.651],[10.905,63.684],[11.034,63.719],[11.057,63.716],[11.083,63.705],[11.12,63.705],[11.157,63.711],[11.184,63.72],[11.206,63.734],[11.242,63.765],[11.266,63.774],[11.337,63.784],[11.443,63.786],[11.458,63.79],[11.464,63.802],[11.46,63.812],[11.449,63.819],[11.436,63.822],[11.424,63.822],[11.428,63.825],[11.434,63.833],[11.438,63.836],[11.415,63.85],[11.355,63.848],[11.327,63.853],[11.302,63.863],[11.277,63.867],[11.252,63.867],[11.112,63.85],[11.102,63.852],[11.097,63.858],[11.095,63.867],[11.095,63.877],[11.096,63.89],[11.102,63.894],[11.112,63.894],[11.177,63.909],[11.2,63.92],[11.211,63.935],[11.223,63.946],[11.3,63.966],[11.437,63.983],[11.463,63.993],[11.487,64.007],[11.498,64.021],[11.454,64.017],[11.442,64.026],[11.426,64.029],[11.367,64.027],[11.262,64.036],[11.254,64.038],[11.242,64.052],[11.241,64.061],[11.252,64.068],[11.28,64.076],[11.345,64.105],[11.362,64.117],[11.328,64.114],[11.3,64.107],[11.225,64.072],[11.204,64.027],[11.198,64.021],[11.175,64.007],[10.963,63.948],[10.936,63.936],[10.911,63.922],[10.892,63.907],[10.871,63.897],[10.838,63.887],[10.72,63.87],[10.689,63.86],[10.646,63.833],[10.595,63.82],[10.574,63.809],[10.594,63.809],[10.613,63.812],[10.632,63.816],[10.689,63.84],[10.701,63.843],[10.77,63.85],[10.9,63.895],[10.935,63.898],[11.001,63.877],[11.03,63.872],[11.056,63.861],[11.074,63.836],[11.053,63.831],[11.03,63.823],[11.008,63.813],[10.992,63.802],[10.987,63.794],[10.982,63.776],[10.978,63.768],[10.972,63.763],[10.955,63.756],[10.947,63.75],[10.91,63.731],[10.811,63.72],[10.741,63.69],[10.672,63.687],[10.643,63.678],[10.634,63.67],[10.612,63.64],[10.602,63.636],[10.567,63.625],[10.53,63.62],[10.416,63.579],[10.402,63.576],[10.367,63.573],[10.335,63.564],[10.32,63.562],[10.241,63.562],[10.228,63.559],[10.205,63.544],[10.198,63.542],[10.176,63.56],[10.168,63.573],[10.163,63.588],[10.165,63.598],[10.172,63.605],[10.181,63.612],[10.201,63.635],[10.24,63.655],[10.415,63.714],[10.482,63.738],[10.497,63.748],[10.498,63.751],[10.5,63.754],[10.502,63.761],[10.525,63.805],[10.581,63.858],[10.642,63.898],[10.783,63.955],[10.798,63.968],[10.801,63.98],[10.801,63.989],[10.807,63.994],[10.823,64.001],[10.828,64.006],[10.826,64.014],[10.818,64.023],[10.818,64.034],[10.823,64.041],[10.874,64.075],[10.917,64.106],[10.879,64.127],[10.845,64.129],[10.812,64.144],[10.833,64.197],[10.909,64.223],[10.964,64.294],[10.886,64.305],[10.79,64.334],[10.761,64.347],[10.709,64.38],[10.661,64.395],[10.626,64.405],[10.625,64.405],[10.623,64.41],[10.613,64.421],[10.602,64.427],[10.594,64.425],[10.592,64.43],[10.588,64.433],[10.585,64.434],[10.593,64.441],[10.599,64.449],[10.605,64.452],[10.615,64.45],[10.631,64.441],[10.639,64.439],[10.646,64.435],[10.659,64.421],[10.666,64.418],[10.721,64.418],[10.732,64.416],[10.737,64.41],[10.74,64.403],[10.745,64.398],[10.754,64.393],[10.815,64.37],[10.835,64.369],[10.855,64.378],[10.799,64.401],[10.787,64.411],[10.805,64.421],[10.797,64.432],[10.775,64.442],[10.753,64.446],[10.68,64.439],[10.656,64.446],[10.656,64.452],[10.67,64.454],[10.692,64.468],[10.704,64.473],[10.715,64.472],[10.74,64.467],[10.753,64.466],[10.753,64.468],[10.754,64.473],[10.757,64.478],[10.762,64.48],[10.793,64.48],[10.806,64.477],[10.827,64.467],[10.841,64.466],[10.837,64.483],[10.828,64.492],[10.815,64.498],[10.8,64.507],[10.825,64.511],[10.848,64.505],[10.869,64.492],[10.885,64.477],[10.892,64.475],[10.9,64.48],[10.909,64.488],[10.916,64.493],[10.927,64.492],[10.936,64.487],[10.945,64.484],[10.957,64.487],[10.926,64.502],[10.923,64.507],[10.928,64.513],[10.939,64.513],[10.964,64.507],[10.964,64.515],[10.95,64.52],[10.949,64.529],[10.954,64.539],[10.957,64.552],[10.952,64.559],[10.94,64.566],[10.926,64.572],[10.916,64.576],[10.916,64.583],[10.927,64.582],[10.935,64.584],[10.95,64.59],[10.954,64.593],[10.956,64.597],[10.957,64.601],[10.957,64.603],[10.971,64.603],[10.995,64.593],[11.052,64.58],[11.06,64.576],[11.063,64.566],[11.06,64.547],[11.063,64.538],[11.076,64.524],[11.084,64.522],[11.101,64.521],[11.167,64.489],[11.178,64.479],[11.176,64.466],[11.163,64.446],[11.185,64.442],[11.245,64.452],[11.27,64.453],[11.294,64.449],[11.318,64.442],[11.342,64.432],[11.332,64.412],[11.32,64.399],[11.269,64.367],[11.225,64.323],[11.247,64.326],[11.267,64.34],[11.3,64.37],[11.378,64.397],[11.389,64.405],[11.37,64.411],[11.362,64.411],[11.37,64.42],[11.397,64.446],[11.41,64.452],[11.417,64.451],[11.435,64.441],[11.443,64.439],[11.454,64.44],[11.477,64.452],[11.52,64.463],[11.613,64.469],[11.656,64.48],[11.438,64.466],[11.448,64.477],[11.452,64.496],[11.461,64.511],[11.475,64.517],[11.521,64.518],[11.54,64.521],[11.54,64.528],[11.528,64.529],[11.518,64.533],[11.51,64.539],[11.506,64.548],[11.574,64.556],[11.555,64.544],[11.547,64.542],[11.57,64.537],[11.656,64.57],[11.751,64.586],[11.78,64.597],[11.659,64.594],[11.636,64.583],[11.624,64.593],[11.628,64.603],[11.634,64.613],[11.629,64.624],[11.611,64.629],[11.589,64.623],[11.568,64.612],[11.553,64.603],[11.563,64.599],[11.573,64.596],[11.584,64.596],[11.595,64.597],[11.577,64.575],[11.548,64.568],[11.517,64.573],[11.495,64.586],[11.486,64.595],[11.464,64.611],[11.454,64.62],[11.443,64.627],[11.43,64.632],[11.421,64.636],[11.424,64.644],[11.424,64.651],[11.413,64.656],[11.402,64.663],[11.396,64.673],[11.396,64.686],[11.402,64.688],[11.411,64.686],[11.42,64.686],[11.424,64.696],[11.421,64.699],[11.413,64.703],[11.403,64.706],[11.396,64.707],[11.421,64.714],[11.48,64.719],[11.532,64.745],[11.56,64.742],[11.589,64.736],[11.616,64.74],[11.61,64.742],[11.595,64.748],[11.595,64.758],[11.584,64.762],[11.568,64.763],[11.553,64.767],[11.79,64.784],[11.823,64.794],[11.842,64.795],[11.842,64.802],[11.739,64.802],[11.746,64.809],[11.717,64.811],[11.671,64.821],[11.643,64.823],[11.677,64.832],[11.787,64.836],[11.787,64.841],[11.786,64.844],[11.78,64.85],[11.787,64.858],[11.719,64.841],[11.684,64.837],[11.649,64.843],[11.709,64.858],[11.726,64.877],[11.745,64.884],[11.766,64.889],[11.815,64.895],[11.917,64.925],[11.992,64.93],[12.009,64.936],[12.019,64.943],[12.051,64.957],[12.064,64.96],[12.225,64.939],[12.186,64.96],[12.144,64.969],[12.053,64.973],[12.034,64.97],[11.998,64.956],[11.982,64.953],[11.912,64.949],[11.739,64.891],[11.617,64.87],[11.608,64.862],[11.622,64.85],[11.622,64.843],[11.548,64.82],[11.523,64.816],[11.495,64.815],[11.478,64.811],[11.465,64.801],[11.447,64.785],[11.427,64.77],[11.403,64.76],[11.379,64.752],[11.261,64.734],[11.239,64.74],[11.251,64.745],[11.31,64.756],[11.338,64.765],[11.351,64.767],[11.361,64.771],[11.421,64.808],[11.43,64.816],[11.346,64.805],[11.302,64.822],[11.255,64.817],[11.232,64.823],[11.253,64.838],[11.282,64.844],[11.524,64.862],[11.665,64.893],[11.697,64.912],[11.672,64.912],[11.602,64.891],[11.245,64.858],[11.267,64.87],[11.401,64.922],[11.423,64.925],[11.45,64.922],[11.512,64.898],[11.533,64.896],[11.554,64.899],[11.575,64.907],[11.595,64.918],[11.595,64.925],[11.578,64.923],[11.549,64.908],[11.534,64.905],[11.522,64.908],[11.477,64.933],[11.495,64.941],[11.56,64.953],[11.58,64.953],[11.621,64.944],[11.636,64.946],[11.631,64.949],[11.622,64.956],[11.616,64.96],[11.629,64.966],[11.64,64.963],[11.65,64.957],[11.663,64.953],[11.711,64.957],[11.767,64.971],[11.776,64.977],[11.82,64.981],[11.835,64.987],[11.818,64.991],[11.805,64.999],[11.802,65.008],[11.814,65.018],[11.873,65.042],[11.908,65.049],[11.943,65.062],[11.979,65.069],[12.012,65.055],[12.009,65.046],[12.01,65.036],[12.015,65.03],[12.026,65.031],[12.031,65.036],[12.039,65.052],[12.043,65.059],[12.045,65.06],[12.051,65.058],[12.059,65.041],[12.079,65.031],[12.093,65.023],[12.109,65.019],[12.126,65.019],[12.156,65.022],[12.167,65.02],[12.176,65.011],[12.176,65.01],[12.173,65.004],[12.173,64.998],[12.184,64.994],[12.194,64.995],[12.201,64.999],[12.202,64.999],[12.223,64.998],[12.241,64.995],[12.255,64.989],[12.274,64.977],[12.293,64.972],[12.31,64.972],[12.351,64.982],[12.42,64.988],[12.559,64.978],[12.575,64.972],[12.591,64.962],[12.625,64.95],[12.707,64.953],[12.759,64.95],[12.768,64.953],[12.78,64.958],[12.788,64.965],[12.804,64.972],[12.896,64.98],[12.919,64.985],[12.934,64.991],[12.94,64.996],[12.942,64.999],[12.942,65.0],[12.935,65.012],[12.932,65.02],[12.939,65.03],[12.951,65.035],[12.988,65.04],[13.024,65.053],[13.081,65.078],[13.094,65.085],[13.105,65.097],[13.121,65.112],[13.131,65.116],[13.143,65.119],[13.158,65.12],[13.324,65.105],[13.556,65.114],[13.644,65.106],[13.678,65.106],[14.227,65.132],[14.332,65.114]]],[[[11.286,64.559],[11.312,64.54],[11.426,64.54],[11.451,64.515],[11.439,64.507],[11.431,64.497],[11.417,64.473],[11.391,64.483],[11.316,64.488],[11.3,64.497],[11.284,64.513],[11.247,64.515],[11.18,64.507],[11.129,64.556],[11.142,64.571],[11.17,64.574],[11.225,64.57],[11.192,64.596],[11.084,64.588],[11.043,64.6],[11.037,64.614],[11.043,64.63],[11.054,64.644],[11.067,64.651],[11.086,64.652],[11.106,64.646],[11.142,64.631],[11.229,64.611],[11.269,64.592],[11.286,64.559]]],[[[11.091,64.902],[11.081,64.898],[11.006,64.898],[10.94,64.875],[10.907,64.857],[10.879,64.852],[10.85,64.849],[10.827,64.85],[10.827,64.858],[11.089,64.95],[11.101,64.953],[11.116,64.951],[11.141,64.942],[11.167,64.937],[11.181,64.932],[11.193,64.924],[11.198,64.915],[11.207,64.909],[11.266,64.898],[11.266,64.894],[11.265,64.892],[11.262,64.892],[11.259,64.891],[11.217,64.866],[11.176,64.849],[11.132,64.839],[11.081,64.836],[11.085,64.846],[11.088,64.85],[11.078,64.854],[11.068,64.855],[11.057,64.853],[11.046,64.85],[11.046,64.858],[11.062,64.863],[11.08,64.875],[11.092,64.89],[11.091,64.902]]],[[[10.841,64.877],[10.817,64.869],[10.738,64.85],[10.742,64.86],[10.745,64.864],[10.711,64.864],[10.73,64.872],[10.741,64.887],[10.751,64.904],[10.766,64.918],[10.784,64.924],[10.851,64.925],[10.872,64.928],[10.925,64.942],[10.963,64.957],[11.033,64.973],[11.034,64.988],[11.059,64.99],[11.092,64.984],[11.115,64.973],[11.112,64.969],[11.109,64.968],[11.105,64.968],[10.965,64.919],[10.899,64.908],[10.841,64.877]]],[[[11.466,64.588],[11.473,64.57],[11.482,64.563],[11.48,64.556],[11.466,64.551],[11.438,64.55],[11.434,64.547],[11.437,64.544],[11.433,64.542],[11.414,64.546],[11.386,64.553],[11.351,64.564],[11.345,64.574],[11.348,64.583],[11.354,64.587],[11.369,64.591],[11.368,64.604],[11.361,64.628],[11.367,64.634],[11.391,64.611],[11.389,64.62],[11.393,64.626],[11.403,64.623],[11.444,64.595],[11.454,64.593],[11.466,64.588]]],[[[11.351,64.652],[11.344,64.639],[11.341,64.629],[11.342,64.623],[11.34,64.62],[11.334,64.617],[11.329,64.614],[11.326,64.609],[11.321,64.603],[11.312,64.6],[11.298,64.603],[11.28,64.612],[11.265,64.623],[11.255,64.634],[11.245,64.639],[11.237,64.639],[11.231,64.636],[11.229,64.634],[11.22,64.633],[11.173,64.637],[11.17,64.645],[11.182,64.653],[11.182,64.657],[11.168,64.66],[11.171,64.664],[11.174,64.669],[11.186,64.674],[11.304,64.692],[11.317,64.69],[11.316,64.681],[11.343,64.678],[11.356,64.667],[11.351,64.652]]],[[[11.762,65.119],[11.777,65.118],[11.777,65.11],[11.765,65.102],[11.745,65.095],[11.71,65.082],[11.689,65.077],[11.674,65.072],[11.674,65.069],[11.688,65.069],[11.701,65.065],[11.698,65.057],[11.684,65.051],[11.669,65.045],[11.657,65.042],[11.652,65.046],[11.654,65.052],[11.653,65.058],[11.652,65.06],[11.658,65.065],[11.65,65.065],[11.627,65.058],[11.604,65.048],[11.58,65.043],[11.559,65.042],[11.519,65.055],[11.519,65.059],[11.527,65.062],[11.528,65.064],[11.525,65.065],[11.529,65.075],[11.531,65.085],[11.541,65.092],[11.555,65.096],[11.566,65.104],[11.58,65.11],[11.662,65.118],[11.689,65.118],[11.707,65.114],[11.719,65.108],[11.726,65.107],[11.731,65.109],[11.733,65.112],[11.743,65.115],[11.762,65.119]]]]}},{"type":"Feature","properties":{"name":"Sør-Trøndelag","country":"NO"},"geometry":{"type":"MultiPolygon","coordinates":[[[[12.06,63.205],[12.223,63.002],[12.104,62.923],[12.093,62.907],[12.097,62.886],[12.156,62.734],[12.154,62.711],[12.139,62.683],[12.103,62.634],[12.09,62.606],[12.091,62.586],[12.28,62.344],[12.279,62.344],[12.171,62.333],[12.012,62.366],[11.823,62.386],[11.795,62.379],[11.719,62.369],[11.704,62.371],[11.686,62.376],[11.667,62.383],[11.64,62.391],[11.573,62.397],[11.541,62.407],[11.516,62.426],[11.493,62.45],[11.477,62.461],[11.235,62.569],[11.214,62.585],[11.198,62.6],[11.184,62.619],[11.175,62.639],[11.173,62.652],[11.169,62.666],[11.125,62.68],[10.896,62.708],[10.806,62.696],[10.753,62.67],[10.743,62.669],[10.73,62.669],[10.722,62.672],[10.716,62.677],[10.713,62.681],[10.705,62.688],[10.674,62.696],[10.587,62.688],[10.286,62.707],[10.157,62.655],[10.097,62.586],[10.077,62.542],[10.075,62.511],[10.089,62.485],[10.105,62.443],[10.087,62.428],[10.073,62.425],[9.985,62.405],[9.971,62.397],[9.952,62.384],[9.933,62.365],[9.917,62.357],[9.903,62.354],[9.864,62.361],[9.855,62.358],[9.851,62.352],[9.848,62.344],[9.833,62.33],[9.827,62.321],[9.783,62.286],[9.597,62.274],[9.511,62.291],[9.461,62.307],[9.243,62.351],[9.091,62.38],[9.167,62.419],[9.18,62.435],[9.194,62.457],[9.198,62.483],[9.209,62.51],[9.224,62.529],[9.239,62.545],[9.245,62.557],[9.245,62.565],[9.238,62.57],[9.231,62.572],[9.183,62.578],[9.168,62.583],[8.941,62.714],[8.932,62.73],[8.936,62.736],[8.948,62.742],[9.303,62.805],[9.369,62.819],[9.416,62.833],[9.452,62.887],[9.453,62.899],[9.451,62.915],[9.445,62.926],[9.442,62.938],[9.45,62.952],[9.471,62.967],[9.556,63.003],[9.581,63.02],[9.565,63.028],[9.541,63.036],[9.52,63.046],[9.49,63.053],[9.483,63.068],[9.486,63.079],[9.487,63.095],[9.48,63.107],[9.477,63.117],[9.476,63.161],[9.474,63.179],[9.467,63.192],[9.415,63.207],[9.329,63.211],[9.279,63.212],[9.238,63.2],[9.22,63.191],[9.214,63.182],[9.215,63.172],[9.221,63.159],[9.218,63.146],[9.206,63.141],[9.145,63.142],[9.037,63.155],[8.999,63.148],[8.948,63.132],[8.901,63.129],[8.859,63.138],[8.849,63.161],[8.808,63.184],[8.805,63.189],[8.81,63.194],[8.85,63.203],[8.943,63.212],[8.869,63.211],[8.877,63.234],[8.885,63.271],[8.912,63.331],[8.915,63.356],[8.909,63.37],[8.894,63.378],[8.856,63.388],[8.835,63.396],[8.82,63.405],[8.795,63.424],[8.786,63.43],[8.792,63.431],[8.823,63.429],[8.843,63.42],[8.859,63.408],[8.881,63.398],[8.891,63.421],[8.926,63.424],[8.967,63.419],[8.997,63.418],[8.997,63.424],[8.973,63.424],[8.967,63.433],[8.975,63.447],[9.001,63.466],[9.006,63.467],[9.018,63.467],[9.053,63.452],[9.114,63.418],[9.123,63.407],[9.129,63.395],[9.136,63.384],[9.149,63.376],[9.126,63.362],[9.103,63.343],[9.089,63.32],[9.093,63.294],[9.125,63.321],[9.143,63.331],[9.192,63.338],[9.265,63.363],[9.435,63.38],[9.477,63.404],[9.45,63.401],[9.394,63.387],[9.26,63.381],[9.23,63.373],[9.218,63.372],[9.204,63.377],[9.192,63.384],[9.168,63.402],[9.169,63.421],[9.183,63.434],[9.482,63.473],[9.484,63.476],[9.484,63.483],[9.481,63.487],[9.472,63.486],[9.457,63.48],[9.364,63.466],[9.333,63.467],[9.301,63.478],[9.285,63.48],[9.28,63.482],[9.268,63.496],[9.258,63.5],[9.262,63.485],[9.268,63.474],[9.278,63.465],[9.292,63.459],[9.21,63.459],[9.167,63.467],[9.149,63.486],[9.162,63.507],[9.193,63.514],[9.244,63.514],[9.237,63.535],[9.256,63.535],[9.283,63.53],[9.302,63.531],[9.319,63.543],[9.343,63.556],[9.368,63.563],[9.388,63.562],[9.378,63.554],[9.374,63.542],[9.378,63.531],[9.388,63.521],[9.403,63.519],[9.417,63.525],[9.46,63.562],[9.477,63.572],[9.495,63.577],[9.519,63.575],[9.536,63.567],[9.56,63.546],[9.573,63.541],[9.561,63.566],[9.546,63.581],[9.524,63.588],[9.491,63.589],[9.517,63.604],[9.546,63.61],[9.608,63.617],[9.668,63.638],[9.699,63.645],[9.724,63.637],[9.72,63.621],[9.74,63.603],[9.786,63.575],[9.8,63.563],[9.811,63.549],[9.814,63.532],[9.806,63.514],[9.899,63.477],[9.947,63.45],[9.961,63.428],[9.941,63.395],[9.928,63.377],[9.833,63.329],[9.857,63.325],[9.894,63.331],[9.931,63.342],[9.979,63.364],[10.013,63.362],[10.047,63.352],[10.099,63.325],[10.139,63.322],[10.211,63.329],[10.242,63.326],[10.254,63.314],[10.259,63.267],[10.269,63.273],[10.272,63.282],[10.272,63.305],[10.273,63.308],[10.276,63.309],[10.278,63.312],[10.28,63.318],[10.277,63.324],[10.273,63.327],[10.268,63.329],[10.266,63.332],[10.245,63.344],[10.084,63.361],[10.069,63.365],[10.056,63.373],[10.049,63.382],[10.042,63.395],[10.041,63.406],[10.05,63.411],[10.06,63.415],[10.084,63.433],[10.094,63.439],[10.156,63.452],[10.3,63.467],[10.317,63.464],[10.355,63.445],[10.373,63.442],[10.387,63.443],[10.415,63.452],[10.447,63.457],[10.482,63.455],[10.516,63.447],[10.546,63.435],[10.577,63.431],[10.69,63.452],[10.696,63.447],[10.759,63.439],[10.784,63.423],[10.798,63.417],[10.81,63.421],[10.83,63.441],[10.841,63.444],[10.876,63.446],[10.884,63.387],[10.897,63.374],[10.915,63.36],[10.932,63.354],[10.963,63.349],[11.459,63.337],[11.643,63.197],[12.06,63.205]]],[[[10.198,63.542],[10.194,63.541],[10.166,63.537],[10.08,63.508],[10.041,63.502],[9.998,63.5],[9.992,63.498],[9.986,63.495],[9.98,63.493],[9.974,63.497],[9.969,63.5],[9.963,63.504],[9.956,63.507],[9.918,63.515],[9.908,63.532],[9.904,63.555],[9.888,63.575],[9.898,63.586],[9.902,63.589],[9.886,63.595],[9.85,63.597],[9.833,63.602],[9.818,63.614],[9.811,63.627],[9.815,63.638],[9.833,63.644],[9.826,63.654],[9.817,63.659],[9.792,63.664],[9.796,63.669],[9.797,63.672],[9.8,63.675],[9.806,63.678],[9.803,63.682],[9.799,63.692],[9.843,63.696],[9.924,63.715],[10.0,63.724],[10.036,63.735],[10.071,63.75],[10.101,63.768],[10.076,63.766],[10.03,63.748],[10.005,63.746],[10.01,63.758],[10.018,63.766],[10.028,63.771],[10.039,63.774],[10.03,63.783],[10.012,63.78],[9.992,63.772],[9.974,63.768],[9.956,63.766],[9.907,63.757],[9.858,63.732],[9.78,63.723],[9.729,63.702],[9.649,63.699],[9.646,63.696],[9.644,63.692],[9.643,63.687],[9.642,63.685],[9.637,63.684],[9.626,63.686],[9.621,63.685],[9.587,63.671],[9.544,63.666],[9.551,63.683],[9.568,63.707],[9.553,63.72],[9.553,63.726],[9.72,63.763],[9.778,63.768],[9.778,63.774],[9.581,63.759],[9.546,63.774],[9.663,63.819],[9.831,63.862],[9.874,63.863],[9.874,63.869],[9.831,63.871],[9.811,63.875],[9.792,63.884],[9.892,63.903],[9.912,63.901],[9.915,63.892],[9.908,63.886],[9.907,63.884],[9.926,63.884],[9.937,63.886],[9.97,63.904],[10.068,63.918],[10.116,63.941],[10.174,63.934],[10.197,63.938],[10.172,63.957],[10.159,63.964],[10.142,63.966],[10.126,63.962],[10.096,63.949],[10.064,63.944],[10.031,63.934],[9.994,63.929],[9.962,63.919],[9.943,63.918],[9.973,63.942],[10.087,63.967],[10.128,63.987],[10.113,63.987],[10.102,63.982],[10.092,63.976],[10.08,63.973],[10.07,63.976],[10.065,63.983],[10.059,63.987],[9.993,63.965],[9.963,63.96],[9.936,63.959],[9.945,63.972],[9.972,63.984],[9.984,63.993],[9.989,64.01],[9.991,64.026],[9.998,64.036],[10.018,64.035],[10.014,64.044],[10.014,64.049],[10.026,64.062],[10.015,64.07],[10.003,64.082],[9.996,64.095],[9.998,64.11],[10.014,64.119],[10.036,64.115],[10.084,64.101],[10.098,64.092],[10.108,64.09],[10.192,64.102],[10.209,64.11],[10.217,64.124],[10.191,64.117],[10.108,64.117],[10.117,64.13],[10.134,64.138],[10.153,64.141],[10.17,64.137],[10.161,64.148],[10.156,64.151],[10.156,64.158],[10.197,64.158],[10.185,64.161],[10.178,64.167],[10.177,64.175],[10.183,64.185],[10.178,64.189],[10.175,64.193],[10.172,64.196],[10.17,64.199],[10.188,64.198],[10.205,64.194],[10.222,64.193],[10.237,64.199],[10.234,64.201],[10.233,64.201],[10.231,64.206],[10.255,64.206],[10.297,64.21],[10.32,64.206],[10.365,64.185],[10.374,64.185],[10.365,64.207],[10.323,64.222],[10.245,64.234],[10.259,64.246],[10.284,64.252],[10.334,64.26],[10.331,64.264],[10.327,64.274],[10.352,64.275],[10.397,64.264],[10.392,64.278],[10.391,64.288],[10.408,64.289],[10.436,64.285],[10.449,64.29],[10.463,64.294],[10.476,64.296],[10.491,64.295],[10.491,64.301],[10.458,64.301],[10.45,64.313],[10.452,64.331],[10.45,64.35],[10.471,64.35],[10.478,64.35],[10.471,64.357],[10.494,64.356],[10.517,64.35],[10.559,64.329],[10.554,64.344],[10.539,64.353],[10.505,64.364],[10.505,64.37],[10.547,64.369],[10.567,64.364],[10.598,64.346],[10.615,64.346],[10.649,64.357],[10.649,64.364],[10.621,64.363],[10.607,64.365],[10.601,64.374],[10.598,64.383],[10.591,64.388],[10.581,64.39],[10.57,64.391],[10.567,64.393],[10.564,64.398],[10.56,64.403],[10.553,64.405],[10.464,64.405],[10.471,64.416],[10.483,64.424],[10.497,64.429],[10.512,64.432],[10.544,64.426],[10.599,64.402],[10.628,64.398],[10.625,64.405],[10.626,64.405],[10.661,64.395],[10.709,64.38],[10.761,64.347],[10.79,64.334],[10.886,64.305],[10.964,64.294],[10.909,64.223],[10.833,64.197],[10.812,64.144],[10.845,64.129],[10.879,64.127],[10.917,64.106],[10.874,64.075],[10.823,64.041],[10.818,64.034],[10.818,64.023],[10.826,64.014],[10.828,64.006],[10.823,64.001],[10.807,63.994],[10.801,63.989],[10.801,63.98],[10.798,63.968],[10.783,63.955],[10.642,63.898],[10.581,63.858],[10.525,63.805],[10.502,63.761],[10.5,63.754],[10.498,63.751],[10.497,63.748],[10.482,63.738],[10.415,63.714],[10.24,63.655],[10.201,63.635],[10.181,63.612],[10.172,63.605],[10.165,63.598],[10.163,63.588],[10.168,63.573],[10.176,63.56],[10.198,63.542]]],[[[9.139,63.568],[9.176,63.568],[9.176,63.562],[9.142,63.555],[9.107,63.533],[8.859,63.487],[8.718,63.484],[8.662,63.468],[8.573,63.459],[8.504,63.434],[8.477,63.431],[8.409,63.431],[8.39,63.434],[8.346,63.452],[8.345,63.454],[8.343,63.456],[8.34,63.458],[8.333,63.459],[8.325,63.457],[8.321,63.452],[8.319,63.447],[8.313,63.445],[8.299,63.446],[8.288,63.449],[8.282,63.455],[8.285,63.467],[8.278,63.467],[8.288,63.487],[8.301,63.501],[8.317,63.513],[8.413,63.558],[8.435,63.562],[8.618,63.571],[8.691,63.563],[8.71,63.564],[8.723,63.568],[8.682,63.579],[8.585,63.587],[8.545,63.602],[8.565,63.612],[8.582,63.614],[8.621,63.61],[8.788,63.64],[8.828,63.64],[8.833,63.617],[8.846,63.616],[8.855,63.62],[8.859,63.628],[8.861,63.64],[8.868,63.646],[8.885,63.649],[8.919,63.651],[8.952,63.657],[8.965,63.656],[8.977,63.644],[8.973,63.644],[8.966,63.64],[8.96,63.634],[8.957,63.63],[8.961,63.625],[8.974,63.62],[8.988,63.593],[9.015,63.597],[9.049,63.608],[9.08,63.606],[9.121,63.582],[9.125,63.577],[9.124,63.573],[9.127,63.569],[9.139,63.568]]],[[[8.36,63.671],[8.335,63.668],[8.313,63.668],[8.293,63.673],[8.272,63.685],[8.332,63.702],[8.518,63.72],[8.743,63.774],[8.727,63.78],[8.709,63.779],[8.69,63.774],[8.675,63.768],[8.682,63.78],[8.737,63.809],[8.752,63.802],[8.769,63.806],[8.787,63.812],[8.805,63.815],[8.802,63.812],[8.8,63.808],[8.797,63.805],[8.792,63.802],[8.792,63.795],[8.805,63.791],[8.811,63.782],[8.813,63.761],[8.817,63.75],[8.822,63.743],[8.825,63.734],[8.826,63.72],[8.792,63.698],[8.743,63.688],[8.545,63.678],[8.476,63.664],[8.456,63.671],[8.526,63.692],[8.47,63.684],[8.456,63.678],[8.442,63.685],[8.414,63.683],[8.36,63.671]]],[[[9.16,63.648],[9.167,63.647],[9.171,63.641],[9.162,63.634],[9.132,63.629],[9.111,63.621],[9.076,63.613],[9.03,63.617],[9.014,63.627],[9.027,63.63],[9.03,63.633],[9.031,63.638],[9.038,63.644],[9.04,63.649],[9.041,63.655],[9.048,63.659],[9.058,63.661],[9.085,63.662],[9.108,63.66],[9.118,63.655],[9.119,63.652],[9.123,63.65],[9.145,63.652],[9.15,63.651],[9.157,63.648],[9.16,63.648]]],[[[9.931,64.028],[9.94,64.022],[9.944,64.011],[9.928,64.003],[9.908,63.998],[9.892,63.997],[9.881,64.003],[9.867,64.007],[9.854,64.009],[9.856,64.013],[9.874,64.016],[9.881,64.02],[9.876,64.023],[9.867,64.024],[9.857,64.023],[9.847,64.026],[9.844,64.033],[9.851,64.038],[9.875,64.038],[9.88,64.043],[9.889,64.049],[9.904,64.046],[9.918,64.037],[9.92,64.032],[9.92,64.028],[9.931,64.028]]]]}},{"type":"Feature","properties":{"name":"Hedmark","country":"NO"},"geometry":{"type":"Polygon","coordinates":[[[12.28,62.344],[12.286,62.335],[12.314,62.286],[12.315,62.272],[12.318,62.234],[12.24,61.979],[12.162,61.725],[12.176,61.712],[12.291,61.651],[12.338,61.633],[12.416,61.582],[12.445,61.574],[12.482,61.569],[12.551,61.567],[12.583,61.561],[12.614,61.547],[12.877,61.371],[12.887,61.361],[12.888,61.35],[12.855,61.255],[12.84,61.227],[12.82,61.205],[12.747,61.151],[12.739,61.142],[12.733,61.129],[12.713,61.061],[12.711,61.057],[12.704,61.046],[12.682,61.04],[12.57,61.051],[12.512,61.049],[12.281,61.015],[12.253,61.002],[12.256,60.981],[12.295,60.935],[12.313,60.902],[12.335,60.829],[12.35,60.793],[12.377,60.754],[12.482,60.657],[12.594,60.515],[12.609,60.486],[12.613,60.455],[12.605,60.419],[12.594,60.395],[12.578,60.376],[12.559,60.36],[12.505,60.326],[12.492,60.312],[12.487,60.296],[12.496,60.262],[12.522,60.198],[12.525,60.162],[12.511,60.118],[12.483,60.081],[12.447,60.051],[12.291,59.959],[12.144,59.898],[12.103,59.894],[11.942,59.902],[11.89,59.893],[11.875,59.885],[11.874,59.885],[11.874,59.886],[11.864,59.895],[11.855,59.904],[11.848,59.916],[11.842,59.934],[11.83,59.998],[11.83,60.002],[11.832,60.006],[11.839,60.015],[11.842,60.021],[11.845,60.047],[11.842,60.058],[11.84,60.062],[11.819,60.07],[11.738,60.117],[11.623,60.158],[11.596,60.172],[11.586,60.18],[11.58,60.19],[11.577,60.21],[11.59,60.252],[11.588,60.268],[11.583,60.28],[11.511,60.316],[11.432,60.368],[11.393,60.411],[11.38,60.431],[11.354,60.461],[11.308,60.492],[11.289,60.499],[11.243,60.513],[11.237,60.516],[11.231,60.523],[11.231,60.541],[11.224,60.557],[11.215,60.571],[11.196,60.588],[11.187,60.602],[11.164,60.623],[11.148,60.642],[11.131,60.645],[11.128,60.648],[11.048,60.685],[10.806,60.768],[10.79,60.779],[10.78,60.78],[10.767,60.783],[10.727,60.804],[10.719,60.814],[10.713,60.825],[10.711,60.835],[10.716,60.843],[10.735,60.859],[10.738,60.868],[10.73,60.884],[10.601,60.978],[10.576,60.989],[10.516,61.005],[10.459,61.037],[10.45,61.047],[10.448,61.057],[10.475,61.065],[10.486,61.068],[10.497,61.069],[10.604,61.119],[10.64,61.143],[10.732,61.221],[10.738,61.228],[10.745,61.241],[10.778,61.259],[10.854,61.281],[10.688,61.48],[10.679,61.556],[10.626,61.707],[10.608,61.735],[10.597,61.741],[10.585,61.745],[10.567,61.745],[10.518,61.737],[10.493,61.73],[10.475,61.718],[10.4,61.683],[10.39,61.682],[10.36,61.69],[10.315,61.707],[10.299,61.716],[10.281,61.722],[10.058,61.756],[10.065,61.795],[10.107,61.848],[10.086,61.904],[10.045,61.915],[10.005,61.911],[9.999,61.907],[10.001,61.905],[10.005,61.902],[10.008,61.899],[10.009,61.896],[9.999,61.883],[9.954,61.898],[9.858,61.911],[9.812,61.93],[9.806,61.938],[9.803,61.95],[9.809,61.968],[9.809,61.978],[9.803,62.001],[9.803,62.003],[9.804,62.009],[9.808,62.018],[9.819,62.028],[9.834,62.036],[9.903,62.056],[9.909,62.065],[9.903,62.075],[9.889,62.085],[9.825,62.112],[9.688,62.156],[9.659,62.17],[9.656,62.189],[9.671,62.205],[9.783,62.286],[9.827,62.321],[9.833,62.33],[9.848,62.344],[9.851,62.352],[9.855,62.358],[9.864,62.361],[9.903,62.354],[9.917,62.357],[9.933,62.365],[9.952,62.384],[9.971,62.397],[9.985,62.405],[10.073,62.425],[10.087,62.428],[10.105,62.443],[10.089,62.485],[10.075,62.511],[10.077,62.542],[10.097,62.586],[10.157,62.655],[10.286,62.707],[10.587,62.688],[10.674,62.696],[10.705,62.688],[10.713,62.681],[10.716,62.677],[10.722,62.672],[10.73,62.669],[10.743,62.669],[10.753,62.67],[10.806,62.696],[10.896,62.708],[11.125,62.68],[11.169,62.666],[11.173,62.652],[11.175,62.639],[11.184,62.619],[11.198,62.6],[11.214,62.585],[11.235,62.569],[11.477,62.461],[11.493,62.45],[11.516,62.426],[11.541,62.407],[11.573,62.397],[11.64,62.391],[11.667,62.383],[11.686,62.376],[11.704,62.371],[11.719,62.369],[11.795,62.379],[11.823,62.386],[12.012,62.366],[12.171,62.333],[12.279,62.344],[12.28,62.344]]]}},{"type":"Feature","properties":{"name":"Dalarna","country":"SE"},"geometry":{"type":"Polygon","coordinates":[[[12.711,61.057],[12.713,61.061],[12.733,61.129],[12.739,61.142],[12.747,61.151],[12.82,61.205],[12.84,61.227],[12.855,61.255],[12.888,61.35],[12.887,61.361],[12.877,61.371],[12.614,61.547],[12.583,61.561],[12.551,61.567],[12.482,61.569],[12.445,61.574],[12.416,61.582],[12.338,61.633],[12.291,61.651],[12.176,61.712],[12.162,61.725],[12.24,61.979],[12.318,62.234],[12.315,62.272],[12.341,62.274],[12.797,62.207],[12.975,62.131],[13.049,62.081],[13.187,62.043],[13.285,62.047],[13.382,62.004],[13.359,61.98],[13.327,61.906],[13.409,61.836],[13.447,61.794],[13.495,61.753],[13.523,61.722],[13.546,61.686],[13.607,61.658],[14.296,61.6],[14.382,61.582],[14.482,61.592],[14.667,61.563],[14.68,61.523],[14.7,61.507],[14.703,61.497],[14.712,61.492],[15.101,61.492],[15.117,61.497],[15.129,61.508],[15.146,61.516],[15.185,61.544],[15.219,61.516],[15.233,61.509],[15.244,61.496],[15.451,61.346],[15.637,61.246],[15.676,61.217],[15.696,61.183],[15.702,61.153],[15.703,61.139],[15.701,61.132],[15.703,61.128],[15.767,61.082],[15.801,61.063],[15.918,61.031],[16.12,61.007],[16.156,60.999],[16.184,60.978],[16.21,60.955],[16.248,60.911],[16.262,60.89],[16.303,60.862],[16.358,60.833],[16.386,60.813],[16.404,60.795],[16.407,60.781],[16.405,60.768],[16.395,60.75],[16.39,60.746],[16.37,60.736],[16.353,60.723],[16.343,60.706],[16.262,60.648],[16.205,60.625],[16.2,60.594],[16.203,60.58],[16.253,60.528],[16.268,60.517],[16.28,60.511],[16.292,60.508],[16.299,60.506],[16.305,60.502],[16.399,60.419],[16.43,60.4],[16.454,60.388],[16.471,60.386],[16.486,60.383],[16.509,60.374],[16.543,60.358],[16.597,60.319],[16.616,60.302],[16.643,60.27],[16.66,60.254],[16.677,60.244],[16.697,60.234],[16.708,60.227],[16.717,60.216],[16.719,60.202],[16.699,60.196],[16.554,60.176],[16.519,60.155],[16.473,60.111],[16.45,60.099],[16.424,60.091],[16.364,60.081],[16.32,60.078],[16.224,60.083],[16.205,60.087],[16.177,60.097],[16.167,60.105],[16.164,60.112],[16.164,60.12],[16.16,60.127],[16.154,60.149],[16.132,60.163],[16.115,60.167],[16.08,60.172],[16.063,60.176],[16.053,60.181],[16.033,60.178],[16.013,60.184],[15.975,60.189],[15.949,60.189],[15.925,60.187],[15.868,60.175],[15.859,60.175],[15.834,60.178],[15.815,60.178],[15.796,60.171],[15.75,60.147],[15.747,60.139],[15.752,60.134],[15.755,60.128],[15.738,60.103],[15.727,60.09],[15.709,60.078],[15.704,60.07],[15.708,60.062],[15.72,60.055],[15.723,60.048],[15.722,60.043],[15.721,60.039],[15.723,60.0],[15.719,59.994],[15.709,59.984],[15.682,59.969],[15.663,59.965],[15.645,59.966],[15.621,59.974],[15.593,59.98],[15.557,59.98],[15.535,59.973],[15.523,59.96],[15.517,59.943],[15.51,59.931],[15.485,59.917],[15.474,59.909],[15.464,59.898],[15.455,59.883],[15.268,60.003],[15.258,60.008],[15.238,60.016],[15.018,60.064],[14.927,60.075],[14.881,60.089],[14.862,60.098],[14.856,60.103],[14.854,60.108],[14.854,60.113],[14.853,60.117],[14.849,60.12],[14.834,60.12],[14.813,60.116],[14.769,60.099],[14.757,60.079],[14.752,60.06],[14.771,60.023],[14.743,60.019],[14.717,60.018],[14.451,60.037],[14.257,60.107],[14.237,60.138],[14.211,60.159],[14.206,60.17],[14.178,60.206],[14.158,60.228],[14.143,60.238],[14.127,60.243],[14.043,60.247],[13.99,60.259],[13.981,60.259],[13.972,60.257],[13.971,60.252],[13.976,60.243],[13.987,60.235],[14.017,60.216],[14.018,60.213],[14.012,60.208],[13.995,60.203],[13.975,60.197],[13.952,60.204],[13.845,60.261],[13.669,60.407],[13.64,60.419],[13.528,60.447],[13.506,60.456],[13.492,60.465],[13.451,60.498],[13.449,60.5],[13.434,60.523],[13.399,60.562],[13.261,60.683],[13.245,60.691],[13.232,60.695],[13.214,60.699],[13.204,60.706],[13.196,60.714],[13.166,60.763],[13.142,60.787],[13.098,60.817],[12.756,61.001],[12.743,61.014],[12.714,61.054],[12.711,61.057]]]}},{"type":"Feature","properties":{"name":"Värmland","country":"SE"},"geometry":{"type":"Polygon","coordinates":[[[12.682,61.04],[12.704,61.046],[12.711,61.057],[12.714,61.054],[12.743,61.014],[12.756,61.001],[13.098,60.817],[13.142,60.787],[13.166,60.763],[13.196,60.714],[13.204,60.706],[13.214,60.699],[13.232,60.695],[13.245,60.691],[13.261,60.683],[13.399,60.562],[13.434,60.523],[13.449,60.5],[13.451,60.498],[13.492,60.465],[13.506,60.456],[13.528,60.447],[13.64,60.419],[13.669,60.407],[13.845,60.261],[13.952,60.204],[13.975,60.197],[13.995,60.203],[14.012,60.208],[14.018,60.213],[14.017,60.216],[13.987,60.235],[13.976,60.243],[13.971,60.252],[13.972,60.257],[13.981,60.259],[13.99,60.259],[14.043,60.247],[14.127,60.243],[14.143,60.238],[14.158,60.228],[14.178,60.206],[14.206,60.17],[14.211,60.159],[14.237,60.138],[14.257,60.107],[14.451,60.037],[14.456,60.002],[14.37,59.975],[14.355,59.967],[14.352,59.959],[14.358,59.953],[14.369,59.947],[14.402,59.936],[14.418,59.926],[14.428,59.907],[14.437,59.818],[14.434,59.752],[14.435,59.727],[14.445,59.687],[14.453,59.669],[14.467,59.647],[14.475,59.626],[14.482,59.584],[14.48,59.569],[14.476,59.562],[14.464,59.566],[14.455,59.568],[14.445,59.565],[14.437,59.557],[14.43,59.541],[14.43,59.529],[14.436,59.518],[14.447,59.511],[14.466,59.501],[14.469,59.498],[14.473,59.483],[14.468,59.472],[14.457,59.463],[14.424,59.443],[14.417,59.437],[14.414,59.43],[14.408,59.419],[14.373,59.377],[14.349,59.341],[14.33,59.3],[14.314,59.241],[14.31,59.207],[14.311,59.161],[14.314,59.148],[14.327,59.117],[14.332,59.096],[14.328,59.057],[14.313,59.016],[14.252,59.039],[14.238,59.043],[14.227,59.044],[13.614,59.055],[13.588,59.051],[13.555,59.039],[13.516,59.018],[13.492,59.0],[13.457,58.968],[13.436,58.944],[13.421,58.922],[13.409,58.895],[13.386,58.856],[13.38,58.843],[13.384,58.827],[13.398,58.81],[13.444,58.769],[13.446,58.76],[13.435,58.754],[13.405,58.746],[13.375,58.742],[13.288,58.742],[12.928,58.815],[12.859,58.988],[12.786,59.052],[12.777,59.062],[12.772,59.076],[12.764,59.122],[12.756,59.137],[12.743,59.147],[12.724,59.155],[12.712,59.162],[12.701,59.17],[12.687,59.176],[12.665,59.175],[12.631,59.158],[12.611,59.135],[12.596,59.125],[12.585,59.123],[12.571,59.13],[12.556,59.145],[12.549,59.149],[12.54,59.149],[12.525,59.147],[12.503,59.141],[12.496,59.141],[12.485,59.142],[12.475,59.148],[12.465,59.153],[12.424,59.166],[12.416,59.172],[12.415,59.177],[12.42,59.182],[12.431,59.185],[12.467,59.188],[12.477,59.191],[12.478,59.196],[12.469,59.2],[12.452,59.201],[12.365,59.188],[12.353,59.188],[12.322,59.198],[12.271,59.208],[12.256,59.215],[12.248,59.223],[12.234,59.244],[12.214,59.252],[12.186,59.255],[12.127,59.249],[12.109,59.24],[12.105,59.225],[12.108,59.215],[12.107,59.21],[12.103,59.206],[12.091,59.201],[12.082,59.2],[12.07,59.201],[11.982,59.24],[11.964,59.245],[11.949,59.246],[11.935,59.241],[11.925,59.236],[11.91,59.234],[11.898,59.234],[11.826,59.247],[11.811,59.249],[11.812,59.25],[11.812,59.271],[11.807,59.294],[11.784,59.361],[11.677,59.559],[11.671,59.581],[11.675,59.607],[11.694,59.622],[11.828,59.66],[11.852,59.673],[11.892,59.706],[11.897,59.714],[11.897,59.732],[11.903,59.77],[11.902,59.785],[11.89,59.801],[11.884,59.805],[11.855,59.824],[11.843,59.838],[11.85,59.872],[11.875,59.885],[11.89,59.893],[11.942,59.902],[12.103,59.894],[12.144,59.898],[12.291,59.959],[12.447,60.051],[12.483,60.081],[12.511,60.118],[12.525,60.162],[12.522,60.198],[12.496,60.262],[12.487,60.296],[12.492,60.312],[12.505,60.326],[12.559,60.36],[12.578,60.376],[12.594,60.395],[12.605,60.419],[12.613,60.455],[12.609,60.486],[12.594,60.515],[12.482,60.657],[12.377,60.754],[12.35,60.793],[12.335,60.829],[12.313,60.902],[12.295,60.935],[12.256,60.981],[12.253,61.002],[12.281,61.015],[12.512,61.049],[12.57,61.051],[12.682,61.04]]]}},{"type":"Feature","properties":{"name":"Akershus","country":"NO"},"geometry":{"type":"Polygon","coordinates":[[[11.875,59.885],[11.85,59.872],[11.843,59.838],[11.855,59.824],[11.884,59.805],[11.802,59.801],[11.75,59.787],[11.727,59.774],[11.715,59.766],[11.71,59.758],[11.711,59.751],[11.71,59.742],[11.705,59.733],[11.695,59.722],[11.684,59.713],[11.674,59.709],[11.64,59.705],[11.614,59.68],[11.523,59.626],[11.5,59.627],[11.494,59.629],[11.488,59.636],[11.503,59.654],[11.504,59.66],[11.501,59.669],[11.494,59.676],[11.481,59.687],[11.47,59.693],[11.458,59.696],[11.441,59.699],[11.423,59.704],[11.4,59.712],[11.375,59.735],[11.355,59.765],[11.29,59.787],[11.267,59.786],[11.258,59.769],[11.261,59.737],[11.255,59.718],[11.213,59.712],[11.086,59.717],[11.018,59.725],[10.982,59.719],[10.976,59.712],[10.962,59.681],[10.952,59.671],[10.944,59.665],[10.92,59.657],[10.9,59.646],[10.898,59.643],[10.892,59.626],[10.858,59.609],[10.844,59.594],[10.82,59.579],[10.81,59.569],[10.793,59.546],[10.785,59.534],[10.766,59.517],[10.733,59.501],[10.73,59.5],[10.721,59.501],[10.688,59.484],[10.683,59.489],[10.674,59.495],[10.663,59.505],[10.651,59.526],[10.646,59.55],[10.647,59.573],[10.656,59.595],[10.639,59.616],[10.626,59.637],[10.618,59.663],[10.615,59.697],[10.598,59.685],[10.575,59.7],[10.56,59.726],[10.563,59.748],[10.577,59.766],[10.602,59.814],[10.615,59.834],[10.655,59.857],[10.68,59.827],[10.698,59.777],[10.718,59.738],[10.728,59.776],[10.747,59.814],[10.757,59.844],[10.799,59.838],[10.876,59.831],[10.909,59.84],[10.917,59.846],[10.932,59.865],[10.934,59.873],[10.935,59.977],[10.928,59.993],[10.86,60.039],[10.787,60.104],[10.767,60.128],[10.753,60.137],[10.733,60.144],[10.68,60.153],[10.708,60.164],[10.722,60.165],[10.743,60.16],[10.75,60.164],[10.754,60.168],[10.775,60.217],[10.8,60.251],[10.817,60.268],[10.913,60.342],[10.92,60.352],[10.922,60.357],[10.919,60.374],[10.857,60.419],[10.83,60.433],[10.809,60.437],[10.692,60.445],[10.684,60.447],[10.682,60.453],[10.685,60.465],[10.699,60.484],[10.714,60.517],[10.716,60.523],[10.734,60.531],[10.749,60.524],[10.761,60.517],[10.788,60.504],[10.796,60.501],[10.862,60.49],[11.095,60.532],[11.108,60.538],[11.114,60.544],[11.118,60.557],[11.118,60.566],[11.116,60.584],[11.121,60.593],[11.126,60.599],[11.162,60.621],[11.164,60.623],[11.187,60.602],[11.196,60.588],[11.215,60.571],[11.224,60.557],[11.231,60.541],[11.231,60.523],[11.237,60.516],[11.243,60.513],[11.289,60.499],[11.308,60.492],[11.354,60.461],[11.38,60.431],[11.393,60.411],[11.432,60.368],[11.511,60.316],[11.583,60.28],[11.588,60.268],[11.59,60.252],[11.577,60.21],[11.58,60.19],[11.586,60.18],[11.596,60.172],[11.623,60.158],[11.738,60.117],[11.819,60.07],[11.84,60.062],[11.842,60.058],[11.845,60.047],[11.842,60.021],[11.839,60.015],[11.832,60.006],[11.83,60.002],[11.83,59.998],[11.842,59.934],[11.848,59.916],[11.855,59.904],[11.864,59.895],[11.874,59.886],[11.874,59.885],[11.875,59.885]]]}},{"type":"Feature","properties":{"name":"Østfold","country":"NO"},"geometry":{"type":"MultiPolygon","coordinates":[[[[11.884,59.805],[11.89,59.801],[11.902,59.785],[11.903,59.77],[11.897,59.732],[11.897,59.714],[11.892,59.706],[11.852,59.673],[11.828,59.66],[11.694,59.622],[11.675,59.607],[11.671,59.581],[11.677,59.559],[11.784,59.361],[11.807,59.294],[11.812,59.271],[11.812,59.25],[11.811,59.249],[11.803,59.234],[11.785,59.218],[11.776,59.203],[11.748,59.14],[11.745,59.092],[11.734,59.066],[11.709,59.022],[11.7,58.999],[11.694,58.974],[11.664,58.92],[11.612,58.893],[11.547,58.885],[11.483,58.887],[11.452,58.896],[11.453,58.961],[11.438,58.991],[11.438,58.992],[11.438,58.998],[11.404,59.039],[11.4,59.048],[11.394,59.07],[11.389,59.081],[11.37,59.101],[11.345,59.111],[11.314,59.115],[11.217,59.11],[11.182,59.116],[11.17,59.135],[11.175,59.141],[11.183,59.143],[11.201,59.142],[11.207,59.146],[11.202,59.153],[11.194,59.157],[11.19,59.155],[11.183,59.16],[11.179,59.165],[11.176,59.172],[11.178,59.181],[11.181,59.184],[11.181,59.188],[11.176,59.197],[11.167,59.192],[11.136,59.183],[11.15,59.175],[11.153,59.163],[11.147,59.15],[11.136,59.142],[11.119,59.142],[11.107,59.151],[11.088,59.176],[11.097,59.148],[11.099,59.134],[11.091,59.128],[11.033,59.128],[11.04,59.144],[11.027,59.152],[11.008,59.159],[10.998,59.172],[10.989,59.176],[10.948,59.183],[10.936,59.183],[10.945,59.165],[10.944,59.149],[10.934,59.14],[10.916,59.142],[10.908,59.15],[10.901,59.164],[10.898,59.181],[10.902,59.197],[10.883,59.188],[10.873,59.184],[10.861,59.183],[10.85,59.18],[10.848,59.174],[10.848,59.167],[10.841,59.161],[10.823,59.164],[10.802,59.189],[10.779,59.189],[10.784,59.206],[10.766,59.232],[10.773,59.252],[10.762,59.245],[10.749,59.224],[10.738,59.217],[10.733,59.241],[10.744,59.268],[10.762,59.294],[10.779,59.313],[10.763,59.315],[10.753,59.323],[10.744,59.331],[10.735,59.334],[10.725,59.33],[10.709,59.311],[10.701,59.307],[10.674,59.316],[10.665,59.336],[10.66,59.359],[10.643,59.375],[10.656,59.39],[10.66,59.4],[10.653,59.408],[10.635,59.416],[10.596,59.424],[10.592,59.431],[10.601,59.45],[10.627,59.479],[10.645,59.493],[10.656,59.498],[10.663,59.489],[10.661,59.473],[10.649,59.444],[10.662,59.438],[10.675,59.441],[10.685,59.45],[10.69,59.463],[10.69,59.481],[10.688,59.484],[10.721,59.501],[10.73,59.5],[10.733,59.501],[10.766,59.517],[10.785,59.534],[10.793,59.546],[10.81,59.569],[10.82,59.579],[10.844,59.594],[10.858,59.609],[10.892,59.626],[10.898,59.643],[10.9,59.646],[10.92,59.657],[10.944,59.665],[10.952,59.671],[10.962,59.681],[10.976,59.712],[10.982,59.719],[11.018,59.725],[11.086,59.717],[11.213,59.712],[11.255,59.718],[11.261,59.737],[11.258,59.769],[11.267,59.786],[11.29,59.787],[11.355,59.765],[11.375,59.735],[11.4,59.712],[11.423,59.704],[11.441,59.699],[11.458,59.696],[11.47,59.693],[11.481,59.687],[11.494,59.676],[11.501,59.669],[11.504,59.66],[11.503,59.654],[11.488,59.636],[11.494,59.629],[11.5,59.627],[11.523,59.626],[11.614,59.68],[11.64,59.705],[11.674,59.709],[11.684,59.713],[11.695,59.722],[11.705,59.733],[11.71,59.742],[11.711,59.751],[11.71,59.758],[11.715,59.766],[11.727,59.774],[11.75,59.787],[11.802,59.801],[11.884,59.805]]],[[[11.07,59.079],[11.076,59.081],[11.083,59.077],[11.082,59.068],[11.075,59.059],[11.065,59.051],[11.052,59.046],[11.05,59.042],[11.055,59.036],[11.046,59.027],[11.03,59.021],[11.018,59.019],[11.014,59.022],[11.012,59.025],[11.009,59.029],[11.001,59.03],[10.992,59.034],[10.992,59.047],[10.993,59.062],[10.993,59.077],[11.003,59.087],[11.021,59.091],[11.034,59.089],[11.04,59.081],[11.04,59.074],[11.048,59.073],[11.07,59.075],[11.07,59.078],[11.07,59.079]]],[[[10.911,59.116],[10.914,59.112],[10.914,59.101],[10.907,59.091],[10.884,59.072],[10.877,59.071],[10.875,59.076],[10.87,59.077],[10.856,59.074],[10.846,59.076],[10.842,59.08],[10.838,59.086],[10.829,59.099],[10.832,59.104],[10.843,59.11],[10.855,59.115],[10.865,59.117],[10.868,59.113],[10.865,59.109],[10.859,59.106],[10.856,59.102],[10.857,59.099],[10.872,59.106],[10.898,59.116],[10.911,59.116]]]]}},{"type":"Feature","properties":{"name":"Västra Götaland","country":"SE"},"geometry":{"type":"MultiPolygon","coordinates":[[[[11.547,58.885],[11.612,58.893],[11.664,58.92],[11.694,58.974],[11.7,58.999],[11.709,59.022],[11.734,59.066],[11.745,59.092],[11.748,59.14],[11.776,59.203],[11.785,59.218],[11.803,59.234],[11.811,59.249],[11.826,59.247],[11.898,59.234],[11.91,59.234],[11.925,59.236],[11.935,59.241],[11.949,59.246],[11.964,59.245],[11.982,59.24],[12.07,59.201],[12.082,59.2],[12.091,59.201],[12.103,59.206],[12.107,59.21],[12.108,59.215],[12.105,59.225],[12.109,59.24],[12.127,59.249],[12.186,59.255],[12.214,59.252],[12.234,59.244],[12.248,59.223],[12.256,59.215],[12.271,59.208],[12.322,59.198],[12.353,59.188],[12.365,59.188],[12.452,59.201],[12.469,59.2],[12.478,59.196],[12.477,59.191],[12.467,59.188],[12.431,59.185],[12.42,59.182],[12.415,59.177],[12.416,59.172],[12.424,59.166],[12.465,59.153],[12.475,59.148],[12.485,59.142],[12.496,59.141],[12.503,59.141],[12.525,59.147],[12.54,59.149],[12.549,59.149],[12.556,59.145],[12.571,59.13],[12.585,59.123],[12.596,59.125],[12.611,59.135],[12.631,59.158],[12.665,59.175],[12.687,59.176],[12.701,59.17],[12.712,59.162],[12.724,59.155],[12.743,59.147],[12.756,59.137],[12.764,59.122],[12.772,59.076],[12.777,59.062],[12.786,59.052],[12.859,58.988],[12.928,58.815],[13.288,58.742],[13.375,58.742],[13.405,58.746],[13.435,58.754],[13.446,58.76],[13.444,58.769],[13.398,58.81],[13.384,58.827],[13.38,58.843],[13.386,58.856],[13.409,58.895],[13.421,58.922],[13.436,58.944],[13.457,58.968],[13.492,59.0],[13.516,59.018],[13.555,59.039],[13.588,59.051],[13.614,59.055],[14.227,59.044],[14.238,59.043],[14.252,59.039],[14.313,59.016],[14.329,58.989],[14.336,58.98],[14.353,58.953],[14.371,58.928],[14.392,58.905],[14.398,58.894],[14.4,58.885],[14.399,58.871],[14.4,58.86],[14.41,58.845],[14.466,58.797],[14.48,58.78],[14.486,58.764],[14.488,58.745],[14.496,58.735],[14.521,58.728],[14.56,58.725],[14.571,58.722],[14.576,58.713],[14.581,58.709],[14.589,58.709],[14.609,58.715],[14.625,58.722],[14.633,58.727],[14.637,58.732],[14.639,58.737],[14.644,58.742],[14.656,58.745],[14.675,58.742],[14.695,58.734],[14.713,58.713],[14.726,58.687],[14.747,58.672],[14.812,58.645],[14.429,58.224],[14.237,58.002],[14.237,58.0],[14.239,57.99],[14.249,57.965],[14.25,57.953],[14.246,57.941],[14.234,57.928],[14.212,57.916],[14.182,57.905],[14.117,57.889],[14.11,57.884],[14.107,57.882],[14.057,57.87],[14.05,57.867],[14.045,57.864],[14.041,57.859],[14.039,57.852],[14.036,57.843],[14.034,57.837],[14.029,57.831],[14.018,57.829],[14.002,57.831],[13.979,57.839],[13.953,57.851],[13.932,57.855],[13.828,57.849],[13.805,57.852],[13.751,57.853],[13.768,57.809],[13.768,57.793],[13.767,57.781],[13.76,57.772],[13.75,57.764],[13.742,57.755],[13.735,57.744],[13.724,57.72],[13.724,57.709],[13.727,57.697],[13.73,57.677],[13.726,57.666],[13.706,57.647],[13.695,57.631],[13.692,57.617],[13.691,57.579],[13.683,57.565],[13.671,57.555],[13.638,57.535],[13.596,57.497],[13.542,57.436],[13.529,57.424],[13.518,57.416],[13.475,57.397],[13.413,57.355],[13.372,57.335],[13.334,57.324],[13.315,57.317],[13.299,57.305],[13.281,57.276],[13.275,57.271],[13.267,57.269],[13.252,57.267],[13.232,57.258],[13.207,57.239],[13.153,57.181],[13.136,57.168],[13.117,57.157],[13.056,57.168],[13.047,57.173],[13.036,57.181],[13.027,57.19],[13.019,57.193],[12.981,57.195],[12.953,57.2],[12.938,57.209],[12.929,57.222],[12.931,57.233],[12.95,57.255],[12.953,57.261],[12.954,57.267],[12.954,57.273],[12.951,57.276],[12.944,57.278],[12.864,57.284],[12.846,57.288],[12.835,57.293],[12.827,57.299],[12.82,57.302],[12.811,57.302],[12.784,57.296],[12.77,57.296],[12.748,57.303],[12.702,57.336],[12.688,57.344],[12.674,57.347],[12.644,57.347],[12.606,57.352],[12.595,57.351],[12.551,57.328],[12.543,57.323],[12.536,57.314],[12.526,57.306],[12.515,57.298],[12.499,57.293],[12.484,57.29],[12.458,57.291],[12.447,57.295],[12.434,57.306],[12.403,57.354],[12.395,57.37],[12.393,57.383],[12.397,57.39],[12.411,57.409],[12.416,57.419],[12.417,57.428],[12.415,57.436],[12.407,57.445],[12.391,57.456],[12.36,57.474],[12.337,57.491],[12.332,57.499],[12.331,57.502],[12.331,57.507],[12.332,57.536],[12.335,57.552],[12.334,57.571],[12.332,57.584],[12.302,57.616],[12.146,57.581],[12.069,57.573],[11.956,57.586],[11.913,57.583],[11.912,57.595],[11.917,57.621],[11.913,57.623],[11.902,57.626],[11.897,57.627],[11.892,57.613],[11.88,57.606],[11.867,57.607],[11.862,57.617],[11.858,57.633],[11.85,57.643],[11.841,57.652],[11.835,57.662],[11.845,57.683],[11.909,57.687],[11.924,57.703],[11.902,57.696],[11.874,57.693],[11.846,57.693],[11.821,57.696],[11.771,57.712],[11.748,57.714],[11.752,57.696],[11.738,57.693],[11.72,57.694],[11.705,57.698],[11.704,57.71],[11.706,57.722],[11.802,57.774],[11.81,57.781],[11.808,57.788],[11.789,57.79],[11.767,57.789],[11.752,57.785],[11.727,57.803],[11.708,57.823],[11.687,57.838],[11.656,57.839],[11.678,57.854],[11.691,57.859],[11.704,57.861],[11.694,57.881],[11.707,57.891],[11.759,57.902],[11.759,57.908],[11.746,57.908],[11.746,57.915],[11.755,57.917],[11.759,57.919],[11.766,57.929],[11.737,57.939],[11.744,57.956],[11.787,57.998],[11.8,58.022],[11.803,58.037],[11.797,58.049],[11.788,58.059],[11.783,58.069],[11.786,58.079],[11.801,58.086],[11.798,58.09],[11.796,58.093],[11.793,58.1],[11.818,58.103],[11.829,58.121],[11.837,58.187],[11.841,58.194],[11.852,58.196],[11.865,58.197],[11.876,58.199],[11.884,58.205],[11.89,58.217],[11.874,58.215],[11.861,58.218],[11.852,58.227],[11.845,58.253],[11.835,58.262],[11.823,58.269],[11.814,58.278],[11.809,58.302],[11.826,58.317],[11.883,58.333],[11.87,58.345],[11.85,58.343],[11.807,58.327],[11.752,58.33],[11.727,58.327],[11.726,58.313],[11.711,58.308],[11.679,58.307],[11.629,58.282],[11.619,58.278],[11.613,58.274],[11.591,58.256],[11.581,58.251],[11.567,58.249],[11.552,58.25],[11.538,58.254],[11.526,58.258],[11.53,58.253],[11.54,58.237],[11.506,58.243],[11.497,58.258],[11.504,58.28],[11.519,58.306],[11.542,58.334],[11.567,58.355],[11.622,58.388],[11.608,58.395],[11.622,58.406],[11.637,58.414],[11.67,58.422],[11.653,58.437],[11.629,58.431],[11.605,58.416],[11.589,58.401],[11.578,58.414],[11.559,58.448],[11.553,58.463],[11.547,58.463],[11.553,58.434],[11.552,58.399],[11.542,58.365],[11.523,58.336],[11.495,58.312],[11.466,58.294],[11.396,58.265],[11.405,58.279],[11.416,58.29],[11.429,58.299],[11.443,58.306],[11.443,58.313],[11.428,58.312],[11.399,58.303],[11.389,58.306],[11.384,58.318],[11.389,58.329],[11.401,58.337],[11.413,58.34],[11.449,58.342],[11.441,58.349],[11.423,58.364],[11.424,58.388],[11.407,58.387],[11.398,58.379],[11.391,58.366],[11.383,58.354],[11.371,58.347],[11.355,58.344],[11.346,58.346],[11.351,58.357],[11.386,58.398],[11.407,58.418],[11.416,58.429],[11.424,58.443],[11.415,58.432],[11.372,58.4],[11.356,58.393],[11.348,58.388],[11.345,58.384],[11.338,58.372],[11.334,58.368],[11.307,58.36],[11.279,58.366],[11.254,58.366],[11.232,58.34],[11.221,58.346],[11.22,58.353],[11.223,58.36],[11.225,58.371],[11.222,58.38],[11.204,58.401],[11.209,58.419],[11.223,58.425],[11.259,58.422],[11.252,58.442],[11.261,58.452],[11.279,58.459],[11.294,58.47],[11.258,58.482],[11.252,58.487],[11.25,58.493],[11.241,58.502],[11.239,58.508],[11.241,58.513],[11.245,58.516],[11.25,58.519],[11.252,58.519],[11.253,58.548],[11.256,58.556],[11.265,58.563],[11.273,58.566],[11.28,58.57],[11.286,58.58],[11.266,58.58],[11.27,58.592],[11.265,58.597],[11.257,58.6],[11.252,58.607],[11.253,58.616],[11.259,58.626],[11.259,58.635],[11.25,58.649],[11.211,58.679],[11.214,58.699],[11.218,58.708],[11.212,58.71],[11.187,58.71],[11.177,58.719],[11.179,58.736],[11.19,58.753],[11.211,58.757],[11.207,58.771],[11.213,58.779],[11.223,58.788],[11.232,58.8],[11.233,58.808],[11.232,58.844],[11.226,58.849],[11.215,58.851],[11.203,58.855],[11.198,58.864],[11.198,58.888],[11.196,58.898],[11.19,58.908],[11.193,58.912],[11.195,58.915],[11.198,58.922],[11.147,58.931],[11.12,58.941],[11.108,58.954],[11.117,58.969],[11.139,58.978],[11.184,58.991],[11.142,58.99],[11.123,58.994],[11.115,59.008],[11.119,59.021],[11.129,59.031],[11.194,59.08],[11.22,59.09],[11.321,59.099],[11.355,59.092],[11.369,59.063],[11.376,59.042],[11.394,59.019],[11.414,59.001],[11.43,58.991],[11.438,58.991],[11.438,58.992],[11.438,58.991],[11.453,58.961],[11.452,58.896],[11.483,58.887],[11.547,58.885]]],[[[11.739,58.059],[11.739,58.041],[11.741,58.036],[11.746,58.031],[11.736,58.003],[11.732,57.998],[11.719,57.992],[11.71,57.993],[11.707,57.999],[11.711,58.011],[11.695,58.015],[11.679,58.006],[11.668,57.99],[11.659,57.963],[11.651,57.955],[11.639,57.951],[11.619,57.954],[11.611,57.948],[11.604,57.941],[11.595,57.936],[11.581,57.936],[11.572,57.94],[11.566,57.946],[11.56,57.949],[11.534,57.951],[11.528,57.954],[11.526,57.967],[11.523,57.975],[11.516,57.984],[11.512,57.993],[11.516,58.001],[11.527,58.005],[11.555,58.002],[11.568,58.004],[11.547,58.01],[11.524,58.01],[11.506,58.013],[11.498,58.028],[11.506,58.046],[11.525,58.051],[11.568,58.045],[11.66,58.045],[11.681,58.05],[11.699,58.059],[11.717,58.065],[11.739,58.059]]],[[[11.807,58.23],[11.814,58.211],[11.815,58.189],[11.814,58.145],[11.805,58.126],[11.783,58.12],[11.757,58.118],[11.708,58.098],[11.655,58.108],[11.629,58.1],[11.612,58.119],[11.585,58.123],[11.556,58.118],[11.534,58.107],[11.524,58.097],[11.52,58.09],[11.516,58.086],[11.506,58.086],[11.496,58.09],[11.464,58.107],[11.464,58.072],[11.458,58.072],[11.451,58.097],[11.447,58.103],[11.416,58.123],[11.407,58.131],[11.409,58.146],[11.429,58.161],[11.528,58.213],[11.563,58.219],[11.588,58.233],[11.602,58.237],[11.618,58.238],[11.648,58.234],[11.663,58.237],[11.659,58.248],[11.66,58.258],[11.667,58.266],[11.677,58.271],[11.673,58.281],[11.67,58.285],[11.686,58.291],[11.704,58.291],[11.739,58.285],[11.75,58.263],[11.769,58.254],[11.789,58.246],[11.807,58.23]]]]}},{"type":"Feature","properties":{"name":"Lapland","country":"FI"},"geometry":{"type":"Polygon","coordinates":[[[27.867,70.075],[27.897,70.071],[27.927,70.053],[27.981,70.01],[28.167,69.894],[28.189,69.886],[28.381,69.856],[28.38,69.822],[28.405,69.802],[28.443,69.791],[28.481,69.786],[28.806,69.73],[29.131,69.674],[29.147,69.664],[29.203,69.586],[29.345,69.464],[29.229,69.377],[28.865,69.217],[28.852,69.204],[28.844,69.181],[28.827,69.107],[28.828,69.091],[28.84,69.08],[28.954,69.027],[28.834,68.984],[28.713,68.968],[28.456,68.9],[28.41,68.898],[28.413,68.88],[28.427,68.871],[28.444,68.866],[28.646,68.872],[28.728,68.865],[28.802,68.835],[28.747,68.76],[28.716,68.728],[28.46,68.542],[28.448,68.53],[28.447,68.515],[28.461,68.491],[28.481,68.463],[28.664,68.204],[28.69,68.183],[28.727,68.173],[29.013,68.127],[29.299,68.082],[29.331,68.073],[29.36,68.057],[29.443,67.991],[29.481,67.96],[29.651,67.824],[29.714,67.793],[30.009,67.686],[29.988,67.672],[29.978,67.662],[29.973,67.649],[29.965,67.585],[29.96,67.572],[29.933,67.526],[29.916,67.508],[29.52,67.298],[29.509,67.288],[29.497,67.27],[29.491,67.263],[29.481,67.257],[29.429,67.233],[29.1,66.991],[29.052,66.908],[29.089,66.838],[29.322,66.68],[29.363,66.627],[29.364,66.625],[29.392,66.605],[29.395,66.597],[29.396,66.587],[29.401,66.576],[29.409,66.569],[29.524,66.491],[29.534,66.474],[29.546,66.432],[29.306,66.43],[29.22,66.418],[29.169,66.419],[28.735,66.484],[28.689,66.473],[28.685,66.468],[28.68,66.453],[28.676,66.427],[28.669,66.415],[28.657,66.411],[28.624,66.411],[28.611,66.409],[28.591,66.4],[28.571,66.386],[28.554,66.368],[28.544,66.345],[28.548,66.311],[28.574,66.286],[28.611,66.27],[28.651,66.26],[28.65,66.259],[28.647,66.252],[28.646,66.25],[28.66,66.251],[28.697,66.257],[28.721,66.259],[28.736,66.258],[28.749,66.252],[28.746,66.245],[28.748,66.243],[28.757,66.241],[28.762,66.24],[28.764,66.239],[28.761,66.233],[28.741,66.21],[28.737,66.207],[28.737,66.201],[28.743,66.2],[28.765,66.189],[28.763,66.181],[28.733,66.168],[28.72,66.158],[28.719,66.151],[28.711,66.137],[28.698,66.132],[28.668,66.127],[28.62,66.125],[28.608,66.118],[28.622,66.102],[28.632,66.093],[28.639,66.088],[28.645,66.083],[28.636,66.076],[28.634,66.074],[28.695,66.052],[28.726,66.045],[28.741,66.045],[28.756,66.043],[28.756,66.021],[28.741,66.005],[28.722,65.998],[28.675,65.992],[28.547,65.999],[28.46,65.988],[28.437,65.987],[28.414,65.99],[28.414,65.992],[28.418,65.999],[28.418,66.001],[28.414,66.003],[28.41,66.003],[28.389,66.003],[28.387,66.001],[28.389,65.997],[28.394,65.983],[28.396,65.979],[28.396,65.975],[28.382,65.973],[28.376,65.97],[28.394,65.957],[28.415,65.949],[28.497,65.901],[28.515,65.875],[28.505,65.859],[28.47,65.839],[28.423,65.829],[28.331,65.825],[28.239,65.808],[28.194,65.805],[27.765,65.829],[27.765,65.832],[27.77,65.843],[27.743,65.858],[27.72,65.879],[27.683,65.925],[27.638,65.954],[27.6,65.951],[27.568,65.934],[27.573,65.93],[27.554,65.925],[27.535,65.926],[27.431,65.952],[27.4,65.942],[27.169,65.784],[27.102,65.751],[26.842,65.705],[26.188,65.719],[26.164,65.726],[26.158,65.742],[26.158,65.769],[26.163,65.809],[26.128,65.814],[25.876,65.759],[25.762,65.746],[25.506,65.753],[25.388,65.736],[25.192,65.648],[25.123,65.606],[25.093,65.592],[25.092,65.595],[25.085,65.605],[25.074,65.614],[25.061,65.617],[25.036,65.614],[25.023,65.621],[25.005,65.627],[24.957,65.623],[24.937,65.624],[24.924,65.63],[24.906,65.646],[24.895,65.651],[24.859,65.659],[24.82,65.662],[24.78,65.66],[24.745,65.651],[24.719,65.638],[24.707,65.633],[24.687,65.632],[24.676,65.635],[24.671,65.645],[24.67,65.683],[24.668,65.691],[24.66,65.695],[24.596,65.709],[24.584,65.717],[24.568,65.731],[24.555,65.745],[24.55,65.763],[24.56,65.789],[24.575,65.808],[24.632,65.861],[24.646,65.879],[24.654,65.886],[24.67,65.892],[24.698,65.894],[24.707,65.899],[24.711,65.912],[24.695,65.904],[24.642,65.892],[24.634,65.891],[24.625,65.891],[24.618,65.889],[24.615,65.881],[24.616,65.871],[24.614,65.866],[24.612,65.864],[24.587,65.854],[24.544,65.809],[24.519,65.796],[24.494,65.795],[24.474,65.797],[24.453,65.797],[24.43,65.789],[24.428,65.786],[24.426,65.782],[24.423,65.777],[24.416,65.772],[24.405,65.769],[24.357,65.779],[24.328,65.798],[24.317,65.802],[24.278,65.809],[24.238,65.823],[24.248,65.809],[24.251,65.794],[24.244,65.782],[24.225,65.775],[24.206,65.779],[24.188,65.79],[24.173,65.804],[24.163,65.816],[24.163,65.823],[24.163,65.841],[24.124,65.869],[24.102,65.909],[24.076,65.928],[24.055,65.948],[24.057,65.97],[24.055,65.985],[24.03,66.035],[24.02,66.049],[24.009,66.056],[23.985,66.066],[23.975,66.073],[23.966,66.082],[23.911,66.149],[23.889,66.161],[23.786,66.177],[23.75,66.19],[23.724,66.207],[23.689,66.257],[23.681,66.283],[23.666,66.305],[23.663,66.317],[23.664,66.326],[23.673,66.34],[23.676,66.35],[23.677,66.364],[23.672,66.382],[23.67,66.395],[23.666,66.406],[23.647,66.424],[23.642,66.436],[23.652,66.459],[23.677,66.474],[23.706,66.483],[23.731,66.487],[23.731,66.503],[23.755,66.512],[23.786,66.518],[23.806,66.528],[23.808,66.539],[23.861,66.555],[23.882,66.564],[23.892,66.579],[23.893,66.596],[23.889,66.614],[23.882,66.632],[23.892,66.648],[23.899,66.666],[23.903,66.686],[23.903,66.707],[23.892,66.744],[23.892,66.751],[23.925,66.773],[23.939,66.791],[23.961,66.793],[23.984,66.793],[23.999,66.796],[24.004,66.805],[24.001,66.812],[23.961,66.862],[23.933,66.889],[23.912,66.903],[23.874,66.925],[23.817,66.975],[23.792,66.989],[23.762,66.994],[23.744,67.001],[23.72,67.017],[23.684,67.049],[23.677,67.058],[23.673,67.066],[23.671,67.074],[23.67,67.087],[23.667,67.098],[23.658,67.104],[23.648,67.109],[23.62,67.129],[23.599,67.14],[23.581,67.153],[23.574,67.173],[23.587,67.181],[23.598,67.19],[23.607,67.201],[23.615,67.214],[23.597,67.218],[23.591,67.225],[23.595,67.244],[23.603,67.26],[23.622,67.269],[23.735,67.29],[23.763,67.306],[23.786,67.338],[23.751,67.346],[23.751,67.37],[23.763,67.397],[23.765,67.42],[23.753,67.427],[23.731,67.431],[23.663,67.436],[23.595,67.454],[23.554,67.452],[23.514,67.445],[23.477,67.444],[23.444,67.461],[23.431,67.486],[23.444,67.505],[23.466,67.522],[23.485,67.543],[23.473,67.555],[23.5,67.566],[23.535,67.577],[23.553,67.587],[23.55,67.611],[23.543,67.627],[23.519,67.653],[23.511,67.669],[23.5,67.709],[23.488,67.725],[23.485,67.737],[23.485,67.796],[23.48,67.817],[23.477,67.841],[23.481,67.865],[23.499,67.882],[23.532,67.893],[23.603,67.903],[23.636,67.913],[23.661,67.933],[23.662,67.95],[23.643,67.963],[23.574,67.973],[23.485,68.016],[23.457,68.024],[23.383,68.051],[23.375,68.06],[23.371,68.069],[23.331,68.128],[23.32,68.138],[23.306,68.146],[23.272,68.145],[23.187,68.122],[23.166,68.122],[23.159,68.128],[23.155,68.128],[23.152,68.13],[23.149,68.139],[23.15,68.145],[23.154,68.154],[23.16,68.179],[23.159,68.187],[23.149,68.194],[23.155,68.217],[23.14,68.234],[23.095,68.255],[23.082,68.265],[23.076,68.274],[23.074,68.282],[23.067,68.29],[23.052,68.298],[22.904,68.337],[22.875,68.351],[22.833,68.385],[22.808,68.395],[22.749,68.385],[22.719,68.399],[22.69,68.417],[22.662,68.427],[22.643,68.427],[22.626,68.425],[22.608,68.425],[22.565,68.436],[22.521,68.438],[22.457,68.452],[22.378,68.454],[22.374,68.456],[22.375,68.466],[22.371,68.468],[22.303,68.476],[22.072,68.477],[22.038,68.488],[22.037,68.493],[22.037,68.5],[22.036,68.507],[22.029,68.509],[22.024,68.51],[22.012,68.516],[21.998,68.526],[21.97,68.541],[21.964,68.547],[21.919,68.568],[21.737,68.588],[21.717,68.619],[21.662,68.633],[21.573,68.667],[21.496,68.675],[21.464,68.687],[21.451,68.697],[21.421,68.728],[21.415,68.739],[21.406,68.749],[21.386,68.754],[21.315,68.754],[21.305,68.756],[21.301,68.759],[21.294,68.768],[21.288,68.77],[21.276,68.776],[21.217,68.817],[21.153,68.842],[21.072,68.869],[20.906,68.895],[20.884,68.907],[20.888,68.927],[20.918,68.933],[20.934,68.949],[20.935,68.967],[20.911,68.981],[20.864,68.986],[20.795,69.011],[20.675,69.018],[20.623,69.036],[20.717,69.099],[20.744,69.104],[21.032,69.041],[21.072,69.037],[21.099,69.044],[21.156,69.088],[21.034,69.181],[21.063,69.215],[21.08,69.23],[21.098,69.24],[21.314,69.291],[21.639,69.271],[21.663,69.263],[21.946,69.066],[22.023,69.012],[22.161,68.956],[22.174,68.944],[22.189,68.919],[22.2,68.909],[22.277,68.858],[22.357,68.833],[22.371,68.823],[22.397,68.732],[22.409,68.713],[22.429,68.71],[22.543,68.726],[22.57,68.727],[22.596,68.725],[22.852,68.676],[23.019,68.687],[23.072,68.681],[23.098,68.67],[23.175,68.622],[23.198,68.618],[23.482,68.686],[23.642,68.695],[23.735,68.715],[23.768,68.756],[23.787,68.8],[23.853,68.817],[23.929,68.816],[24.131,68.776],[24.164,68.755],[24.187,68.745],[24.332,68.709],[24.481,68.689],[24.663,68.666],[24.754,68.638],[24.83,68.594],[24.861,68.563],[24.879,68.555],[24.905,68.557],[24.927,68.57],[24.938,68.588],[24.952,68.605],[24.981,68.615],[25.007,68.615],[25.071,68.631],[25.098,68.634],[25.118,68.638],[25.132,68.648],[25.144,68.668],[25.132,68.677],[25.133,68.683],[25.139,68.688],[25.143,68.696],[25.145,68.743],[25.15,68.765],[25.163,68.785],[25.201,68.813],[25.387,68.875],[25.434,68.884],[25.481,68.888],[25.602,68.872],[25.628,68.874],[25.652,68.883],[25.666,68.897],[25.678,68.912],[25.695,68.926],[25.726,68.942],[25.737,68.953],[25.743,68.966],[25.754,68.978],[25.796,68.993],[25.805,69.006],[25.801,69.013],[25.793,69.018],[25.774,69.025],[25.766,69.031],[25.765,69.035],[25.766,69.039],[25.765,69.043],[25.75,69.059],[25.749,69.066],[25.757,69.075],[25.759,69.082],[25.761,69.115],[25.762,69.119],[25.766,69.123],[25.77,69.127],[25.771,69.135],[25.768,69.142],[25.755,69.16],[25.75,69.165],[25.734,69.191],[25.737,69.218],[25.774,69.299],[25.787,69.313],[25.877,69.371],[25.873,69.379],[25.841,69.418],[25.866,69.441],[25.878,69.447],[25.887,69.455],[25.886,69.479],[25.892,69.491],[25.906,69.502],[25.901,69.509],[25.891,69.515],[25.887,69.521],[25.9,69.532],[25.96,69.549],[25.986,69.565],[26.004,69.587],[26.005,69.611],[25.981,69.633],[25.964,69.643],[25.962,69.653],[25.969,69.663],[25.981,69.675],[26.005,69.689],[26.032,69.697],[26.181,69.711],[26.198,69.715],[26.211,69.723],[26.223,69.732],[26.268,69.758],[26.317,69.795],[26.419,69.836],[26.448,69.856],[26.436,69.874],[26.446,69.882],[26.481,69.899],[26.501,69.918],[26.534,69.925],[26.707,69.935],[26.772,69.928],[26.865,69.938],[26.896,69.934],[26.951,69.92],[26.981,69.923],[27.008,69.922],[27.081,69.903],[27.1,69.902],[27.312,69.93],[27.352,69.949],[27.345,69.951],[27.331,69.957],[27.323,69.96],[27.334,69.969],[27.349,69.971],[27.365,69.972],[27.381,69.974],[27.445,70.003],[27.563,70.024],[27.571,70.041],[27.613,70.062],[27.665,70.068],[27.792,70.059],[27.867,70.075]]]}},{"type":"Feature","properties":{"name":"Finnmark","country":"NO"},"geometry":{"type":"MultiPolygon","coordinates":[[[[28.954,69.027],[28.84,69.08],[28.828,69.091],[28.827,69.107],[28.844,69.181],[28.852,69.204],[28.865,69.217],[29.229,69.377],[29.345,69.464],[29.203,69.586],[29.147,69.664],[29.131,69.674],[28.806,69.73],[28.481,69.786],[28.443,69.791],[28.405,69.802],[28.38,69.822],[28.381,69.856],[28.189,69.886],[28.167,69.894],[27.981,70.01],[27.927,70.053],[27.897,70.071],[27.867,70.075],[27.792,70.059],[27.665,70.068],[27.613,70.062],[27.571,70.041],[27.563,70.024],[27.445,70.003],[27.381,69.974],[27.365,69.972],[27.349,69.971],[27.334,69.969],[27.323,69.96],[27.331,69.957],[27.345,69.951],[27.352,69.949],[27.312,69.93],[27.1,69.902],[27.081,69.903],[27.008,69.922],[26.981,69.923],[26.951,69.92],[26.896,69.934],[26.865,69.938],[26.772,69.928],[26.707,69.935],[26.534,69.925],[26.501,69.918],[26.481,69.899],[26.446,69.882],[26.436,69.874],[26.448,69.856],[26.419,69.836],[26.317,69.795],[26.268,69.758],[26.223,69.732],[26.211,69.723],[26.198,69.715],[26.181,69.711],[26.032,69.697],[26.005,69.689],[25.981,69.675],[25.969,69.663],[25.962,69.653],[25.964,69.643],[25.981,69.633],[26.005,69.611],[26.004,69.587],[25.986,69.565],[25.96,69.549],[25.9,69.532],[25.887,69.521],[25.891,69.515],[25.901,69.509],[25.906,69.502],[25.892,69.491],[25.886,69.479],[25.887,69.455],[25.878,69.447],[25.866,69.441],[25.841,69.418],[25.873,69.379],[25.877,69.371],[25.787,69.313],[25.774,69.299],[25.737,69.218],[25.734,69.191],[25.75,69.165],[25.755,69.16],[25.768,69.142],[25.771,69.135],[25.77,69.127],[25.766,69.123],[25.762,69.119],[25.761,69.115],[25.759,69.082],[25.757,69.075],[25.749,69.066],[25.75,69.059],[25.765,69.043],[25.766,69.039],[25.765,69.035],[25.766,69.031],[25.774,69.025],[25.793,69.018],[25.801,69.013],[25.805,69.006],[25.796,68.993],[25.754,68.978],[25.743,68.966],[25.737,68.953],[25.726,68.942],[25.695,68.926],[25.678,68.912],[25.666,68.897],[25.652,68.883],[25.628,68.874],[25.602,68.872],[25.481,68.888],[25.434,68.884],[25.387,68.875],[25.201,68.813],[25.163,68.785],[25.15,68.765],[25.145,68.743],[25.143,68.696],[25.139,68.688],[25.133,68.683],[25.132,68.677],[25.144,68.668],[25.132,68.648],[25.118,68.638],[25.098,68.634],[25.071,68.631],[25.007,68.615],[24.981,68.615],[24.952,68.605],[24.938,68.588],[24.927,68.57],[24.905,68.557],[24.879,68.555],[24.861,68.563],[24.83,68.594],[24.754,68.638],[24.663,68.666],[24.481,68.689],[24.332,68.709],[24.187,68.745],[24.164,68.755],[24.131,68.776],[23.929,68.816],[23.853,68.817],[23.787,68.8],[23.768,68.756],[23.735,68.715],[23.642,68.695],[23.482,68.686],[23.198,68.618],[23.175,68.622],[23.098,68.67],[23.072,68.681],[23.019,68.687],[22.852,68.676],[22.596,68.725],[22.57,68.727],[22.543,68.726],[22.429,68.71],[22.409,68.713],[22.397,68.732],[22.371,68.823],[22.357,68.833],[22.277,68.858],[22.2,68.909],[22.189,68.919],[22.174,68.944],[22.161,68.956],[22.023,69.012],[21.946,69.066],[21.97,69.068],[22.441,69.09],[22.524,69.11],[22.547,69.119],[22.562,69.13],[22.581,69.151],[22.587,69.162],[22.59,69.177],[22.593,69.188],[22.596,69.202],[22.597,69.216],[22.591,69.231],[22.578,69.247],[22.56,69.265],[22.474,69.329],[22.427,69.357],[22.394,69.372],[22.359,69.394],[22.349,69.404],[22.343,69.419],[22.337,69.439],[22.335,69.453],[22.335,69.468],[22.34,69.473],[22.352,69.477],[22.601,69.51],[22.762,69.513],[22.775,69.515],[22.78,69.52],[22.778,69.524],[22.774,69.53],[22.771,69.536],[22.776,69.541],[22.797,69.55],[22.81,69.558],[22.819,69.567],[22.821,69.575],[22.831,69.585],[22.85,69.597],[22.919,69.627],[22.933,69.635],[22.933,69.64],[22.927,69.644],[22.915,69.648],[22.886,69.655],[22.864,69.658],[22.791,69.655],[22.721,69.668],[22.664,69.686],[22.629,69.706],[22.617,69.716],[22.596,69.742],[22.578,69.759],[22.544,69.78],[22.531,69.791],[22.526,69.8],[22.531,69.806],[22.538,69.813],[22.576,69.834],[22.584,69.841],[22.585,69.847],[22.573,69.853],[22.555,69.859],[22.539,69.867],[22.538,69.876],[22.546,69.886],[22.559,69.899],[22.565,69.91],[22.557,69.917],[22.54,69.922],[22.483,69.924],[22.337,69.946],[22.321,69.952],[22.311,69.959],[22.297,69.972],[22.244,70.011],[22.238,70.017],[22.236,70.023],[22.238,70.028],[22.234,70.045],[22.19,70.091],[22.169,70.107],[22.155,70.123],[22.144,70.139],[22.13,70.15],[22.112,70.158],[22.097,70.158],[22.079,70.154],[22.046,70.141],[22.034,70.139],[21.984,70.142],[21.975,70.142],[21.963,70.139],[21.942,70.132],[21.932,70.128],[21.929,70.124],[21.933,70.12],[21.931,70.116],[21.908,70.109],[21.875,70.102],[21.86,70.104],[21.747,70.138],[21.648,70.181],[21.617,70.187],[21.588,70.189],[21.528,70.185],[21.234,70.224],[21.236,70.225],[21.27,70.239],[21.307,70.247],[21.34,70.25],[21.407,70.267],[21.439,70.269],[21.435,70.25],[21.445,70.238],[21.49,70.209],[21.493,70.217],[21.492,70.221],[21.491,70.225],[21.49,70.233],[21.493,70.24],[21.506,70.251],[21.51,70.257],[21.512,70.27],[21.511,70.282],[21.512,70.293],[21.518,70.305],[21.534,70.317],[21.553,70.321],[21.572,70.319],[21.586,70.312],[21.587,70.308],[21.587,70.293],[21.589,70.287],[21.613,70.27],[21.636,70.261],[21.685,70.256],[21.709,70.25],[21.797,70.206],[21.804,70.198],[21.809,70.188],[21.819,70.175],[21.83,70.168],[21.874,70.147],[21.88,70.161],[21.877,70.17],[21.871,70.178],[21.868,70.189],[21.866,70.191],[21.862,70.191],[21.859,70.194],[21.86,70.202],[21.866,70.207],[21.876,70.21],[21.887,70.21],[21.895,70.209],[21.873,70.216],[21.827,70.227],[21.809,70.24],[21.806,70.257],[21.822,70.269],[21.987,70.323],[22.01,70.325],[22.032,70.318],[22.019,70.309],[21.991,70.296],[21.984,70.284],[22.009,70.287],[22.072,70.305],[22.095,70.308],[22.105,70.304],[22.107,70.294],[22.108,70.245],[22.117,70.234],[22.141,70.237],[22.153,70.246],[22.153,70.259],[22.141,70.284],[22.267,70.295],[22.306,70.287],[22.315,70.273],[22.3,70.255],[22.276,70.239],[22.258,70.23],[22.272,70.218],[22.278,70.203],[22.282,70.185],[22.292,70.168],[22.278,70.158],[22.249,70.151],[22.237,70.14],[22.275,70.135],[22.405,70.147],[22.525,70.124],[22.559,70.127],[22.536,70.139],[22.507,70.147],[22.326,70.168],[22.332,70.18],[22.361,70.216],[22.375,70.246],[22.374,70.25],[22.401,70.258],[22.434,70.261],[22.468,70.26],[22.513,70.254],[22.554,70.238],[22.565,70.238],[22.576,70.241],[22.587,70.242],[22.6,70.237],[22.594,70.222],[22.604,70.219],[22.675,70.223],[22.967,70.207],[22.977,70.199],[22.971,70.189],[22.86,70.126],[22.837,70.12],[22.804,70.117],[22.736,70.102],[22.552,70.086],[22.476,70.091],[22.435,70.089],[22.392,70.068],[22.285,70.044],[22.304,70.039],[22.332,70.04],[22.359,70.046],[22.395,70.061],[22.648,70.076],[22.714,70.095],[22.867,70.106],[22.979,70.145],[23.019,70.147],[23.003,70.114],[22.999,70.101],[22.998,70.082],[23.001,70.066],[23.009,70.05],[23.02,70.038],[23.032,70.03],[23.052,70.032],[23.085,70.04],[23.115,70.043],[23.128,70.034],[23.125,70.013],[23.12,69.999],[23.124,69.988],[23.149,69.976],[23.136,69.967],[23.123,69.961],[23.11,69.957],[23.094,69.955],[23.125,69.944],[23.159,69.951],[23.284,69.993],[23.299,69.996],[23.314,69.996],[23.316,69.994],[23.323,69.986],[23.335,69.981],[23.339,69.978],[23.337,69.973],[23.31,69.954],[23.31,69.95],[23.33,69.948],[23.421,69.978],[23.467,69.986],[23.477,69.993],[23.485,70.006],[23.502,70.011],[23.523,70.015],[23.539,70.024],[23.488,70.034],[23.297,70.04],[23.273,70.047],[23.175,70.092],[23.192,70.098],[23.228,70.098],[23.244,70.102],[23.259,70.109],[23.276,70.112],[23.358,70.115],[23.379,70.123],[23.402,70.14],[23.379,70.15],[23.324,70.159],[23.299,70.168],[23.328,70.175],[23.403,70.181],[23.422,70.195],[23.329,70.193],[23.281,70.198],[23.244,70.216],[23.276,70.225],[23.388,70.23],[23.418,70.234],[23.488,70.236],[23.503,70.237],[23.505,70.244],[23.532,70.244],[23.503,70.253],[23.471,70.256],[23.292,70.244],[23.313,70.257],[23.399,70.279],[23.571,70.291],[23.614,70.305],[23.512,70.298],[23.519,70.306],[23.546,70.325],[23.524,70.324],[23.483,70.316],[23.464,70.318],[23.482,70.33],[23.513,70.365],[23.535,70.373],[23.562,70.377],[23.591,70.387],[23.642,70.411],[23.751,70.449],[23.816,70.487],[23.84,70.497],[23.918,70.509],[24.186,70.494],[24.298,70.475],[24.311,70.47],[24.334,70.46],[24.35,70.456],[24.357,70.463],[24.355,70.472],[24.344,70.477],[24.315,70.483],[24.259,70.514],[24.232,70.524],[24.115,70.538],[24.103,70.541],[24.112,70.549],[24.211,70.585],[24.238,70.6],[24.247,70.602],[24.256,70.603],[24.264,70.606],[24.272,70.613],[24.276,70.623],[24.276,70.647],[24.282,70.657],[24.294,70.666],[24.334,70.685],[24.352,70.691],[24.37,70.69],[24.409,70.681],[24.478,70.683],[24.498,70.678],[24.615,70.626],[24.647,70.618],[24.688,70.614],[24.724,70.621],[24.738,70.644],[24.725,70.665],[24.662,70.688],[24.642,70.703],[24.647,70.704],[24.656,70.709],[24.588,70.722],[24.567,70.73],[24.544,70.746],[24.532,70.75],[24.516,70.752],[24.464,70.75],[24.347,70.764],[24.292,70.764],[24.266,70.77],[24.245,70.784],[24.268,70.8],[24.268,70.821],[24.269,70.838],[24.364,70.863],[24.396,70.867],[24.416,70.853],[24.409,70.846],[24.451,70.841],[24.466,70.835],[24.464,70.818],[24.52,70.812],[24.574,70.799],[24.616,70.78],[24.635,70.78],[24.65,70.799],[24.641,70.809],[24.629,70.816],[24.601,70.825],[24.611,70.841],[24.611,70.852],[24.613,70.859],[24.629,70.866],[24.653,70.866],[24.684,70.86],[24.71,70.859],[24.725,70.873],[24.637,70.894],[24.608,70.894],[24.621,70.905],[24.629,70.908],[24.595,70.918],[24.582,70.924],[24.574,70.935],[24.591,70.942],[24.613,70.948],[24.636,70.95],[24.656,70.95],[24.639,70.955],[24.604,70.956],[24.588,70.963],[24.609,70.971],[24.637,70.976],[24.666,70.978],[24.774,70.968],[24.783,70.966],[24.789,70.961],[24.797,70.953],[24.807,70.947],[24.835,70.942],[24.847,70.939],[24.86,70.928],[24.854,70.922],[24.837,70.916],[24.82,70.908],[24.985,70.914],[24.968,70.93],[24.978,70.946],[24.988,70.958],[24.971,70.963],[24.994,70.972],[25.034,70.971],[25.063,70.958],[25.053,70.928],[25.026,70.908],[24.989,70.891],[24.95,70.879],[24.916,70.873],[24.933,70.868],[24.971,70.876],[24.988,70.87],[25.005,70.862],[25.048,70.858],[25.067,70.853],[25.067,70.873],[25.076,70.884],[25.111,70.909],[25.134,70.92],[25.143,70.922],[25.154,70.919],[25.16,70.915],[25.163,70.91],[25.166,70.908],[25.18,70.904],[25.232,70.873],[25.242,70.862],[25.266,70.825],[25.246,70.791],[25.258,70.791],[25.267,70.794],[25.275,70.8],[25.284,70.809],[25.295,70.813],[25.311,70.814],[25.342,70.812],[25.35,70.819],[25.392,70.884],[25.397,70.901],[25.386,70.908],[25.375,70.913],[25.361,70.926],[25.347,70.94],[25.342,70.953],[25.365,70.976],[25.418,70.965],[25.536,70.923],[25.537,70.911],[25.527,70.898],[25.512,70.887],[25.493,70.878],[25.444,70.863],[25.423,70.86],[25.442,70.841],[25.466,70.844],[25.512,70.87],[25.521,70.869],[25.539,70.854],[25.553,70.853],[25.56,70.857],[25.589,70.881],[25.617,70.889],[25.663,70.895],[25.706,70.896],[25.725,70.884],[25.728,70.877],[25.737,70.869],[25.747,70.862],[25.756,70.86],[25.768,70.863],[25.778,70.87],[25.785,70.877],[25.791,70.881],[25.823,70.886],[25.853,70.894],[25.882,70.896],[25.91,70.881],[25.919,70.873],[25.926,70.864],[25.925,70.856],[25.896,70.85],[25.869,70.835],[25.825,70.828],[25.8,70.815],[25.753,70.784],[25.726,70.775],[25.629,70.764],[25.634,70.755],[25.64,70.749],[25.657,70.736],[25.641,70.723],[25.62,70.712],[25.597,70.705],[25.56,70.699],[25.512,70.671],[25.447,70.662],[25.428,70.642],[25.354,70.607],[25.307,70.599],[25.287,70.593],[25.255,70.572],[25.239,70.565],[25.101,70.523],[25.074,70.503],[25.246,70.528],[25.287,70.511],[25.242,70.487],[25.06,70.49],[25.098,70.471],[25.243,70.478],[25.287,70.456],[25.267,70.456],[25.252,70.448],[25.246,70.435],[25.264,70.405],[25.265,70.393],[25.257,70.386],[25.198,70.4],[25.157,70.394],[25.081,70.359],[25.094,70.355],[25.108,70.353],[25.136,70.353],[25.118,70.347],[25.105,70.336],[25.105,70.325],[25.122,70.318],[25.14,70.323],[25.164,70.333],[25.187,70.339],[25.204,70.332],[25.209,70.317],[25.201,70.307],[25.058,70.254],[25.026,70.249],[25.014,70.245],[25.003,70.239],[24.995,70.233],[24.99,70.231],[24.98,70.229],[24.978,70.226],[24.978,70.219],[24.977,70.216],[24.97,70.206],[24.966,70.199],[24.965,70.191],[24.97,70.177],[24.964,70.17],[24.947,70.158],[24.945,70.149],[24.943,70.102],[24.963,70.08],[25.004,70.064],[25.037,70.064],[25.033,70.092],[25.023,70.101],[25.012,70.109],[25.006,70.119],[25.012,70.134],[25.027,70.143],[25.095,70.154],[25.088,70.148],[25.074,70.127],[25.091,70.127],[25.107,70.131],[25.122,70.132],[25.136,70.127],[25.104,70.121],[25.09,70.117],[25.081,70.106],[25.093,70.1],[25.102,70.091],[25.114,70.082],[25.136,70.079],[25.159,70.081],[25.205,70.09],[25.229,70.092],[25.253,70.101],[25.274,70.123],[25.31,70.171],[25.324,70.182],[25.342,70.19],[25.361,70.194],[25.383,70.195],[25.395,70.2],[25.413,70.21],[25.43,70.222],[25.437,70.233],[25.451,70.249],[25.517,70.278],[25.54,70.298],[25.517,70.311],[25.423,70.325],[25.441,70.342],[25.656,70.441],[25.869,70.564],[25.897,70.572],[25.927,70.576],[25.96,70.589],[25.991,70.606],[26.012,70.626],[26.053,70.693],[26.071,70.713],[26.082,70.716],[26.119,70.717],[26.136,70.723],[26.145,70.731],[26.157,70.75],[26.164,70.758],[26.192,70.774],[26.255,70.797],[26.308,70.833],[26.374,70.868],[26.614,70.949],[26.691,70.956],[26.687,70.953],[26.677,70.942],[26.725,70.928],[26.719,70.916],[26.723,70.911],[26.729,70.907],[26.733,70.898],[26.73,70.888],[26.723,70.881],[26.708,70.87],[26.696,70.864],[26.681,70.863],[26.669,70.86],[26.664,70.849],[26.666,70.838],[26.671,70.831],[26.68,70.827],[26.691,70.825],[26.705,70.829],[26.721,70.835],[26.736,70.839],[26.746,70.832],[26.744,70.823],[26.736,70.815],[26.719,70.805],[26.705,70.79],[26.692,70.773],[26.685,70.755],[26.691,70.736],[26.64,70.707],[26.342,70.648],[26.375,70.638],[26.499,70.661],[26.537,70.662],[26.623,70.652],[26.657,70.641],[26.602,70.558],[26.606,70.544],[26.593,70.536],[26.574,70.528],[26.561,70.518],[26.558,70.504],[26.564,70.497],[26.573,70.49],[26.581,70.477],[26.541,70.462],[26.521,70.448],[26.513,70.432],[26.515,70.424],[26.525,70.413],[26.527,70.408],[26.524,70.401],[26.515,70.387],[26.513,70.38],[26.51,70.378],[26.506,70.371],[26.506,70.363],[26.516,70.359],[26.554,70.353],[26.568,70.356],[26.575,70.362],[26.578,70.368],[26.583,70.374],[26.595,70.38],[26.609,70.381],[26.635,70.377],[26.65,70.38],[26.631,70.401],[26.629,70.408],[26.634,70.413],[26.656,70.425],[26.662,70.426],[26.693,70.42],[26.723,70.421],[26.753,70.427],[26.78,70.438],[26.799,70.455],[26.804,70.469],[26.812,70.48],[26.945,70.483],[26.931,70.466],[26.948,70.463],[27.051,70.476],[27.077,70.474],[27.102,70.47],[27.091,70.475],[27.054,70.483],[27.045,70.488],[27.027,70.503],[26.976,70.527],[26.966,70.538],[26.991,70.544],[27.0,70.549],[27.007,70.558],[26.982,70.565],[26.973,70.565],[26.992,70.583],[27.021,70.599],[27.054,70.61],[27.081,70.613],[27.089,70.611],[27.107,70.602],[27.116,70.6],[27.13,70.598],[27.171,70.6],[27.242,70.585],[27.267,70.585],[27.235,70.602],[27.13,70.626],[27.1,70.641],[27.105,70.656],[27.157,70.681],[27.139,70.689],[27.099,70.697],[27.081,70.703],[27.111,70.729],[27.14,70.741],[27.287,70.744],[27.317,70.739],[27.329,70.743],[27.342,70.758],[27.319,70.759],[27.294,70.764],[27.28,70.775],[27.291,70.795],[27.311,70.818],[27.324,70.824],[27.349,70.825],[27.63,70.805],[27.48,70.825],[27.48,70.832],[27.495,70.832],[27.508,70.836],[27.52,70.842],[27.534,70.846],[27.522,70.852],[27.51,70.862],[27.5,70.866],[27.491,70.867],[27.471,70.866],[27.462,70.87],[27.458,70.875],[27.456,70.878],[27.453,70.879],[27.445,70.881],[27.41,70.876],[27.391,70.876],[27.383,70.884],[27.387,70.892],[27.404,70.906],[27.41,70.914],[27.394,70.91],[27.37,70.893],[27.356,70.887],[27.335,70.884],[27.191,70.895],[27.154,70.906],[27.123,70.922],[27.134,70.95],[27.149,70.964],[27.171,70.967],[27.349,70.942],[27.342,70.953],[27.331,70.961],[27.308,70.973],[27.29,70.979],[27.248,70.989],[27.232,70.997],[27.222,71.019],[27.253,71.026],[27.476,71.007],[27.5,70.994],[27.509,70.969],[27.529,70.956],[27.554,70.955],[27.576,70.969],[27.567,70.982],[27.564,70.995],[27.57,71.007],[27.582,71.017],[27.547,71.023],[27.533,71.029],[27.528,71.041],[27.526,71.057],[27.523,71.067],[27.525,71.074],[27.534,71.086],[27.569,71.097],[27.61,71.093],[27.642,71.095],[27.65,71.127],[27.715,71.104],[27.725,71.09],[27.698,71.066],[27.722,71.06],[27.788,71.059],[27.811,71.056],[27.856,71.041],[27.877,71.038],[27.964,71.047],[27.983,71.056],[27.999,71.066],[28.021,71.071],[28.043,71.071],[28.062,71.066],[28.064,71.062],[28.063,71.056],[28.064,71.05],[28.069,71.045],[28.081,71.041],[28.087,71.042],[28.145,71.074],[28.167,71.083],[28.191,71.086],[28.21,71.084],[28.233,71.078],[28.253,71.068],[28.261,71.056],[28.252,71.039],[28.233,71.033],[28.212,71.028],[28.199,71.017],[28.219,71.017],[28.209,71.015],[28.2,71.011],[28.192,71.005],[28.185,70.997],[28.2,70.999],[28.24,71.011],[28.234,71.001],[28.226,70.993],[28.216,70.987],[28.205,70.983],[28.233,70.977],[28.343,71.004],[28.491,71.0],[28.531,70.984],[28.539,70.983],[28.546,70.98],[28.549,70.973],[28.547,70.967],[28.537,70.958],[28.529,70.939],[28.506,70.92],[28.5,70.911],[28.483,70.889],[28.443,70.884],[28.369,70.887],[28.384,70.875],[28.403,70.873],[28.425,70.872],[28.445,70.866],[28.422,70.853],[28.398,70.847],[28.343,70.846],[28.343,70.84],[28.353,70.837],[28.357,70.835],[28.359,70.831],[28.363,70.825],[28.225,70.832],[28.243,70.825],[28.262,70.819],[28.301,70.812],[28.266,70.795],[28.224,70.786],[28.18,70.783],[28.137,70.784],[28.081,70.797],[28.062,70.799],[28.023,70.793],[28.009,70.796],[28.014,70.812],[27.999,70.816],[27.986,70.813],[27.973,70.808],[27.959,70.805],[27.951,70.798],[27.822,70.791],[27.808,70.795],[27.799,70.797],[27.773,70.792],[27.76,70.791],[27.776,70.781],[27.812,70.777],[27.828,70.771],[27.813,70.765],[27.797,70.761],[27.782,70.755],[27.774,70.744],[27.858,70.763],[27.9,70.768],[27.987,70.757],[27.993,70.754],[27.997,70.746],[28.007,70.743],[28.081,70.746],[28.107,70.744],[28.131,70.736],[28.072,70.703],[27.933,70.687],[27.87,70.668],[27.874,70.665],[27.877,70.661],[27.793,70.637],[27.753,70.632],[27.722,70.622],[27.677,70.616],[27.65,70.606],[27.795,70.614],[28.154,70.678],[28.253,70.716],[28.283,70.719],[28.301,70.703],[28.288,70.654],[28.233,70.615],[28.166,70.588],[28.058,70.555],[28.034,70.541],[27.994,70.526],[27.912,70.512],[27.874,70.499],[27.849,70.483],[27.862,70.47],[27.87,70.459],[27.884,70.428],[27.894,70.439],[27.915,70.473],[27.928,70.483],[27.945,70.489],[27.98,70.497],[27.958,70.484],[27.938,70.47],[28.059,70.493],[28.185,70.503],[28.08,70.477],[28.052,70.46],[28.041,70.445],[28.05,70.442],[28.088,70.451],[28.113,70.464],[28.131,70.47],[28.13,70.469],[28.11,70.461],[28.104,70.454],[28.108,70.446],[28.127,70.442],[28.137,70.447],[28.178,70.477],[28.214,70.496],[28.253,70.51],[28.294,70.518],[28.335,70.518],[28.322,70.497],[28.303,70.487],[28.282,70.479],[28.264,70.466],[28.247,70.448],[28.213,70.421],[28.172,70.395],[28.161,70.383],[28.159,70.368],[28.168,70.349],[28.173,70.333],[28.17,70.315],[28.157,70.284],[28.158,70.247],[28.178,70.182],[28.178,70.154],[28.167,70.135],[28.152,70.124],[28.135,70.114],[28.1,70.088],[28.071,70.077],[28.04,70.071],[28.014,70.071],[28.066,70.063],[28.128,70.082],[28.184,70.115],[28.219,70.154],[28.225,70.174],[28.22,70.186],[28.209,70.198],[28.199,70.216],[28.199,70.226],[28.204,70.246],[28.202,70.254],[28.199,70.26],[28.191,70.284],[28.196,70.302],[28.217,70.33],[28.225,70.346],[28.229,70.366],[28.229,70.383],[28.233,70.399],[28.247,70.415],[28.258,70.421],[28.291,70.433],[28.321,70.439],[28.325,70.448],[28.326,70.46],[28.329,70.47],[28.353,70.484],[28.39,70.493],[28.429,70.496],[28.459,70.49],[28.456,70.472],[28.469,70.455],[28.489,70.445],[28.507,70.449],[28.512,70.458],[28.507,70.466],[28.5,70.474],[28.5,70.483],[28.511,70.492],[28.526,70.498],[28.555,70.503],[28.555,70.511],[28.482,70.512],[28.459,70.518],[28.406,70.545],[28.398,70.548],[28.402,70.559],[28.479,70.626],[28.485,70.636],[28.493,70.658],[28.5,70.668],[28.517,70.678],[28.534,70.68],[28.576,70.675],[28.613,70.674],[28.62,70.678],[28.61,70.689],[28.576,70.701],[28.541,70.709],[28.526,70.722],[28.555,70.75],[28.643,70.789],[28.693,70.83],[28.726,70.849],[28.761,70.864],[28.795,70.873],[29.058,70.884],[29.083,70.881],[29.105,70.873],[29.102,70.869],[29.062,70.866],[29.062,70.86],[29.221,70.855],[29.261,70.84],[29.263,70.835],[29.262,70.821],[29.265,70.815],[29.273,70.81],[29.282,70.805],[29.302,70.799],[29.381,70.793],[29.405,70.784],[29.381,70.769],[29.295,70.744],[29.322,70.735],[29.418,70.736],[29.399,70.728],[29.373,70.724],[29.322,70.723],[29.328,70.713],[29.338,70.708],[29.35,70.708],[29.364,70.709],[29.352,70.695],[29.329,70.69],[29.302,70.687],[29.281,70.681],[29.285,70.679],[29.288,70.677],[29.295,70.675],[29.281,70.661],[29.306,70.653],[29.329,70.66],[29.37,70.689],[29.392,70.697],[29.518,70.706],[29.7,70.744],[29.746,70.743],[29.779,70.727],[29.782,70.689],[29.762,70.665],[29.703,70.64],[29.679,70.62],[29.823,70.634],[29.84,70.639],[29.849,70.647],[29.858,70.656],[29.87,70.664],[29.959,70.705],[29.994,70.713],[30.07,70.716],[30.105,70.711],[30.207,70.681],[30.186,70.665],[30.157,70.656],[30.097,70.648],[30.131,70.639],[30.241,70.634],[30.337,70.606],[30.347,70.596],[30.327,70.585],[30.265,70.57],[30.153,70.558],[30.125,70.552],[30.125,70.545],[30.138,70.546],[30.15,70.546],[30.16,70.541],[30.165,70.531],[30.124,70.532],[30.041,70.544],[30.001,70.545],[30.001,70.538],[30.163,70.525],[30.456,70.561],[30.502,70.558],[30.582,70.542],[30.599,70.53],[30.562,70.518],[30.732,70.468],[30.741,70.442],[30.787,70.421],[30.812,70.415],[30.824,70.425],[30.837,70.432],[30.926,70.456],[30.947,70.45],[30.973,70.421],[30.988,70.415],[31.006,70.409],[31.063,70.367],[31.048,70.356],[31.03,70.349],[31.019,70.34],[31.022,70.325],[31.034,70.315],[31.05,70.309],[31.066,70.3],[31.077,70.284],[31.041,70.285],[30.934,70.264],[30.549,70.249],[30.515,70.239],[30.515,70.216],[30.489,70.203],[30.399,70.195],[30.375,70.186],[30.358,70.173],[30.357,70.161],[30.384,70.154],[30.355,70.13],[30.317,70.117],[30.145,70.092],[30.119,70.085],[30.118,70.078],[30.133,70.073],[30.159,70.071],[29.69,70.096],[29.221,70.12],[29.227,70.12],[28.94,70.151],[28.654,70.182],[28.616,70.177],[28.597,70.161],[28.754,70.168],[28.733,70.149],[28.69,70.134],[28.644,70.124],[28.61,70.12],[28.629,70.107],[28.665,70.1],[28.733,70.099],[28.774,70.111],[28.787,70.111],[28.834,70.1],[28.85,70.099],[28.85,70.092],[28.759,70.094],[28.733,70.086],[28.924,70.074],[28.993,70.056],[29.138,70.058],[29.129,70.048],[29.124,70.044],[29.162,70.045],[29.183,70.043],[29.193,70.037],[29.184,70.033],[29.13,70.017],[29.158,70.009],[29.343,70.017],[29.389,70.005],[29.686,69.969],[29.664,69.966],[29.576,69.936],[29.529,69.925],[29.486,69.911],[29.44,69.901],[29.422,69.89],[29.415,69.884],[29.412,69.88],[29.408,69.876],[29.398,69.87],[29.39,69.866],[29.364,69.86],[29.413,69.857],[29.436,69.862],[29.471,69.888],[29.515,69.909],[29.535,69.914],[29.549,69.915],[29.564,69.913],[29.577,69.909],[29.59,69.904],[29.604,69.901],[29.63,69.907],[29.667,69.901],[29.714,69.914],[29.741,69.907],[29.732,69.894],[29.738,69.886],[29.746,69.877],[29.741,69.866],[29.775,69.839],[29.755,69.829],[29.737,69.803],[29.699,69.793],[29.649,69.772],[29.645,69.763],[29.645,69.756],[29.625,69.754],[29.613,69.745],[29.603,69.733],[29.59,69.722],[29.571,69.716],[29.528,69.713],[29.508,69.709],[29.544,69.708],[29.534,69.695],[29.506,69.677],[29.487,69.661],[29.521,69.668],[29.538,69.675],[29.567,69.695],[29.68,69.735],[29.716,69.741],[29.821,69.744],[29.902,69.736],[29.909,69.737],[29.993,69.768],[30.03,69.776],[30.063,69.77],[30.044,69.761],[30.019,69.737],[30.001,69.726],[29.955,69.715],[29.937,69.706],[29.939,69.688],[29.952,69.705],[29.978,69.714],[30.029,69.722],[30.071,69.74],[30.081,69.739],[30.102,69.716],[30.114,69.706],[30.175,69.686],[30.186,69.688],[30.188,69.696],[30.181,69.702],[30.162,69.712],[30.122,69.744],[30.111,69.756],[30.132,69.76],[30.189,69.763],[30.207,69.77],[30.209,69.784],[30.195,69.794],[30.175,69.801],[30.159,69.811],[30.166,69.824],[30.168,69.847],[30.167,69.869],[30.165,69.879],[30.241,69.879],[30.289,69.886],[30.303,69.883],[30.324,69.867],[30.318,69.859],[30.269,69.845],[30.299,69.838],[30.372,69.848],[30.399,69.839],[30.403,69.831],[30.404,69.822],[30.404,69.813],[30.405,69.804],[30.411,69.782],[30.412,69.781],[30.414,69.737],[30.41,69.702],[30.388,69.68],[30.337,69.674],[30.36,69.668],[30.429,69.674],[30.444,69.678],[30.449,69.689],[30.453,69.715],[30.447,69.727],[30.447,69.733],[30.462,69.738],[30.465,69.742],[30.467,69.747],[30.467,69.753],[30.463,69.764],[30.455,69.773],[30.452,69.782],[30.46,69.791],[30.451,69.81],[30.483,69.818],[30.699,69.808],[30.721,69.798],[30.707,69.793],[30.7,69.783],[30.703,69.774],[30.717,69.77],[30.733,69.772],[30.75,69.777],[30.782,69.791],[30.79,69.791],[30.841,69.806],[30.844,69.766],[30.868,69.749],[30.877,69.738],[30.882,69.72],[30.881,69.71],[30.884,69.702],[30.901,69.689],[30.928,69.672],[30.931,69.595],[30.927,69.578],[30.898,69.544],[30.853,69.527],[30.755,69.522],[30.512,69.536],[30.481,69.544],[30.294,69.62],[30.231,69.637],[30.186,69.641],[30.141,69.64],[30.119,69.635],[30.127,69.626],[30.149,69.618],[30.209,69.609],[30.22,69.6],[30.229,69.582],[30.232,69.558],[30.225,69.541],[30.211,69.528],[30.192,69.519],[30.164,69.512],[30.155,69.506],[30.145,69.491],[30.141,69.477],[30.141,69.464],[30.137,69.453],[30.123,69.442],[30.002,69.395],[29.967,69.374],[29.948,69.366],[29.901,69.358],[29.751,69.357],[29.728,69.352],[29.662,69.325],[29.604,69.315],[29.435,69.312],[29.377,69.302],[29.334,69.277],[29.327,69.263],[29.316,69.235],[29.307,69.226],[29.305,69.218],[29.305,69.21],[29.302,69.201],[29.294,69.192],[29.276,69.176],[29.269,69.167],[29.251,69.131],[29.241,69.115],[29.221,69.098],[29.173,69.069],[29.12,69.047],[29.065,69.035],[29.008,69.037],[28.974,69.034],[28.954,69.027]]],[[[22.922,70.305],[22.943,70.3],[22.966,70.298],[22.988,70.293],[23.008,70.281],[23.019,70.265],[23.016,70.254],[23.002,70.249],[22.732,70.257],[22.445,70.291],[22.381,70.326],[22.374,70.332],[22.379,70.347],[22.398,70.358],[22.421,70.362],[22.439,70.356],[22.453,70.346],[22.47,70.337],[22.505,70.325],[22.475,70.348],[22.47,70.353],[22.468,70.368],[22.474,70.38],[22.485,70.385],[22.53,70.364],[22.575,70.382],[22.6,70.367],[22.606,70.38],[22.619,70.387],[22.633,70.385],[22.641,70.373],[22.648,70.373],[22.651,70.386],[22.661,70.396],[22.675,70.399],[22.689,70.394],[22.695,70.386],[22.694,70.363],[22.697,70.353],[22.714,70.337],[22.73,70.345],[22.737,70.365],[22.73,70.387],[22.756,70.395],[22.78,70.386],[22.799,70.367],[22.806,70.342],[22.828,70.334],[22.956,70.325],[22.947,70.323],[22.937,70.319],[22.929,70.313],[22.922,70.305]]],[[[23.656,70.503],[23.649,70.5],[23.636,70.492],[23.628,70.49],[23.636,70.483],[23.653,70.473],[23.662,70.47],[23.634,70.438],[23.593,70.415],[23.408,70.353],[23.319,70.342],[23.292,70.332],[23.314,70.333],[23.339,70.331],[23.363,70.326],[23.382,70.318],[23.216,70.283],[23.155,70.277],[23.105,70.283],[23.082,70.302],[23.087,70.328],[23.114,70.359],[23.127,70.371],[23.135,70.385],[23.138,70.401],[23.135,70.415],[23.075,70.36],[23.039,70.341],[23.008,70.349],[22.995,70.357],[22.98,70.359],[22.965,70.358],[22.95,70.359],[22.939,70.363],[22.871,70.402],[22.854,70.408],[22.881,70.414],[22.94,70.407],[22.964,70.421],[22.92,70.431],[22.909,70.435],[22.895,70.446],[22.897,70.451],[22.922,70.456],[22.936,70.461],[22.944,70.462],[22.953,70.463],[22.958,70.465],[22.961,70.47],[22.964,70.477],[22.972,70.477],[22.991,70.476],[22.998,70.477],[23.004,70.481],[23.013,70.493],[23.019,70.497],[23.124,70.521],[23.141,70.514],[23.151,70.498],[23.174,70.503],[23.201,70.514],[23.223,70.518],[23.223,70.524],[23.201,70.529],[23.181,70.538],[23.175,70.548],[23.196,70.552],[23.214,70.55],[23.24,70.546],[23.262,70.536],[23.272,70.521],[23.267,70.506],[23.26,70.492],[23.261,70.481],[23.279,70.477],[23.291,70.484],[23.311,70.519],[23.326,70.531],[23.305,70.535],[23.298,70.543],[23.308,70.55],[23.333,70.552],[23.353,70.547],[23.387,70.533],[23.408,70.531],[23.394,70.542],[23.388,70.545],[23.413,70.562],[23.504,70.545],[23.539,70.545],[23.515,70.56],[23.489,70.571],[23.436,70.585],[23.442,70.59],[23.452,70.602],[23.457,70.606],[23.398,70.613],[23.391,70.618],[23.464,70.625],[23.485,70.625],[23.502,70.617],[23.519,70.611],[23.557,70.619],[23.573,70.613],[23.56,70.606],[23.568,70.598],[23.601,70.579],[23.595,70.566],[23.587,70.554],[23.581,70.543],[23.58,70.531],[23.592,70.516],[23.611,70.512],[23.634,70.51],[23.656,70.503]]],[[[24.067,70.661],[24.065,70.646],[24.083,70.636],[24.128,70.62],[24.102,70.589],[24.012,70.568],[23.929,70.523],[23.868,70.512],[23.804,70.513],[23.751,70.524],[23.738,70.537],[23.71,70.558],[23.697,70.572],[23.695,70.578],[23.694,70.588],[23.692,70.596],[23.687,70.6],[23.642,70.6],[23.666,70.613],[23.681,70.625],[23.68,70.636],[23.656,70.648],[23.676,70.654],[23.684,70.659],[23.69,70.668],[23.643,70.685],[23.636,70.692],[23.64,70.702],[23.651,70.71],[23.676,70.723],[23.698,70.743],[23.709,70.749],[23.816,70.751],[23.84,70.744],[23.83,70.736],[23.828,70.73],[23.834,70.726],[23.847,70.723],[23.84,70.717],[23.835,70.713],[23.829,70.711],[23.819,70.709],[23.832,70.703],[23.844,70.704],[23.855,70.707],[23.868,70.709],[23.964,70.709],[23.978,70.707],[24.033,70.689],[24.044,70.683],[24.052,70.677],[24.06,70.67],[24.067,70.661]]],[[[22.422,70.511],[22.407,70.515],[22.399,70.514],[22.374,70.503],[22.342,70.499],[22.309,70.503],[22.293,70.514],[22.313,70.531],[22.286,70.542],[22.268,70.529],[22.243,70.49],[22.221,70.481],[22.186,70.473],[22.154,70.472],[22.141,70.483],[22.151,70.5],[22.161,70.511],[22.186,70.535],[22.203,70.544],[22.245,70.557],[22.264,70.572],[22.257,70.573],[22.237,70.579],[22.311,70.602],[22.333,70.613],[22.1,70.606],[22.092,70.604],[22.077,70.595],[22.069,70.593],[22.041,70.594],[22.011,70.6],[22.025,70.612],[22.057,70.624],[22.072,70.634],[22.009,70.633],[21.977,70.638],[21.95,70.648],[21.986,70.662],[22.044,70.66],[22.195,70.632],[22.221,70.632],[22.243,70.641],[22.25,70.649],[22.251,70.659],[22.244,70.668],[22.23,70.675],[22.266,70.675],[22.321,70.661],[22.415,70.626],[22.415,70.634],[22.402,70.647],[22.384,70.673],[22.374,70.698],[22.384,70.709],[22.405,70.709],[22.415,70.708],[22.421,70.703],[22.432,70.692],[22.449,70.683],[22.47,70.677],[22.493,70.676],[22.512,70.681],[22.498,70.689],[22.495,70.699],[22.502,70.708],[22.518,70.716],[22.541,70.718],[22.567,70.713],[22.651,70.688],[22.656,70.682],[22.641,70.671],[22.605,70.66],[22.595,70.653],[22.607,70.641],[22.631,70.636],[22.652,70.646],[22.67,70.658],[22.689,70.661],[22.703,70.651],[22.707,70.637],[22.708,70.622],[22.713,70.61],[22.725,70.604],[22.732,70.611],[22.736,70.625],[22.737,70.637],[22.748,70.647],[22.774,70.65],[22.826,70.648],[22.808,70.663],[22.785,70.675],[22.793,70.694],[22.778,70.704],[22.753,70.714],[22.73,70.73],[22.724,70.737],[22.72,70.744],[22.723,70.749],[22.754,70.752],[22.806,70.764],[22.797,70.754],[22.792,70.75],[22.811,70.744],[22.851,70.742],[22.867,70.73],[22.854,70.73],[22.854,70.723],[22.872,70.723],[22.906,70.728],[22.924,70.725],[22.931,70.717],[22.922,70.707],[22.895,70.695],[22.918,70.685],[22.944,70.67],[22.969,70.661],[22.991,70.668],[22.977,70.681],[22.998,70.688],[23.02,70.692],[23.033,70.701],[23.025,70.723],[23.05,70.722],[23.096,70.71],[23.121,70.709],[23.111,70.714],[23.099,70.723],[23.093,70.732],[23.101,70.736],[23.165,70.73],[23.182,70.736],[23.173,70.741],[23.164,70.743],[23.145,70.744],[23.135,70.746],[23.132,70.75],[23.131,70.755],[23.128,70.758],[23.071,70.768],[23.053,70.774],[23.03,70.791],[23.049,70.797],[23.101,70.799],[23.091,70.799],[23.082,70.802],[23.074,70.806],[23.066,70.812],[23.093,70.814],[23.137,70.796],[23.162,70.791],[23.182,70.795],[23.188,70.802],[23.18,70.811],[23.162,70.818],[23.162,70.825],[23.19,70.816],[23.243,70.787],[23.272,70.777],[23.287,70.776],[23.329,70.779],[23.34,70.784],[23.34,70.799],[23.321,70.819],[23.323,70.829],[23.322,70.838],[23.315,70.851],[23.313,70.862],[23.326,70.866],[23.343,70.866],[23.358,70.864],[23.372,70.859],[23.385,70.849],[23.396,70.843],[23.435,70.829],[23.443,70.829],[23.446,70.813],[23.455,70.805],[23.468,70.801],[23.484,70.799],[23.46,70.791],[23.412,70.792],[23.388,70.784],[23.403,70.778],[23.421,70.774],[23.457,70.771],[23.447,70.767],[23.425,70.766],[23.416,70.764],[23.411,70.759],[23.407,70.747],[23.402,70.744],[23.385,70.743],[23.349,70.753],[23.333,70.75],[23.327,70.742],[23.325,70.719],[23.32,70.709],[23.315,70.709],[23.307,70.71],[23.297,70.71],[23.282,70.702],[23.251,70.695],[23.266,70.684],[23.272,70.681],[23.182,70.689],[23.167,70.695],[23.159,70.694],[23.153,70.678],[23.148,70.673],[23.141,70.67],[23.135,70.668],[23.143,70.659],[23.155,70.656],[23.182,70.654],[23.17,70.649],[23.152,70.632],[23.141,70.626],[23.12,70.624],[23.079,70.63],[23.059,70.626],[23.114,70.613],[23.089,70.586],[23.055,70.591],[23.018,70.604],[22.985,70.6],[23.005,70.596],[23.008,70.585],[22.998,70.573],[22.977,70.565],[22.953,70.567],[22.906,70.578],[22.881,70.579],[22.881,70.572],[22.936,70.558],[22.925,70.55],[22.914,70.544],[22.902,70.54],[22.888,70.538],[22.871,70.539],[22.844,70.549],[22.833,70.552],[22.822,70.547],[22.8,70.528],[22.789,70.524],[22.773,70.526],[22.765,70.531],[22.767,70.54],[22.778,70.552],[22.689,70.564],[22.644,70.564],[22.634,70.552],[22.627,70.545],[22.635,70.533],[22.632,70.526],[22.621,70.524],[22.61,70.524],[22.603,70.526],[22.596,70.529],[22.59,70.529],[22.585,70.515],[22.579,70.509],[22.572,70.505],[22.566,70.503],[22.517,70.528],[22.489,70.532],[22.477,70.507],[22.468,70.495],[22.449,70.498],[22.43,70.506],[22.422,70.511]]],[[[24.073,70.963],[24.21,70.967],[24.245,70.956],[24.211,70.956],[24.211,70.946],[24.2,70.942],[24.184,70.941],[24.169,70.942],[24.177,70.935],[24.16,70.928],[24.143,70.93],[24.126,70.935],[24.108,70.935],[24.097,70.929],[24.09,70.921],[24.08,70.915],[24.043,70.914],[24.023,70.917],[24.006,70.923],[23.999,70.932],[23.986,70.942],[23.909,70.956],[23.94,70.964],[24.009,70.966],[24.039,70.976],[24.007,70.983],[23.942,70.978],[23.909,70.983],[23.886,70.996],[23.895,71.002],[23.95,71.004],[23.94,71.012],[23.932,71.015],[23.923,71.017],[23.96,71.029],[24.087,71.024],[24.079,71.014],[24.073,71.011],[24.109,71.002],[24.188,71.005],[24.225,70.997],[24.188,70.989],[24.107,70.994],[24.073,70.983],[24.08,70.98],[24.082,70.977],[24.084,70.974],[24.087,70.969],[24.073,70.963]]],[[[26.136,71.038],[26.185,71.05],[26.209,71.05],[26.218,71.032],[26.207,71.013],[26.18,71.003],[26.113,70.995],[26.106,70.992],[26.088,70.98],[26.073,70.975],[25.969,70.978],[25.948,70.975],[25.924,70.966],[25.9,70.961],[25.8,70.963],[25.753,70.977],[25.731,70.975],[25.718,70.956],[25.744,70.95],[25.753,70.95],[25.753,70.942],[25.668,70.945],[25.6,70.932],[25.553,70.928],[25.534,70.932],[25.519,70.94],[25.492,70.959],[25.457,70.973],[25.416,70.983],[25.538,71.003],[25.561,71.017],[25.491,71.022],[25.471,71.028],[25.454,71.03],[25.326,71.007],[25.307,71.011],[25.294,71.02],[25.293,71.028],[25.294,71.036],[25.293,71.045],[25.348,71.066],[25.314,71.073],[25.332,71.079],[25.355,71.084],[25.399,71.086],[25.419,71.082],[25.439,71.076],[25.459,71.072],[25.478,71.079],[25.473,71.082],[25.464,71.09],[25.457,71.093],[25.472,71.103],[25.489,71.102],[25.526,71.093],[25.554,71.093],[25.56,71.09],[25.574,71.082],[25.592,71.078],[25.635,71.08],[25.709,71.062],[25.718,71.052],[25.713,71.071],[25.701,71.084],[25.683,71.093],[25.553,71.141],[25.565,71.152],[25.607,71.145],[25.626,71.151],[25.638,71.16],[25.654,71.165],[25.667,71.165],[25.677,71.161],[25.684,71.145],[25.807,71.154],[25.802,71.142],[25.784,71.112],[25.784,71.103],[25.806,71.096],[25.859,71.113],[25.883,71.114],[25.88,71.097],[25.897,71.099],[25.921,71.107],[25.937,71.11],[25.96,71.108],[26.006,71.125],[26.03,71.117],[26.034,71.087],[25.991,71.067],[25.933,71.055],[25.89,71.052],[25.907,71.044],[25.925,71.04],[25.945,71.037],[25.964,71.038],[25.964,71.017],[25.94,71.011],[25.93,71.011],[25.956,71.002],[25.991,70.999],[26.026,71.0],[26.054,71.004],[26.075,71.012],[26.116,71.033],[26.136,71.038]]],[[[30.021,69.832],[30.1,69.835],[30.107,69.829],[30.088,69.817],[30.057,69.81],[29.976,69.8],[29.929,69.782],[29.905,69.777],[29.884,69.781],[29.865,69.791],[29.846,69.797],[29.83,69.791],[29.846,69.78],[29.833,69.769],[29.796,69.756],[29.713,69.763],[29.735,69.79],[29.801,69.821],[29.83,69.839],[29.808,69.866],[29.816,69.891],[29.843,69.909],[29.877,69.914],[29.971,69.902],[29.994,69.894],[29.998,69.888],[29.997,69.874],[30.001,69.866],[30.006,69.863],[30.029,69.853],[30.027,69.848],[30.023,69.837],[30.021,69.832]]],[[[21.738,70.378],[21.793,70.358],[21.799,70.347],[21.794,70.323],[21.765,70.287],[21.749,70.274],[21.731,70.265],[21.715,70.26],[21.703,70.262],[21.69,70.27],[21.677,70.285],[21.679,70.307],[21.689,70.335],[21.689,70.355],[21.685,70.364],[21.688,70.369],[21.693,70.37],[21.698,70.371],[21.703,70.377],[21.704,70.386],[21.712,70.389],[21.73,70.383],[21.738,70.378]]],[[[24.837,71.095],[24.817,71.086],[24.812,71.08],[24.826,71.077],[24.819,71.074],[24.788,71.068],[24.777,71.059],[24.789,71.053],[24.789,71.047],[24.77,71.026],[24.756,71.025],[24.722,71.027],[24.705,71.031],[24.688,71.038],[24.671,71.043],[24.634,71.049],[24.614,71.057],[24.619,71.069],[24.646,71.083],[24.672,71.088],[24.693,71.085],[24.705,71.079],[24.702,71.072],[24.705,71.069],[24.721,71.068],[24.733,71.069],[24.739,71.073],[24.731,71.084],[24.709,71.098],[24.713,71.108],[24.745,71.109],[24.764,71.105],[24.768,71.099],[24.773,71.096],[24.779,71.094],[24.788,71.093],[24.807,71.097],[24.817,71.099],[24.837,71.1],[24.837,71.095]]]]}},{"type":"Feature","properties":{"name":"Syddanmark","country":"DK"},"geometry":{"type":"MultiPolygon","coordinates":[[[[9.317,54.802],[9.244,54.802],[9.226,54.806],[9.219,54.818],[9.216,54.832],[9.211,54.842],[9.195,54.85],[8.983,54.879],[8.904,54.898],[8.824,54.906],[8.801,54.904],[8.733,54.889],[8.696,54.89],[8.661,54.896],[8.669,54.913],[8.661,54.92],[8.675,54.948],[8.666,54.973],[8.65,54.998],[8.641,55.023],[8.645,55.056],[8.656,55.083],[8.671,55.107],[8.682,55.133],[8.575,55.144],[8.564,55.143],[8.56,55.135],[8.557,55.096],[8.551,55.091],[8.541,55.09],[8.529,55.082],[8.515,55.071],[8.499,55.066],[8.484,55.068],[8.47,55.079],[8.459,55.103],[8.46,55.127],[8.466,55.152],[8.47,55.178],[8.489,55.197],[8.53,55.201],[8.573,55.194],[8.594,55.181],[8.58,55.179],[8.569,55.174],[8.552,55.16],[8.555,55.149],[8.615,55.144],[8.669,55.137],[8.69,55.142],[8.687,55.161],[8.669,55.195],[8.656,55.237],[8.648,55.28],[8.65,55.292],[8.659,55.306],[8.661,55.314],[8.66,55.327],[8.648,55.352],[8.639,55.397],[8.632,55.419],[8.618,55.438],[8.592,55.449],[8.557,55.454],[8.49,55.455],[8.442,55.464],[8.401,55.486],[8.31,55.563],[8.311,55.57],[8.332,55.572],[8.332,55.578],[8.313,55.583],[8.29,55.584],[8.268,55.581],[8.251,55.572],[8.239,55.558],[8.242,55.548],[8.272,55.531],[8.262,55.529],[8.256,55.527],[8.244,55.517],[8.267,55.514],[8.294,55.504],[8.317,55.489],[8.326,55.472],[8.313,55.469],[8.194,55.526],[8.169,55.534],[8.111,55.54],[8.095,55.549],[8.094,55.564],[8.15,55.649],[8.169,55.688],[8.182,55.729],[8.183,55.77],[8.176,55.801],[8.368,55.803],[8.399,55.79],[8.425,55.784],[8.46,55.771],[8.472,55.769],[8.49,55.772],[8.503,55.779],[8.553,55.811],[8.556,55.813],[8.556,55.816],[8.554,55.819],[8.549,55.825],[8.549,55.829],[8.554,55.831],[8.561,55.834],[8.57,55.835],[8.579,55.835],[8.588,55.831],[8.599,55.829],[8.611,55.828],[8.628,55.83],[8.644,55.834],[8.655,55.835],[8.687,55.83],[8.758,55.802],[8.775,55.799],[8.807,55.805],[8.823,55.81],[8.823,55.817],[8.818,55.834],[8.828,55.843],[8.844,55.872],[8.88,55.883],[8.929,55.88],[8.959,55.864],[8.999,55.835],[9.013,55.829],[9.047,55.831],[9.058,55.837],[9.071,55.836],[9.08,55.848],[9.085,55.853],[9.094,55.859],[9.103,55.863],[9.121,55.866],[9.138,55.874],[9.184,55.907],[9.212,55.938],[9.249,55.943],[9.343,55.925],[9.375,55.914],[9.4,55.902],[9.451,55.866],[9.458,55.858],[9.46,55.853],[9.463,55.846],[9.469,55.837],[9.491,55.822],[9.517,55.798],[9.53,55.788],[9.546,55.785],[9.582,55.787],[9.601,55.785],[9.605,55.779],[9.602,55.773],[9.598,55.767],[9.596,55.761],[9.598,55.753],[9.609,55.749],[9.642,55.747],[9.664,55.743],[9.675,55.737],[9.681,55.728],[9.68,55.72],[9.676,55.709],[9.675,55.709],[9.583,55.709],[9.56,55.715],[9.556,55.712],[9.555,55.709],[9.553,55.706],[9.553,55.701],[9.574,55.696],[9.646,55.695],[9.659,55.69],[9.71,55.66],[9.721,55.648],[9.728,55.638],[9.738,55.63],[9.758,55.627],[9.854,55.627],[9.837,55.615],[9.786,55.592],[9.758,55.572],[9.744,55.566],[9.721,55.565],[9.712,55.56],[9.711,55.551],[9.71,55.542],[9.707,55.537],[9.644,55.528],[9.621,55.519],[9.607,55.517],[9.595,55.518],[9.573,55.524],[9.56,55.524],[9.562,55.52],[9.566,55.517],[9.552,55.505],[9.515,55.498],[9.498,55.489],[9.516,55.483],[9.534,55.484],[9.584,55.491],[9.593,55.494],[9.602,55.496],[9.66,55.478],[9.664,55.467],[9.66,55.453],[9.649,55.441],[9.635,55.436],[9.601,55.432],[9.587,55.427],[9.592,55.416],[9.604,55.401],[9.608,55.393],[9.605,55.382],[9.599,55.373],[9.601,55.366],[9.621,55.358],[9.633,55.352],[9.645,55.343],[9.648,55.333],[9.635,55.325],[9.635,55.318],[9.645,55.311],[9.682,55.275],[9.694,55.272],[9.706,55.265],[9.71,55.249],[9.707,55.237],[9.7,55.23],[9.693,55.221],[9.69,55.205],[9.684,55.198],[9.672,55.193],[9.656,55.189],[9.642,55.188],[9.583,55.195],[9.57,55.193],[9.562,55.187],[9.555,55.181],[9.546,55.174],[9.522,55.165],[9.507,55.162],[9.494,55.16],[9.486,55.156],[9.486,55.147],[9.495,55.14],[9.512,55.14],[9.512,55.133],[9.482,55.134],[9.469,55.132],[9.457,55.126],[9.467,55.121],[9.479,55.12],[9.508,55.12],[9.521,55.116],[9.536,55.107],[9.56,55.085],[9.534,55.066],[9.517,55.056],[9.498,55.051],[9.452,55.045],[9.434,55.038],[9.443,55.023],[9.455,55.023],[9.512,55.036],[9.537,55.035],[9.546,55.036],[9.553,55.04],[9.56,55.044],[9.569,55.049],[9.58,55.051],[9.602,55.045],[9.642,55.02],[9.663,55.01],[9.717,55.001],[9.731,54.995],[9.739,54.981],[9.761,54.905],[9.763,54.901],[9.762,54.897],[9.752,54.893],[9.737,54.893],[9.723,54.898],[9.711,54.899],[9.704,54.886],[9.716,54.884],[9.728,54.88],[9.738,54.873],[9.745,54.866],[9.748,54.858],[9.75,54.846],[9.746,54.836],[9.731,54.831],[9.72,54.836],[9.705,54.855],[9.697,54.859],[9.655,54.857],[9.642,54.859],[9.623,54.865],[9.625,54.869],[9.633,54.873],[9.635,54.879],[9.617,54.894],[9.61,54.903],[9.617,54.907],[9.644,54.913],[9.639,54.925],[9.615,54.933],[9.587,54.928],[9.581,54.922],[9.568,54.901],[9.557,54.89],[9.55,54.883],[9.546,54.879],[9.538,54.878],[9.522,54.879],[9.515,54.876],[9.498,54.864],[9.456,54.844],[9.443,54.831],[9.436,54.81],[9.438,54.81],[9.437,54.81],[9.422,54.807],[9.405,54.808],[9.385,54.819],[9.367,54.817],[9.356,54.811],[9.342,54.809],[9.332,54.803],[9.317,54.802]]],[[[10.45,54.9],[10.467,54.891],[10.486,54.884],[10.499,54.875],[10.499,54.859],[10.508,54.855],[10.519,54.852],[10.44,54.842],[10.419,54.828],[10.406,54.825],[10.383,54.831],[10.211,54.939],[10.195,54.962],[10.189,54.977],[10.204,54.968],[10.289,54.941],[10.314,54.928],[10.337,54.906],[10.35,54.897],[10.364,54.893],[10.379,54.893],[10.391,54.895],[10.396,54.904],[10.389,54.92],[10.403,54.908],[10.415,54.879],[10.426,54.873],[10.447,54.872],[10.461,54.874],[10.464,54.883],[10.45,54.9]]],[[[10.011,54.975],[10.026,54.96],[10.065,54.891],[10.065,54.881],[10.05,54.879],[10.022,54.879],[10.007,54.875],[9.988,54.866],[9.968,54.859],[9.954,54.863],[9.937,54.871],[9.891,54.879],[9.874,54.886],[9.874,54.893],[9.901,54.901],[9.932,54.893],[9.964,54.88],[9.992,54.873],[9.992,54.879],[9.944,54.904],[9.898,54.913],[9.888,54.913],[9.878,54.911],[9.864,54.903],[9.854,54.9],[9.815,54.901],[9.781,54.917],[9.761,54.943],[9.764,54.975],[9.758,54.975],[9.758,54.982],[9.78,54.973],[9.804,54.957],[9.827,54.946],[9.848,54.948],[9.843,54.952],[9.837,54.959],[9.833,54.965],[9.837,54.968],[9.842,54.97],[9.835,54.975],[9.794,54.992],[9.787,55.0],[9.799,55.01],[9.799,55.017],[9.721,55.012],[9.707,55.013],[9.697,55.017],[9.685,55.019],[9.674,55.021],[9.669,55.03],[9.672,55.035],[9.691,55.043],[9.697,55.051],[9.678,55.05],[9.662,55.047],[9.646,55.045],[9.628,55.051],[9.628,55.058],[9.717,55.082],[9.752,55.085],[9.793,55.081],[9.853,55.04],[9.885,55.03],[9.929,55.026],[9.961,55.015],[9.987,54.998],[10.011,54.975]]],[[[10.855,55.044],[10.862,55.072],[10.896,55.121],[10.934,55.16],[10.957,55.154],[10.909,55.03],[10.89,54.997],[10.838,54.937],[10.741,54.752],[10.731,54.74],[10.717,54.736],[10.694,54.735],[10.682,54.745],[10.656,54.804],[10.646,54.815],[10.632,54.823],[10.601,54.838],[10.625,54.839],[10.641,54.843],[10.653,54.852],[10.669,54.866],[10.679,54.883],[10.684,54.888],[10.694,54.883],[10.699,54.881],[10.725,54.886],[10.722,54.896],[10.718,54.907],[10.709,54.903],[10.7,54.902],[10.692,54.903],[10.683,54.907],[10.697,54.931],[10.718,54.949],[10.774,54.987],[10.798,54.997],[10.855,55.044]]],[[[8.476,55.345],[8.452,55.34],[8.425,55.355],[8.402,55.38],[8.371,55.427],[8.364,55.449],[8.374,55.463],[8.408,55.468],[8.412,55.439],[8.429,55.434],[8.449,55.435],[8.463,55.427],[8.463,55.416],[8.45,55.393],[8.453,55.383],[8.46,55.372],[8.467,55.354],[8.476,55.345]]],[[[10.666,55.064],[10.621,55.064],[10.605,55.063],[10.586,55.057],[10.569,55.05],[10.556,55.04],[10.538,55.03],[10.517,55.031],[10.478,55.044],[10.411,55.047],[10.389,55.051],[10.379,55.054],[10.371,55.059],[10.363,55.063],[10.351,55.064],[10.326,55.063],[10.313,55.064],[10.234,55.092],[10.205,55.094],[10.198,55.086],[10.197,55.064],[10.182,55.071],[10.158,55.087],[10.142,55.092],[10.121,55.093],[10.084,55.087],[10.066,55.092],[10.143,55.126],[10.156,55.14],[10.139,55.154],[10.126,55.171],[10.113,55.184],[10.094,55.188],[10.079,55.186],[10.068,55.182],[10.056,55.18],[10.039,55.181],[10.017,55.194],[10.004,55.197],[9.992,55.188],[9.995,55.173],[10.029,55.142],[10.026,55.126],[10.021,55.124],[9.986,55.128],[9.983,55.131],[9.984,55.135],[9.984,55.14],[9.987,55.139],[9.99,55.143],[9.989,55.152],[9.974,55.174],[9.972,55.185],[9.974,55.195],[9.981,55.205],[9.979,55.213],[9.964,55.218],[9.924,55.224],[9.911,55.228],[9.9,55.234],[9.895,55.239],[9.893,55.245],[9.884,55.254],[9.882,55.26],[9.884,55.266],[9.893,55.275],[9.895,55.28],[9.893,55.291],[9.884,55.309],[9.882,55.314],[9.885,55.349],[9.874,55.353],[9.859,55.354],[9.83,55.352],[9.817,55.355],[9.802,55.362],[9.778,55.38],[9.795,55.384],[9.814,55.385],[9.83,55.389],[9.84,55.4],[9.786,55.414],[9.794,55.413],[9.82,55.414],[9.809,55.425],[9.791,55.432],[9.751,55.435],[9.737,55.438],[9.704,55.462],[9.704,55.468],[9.73,55.462],[9.758,55.447],[9.786,55.437],[9.812,55.441],[9.713,55.491],[9.676,55.496],[9.684,55.506],[9.694,55.51],[9.705,55.512],[9.718,55.517],[9.755,55.544],[9.809,55.55],[9.827,55.548],[9.831,55.543],[9.831,55.535],[9.84,55.524],[9.888,55.509],[9.94,55.519],[10.039,55.558],[10.169,55.582],[10.213,55.601],[10.237,55.605],[10.264,55.607],[10.272,55.605],[10.273,55.602],[10.279,55.588],[10.28,55.585],[10.294,55.588],[10.297,55.596],[10.294,55.616],[10.308,55.618],[10.338,55.61],[10.407,55.583],[10.423,55.572],[10.435,55.56],[10.444,55.553],[10.454,55.55],[10.472,55.549],[10.489,55.545],[10.519,55.533],[10.502,55.537],[10.487,55.537],[10.475,55.532],[10.471,55.52],[10.474,55.516],[10.489,55.509],[10.491,55.503],[10.486,55.495],[10.478,55.492],[10.468,55.492],[10.457,55.489],[10.42,55.459],[10.436,55.442],[10.472,55.443],[10.491,55.465],[10.502,55.464],[10.567,55.483],[10.605,55.489],[10.609,55.493],[10.607,55.499],[10.602,55.506],[10.598,55.509],[10.589,55.511],[10.579,55.514],[10.571,55.519],[10.567,55.524],[10.57,55.532],[10.582,55.529],[10.596,55.521],[10.601,55.517],[10.614,55.528],[10.611,55.544],[10.601,55.561],[10.594,55.578],[10.599,55.574],[10.615,55.565],[10.615,55.581],[10.608,55.606],[10.609,55.613],[10.628,55.614],[10.657,55.595],[10.704,55.55],[10.706,55.544],[10.707,55.535],[10.709,55.527],[10.714,55.524],[10.717,55.521],[10.738,55.509],[10.745,55.496],[10.742,55.487],[10.733,55.482],[10.704,55.471],[10.658,55.46],[10.588,55.463],[10.571,55.461],[10.559,55.455],[10.554,55.443],[10.563,55.436],[10.579,55.436],[10.594,55.441],[10.59,55.446],[10.589,55.449],[10.596,55.46],[10.616,55.457],[10.683,55.448],[10.698,55.44],[10.797,55.358],[10.803,55.35],[10.828,55.307],[10.834,55.29],[10.827,55.29],[10.815,55.301],[10.797,55.308],[10.78,55.305],[10.773,55.287],[10.779,55.275],[10.805,55.25],[10.813,55.236],[10.815,55.214],[10.813,55.194],[10.806,55.177],[10.791,55.157],[10.788,55.15],[10.787,55.13],[10.783,55.124],[10.759,55.105],[10.749,55.093],[10.743,55.082],[10.734,55.072],[10.718,55.064],[10.706,55.063],[10.666,55.064]]]]}},{"type":"Feature","properties":{"name":"Northern Ostrobothnia","country":"FI"},"geometry":{"type":"MultiPolygon","coordinates":[[[[29.546,66.432],[29.552,66.413],[29.57,66.378],[29.593,66.346],[29.651,66.288],[29.792,66.181],[29.875,66.134],[29.9,66.108],[29.921,66.069],[29.949,65.991],[29.959,65.974],[29.998,65.931],[30.01,65.916],[30.039,65.865],[30.075,65.823],[30.084,65.805],[30.112,65.712],[30.116,65.687],[30.114,65.665],[30.099,65.656],[30.065,65.662],[30.003,65.678],[29.764,65.648],[29.703,65.629],[29.732,65.609],[29.807,65.585],[29.839,65.565],[29.826,65.552],[29.745,65.511],[29.732,65.497],[29.731,65.497],[29.489,65.492],[29.421,65.499],[29.352,65.515],[29.282,65.524],[29.247,65.522],[29.197,65.474],[29.116,65.455],[28.948,65.447],[28.682,65.396],[28.648,65.385],[28.652,65.382],[28.656,65.377],[28.659,65.374],[28.651,65.366],[28.619,65.34],[28.597,65.325],[28.583,65.32],[28.574,65.319],[28.606,65.316],[28.612,65.313],[28.614,65.296],[28.553,65.285],[28.076,65.241],[28.023,65.231],[27.978,65.211],[27.94,65.175],[27.927,65.152],[27.916,65.128],[27.903,65.106],[27.884,65.092],[27.859,65.09],[27.764,65.107],[27.363,65.086],[27.307,65.069],[27.282,65.049],[27.281,65.016],[27.332,64.992],[27.38,64.964],[27.392,64.952],[27.382,64.942],[27.384,64.94],[27.389,64.939],[27.405,64.932],[27.403,64.922],[27.398,64.914],[27.391,64.899],[27.384,64.877],[27.386,64.867],[27.392,64.856],[27.388,64.846],[27.366,64.837],[27.379,64.833],[27.36,64.818],[27.334,64.813],[27.297,64.813],[27.18,64.826],[27.115,64.827],[26.993,64.794],[26.929,64.766],[26.907,64.752],[26.892,64.733],[26.895,64.732],[26.908,64.732],[26.909,64.727],[26.905,64.715],[26.904,64.707],[26.887,64.698],[26.869,64.692],[26.809,64.659],[26.769,64.653],[26.646,64.647],[26.644,64.639],[26.649,64.631],[26.647,64.625],[26.633,64.615],[26.623,64.612],[26.601,64.61],[26.586,64.604],[26.575,64.589],[26.561,64.577],[26.548,64.575],[26.536,64.571],[26.539,64.566],[26.547,64.565],[26.55,64.564],[26.536,64.559],[26.46,64.551],[26.433,64.545],[26.365,64.513],[26.35,64.508],[26.319,64.503],[26.321,64.501],[26.323,64.501],[26.325,64.501],[26.323,64.494],[26.316,64.489],[26.296,64.48],[26.318,64.469],[26.415,64.431],[26.466,64.394],[26.473,64.373],[26.475,64.351],[26.488,64.346],[26.531,64.326],[26.557,64.319],[26.593,64.316],[26.662,64.317],[26.677,64.316],[26.69,64.308],[26.684,64.281],[26.691,64.273],[26.701,64.27],[26.723,64.267],[26.76,64.264],[26.773,64.245],[26.779,64.119],[26.788,64.077],[26.803,64.059],[26.872,64.033],[26.694,64.005],[26.299,63.854],[26.238,63.807],[26.252,63.782],[26.289,63.623],[26.286,63.589],[26.245,63.58],[26.22,63.571],[26.199,63.553],[26.192,63.539],[26.181,63.503],[26.175,63.491],[26.167,63.481],[26.138,63.456],[26.029,63.435],[25.971,63.43],[25.912,63.438],[25.867,63.457],[25.787,63.503],[25.736,63.518],[25.491,63.532],[25.445,63.542],[25.358,63.582],[25.311,63.592],[25.232,63.601],[25.191,63.597],[25.151,63.575],[25.122,63.538],[25.105,63.501],[25.081,63.471],[25.029,63.458],[25.001,63.484],[24.769,63.605],[24.63,63.659],[24.564,63.702],[24.448,63.81],[24.408,63.834],[24.357,63.85],[24.272,63.868],[24.243,63.884],[24.241,63.893],[24.227,63.917],[24.224,63.925],[24.194,63.935],[24.145,63.959],[24.127,63.978],[24.102,64.024],[24.094,64.048],[24.036,64.078],[23.882,64.111],[23.706,64.168],[23.724,64.178],[23.717,64.178],[23.719,64.194],[23.724,64.209],[23.736,64.216],[23.758,64.21],[23.773,64.209],[23.819,64.221],[23.834,64.227],[23.842,64.236],[23.861,64.268],[23.882,64.266],[23.924,64.255],[23.943,64.247],[23.935,64.258],[23.928,64.271],[23.925,64.285],[23.929,64.301],[23.941,64.317],[23.971,64.335],[23.984,64.35],[23.996,64.38],[24.004,64.389],[24.025,64.398],[24.069,64.406],[24.085,64.415],[24.081,64.432],[24.093,64.43],[24.105,64.431],[24.116,64.435],[24.125,64.442],[24.129,64.441],[24.169,64.452],[24.206,64.452],[24.211,64.456],[24.21,64.473],[24.212,64.481],[24.218,64.487],[24.23,64.489],[24.258,64.486],[24.269,64.49],[24.275,64.498],[24.281,64.51],[24.286,64.515],[24.306,64.522],[24.326,64.525],[24.344,64.531],[24.361,64.548],[24.36,64.555],[24.356,64.564],[24.355,64.572],[24.374,64.579],[24.375,64.588],[24.371,64.595],[24.368,64.597],[24.375,64.617],[24.383,64.629],[24.409,64.651],[24.414,64.659],[24.418,64.668],[24.423,64.676],[24.429,64.679],[24.441,64.681],[24.471,64.699],[24.512,64.71],[24.53,64.718],[24.546,64.733],[24.537,64.744],[24.532,64.748],[24.532,64.754],[24.544,64.765],[24.557,64.771],[24.588,64.781],[24.55,64.797],[24.538,64.805],[24.557,64.809],[24.578,64.808],[24.659,64.789],[24.668,64.789],[24.677,64.795],[24.677,64.799],[24.666,64.807],[24.663,64.813],[24.671,64.83],[24.69,64.835],[24.732,64.836],[24.736,64.855],[24.773,64.866],[24.897,64.873],[25.074,64.916],[25.095,64.918],[25.112,64.915],[25.122,64.905],[25.13,64.894],[25.143,64.884],[25.151,64.884],[25.159,64.887],[25.167,64.888],[25.177,64.884],[25.18,64.88],[25.184,64.866],[25.187,64.861],[25.203,64.849],[25.218,64.841],[25.236,64.837],[25.259,64.836],[25.259,64.83],[25.25,64.829],[25.241,64.828],[25.225,64.823],[25.259,64.817],[25.355,64.83],[25.362,64.833],[25.35,64.852],[25.352,64.861],[25.367,64.892],[25.369,64.898],[25.36,64.911],[25.348,64.912],[25.335,64.907],[25.321,64.905],[25.306,64.909],[25.28,64.922],[25.241,64.929],[25.224,64.939],[25.191,64.967],[25.196,64.97],[25.206,64.978],[25.211,64.98],[25.204,64.987],[25.221,64.99],[25.322,64.984],[25.34,64.977],[25.376,64.96],[25.399,64.952],[25.422,64.949],[25.438,64.953],[25.444,64.967],[25.436,64.98],[25.424,64.989],[25.417,64.999],[25.423,65.015],[25.416,65.02],[25.413,65.025],[25.413,65.029],[25.416,65.035],[25.393,65.048],[25.381,65.056],[25.376,65.066],[25.374,65.076],[25.37,65.084],[25.363,65.091],[25.355,65.097],[25.324,65.11],[25.211,65.124],[25.218,65.146],[25.226,65.157],[25.259,65.172],[25.273,65.18],[25.282,65.191],[25.286,65.205],[25.28,65.22],[25.292,65.219],[25.305,65.22],[25.316,65.222],[25.328,65.227],[25.321,65.228],[25.308,65.233],[25.3,65.234],[25.309,65.249],[25.314,65.254],[25.297,65.26],[25.289,65.261],[25.28,65.261],[25.294,65.271],[25.308,65.302],[25.321,65.316],[25.317,65.319],[25.311,65.327],[25.307,65.33],[25.316,65.331],[25.322,65.334],[25.335,65.344],[25.266,65.378],[25.28,65.381],[25.307,65.382],[25.321,65.385],[25.33,65.391],[25.347,65.406],[25.355,65.412],[25.345,65.428],[25.359,65.466],[25.352,65.484],[25.324,65.507],[25.294,65.525],[25.219,65.557],[25.197,65.563],[25.17,65.562],[25.147,65.559],[25.125,65.561],[25.102,65.577],[25.096,65.585],[25.093,65.592],[25.123,65.606],[25.192,65.648],[25.388,65.736],[25.506,65.753],[25.762,65.746],[25.876,65.759],[26.128,65.814],[26.163,65.809],[26.158,65.769],[26.158,65.742],[26.164,65.726],[26.188,65.719],[26.842,65.705],[27.102,65.751],[27.169,65.784],[27.4,65.942],[27.431,65.952],[27.535,65.926],[27.554,65.925],[27.573,65.93],[27.568,65.934],[27.6,65.951],[27.638,65.954],[27.683,65.925],[27.72,65.879],[27.743,65.858],[27.77,65.843],[27.765,65.832],[27.765,65.829],[28.194,65.805],[28.239,65.808],[28.331,65.825],[28.423,65.829],[28.47,65.839],[28.505,65.859],[28.515,65.875],[28.497,65.901],[28.415,65.949],[28.394,65.957],[28.376,65.97],[28.382,65.973],[28.396,65.975],[28.396,65.979],[28.394,65.983],[28.389,65.997],[28.387,66.001],[28.389,66.003],[28.41,66.003],[28.414,66.003],[28.418,66.001],[28.418,65.999],[28.414,65.992],[28.414,65.99],[28.437,65.987],[28.46,65.988],[28.547,65.999],[28.675,65.992],[28.722,65.998],[28.741,66.005],[28.756,66.021],[28.756,66.043],[28.741,66.045],[28.726,66.045],[28.695,66.052],[28.634,66.074],[28.636,66.076],[28.645,66.083],[28.639,66.088],[28.632,66.093],[28.622,66.102],[28.608,66.118],[28.62,66.125],[28.668,66.127],[28.698,66.132],[28.711,66.137],[28.719,66.151],[28.72,66.158],[28.733,66.168],[28.763,66.181],[28.765,66.189],[28.743,66.2],[28.737,66.201],[28.737,66.207],[28.741,66.21],[28.761,66.233],[28.764,66.239],[28.762,66.24],[28.757,66.241],[28.748,66.243],[28.746,66.245],[28.749,66.252],[28.736,66.258],[28.721,66.259],[28.697,66.257],[28.66,66.251],[28.646,66.25],[28.647,66.252],[28.65,66.259],[28.651,66.26],[28.611,66.27],[28.574,66.286],[28.548,66.311],[28.544,66.345],[28.554,66.368],[28.571,66.386],[28.591,66.4],[28.611,66.409],[28.624,66.411],[28.657,66.411],[28.669,66.415],[28.676,66.427],[28.68,66.453],[28.685,66.468],[28.689,66.473],[28.735,66.484],[29.169,66.419],[29.22,66.418],[29.306,66.43],[29.546,66.432]]],[[[24.993,65.055],[25.034,65.058],[25.062,65.043],[25.028,65.035],[24.962,65.035],[24.877,65.045],[24.82,65.043],[24.802,65.024],[24.722,65.004],[24.751,64.976],[24.812,64.979],[24.827,64.973],[24.816,64.968],[24.805,64.967],[24.793,64.968],[24.78,64.967],[24.771,64.964],[24.761,64.956],[24.752,64.953],[24.735,64.951],[24.713,64.952],[24.701,64.958],[24.711,64.973],[24.706,64.977],[24.698,64.987],[24.684,64.997],[24.658,64.972],[24.632,64.968],[24.597,64.993],[24.579,65.01],[24.57,65.023],[24.563,65.037],[24.586,65.049],[24.654,65.08],[24.741,65.083],[24.834,65.095],[24.883,65.087],[24.897,65.072],[24.873,65.066],[24.883,65.059],[24.907,65.061],[24.936,65.059],[24.993,65.055]]]]}},{"type":"Feature","properties":{"name":"Kainuu","country":"FI"},"geometry":{"type":"Polygon","coordinates":[[[29.732,65.497],[29.726,65.492],[29.726,65.491],[29.718,65.454],[29.731,65.365],[29.72,65.329],[29.615,65.269],[29.58,65.235],[29.627,65.215],[29.767,65.217],[29.833,65.205],[29.839,65.167],[29.83,65.159],[29.818,65.152],[29.809,65.145],[29.808,65.135],[29.82,65.126],[29.838,65.125],[29.85,65.121],[29.846,65.108],[29.82,65.094],[29.668,65.078],[29.627,65.062],[29.598,65.034],[29.588,64.991],[29.634,64.907],[29.698,64.839],[29.78,64.796],[29.878,64.785],[30.062,64.784],[30.102,64.775],[30.119,64.768],[30.12,64.762],[30.115,64.754],[30.111,64.744],[30.109,64.732],[30.107,64.726],[30.109,64.72],[30.12,64.709],[30.131,64.701],[30.171,64.682],[30.188,64.662],[30.181,64.643],[30.16,64.626],[30.136,64.615],[29.966,64.579],[29.959,64.575],[29.955,64.569],[29.959,64.566],[29.965,64.564],[29.968,64.563],[29.97,64.545],[29.974,64.536],[29.981,64.527],[29.979,64.524],[29.978,64.521],[29.979,64.518],[29.981,64.516],[29.991,64.513],[29.993,64.511],[29.991,64.504],[30.036,64.492],[30.07,64.472],[30.063,64.448],[30.041,64.423],[30.032,64.397],[30.053,64.378],[30.093,64.361],[30.164,64.342],[30.321,64.318],[30.37,64.301],[30.399,64.283],[30.422,64.265],[30.446,64.251],[30.503,64.244],[30.536,64.235],[30.558,64.22],[30.55,64.199],[30.532,64.179],[30.533,64.162],[30.545,64.146],[30.562,64.127],[30.586,64.085],[30.581,64.051],[30.552,64.022],[30.509,63.992],[30.509,63.991],[30.329,63.896],[30.266,63.831],[30.201,63.793],[30.051,63.764],[29.998,63.747],[29.983,63.752],[29.93,63.748],[29.783,63.715],[29.767,63.714],[29.759,63.716],[29.743,63.725],[29.736,63.732],[29.687,63.858],[29.672,63.869],[29.656,63.873],[28.935,63.842],[28.572,63.883],[28.519,63.882],[28.465,63.871],[28.464,63.867],[28.462,63.853],[28.456,63.842],[28.441,63.825],[28.358,63.753],[28.344,63.734],[28.326,63.715],[28.306,63.697],[28.287,63.685],[28.261,63.679],[28.244,63.687],[28.226,63.7],[28.152,63.722],[28.083,63.776],[28.046,63.789],[28.008,63.798],[27.745,63.908],[27.642,63.925],[27.55,63.953],[27.522,63.957],[27.495,63.956],[27.497,63.955],[27.499,63.952],[27.49,63.947],[27.462,63.944],[27.445,63.945],[27.436,63.946],[27.41,63.964],[27.388,63.973],[26.872,64.033],[26.803,64.059],[26.788,64.077],[26.779,64.119],[26.773,64.245],[26.76,64.264],[26.723,64.267],[26.701,64.27],[26.691,64.273],[26.684,64.281],[26.69,64.308],[26.677,64.316],[26.662,64.317],[26.593,64.316],[26.557,64.319],[26.531,64.326],[26.488,64.346],[26.475,64.351],[26.473,64.373],[26.466,64.394],[26.415,64.431],[26.318,64.469],[26.296,64.48],[26.316,64.489],[26.323,64.494],[26.325,64.501],[26.323,64.501],[26.321,64.501],[26.319,64.503],[26.35,64.508],[26.365,64.513],[26.433,64.545],[26.46,64.551],[26.536,64.559],[26.55,64.564],[26.547,64.565],[26.539,64.566],[26.536,64.571],[26.548,64.575],[26.561,64.577],[26.575,64.589],[26.586,64.604],[26.601,64.61],[26.623,64.612],[26.633,64.615],[26.647,64.625],[26.649,64.631],[26.644,64.639],[26.646,64.647],[26.769,64.653],[26.809,64.659],[26.869,64.692],[26.887,64.698],[26.904,64.707],[26.905,64.715],[26.909,64.727],[26.908,64.732],[26.895,64.732],[26.892,64.733],[26.907,64.752],[26.929,64.766],[26.993,64.794],[27.115,64.827],[27.18,64.826],[27.297,64.813],[27.334,64.813],[27.36,64.818],[27.379,64.833],[27.366,64.837],[27.388,64.846],[27.392,64.856],[27.386,64.867],[27.384,64.877],[27.391,64.899],[27.398,64.914],[27.403,64.922],[27.405,64.932],[27.389,64.939],[27.384,64.94],[27.382,64.942],[27.392,64.952],[27.38,64.964],[27.332,64.992],[27.281,65.016],[27.282,65.049],[27.307,65.069],[27.363,65.086],[27.764,65.107],[27.859,65.09],[27.884,65.092],[27.903,65.106],[27.916,65.128],[27.927,65.152],[27.94,65.175],[27.978,65.211],[28.023,65.231],[28.076,65.241],[28.553,65.285],[28.614,65.296],[28.612,65.313],[28.606,65.316],[28.574,65.319],[28.583,65.32],[28.597,65.325],[28.619,65.34],[28.651,65.366],[28.659,65.374],[28.656,65.377],[28.652,65.382],[28.648,65.385],[28.682,65.396],[28.948,65.447],[29.116,65.455],[29.197,65.474],[29.247,65.522],[29.282,65.524],[29.352,65.515],[29.421,65.499],[29.489,65.492],[29.731,65.497],[29.732,65.497]]]}},{"type":"Feature","properties":{"name":"North Karelia","country":"FI"},"geometry":{"type":"Polygon","coordinates":[[[29.998,63.747],[29.981,63.742],[30.001,63.715],[30.242,63.582],[30.38,63.532],[30.441,63.492],[30.461,63.473],[30.489,63.462],[30.821,63.376],[30.975,63.289],[31.178,63.225],[31.204,63.213],[31.226,63.196],[31.233,63.176],[31.234,63.157],[31.241,63.136],[31.251,63.115],[31.263,63.101],[31.288,63.085],[31.352,63.062],[31.38,63.048],[31.445,63.002],[31.468,62.992],[31.481,62.986],[31.505,62.968],[31.519,62.943],[31.536,62.919],[31.57,62.906],[31.481,62.826],[31.441,62.789],[31.411,62.746],[31.363,62.652],[31.347,62.629],[31.303,62.596],[31.284,62.573],[31.26,62.525],[31.244,62.503],[31.222,62.492],[31.169,62.476],[31.153,62.467],[31.142,62.456],[31.123,62.435],[30.981,62.359],[30.967,62.348],[30.942,62.315],[30.926,62.302],[30.908,62.293],[30.794,62.253],[30.704,62.21],[30.666,62.2],[30.648,62.193],[30.635,62.184],[30.607,62.151],[30.481,62.068],[30.34,61.992],[30.146,61.85],[30.145,61.851],[30.143,61.851],[30.057,61.849],[29.564,61.724],[29.654,61.783],[29.694,61.825],[29.69,61.843],[29.674,61.85],[29.693,61.867],[29.686,61.875],[29.624,61.906],[29.617,61.923],[29.622,61.935],[29.634,61.952],[29.656,61.973],[29.634,61.987],[29.605,61.997],[29.545,62.026],[29.494,62.062],[29.459,62.099],[29.441,62.125],[29.422,62.161],[29.415,62.2],[29.421,62.22],[29.413,62.245],[29.393,62.255],[29.356,62.283],[29.34,62.299],[29.313,62.332],[29.281,62.383],[29.25,62.41],[29.209,62.418],[29.183,62.41],[29.163,62.39],[29.159,62.386],[29.143,62.385],[29.112,62.392],[29.102,62.397],[29.102,62.399],[29.108,62.414],[29.105,62.417],[29.093,62.418],[29.087,62.42],[29.084,62.421],[29.085,62.434],[29.088,62.444],[29.097,62.462],[29.107,62.477],[29.114,62.483],[29.107,62.491],[29.024,62.509],[29.015,62.514],[29.04,62.524],[29.031,62.53],[28.989,62.544],[28.964,62.558],[28.956,62.566],[28.932,62.58],[28.914,62.585],[28.827,62.625],[28.81,62.631],[28.658,62.653],[28.668,62.67],[28.68,62.681],[28.687,62.685],[28.702,62.692],[28.646,62.744],[28.673,62.767],[28.727,62.781],[28.744,62.794],[28.77,62.826],[28.796,62.828],[28.839,62.816],[28.88,62.795],[28.924,62.782],[28.956,62.788],[29.081,62.837],[29.088,62.85],[29.039,62.862],[29.011,62.877],[28.987,62.898],[28.956,62.908],[28.94,62.918],[28.933,62.928],[28.939,62.935],[28.947,62.932],[28.963,62.926],[28.981,62.926],[28.99,62.928],[28.994,62.933],[28.99,62.935],[28.974,62.944],[28.969,62.946],[28.976,62.955],[28.989,62.96],[29.045,62.975],[29.057,62.982],[29.052,62.999],[28.877,63.06],[28.72,63.164],[28.672,63.187],[28.642,63.197],[28.618,63.209],[28.657,63.236],[28.66,63.243],[28.648,63.247],[28.653,63.252],[28.705,63.271],[28.71,63.277],[28.707,63.278],[28.7,63.283],[28.703,63.29],[28.736,63.311],[28.748,63.323],[28.753,63.335],[28.756,63.359],[28.757,63.367],[28.761,63.377],[28.753,63.39],[28.709,63.407],[28.682,63.42],[28.661,63.437],[28.648,63.458],[28.638,63.481],[28.626,63.504],[28.617,63.514],[28.612,63.532],[28.621,63.54],[28.641,63.545],[28.663,63.547],[28.675,63.549],[28.659,63.561],[28.634,63.572],[28.615,63.595],[28.607,63.622],[28.588,63.657],[28.604,63.671],[28.607,63.673],[28.596,63.682],[28.579,63.687],[28.55,63.693],[28.47,63.697],[28.446,63.705],[28.389,63.741],[28.358,63.753],[28.441,63.825],[28.456,63.842],[28.462,63.853],[28.464,63.867],[28.465,63.871],[28.519,63.882],[28.572,63.883],[28.935,63.842],[29.656,63.873],[29.672,63.869],[29.687,63.858],[29.736,63.732],[29.743,63.725],[29.759,63.716],[29.767,63.714],[29.783,63.715],[29.93,63.748],[29.983,63.752],[29.998,63.747]]]}},{"type":"Feature","properties":{"name":"South Karelia","country":"FI"},"geometry":{"type":"Polygon","coordinates":[[[30.146,61.85],[29.978,61.728],[29.842,61.66],[29.822,61.645],[29.798,61.61],[29.779,61.593],[29.635,61.511],[29.604,61.499],[29.54,61.485],[29.517,61.475],[29.499,61.459],[29.481,61.435],[29.463,61.414],[29.318,61.338],[29.289,61.316],[29.277,61.305],[29.262,61.291],[29.203,61.246],[29.13,61.213],[28.981,61.168],[28.926,61.148],[28.855,61.113],[28.798,61.097],[28.781,61.087],[28.75,61.061],[28.689,61.027],[28.671,61.013],[28.654,60.992],[28.615,60.962],[28.526,60.95],[28.481,60.934],[28.336,60.859],[28.244,60.792],[28.148,60.758],[28.004,60.664],[28.003,60.664],[27.988,60.666],[27.979,60.666],[27.956,60.668],[27.953,60.67],[27.954,60.671],[27.957,60.673],[27.962,60.676],[27.955,60.682],[27.904,60.7],[27.887,60.708],[27.878,60.719],[27.862,60.746],[27.853,60.756],[27.813,60.763],[27.768,60.761],[27.73,60.765],[27.718,60.778],[27.688,60.799],[27.511,60.798],[27.48,60.807],[27.453,60.823],[27.404,60.858],[27.372,60.873],[27.246,60.898],[27.212,60.909],[27.143,60.947],[27.13,60.959],[27.131,60.964],[27.146,60.962],[27.161,60.958],[27.193,60.954],[27.224,60.957],[27.239,60.962],[27.242,60.972],[27.232,60.975],[27.222,60.983],[27.216,60.992],[27.204,61.0],[27.19,61.003],[27.157,61.007],[27.149,61.009],[27.145,61.014],[27.161,61.027],[27.153,61.039],[27.15,61.053],[27.168,61.073],[27.203,61.086],[27.219,61.09],[27.229,61.097],[27.218,61.103],[27.212,61.105],[27.198,61.106],[27.19,61.106],[27.188,61.113],[27.208,61.133],[27.215,61.145],[27.213,61.162],[27.33,61.168],[27.349,61.171],[27.367,61.181],[27.366,61.187],[27.367,61.193],[27.374,61.197],[27.383,61.2],[27.39,61.204],[27.388,61.206],[27.386,61.21],[27.386,61.213],[27.361,61.213],[27.336,61.218],[27.325,61.229],[27.333,61.237],[27.331,61.253],[27.277,61.289],[27.241,61.305],[27.226,61.316],[27.243,61.319],[27.256,61.324],[27.241,61.33],[27.143,61.328],[26.976,61.344],[26.968,61.36],[26.985,61.369],[27.018,61.375],[27.092,61.371],[27.113,61.373],[27.202,61.4],[27.25,61.404],[27.303,61.401],[27.54,61.36],[28.181,61.373],[28.342,61.419],[28.396,61.447],[28.409,61.458],[28.416,61.468],[28.42,61.476],[28.425,61.481],[28.447,61.498],[28.469,61.509],[28.494,61.512],[28.51,61.508],[28.538,61.481],[28.563,61.473],[28.653,61.47],[28.75,61.482],[28.809,61.498],[28.817,61.508],[28.815,61.531],[28.821,61.538],[28.838,61.539],[28.893,61.533],[29.053,61.534],[29.19,61.548],[29.246,61.56],[29.272,61.572],[29.341,61.621],[29.466,61.658],[29.532,61.685],[29.564,61.724],[30.057,61.849],[30.143,61.851],[30.145,61.851],[30.146,61.85]]]}},{"type":"Feature","properties":{"name":"Kymenlaakso","country":"FI"},"geometry":{"type":"MultiPolygon","coordinates":[[[[28.004,60.664],[27.981,60.65],[27.893,60.604],[27.808,60.553],[27.791,60.562],[27.778,60.574],[27.762,60.58],[27.739,60.574],[27.743,60.571],[27.75,60.563],[27.753,60.56],[27.736,60.556],[27.733,60.544],[27.741,60.531],[27.753,60.519],[27.738,60.513],[27.733,60.512],[27.746,60.507],[27.753,60.506],[27.718,60.489],[27.705,60.485],[27.637,60.492],[27.646,60.504],[27.677,60.511],[27.692,60.519],[27.652,60.523],[27.632,60.522],[27.616,60.512],[27.608,60.5],[27.611,60.492],[27.619,60.484],[27.63,60.471],[27.593,60.477],[27.509,60.514],[27.473,60.506],[27.482,60.504],[27.486,60.502],[27.493,60.492],[27.487,60.489],[27.478,60.482],[27.473,60.478],[27.484,60.474],[27.493,60.47],[27.501,60.465],[27.507,60.458],[27.457,60.464],[27.369,60.498],[27.325,60.506],[27.249,60.508],[27.232,60.512],[27.231,60.526],[27.257,60.529],[27.308,60.526],[27.285,60.536],[27.212,60.56],[27.228,60.58],[27.215,60.585],[27.192,60.58],[27.178,60.567],[27.184,60.552],[27.197,60.537],[27.201,60.523],[27.178,60.512],[27.176,60.525],[27.17,60.529],[27.15,60.526],[27.138,60.529],[27.124,60.544],[27.113,60.547],[27.106,60.544],[27.096,60.529],[27.088,60.526],[27.079,60.529],[27.063,60.543],[27.054,60.547],[27.045,60.546],[27.033,60.542],[27.024,60.536],[27.024,60.529],[27.027,60.52],[27.021,60.514],[27.012,60.51],[26.998,60.488],[26.977,60.483],[26.931,60.485],[26.956,60.469],[26.965,60.459],[26.962,60.447],[26.955,60.449],[26.924,60.467],[26.915,60.475],[26.823,60.458],[26.794,60.458],[26.801,60.464],[26.806,60.471],[26.815,60.485],[26.797,60.486],[26.776,60.483],[26.757,60.477],[26.742,60.468],[26.739,60.461],[26.741,60.444],[26.739,60.437],[26.732,60.433],[26.711,60.426],[26.701,60.42],[26.687,60.418],[26.669,60.428],[26.651,60.442],[26.636,60.451],[26.617,60.453],[26.594,60.452],[26.577,60.447],[26.575,60.437],[26.553,60.433],[26.527,60.44],[26.502,60.453],[26.483,60.468],[26.475,60.487],[26.491,60.498],[26.517,60.506],[26.537,60.516],[26.564,60.543],[26.568,60.55],[26.564,60.573],[26.567,60.581],[26.58,60.591],[26.625,60.61],[26.667,60.606],[26.753,60.574],[26.732,60.613],[26.699,60.64],[26.659,60.652],[26.616,60.643],[26.592,60.629],[26.553,60.592],[26.543,60.596],[26.501,60.599],[26.474,60.615],[26.45,60.635],[26.416,60.651],[26.348,60.671],[26.329,60.688],[26.329,60.702],[26.328,60.717],[26.32,60.722],[26.302,60.744],[26.289,60.752],[26.271,60.755],[26.236,60.752],[26.215,60.755],[26.208,60.779],[26.197,60.8],[26.18,60.816],[26.155,60.826],[26.093,60.831],[26.083,60.838],[26.086,60.852],[26.097,60.862],[26.112,60.867],[26.119,60.868],[26.123,60.876],[26.124,60.885],[26.135,60.899],[26.151,60.912],[26.159,60.92],[26.146,60.93],[26.077,60.939],[26.043,60.955],[26.046,60.984],[26.056,60.985],[26.096,60.982],[26.112,60.986],[26.119,60.994],[26.137,61.025],[26.131,61.032],[26.124,61.036],[26.118,61.047],[26.115,61.058],[26.109,61.067],[26.097,61.075],[26.084,61.082],[26.068,61.088],[26.058,61.09],[26.052,61.108],[26.061,61.121],[26.085,61.138],[26.13,61.151],[26.167,61.136],[26.198,61.133],[26.301,61.155],[26.395,61.2],[26.418,61.219],[26.433,61.254],[26.443,61.259],[26.465,61.266],[26.515,61.274],[26.612,61.287],[26.635,61.283],[26.645,61.274],[26.653,61.263],[26.661,61.257],[26.666,61.248],[26.645,61.225],[26.64,61.221],[26.649,61.212],[26.664,61.21],[26.699,61.214],[26.733,61.226],[26.761,61.239],[26.77,61.247],[26.785,61.266],[26.797,61.273],[26.816,61.279],[26.838,61.283],[26.872,61.283],[26.884,61.271],[26.887,61.261],[26.897,61.249],[26.909,61.24],[26.918,61.227],[26.922,61.21],[26.922,61.204],[26.925,61.191],[26.928,61.185],[26.944,61.171],[27.002,61.151],[27.213,61.162],[27.215,61.145],[27.208,61.133],[27.188,61.113],[27.19,61.106],[27.198,61.106],[27.212,61.105],[27.218,61.103],[27.229,61.097],[27.219,61.09],[27.203,61.086],[27.168,61.073],[27.15,61.053],[27.153,61.039],[27.161,61.027],[27.145,61.014],[27.149,61.009],[27.157,61.007],[27.19,61.003],[27.204,61.0],[27.216,60.992],[27.222,60.983],[27.232,60.975],[27.242,60.972],[27.239,60.962],[27.224,60.957],[27.193,60.954],[27.161,60.958],[27.146,60.962],[27.131,60.964],[27.13,60.959],[27.143,60.947],[27.212,60.909],[27.246,60.898],[27.372,60.873],[27.404,60.858],[27.453,60.823],[27.48,60.807],[27.511,60.798],[27.688,60.799],[27.718,60.778],[27.73,60.765],[27.768,60.761],[27.813,60.763],[27.853,60.756],[27.862,60.746],[27.878,60.719],[27.887,60.708],[27.904,60.7],[27.955,60.682],[27.962,60.676],[27.957,60.673],[27.954,60.671],[27.953,60.67],[27.956,60.668],[27.979,60.666],[27.988,60.666],[28.003,60.664],[28.004,60.664]]],[[[26.602,60.447],[26.644,60.432],[26.653,60.427],[26.65,60.422],[26.637,60.415],[26.573,60.405],[26.559,60.397],[26.549,60.378],[26.538,60.378],[26.526,60.385],[26.507,60.404],[26.513,60.411],[26.561,60.417],[26.575,60.422],[26.581,60.427],[26.58,60.435],[26.585,60.441],[26.593,60.446],[26.602,60.447]]]]}},{"type":"Feature","properties":{"name":"Uusimaa","country":"FI"},"geometry":{"type":"MultiPolygon","coordinates":[[[[26.553,60.592],[26.466,60.508],[26.456,60.475],[26.486,60.444],[26.469,60.428],[26.461,60.421],[26.451,60.416],[26.423,60.416],[26.416,60.412],[26.424,60.396],[26.413,60.398],[26.403,60.403],[26.383,60.416],[26.384,60.405],[26.381,60.399],[26.374,60.396],[26.363,60.396],[26.351,60.393],[26.349,60.386],[26.348,60.379],[26.342,60.376],[26.324,60.383],[26.31,60.399],[26.299,60.416],[26.29,60.423],[26.279,60.429],[26.262,60.441],[26.246,60.451],[26.232,60.451],[26.229,60.438],[26.243,60.424],[26.273,60.402],[26.179,60.411],[26.17,60.41],[26.151,60.398],[26.142,60.396],[26.134,60.403],[26.095,60.423],[26.062,60.432],[26.049,60.438],[26.014,60.463],[25.981,60.476],[25.946,60.484],[25.917,60.485],[25.917,60.478],[25.972,60.465],[25.983,60.458],[26.004,60.441],[26.029,60.433],[26.036,60.425],[26.039,60.414],[26.04,60.406],[26.032,60.401],[26.017,60.402],[26.007,60.401],[26.012,60.389],[26.023,60.381],[26.061,60.368],[26.08,60.35],[26.089,60.344],[26.101,60.341],[26.108,60.336],[26.107,60.324],[26.1,60.312],[26.091,60.307],[26.04,60.3],[26.039,60.323],[25.997,60.355],[26.006,60.368],[25.994,60.368],[25.985,60.363],[25.977,60.358],[25.968,60.355],[25.957,60.356],[25.948,60.359],[25.888,60.389],[25.867,60.397],[25.842,60.402],[25.878,60.378],[25.899,60.367],[25.917,60.361],[25.907,60.341],[25.884,60.32],[25.883,60.307],[25.892,60.292],[25.921,60.265],[25.93,60.245],[25.909,60.246],[25.895,60.25],[25.883,60.256],[25.869,60.266],[25.876,60.273],[25.861,60.284],[25.841,60.288],[25.82,60.289],[25.8,60.293],[25.77,60.314],[25.754,60.321],[25.739,60.313],[25.745,60.296],[25.781,60.283],[25.849,60.266],[25.78,60.251],[25.78,60.245],[25.762,60.24],[25.735,60.247],[25.656,60.293],[25.65,60.3],[25.651,60.313],[25.659,60.323],[25.671,60.328],[25.65,60.334],[25.65,60.341],[25.704,60.341],[25.69,60.363],[25.669,60.365],[25.646,60.356],[25.629,60.348],[25.603,60.339],[25.526,60.327],[25.526,60.321],[25.541,60.316],[25.547,60.306],[25.545,60.292],[25.54,60.279],[25.536,60.276],[25.529,60.275],[25.522,60.271],[25.517,60.255],[25.511,60.249],[25.503,60.246],[25.362,60.245],[25.363,60.26],[25.351,60.267],[25.314,60.273],[25.316,60.268],[25.32,60.256],[25.321,60.251],[25.291,60.246],[25.198,60.245],[25.192,60.244],[25.19,60.24],[25.191,60.228],[25.19,60.228],[25.186,60.223],[25.174,60.225],[25.156,60.232],[25.155,60.224],[25.191,60.212],[25.204,60.204],[25.195,60.201],[25.181,60.2],[25.197,60.191],[25.177,60.183],[25.117,60.176],[25.095,60.176],[25.097,60.183],[25.099,60.187],[25.102,60.191],[25.059,60.177],[25.048,60.169],[25.067,60.163],[25.061,60.157],[25.045,60.157],[25.029,60.148],[25.011,60.151],[24.998,60.163],[25.011,60.17],[25.021,60.184],[25.026,60.199],[25.019,60.211],[24.999,60.213],[24.985,60.199],[24.961,60.152],[24.951,60.144],[24.866,60.14],[24.845,60.144],[24.834,60.156],[24.871,60.162],[24.869,60.18],[24.843,60.195],[24.807,60.191],[24.827,60.163],[24.812,60.158],[24.786,60.146],[24.773,60.142],[24.721,60.138],[24.688,60.133],[24.68,60.13],[24.673,60.125],[24.671,60.118],[24.675,60.105],[24.67,60.101],[24.656,60.101],[24.65,60.11],[24.646,60.121],[24.642,60.129],[24.631,60.136],[24.569,60.154],[24.554,60.156],[24.549,60.153],[24.56,60.142],[24.577,60.135],[24.591,60.132],[24.597,60.127],[24.588,60.115],[24.575,60.108],[24.561,60.105],[24.548,60.1],[24.54,60.088],[24.608,60.101],[24.603,60.092],[24.594,60.085],[24.574,60.074],[24.595,60.066],[24.595,60.06],[24.527,60.035],[24.488,60.006],[24.468,59.996],[24.446,59.992],[24.416,59.991],[24.424,60.005],[24.453,60.038],[24.464,60.047],[24.446,60.047],[24.421,60.035],[24.375,60.005],[24.368,60.022],[24.35,60.017],[24.33,60.003],[24.313,59.998],[24.319,60.014],[24.331,60.022],[24.344,60.027],[24.358,60.036],[24.36,60.043],[24.36,60.052],[24.361,60.062],[24.368,60.074],[24.32,60.076],[24.296,60.072],[24.279,60.06],[24.292,60.053],[24.261,60.042],[24.253,60.04],[24.239,60.039],[24.204,60.047],[24.177,60.048],[24.159,60.043],[24.158,60.035],[24.183,60.026],[24.164,60.019],[24.148,60.022],[24.132,60.028],[24.115,60.032],[24.106,60.032],[24.068,60.021],[24.058,60.02],[24.046,60.026],[24.028,60.009],[24.01,60.011],[24.003,60.021],[24.019,60.032],[24.019,60.04],[24.001,60.038],[23.99,60.032],[23.982,60.022],[23.971,60.012],[23.955,60.004],[23.941,59.999],[23.873,59.993],[23.799,59.957],[23.771,59.968],[23.608,59.957],[23.595,59.961],[23.584,59.973],[23.573,59.978],[23.562,59.978],[23.495,59.968],[23.453,59.957],[23.43,59.957],[23.441,59.972],[23.484,60.011],[23.498,60.019],[23.527,60.024],[23.541,60.029],[23.543,60.036],[23.536,60.045],[23.534,60.054],[23.537,60.063],[23.546,60.074],[23.51,60.068],[23.498,60.063],[23.49,60.056],[23.486,60.045],[23.479,60.036],[23.464,60.032],[23.454,60.028],[23.449,60.018],[23.446,60.005],[23.44,59.995],[23.43,59.989],[23.408,59.98],[23.399,59.974],[23.365,59.945],[23.326,59.923],[23.237,59.898],[23.222,59.886],[23.222,59.868],[23.233,59.852],[23.251,59.848],[23.251,59.841],[23.081,59.827],[23.068,59.821],[23.007,59.826],[22.984,59.824],[22.965,59.818],[22.905,59.811],[22.888,59.813],[22.906,59.82],[22.931,59.843],[22.946,59.848],[22.987,59.852],[23.128,59.886],[23.168,59.889],[23.161,59.91],[23.166,59.918],[23.177,59.917],[23.189,59.916],[23.222,59.916],[23.247,59.922],[23.269,59.936],[23.294,59.959],[23.309,59.979],[23.326,60.009],[23.333,60.03],[23.316,60.022],[23.25,59.949],[23.223,59.93],[23.204,59.93],[23.205,59.933],[23.207,59.94],[23.21,59.944],[23.2,59.948],[23.189,59.95],[23.178,59.949],[23.168,59.944],[23.171,59.936],[23.132,59.943],[23.121,59.934],[23.118,59.924],[23.111,59.923],[23.104,59.93],[23.101,59.94],[23.111,59.97],[23.111,59.974],[23.128,59.983],[23.204,59.998],[23.218,60.008],[23.241,60.033],[23.258,60.04],[23.205,60.05],[23.106,60.039],[23.059,60.04],[23.035,60.045],[23.013,60.052],[22.997,60.062],[22.991,60.077],[22.997,60.09],[23.013,60.102],[23.021,60.107],[23.029,60.102],[23.069,60.089],[23.114,60.095],[23.193,60.123],[23.296,60.181],[23.311,60.186],[23.324,60.185],[23.32,60.179],[23.317,60.172],[23.333,60.166],[23.352,60.163],[23.393,60.16],[23.439,60.164],[23.488,60.174],[23.541,60.2],[23.563,60.204],[23.574,60.204],[23.63,60.197],[23.642,60.198],[23.651,60.213],[23.646,60.224],[23.632,60.239],[23.612,60.25],[23.6,60.254],[23.592,60.258],[23.607,60.262],[23.618,60.263],[23.626,60.262],[23.63,60.274],[23.641,60.283],[23.684,60.296],[23.725,60.319],[23.733,60.344],[23.746,60.371],[23.765,60.375],[23.786,60.393],[23.794,60.419],[23.793,60.434],[23.779,60.45],[23.7,60.452],[23.719,60.476],[23.744,60.486],[23.851,60.502],[23.865,60.512],[23.862,60.529],[23.855,60.542],[23.861,60.556],[23.874,60.559],[23.893,60.571],[23.908,60.588],[23.914,60.597],[23.906,60.609],[23.894,60.612],[23.881,60.62],[23.881,60.633],[23.897,60.649],[23.948,60.653],[24.193,60.62],[24.235,60.608],[24.252,60.597],[24.284,60.565],[24.304,60.568],[24.304,60.582],[24.309,60.594],[24.341,60.602],[24.382,60.599],[24.397,60.596],[24.405,60.577],[24.414,60.563],[24.463,60.553],[24.525,60.559],[24.566,60.578],[24.57,60.59],[24.568,60.618],[24.575,60.636],[24.592,60.655],[24.612,60.66],[24.751,60.654],[24.911,60.665],[24.963,60.677],[24.995,60.68],[25.028,60.678],[25.096,60.664],[25.108,60.666],[25.105,60.671],[25.093,60.698],[25.104,60.705],[25.182,60.724],[25.173,60.728],[25.124,60.734],[25.1,60.731],[25.063,60.716],[25.06,60.721],[25.066,60.734],[25.076,60.744],[25.096,60.757],[25.122,60.764],[25.139,60.767],[25.156,60.772],[25.157,60.778],[25.15,60.785],[25.128,60.796],[25.116,60.805],[25.109,60.82],[25.194,60.83],[25.207,60.827],[25.21,60.825],[25.215,60.816],[25.227,60.806],[25.279,60.774],[25.304,60.762],[25.329,60.757],[25.374,60.764],[25.442,60.793],[25.474,60.792],[25.493,60.78],[25.51,60.758],[25.521,60.731],[25.523,60.704],[25.572,60.689],[25.61,60.688],[25.888,60.734],[25.911,60.73],[25.924,60.723],[25.933,60.715],[25.948,60.709],[25.976,60.705],[26.034,60.706],[26.126,60.694],[26.173,60.697],[26.195,60.704],[26.215,60.716],[26.225,60.733],[26.221,60.736],[26.219,60.741],[26.218,60.748],[26.215,60.755],[26.236,60.752],[26.271,60.755],[26.289,60.752],[26.302,60.744],[26.32,60.722],[26.328,60.717],[26.329,60.702],[26.329,60.688],[26.348,60.671],[26.416,60.651],[26.45,60.635],[26.474,60.615],[26.501,60.599],[26.543,60.596],[26.553,60.592]]],[[[25.814,60.208],[25.822,60.216],[25.841,60.219],[25.876,60.217],[25.863,60.204],[25.852,60.2],[25.836,60.196],[25.821,60.197],[25.814,60.208]]],[[[25.622,60.238],[25.592,60.243],[25.57,60.258],[25.564,60.278],[25.582,60.296],[25.598,60.291],[25.684,60.245],[25.677,60.238],[25.66,60.234],[25.644,60.228],[25.634,60.218],[25.636,60.204],[25.612,60.211],[25.603,60.215],[25.608,60.222],[25.622,60.238]]],[[[23.915,59.974],[23.924,59.969],[23.92,59.968],[23.92,59.959],[23.909,59.954],[23.896,59.954],[23.896,59.951],[23.894,59.95],[23.886,59.948],[23.871,59.947],[23.856,59.953],[23.85,59.953],[23.847,59.955],[23.854,59.963],[23.87,59.973],[23.892,59.977],[23.915,59.974]]]]}},{"type":"Feature","properties":{"name":"Finland Proper","country":"FI"},"geometry":{"type":"MultiPolygon","coordinates":[[[[23.021,60.107],[23.046,60.122],[23.025,60.135],[23.02,60.129],[23.009,60.112],[23.005,60.107],[22.997,60.104],[22.978,60.099],[22.97,60.094],[22.968,60.111],[22.959,60.122],[22.943,60.127],[22.908,60.132],[22.887,60.145],[22.875,60.15],[22.885,60.16],[22.886,60.169],[22.879,60.178],[22.867,60.184],[22.922,60.231],[22.943,60.245],[23.008,60.277],[23.025,60.293],[23.031,60.303],[23.038,60.319],[23.046,60.327],[23.073,60.339],[23.083,60.346],[23.081,60.355],[23.06,60.357],[23.034,60.344],[23.011,60.324],[22.998,60.307],[22.941,60.316],[22.877,60.301],[22.736,60.238],[22.611,60.22],[22.553,60.205],[22.525,60.204],[22.54,60.214],[22.593,60.232],[22.573,60.235],[22.572,60.243],[22.59,60.262],[22.601,60.268],[22.648,60.279],[22.598,60.276],[22.575,60.271],[22.527,60.252],[22.504,60.247],[22.45,60.245],[22.458,60.252],[22.459,60.259],[22.459,60.265],[22.463,60.273],[22.469,60.277],[22.488,60.285],[22.509,60.301],[22.54,60.319],[22.546,60.334],[22.596,60.364],[22.628,60.375],[22.631,60.39],[22.624,60.399],[22.581,60.376],[22.544,60.373],[22.463,60.376],[22.484,60.402],[22.326,60.382],[22.291,60.383],[22.28,60.386],[22.25,60.405],[22.181,60.431],[22.161,60.435],[22.117,60.437],[22.111,60.444],[22.108,60.457],[22.101,60.462],[22.083,60.447],[22.064,60.436],[22.047,60.439],[22.018,60.458],[22.017,60.46],[22.019,60.469],[22.018,60.471],[22.013,60.472],[22.002,60.47],[21.998,60.471],[21.989,60.475],[21.982,60.477],[21.979,60.481],[21.984,60.492],[21.935,60.492],[21.94,60.499],[21.946,60.512],[21.95,60.519],[21.932,60.525],[21.903,60.529],[21.874,60.529],[21.854,60.526],[21.844,60.516],[21.849,60.504],[21.874,60.478],[21.829,60.485],[21.806,60.486],[21.785,60.478],[21.79,60.495],[21.803,60.525],[21.806,60.547],[21.805,60.562],[21.808,60.576],[21.82,60.585],[21.846,60.588],[21.833,60.596],[21.828,60.606],[21.831,60.617],[21.84,60.629],[21.774,60.604],[21.754,60.591],[21.732,60.582],[21.679,60.577],[21.662,60.567],[21.66,60.559],[21.669,60.545],[21.665,60.536],[21.659,60.53],[21.656,60.526],[21.654,60.52],[21.654,60.509],[21.641,60.496],[21.612,60.489],[21.58,60.488],[21.558,60.492],[21.584,60.505],[21.57,60.526],[21.518,60.567],[21.534,60.568],[21.579,60.56],[21.579,60.567],[21.555,60.572],[21.486,60.574],[21.455,60.568],[21.443,60.567],[21.434,60.57],[21.419,60.578],[21.409,60.58],[21.409,60.588],[21.415,60.588],[21.419,60.59],[21.428,60.594],[21.415,60.608],[21.445,60.602],[21.463,60.602],[21.47,60.608],[21.422,60.629],[21.4,60.634],[21.38,60.647],[21.363,60.663],[21.353,60.677],[21.354,60.682],[21.356,60.683],[21.356,60.684],[21.353,60.69],[21.426,60.68],[21.439,60.68],[21.446,60.693],[21.441,60.703],[21.431,60.713],[21.422,60.725],[21.47,60.725],[21.47,60.731],[21.448,60.732],[21.427,60.736],[21.407,60.743],[21.387,60.752],[21.403,60.758],[21.412,60.76],[21.422,60.759],[21.4,60.775],[21.388,60.779],[21.374,60.78],[21.381,60.793],[21.374,60.808],[21.361,60.816],[21.346,60.813],[21.339,60.817],[21.333,60.822],[21.329,60.828],[21.326,60.835],[21.336,60.845],[21.319,60.865],[21.332,60.868],[21.382,60.863],[21.408,60.865],[21.428,60.876],[21.417,60.88],[21.406,60.882],[21.381,60.882],[21.374,60.885],[21.353,60.903],[21.364,60.905],[21.382,60.915],[21.391,60.917],[21.4,60.914],[21.407,60.908],[21.416,60.903],[21.428,60.903],[21.422,60.913],[21.418,60.924],[21.413,60.934],[21.404,60.937],[21.393,60.939],[21.388,60.944],[21.386,60.95],[21.381,60.958],[21.336,61.005],[21.319,61.012],[21.333,61.024],[21.339,61.027],[21.311,61.038],[21.302,61.046],[21.299,61.06],[21.32,61.06],[21.364,61.045],[21.387,61.04],[21.409,61.043],[21.408,61.048],[21.419,61.047],[21.451,61.015],[21.493,61.004],[21.574,61.008],[21.601,61.016],[21.599,61.023],[21.6,61.034],[21.608,61.043],[21.624,61.046],[21.636,61.041],[21.641,61.029],[21.645,61.017],[21.65,61.01],[21.675,61.002],[21.706,60.999],[21.74,61.002],[21.756,61.006],[21.766,61.02],[21.767,61.028],[21.779,61.035],[21.802,61.037],[21.814,61.036],[21.824,61.032],[21.822,61.03],[21.81,61.018],[21.845,61.01],[21.906,60.985],[21.93,60.98],[21.952,60.973],[21.95,60.968],[21.949,60.961],[21.948,60.955],[21.945,60.951],[21.951,60.943],[21.978,60.928],[21.989,60.916],[21.989,60.909],[22.006,60.899],[22.151,60.886],[22.174,60.889],[22.215,60.915],[22.246,60.925],[22.562,60.944],[22.573,60.948],[22.566,60.951],[22.535,60.97],[22.548,60.982],[22.57,60.986],[22.723,60.983],[22.757,60.987],[22.801,60.997],[22.828,61.013],[22.82,61.04],[22.828,61.046],[22.838,61.06],[22.835,61.072],[22.826,61.078],[22.826,61.09],[22.841,61.091],[22.922,61.055],[22.97,61.045],[22.995,61.032],[23.007,61.029],[23.033,61.029],[23.08,61.034],[23.122,61.032],[23.149,61.021],[23.17,61.008],[23.197,61.0],[23.24,60.972],[23.265,60.962],[23.28,60.958],[23.296,60.947],[23.295,60.936],[23.288,60.922],[23.275,60.916],[23.264,60.916],[23.256,60.915],[23.259,60.911],[23.265,60.897],[23.267,60.893],[23.251,60.891],[23.192,60.895],[23.158,60.89],[23.138,60.871],[23.142,60.846],[23.166,60.834],[23.212,60.829],[23.216,60.819],[23.203,60.814],[23.184,60.803],[23.169,60.788],[23.162,60.78],[23.177,60.764],[23.232,60.74],[23.267,60.728],[23.308,60.723],[23.356,60.727],[23.451,60.745],[23.477,60.746],[23.512,60.727],[23.528,60.713],[23.571,60.698],[23.653,60.69],[23.705,60.661],[23.766,60.652],[23.897,60.649],[23.881,60.633],[23.881,60.62],[23.894,60.612],[23.906,60.609],[23.914,60.597],[23.908,60.588],[23.893,60.571],[23.874,60.559],[23.861,60.556],[23.855,60.542],[23.862,60.529],[23.865,60.512],[23.851,60.502],[23.744,60.486],[23.719,60.476],[23.7,60.452],[23.779,60.45],[23.793,60.434],[23.794,60.419],[23.786,60.393],[23.765,60.375],[23.746,60.371],[23.733,60.344],[23.725,60.319],[23.684,60.296],[23.641,60.283],[23.63,60.274],[23.626,60.262],[23.618,60.263],[23.607,60.262],[23.592,60.258],[23.6,60.254],[23.612,60.25],[23.632,60.239],[23.646,60.224],[23.651,60.213],[23.642,60.198],[23.63,60.197],[23.574,60.204],[23.563,60.204],[23.541,60.2],[23.488,60.174],[23.439,60.164],[23.393,60.16],[23.352,60.163],[23.333,60.166],[23.317,60.172],[23.32,60.179],[23.324,60.185],[23.311,60.186],[23.296,60.181],[23.193,60.123],[23.114,60.095],[23.069,60.089],[23.029,60.102],[23.021,60.107]]],[[[22.408,60.053],[22.402,60.076],[22.412,60.085],[22.43,60.082],[22.45,60.066],[22.45,60.029],[22.448,60.012],[22.443,59.998],[22.436,59.998],[22.426,60.007],[22.41,60.009],[22.395,60.005],[22.388,59.995],[22.383,59.993],[22.371,60.005],[22.36,60.021],[22.353,60.032],[22.349,60.047],[22.349,60.063],[22.355,60.076],[22.371,60.081],[22.383,60.075],[22.384,60.062],[22.387,60.052],[22.408,60.053]]],[[[21.497,60.135],[21.53,60.159],[21.571,60.17],[21.614,60.169],[21.654,60.156],[21.648,60.145],[21.637,60.139],[21.613,60.129],[21.63,60.129],[21.637,60.124],[21.635,60.116],[21.626,60.107],[21.613,60.102],[21.599,60.103],[21.572,60.107],[21.562,60.107],[21.534,60.101],[21.524,60.098],[21.514,60.097],[21.504,60.103],[21.493,60.11],[21.482,60.115],[21.499,60.121],[21.519,60.123],[21.558,60.122],[21.549,60.133],[21.533,60.137],[21.497,60.135]]],[[[21.744,60.191],[21.8,60.197],[21.854,60.197],[21.888,60.184],[21.888,60.176],[21.877,60.177],[21.866,60.176],[21.856,60.174],[21.846,60.17],[21.852,60.167],[21.868,60.156],[21.791,60.156],[21.826,60.15],[21.817,60.145],[21.807,60.142],[21.797,60.141],[21.801,60.14],[21.806,60.135],[21.783,60.123],[21.752,60.115],[21.72,60.114],[21.696,60.122],[21.704,60.127],[21.707,60.13],[21.703,60.142],[21.717,60.148],[21.723,60.15],[21.723,60.156],[21.705,60.161],[21.708,60.172],[21.724,60.184],[21.744,60.191]]],[[[21.353,60.211],[21.369,60.197],[21.394,60.191],[21.449,60.191],[21.449,60.184],[21.409,60.184],[21.394,60.179],[21.387,60.163],[21.381,60.163],[21.372,60.17],[21.357,60.175],[21.326,60.176],[21.311,60.179],[21.301,60.186],[21.29,60.191],[21.271,60.191],[21.285,60.204],[21.306,60.21],[21.353,60.211]]],[[[22.059,60.211],[22.072,60.197],[22.011,60.17],[22.017,60.167],[22.032,60.158],[22.038,60.156],[22.009,60.137],[21.978,60.136],[21.951,60.149],[21.935,60.176],[21.95,60.181],[21.998,60.191],[22.026,60.206],[22.042,60.211],[22.059,60.211]]],[[[22.209,60.204],[22.222,60.224],[22.246,60.243],[22.272,60.253],[22.292,60.245],[22.297,60.221],[22.269,60.196],[22.232,60.185],[22.209,60.204]]],[[[22.843,60.242],[22.866,60.265],[22.891,60.285],[22.921,60.297],[22.956,60.293],[22.95,60.27],[22.93,60.257],[22.906,60.248],[22.884,60.235],[22.878,60.226],[22.873,60.215],[22.867,60.208],[22.84,60.201],[22.834,60.193],[22.834,60.182],[22.84,60.17],[22.834,60.169],[22.829,60.167],[22.825,60.165],[22.819,60.163],[22.825,60.161],[22.84,60.156],[22.836,60.146],[22.833,60.142],[22.847,60.111],[22.813,60.082],[22.73,60.047],[22.73,60.04],[22.74,60.04],[22.746,60.038],[22.758,60.032],[22.748,60.026],[22.735,60.009],[22.73,60.005],[22.705,60.007],[22.695,60.005],[22.682,59.998],[22.669,60.016],[22.655,60.032],[22.646,60.022],[22.614,60.002],[22.608,60.0],[22.605,59.996],[22.607,59.984],[22.6,59.984],[22.602,59.998],[22.599,60.008],[22.591,60.011],[22.579,60.005],[22.575,60.017],[22.581,60.025],[22.59,60.033],[22.593,60.047],[22.582,60.039],[22.546,60.021],[22.53,60.008],[22.486,60.002],[22.47,59.998],[22.47,60.024],[22.472,60.036],[22.477,60.047],[22.471,60.059],[22.473,60.071],[22.476,60.082],[22.474,60.091],[22.462,60.098],[22.435,60.105],[22.422,60.115],[22.443,60.119],[22.48,60.132],[22.501,60.135],[22.6,60.135],[22.6,60.142],[22.415,60.15],[22.426,60.171],[22.434,60.199],[22.448,60.221],[22.477,60.225],[22.456,60.2],[22.451,60.188],[22.466,60.184],[22.567,60.193],[22.602,60.206],[22.621,60.211],[22.815,60.227],[22.843,60.242]]],[[[22.107,60.313],[22.132,60.316],[22.25,60.312],[22.321,60.297],[22.34,60.286],[22.337,60.275],[22.332,60.269],[22.313,60.266],[22.305,60.267],[22.298,60.271],[22.29,60.273],[22.282,60.269],[22.278,60.266],[22.265,60.26],[22.261,60.259],[22.215,60.253],[22.201,60.254],[22.217,60.266],[22.204,60.276],[22.181,60.281],[22.157,60.282],[22.141,60.279],[22.182,60.279],[22.163,60.259],[22.137,60.262],[22.11,60.271],[22.089,60.269],[22.08,60.27],[22.077,60.283],[22.084,60.301],[22.107,60.313]]],[[[22.388,60.321],[22.37,60.315],[22.351,60.314],[22.313,60.321],[22.329,60.337],[22.35,60.348],[22.374,60.353],[22.398,60.355],[22.402,60.353],[22.402,60.349],[22.401,60.344],[22.402,60.341],[22.429,60.334],[22.444,60.333],[22.457,60.334],[22.469,60.331],[22.477,60.321],[22.454,60.309],[22.425,60.299],[22.395,60.293],[22.367,60.293],[22.375,60.299],[22.38,60.306],[22.388,60.321]]],[[[21.998,60.334],[21.98,60.329],[21.961,60.328],[21.941,60.33],[21.922,60.334],[21.919,60.333],[21.914,60.329],[21.908,60.327],[21.901,60.327],[21.901,60.33],[21.902,60.339],[21.901,60.341],[21.879,60.351],[21.868,60.354],[21.837,60.358],[21.814,60.364],[21.794,60.374],[21.785,60.385],[21.792,60.397],[21.809,60.405],[21.829,60.41],[21.846,60.41],[21.846,60.416],[21.798,60.444],[21.802,60.457],[21.808,60.467],[21.818,60.472],[21.832,60.471],[21.848,60.464],[21.892,60.449],[21.901,60.44],[21.905,60.432],[21.913,60.426],[21.923,60.424],[21.932,60.423],[21.95,60.402],[21.95,60.396],[21.921,60.401],[21.907,60.402],[21.895,60.396],[21.908,60.39],[21.937,60.383],[21.95,60.376],[21.942,60.368],[21.975,60.37],[21.989,60.366],[21.998,60.355],[21.973,60.348],[21.963,60.348],[21.98,60.343],[21.988,60.341],[21.998,60.341],[21.998,60.334]]],[[[21.726,60.482],[21.715,60.471],[21.701,60.46],[21.688,60.455],[21.682,60.465],[21.691,60.484],[21.714,60.509],[21.742,60.526],[21.764,60.526],[21.761,60.512],[21.751,60.502],[21.726,60.482]]],[[[21.319,60.482],[21.3,60.488],[21.266,60.49],[21.25,60.498],[21.261,60.52],[21.253,60.531],[21.238,60.542],[21.229,60.56],[21.25,60.56],[21.279,60.542],[21.305,60.519],[21.308,60.51],[21.325,60.482],[21.319,60.482]]],[[[21.394,60.56],[21.411,60.543],[21.462,60.539],[21.482,60.526],[21.478,60.525],[21.475,60.524],[21.471,60.524],[21.463,60.526],[21.459,60.516],[21.456,60.507],[21.457,60.498],[21.463,60.492],[21.447,60.493],[21.434,60.489],[21.431,60.481],[21.443,60.471],[21.418,60.478],[21.392,60.49],[21.371,60.508],[21.36,60.533],[21.347,60.523],[21.336,60.519],[21.329,60.525],[21.326,60.543],[21.334,60.557],[21.353,60.562],[21.394,60.56]]],[[[21.299,60.567],[21.281,60.566],[21.273,60.573],[21.27,60.582],[21.264,60.588],[21.244,60.591],[21.233,60.594],[21.223,60.602],[21.214,60.616],[21.219,60.623],[21.243,60.629],[21.249,60.636],[21.253,60.644],[21.259,60.648],[21.271,60.643],[21.271,60.635],[21.275,60.627],[21.281,60.62],[21.291,60.615],[21.283,60.601],[21.278,60.586],[21.282,60.576],[21.299,60.574],[21.299,60.567]]],[[[21.264,60.882],[21.232,60.882],[21.217,60.884],[21.202,60.889],[21.228,60.9],[21.277,60.889],[21.299,60.896],[21.295,60.9],[21.294,60.903],[21.293,60.906],[21.291,60.91],[21.297,60.912],[21.306,60.919],[21.312,60.923],[21.283,60.943],[21.265,60.95],[21.243,60.951],[21.27,60.968],[21.285,60.972],[21.305,60.971],[21.322,60.956],[21.337,60.947],[21.374,60.93],[21.355,60.92],[21.339,60.917],[21.328,60.91],[21.326,60.889],[21.318,60.88],[21.297,60.879],[21.275,60.883],[21.264,60.882]]],[[[22.887,60.068],[22.918,60.069],[22.927,60.065],[22.92,60.058],[22.917,60.049],[22.911,60.042],[22.907,60.038],[22.901,60.038],[22.893,60.033],[22.884,60.019],[22.88,60.011],[22.872,60.006],[22.86,60.011],[22.851,60.028],[22.856,60.041],[22.883,60.043],[22.884,60.048],[22.875,60.051],[22.862,60.052],[22.855,60.056],[22.863,60.063],[22.887,60.068]]],[[[22.957,60.111],[22.962,60.104],[22.963,60.097],[22.957,60.089],[22.947,60.085],[22.937,60.084],[22.932,60.086],[22.933,60.09],[22.928,60.09],[22.915,60.085],[22.899,60.081],[22.87,60.081],[22.862,60.081],[22.846,60.082],[22.845,60.086],[22.857,60.092],[22.864,60.101],[22.873,60.11],[22.88,60.114],[22.892,60.119],[22.917,60.125],[22.938,60.124],[22.95,60.119],[22.957,60.111]]],[[[21.991,60.13],[22.0,60.129],[22.012,60.123],[22.007,60.115],[21.988,60.112],[21.971,60.111],[21.944,60.114],[21.939,60.116],[21.93,60.125],[21.936,60.131],[21.951,60.136],[21.962,60.138],[21.977,60.131],[21.991,60.13]]],[[[22.313,60.192],[22.375,60.204],[22.386,60.195],[22.368,60.177],[22.344,60.169],[22.32,60.164],[22.319,60.16],[22.333,60.154],[22.337,60.148],[22.324,60.147],[22.299,60.147],[22.288,60.15],[22.292,60.152],[22.292,60.156],[22.291,60.165],[22.294,60.17],[22.298,60.173],[22.299,60.176],[22.299,60.182],[22.305,60.189],[22.313,60.192]]],[[[21.983,60.285],[21.977,60.285],[21.973,60.285],[21.979,60.289],[21.996,60.296],[22.008,60.297],[22.006,60.292],[21.996,60.287],[21.983,60.285]]],[[[21.957,60.281],[21.945,60.277],[21.926,60.277],[21.91,60.28],[21.896,60.29],[21.885,60.289],[21.875,60.305],[21.88,60.31],[21.895,60.311],[21.909,60.309],[21.925,60.313],[21.96,60.312],[21.974,60.309],[21.975,60.303],[21.957,60.281]]],[[[22.3,60.368],[22.29,60.358],[22.202,60.343],[22.191,60.342],[22.17,60.344],[22.157,60.352],[22.157,60.358],[22.164,60.362],[22.256,60.374],[22.285,60.375],[22.3,60.368]]],[[[22.206,60.383],[22.207,60.376],[22.113,60.353],[22.104,60.354],[22.122,60.372],[22.138,60.379],[22.147,60.38],[22.206,60.383]]],[[[21.338,60.383],[21.352,60.37],[21.357,60.358],[21.355,60.352],[21.353,60.352],[21.346,60.354],[21.338,60.353],[21.334,60.356],[21.334,60.363],[21.331,60.365],[21.324,60.367],[21.304,60.364],[21.294,60.37],[21.296,60.378],[21.303,60.384],[21.308,60.39],[21.32,60.392],[21.338,60.383]]],[[[22.498,59.878],[22.51,59.876],[22.513,59.874],[22.505,59.869],[22.444,59.852],[22.428,59.849],[22.416,59.853],[22.414,59.861],[22.422,59.866],[22.428,59.866],[22.434,59.867],[22.457,59.873],[22.48,59.874],[22.488,59.877],[22.498,59.878]]],[[[21.6,60.255],[21.616,60.255],[21.627,60.253],[21.622,60.243],[21.61,60.235],[21.607,60.228],[21.602,60.223],[21.592,60.222],[21.587,60.223],[21.578,60.222],[21.564,60.226],[21.562,60.24],[21.571,60.256],[21.587,60.269],[21.605,60.269],[21.607,60.261],[21.597,60.257],[21.6,60.255]]],[[[21.259,60.853],[21.267,60.851],[21.268,60.838],[21.263,60.83],[21.25,60.833],[21.21,60.845],[21.205,60.843],[21.202,60.845],[21.201,60.848],[21.195,60.852],[21.186,60.856],[21.189,60.861],[21.207,60.863],[21.221,60.859],[21.225,60.85],[21.227,60.847],[21.235,60.849],[21.242,60.848],[21.246,60.846],[21.252,60.847],[21.259,60.853]]]]}},{"type":"Feature","properties":{"name":"Satakunta","country":"FI"},"geometry":{"type":"MultiPolygon","coordinates":[[[[21.408,61.048],[21.408,61.051],[21.391,61.058],[21.367,61.06],[21.395,61.069],[21.454,61.055],[21.482,61.06],[21.468,61.067],[21.455,61.078],[21.451,61.091],[21.463,61.101],[21.452,61.125],[21.446,61.135],[21.435,61.143],[21.445,61.143],[21.47,61.15],[21.463,61.149],[21.456,61.15],[21.449,61.152],[21.443,61.156],[21.456,61.17],[21.443,61.17],[21.456,61.176],[21.471,61.178],[21.503,61.177],[21.499,61.187],[21.497,61.191],[21.527,61.2],[21.558,61.204],[21.544,61.225],[21.524,61.235],[21.476,61.246],[21.486,61.256],[21.499,61.261],[21.508,61.267],[21.503,61.28],[21.544,61.28],[21.544,61.287],[21.542,61.293],[21.544,61.311],[21.544,61.321],[21.542,61.327],[21.534,61.33],[21.531,61.334],[21.53,61.34],[21.532,61.35],[21.531,61.355],[21.524,61.375],[21.518,61.382],[21.503,61.389],[21.49,61.393],[21.462,61.398],[21.449,61.403],[21.478,61.412],[21.542,61.408],[21.572,61.416],[21.558,61.431],[21.542,61.442],[21.51,61.458],[21.442,61.475],[21.422,61.485],[21.556,61.475],[21.592,61.485],[21.571,61.514],[21.566,61.52],[21.551,61.522],[21.524,61.517],[21.51,61.52],[21.47,61.547],[21.462,61.558],[21.46,61.562],[21.466,61.564],[21.482,61.568],[21.508,61.57],[21.623,61.546],[21.687,61.525],[21.716,61.52],[21.716,61.527],[21.648,61.56],[21.614,61.585],[21.592,61.628],[21.573,61.636],[21.552,61.641],[21.538,61.65],[21.536,61.658],[21.544,61.673],[21.541,61.68],[21.518,61.705],[21.518,61.711],[21.536,61.708],[21.57,61.695],[21.586,61.698],[21.559,61.713],[21.489,61.737],[21.47,61.76],[21.473,61.772],[21.482,61.786],[21.489,61.799],[21.486,61.811],[21.473,61.817],[21.456,61.82],[21.445,61.826],[21.449,61.842],[21.419,61.862],[21.403,61.876],[21.394,61.889],[21.404,61.893],[21.412,61.9],[21.414,61.907],[21.394,61.913],[21.39,61.921],[21.387,61.93],[21.381,61.938],[21.371,61.939],[21.326,61.938],[21.317,61.939],[21.337,61.953],[21.365,61.962],[21.386,61.978],[21.404,61.996],[21.426,62.009],[21.476,62.022],[21.53,62.025],[21.647,62.02],[21.933,61.985],[22.018,61.993],[22.064,62.01],[22.178,62.083],[22.23,62.102],[22.339,62.124],[22.384,62.147],[22.403,62.16],[22.508,62.211],[22.546,62.236],[22.559,62.251],[22.572,62.271],[22.587,62.302],[22.619,62.304],[22.704,62.284],[22.838,62.271],[22.84,62.243],[22.855,62.173],[22.849,62.162],[22.827,62.16],[22.787,62.159],[22.769,62.151],[22.764,62.136],[22.768,62.123],[22.773,62.11],[22.774,62.097],[22.773,62.079],[22.776,62.072],[22.773,62.068],[22.751,62.057],[22.73,62.051],[22.664,62.05],[22.626,62.041],[22.593,62.028],[22.549,62.003],[22.55,61.992],[22.64,61.968],[22.657,61.951],[22.662,61.938],[22.681,61.924],[22.708,61.918],[22.723,61.916],[22.739,61.904],[22.742,61.894],[22.755,61.884],[22.784,61.876],[22.785,61.868],[22.75,61.864],[22.743,61.859],[22.743,61.854],[22.768,61.85],[22.791,61.841],[22.823,61.823],[22.822,61.798],[22.805,61.781],[22.773,61.765],[22.737,61.755],[22.715,61.746],[22.694,61.731],[22.677,61.707],[22.661,61.688],[22.656,61.685],[22.654,61.675],[22.658,61.665],[22.666,61.655],[22.677,61.658],[22.684,61.666],[22.704,61.675],[22.717,61.668],[22.722,61.648],[22.705,61.632],[22.685,61.631],[22.681,61.625],[22.686,61.608],[22.663,61.583],[22.602,61.553],[22.6,61.533],[22.641,61.5],[22.673,61.484],[22.701,61.479],[22.725,61.471],[22.722,61.464],[22.721,61.452],[22.724,61.442],[22.729,61.437],[22.725,61.432],[22.675,61.426],[22.669,61.422],[22.67,61.42],[22.671,61.418],[22.674,61.41],[22.667,61.405],[22.658,61.404],[22.65,61.401],[22.644,61.396],[22.64,61.391],[22.628,61.387],[22.601,61.393],[22.572,61.395],[22.565,61.388],[22.585,61.353],[22.59,61.347],[22.59,61.34],[22.57,61.333],[22.573,61.325],[22.581,61.317],[22.636,61.277],[22.643,61.269],[22.645,61.261],[22.65,61.252],[22.662,61.245],[22.681,61.242],[22.745,61.243],[22.867,61.231],[22.924,61.211],[22.942,61.197],[22.95,61.177],[22.921,61.177],[22.919,61.165],[22.922,61.153],[22.933,61.136],[22.951,61.124],[22.964,61.12],[22.969,61.114],[22.945,61.102],[22.93,61.094],[22.923,61.089],[22.929,61.079],[22.941,61.078],[22.99,61.082],[23.001,61.079],[23.0,61.071],[22.99,61.069],[22.975,61.065],[22.967,61.057],[22.97,61.045],[22.922,61.055],[22.841,61.091],[22.826,61.09],[22.826,61.078],[22.835,61.072],[22.838,61.06],[22.828,61.046],[22.82,61.04],[22.828,61.013],[22.801,60.997],[22.757,60.987],[22.723,60.983],[22.57,60.986],[22.548,60.982],[22.535,60.97],[22.566,60.951],[22.573,60.948],[22.562,60.944],[22.246,60.925],[22.215,60.915],[22.174,60.889],[22.151,60.886],[22.006,60.899],[21.989,60.909],[21.989,60.916],[21.978,60.928],[21.951,60.943],[21.945,60.951],[21.948,60.955],[21.949,60.961],[21.95,60.968],[21.952,60.973],[21.93,60.98],[21.906,60.985],[21.845,61.01],[21.81,61.018],[21.822,61.03],[21.824,61.032],[21.814,61.036],[21.802,61.037],[21.779,61.035],[21.767,61.028],[21.766,61.02],[21.756,61.006],[21.74,61.002],[21.706,60.999],[21.675,61.002],[21.65,61.01],[21.645,61.017],[21.641,61.029],[21.636,61.041],[21.624,61.046],[21.608,61.043],[21.6,61.034],[21.599,61.023],[21.601,61.016],[21.574,61.008],[21.493,61.004],[21.451,61.015],[21.419,61.047],[21.408,61.048]]],[[[21.422,61.177],[21.429,61.173],[21.432,61.172],[21.424,61.172],[21.389,61.181],[21.369,61.176],[21.352,61.176],[21.347,61.178],[21.348,61.178],[21.35,61.178],[21.347,61.182],[21.343,61.191],[21.346,61.196],[21.354,61.197],[21.357,61.2],[21.357,61.203],[21.363,61.209],[21.38,61.214],[21.391,61.21],[21.386,61.201],[21.389,61.192],[21.422,61.177]]],[[[21.521,61.634],[21.524,61.633],[21.526,61.629],[21.522,61.625],[21.515,61.625],[21.511,61.622],[21.508,61.618],[21.501,61.618],[21.478,61.621],[21.462,61.626],[21.46,61.629],[21.471,61.63],[21.485,61.64],[21.521,61.634]]]]}},{"type":"Feature","properties":{"name":"Ostrobothnia","country":"FI"},"geometry":{"type":"MultiPolygon","coordinates":[[[[21.317,61.939],[21.312,61.94],[21.29,61.949],[21.277,61.952],[21.295,61.971],[21.28,61.98],[21.237,61.985],[21.276,62.05],[21.284,62.075],[21.289,62.122],[21.296,62.13],[21.312,62.109],[21.329,62.138],[21.332,62.153],[21.326,62.164],[21.34,62.176],[21.371,62.187],[21.384,62.194],[21.39,62.208],[21.381,62.218],[21.353,62.232],[21.374,62.267],[21.352,62.266],[21.34,62.255],[21.329,62.241],[21.312,62.232],[21.316,62.248],[21.328,62.277],[21.333,62.294],[21.334,62.341],[21.339,62.355],[21.285,62.345],[21.271,62.349],[21.262,62.359],[21.26,62.372],[21.265,62.385],[21.277,62.397],[21.271,62.411],[21.205,62.36],[21.202,62.349],[21.216,62.335],[21.194,62.337],[21.19,62.352],[21.195,62.373],[21.202,62.39],[21.197,62.392],[21.187,62.395],[21.181,62.397],[21.189,62.408],[21.195,62.413],[21.202,62.418],[21.186,62.424],[21.167,62.421],[21.148,62.414],[21.134,62.404],[21.131,62.417],[21.149,62.447],[21.155,62.465],[21.137,62.458],[21.124,62.455],[21.116,62.46],[21.113,62.478],[21.116,62.496],[21.124,62.51],[21.138,62.521],[21.155,62.528],[21.149,62.535],[21.127,62.554],[21.147,62.563],[21.167,62.576],[21.188,62.585],[21.209,62.582],[21.194,62.601],[21.122,62.609],[21.106,62.623],[21.094,62.62],[21.083,62.613],[21.065,62.596],[21.068,62.62],[21.083,62.659],[21.079,62.678],[21.099,62.681],[21.126,62.69],[21.15,62.704],[21.161,62.719],[21.16,62.73],[21.156,62.732],[21.149,62.73],[21.14,62.733],[21.123,62.744],[21.116,62.75],[21.108,62.767],[21.113,62.781],[21.129,62.791],[21.151,62.794],[21.171,62.785],[21.183,62.782],[21.189,62.791],[21.192,62.793],[21.21,62.808],[21.216,62.815],[21.222,62.831],[21.223,62.846],[21.227,62.858],[21.243,62.87],[21.267,62.869],[21.336,62.855],[21.357,62.859],[21.364,62.865],[21.383,62.875],[21.391,62.88],[21.395,62.887],[21.4,62.901],[21.409,62.914],[21.42,62.935],[21.422,62.942],[21.427,62.944],[21.463,62.951],[21.447,62.987],[21.443,63.005],[21.443,63.027],[21.442,63.034],[21.441,63.038],[21.444,63.041],[21.456,63.048],[21.467,63.048],[21.475,63.043],[21.48,63.043],[21.482,63.058],[21.495,63.072],[21.523,63.064],[21.565,63.041],[21.596,63.035],[21.626,63.024],[21.657,63.018],[21.689,63.027],[21.646,63.055],[21.579,63.084],[21.56,63.095],[21.553,63.109],[21.572,63.123],[21.56,63.12],[21.546,63.118],[21.532,63.12],[21.521,63.127],[21.517,63.138],[21.518,63.148],[21.516,63.156],[21.503,63.157],[21.511,63.168],[21.522,63.172],[21.552,63.171],[21.552,63.178],[21.513,63.185],[21.501,63.193],[21.497,63.209],[21.505,63.217],[21.524,63.225],[21.544,63.231],[21.558,63.233],[21.615,63.204],[21.647,63.198],[21.668,63.219],[21.688,63.21],[21.715,63.202],[21.742,63.2],[21.764,63.206],[21.749,63.211],[21.718,63.215],[21.703,63.219],[21.703,63.226],[21.744,63.239],[21.758,63.242],[21.798,63.239],[21.821,63.244],[21.87,63.259],[21.895,63.261],[21.884,63.245],[21.883,63.236],[21.891,63.197],[21.89,63.188],[21.881,63.178],[21.905,63.175],[21.984,63.143],[21.972,63.165],[21.956,63.185],[21.984,63.191],[21.994,63.196],[22.004,63.206],[22.01,63.216],[22.012,63.224],[22.016,63.232],[22.025,63.239],[22.043,63.246],[22.054,63.241],[22.061,63.232],[22.072,63.226],[22.088,63.226],[22.114,63.236],[22.127,63.239],[22.14,63.238],[22.159,63.232],[22.175,63.233],[22.18,63.236],[22.181,63.24],[22.181,63.245],[22.182,63.247],[22.187,63.246],[22.195,63.244],[22.201,63.241],[22.203,63.239],[22.245,63.267],[22.266,63.285],[22.278,63.301],[22.285,63.301],[22.308,63.276],[22.33,63.284],[22.352,63.306],[22.374,63.321],[22.364,63.327],[22.357,63.334],[22.347,63.349],[22.334,63.36],[22.305,63.373],[22.255,63.406],[22.25,63.411],[22.233,63.412],[22.218,63.414],[22.206,63.42],[22.196,63.431],[22.191,63.458],[22.213,63.471],[22.247,63.47],[22.275,63.456],[22.305,63.436],[22.335,63.43],[22.367,63.428],[22.402,63.418],[22.318,63.461],[22.28,63.488],[22.271,63.514],[22.281,63.526],[22.292,63.53],[22.319,63.527],[22.337,63.523],[22.337,63.514],[22.331,63.502],[22.333,63.493],[22.355,63.487],[22.38,63.485],[22.397,63.477],[22.395,63.452],[22.407,63.457],[22.424,63.468],[22.436,63.473],[22.436,63.48],[22.428,63.489],[22.431,63.497],[22.439,63.507],[22.443,63.517],[22.445,63.518],[22.463,63.555],[22.472,63.562],[22.484,63.567],[22.493,63.574],[22.497,63.586],[22.503,63.587],[22.546,63.575],[22.538,63.588],[22.497,63.623],[22.514,63.636],[22.522,63.641],[22.532,63.644],[22.529,63.651],[22.528,63.654],[22.525,63.658],[22.567,63.653],[22.586,63.657],[22.593,63.675],[22.591,63.694],[22.589,63.703],[22.594,63.704],[22.613,63.699],[22.628,63.687],[22.637,63.683],[22.641,63.688],[22.645,63.699],[22.654,63.704],[22.665,63.705],[22.675,63.702],[22.691,63.694],[22.702,63.683],[22.707,63.671],[22.703,63.658],[22.713,63.65],[22.734,63.628],[22.741,63.623],[22.755,63.624],[22.773,63.627],[22.791,63.633],[22.802,63.64],[22.81,63.644],[22.82,63.644],[22.829,63.646],[22.833,63.654],[22.833,63.662],[22.834,63.667],[22.836,63.672],[22.84,63.678],[22.855,63.687],[22.887,63.695],[22.902,63.706],[22.885,63.712],[22.833,63.726],[22.902,63.726],[22.882,63.742],[22.875,63.746],[22.9,63.74],[22.915,63.739],[22.926,63.743],[22.928,63.749],[22.93,63.757],[22.929,63.764],[22.926,63.768],[22.908,63.772],[22.899,63.783],[22.902,63.795],[22.922,63.802],[22.943,63.8],[22.955,63.793],[22.973,63.771],[22.99,63.761],[23.001,63.764],[23.002,63.774],[22.991,63.788],[23.0,63.783],[23.01,63.781],[23.022,63.783],[23.036,63.787],[23.198,63.724],[23.246,63.72],[23.27,63.729],[23.293,63.742],[23.322,63.753],[23.362,63.758],[23.397,63.753],[23.428,63.745],[23.45,63.743],[23.476,63.768],[23.503,63.767],[23.591,63.741],[23.715,63.689],[23.734,63.668],[23.719,63.663],[23.613,63.653],[23.546,63.635],[23.518,63.641],[23.507,63.653],[23.5,63.669],[23.495,63.668],[23.483,63.665],[23.476,63.662],[23.475,63.658],[23.477,63.655],[23.485,63.643],[23.487,63.64],[23.485,63.637],[23.481,63.636],[23.467,63.631],[23.463,63.63],[23.46,63.627],[23.462,63.625],[23.463,63.621],[23.464,63.618],[23.465,63.614],[23.461,63.612],[23.444,63.608],[23.462,63.603],[23.492,63.599],[23.545,63.599],[23.567,63.592],[23.568,63.585],[23.578,63.557],[23.599,63.548],[23.618,63.544],[23.64,63.532],[23.653,63.512],[23.675,63.424],[23.687,63.407],[23.711,63.386],[23.71,63.383],[23.707,63.382],[23.703,63.382],[23.699,63.381],[23.652,63.396],[23.613,63.414],[23.594,63.427],[23.564,63.455],[23.549,63.465],[23.506,63.479],[23.45,63.487],[23.394,63.49],[23.351,63.488],[23.298,63.475],[23.262,63.453],[23.199,63.392],[23.157,63.367],[23.118,63.361],[23.012,63.371],[22.988,63.37],[22.975,63.358],[22.976,63.343],[22.956,63.339],[22.929,63.346],[22.866,63.354],[22.766,63.358],[22.736,63.356],[22.751,63.344],[22.664,63.32],[22.654,63.316],[22.671,63.3],[22.674,63.297],[22.662,63.293],[22.61,63.284],[22.578,63.271],[22.568,63.261],[22.57,63.247],[22.592,63.243],[22.598,63.242],[22.598,63.235],[22.584,63.224],[22.575,63.215],[22.575,63.212],[22.585,63.214],[22.596,63.215],[22.598,63.211],[22.585,63.188],[22.582,63.184],[22.589,63.184],[22.601,63.186],[22.665,63.189],[22.677,63.172],[22.676,63.144],[22.674,63.137],[22.662,63.133],[22.647,63.13],[22.64,63.122],[22.646,63.116],[22.646,63.105],[22.632,63.081],[22.617,63.076],[22.595,63.079],[22.584,63.078],[22.55,63.071],[22.54,63.062],[22.544,63.057],[22.555,63.051],[22.533,63.048],[22.514,63.04],[22.498,63.028],[22.428,62.957],[22.422,62.94],[22.42,62.93],[22.404,62.902],[22.404,62.876],[22.394,62.858],[22.376,62.85],[22.289,62.794],[22.248,62.775],[22.215,62.765],[22.179,62.762],[21.991,62.782],[21.916,62.799],[21.873,62.813],[21.792,62.857],[21.768,62.852],[21.761,62.841],[21.747,62.827],[21.734,62.808],[21.728,62.775],[21.729,62.76],[21.739,62.735],[21.748,62.726],[21.769,62.71],[21.78,62.704],[21.771,62.683],[21.696,62.641],[21.641,62.617],[21.591,62.601],[21.593,62.585],[21.596,62.566],[21.601,62.56],[21.615,62.56],[21.612,62.544],[21.605,62.529],[21.587,62.497],[21.555,62.456],[21.548,62.437],[21.551,62.429],[21.552,62.411],[21.546,62.395],[21.539,62.389],[21.532,62.379],[21.537,62.374],[21.543,62.373],[21.555,62.372],[21.559,62.37],[21.558,62.357],[21.558,62.356],[21.636,62.366],[21.672,62.36],[21.685,62.352],[21.688,62.339],[21.667,62.335],[21.669,62.325],[21.676,62.317],[21.682,62.301],[21.682,62.281],[21.681,62.27],[21.695,62.257],[21.712,62.256],[21.738,62.25],[21.758,62.239],[21.766,62.231],[21.761,62.219],[21.718,62.214],[21.691,62.207],[21.675,62.195],[21.678,62.182],[21.691,62.172],[21.7,62.159],[21.698,62.147],[21.652,62.142],[21.64,62.11],[21.636,62.052],[21.632,62.038],[21.636,62.036],[21.64,62.031],[21.642,62.026],[21.647,62.02],[21.53,62.025],[21.476,62.022],[21.426,62.009],[21.404,61.996],[21.386,61.978],[21.365,61.962],[21.337,61.953],[21.317,61.939]]],[[[21.422,63.247],[21.415,63.233],[21.415,63.22],[21.42,63.209],[21.428,63.198],[21.405,63.193],[21.378,63.19],[21.364,63.194],[21.381,63.206],[21.363,63.206],[21.291,63.178],[21.291,63.171],[21.298,63.17],[21.319,63.165],[21.302,63.156],[21.284,63.152],[21.243,63.151],[21.231,63.158],[21.219,63.17],[21.207,63.183],[21.189,63.192],[21.176,63.188],[21.162,63.182],[21.147,63.182],[21.134,63.198],[21.155,63.198],[21.155,63.206],[21.142,63.211],[21.113,63.227],[21.103,63.236],[21.096,63.245],[21.082,63.277],[21.079,63.288],[21.12,63.272],[21.159,63.274],[21.2,63.281],[21.243,63.281],[21.243,63.275],[21.227,63.272],[21.215,63.264],[21.195,63.239],[21.198,63.232],[21.2,63.23],[21.199,63.23],[21.195,63.226],[21.209,63.221],[21.264,63.219],[21.272,63.217],[21.279,63.213],[21.287,63.211],[21.295,63.216],[21.298,63.223],[21.295,63.229],[21.29,63.234],[21.291,63.239],[21.316,63.252],[21.356,63.261],[21.396,63.261],[21.422,63.247]]],[[[21.319,63.288],[21.315,63.304],[21.306,63.306],[21.293,63.302],[21.277,63.301],[21.229,63.329],[21.234,63.333],[21.239,63.334],[21.25,63.335],[21.277,63.341],[21.311,63.356],[21.346,63.364],[21.374,63.349],[21.374,63.333],[21.358,63.316],[21.319,63.288]]],[[[22.026,63.322],[22.034,63.322],[22.061,63.302],[22.058,63.295],[22.047,63.282],[22.03,63.277],[22.014,63.278],[22.007,63.281],[22.008,63.288],[22.005,63.291],[21.998,63.289],[21.996,63.285],[21.995,63.28],[21.99,63.278],[21.984,63.277],[21.978,63.28],[21.974,63.287],[21.978,63.299],[21.989,63.31],[22.002,63.313],[22.022,63.307],[22.03,63.308],[22.026,63.313],[22.012,63.32],[22.008,63.325],[22.013,63.326],[22.019,63.326],[22.022,63.323],[22.026,63.322]]],[[[22.144,63.251],[22.137,63.251],[22.085,63.262],[22.079,63.266],[22.083,63.27],[22.078,63.275],[22.067,63.279],[22.069,63.284],[22.076,63.286],[22.083,63.288],[22.089,63.295],[22.083,63.304],[22.073,63.313],[22.069,63.319],[22.079,63.322],[22.093,63.323],[22.11,63.329],[22.123,63.326],[22.132,63.326],[22.14,63.322],[22.148,63.316],[22.158,63.311],[22.164,63.312],[22.164,63.317],[22.17,63.319],[22.179,63.318],[22.186,63.315],[22.191,63.31],[22.196,63.31],[22.203,63.313],[22.208,63.318],[22.211,63.325],[22.215,63.333],[22.222,63.339],[22.226,63.341],[22.231,63.339],[22.236,63.331],[22.237,63.325],[22.239,63.314],[22.246,63.307],[22.244,63.303],[22.234,63.293],[22.223,63.28],[22.209,63.273],[22.187,63.273],[22.157,63.289],[22.114,63.284],[22.114,63.282],[22.139,63.279],[22.159,63.274],[22.163,63.263],[22.157,63.257],[22.149,63.256],[22.144,63.254],[22.144,63.251]]],[[[21.957,63.332],[21.949,63.334],[21.947,63.338],[21.949,63.34],[21.951,63.344],[21.956,63.349],[21.961,63.354],[21.966,63.36],[21.972,63.365],[21.978,63.369],[21.984,63.373],[21.987,63.378],[21.996,63.385],[22.015,63.385],[22.03,63.383],[22.046,63.388],[22.06,63.388],[22.065,63.387],[22.07,63.385],[22.079,63.383],[22.089,63.384],[22.096,63.383],[22.096,63.38],[22.089,63.378],[22.079,63.377],[22.08,63.374],[22.085,63.367],[22.076,63.36],[22.059,63.358],[22.027,63.366],[22.013,63.364],[22.002,63.354],[21.997,63.349],[21.984,63.341],[21.966,63.333],[21.957,63.332]]],[[[22.808,63.779],[22.823,63.779],[22.829,63.776],[22.826,63.773],[22.821,63.772],[22.82,63.769],[22.819,63.763],[22.815,63.757],[22.812,63.754],[22.809,63.747],[22.802,63.738],[22.793,63.74],[22.782,63.745],[22.777,63.742],[22.78,63.734],[22.776,63.728],[22.765,63.727],[22.757,63.723],[22.74,63.721],[22.719,63.727],[22.703,63.736],[22.692,63.751],[22.687,63.755],[22.683,63.759],[22.681,63.763],[22.703,63.77],[22.711,63.773],[22.72,63.779],[22.737,63.786],[22.764,63.791],[22.782,63.79],[22.79,63.784],[22.796,63.778],[22.8,63.776],[22.805,63.778],[22.808,63.779]]],[[[21.209,62.946],[21.191,62.954],[21.183,62.95],[21.168,62.946],[21.147,62.953],[21.136,62.963],[21.137,62.967],[21.142,62.968],[21.148,62.965],[21.151,62.964],[21.155,62.968],[21.159,62.975],[21.153,62.98],[21.14,62.985],[21.132,62.993],[21.13,63.001],[21.136,63.007],[21.145,63.01],[21.152,63.01],[21.155,63.007],[21.16,63.004],[21.185,62.999],[21.196,62.994],[21.207,62.986],[21.216,62.975],[21.221,62.961],[21.222,62.951],[21.217,62.947],[21.209,62.946]]]]}},{"type":"Feature","properties":{"name":"Central Ostrobothnia","country":"FI"},"geometry":{"type":"Polygon","coordinates":[[[22.991,63.788],[22.995,63.801],[22.994,63.806],[22.991,63.815],[23.048,63.841],[23.063,63.853],[23.075,63.857],[23.121,63.85],[23.133,63.852],[23.142,63.858],[23.154,63.864],[23.151,63.865],[23.142,63.87],[23.142,63.876],[23.155,63.884],[23.167,63.887],[23.198,63.891],[23.275,63.889],[23.306,63.894],[23.326,63.911],[23.351,63.899],[23.373,63.901],[23.394,63.911],[23.416,63.925],[23.385,63.938],[23.371,63.947],[23.371,63.956],[23.379,63.969],[23.377,63.979],[23.371,63.987],[23.367,63.997],[23.37,64.003],[23.382,64.048],[23.396,64.056],[23.415,64.056],[23.45,64.048],[23.457,64.046],[23.468,64.038],[23.477,64.035],[23.488,64.036],[23.497,64.04],[23.507,64.042],[23.538,64.032],[23.605,64.028],[23.62,64.038],[23.606,64.061],[23.582,64.085],[23.566,64.097],[23.574,64.107],[23.585,64.109],[23.614,64.103],[23.622,64.107],[23.645,64.124],[23.656,64.13],[23.66,64.143],[23.68,64.155],[23.704,64.167],[23.706,64.168],[23.882,64.111],[24.036,64.078],[24.094,64.048],[24.102,64.024],[24.127,63.978],[24.145,63.959],[24.194,63.935],[24.224,63.925],[24.227,63.917],[24.241,63.893],[24.243,63.884],[24.272,63.868],[24.357,63.85],[24.408,63.834],[24.448,63.81],[24.564,63.702],[24.63,63.659],[24.769,63.605],[25.001,63.484],[25.029,63.458],[24.896,63.418],[24.811,63.381],[24.783,63.352],[24.785,63.312],[24.8,63.276],[24.793,63.275],[24.768,63.267],[24.759,63.263],[24.761,63.245],[24.764,63.232],[24.757,63.208],[24.743,63.181],[24.738,63.163],[24.739,63.142],[24.736,63.137],[24.585,63.157],[24.528,63.159],[24.363,63.119],[24.219,63.152],[24.178,63.152],[24.19,63.16],[24.203,63.167],[24.225,63.175],[24.202,63.191],[24.111,63.238],[24.043,63.263],[23.87,63.282],[23.834,63.289],[23.799,63.302],[23.77,63.317],[23.743,63.336],[23.72,63.357],[23.699,63.381],[23.703,63.382],[23.707,63.382],[23.71,63.383],[23.711,63.386],[23.687,63.407],[23.675,63.424],[23.653,63.512],[23.64,63.532],[23.618,63.544],[23.599,63.548],[23.578,63.557],[23.568,63.585],[23.567,63.592],[23.545,63.599],[23.492,63.599],[23.462,63.603],[23.444,63.608],[23.461,63.612],[23.465,63.614],[23.464,63.618],[23.463,63.621],[23.462,63.625],[23.46,63.627],[23.463,63.63],[23.467,63.631],[23.481,63.636],[23.485,63.637],[23.487,63.64],[23.485,63.643],[23.477,63.655],[23.475,63.658],[23.476,63.662],[23.483,63.665],[23.495,63.668],[23.5,63.669],[23.507,63.653],[23.518,63.641],[23.546,63.635],[23.613,63.653],[23.719,63.663],[23.734,63.668],[23.715,63.689],[23.591,63.741],[23.503,63.767],[23.476,63.768],[23.45,63.743],[23.428,63.745],[23.397,63.753],[23.362,63.758],[23.322,63.753],[23.293,63.742],[23.27,63.729],[23.246,63.72],[23.198,63.724],[23.036,63.787],[23.022,63.783],[23.01,63.781],[23.0,63.783],[22.991,63.788]]]}},{"type":"Feature","properties":{"name":"Västernorrland","country":"SE"},"geometry":{"type":"MultiPolygon","coordinates":[[[[19.316,63.458],[19.311,63.46],[19.293,63.467],[19.281,63.459],[19.276,63.443],[19.276,63.408],[19.275,63.398],[19.271,63.382],[19.27,63.373],[19.27,63.343],[19.259,63.329],[19.245,63.322],[19.234,63.326],[19.229,63.343],[19.207,63.326],[19.157,63.319],[19.133,63.308],[19.139,63.306],[19.154,63.294],[19.142,63.287],[19.123,63.264],[19.112,63.253],[19.133,63.253],[19.117,63.237],[19.097,63.238],[19.057,63.261],[19.04,63.239],[19.056,63.227],[19.087,63.221],[19.112,63.219],[19.104,63.208],[19.093,63.207],[19.08,63.208],[19.068,63.202],[19.061,63.192],[19.059,63.184],[19.053,63.179],[19.037,63.178],[19.032,63.182],[19.004,63.2],[18.999,63.202],[18.991,63.208],[18.971,63.218],[18.962,63.226],[18.967,63.239],[18.955,63.246],[18.938,63.251],[18.924,63.257],[18.907,63.267],[18.886,63.273],[18.873,63.269],[18.879,63.253],[18.866,63.25],[18.81,63.261],[18.769,63.262],[18.751,63.26],[18.735,63.253],[18.756,63.243],[18.913,63.212],[18.894,63.198],[18.863,63.192],[18.797,63.192],[18.801,63.182],[18.803,63.178],[18.787,63.168],[18.773,63.169],[18.76,63.178],[18.756,63.192],[18.753,63.208],[18.774,63.212],[18.824,63.212],[18.824,63.219],[18.729,63.232],[18.701,63.226],[18.714,63.219],[18.72,63.211],[18.723,63.202],[18.728,63.192],[18.75,63.166],[18.756,63.157],[18.611,63.179],[18.564,63.178],[18.564,63.171],[18.586,63.171],[18.609,63.165],[18.629,63.157],[18.643,63.147],[18.651,63.136],[18.657,63.124],[18.655,63.114],[18.64,63.11],[18.619,63.114],[18.599,63.121],[18.579,63.124],[18.557,63.117],[18.55,63.107],[18.545,63.096],[18.538,63.085],[18.523,63.075],[18.557,63.075],[18.513,63.057],[18.499,63.055],[18.493,63.05],[18.487,63.026],[18.478,63.02],[18.468,63.024],[18.434,63.048],[18.419,63.053],[18.404,63.056],[18.388,63.054],[18.372,63.048],[18.405,63.035],[18.422,63.027],[18.434,63.014],[18.368,63.02],[18.366,63.022],[18.357,63.033],[18.352,63.037],[18.343,63.039],[18.341,63.036],[18.34,63.031],[18.338,63.027],[18.339,63.026],[18.324,63.014],[18.3,63.007],[18.242,63.0],[18.266,62.99],[18.524,62.992],[18.551,62.986],[18.571,62.973],[18.577,62.958],[18.568,62.953],[18.554,62.958],[18.544,62.973],[18.537,62.973],[18.528,62.954],[18.505,62.949],[18.477,62.953],[18.418,62.969],[18.403,62.965],[18.393,62.945],[18.44,62.928],[18.455,62.925],[18.491,62.931],[18.511,62.932],[18.523,62.925],[18.512,62.904],[18.472,62.902],[18.4,62.911],[18.415,62.897],[18.463,62.888],[18.474,62.877],[18.471,62.868],[18.463,62.861],[18.451,62.857],[18.427,62.854],[18.418,62.85],[18.41,62.845],[18.4,62.842],[18.378,62.837],[18.366,62.836],[18.347,62.84],[18.331,62.84],[18.324,62.842],[18.321,62.845],[18.319,62.849],[18.317,62.856],[18.284,62.876],[18.268,62.883],[18.248,62.884],[18.251,62.88],[18.255,62.87],[18.207,62.87],[18.207,62.863],[18.218,62.859],[18.22,62.852],[18.216,62.844],[18.207,62.835],[18.229,62.83],[18.262,62.848],[18.283,62.842],[18.259,62.811],[18.244,62.799],[18.224,62.794],[18.215,62.79],[18.206,62.782],[18.195,62.777],[18.183,62.783],[18.183,62.79],[18.188,62.798],[18.196,62.804],[18.201,62.808],[18.186,62.812],[18.177,62.804],[18.169,62.791],[18.159,62.78],[18.14,62.772],[18.12,62.771],[18.077,62.774],[18.082,62.783],[18.085,62.787],[18.068,62.794],[18.049,62.796],[18.009,62.794],[18.034,62.812],[18.121,62.806],[18.146,62.822],[18.104,62.831],[18.084,62.837],[18.071,62.849],[18.073,62.851],[18.075,62.852],[18.075,62.853],[18.077,62.856],[18.055,62.853],[18.02,62.841],[17.989,62.826],[17.975,62.812],[17.968,62.808],[17.952,62.811],[17.935,62.817],[17.926,62.822],[17.924,62.831],[17.926,62.866],[17.924,62.869],[17.915,62.878],[17.913,62.884],[17.915,62.889],[17.924,62.897],[17.926,62.901],[17.921,62.916],[17.909,62.916],[17.894,62.911],[17.879,62.911],[17.872,62.918],[17.855,62.955],[17.846,62.964],[17.835,62.97],[17.823,62.975],[17.81,62.979],[17.817,62.984],[17.831,63.0],[17.809,62.998],[17.777,62.983],[17.762,62.979],[17.744,62.984],[17.727,62.992],[17.711,62.998],[17.694,62.994],[17.818,62.942],[17.848,62.921],[17.866,62.902],[17.89,62.87],[17.902,62.839],[17.886,62.822],[17.886,62.815],[17.929,62.8],[17.941,62.794],[17.953,62.786],[17.957,62.782],[17.955,62.763],[17.962,62.752],[17.995,62.728],[18.003,62.709],[18.0,62.698],[17.991,62.681],[17.992,62.675],[17.997,62.665],[17.993,62.66],[17.984,62.658],[17.975,62.657],[17.968,62.659],[17.945,62.669],[17.934,62.671],[17.872,62.671],[17.892,62.658],[18.043,62.626],[18.044,62.615],[18.048,62.607],[18.054,62.6],[18.064,62.596],[18.043,62.592],[17.968,62.56],[17.962,62.564],[17.961,62.576],[17.953,62.606],[17.953,62.612],[17.95,62.615],[17.937,62.616],[17.931,62.612],[17.926,62.605],[17.915,62.573],[17.913,62.565],[17.913,62.558],[17.909,62.549],[17.901,62.546],[17.879,62.541],[17.893,62.528],[17.862,62.501],[17.843,62.49],[17.823,62.486],[17.812,62.489],[17.795,62.503],[17.786,62.506],[17.735,62.506],[17.693,62.498],[17.671,62.489],[17.659,62.478],[17.66,62.461],[17.676,62.455],[17.696,62.451],[17.707,62.437],[17.576,62.44],[17.562,62.444],[17.55,62.448],[17.532,62.463],[17.526,62.465],[17.482,62.506],[17.438,62.537],[17.427,62.541],[17.406,62.536],[17.395,62.511],[17.379,62.506],[17.359,62.504],[17.341,62.498],[17.331,62.488],[17.331,62.472],[17.375,62.437],[17.378,62.434],[17.379,62.426],[17.38,62.417],[17.378,62.411],[17.371,62.406],[17.359,62.404],[17.347,62.403],[17.337,62.404],[17.349,62.398],[17.36,62.39],[17.366,62.379],[17.361,62.366],[17.36,62.356],[17.368,62.343],[17.381,62.333],[17.393,62.328],[17.424,62.332],[17.438,62.33],[17.454,62.321],[17.462,62.313],[17.469,62.302],[17.477,62.292],[17.488,62.287],[17.488,62.281],[17.479,62.281],[17.473,62.279],[17.46,62.273],[17.547,62.249],[17.567,62.254],[17.599,62.25],[17.632,62.241],[17.653,62.232],[17.57,62.205],[17.544,62.202],[17.542,62.206],[17.57,62.232],[17.553,62.237],[17.535,62.235],[17.519,62.228],[17.509,62.218],[17.504,62.204],[17.505,62.187],[17.508,62.173],[17.509,62.164],[17.502,62.151],[17.498,62.148],[17.255,62.169],[17.21,62.178],[17.011,62.18],[16.488,62.251],[16.209,62.261],[15.627,62.355],[15.582,62.358],[15.53,62.349],[15.359,62.282],[15.27,62.288],[15.194,62.274],[15.127,62.283],[15.066,62.298],[15.001,62.328],[14.956,62.353],[14.897,62.403],[14.851,62.425],[14.838,62.455],[14.848,62.463],[14.866,62.469],[14.872,62.476],[14.871,62.482],[14.86,62.499],[14.85,62.527],[14.844,62.534],[14.833,62.545],[14.831,62.55],[14.831,62.554],[14.833,62.56],[14.834,62.566],[14.832,62.573],[14.829,62.578],[14.825,62.585],[14.834,62.593],[14.861,62.602],[14.994,62.611],[15.172,62.603],[15.609,62.653],[15.886,62.711],[16.314,62.725],[16.355,62.731],[16.392,62.745],[16.442,62.786],[16.658,62.922],[16.723,62.942],[16.965,62.979],[16.969,62.993],[16.181,63.378],[16.137,63.42],[16.089,63.442],[16.049,63.449],[16.02,63.462],[16.011,63.492],[16.007,63.514],[15.99,63.561],[15.967,63.591],[15.912,63.64],[15.938,63.664],[16.012,63.674],[16.104,63.696],[16.162,63.702],[16.262,63.692],[16.487,63.707],[16.528,63.715],[16.592,63.737],[16.619,63.793],[16.63,63.852],[16.745,64.017],[16.784,63.997],[16.902,63.96],[17.73,63.889],[18.362,63.983],[18.427,63.983],[18.468,63.971],[18.476,63.958],[18.479,63.947],[18.475,63.941],[18.466,63.938],[18.431,63.939],[18.427,63.936],[18.431,63.928],[18.491,63.874],[18.497,63.865],[18.506,63.859],[18.521,63.852],[18.58,63.834],[18.601,63.831],[18.676,63.833],[18.692,63.831],[18.742,63.818],[18.788,63.811],[18.808,63.805],[18.832,63.792],[18.854,63.786],[18.874,63.784],[18.913,63.785],[18.934,63.781],[18.956,63.77],[18.967,63.756],[18.968,63.747],[18.969,63.74],[18.976,63.736],[19.026,63.725],[19.047,63.715],[19.079,63.694],[19.206,63.594],[19.313,63.465],[19.315,63.458],[19.316,63.458]]],[[[18.125,62.688],[18.079,62.68],[18.027,62.684],[18.006,62.706],[18.016,62.722],[18.025,62.735],[18.028,62.745],[18.041,62.755],[18.064,62.758],[18.082,62.754],[18.093,62.748],[18.103,62.745],[18.128,62.752],[18.149,62.75],[18.16,62.747],[18.161,62.739],[18.157,62.725],[18.148,62.715],[18.147,62.709],[18.143,62.706],[18.131,62.708],[18.12,62.706],[18.117,62.702],[18.125,62.699],[18.13,62.694],[18.125,62.688]]]]}},{"type":"Feature","properties":{"name":"Gävleborg","country":"SE"},"geometry":{"type":"Polygon","coordinates":[[[17.498,62.148],[17.482,62.13],[17.474,62.117],[17.472,62.097],[17.473,62.085],[17.468,62.076],[17.447,62.068],[17.469,62.062],[17.459,62.049],[17.426,62.027],[17.438,62.022],[17.453,62.012],[17.46,62.003],[17.451,61.999],[17.403,61.996],[17.392,61.992],[17.387,61.982],[17.389,61.971],[17.386,61.962],[17.365,61.958],[17.355,61.955],[17.348,61.948],[17.345,61.937],[17.344,61.924],[17.348,61.912],[17.362,61.894],[17.365,61.886],[17.361,61.88],[17.347,61.874],[17.344,61.87],[17.343,61.871],[17.343,61.864],[17.343,61.856],[17.344,61.856],[17.347,61.855],[17.352,61.852],[17.354,61.847],[17.348,61.839],[17.343,61.834],[17.339,61.829],[17.337,61.824],[17.341,61.818],[17.354,61.814],[17.406,61.821],[17.401,61.812],[17.393,61.805],[17.383,61.802],[17.372,61.801],[17.372,61.793],[17.388,61.788],[17.391,61.777],[17.387,61.762],[17.386,61.746],[17.391,61.728],[17.399,61.722],[17.448,61.728],[17.466,61.733],[17.483,61.735],[17.502,61.725],[17.514,61.714],[17.52,61.702],[17.52,61.691],[17.512,61.68],[17.506,61.667],[17.503,61.65],[17.496,61.635],[17.482,61.629],[17.462,61.63],[17.446,61.633],[17.433,61.639],[17.42,61.65],[17.383,61.693],[17.362,61.709],[17.331,61.718],[17.332,61.705],[17.337,61.695],[17.351,61.677],[17.313,61.682],[17.3,61.69],[17.303,61.705],[17.267,61.722],[17.224,61.727],[17.138,61.725],[17.15,61.714],[17.166,61.71],[17.2,61.711],[17.269,61.691],[17.26,61.674],[17.229,61.663],[17.192,61.657],[17.166,61.657],[17.166,61.65],[17.174,61.649],[17.193,61.642],[17.165,61.636],[17.119,61.646],[17.097,61.636],[17.226,61.622],[17.248,61.609],[17.226,61.603],[17.209,61.605],[17.172,61.616],[17.151,61.618],[17.084,61.616],[17.084,61.609],[17.119,61.61],[17.135,61.606],[17.146,61.595],[17.103,61.585],[17.056,61.582],[17.082,61.571],[17.186,61.561],[17.186,61.554],[17.09,61.556],[17.08,61.55],[17.089,61.545],[17.112,61.541],[17.13,61.533],[17.155,61.529],[17.166,61.527],[17.166,61.52],[17.125,61.52],[17.125,61.513],[17.164,61.504],[17.172,61.499],[17.177,61.487],[17.172,61.48],[17.161,61.475],[17.152,61.465],[17.157,61.456],[17.162,61.448],[17.169,61.441],[17.18,61.437],[17.193,61.437],[17.199,61.442],[17.204,61.448],[17.214,61.451],[17.22,61.448],[17.221,61.441],[17.217,61.434],[17.207,61.431],[17.195,61.43],[17.185,61.427],[17.175,61.423],[17.166,61.416],[17.159,61.424],[17.147,61.434],[17.137,61.437],[17.128,61.418],[17.108,61.409],[17.104,61.399],[17.109,61.394],[17.138,61.369],[17.167,61.356],[17.2,61.348],[17.202,61.337],[17.276,61.314],[17.246,61.31],[17.214,61.313],[17.152,61.328],[17.166,61.308],[17.193,61.299],[17.223,61.294],[17.248,61.287],[17.205,61.288],[17.187,61.291],[17.135,61.316],[17.118,61.32],[17.097,61.321],[17.097,61.314],[17.121,61.308],[17.151,61.294],[17.18,61.276],[17.2,61.259],[17.213,61.235],[17.197,61.226],[17.171,61.22],[17.152,61.204],[17.186,61.191],[17.182,61.166],[17.174,61.158],[17.159,61.15],[17.179,61.136],[17.183,61.123],[17.171,61.115],[17.146,61.115],[17.157,61.112],[17.184,61.112],[17.193,61.109],[17.198,61.103],[17.2,61.096],[17.198,61.09],[17.19,61.088],[17.181,61.084],[17.174,61.073],[17.169,61.059],[17.166,61.047],[17.17,61.042],[17.177,61.037],[17.186,61.033],[17.166,61.022],[17.159,61.02],[17.211,61.024],[17.236,61.022],[17.248,61.012],[17.188,61.005],[17.168,60.992],[17.159,60.965],[17.157,60.952],[17.158,60.948],[17.18,60.937],[17.197,60.936],[17.205,60.934],[17.202,60.922],[17.205,60.915],[17.214,60.903],[17.217,60.899],[17.233,60.905],[17.242,60.903],[17.246,60.898],[17.282,60.841],[17.274,60.84],[17.265,60.837],[17.258,60.833],[17.256,60.827],[17.259,60.816],[17.267,60.815],[17.275,60.817],[17.282,60.813],[17.285,60.8],[17.282,60.79],[17.283,60.781],[17.296,60.773],[17.315,60.77],[17.331,60.77],[17.336,60.767],[17.324,60.752],[17.311,60.745],[17.279,60.736],[17.252,60.72],[17.215,60.706],[17.191,60.702],[17.186,60.697],[17.187,60.692],[17.193,60.69],[17.205,60.691],[17.228,60.697],[17.238,60.698],[17.258,60.694],[17.278,60.68],[17.31,60.673],[17.365,60.649],[17.324,60.636],[17.324,60.629],[17.34,60.623],[17.36,60.621],[17.377,60.624],[17.316,60.486],[17.281,60.446],[17.264,60.439],[17.246,60.428],[17.224,60.404],[17.218,60.385],[17.226,60.31],[17.159,60.297],[17.14,60.288],[17.12,60.284],[17.038,60.289],[17.031,60.291],[17.025,60.294],[17.021,60.294],[16.982,60.297],[16.966,60.296],[16.951,60.293],[16.935,60.283],[16.929,60.278],[16.927,60.272],[16.929,60.265],[16.927,60.255],[16.916,60.246],[16.81,60.211],[16.782,60.207],[16.758,60.206],[16.717,60.216],[16.708,60.227],[16.697,60.234],[16.677,60.244],[16.66,60.254],[16.643,60.27],[16.616,60.302],[16.597,60.319],[16.543,60.358],[16.509,60.374],[16.486,60.383],[16.471,60.386],[16.454,60.388],[16.43,60.4],[16.399,60.419],[16.305,60.502],[16.299,60.506],[16.292,60.508],[16.28,60.511],[16.268,60.517],[16.253,60.528],[16.203,60.58],[16.2,60.594],[16.205,60.625],[16.262,60.648],[16.343,60.706],[16.353,60.723],[16.37,60.736],[16.39,60.746],[16.395,60.75],[16.405,60.768],[16.407,60.781],[16.404,60.795],[16.386,60.813],[16.358,60.833],[16.303,60.862],[16.262,60.89],[16.248,60.911],[16.21,60.955],[16.184,60.978],[16.156,60.999],[16.12,61.007],[15.918,61.031],[15.801,61.063],[15.767,61.082],[15.703,61.128],[15.701,61.132],[15.703,61.139],[15.702,61.153],[15.696,61.183],[15.676,61.217],[15.637,61.246],[15.451,61.346],[15.244,61.496],[15.233,61.509],[15.219,61.516],[15.185,61.544],[15.146,61.516],[15.129,61.508],[15.117,61.497],[15.101,61.492],[14.712,61.492],[14.703,61.497],[14.7,61.507],[14.68,61.523],[14.667,61.563],[14.482,61.592],[14.522,61.631],[14.545,61.723],[14.57,61.775],[14.602,61.812],[14.684,61.869],[14.715,61.879],[14.734,61.881],[14.74,61.871],[14.811,61.807],[14.824,61.801],[14.838,61.796],[14.845,61.801],[14.85,61.813],[14.838,61.84],[14.863,61.846],[14.902,61.831],[14.938,61.833],[14.96,61.854],[15.006,61.857],[15.058,61.853],[15.086,61.839],[15.112,61.838],[15.126,61.851],[15.124,61.87],[15.12,61.885],[15.12,61.894],[15.124,61.901],[15.138,61.909],[15.144,61.926],[15.145,61.943],[15.141,61.96],[15.125,62.0],[15.134,62.005],[15.417,62.117],[15.446,62.14],[15.455,62.16],[15.444,62.183],[15.43,62.201],[15.408,62.216],[15.38,62.24],[15.359,62.282],[15.53,62.349],[15.582,62.358],[15.627,62.355],[16.209,62.261],[16.488,62.251],[17.011,62.18],[17.21,62.178],[17.255,62.169],[17.498,62.148]]]}},{"type":"Feature","properties":{"name":"Uppsala","country":"SE"},"geometry":{"type":"MultiPolygon","coordinates":[[[[17.377,60.624],[17.38,60.624],[17.396,60.632],[17.414,60.638],[17.547,60.649],[17.575,60.648],[17.594,60.639],[17.608,60.63],[17.645,60.619],[17.659,60.608],[17.647,60.6],[17.611,60.589],[17.604,60.584],[17.607,60.569],[17.621,60.547],[17.625,60.536],[17.638,60.515],[17.671,60.504],[17.741,60.498],[17.741,60.506],[17.727,60.535],[17.762,60.563],[17.816,60.585],[17.919,60.6],[17.949,60.599],[17.975,60.588],[17.995,60.553],[17.994,60.541],[17.988,60.531],[17.979,60.523],[17.968,60.519],[17.968,60.512],[17.993,60.511],[18.018,60.502],[18.064,60.478],[18.098,60.465],[18.103,60.459],[18.109,60.443],[18.112,60.437],[18.143,60.414],[18.179,60.399],[18.262,60.382],[18.245,60.377],[18.22,60.364],[18.207,60.355],[18.207,60.348],[18.221,60.339],[18.228,60.334],[18.235,60.327],[18.251,60.334],[18.277,60.349],[18.296,60.355],[18.314,60.357],[18.326,60.355],[18.358,60.348],[18.428,60.349],[18.448,60.341],[18.447,60.338],[18.446,60.33],[18.446,60.321],[18.448,60.313],[18.452,60.31],[18.474,60.3],[18.474,60.293],[18.462,60.291],[18.45,60.292],[18.438,60.292],[18.427,60.286],[18.565,60.259],[18.605,60.238],[18.564,60.228],[18.401,60.26],[18.369,60.279],[18.317,60.321],[18.331,60.286],[18.37,60.259],[18.415,60.235],[18.448,60.211],[18.431,60.21],[18.417,60.216],[18.393,60.232],[18.4,60.208],[18.42,60.194],[18.468,60.176],[18.493,60.161],[18.506,60.156],[18.523,60.156],[18.535,60.159],[18.544,60.164],[18.548,60.172],[18.549,60.174],[18.548,60.144],[18.55,60.129],[18.555,60.121],[18.504,60.078],[18.473,60.057],[18.461,60.043],[18.46,60.033],[18.467,60.026],[18.476,60.021],[18.485,60.018],[18.491,60.014],[18.494,60.011],[18.489,60.007],[18.451,59.995],[18.437,59.989],[18.427,59.98],[18.421,59.965],[18.422,59.922],[18.412,59.901],[18.39,59.882],[18.343,59.865],[18.274,59.848],[18.211,59.84],[18.178,59.829],[18.154,59.813],[18.127,59.779],[18.11,59.762],[18.09,59.753],[18.009,59.752],[17.871,59.709],[17.81,59.7],[17.781,59.692],[17.769,59.693],[17.736,59.705],[17.716,59.709],[17.681,59.71],[17.673,59.709],[17.666,59.705],[17.654,59.694],[17.654,59.693],[17.634,59.681],[17.617,59.675],[17.596,59.671],[17.587,59.669],[17.582,59.666],[17.579,59.66],[17.578,59.65],[17.567,59.638],[17.562,59.623],[17.564,59.609],[17.57,59.599],[17.577,59.592],[17.594,59.58],[17.595,59.572],[17.59,59.563],[17.542,59.518],[17.535,59.507],[17.534,59.499],[17.532,59.488],[17.532,59.474],[17.529,59.462],[17.522,59.454],[17.483,59.437],[17.476,59.43],[17.463,59.408],[17.445,59.385],[17.417,59.415],[17.395,59.428],[17.36,59.442],[17.298,59.458],[17.268,59.474],[17.25,59.49],[17.246,59.497],[17.245,59.5],[17.24,59.503],[17.201,59.518],[17.17,59.525],[17.148,59.527],[17.071,59.521],[16.966,59.532],[16.957,59.547],[16.947,59.563],[16.917,59.641],[16.9,59.669],[16.797,59.785],[16.788,59.798],[16.791,59.807],[16.838,59.823],[16.852,59.834],[16.859,59.846],[16.856,59.87],[16.856,59.879],[16.859,59.884],[16.867,59.885],[16.882,59.884],[16.951,59.871],[17.007,59.865],[17.014,59.861],[17.027,59.848],[17.038,59.842],[17.05,59.839],[17.069,59.841],[17.087,59.848],[17.129,59.867],[17.181,59.885],[17.195,59.898],[17.204,59.915],[17.21,59.939],[17.211,59.956],[17.208,59.968],[17.199,59.973],[17.183,59.977],[17.171,59.983],[17.164,59.991],[17.166,59.997],[17.168,60.001],[17.18,60.01],[17.211,60.042],[17.221,60.048],[17.232,60.05],[17.258,60.048],[17.271,60.05],[17.288,60.059],[17.308,60.077],[17.386,60.201],[17.394,60.225],[17.389,60.24],[17.369,60.251],[17.226,60.31],[17.218,60.385],[17.224,60.404],[17.246,60.428],[17.264,60.439],[17.281,60.446],[17.316,60.486],[17.377,60.624]]],[[[18.55,60.327],[18.555,60.325],[18.561,60.323],[18.568,60.321],[18.571,60.317],[18.567,60.307],[18.558,60.307],[18.514,60.321],[18.459,60.354],[18.402,60.37],[18.389,60.391],[18.385,60.418],[18.389,60.468],[18.388,60.479],[18.375,60.5],[18.379,60.508],[18.39,60.51],[18.406,60.506],[18.411,60.501],[18.422,60.491],[18.427,60.485],[18.427,60.482],[18.425,60.477],[18.424,60.471],[18.427,60.465],[18.439,60.456],[18.466,60.443],[18.474,60.431],[18.458,60.432],[18.435,60.442],[18.42,60.444],[18.43,60.43],[18.474,60.382],[18.485,60.366],[18.494,60.357],[18.508,60.356],[18.53,60.368],[18.532,60.354],[18.537,60.344],[18.55,60.327]]]]}},{"type":"Feature","properties":{"name":"Stockholm","country":"SE"},"geometry":{"type":"MultiPolygon","coordinates":[[[[18.555,60.121],[18.573,60.088],[18.578,60.074],[18.584,60.074],[18.59,60.089],[18.591,60.108],[18.587,60.127],[18.578,60.142],[18.599,60.148],[18.626,60.151],[18.651,60.148],[18.686,60.131],[18.721,60.126],[18.735,60.115],[18.74,60.099],[18.738,60.064],[18.745,60.05],[18.789,60.018],[18.797,60.005],[18.782,60.031],[18.762,60.056],[18.753,60.082],[18.766,60.111],[18.803,60.122],[18.817,60.118],[18.82,60.114],[18.818,60.098],[18.82,60.081],[18.825,60.068],[18.868,59.994],[18.903,59.947],[18.922,59.934],[18.966,59.927],[18.989,59.919],[19.006,59.912],[19.009,59.909],[19.01,59.907],[19.009,59.899],[19.009,59.896],[19.024,59.885],[19.032,59.882],[19.044,59.882],[19.042,59.887],[19.039,59.898],[19.037,59.903],[19.055,59.901],[19.072,59.896],[19.068,59.882],[19.067,59.842],[19.068,59.834],[19.035,59.835],[19.021,59.84],[18.949,59.9],[18.917,59.921],[18.886,59.93],[18.896,59.917],[18.931,59.886],[18.935,59.868],[18.924,59.852],[18.862,59.803],[18.843,59.796],[18.821,59.793],[18.777,59.794],[18.755,59.791],[18.739,59.783],[18.734,59.769],[18.752,59.769],[18.79,59.779],[19.042,59.785],[19.085,59.772],[19.075,59.75],[19.058,59.736],[19.036,59.728],[18.975,59.719],[18.957,59.719],[18.941,59.724],[18.932,59.731],[18.921,59.746],[18.913,59.752],[18.901,59.735],[18.88,59.722],[18.855,59.713],[18.781,59.702],[18.758,59.691],[18.756,59.677],[18.72,59.676],[18.714,59.673],[18.713,59.664],[18.709,59.657],[18.702,59.653],[18.694,59.649],[18.742,59.649],[18.736,59.642],[18.724,59.632],[18.71,59.625],[18.701,59.621],[18.69,59.624],[18.682,59.63],[18.673,59.635],[18.66,59.636],[18.68,59.617],[18.686,59.606],[18.677,59.601],[18.664,59.598],[18.64,59.584],[18.597,59.574],[18.541,59.546],[18.484,59.534],[18.458,59.522],[18.413,59.491],[18.38,59.476],[18.345,59.473],[18.269,59.477],[18.269,59.471],[18.303,59.457],[18.289,59.451],[18.262,59.453],[18.248,59.45],[18.267,59.445],[18.283,59.436],[18.277,59.423],[18.293,59.414],[18.318,59.41],[18.338,59.408],[18.307,59.397],[18.248,59.398],[18.189,59.407],[18.159,59.422],[18.171,59.426],[18.183,59.428],[18.195,59.427],[18.207,59.422],[18.204,59.431],[18.2,59.451],[18.194,59.457],[18.181,59.458],[18.159,59.447],[18.145,59.444],[18.138,59.446],[18.126,59.455],[18.119,59.457],[18.113,59.455],[18.101,59.446],[18.095,59.444],[18.084,59.439],[18.084,59.428],[18.091,59.416],[18.098,59.408],[18.065,59.397],[18.054,59.395],[18.043,59.397],[18.021,59.406],[18.009,59.408],[18.146,59.34],[18.11,59.336],[18.095,59.338],[18.095,59.327],[18.173,59.327],[18.197,59.334],[18.207,59.333],[18.214,59.32],[18.221,59.32],[18.255,59.363],[18.318,59.376],[18.39,59.37],[18.448,59.354],[18.442,59.351],[18.432,59.343],[18.427,59.34],[18.457,59.335],[18.47,59.337],[18.482,59.348],[18.455,59.382],[18.448,59.395],[18.496,59.395],[18.456,59.41],[18.438,59.419],[18.427,59.436],[18.485,59.434],[18.511,59.428],[18.537,59.416],[18.538,59.413],[18.542,59.399],[18.544,59.395],[18.612,59.375],[18.601,59.362],[18.584,59.362],[18.564,59.367],[18.544,59.368],[18.567,59.361],[18.601,59.356],[18.633,59.347],[18.646,59.33],[18.639,59.315],[18.62,59.308],[18.568,59.307],[18.552,59.304],[18.536,59.3],[18.519,59.298],[18.503,59.303],[18.49,59.308],[18.461,59.312],[18.448,59.313],[18.364,59.307],[18.338,59.313],[18.34,59.318],[18.343,59.33],[18.345,59.334],[18.325,59.334],[18.307,59.33],[18.291,59.323],[18.276,59.313],[18.289,59.308],[18.3,59.301],[18.31,59.293],[18.317,59.286],[18.317,59.279],[18.283,59.279],[18.273,59.274],[18.279,59.262],[18.338,59.245],[18.361,59.241],[18.388,59.23],[18.412,59.215],[18.427,59.197],[18.336,59.236],[18.314,59.234],[18.314,59.222],[18.329,59.215],[18.351,59.211],[18.365,59.21],[18.372,59.203],[18.378,59.191],[18.387,59.183],[18.406,59.189],[18.403,59.185],[18.401,59.182],[18.398,59.179],[18.393,59.176],[18.393,59.169],[18.419,59.175],[18.43,59.175],[18.434,59.165],[18.431,59.154],[18.424,59.144],[18.414,59.14],[18.403,59.145],[18.381,59.148],[18.344,59.142],[18.308,59.131],[18.29,59.121],[18.301,59.122],[18.311,59.121],[18.319,59.116],[18.324,59.108],[18.23,59.084],[18.201,59.081],[18.214,59.087],[18.242,59.095],[18.255,59.101],[18.242,59.108],[18.248,59.112],[18.255,59.114],[18.255,59.121],[18.239,59.121],[18.224,59.12],[18.21,59.114],[18.197,59.105],[18.185,59.099],[18.152,59.097],[18.139,59.094],[18.13,59.087],[18.109,59.063],[18.096,59.058],[18.043,59.06],[18.045,59.055],[18.049,59.043],[18.05,59.039],[18.026,59.045],[18.014,59.045],[18.003,59.039],[18.019,59.023],[18.003,59.006],[17.977,58.987],[17.961,58.963],[17.963,58.952],[17.969,58.944],[17.971,58.936],[17.961,58.922],[17.948,58.915],[17.931,58.91],[17.913,58.91],[17.9,58.916],[17.894,58.903],[17.892,58.89],[17.893,58.861],[17.88,58.867],[17.869,58.877],[17.865,58.889],[17.872,58.902],[17.864,58.915],[17.861,58.919],[17.852,58.925],[17.844,58.925],[17.838,58.923],[17.831,58.922],[17.815,58.928],[17.805,58.934],[17.786,58.954],[17.774,58.961],[17.776,58.947],[17.787,58.925],[17.803,58.908],[17.792,58.891],[17.786,58.884],[17.779,58.882],[17.774,58.886],[17.775,58.897],[17.779,58.908],[17.783,58.916],[17.749,58.924],[17.747,58.943],[17.752,58.965],[17.741,58.984],[17.741,58.991],[17.756,59.006],[17.761,59.037],[17.76,59.067],[17.759,59.081],[17.756,59.085],[17.769,59.109],[17.769,59.121],[17.758,59.126],[17.745,59.123],[17.733,59.114],[17.728,59.105],[17.726,59.074],[17.721,59.059],[17.71,59.053],[17.701,59.057],[17.666,59.081],[17.669,59.095],[17.689,59.118],[17.694,59.131],[17.69,59.143],[17.681,59.153],[17.67,59.162],[17.659,59.169],[17.673,59.135],[17.661,59.12],[17.648,59.108],[17.631,59.1],[17.611,59.094],[17.62,59.073],[17.616,59.051],[17.614,59.032],[17.632,59.018],[17.621,59.002],[17.614,58.981],[17.607,58.966],[17.598,58.971],[17.586,58.965],[17.558,58.981],[17.525,58.99],[17.48,58.994],[17.413,58.993],[17.396,58.995],[17.386,58.998],[17.365,59.02],[17.359,59.029],[17.353,59.042],[17.335,59.121],[17.306,59.156],[17.296,59.172],[17.289,59.187],[17.287,59.197],[17.282,59.211],[17.282,59.22],[17.285,59.227],[17.294,59.233],[17.333,59.254],[17.339,59.275],[17.337,59.302],[17.342,59.325],[17.354,59.337],[17.365,59.345],[17.378,59.348],[17.396,59.349],[17.432,59.351],[17.449,59.356],[17.456,59.368],[17.456,59.376],[17.445,59.385],[17.463,59.408],[17.476,59.43],[17.483,59.437],[17.522,59.454],[17.529,59.462],[17.532,59.474],[17.532,59.488],[17.534,59.499],[17.535,59.507],[17.542,59.518],[17.59,59.563],[17.595,59.572],[17.594,59.58],[17.577,59.592],[17.57,59.599],[17.564,59.609],[17.562,59.623],[17.567,59.638],[17.578,59.65],[17.579,59.66],[17.582,59.666],[17.587,59.669],[17.596,59.671],[17.617,59.675],[17.634,59.681],[17.654,59.693],[17.654,59.694],[17.666,59.705],[17.673,59.709],[17.681,59.71],[17.716,59.709],[17.736,59.705],[17.769,59.693],[17.781,59.692],[17.81,59.7],[17.871,59.709],[18.009,59.752],[18.09,59.753],[18.11,59.762],[18.127,59.779],[18.154,59.813],[18.178,59.829],[18.211,59.84],[18.274,59.848],[18.343,59.865],[18.39,59.882],[18.412,59.901],[18.422,59.922],[18.421,59.965],[18.427,59.98],[18.437,59.989],[18.451,59.995],[18.489,60.007],[18.494,60.011],[18.491,60.014],[18.485,60.018],[18.476,60.021],[18.467,60.026],[18.46,60.033],[18.461,60.043],[18.473,60.057],[18.504,60.078],[18.555,60.121]]],[[[18.43,59.258],[18.427,59.261],[18.418,59.274],[18.413,59.279],[18.397,59.286],[18.345,59.299],[18.462,59.298],[18.523,59.289],[18.612,59.258],[18.561,59.257],[18.539,59.26],[18.516,59.271],[18.517,59.249],[18.532,59.242],[18.578,59.245],[18.552,59.226],[18.52,59.229],[18.468,59.252],[18.43,59.258]]],[[[18.485,59.098],[18.488,59.095],[18.49,59.089],[18.487,59.085],[18.484,59.083],[18.456,59.057],[18.436,59.05],[18.433,59.043],[18.43,59.038],[18.43,59.032],[18.427,59.026],[18.425,59.022],[18.42,59.017],[18.414,59.012],[18.405,59.009],[18.396,59.011],[18.391,59.011],[18.386,59.007],[18.377,59.007],[18.366,59.009],[18.355,59.016],[18.344,59.026],[18.341,59.033],[18.346,59.037],[18.353,59.037],[18.362,59.039],[18.358,59.045],[18.35,59.053],[18.351,59.057],[18.357,59.056],[18.366,59.058],[18.376,59.064],[18.379,59.071],[18.372,59.074],[18.375,59.078],[18.415,59.093],[18.434,59.104],[18.451,59.112],[18.466,59.117],[18.479,59.117],[18.485,59.106],[18.485,59.098]]],[[[18.716,59.209],[18.744,59.207],[18.75,59.205],[18.738,59.198],[18.669,59.174],[18.66,59.177],[18.666,59.188],[18.677,59.199],[18.691,59.209],[18.704,59.212],[18.716,59.209]]],[[[18.797,59.295],[18.803,59.294],[18.811,59.289],[18.808,59.283],[18.799,59.278],[18.791,59.273],[18.779,59.26],[18.778,59.257],[18.778,59.254],[18.775,59.252],[18.77,59.251],[18.764,59.252],[18.754,59.256],[18.743,59.259],[18.737,59.259],[18.732,59.258],[18.723,59.262],[18.725,59.273],[18.738,59.285],[18.758,59.295],[18.776,59.298],[18.79,59.297],[18.797,59.295]]],[[[18.676,59.34],[18.664,59.347],[18.653,59.355],[18.648,59.36],[18.638,59.368],[18.647,59.372],[18.688,59.371],[18.691,59.374],[18.698,59.374],[18.706,59.371],[18.715,59.367],[18.731,59.354],[18.738,59.352],[18.742,59.351],[18.744,59.345],[18.747,59.332],[18.741,59.32],[18.727,59.312],[18.683,59.3],[18.677,59.3],[18.673,59.304],[18.677,59.311],[18.683,59.313],[18.686,59.316],[18.684,59.322],[18.682,59.331],[18.676,59.34]]],[[[18.107,59.385],[18.123,59.389],[18.238,59.373],[18.249,59.367],[18.233,59.365],[18.224,59.366],[18.204,59.366],[18.21,59.362],[18.222,59.352],[18.212,59.342],[18.19,59.338],[18.166,59.341],[18.14,59.349],[18.123,59.357],[18.117,59.364],[18.113,59.372],[18.105,59.378],[18.107,59.385]]],[[[18.854,59.403],[18.865,59.4],[18.869,59.394],[18.866,59.39],[18.856,59.386],[18.848,59.389],[18.846,59.396],[18.854,59.403]]],[[[18.942,59.394],[18.947,59.389],[18.948,59.379],[18.938,59.373],[18.921,59.379],[18.909,59.388],[18.904,59.391],[18.9,59.394],[18.899,59.401],[18.908,59.406],[18.922,59.406],[18.936,59.399],[18.942,59.394]]],[[[18.926,59.434],[18.909,59.418],[18.894,59.407],[18.872,59.409],[18.861,59.425],[18.873,59.44],[18.899,59.446],[18.912,59.447],[18.916,59.446],[18.924,59.441],[18.926,59.434]]],[[[18.657,59.507],[18.646,59.505],[18.638,59.499],[18.633,59.49],[18.623,59.488],[18.608,59.494],[18.603,59.493],[18.604,59.488],[18.6,59.486],[18.594,59.487],[18.605,59.467],[18.602,59.456],[18.591,59.453],[18.582,59.456],[18.578,59.464],[18.581,59.431],[18.573,59.432],[18.562,59.428],[18.556,59.422],[18.551,59.423],[18.545,59.428],[18.542,59.437],[18.536,59.446],[18.527,59.455],[18.519,59.464],[18.518,59.474],[18.515,59.478],[18.511,59.483],[18.514,59.491],[18.525,59.495],[18.538,59.496],[18.549,59.493],[18.557,59.482],[18.558,59.483],[18.556,59.487],[18.56,59.491],[18.565,59.493],[18.572,59.493],[18.578,59.495],[18.576,59.496],[18.57,59.495],[18.564,59.496],[18.56,59.498],[18.555,59.499],[18.548,59.499],[18.545,59.502],[18.551,59.51],[18.56,59.518],[18.58,59.53],[18.593,59.539],[18.61,59.546],[18.633,59.55],[18.654,59.55],[18.674,59.546],[18.684,59.54],[18.684,59.535],[18.689,59.533],[18.693,59.533],[18.739,59.54],[18.738,59.535],[18.681,59.521],[18.657,59.507]]],[[[18.978,59.634],[18.982,59.633],[18.986,59.629],[18.985,59.624],[18.981,59.624],[18.975,59.623],[18.968,59.619],[18.955,59.618],[18.937,59.619],[18.927,59.623],[18.913,59.592],[18.905,59.583],[18.896,59.581],[18.886,59.579],[18.863,59.584],[18.859,59.596],[18.868,59.606],[18.938,59.649],[18.953,59.653],[18.965,59.648],[18.978,59.634]]],[[[18.854,59.601],[18.831,59.592],[18.828,59.589],[18.828,59.586],[18.824,59.584],[18.816,59.583],[18.809,59.582],[18.784,59.574],[18.77,59.572],[18.757,59.573],[18.757,59.576],[18.774,59.581],[18.796,59.589],[18.816,59.602],[18.825,59.609],[18.865,59.633],[18.924,59.657],[18.924,59.648],[18.905,59.634],[18.858,59.603],[18.854,59.601]]],[[[18.996,59.81],[18.999,59.809],[19.002,59.806],[19.002,59.8],[18.998,59.795],[18.988,59.789],[18.972,59.787],[18.956,59.787],[18.943,59.79],[18.936,59.793],[18.932,59.79],[18.926,59.787],[18.918,59.788],[18.891,59.786],[18.886,59.794],[18.898,59.81],[18.942,59.848],[18.952,59.861],[18.959,59.864],[18.969,59.862],[18.978,59.858],[18.988,59.85],[18.995,59.84],[18.996,59.826],[18.992,59.813],[18.992,59.807],[18.995,59.809],[18.996,59.81]]],[[[18.724,60.197],[18.729,60.197],[18.729,60.2],[18.712,60.212],[18.718,60.217],[18.738,60.215],[18.753,60.209],[18.761,60.203],[18.766,60.196],[18.773,60.192],[18.782,60.19],[18.788,60.184],[18.788,60.178],[18.784,60.176],[18.784,60.175],[18.79,60.176],[18.796,60.178],[18.8,60.176],[18.806,60.168],[18.807,60.161],[18.782,60.154],[18.761,60.15],[18.736,60.153],[18.724,60.156],[18.72,60.161],[18.714,60.173],[18.713,60.183],[18.715,60.188],[18.718,60.194],[18.724,60.197]]],[[[18.322,58.969],[18.351,58.98],[18.357,58.977],[18.354,58.967],[18.339,58.958],[18.317,58.951],[18.309,58.948],[18.302,58.946],[18.294,58.946],[18.29,58.941],[18.299,58.934],[18.315,58.931],[18.316,58.927],[18.288,58.924],[18.273,58.919],[18.238,58.914],[18.216,58.906],[18.206,58.905],[18.198,58.908],[18.194,58.911],[18.196,58.92],[18.211,58.935],[18.226,58.945],[18.262,58.96],[18.276,58.961],[18.29,58.961],[18.299,58.963],[18.306,58.965],[18.322,58.969]]],[[[18.198,59.01],[18.195,58.998],[18.19,58.994],[18.183,58.999],[18.175,59.002],[18.168,58.997],[18.159,58.998],[18.148,59.005],[18.146,59.004],[18.149,58.994],[18.149,58.986],[18.15,58.977],[18.145,58.969],[18.131,58.965],[18.117,58.967],[18.099,58.979],[18.095,58.978],[18.087,58.975],[18.072,58.965],[18.057,58.959],[18.051,58.961],[18.05,58.967],[18.053,58.971],[18.059,58.985],[18.065,58.991],[18.076,58.993],[18.082,58.997],[18.08,59.003],[18.083,59.009],[18.093,59.018],[18.104,59.023],[18.125,59.021],[18.149,59.026],[18.172,59.027],[18.217,59.025],[18.216,59.02],[18.179,59.011],[18.181,59.009],[18.185,59.011],[18.192,59.012],[18.198,59.01]]],[[[17.707,58.993],[17.703,58.985],[17.7,58.977],[17.704,58.965],[17.704,58.955],[17.7,58.945],[17.697,58.935],[17.694,58.929],[17.688,58.925],[17.681,58.922],[17.683,58.914],[17.691,58.902],[17.685,58.901],[17.658,58.923],[17.657,58.918],[17.648,58.919],[17.639,58.931],[17.641,58.948],[17.634,58.956],[17.626,58.957],[17.624,58.964],[17.627,58.981],[17.636,58.998],[17.646,59.01],[17.648,59.017],[17.646,59.023],[17.647,59.034],[17.644,59.061],[17.652,59.072],[17.663,59.072],[17.666,59.065],[17.669,59.059],[17.673,59.058],[17.678,59.057],[17.687,59.05],[17.694,59.039],[17.701,59.025],[17.706,59.008],[17.707,58.993]]]]}},{"type":"Feature","properties":{"name":"Södermanland","country":"SE"},"geometry":{"type":"Polygon","coordinates":[[[17.586,58.965],[17.581,58.961],[17.577,58.957],[17.585,58.951],[17.593,58.947],[17.602,58.944],[17.611,58.943],[17.611,58.936],[17.601,58.928],[17.614,58.924],[17.627,58.918],[17.618,58.902],[17.599,58.894],[17.578,58.896],[17.557,58.9],[17.536,58.902],[17.546,58.89],[17.559,58.88],[17.591,58.867],[17.591,58.861],[17.57,58.861],[17.576,58.856],[17.584,58.854],[17.556,58.854],[17.48,58.886],[17.447,58.895],[17.447,58.888],[17.465,58.882],[17.469,58.87],[17.46,58.84],[17.451,58.823],[17.45,58.816],[17.457,58.813],[17.464,58.811],[17.488,58.8],[17.46,58.791],[17.337,58.806],[17.372,58.779],[17.377,58.764],[17.358,58.751],[17.305,58.752],[17.276,58.749],[17.276,58.731],[17.162,58.732],[17.132,58.737],[17.121,58.744],[17.101,58.761],[17.087,58.765],[17.075,58.763],[17.046,58.753],[17.028,58.751],[17.042,58.747],[17.073,58.745],[17.084,58.737],[17.084,58.729],[17.077,58.72],[17.069,58.714],[17.062,58.71],[17.083,58.703],[17.125,58.706],[17.146,58.703],[17.146,58.697],[17.123,58.683],[17.108,58.67],[17.093,58.661],[17.07,58.662],[17.011,58.682],[16.975,58.685],[16.954,58.669],[17.002,58.668],[17.02,58.66],[17.036,58.641],[17.013,58.641],[16.924,58.625],[16.781,58.635],[16.765,58.648],[16.735,58.665],[16.688,58.68],[16.63,58.689],[16.453,58.692],[16.441,58.696],[16.424,58.703],[16.407,58.716],[16.399,58.727],[16.394,58.745],[16.389,58.752],[16.339,58.785],[16.324,58.798],[16.313,58.813],[16.298,58.824],[16.137,58.89],[16.078,58.925],[15.916,58.989],[15.881,59.008],[15.867,59.01],[15.848,59.01],[15.828,59.004],[15.819,59.0],[15.814,58.995],[15.801,58.975],[15.788,58.971],[15.777,58.969],[15.724,58.984],[15.66,59.015],[15.648,59.025],[15.64,59.036],[15.644,59.046],[15.654,59.055],[15.668,59.064],[15.701,59.083],[15.713,59.095],[15.725,59.1],[15.741,59.105],[15.77,59.109],[15.79,59.115],[15.804,59.122],[15.809,59.129],[15.807,59.138],[15.783,59.172],[15.774,59.188],[15.771,59.197],[15.779,59.206],[15.858,59.222],[15.882,59.232],[15.9,59.242],[15.905,59.252],[15.906,59.261],[15.905,59.27],[15.907,59.279],[15.914,59.288],[15.974,59.343],[15.984,59.35],[16.005,59.359],[16.046,59.367],[16.07,59.369],[16.089,59.368],[16.153,59.359],[16.176,59.358],[16.206,59.361],[16.277,59.375],[16.299,59.383],[16.311,59.389],[16.316,59.394],[16.318,59.398],[16.316,59.402],[16.313,59.405],[16.291,59.412],[16.283,59.417],[16.275,59.425],[16.271,59.433],[16.27,59.442],[16.275,59.449],[16.276,59.45],[16.287,59.454],[16.849,59.51],[16.865,59.508],[16.893,59.509],[16.908,59.512],[16.966,59.532],[17.071,59.521],[17.148,59.527],[17.17,59.525],[17.201,59.518],[17.24,59.503],[17.245,59.5],[17.246,59.497],[17.25,59.49],[17.268,59.474],[17.298,59.458],[17.36,59.442],[17.395,59.428],[17.417,59.415],[17.445,59.385],[17.456,59.376],[17.456,59.368],[17.449,59.356],[17.432,59.351],[17.396,59.349],[17.378,59.348],[17.365,59.345],[17.354,59.337],[17.342,59.325],[17.337,59.302],[17.339,59.275],[17.333,59.254],[17.294,59.233],[17.285,59.227],[17.282,59.22],[17.282,59.211],[17.287,59.197],[17.289,59.187],[17.296,59.172],[17.306,59.156],[17.335,59.121],[17.353,59.042],[17.359,59.029],[17.365,59.02],[17.386,58.998],[17.396,58.995],[17.413,58.993],[17.48,58.994],[17.525,58.99],[17.558,58.981],[17.586,58.965]]]}},{"type":"Feature","properties":{"name":"Östergötland","country":"SE"},"geometry":{"type":"MultiPolygon","coordinates":[[[[16.781,58.635],[16.579,58.647],[16.234,58.669],[16.234,58.662],[16.246,58.659],[16.257,58.652],[16.262,58.643],[16.255,58.635],[16.24,58.632],[16.198,58.637],[16.179,58.635],[16.179,58.628],[16.192,58.632],[16.204,58.634],[16.214,58.631],[16.22,58.621],[16.24,58.628],[16.285,58.616],[16.306,58.625],[16.321,58.636],[16.334,58.639],[16.346,58.636],[16.367,58.622],[16.372,58.621],[16.372,58.617],[16.372,58.604],[16.377,58.595],[16.388,58.592],[16.4,58.592],[16.409,58.597],[16.416,58.609],[16.421,58.625],[16.428,58.639],[16.44,58.648],[16.454,58.646],[16.505,58.631],[16.518,58.625],[16.636,58.627],[16.657,58.622],[16.676,58.611],[16.69,58.605],[16.73,58.602],[16.748,58.593],[16.746,58.598],[16.744,58.609],[16.741,58.614],[16.777,58.608],[16.789,58.607],[16.78,58.589],[16.786,58.573],[16.804,58.562],[16.83,58.559],[16.821,58.553],[16.817,58.552],[16.817,58.546],[16.844,58.546],[16.844,58.539],[16.834,58.529],[16.847,58.524],[16.885,58.519],[16.94,58.491],[16.916,58.483],[16.866,58.483],[16.844,58.477],[16.853,58.463],[16.83,58.452],[16.796,58.445],[16.772,58.443],[16.765,58.441],[16.754,58.431],[16.748,58.429],[16.741,58.43],[16.728,58.435],[16.721,58.437],[16.598,58.449],[16.54,58.468],[16.441,58.486],[16.413,58.477],[16.448,58.475],[16.66,58.415],[16.693,58.413],[16.706,58.408],[16.715,58.395],[16.715,58.386],[16.711,58.377],[16.71,58.369],[16.715,58.36],[16.723,58.361],[16.739,58.365],[16.752,58.37],[16.755,58.374],[16.767,58.369],[16.771,58.363],[16.775,58.34],[16.632,58.354],[16.648,58.343],[16.685,58.328],[16.7,58.319],[16.696,58.309],[16.698,58.302],[16.711,58.299],[16.722,58.3],[16.727,58.304],[16.727,58.31],[16.721,58.319],[16.779,58.326],[16.799,58.324],[16.789,58.306],[16.784,58.304],[16.767,58.306],[16.761,58.306],[16.761,58.302],[16.76,58.296],[16.759,58.29],[16.755,58.285],[16.743,58.281],[16.707,58.278],[16.707,58.271],[16.73,58.269],[16.803,58.245],[16.793,58.239],[16.789,58.237],[16.803,58.231],[16.814,58.22],[16.821,58.207],[16.824,58.193],[16.822,58.18],[16.817,58.177],[16.808,58.18],[16.796,58.182],[16.788,58.179],[16.791,58.173],[16.8,58.166],[16.81,58.162],[16.777,58.13],[16.721,58.15],[16.662,58.185],[16.617,58.203],[16.632,58.186],[16.672,58.165],[16.686,58.148],[16.68,58.148],[16.666,58.147],[16.66,58.148],[16.682,58.128],[16.716,58.104],[16.736,58.085],[16.715,58.08],[16.718,58.067],[16.712,58.059],[16.701,58.057],[16.686,58.059],[16.707,58.05],[16.725,58.046],[16.74,58.04],[16.755,58.025],[16.746,58.017],[16.738,58.014],[16.729,58.017],[16.721,58.025],[16.692,58.015],[16.687,58.009],[16.7,57.998],[16.679,58.005],[16.658,58.035],[16.645,58.039],[16.631,58.028],[16.637,58.014],[16.66,57.99],[16.672,57.992],[16.686,57.99],[16.687,57.989],[16.661,57.989],[16.645,57.992],[16.641,57.995],[16.636,57.999],[16.633,58.002],[16.618,58.018],[16.611,58.032],[16.597,58.078],[16.59,58.088],[16.58,58.095],[16.566,58.1],[16.55,58.101],[16.513,58.097],[16.502,58.099],[16.49,58.103],[16.478,58.111],[16.463,58.118],[16.44,58.125],[16.421,58.127],[16.401,58.126],[16.366,58.12],[16.302,58.124],[16.277,58.122],[16.216,58.109],[16.197,58.102],[16.183,58.09],[16.179,58.081],[16.173,58.073],[16.16,58.071],[16.13,58.074],[16.098,58.072],[16.039,58.08],[16.023,58.078],[16.019,58.072],[16.023,58.066],[16.03,58.062],[16.034,58.057],[16.033,58.051],[16.027,58.043],[16.024,58.035],[16.026,58.026],[16.034,58.018],[16.07,57.989],[16.074,57.982],[16.076,57.976],[16.072,57.968],[16.065,57.96],[16.051,57.949],[16.046,57.942],[16.043,57.934],[16.046,57.922],[16.053,57.905],[16.057,57.89],[16.053,57.876],[16.042,57.863],[16.002,57.834],[15.976,57.822],[15.955,57.818],[15.931,57.819],[15.901,57.828],[15.829,57.837],[15.785,57.854],[15.767,57.858],[15.728,57.862],[15.705,57.861],[15.67,57.857],[15.652,57.853],[15.634,57.846],[15.603,57.821],[15.584,57.809],[15.572,57.799],[15.563,57.786],[15.552,57.778],[15.533,57.772],[15.49,57.763],[15.469,57.756],[15.46,57.751],[15.456,57.741],[15.455,57.734],[15.443,57.712],[15.197,57.723],[15.174,57.728],[15.153,57.74],[15.132,57.763],[15.106,57.798],[15.094,57.818],[15.088,57.832],[15.086,57.844],[15.081,57.857],[15.069,57.87],[15.032,57.902],[15.025,57.914],[15.025,57.923],[15.031,57.93],[15.033,57.935],[15.031,57.941],[15.025,57.95],[15.025,57.956],[15.034,57.967],[15.038,57.975],[15.04,57.986],[15.046,57.993],[15.054,57.997],[15.077,58.0],[15.087,58.003],[15.094,58.006],[15.099,58.009],[15.102,58.015],[15.101,58.021],[15.094,58.028],[15.067,58.048],[15.06,58.056],[15.056,58.062],[15.049,58.084],[15.038,58.109],[15.03,58.121],[15.011,58.142],[15.007,58.149],[15.0,58.154],[14.993,58.155],[14.94,58.146],[14.93,58.143],[14.924,58.139],[14.918,58.121],[14.912,58.111],[14.896,58.102],[14.875,58.097],[14.835,58.095],[14.598,58.112],[14.515,58.135],[14.486,58.154],[14.429,58.224],[14.812,58.645],[14.86,58.67],[14.895,58.681],[15.011,58.699],[15.029,58.708],[15.063,58.73],[15.141,58.791],[15.171,58.808],[15.279,58.845],[15.31,58.85],[15.337,58.849],[15.373,58.842],[15.401,58.842],[15.429,58.846],[15.539,58.874],[15.567,58.885],[15.593,58.907],[15.599,58.922],[15.596,58.934],[15.593,58.941],[15.594,58.949],[15.603,58.957],[15.625,58.966],[15.652,58.973],[15.679,58.975],[15.724,58.984],[15.777,58.969],[15.788,58.971],[15.801,58.975],[15.814,58.995],[15.819,59.0],[15.828,59.004],[15.848,59.01],[15.867,59.01],[15.881,59.008],[15.916,58.989],[16.078,58.925],[16.137,58.89],[16.298,58.824],[16.313,58.813],[16.324,58.798],[16.339,58.785],[16.389,58.752],[16.394,58.745],[16.399,58.727],[16.407,58.716],[16.424,58.703],[16.441,58.696],[16.453,58.692],[16.63,58.689],[16.688,58.68],[16.735,58.665],[16.765,58.648],[16.781,58.635]]],[[[16.867,58.305],[16.877,58.3],[16.881,58.293],[16.879,58.281],[16.868,58.273],[16.856,58.272],[16.847,58.276],[16.836,58.291],[16.832,58.304],[16.845,58.31],[16.867,58.305]]],[[[16.892,58.334],[16.91,58.338],[16.919,58.336],[16.915,58.335],[16.913,58.335],[16.908,58.329],[16.905,58.326],[16.895,58.321],[16.882,58.317],[16.865,58.317],[16.846,58.32],[16.827,58.328],[16.815,58.339],[16.809,58.349],[16.804,58.353],[16.8,58.358],[16.802,58.365],[16.796,58.371],[16.785,58.38],[16.79,58.389],[16.808,58.394],[16.817,58.396],[16.83,58.4],[16.837,58.401],[16.841,58.399],[16.854,58.402],[16.86,58.4],[16.864,58.398],[16.862,58.392],[16.851,58.383],[16.84,58.38],[16.829,58.382],[16.847,58.372],[16.845,58.369],[16.834,58.369],[16.828,58.364],[16.831,58.356],[16.846,58.345],[16.87,58.333],[16.892,58.334]]]]}},{"type":"Feature","properties":{"name":"Kalmar","country":"SE"},"geometry":{"type":"MultiPolygon","coordinates":[[[[16.687,57.989],[16.698,57.971],[16.706,57.962],[16.718,57.967],[16.728,57.974],[16.735,57.972],[16.74,57.962],[16.741,57.946],[16.747,57.94],[16.774,57.923],[16.782,57.915],[16.765,57.915],[16.727,57.929],[16.736,57.914],[16.765,57.899],[16.769,57.888],[16.758,57.877],[16.741,57.877],[16.723,57.883],[16.711,57.891],[16.691,57.916],[16.683,57.919],[16.68,57.898],[16.671,57.891],[16.651,57.891],[16.611,57.895],[16.614,57.904],[16.614,57.912],[16.61,57.921],[16.604,57.929],[16.615,57.93],[16.626,57.928],[16.636,57.925],[16.645,57.921],[16.515,57.999],[16.506,57.998],[16.498,57.993],[16.494,57.984],[16.497,57.977],[16.505,57.97],[16.532,57.95],[16.59,57.936],[16.585,57.933],[16.575,57.924],[16.57,57.921],[16.576,57.911],[16.577,57.902],[16.573,57.894],[16.563,57.888],[16.544,57.899],[16.525,57.906],[16.481,57.915],[16.494,57.902],[16.487,57.895],[16.48,57.898],[16.46,57.902],[16.46,57.895],[16.675,57.764],[16.707,57.751],[16.7,57.744],[16.683,57.747],[16.635,57.766],[16.621,57.774],[16.542,57.839],[16.419,57.895],[16.428,57.877],[16.439,57.865],[16.473,57.847],[16.53,57.825],[16.573,57.795],[16.581,57.787],[16.587,57.779],[16.595,57.773],[16.607,57.77],[16.618,57.767],[16.653,57.746],[16.665,57.737],[16.652,57.73],[16.673,57.73],[16.691,57.726],[16.705,57.717],[16.715,57.703],[16.693,57.703],[16.693,57.696],[16.707,57.696],[16.707,57.688],[16.639,57.692],[16.609,57.699],[16.577,57.71],[16.584,57.7],[16.603,57.689],[16.611,57.682],[16.62,57.667],[16.618,57.658],[16.605,57.657],[16.583,57.662],[16.592,57.652],[16.603,57.649],[16.615,57.648],[16.625,57.641],[16.631,57.629],[16.626,57.625],[16.616,57.622],[16.607,57.617],[16.598,57.61],[16.57,57.596],[16.563,57.593],[16.557,57.597],[16.555,57.606],[16.555,57.617],[16.556,57.627],[16.548,57.622],[16.539,57.621],[16.53,57.622],[16.52,57.627],[16.53,57.615],[16.535,57.611],[16.542,57.607],[16.527,57.595],[16.52,57.593],[16.52,57.586],[16.542,57.579],[16.542,57.572],[16.515,57.572],[16.515,57.566],[16.593,57.565],[16.629,57.557],[16.658,57.516],[16.68,57.49],[16.689,57.472],[16.66,57.476],[16.672,57.46],[16.667,57.455],[16.652,57.455],[16.638,57.449],[16.633,57.437],[16.639,57.427],[16.653,57.419],[16.673,57.416],[16.656,57.409],[16.637,57.406],[16.626,57.399],[16.632,57.381],[16.573,57.387],[16.548,57.383],[16.535,57.36],[16.57,57.347],[16.56,57.337],[16.55,57.333],[16.547,57.329],[16.563,57.319],[16.485,57.295],[16.469,57.275],[16.494,57.243],[16.466,57.228],[16.458,57.204],[16.465,57.177],[16.481,57.155],[16.509,57.127],[16.52,57.12],[16.531,57.117],[16.537,57.118],[16.543,57.118],[16.552,57.11],[16.57,57.087],[16.555,57.081],[16.561,57.069],[16.575,57.056],[16.583,57.045],[16.57,57.044],[16.535,57.052],[16.533,57.054],[16.535,57.059],[16.535,57.063],[16.528,57.065],[16.521,57.064],[16.518,57.062],[16.516,57.06],[16.515,57.059],[16.511,57.056],[16.509,57.051],[16.507,57.046],[16.504,57.041],[16.5,57.04],[16.497,57.041],[16.493,57.044],[16.476,57.046],[16.452,57.051],[16.44,57.052],[16.448,57.044],[16.455,57.038],[16.464,57.034],[16.473,57.031],[16.473,57.024],[16.453,57.023],[16.44,57.014],[16.435,56.998],[16.44,56.977],[16.45,56.965],[16.461,56.957],[16.468,56.949],[16.463,56.938],[16.436,56.911],[16.436,56.905],[16.44,56.878],[16.44,56.867],[16.436,56.857],[16.409,56.808],[16.408,56.799],[16.416,56.788],[16.429,56.783],[16.441,56.787],[16.452,56.794],[16.463,56.798],[16.473,56.794],[16.474,56.786],[16.472,56.777],[16.467,56.771],[16.455,56.768],[16.428,56.776],[16.413,56.777],[16.397,56.775],[16.376,56.766],[16.361,56.764],[16.357,56.758],[16.363,56.746],[16.378,56.726],[16.381,56.694],[16.379,56.676],[16.372,56.661],[16.359,56.654],[16.342,56.651],[16.325,56.652],[16.301,56.663],[16.288,56.661],[16.276,56.657],[16.265,56.654],[16.255,56.65],[16.246,56.642],[16.224,56.614],[16.221,56.609],[16.221,56.604],[16.22,56.593],[16.215,56.572],[16.213,56.548],[16.207,56.538],[16.179,56.537],[16.172,56.527],[16.166,56.508],[16.118,56.455],[16.095,56.419],[16.066,56.336],[16.061,56.336],[16.042,56.332],[16.031,56.326],[16.011,56.325],[15.98,56.326],[15.86,56.351],[15.8,56.375],[15.725,56.428],[15.668,56.457],[15.597,56.502],[15.579,56.509],[15.562,56.51],[15.55,56.509],[15.54,56.503],[15.537,56.501],[15.535,56.498],[15.533,56.495],[15.529,56.49],[15.521,56.488],[15.512,56.488],[15.459,56.495],[15.438,56.501],[15.419,56.503],[15.397,56.501],[15.391,56.498],[15.363,56.482],[15.355,56.492],[15.355,56.497],[15.355,56.5],[15.369,56.532],[15.376,56.541],[15.385,56.548],[15.397,56.552],[15.405,56.559],[15.409,56.569],[15.409,56.587],[15.419,56.678],[15.417,56.698],[15.413,56.711],[15.4,56.736],[15.392,56.757],[15.394,56.768],[15.401,56.774],[15.426,56.781],[15.435,56.785],[15.448,56.793],[15.46,56.797],[15.474,56.798],[15.522,56.799],[15.535,56.802],[15.547,56.808],[15.556,56.815],[15.559,56.824],[15.558,56.837],[15.553,56.852],[15.545,56.867],[15.529,56.892],[15.528,56.903],[15.535,56.911],[15.547,56.918],[15.56,56.922],[15.575,56.924],[15.593,56.922],[15.655,56.903],[15.665,56.902],[15.674,56.903],[15.691,56.908],[15.783,56.908],[15.811,56.913],[15.836,56.927],[15.846,56.943],[15.846,56.958],[15.839,56.972],[15.822,56.994],[15.819,56.998],[15.817,57.004],[15.813,57.011],[15.806,57.02],[15.75,57.064],[15.741,57.075],[15.731,57.082],[15.688,57.107],[15.681,57.114],[15.677,57.12],[15.675,57.126],[15.673,57.13],[15.662,57.135],[15.606,57.149],[15.591,57.157],[15.585,57.169],[15.586,57.184],[15.584,57.193],[15.576,57.199],[15.551,57.211],[15.545,57.241],[15.504,57.276],[15.498,57.289],[15.495,57.302],[15.498,57.311],[15.501,57.316],[15.515,57.323],[15.523,57.33],[15.527,57.345],[15.522,57.374],[15.523,57.384],[15.533,57.404],[15.533,57.413],[15.527,57.44],[15.532,57.453],[15.541,57.464],[15.552,57.468],[15.561,57.47],[15.57,57.469],[15.577,57.466],[15.584,57.462],[15.59,57.456],[15.596,57.45],[15.604,57.447],[15.613,57.447],[15.621,57.451],[15.63,57.461],[15.635,57.479],[15.641,57.49],[15.648,57.497],[15.651,57.499],[15.654,57.501],[15.662,57.51],[15.664,57.52],[15.663,57.53],[15.659,57.536],[15.651,57.54],[15.628,57.545],[15.618,57.55],[15.613,57.558],[15.617,57.566],[15.663,57.603],[15.667,57.609],[15.664,57.613],[15.642,57.617],[15.634,57.622],[15.629,57.626],[15.622,57.636],[15.614,57.641],[15.604,57.645],[15.584,57.651],[15.577,57.654],[15.571,57.655],[15.551,57.656],[15.54,57.66],[15.509,57.677],[15.475,57.69],[15.464,57.696],[15.443,57.712],[15.455,57.734],[15.456,57.741],[15.46,57.751],[15.469,57.756],[15.49,57.763],[15.533,57.772],[15.552,57.778],[15.563,57.786],[15.572,57.799],[15.584,57.809],[15.603,57.821],[15.634,57.846],[15.652,57.853],[15.67,57.857],[15.705,57.861],[15.728,57.862],[15.767,57.858],[15.785,57.854],[15.829,57.837],[15.901,57.828],[15.931,57.819],[15.955,57.818],[15.976,57.822],[16.002,57.834],[16.042,57.863],[16.053,57.876],[16.057,57.89],[16.053,57.905],[16.046,57.922],[16.043,57.934],[16.046,57.942],[16.051,57.949],[16.065,57.96],[16.072,57.968],[16.076,57.976],[16.074,57.982],[16.07,57.989],[16.034,58.018],[16.026,58.026],[16.024,58.035],[16.027,58.043],[16.033,58.051],[16.034,58.057],[16.03,58.062],[16.023,58.066],[16.019,58.072],[16.023,58.078],[16.039,58.08],[16.098,58.072],[16.13,58.074],[16.16,58.071],[16.173,58.073],[16.179,58.081],[16.183,58.09],[16.197,58.102],[16.216,58.109],[16.277,58.122],[16.302,58.124],[16.366,58.12],[16.401,58.126],[16.421,58.127],[16.44,58.125],[16.463,58.118],[16.478,58.111],[16.49,58.103],[16.502,58.099],[16.513,58.097],[16.55,58.101],[16.566,58.1],[16.58,58.095],[16.59,58.088],[16.597,58.078],[16.611,58.032],[16.618,58.018],[16.633,58.002],[16.636,57.999],[16.641,57.995],[16.645,57.992],[16.661,57.989],[16.687,57.989]]],[[[17.125,57.319],[17.097,57.317],[17.076,57.305],[17.042,57.271],[17.064,57.242],[17.066,57.227],[17.05,57.201],[17.051,57.192],[17.049,57.188],[17.046,57.187],[17.032,57.183],[17.028,57.181],[17.023,57.172],[17.019,57.157],[17.015,57.148],[16.974,57.104],[16.968,57.09],[16.961,57.063],[16.943,57.052],[16.921,57.046],[16.899,57.038],[16.905,57.029],[16.913,57.023],[16.923,57.02],[16.934,57.018],[16.914,57.007],[16.899,56.996],[16.871,56.969],[16.878,56.956],[16.884,56.936],[16.883,56.916],[16.868,56.908],[16.858,56.897],[16.842,56.844],[16.83,56.826],[16.828,56.826],[16.782,56.811],[16.775,56.805],[16.769,56.797],[16.764,56.787],[16.762,56.778],[16.761,56.767],[16.756,56.748],[16.698,56.645],[16.69,56.625],[16.686,56.602],[16.683,56.593],[16.674,56.583],[16.664,56.575],[16.656,56.572],[16.643,56.568],[16.637,56.56],[16.632,56.538],[16.631,56.532],[16.638,56.529],[16.638,56.524],[16.636,56.519],[16.627,56.508],[16.625,56.504],[16.623,56.486],[16.62,56.475],[16.614,56.466],[16.599,56.447],[16.586,56.427],[16.576,56.406],[16.57,56.387],[16.569,56.379],[16.57,56.356],[16.566,56.346],[16.552,56.332],[16.549,56.322],[16.541,56.306],[16.491,56.24],[16.473,56.227],[16.45,56.219],[16.428,56.218],[16.413,56.229],[16.41,56.238],[16.413,56.261],[16.413,56.271],[16.399,56.298],[16.407,56.32],[16.408,56.345],[16.406,56.387],[16.414,56.403],[16.408,56.421],[16.397,56.44],[16.391,56.459],[16.399,56.545],[16.402,56.554],[16.419,56.586],[16.443,56.609],[16.446,56.617],[16.453,56.638],[16.621,56.872],[16.638,56.883],[16.659,56.886],[16.69,56.887],[16.717,56.892],[16.731,56.904],[16.748,56.942],[16.794,57.004],[16.846,57.059],[16.888,57.118],[16.906,57.192],[16.91,57.202],[16.919,57.207],[16.94,57.213],[16.954,57.222],[16.959,57.231],[16.962,57.287],[16.966,57.305],[16.988,57.318],[17.019,57.344],[17.036,57.353],[17.055,57.358],[17.065,57.358],[17.073,57.343],[17.082,57.341],[17.091,57.344],[17.097,57.353],[17.104,57.353],[17.104,57.348],[17.106,57.346],[17.109,57.343],[17.111,57.34],[17.116,57.335],[17.12,57.331],[17.123,57.325],[17.125,57.319]]]]}},{"type":"Feature","properties":{"name":"Blekinge","country":"SE"},"geometry":{"type":"MultiPolygon","coordinates":[[[[16.066,56.336],[16.038,56.255],[16.032,56.25],[16.02,56.246],[16.015,56.238],[16.01,56.228],[16.004,56.219],[15.988,56.208],[15.949,56.187],[15.932,56.175],[15.874,56.103],[15.852,56.086],[15.835,56.088],[15.817,56.098],[15.789,56.106],[15.819,56.14],[15.826,56.159],[15.806,56.168],[15.757,56.157],[15.731,56.157],[15.714,56.175],[15.703,56.17],[15.697,56.173],[15.692,56.179],[15.682,56.181],[15.67,56.184],[15.656,56.193],[15.648,56.195],[15.632,56.186],[15.612,56.169],[15.592,56.16],[15.576,56.175],[15.583,56.181],[15.592,56.193],[15.596,56.204],[15.586,56.209],[15.573,56.206],[15.535,56.188],[15.493,56.176],[15.487,56.171],[15.485,56.156],[15.48,56.152],[15.46,56.161],[15.452,56.166],[15.444,56.173],[15.433,56.179],[15.418,56.181],[15.404,56.18],[15.393,56.175],[15.377,56.161],[15.37,56.151],[15.37,56.145],[15.366,56.141],[15.321,56.14],[15.307,56.142],[15.295,56.147],[15.315,56.153],[15.323,56.154],[15.317,56.163],[15.295,56.188],[15.274,56.171],[15.235,56.157],[15.192,56.153],[15.162,56.164],[15.154,56.169],[15.146,56.167],[15.139,56.163],[15.131,56.161],[15.093,56.161],[15.085,56.165],[15.082,56.182],[15.075,56.188],[15.069,56.188],[15.044,56.182],[15.035,56.181],[15.038,56.175],[15.045,56.16],[15.049,56.154],[14.989,56.169],[14.953,56.173],[14.928,56.164],[14.906,56.161],[14.873,56.165],[14.848,56.164],[14.85,56.147],[14.83,56.143],[14.813,56.15],[14.796,56.161],[14.775,56.168],[14.725,56.168],[14.701,56.161],[14.686,56.147],[14.683,56.139],[14.681,56.127],[14.682,56.117],[14.689,56.113],[14.703,56.109],[14.71,56.102],[14.714,56.093],[14.72,56.085],[14.748,56.061],[14.758,56.048],[14.768,56.031],[14.756,56.027],[14.744,56.021],[14.732,56.014],[14.723,56.007],[14.716,56.002],[14.71,56.007],[14.706,56.017],[14.686,56.017],[14.679,56.009],[14.673,56.005],[14.665,56.007],[14.657,56.009],[14.65,56.01],[14.622,56.01],[14.611,56.011],[14.61,56.015],[14.624,56.025],[14.615,56.03],[14.608,56.037],[14.603,56.046],[14.603,56.058],[14.582,56.044],[14.571,56.051],[14.567,56.056],[14.569,56.058],[14.557,56.055],[14.553,56.054],[14.556,56.096],[14.569,56.12],[14.583,56.138],[14.587,56.155],[14.584,56.178],[14.576,56.2],[14.557,56.229],[14.549,56.236],[14.542,56.239],[14.534,56.24],[14.522,56.241],[14.508,56.242],[14.499,56.245],[14.489,56.248],[14.461,56.255],[14.45,56.265],[14.444,56.279],[14.44,56.294],[14.433,56.307],[14.413,56.33],[14.411,56.338],[14.414,56.346],[14.457,56.408],[14.473,56.423],[14.541,56.477],[14.596,56.465],[14.627,56.45],[14.664,56.427],[14.7,56.41],[14.725,56.402],[14.87,56.379],[14.894,56.378],[14.915,56.382],[14.948,56.399],[14.983,56.426],[14.989,56.434],[14.993,56.441],[14.996,56.447],[15.003,56.451],[15.014,56.453],[15.057,56.454],[15.104,56.463],[15.121,56.463],[15.135,56.46],[15.165,56.449],[15.188,56.444],[15.205,56.443],[15.216,56.443],[15.223,56.446],[15.227,56.449],[15.232,56.455],[15.237,56.462],[15.247,56.468],[15.268,56.471],[15.289,56.471],[15.317,56.467],[15.331,56.467],[15.343,56.469],[15.363,56.482],[15.391,56.498],[15.397,56.501],[15.419,56.503],[15.438,56.501],[15.459,56.495],[15.512,56.488],[15.521,56.488],[15.529,56.49],[15.533,56.495],[15.535,56.498],[15.537,56.501],[15.54,56.503],[15.55,56.509],[15.562,56.51],[15.579,56.509],[15.597,56.502],[15.668,56.457],[15.725,56.428],[15.8,56.375],[15.86,56.351],[15.98,56.326],[16.011,56.325],[16.031,56.326],[16.042,56.332],[16.061,56.336],[16.066,56.336]]],[[[15.705,56.116],[15.718,56.117],[15.727,56.118],[15.726,56.113],[15.714,56.107],[15.701,56.106],[15.698,56.1],[15.703,56.089],[15.704,56.081],[15.702,56.077],[15.697,56.074],[15.688,56.075],[15.683,56.075],[15.651,56.09],[15.642,56.105],[15.655,56.12],[15.669,56.124],[15.675,56.12],[15.683,56.117],[15.694,56.118],[15.705,56.116]]]]}},{"type":"Feature","properties":{"name":"Skåne","country":"SE"},"geometry":{"type":"Polygon","coordinates":[[[14.553,56.054],[14.534,56.046],[14.524,56.044],[14.497,56.041],[14.479,56.032],[14.446,56.003],[14.408,55.977],[14.386,55.966],[14.367,55.962],[14.346,55.953],[14.333,55.934],[14.323,55.916],[14.312,55.907],[14.271,55.895],[14.235,55.863],[14.209,55.821],[14.198,55.78],[14.194,55.742],[14.196,55.726],[14.206,55.709],[14.223,55.697],[14.261,55.68],[14.274,55.668],[14.276,55.657],[14.275,55.646],[14.276,55.635],[14.284,55.623],[14.295,55.615],[14.317,55.602],[14.358,55.564],[14.367,55.545],[14.363,55.524],[14.349,55.511],[14.295,55.475],[14.277,55.468],[14.265,55.461],[14.219,55.414],[14.2,55.399],[14.181,55.391],[14.158,55.387],[14.094,55.387],[14.064,55.391],[14.035,55.397],[13.956,55.427],[13.93,55.433],[13.897,55.435],[13.882,55.433],[13.857,55.424],[13.842,55.421],[13.828,55.421],[13.78,55.427],[13.647,55.421],[13.63,55.418],[13.618,55.411],[13.609,55.402],[13.596,55.393],[13.581,55.389],[13.538,55.393],[13.503,55.388],[13.411,55.352],[13.381,55.346],[13.312,55.343],[13.28,55.345],[13.116,55.38],[13.062,55.381],[13.042,55.385],[13.031,55.386],[13.025,55.388],[13.009,55.397],[13.0,55.4],[12.979,55.403],[12.958,55.4],[12.947,55.396],[12.933,55.388],[12.921,55.386],[12.91,55.388],[12.897,55.392],[12.887,55.393],[12.867,55.389],[12.847,55.382],[12.833,55.383],[12.829,55.4],[12.859,55.435],[12.866,55.435],[12.872,55.434],[12.878,55.431],[12.887,55.424],[12.905,55.418],[12.93,55.419],[12.953,55.425],[12.966,55.435],[12.96,55.448],[12.963,55.454],[12.973,55.454],[12.986,55.448],[12.976,55.475],[12.928,55.52],[12.918,55.547],[12.929,55.579],[12.958,55.598],[13.027,55.627],[13.038,55.635],[13.05,55.647],[13.058,55.661],[13.061,55.675],[13.055,55.694],[13.04,55.705],[13.026,55.712],[13.011,55.728],[12.993,55.726],[12.974,55.727],[12.966,55.746],[12.941,55.745],[12.923,55.749],[12.911,55.764],[12.924,55.765],[12.932,55.77],[12.937,55.777],[12.939,55.791],[12.926,55.834],[12.891,55.854],[12.851,55.866],[12.821,55.887],[12.811,55.902],[12.808,55.91],[12.808,55.925],[12.805,55.929],[12.799,55.935],[12.79,55.939],[12.784,55.941],[12.771,55.948],[12.765,55.965],[12.76,55.983],[12.752,55.997],[12.735,56.006],[12.72,56.012],[12.709,56.021],[12.705,56.041],[12.698,56.051],[12.61,56.117],[12.602,56.123],[12.565,56.172],[12.554,56.181],[12.545,56.213],[12.541,56.222],[12.516,56.252],[12.505,56.275],[12.465,56.292],[12.451,56.304],[12.646,56.257],[12.654,56.254],[12.666,56.239],[12.674,56.236],[12.682,56.234],[12.697,56.225],[12.705,56.222],[12.713,56.224],[12.727,56.228],[12.736,56.229],[12.778,56.227],[12.797,56.228],[12.815,56.236],[12.827,56.25],[12.834,56.266],[12.829,56.279],[12.784,56.293],[12.763,56.315],[12.732,56.36],[12.644,56.396],[12.622,56.419],[12.657,56.455],[12.714,56.467],[12.833,56.443],[12.89,56.455],[12.905,56.467],[12.911,56.474],[12.93,56.461],[12.976,56.444],[12.981,56.439],[12.985,56.434],[12.988,56.427],[12.988,56.421],[12.986,56.414],[12.98,56.405],[12.976,56.395],[12.976,56.387],[12.979,56.381],[12.985,56.377],[13.017,56.371],[13.155,56.357],[13.169,56.351],[13.18,56.344],[13.193,56.339],[13.208,56.338],[13.231,56.343],[13.257,56.357],[13.275,56.371],[13.296,56.383],[13.32,56.394],[13.391,56.419],[13.421,56.425],[13.452,56.428],[13.501,56.424],[13.577,56.424],[13.993,56.479],[14.024,56.486],[14.042,56.493],[14.047,56.499],[14.052,56.512],[14.056,56.518],[14.063,56.526],[14.077,56.534],[14.095,56.541],[14.109,56.542],[14.123,56.539],[14.146,56.526],[14.162,56.523],[14.278,56.524],[14.308,56.52],[14.359,56.507],[14.541,56.477],[14.473,56.423],[14.457,56.408],[14.414,56.346],[14.411,56.338],[14.413,56.33],[14.433,56.307],[14.44,56.294],[14.444,56.279],[14.45,56.265],[14.461,56.255],[14.489,56.248],[14.499,56.245],[14.508,56.242],[14.522,56.241],[14.534,56.24],[14.542,56.239],[14.549,56.236],[14.557,56.229],[14.576,56.2],[14.584,56.178],[14.587,56.155],[14.583,56.138],[14.569,56.12],[14.556,56.096],[14.553,56.054]]]}},{"type":"Feature","properties":{"name":"Halland","country":"SE"},"geometry":{"type":"Polygon","coordinates":[[[12.911,56.474],[12.92,56.485],[12.933,56.507],[12.939,56.527],[12.934,56.547],[12.904,56.593],[12.886,56.637],[12.872,56.65],[12.842,56.654],[12.818,56.653],[12.778,56.644],[12.762,56.643],[12.747,56.644],[12.732,56.647],[12.68,56.68],[12.67,56.692],[12.664,56.714],[12.649,56.725],[12.631,56.734],[12.616,56.75],[12.595,56.788],[12.6,56.81],[12.598,56.821],[12.534,56.846],[12.53,56.85],[12.529,56.854],[12.529,56.857],[12.527,56.86],[12.521,56.862],[12.504,56.865],[12.499,56.867],[12.48,56.886],[12.47,56.892],[12.437,56.896],[12.412,56.906],[12.375,56.912],[12.357,56.924],[12.345,56.941],[12.342,56.963],[12.344,56.968],[12.353,56.977],[12.355,56.98],[12.354,56.986],[12.35,56.995],[12.349,57.001],[12.347,57.006],[12.341,57.014],[12.333,57.021],[12.302,57.029],[12.271,57.043],[12.247,57.061],[12.245,57.079],[12.238,57.081],[12.219,57.093],[12.238,57.108],[12.233,57.121],[12.204,57.148],[12.201,57.156],[12.198,57.176],[12.197,57.185],[12.191,57.185],[12.161,57.184],[12.149,57.188],[12.181,57.204],[12.191,57.213],[12.181,57.216],[12.158,57.217],[12.138,57.22],[12.12,57.226],[12.101,57.237],[12.129,57.237],[12.143,57.239],[12.156,57.243],[12.142,57.248],[12.127,57.25],[12.095,57.25],[12.095,57.257],[12.105,57.263],[12.112,57.27],[12.12,57.275],[12.143,57.28],[12.147,57.285],[12.147,57.292],[12.143,57.298],[12.144,57.31],[12.137,57.319],[12.126,57.327],[12.115,57.332],[12.113,57.335],[12.109,57.34],[12.105,57.344],[12.098,57.347],[12.09,57.345],[12.074,57.34],[12.067,57.34],[12.05,57.351],[12.064,57.364],[12.09,57.378],[12.109,57.394],[12.06,57.394],[12.083,57.402],[12.092,57.411],[12.09,57.423],[12.059,57.459],[12.053,57.463],[12.044,57.462],[12.037,57.457],[12.03,57.452],[12.023,57.449],[12.007,57.434],[11.993,57.366],[11.979,57.347],[11.972,57.364],[11.95,57.361],[11.934,57.361],[11.945,57.388],[11.934,57.387],[11.923,57.387],[11.913,57.39],[11.903,57.394],[11.915,57.403],[11.914,57.417],[11.907,57.432],[11.903,57.449],[11.907,57.465],[11.916,57.476],[11.93,57.484],[11.945,57.49],[11.928,57.498],[11.91,57.504],[11.917,57.505],[11.931,57.511],[11.91,57.522],[11.903,57.524],[11.918,57.539],[11.913,57.583],[11.956,57.586],[12.069,57.573],[12.146,57.581],[12.302,57.616],[12.332,57.584],[12.334,57.571],[12.335,57.552],[12.332,57.536],[12.331,57.507],[12.331,57.502],[12.332,57.499],[12.337,57.491],[12.36,57.474],[12.391,57.456],[12.407,57.445],[12.415,57.436],[12.417,57.428],[12.416,57.419],[12.411,57.409],[12.397,57.39],[12.393,57.383],[12.395,57.37],[12.403,57.354],[12.434,57.306],[12.447,57.295],[12.458,57.291],[12.484,57.29],[12.499,57.293],[12.515,57.298],[12.526,57.306],[12.536,57.314],[12.543,57.323],[12.551,57.328],[12.595,57.351],[12.606,57.352],[12.644,57.347],[12.674,57.347],[12.688,57.344],[12.702,57.336],[12.748,57.303],[12.77,57.296],[12.784,57.296],[12.811,57.302],[12.82,57.302],[12.827,57.299],[12.835,57.293],[12.846,57.288],[12.864,57.284],[12.944,57.278],[12.951,57.276],[12.954,57.273],[12.954,57.267],[12.953,57.261],[12.95,57.255],[12.931,57.233],[12.929,57.222],[12.938,57.209],[12.953,57.2],[12.981,57.195],[13.019,57.193],[13.027,57.19],[13.036,57.181],[13.047,57.173],[13.056,57.168],[13.117,57.157],[13.1,57.146],[13.095,57.139],[13.09,57.124],[13.09,57.11],[13.094,57.096],[13.101,57.084],[13.122,57.063],[13.138,57.041],[13.143,57.039],[13.152,57.038],[13.163,57.041],[13.172,57.046],[13.18,57.051],[13.196,57.066],[13.205,57.072],[13.224,57.079],[13.23,57.083],[13.234,57.087],[13.237,57.092],[13.239,57.097],[13.244,57.101],[13.253,57.103],[13.27,57.103],[13.395,57.121],[13.412,57.12],[13.427,57.118],[13.455,57.112],[13.488,57.108],[13.496,57.106],[13.505,57.102],[13.517,57.094],[13.555,57.085],[13.576,57.077],[13.592,57.068],[13.601,57.053],[13.601,57.04],[13.602,57.03],[13.607,57.021],[13.64,57.001],[13.694,56.983],[13.698,56.965],[13.693,56.953],[13.677,56.934],[13.657,56.921],[13.641,56.913],[13.622,56.907],[13.539,56.894],[13.5,56.881],[13.486,56.879],[13.419,56.879],[13.403,56.877],[13.369,56.869],[13.352,56.868],[13.346,56.865],[13.341,56.86],[13.328,56.844],[13.321,56.832],[13.318,56.818],[13.32,56.789],[13.315,56.74],[13.316,56.725],[13.316,56.716],[13.314,56.71],[13.308,56.702],[13.311,56.698],[13.334,56.685],[13.352,56.67],[13.419,56.603],[13.438,56.579],[13.449,56.559],[13.456,56.528],[13.456,56.514],[13.455,56.505],[13.452,56.5],[13.452,56.492],[13.453,56.484],[13.456,56.474],[13.472,56.448],[13.501,56.424],[13.452,56.428],[13.421,56.425],[13.391,56.419],[13.32,56.394],[13.296,56.383],[13.275,56.371],[13.257,56.357],[13.231,56.343],[13.208,56.338],[13.193,56.339],[13.18,56.344],[13.169,56.351],[13.155,56.357],[13.017,56.371],[12.985,56.377],[12.979,56.381],[12.976,56.387],[12.976,56.395],[12.98,56.405],[12.986,56.414],[12.988,56.421],[12.988,56.427],[12.985,56.434],[12.981,56.439],[12.976,56.444],[12.93,56.461],[12.911,56.474]]]}},{"type":"Feature","properties":{"name":"Oslo","country":"NO"},"geometry":{"type":"Polygon","coordinates":[[[10.757,59.844],[10.758,59.85],[10.745,59.882],[10.753,59.889],[10.74,59.895],[10.711,59.901],[10.689,59.912],[10.681,59.905],[10.674,59.894],[10.666,59.889],[10.621,59.896],[10.616,59.895],[10.603,59.885],[10.594,59.882],[10.553,59.884],[10.53,59.882],[10.508,59.871],[10.475,59.85],[10.474,59.841],[10.499,59.834],[10.489,59.816],[10.487,59.803],[10.439,59.802],[10.399,59.808],[10.361,59.825],[10.35,59.839],[10.349,59.853],[10.351,59.881],[10.366,59.907],[10.379,59.938],[10.374,59.975],[10.383,59.985],[10.439,60.034],[10.489,60.05],[10.533,60.057],[10.553,60.067],[10.571,60.084],[10.624,60.155],[10.68,60.153],[10.733,60.144],[10.753,60.137],[10.767,60.128],[10.787,60.104],[10.86,60.039],[10.928,59.993],[10.935,59.977],[10.934,59.873],[10.932,59.865],[10.917,59.846],[10.909,59.84],[10.876,59.831],[10.799,59.838],[10.757,59.844]]]}},{"type":"Feature","properties":{"name":"Buskerud","country":"NO"},"geometry":{"type":"Polygon","coordinates":[[[10.487,59.803],[10.485,59.789],[10.486,59.758],[10.491,59.731],[10.502,59.709],[10.519,59.689],[10.54,59.675],[10.563,59.67],[10.583,59.662],[10.599,59.644],[10.611,59.623],[10.615,59.608],[10.593,59.57],[10.543,59.535],[10.484,59.514],[10.437,59.518],[10.424,59.534],[10.422,59.554],[10.429,59.598],[10.427,59.607],[10.415,59.642],[10.412,59.662],[10.409,59.671],[10.403,59.683],[10.398,59.688],[10.374,59.704],[10.371,59.707],[10.361,59.711],[10.354,59.711],[10.352,59.711],[10.347,59.71],[10.332,59.712],[10.297,59.732],[10.267,59.74],[10.239,59.739],[10.224,59.724],[10.238,59.719],[10.257,59.701],[10.269,59.697],[10.283,59.696],[10.279,59.69],[10.166,59.696],[10.129,59.691],[10.071,59.665],[10.053,59.683],[10.033,59.685],[9.949,59.643],[9.93,59.628],[9.928,59.614],[9.932,59.608],[9.942,59.599],[9.988,59.575],[10.026,59.549],[10.064,59.509],[10.066,59.502],[10.066,59.501],[10.066,59.5],[10.049,59.496],[10.019,59.492],[9.785,59.492],[9.777,59.484],[9.774,59.477],[9.783,59.432],[9.682,59.44],[9.635,59.456],[9.624,59.467],[9.595,59.486],[9.573,59.505],[9.559,59.511],[9.549,59.515],[9.493,59.515],[9.48,59.518],[9.477,59.522],[9.477,59.53],[9.484,59.539],[9.498,59.549],[9.505,59.557],[9.502,59.563],[9.478,59.575],[9.466,59.595],[9.446,59.651],[9.423,59.684],[9.405,59.704],[9.384,59.715],[9.369,59.721],[9.357,59.727],[9.352,59.736],[9.349,59.752],[9.35,59.773],[9.357,59.791],[9.36,59.808],[9.307,59.827],[9.26,59.835],[9.203,59.85],[9.207,59.879],[9.201,59.915],[9.184,59.922],[9.179,59.925],[9.179,59.931],[9.183,59.935],[9.18,59.942],[9.17,59.95],[9.138,59.968],[9.117,59.976],[9.021,60.0],[8.997,60.017],[8.982,60.046],[8.959,60.105],[8.933,60.127],[8.92,60.134],[8.843,60.161],[8.806,60.17],[8.409,60.179],[8.377,60.187],[8.276,60.196],[8.22,60.194],[8.171,60.197],[7.889,60.14],[7.823,60.128],[7.71,60.148],[7.624,60.146],[7.468,60.114],[7.482,60.13],[7.554,60.189],[7.613,60.274],[7.658,60.318],[7.667,60.331],[7.669,60.348],[7.663,60.413],[7.666,60.435],[7.679,60.511],[7.676,60.524],[7.669,60.547],[7.615,60.618],[7.606,60.636],[7.589,60.66],[7.566,60.673],[7.478,60.702],[7.585,60.757],[7.623,60.77],[7.651,60.77],[7.669,60.774],[7.679,60.78],[7.685,60.788],[7.69,60.803],[7.737,60.86],[7.773,60.886],[7.874,60.93],[7.929,60.931],[7.949,60.926],[7.985,60.923],[8.037,60.933],[8.078,60.954],[8.122,60.986],[8.146,61.0],[8.16,61.004],[8.176,61.014],[8.194,61.023],[8.198,61.072],[8.261,61.112],[8.28,61.118],[8.34,61.082],[8.387,61.06],[8.459,61.039],[8.569,61.017],[8.605,61.004],[8.612,61.0],[8.614,60.998],[8.618,60.993],[8.621,60.983],[8.627,60.972],[8.632,60.964],[8.663,60.95],[8.742,60.931],[8.893,60.913],[8.971,60.881],[9.215,60.803],[9.281,60.789],[9.301,60.782],[9.312,60.775],[9.322,60.765],[9.326,60.753],[9.321,60.738],[9.319,60.715],[9.395,60.646],[9.408,60.629],[9.41,60.585],[9.443,60.574],[9.477,60.569],[9.582,60.565],[9.606,60.561],[9.62,60.551],[9.629,60.538],[9.638,60.526],[9.658,60.515],[9.749,60.493],[9.831,60.485],[9.828,60.501],[9.806,60.547],[9.803,60.566],[9.808,60.579],[9.821,60.591],[9.843,60.601],[9.925,60.613],[9.935,60.616],[9.946,60.626],[9.947,60.634],[9.942,60.642],[9.932,60.649],[9.937,60.654],[9.943,60.659],[10.044,60.655],[10.079,60.632],[10.093,60.618],[10.106,60.597],[10.144,60.56],[10.168,60.532],[10.181,60.508],[10.216,60.415],[10.225,60.396],[10.237,60.379],[10.306,60.303],[10.332,60.28],[10.379,60.246],[10.398,60.236],[10.556,60.184],[10.624,60.155],[10.571,60.084],[10.553,60.067],[10.533,60.057],[10.489,60.05],[10.439,60.034],[10.383,59.985],[10.374,59.975],[10.379,59.938],[10.366,59.907],[10.351,59.881],[10.349,59.853],[10.35,59.839],[10.361,59.825],[10.399,59.808],[10.439,59.802],[10.487,59.803]]]}},{"type":"Feature","properties":{"name":"Vestfold","country":"NO"},"geometry":{"type":"Polygon","coordinates":[[[10.283,59.696],[10.284,59.696],[10.297,59.692],[10.36,59.673],[10.379,59.658],[10.391,59.638],[10.395,59.611],[10.394,59.586],[10.39,59.558],[10.381,59.535],[10.364,59.526],[10.333,59.533],[10.269,59.559],[10.237,59.56],[10.248,59.543],[10.268,59.525],[10.291,59.511],[10.31,59.505],[10.331,59.495],[10.369,59.455],[10.459,59.441],[10.478,59.43],[10.48,59.412],[10.472,59.394],[10.447,59.365],[10.444,59.349],[10.462,59.336],[10.499,59.32],[10.514,59.303],[10.505,59.293],[10.487,59.284],[10.478,59.268],[10.47,59.248],[10.451,59.249],[10.416,59.265],[10.372,59.274],[10.361,59.271],[10.359,59.265],[10.361,59.245],[10.361,59.238],[10.365,59.226],[10.362,59.219],[10.335,59.215],[10.33,59.21],[10.328,59.202],[10.317,59.18],[10.313,59.159],[10.312,59.14],[10.314,59.128],[10.29,59.135],[10.287,59.115],[10.296,59.085],[10.307,59.06],[10.293,59.07],[10.287,59.084],[10.282,59.1],[10.272,59.114],[10.268,59.095],[10.27,59.048],[10.262,59.039],[10.26,59.05],[10.231,59.114],[10.224,59.114],[10.223,59.101],[10.213,59.078],[10.211,59.067],[10.217,59.059],[10.226,59.05],[10.232,59.04],[10.228,59.029],[10.207,59.016],[10.175,59.005],[10.141,59.0],[10.114,59.005],[10.126,59.015],[10.162,59.028],[10.17,59.035],[10.163,59.052],[10.149,59.052],[10.118,59.039],[10.104,59.035],[10.076,59.021],[10.059,59.018],[10.054,59.023],[10.034,59.031],[10.017,59.034],[10.033,58.993],[10.015,58.973],[9.984,58.961],[9.957,58.957],[9.846,58.956],[9.812,58.963],[9.839,58.972],[9.845,58.989],[9.837,59.009],[9.827,59.018],[9.827,59.019],[9.847,59.037],[9.845,59.076],[9.85,59.089],[9.855,59.108],[9.853,59.122],[9.845,59.136],[9.834,59.151],[9.831,59.162],[9.833,59.169],[9.841,59.177],[9.854,59.184],[9.869,59.191],[9.881,59.199],[9.884,59.204],[9.876,59.219],[9.873,59.241],[9.863,59.263],[9.863,59.267],[9.868,59.281],[9.787,59.337],[9.778,59.349],[9.77,59.369],[9.783,59.432],[9.774,59.477],[9.777,59.484],[9.785,59.492],[10.019,59.492],[10.049,59.496],[10.066,59.5],[10.066,59.501],[10.066,59.502],[10.064,59.509],[10.026,59.549],[9.988,59.575],[9.942,59.599],[9.932,59.608],[9.928,59.614],[9.93,59.628],[9.949,59.643],[10.033,59.685],[10.053,59.683],[10.071,59.665],[10.129,59.691],[10.166,59.696],[10.279,59.69],[10.283,59.696]]]}},{"type":"Feature","properties":{"name":"Telemark","country":"NO"},"geometry":{"type":"Polygon","coordinates":[[[9.827,59.018],[9.82,59.026],[9.782,59.051],[9.766,59.052],[9.758,59.032],[9.749,59.038],[9.724,59.06],[9.719,59.062],[9.712,59.062],[9.706,59.064],[9.704,59.07],[9.704,59.084],[9.704,59.087],[9.688,59.091],[9.685,59.08],[9.686,59.063],[9.683,59.046],[9.669,59.051],[9.661,59.056],[9.649,59.073],[9.645,59.084],[9.645,59.094],[9.641,59.102],[9.628,59.108],[9.64,59.118],[9.64,59.127],[9.631,59.131],[9.601,59.116],[9.539,59.121],[9.559,59.102],[9.621,59.075],[9.635,59.05],[9.654,59.037],[9.694,59.029],[9.727,59.015],[9.724,58.984],[9.718,58.984],[9.715,58.989],[9.709,58.993],[9.704,58.998],[9.696,58.987],[9.685,58.983],[9.656,58.984],[9.656,58.977],[9.668,58.976],[9.678,58.973],[9.685,58.966],[9.69,58.957],[9.663,58.959],[9.594,58.943],[9.594,58.936],[9.598,58.935],[9.608,58.929],[9.576,58.922],[9.47,58.929],[9.509,58.911],[9.524,58.9],[9.511,58.895],[9.472,58.901],[9.456,58.898],[9.45,58.882],[9.428,58.893],[9.399,58.898],[9.374,58.895],[9.36,58.882],[9.382,58.888],[9.394,58.89],[9.402,58.888],[9.404,58.881],[9.399,58.874],[9.391,58.869],[9.384,58.867],[9.339,58.863],[9.319,58.866],[9.299,58.882],[9.294,58.868],[9.271,58.833],[9.283,58.833],[9.303,58.827],[9.312,58.826],[9.323,58.829],[9.354,58.84],[9.38,58.844],[9.403,58.844],[9.426,58.84],[9.45,58.833],[9.436,58.82],[9.388,58.803],[9.367,58.792],[9.388,58.794],[9.409,58.8],[9.409,58.792],[9.392,58.787],[9.387,58.785],[9.257,58.81],[9.226,58.81],[9.213,58.814],[9.207,58.818],[9.204,58.852],[9.202,58.868],[9.197,58.875],[9.191,58.884],[9.157,58.906],[9.031,58.972],[9.025,58.985],[9.014,58.997],[9.015,59.0],[9.016,59.001],[9.016,59.003],[9.015,59.006],[8.991,59.01],[8.901,59.008],[8.847,59.003],[8.84,59.002],[8.838,59.001],[8.837,59.0],[8.826,58.992],[8.816,58.977],[8.811,58.963],[8.83,58.938],[8.834,58.93],[8.832,58.924],[8.822,58.914],[8.805,58.894],[8.804,58.89],[8.805,58.883],[8.807,58.877],[8.806,58.871],[8.802,58.866],[8.793,58.861],[8.784,58.859],[8.761,58.857],[8.732,58.866],[8.685,58.889],[8.625,58.925],[8.601,58.936],[8.579,58.941],[8.55,58.939],[8.528,58.933],[8.493,58.918],[8.476,58.917],[8.454,58.92],[8.424,58.933],[8.41,58.943],[8.395,58.957],[8.383,58.961],[8.37,58.963],[8.332,58.956],[8.268,58.969],[8.205,58.993],[8.187,58.998],[8.168,59.001],[8.15,58.998],[8.13,58.992],[8.126,58.989],[8.128,58.987],[8.135,58.987],[8.14,58.986],[8.142,58.984],[8.142,58.981],[8.136,58.977],[8.119,58.975],[8.092,58.975],[8.034,58.983],[7.972,59.001],[7.968,59.003],[7.842,59.122],[7.814,59.136],[7.784,59.148],[7.771,59.157],[7.763,59.171],[7.76,59.195],[7.765,59.212],[7.777,59.225],[7.789,59.233],[7.789,59.244],[7.779,59.26],[7.726,59.319],[7.661,59.358],[7.635,59.36],[7.623,59.364],[7.61,59.373],[7.595,59.391],[7.577,59.409],[7.535,59.423],[7.527,59.428],[7.529,59.432],[7.538,59.436],[7.567,59.442],[7.583,59.449],[7.598,59.459],[7.615,59.48],[7.62,59.493],[7.614,59.506],[7.59,59.525],[7.548,59.537],[7.538,59.541],[7.53,59.55],[7.519,59.571],[7.518,59.582],[7.518,59.59],[7.546,59.614],[7.51,59.621],[7.5,59.626],[7.486,59.639],[7.474,59.655],[7.469,59.66],[7.462,59.666],[7.453,59.671],[7.439,59.676],[7.425,59.679],[7.399,59.678],[7.387,59.675],[7.38,59.671],[7.38,59.664],[7.375,59.66],[7.365,59.659],[7.339,59.662],[7.325,59.666],[7.308,59.674],[7.298,59.676],[7.267,59.676],[7.244,59.691],[7.144,59.715],[7.128,59.723],[7.113,59.736],[7.108,59.772],[7.092,59.794],[7.149,59.831],[7.154,59.837],[7.16,59.845],[7.159,59.859],[7.16,59.876],[7.158,59.903],[7.163,59.913],[7.175,59.926],[7.222,59.966],[7.242,59.98],[7.262,59.989],[7.348,60.011],[7.391,60.027],[7.427,60.056],[7.468,60.114],[7.624,60.146],[7.71,60.148],[7.823,60.128],[7.889,60.14],[8.171,60.197],[8.22,60.194],[8.276,60.196],[8.377,60.187],[8.409,60.179],[8.806,60.17],[8.843,60.161],[8.92,60.134],[8.933,60.127],[8.959,60.105],[8.982,60.046],[8.997,60.017],[9.021,60.0],[9.117,59.976],[9.138,59.968],[9.17,59.95],[9.18,59.942],[9.183,59.935],[9.179,59.931],[9.179,59.925],[9.184,59.922],[9.201,59.915],[9.207,59.879],[9.203,59.85],[9.26,59.835],[9.307,59.827],[9.36,59.808],[9.357,59.791],[9.35,59.773],[9.349,59.752],[9.352,59.736],[9.357,59.727],[9.369,59.721],[9.384,59.715],[9.405,59.704],[9.423,59.684],[9.446,59.651],[9.466,59.595],[9.478,59.575],[9.502,59.563],[9.505,59.557],[9.498,59.549],[9.484,59.539],[9.477,59.53],[9.477,59.522],[9.48,59.518],[9.493,59.515],[9.549,59.515],[9.559,59.511],[9.573,59.505],[9.595,59.486],[9.624,59.467],[9.635,59.456],[9.682,59.44],[9.783,59.432],[9.77,59.369],[9.778,59.349],[9.787,59.337],[9.868,59.281],[9.863,59.267],[9.863,59.263],[9.873,59.241],[9.876,59.219],[9.884,59.204],[9.881,59.199],[9.869,59.191],[9.854,59.184],[9.841,59.177],[9.833,59.169],[9.831,59.162],[9.834,59.151],[9.845,59.136],[9.853,59.122],[9.855,59.108],[9.85,59.089],[9.845,59.076],[9.847,59.037],[9.827,59.019],[9.827,59.018]]]}},{"type":"Feature","properties":{"name":"Aust-Agder","country":"NO"},"geometry":{"type":"Polygon","coordinates":[[[9.387,58.785],[9.371,58.778],[9.351,58.766],[9.341,58.751],[9.306,58.739],[9.249,58.734],[9.08,58.744],[9.071,58.741],[9.062,58.734],[9.058,58.727],[9.063,58.724],[9.144,58.71],[9.169,58.717],[9.114,58.731],[9.101,58.737],[9.215,58.722],[9.216,58.703],[9.187,58.692],[9.095,58.69],[9.059,58.683],[9.089,58.683],[9.156,58.688],[9.183,58.686],[9.2,58.672],[9.19,58.665],[9.152,58.643],[9.089,58.614],[9.034,58.595],[8.991,58.6],[8.986,58.597],[8.982,58.593],[8.978,58.588],[8.971,58.587],[8.964,58.589],[8.955,58.597],[8.95,58.6],[8.925,58.607],[8.913,58.607],[8.919,58.597],[8.941,58.587],[8.949,58.58],[8.946,58.569],[8.95,58.547],[8.944,58.526],[8.928,58.514],[8.909,58.501],[8.847,58.467],[8.823,58.453],[8.794,58.44],[8.777,58.434],[8.754,58.428],[8.74,58.416],[8.733,58.404],[8.714,58.392],[8.707,58.379],[8.683,58.371],[8.669,58.368],[8.653,58.366],[8.642,58.364],[8.634,58.357],[8.627,58.348],[8.619,58.339],[8.607,58.333],[8.595,58.331],[8.588,58.334],[8.588,58.342],[8.579,58.347],[8.545,58.313],[8.513,58.293],[8.506,58.283],[8.518,58.271],[8.501,58.257],[8.479,58.259],[8.456,58.264],[8.435,58.258],[8.424,58.27],[8.409,58.272],[8.401,58.266],[8.405,58.254],[8.406,58.244],[8.389,58.242],[8.354,58.245],[8.345,58.241],[8.317,58.226],[8.309,58.22],[8.295,58.213],[8.259,58.208],[8.244,58.203],[8.251,58.203],[8.265,58.199],[8.272,58.196],[8.258,58.179],[8.249,58.171],[8.227,58.163],[8.225,58.157],[8.215,58.169],[8.185,58.191],[8.185,58.196],[8.185,58.203],[8.192,58.208],[8.197,58.215],[8.202,58.219],[8.205,58.221],[8.21,58.222],[8.216,58.226],[8.226,58.235],[8.229,58.246],[8.229,58.254],[8.225,58.265],[8.211,58.289],[8.113,58.303],[8.093,58.312],[8.097,58.315],[8.102,58.318],[8.107,58.321],[8.107,58.326],[8.102,58.331],[8.098,58.335],[8.096,58.342],[8.092,58.356],[8.036,58.368],[8.009,58.361],[8.004,58.356],[8.0,58.348],[7.988,58.343],[7.975,58.345],[7.963,58.353],[7.956,58.364],[7.947,58.382],[7.931,58.395],[7.902,58.408],[7.828,58.426],[7.814,58.431],[7.811,58.435],[7.811,58.449],[7.806,58.459],[7.791,58.471],[7.765,58.481],[7.724,58.486],[7.713,58.485],[7.684,58.469],[7.616,58.469],[7.595,58.474],[7.58,58.48],[7.566,58.503],[7.558,58.518],[7.546,58.546],[7.551,58.559],[7.559,58.562],[7.595,58.575],[7.604,58.581],[7.616,58.591],[7.619,58.6],[7.617,58.608],[7.598,58.628],[7.586,58.644],[7.583,58.677],[7.586,58.691],[7.591,58.698],[7.603,58.697],[7.609,58.698],[7.615,58.7],[7.628,58.705],[7.635,58.706],[7.644,58.711],[7.657,58.722],[7.669,58.746],[7.678,58.769],[7.678,58.788],[7.622,58.843],[7.602,58.872],[7.594,58.878],[7.581,58.882],[7.541,58.887],[7.423,58.886],[7.348,58.87],[7.199,58.855],[7.182,58.847],[7.18,58.84],[7.17,58.837],[7.158,58.836],[7.111,58.84],[7.072,58.847],[7.065,58.861],[7.071,58.87],[7.08,58.882],[7.152,58.933],[7.165,58.949],[7.167,58.961],[7.161,58.97],[7.142,58.993],[7.118,59.019],[7.131,59.025],[7.146,59.026],[7.158,59.033],[7.161,59.041],[7.158,59.052],[7.151,59.063],[7.146,59.081],[7.147,59.097],[7.154,59.126],[7.157,59.146],[7.163,59.156],[7.172,59.163],[7.182,59.169],[7.183,59.173],[7.18,59.178],[7.17,59.18],[7.022,59.206],[6.943,59.209],[6.857,59.203],[6.83,59.212],[6.827,59.22],[6.827,59.262],[6.815,59.313],[6.817,59.325],[6.824,59.338],[6.842,59.358],[6.853,59.372],[6.859,59.403],[6.867,59.419],[6.88,59.428],[6.894,59.435],[6.9,59.439],[6.902,59.444],[6.9,59.448],[6.902,59.455],[6.909,59.458],[6.94,59.463],[6.963,59.469],[6.997,59.485],[7.009,59.494],[7.015,59.499],[7.014,59.5],[7.014,59.501],[7.011,59.504],[7.005,59.508],[6.985,59.529],[6.984,59.545],[6.988,59.57],[6.987,59.579],[6.985,59.586],[6.984,59.596],[6.986,59.604],[6.994,59.61],[7.055,59.632],[7.082,59.647],[7.109,59.67],[7.122,59.675],[7.148,59.681],[7.164,59.682],[7.175,59.682],[7.182,59.68],[7.192,59.679],[7.2,59.68],[7.244,59.691],[7.267,59.676],[7.298,59.676],[7.308,59.674],[7.325,59.666],[7.339,59.662],[7.365,59.659],[7.375,59.66],[7.38,59.664],[7.38,59.671],[7.387,59.675],[7.399,59.678],[7.425,59.679],[7.439,59.676],[7.453,59.671],[7.462,59.666],[7.469,59.66],[7.474,59.655],[7.486,59.639],[7.5,59.626],[7.51,59.621],[7.546,59.614],[7.518,59.59],[7.518,59.582],[7.519,59.571],[7.53,59.55],[7.538,59.541],[7.548,59.537],[7.59,59.525],[7.614,59.506],[7.62,59.493],[7.615,59.48],[7.598,59.459],[7.583,59.449],[7.567,59.442],[7.538,59.436],[7.529,59.432],[7.527,59.428],[7.535,59.423],[7.577,59.409],[7.595,59.391],[7.61,59.373],[7.623,59.364],[7.635,59.36],[7.661,59.358],[7.726,59.319],[7.779,59.26],[7.789,59.244],[7.789,59.233],[7.777,59.225],[7.765,59.212],[7.76,59.195],[7.763,59.171],[7.771,59.157],[7.784,59.148],[7.814,59.136],[7.842,59.122],[7.968,59.003],[7.972,59.001],[8.034,58.983],[8.092,58.975],[8.119,58.975],[8.136,58.977],[8.142,58.981],[8.142,58.984],[8.14,58.986],[8.135,58.987],[8.128,58.987],[8.126,58.989],[8.13,58.992],[8.15,58.998],[8.168,59.001],[8.187,58.998],[8.205,58.993],[8.268,58.969],[8.332,58.956],[8.37,58.963],[8.383,58.961],[8.395,58.957],[8.41,58.943],[8.424,58.933],[8.454,58.92],[8.476,58.917],[8.493,58.918],[8.528,58.933],[8.55,58.939],[8.579,58.941],[8.601,58.936],[8.625,58.925],[8.685,58.889],[8.732,58.866],[8.761,58.857],[8.784,58.859],[8.793,58.861],[8.802,58.866],[8.806,58.871],[8.807,58.877],[8.805,58.883],[8.804,58.89],[8.805,58.894],[8.822,58.914],[8.832,58.924],[8.834,58.93],[8.83,58.938],[8.811,58.963],[8.816,58.977],[8.826,58.992],[8.837,59.0],[8.838,59.001],[8.84,59.002],[8.847,59.003],[8.901,59.008],[8.991,59.01],[9.015,59.006],[9.016,59.003],[9.016,59.001],[9.015,59.0],[9.014,58.997],[9.025,58.985],[9.031,58.972],[9.157,58.906],[9.191,58.884],[9.197,58.875],[9.202,58.868],[9.204,58.852],[9.207,58.818],[9.213,58.814],[9.226,58.81],[9.257,58.81],[9.387,58.785]]]}},{"type":"Feature","properties":{"name":"Vest-Agder","country":"NO"},"geometry":{"type":"Polygon","coordinates":[[[8.225,58.157],[8.223,58.152],[8.222,58.14],[8.223,58.135],[8.202,58.123],[8.186,58.133],[8.173,58.146],[8.158,58.145],[8.137,58.115],[8.123,58.102],[8.11,58.103],[8.098,58.108],[8.066,58.11],[8.053,58.113],[8.047,58.117],[8.036,58.13],[8.025,58.141],[8.053,58.148],[8.068,58.154],[8.08,58.162],[8.06,58.177],[8.046,58.204],[8.03,58.225],[8.004,58.223],[8.022,58.203],[8.028,58.183],[8.022,58.164],[8.008,58.145],[7.954,58.125],[7.934,58.109],[7.956,58.093],[7.916,58.082],[7.755,58.07],[7.715,58.061],[7.696,58.059],[7.664,58.067],[7.654,58.065],[7.661,58.045],[7.643,58.046],[7.635,58.048],[7.627,58.052],[7.629,58.031],[7.615,58.022],[7.594,58.026],[7.579,58.045],[7.575,58.032],[7.575,58.026],[7.579,58.017],[7.391,58.017],[7.268,58.036],[7.253,58.044],[7.25,58.059],[7.19,58.042],[7.175,58.031],[7.166,58.046],[7.155,58.05],[7.083,58.037],[7.079,58.033],[7.079,58.028],[7.079,58.025],[7.077,58.02],[7.077,58.013],[7.076,58.007],[7.068,58.004],[7.06,58.003],[7.023,57.995],[7.007,57.993],[6.997,57.997],[7.004,58.011],[6.999,58.031],[7.022,58.043],[7.054,58.053],[7.075,58.062],[7.088,58.071],[7.097,58.068],[7.106,58.062],[7.116,58.059],[7.125,58.063],[7.14,58.086],[7.147,58.093],[7.147,58.1],[7.128,58.098],[7.065,58.078],[7.051,58.069],[7.035,58.062],[6.959,58.045],[6.935,58.045],[6.952,58.058],[6.979,58.089],[6.996,58.1],[6.98,58.105],[6.924,58.065],[6.901,58.052],[6.907,58.064],[6.912,58.075],[6.913,58.086],[6.908,58.1],[6.896,58.096],[6.879,58.084],[6.866,58.08],[6.851,58.08],[6.832,58.084],[6.814,58.091],[6.804,58.1],[6.848,58.115],[6.871,58.119],[6.95,58.121],[6.975,58.127],[6.989,58.141],[6.959,58.14],[6.904,58.131],[6.874,58.135],[6.849,58.148],[6.801,58.179],[6.778,58.182],[6.813,58.128],[6.808,58.121],[6.757,58.116],[6.731,58.12],[6.716,58.135],[6.727,58.145],[6.727,58.157],[6.723,58.172],[6.722,58.189],[6.699,58.136],[6.688,58.121],[6.703,58.12],[6.711,58.115],[6.715,58.108],[6.722,58.1],[6.733,58.094],[6.754,58.087],[6.774,58.074],[6.783,58.07],[6.783,58.065],[6.764,58.059],[6.754,58.058],[6.734,58.064],[6.723,58.066],[6.619,58.068],[6.596,58.076],[6.542,58.108],[6.53,58.121],[6.55,58.123],[6.568,58.132],[6.581,58.146],[6.586,58.165],[6.597,58.176],[6.653,58.178],[6.675,58.182],[6.66,58.188],[6.654,58.189],[6.675,58.207],[6.725,58.222],[6.766,58.246],[6.846,58.271],[6.829,58.275],[6.803,58.27],[6.757,58.254],[6.699,58.225],[6.681,58.223],[6.669,58.231],[6.639,58.264],[6.634,58.275],[6.64,58.294],[6.656,58.303],[6.676,58.302],[6.695,58.292],[6.709,58.313],[6.687,58.327],[6.664,58.324],[6.641,58.316],[6.62,58.319],[6.62,58.265],[6.626,58.245],[6.562,58.243],[6.499,58.263],[6.401,58.272],[6.398,58.273],[6.408,58.28],[6.439,58.293],[6.549,58.317],[6.564,58.321],[6.577,58.327],[6.598,58.339],[6.614,58.352],[6.627,58.367],[6.631,58.384],[6.629,58.401],[6.594,58.503],[6.591,58.52],[6.592,58.532],[6.598,58.549],[6.597,58.559],[6.588,58.588],[6.587,58.6],[6.585,58.611],[6.574,58.62],[6.541,58.628],[6.487,58.624],[6.471,58.632],[6.445,58.658],[6.455,58.667],[6.554,58.687],[6.585,58.7],[6.599,58.708],[6.602,58.722],[6.576,58.745],[6.563,58.76],[6.532,58.774],[6.522,58.78],[6.517,58.786],[6.532,58.809],[6.578,58.864],[6.581,58.876],[6.582,58.893],[6.576,58.904],[6.565,58.915],[6.56,58.923],[6.562,58.931],[6.573,58.941],[6.759,59.052],[6.771,59.062],[6.785,59.08],[6.801,59.093],[6.831,59.109],[6.865,59.124],[6.881,59.135],[6.887,59.149],[6.881,59.161],[6.882,59.169],[6.89,59.178],[6.913,59.188],[6.943,59.209],[7.022,59.206],[7.17,59.18],[7.18,59.178],[7.183,59.173],[7.182,59.169],[7.172,59.163],[7.163,59.156],[7.157,59.146],[7.154,59.126],[7.147,59.097],[7.146,59.081],[7.151,59.063],[7.158,59.052],[7.161,59.041],[7.158,59.033],[7.146,59.026],[7.131,59.025],[7.118,59.019],[7.142,58.993],[7.161,58.97],[7.167,58.961],[7.165,58.949],[7.152,58.933],[7.08,58.882],[7.071,58.87],[7.065,58.861],[7.072,58.847],[7.111,58.84],[7.158,58.836],[7.17,58.837],[7.18,58.84],[7.182,58.847],[7.199,58.855],[7.348,58.87],[7.423,58.886],[7.541,58.887],[7.581,58.882],[7.594,58.878],[7.602,58.872],[7.622,58.843],[7.678,58.788],[7.678,58.769],[7.669,58.746],[7.657,58.722],[7.644,58.711],[7.635,58.706],[7.628,58.705],[7.615,58.7],[7.609,58.698],[7.603,58.697],[7.591,58.698],[7.586,58.691],[7.583,58.677],[7.586,58.644],[7.598,58.628],[7.617,58.608],[7.619,58.6],[7.616,58.591],[7.604,58.581],[7.595,58.575],[7.559,58.562],[7.551,58.559],[7.546,58.546],[7.558,58.518],[7.566,58.503],[7.58,58.48],[7.595,58.474],[7.616,58.469],[7.684,58.469],[7.713,58.485],[7.724,58.486],[7.765,58.481],[7.791,58.471],[7.806,58.459],[7.811,58.449],[7.811,58.435],[7.814,58.431],[7.828,58.426],[7.902,58.408],[7.931,58.395],[7.947,58.382],[7.956,58.364],[7.963,58.353],[7.975,58.345],[7.988,58.343],[8.0,58.348],[8.004,58.356],[8.009,58.361],[8.036,58.368],[8.092,58.356],[8.096,58.342],[8.098,58.335],[8.102,58.331],[8.107,58.326],[8.107,58.321],[8.102,58.318],[8.097,58.315],[8.093,58.312],[8.113,58.303],[8.211,58.289],[8.225,58.265],[8.229,58.254],[8.229,58.246],[8.226,58.235],[8.216,58.226],[8.21,58.222],[8.205,58.221],[8.202,58.219],[8.197,58.215],[8.192,58.208],[8.185,58.203],[8.185,58.196],[8.185,58.191],[8.215,58.169],[8.225,58.157]]]}},{"type":"Feature","properties":{"name":"Rogaland","country":"NO"},"geometry":{"type":"MultiPolygon","coordinates":[[[[6.398,58.273],[6.348,58.286],[6.292,58.309],[6.281,58.313],[6.266,58.314],[6.248,58.318],[6.231,58.323],[6.219,58.33],[6.203,58.336],[6.14,58.34],[6.085,58.36],[6.062,58.375],[6.051,58.38],[6.021,58.382],[6.01,58.385],[6.002,58.39],[5.984,58.406],[5.978,58.414],[5.973,58.424],[5.969,58.437],[5.967,58.448],[5.967,58.459],[5.964,58.468],[5.955,58.477],[5.928,58.484],[5.837,58.481],[5.797,58.489],[5.778,58.521],[5.742,58.527],[5.704,58.521],[5.646,58.549],[5.652,58.563],[5.615,58.593],[5.572,58.628],[5.548,58.667],[5.526,58.694],[5.518,58.714],[5.507,58.73],[5.478,58.755],[5.495,58.766],[5.527,58.784],[5.535,58.799],[5.54,58.816],[5.54,58.834],[5.537,58.854],[5.53,58.869],[5.539,58.875],[5.554,58.878],[5.564,58.882],[5.572,58.894],[5.571,58.9],[5.562,58.905],[5.551,58.916],[5.549,58.921],[5.543,58.935],[5.536,58.946],[5.537,58.956],[5.546,58.955],[5.557,58.947],[5.568,58.943],[5.598,58.916],[5.617,58.907],[5.626,58.926],[5.616,58.936],[5.594,58.95],[5.551,58.971],[5.56,58.978],[5.571,58.982],[5.581,58.982],[5.592,58.977],[5.579,58.989],[5.541,58.985],[5.523,58.991],[5.536,58.999],[5.543,59.01],[5.551,59.039],[5.716,58.977],[5.706,58.952],[5.701,58.919],[5.703,58.888],[5.716,58.867],[5.736,58.929],[5.754,58.934],[5.801,58.932],[5.818,58.936],[5.819,58.942],[5.817,58.96],[5.822,58.963],[5.854,58.965],[5.866,58.963],[5.883,58.959],[5.92,58.945],[5.934,58.936],[5.957,58.913],[5.97,58.904],[6.093,58.847],[6.135,58.84],[6.229,58.84],[6.206,58.849],[6.119,58.854],[6.103,58.86],[6.082,58.871],[6.065,58.885],[6.058,58.902],[6.064,58.914],[6.078,58.928],[6.105,58.95],[6.127,58.962],[6.195,58.984],[6.626,59.053],[6.626,59.06],[6.352,59.033],[6.299,59.015],[6.16,58.998],[6.127,58.984],[6.034,58.905],[5.983,58.952],[5.975,58.963],[5.984,58.984],[6.006,58.991],[6.032,58.993],[6.051,58.998],[6.037,59.003],[6.02,59.02],[6.009,59.026],[5.992,59.025],[5.954,59.016],[5.934,59.018],[5.914,59.028],[5.892,59.045],[5.875,59.066],[5.873,59.087],[5.891,59.104],[5.923,59.114],[6.022,59.126],[6.051,59.135],[6.108,59.142],[6.127,59.148],[6.089,59.153],[6.039,59.147],[6.009,59.149],[6.03,59.176],[6.064,59.207],[6.079,59.217],[6.125,59.234],[6.171,59.261],[6.252,59.277],[6.324,59.315],[6.369,59.321],[6.462,59.32],[6.462,59.327],[6.339,59.327],[6.314,59.323],[6.202,59.277],[6.154,59.268],[6.112,59.275],[6.085,59.307],[6.236,59.313],[6.236,59.32],[6.227,59.33],[6.212,59.34],[6.199,59.352],[6.201,59.344],[6.198,59.335],[6.189,59.327],[6.172,59.321],[6.165,59.328],[6.159,59.337],[6.147,59.34],[6.144,59.338],[6.13,59.323],[6.123,59.32],[6.112,59.318],[6.101,59.319],[6.093,59.32],[6.078,59.325],[6.069,59.332],[6.063,59.342],[6.058,59.354],[6.054,59.335],[6.037,59.328],[6.015,59.329],[5.995,59.334],[5.995,59.34],[6.008,59.346],[6.016,59.355],[6.022,59.365],[6.03,59.375],[6.042,59.384],[6.053,59.391],[6.079,59.402],[6.129,59.417],[6.154,59.427],[6.174,59.444],[6.178,59.44],[6.185,59.433],[6.189,59.43],[6.193,59.438],[6.198,59.446],[6.212,59.46],[6.216,59.468],[6.218,59.489],[6.223,59.498],[6.243,59.511],[6.428,59.551],[6.544,59.56],[6.505,59.571],[6.336,59.554],[6.272,59.528],[6.236,59.526],[6.249,59.541],[6.265,59.556],[6.279,59.572],[6.284,59.591],[6.285,59.61],[6.289,59.629],[6.297,59.645],[6.311,59.656],[6.287,59.649],[6.267,59.626],[6.254,59.596],[6.249,59.57],[6.246,59.562],[6.237,59.55],[6.219,59.529],[6.198,59.511],[6.163,59.468],[6.153,59.459],[6.14,59.45],[6.099,59.433],[6.078,59.419],[6.042,59.405],[6.027,59.402],[6.01,59.408],[5.998,59.428],[5.983,59.43],[5.989,59.416],[5.983,59.414],[5.974,59.41],[5.969,59.408],[5.969,59.402],[5.978,59.4],[5.986,59.396],[5.992,59.389],[5.995,59.381],[5.949,59.36],[5.924,59.356],[5.914,59.372],[5.91,59.382],[5.902,59.389],[5.893,59.395],[5.886,59.402],[5.883,59.415],[5.883,59.425],[5.885,59.435],[5.886,59.447],[5.924,59.446],[6.153,59.477],[6.134,59.49],[6.104,59.493],[6.074,59.489],[6.025,59.474],[5.902,59.479],[5.888,59.482],[5.873,59.488],[5.864,59.494],[5.849,59.509],[5.842,59.511],[5.835,59.516],[5.823,59.534],[5.818,59.539],[5.807,59.539],[5.789,59.529],[5.777,59.526],[5.803,59.495],[5.808,59.48],[5.798,59.463],[5.776,59.451],[5.748,59.446],[5.723,59.451],[5.708,59.471],[5.714,59.447],[5.697,59.429],[5.646,59.408],[5.664,59.407],[5.736,59.43],[5.763,59.432],[5.784,59.429],[5.803,59.42],[5.853,59.385],[5.858,59.375],[5.86,59.351],[5.846,59.347],[5.784,59.343],[5.763,59.348],[5.753,59.336],[5.739,59.335],[5.705,59.34],[5.698,59.338],[5.698,59.333],[5.699,59.326],[5.695,59.32],[5.682,59.313],[5.678,59.31],[5.667,59.305],[5.624,59.292],[5.612,59.293],[5.61,59.306],[5.619,59.317],[5.633,59.325],[5.646,59.327],[5.646,59.334],[5.623,59.355],[5.607,59.39],[5.587,59.416],[5.561,59.409],[5.57,59.407],[5.578,59.403],[5.585,59.395],[5.578,59.376],[5.576,59.333],[5.568,59.316],[5.549,59.3],[5.529,59.286],[5.505,59.278],[5.475,59.279],[5.456,59.288],[5.436,59.308],[5.424,59.331],[5.43,59.351],[5.441,59.37],[5.442,59.392],[5.433,59.405],[5.413,59.395],[5.404,59.379],[5.403,59.359],[5.407,59.316],[5.405,59.304],[5.399,59.297],[5.391,59.295],[5.379,59.299],[5.373,59.307],[5.37,59.318],[5.366,59.34],[5.354,59.355],[5.35,59.366],[5.358,59.387],[5.358,59.4],[5.354,59.411],[5.348,59.416],[5.336,59.415],[5.333,59.411],[5.33,59.358],[5.331,59.354],[5.297,59.345],[5.231,59.424],[5.202,59.43],[5.196,59.444],[5.192,59.463],[5.19,59.48],[5.22,59.483],[5.277,59.494],[5.313,59.501],[5.343,59.513],[5.351,59.513],[5.379,59.512],[5.408,59.516],[5.408,59.51],[5.417,59.505],[5.423,59.507],[5.434,59.515],[5.441,59.518],[5.506,59.533],[5.516,59.539],[5.527,59.554],[5.529,59.558],[5.595,59.562],[5.657,59.578],[5.738,59.588],[5.839,59.587],[5.883,59.597],[5.912,59.609],[5.944,59.617],[5.953,59.615],[5.977,59.608],[5.986,59.608],[6.013,59.615],[6.171,59.616],[6.182,59.623],[6.182,59.655],[6.207,59.684],[6.245,59.72],[6.261,59.743],[6.274,59.769],[6.285,59.781],[6.295,59.787],[6.303,59.788],[6.312,59.787],[6.322,59.79],[6.34,59.802],[6.408,59.82],[6.432,59.833],[6.483,59.85],[6.529,59.859],[6.558,59.86],[6.596,59.857],[6.625,59.859],[6.65,59.854],[6.669,59.846],[6.68,59.832],[6.686,59.815],[6.686,59.797],[6.682,59.782],[6.673,59.768],[6.661,59.754],[6.654,59.742],[6.654,59.729],[6.663,59.722],[6.675,59.717],[6.703,59.713],[6.777,59.729],[6.976,59.792],[7.004,59.798],[7.092,59.794],[7.108,59.772],[7.113,59.736],[7.128,59.723],[7.144,59.715],[7.244,59.691],[7.2,59.68],[7.192,59.679],[7.182,59.68],[7.175,59.682],[7.164,59.682],[7.148,59.681],[7.122,59.675],[7.109,59.67],[7.082,59.647],[7.055,59.632],[6.994,59.61],[6.986,59.604],[6.984,59.596],[6.985,59.586],[6.987,59.579],[6.988,59.57],[6.984,59.545],[6.985,59.529],[7.005,59.508],[7.011,59.504],[7.014,59.501],[7.014,59.5],[7.015,59.499],[7.009,59.494],[6.997,59.485],[6.963,59.469],[6.94,59.463],[6.909,59.458],[6.902,59.455],[6.9,59.448],[6.902,59.444],[6.9,59.439],[6.894,59.435],[6.88,59.428],[6.867,59.419],[6.859,59.403],[6.853,59.372],[6.842,59.358],[6.824,59.338],[6.817,59.325],[6.815,59.313],[6.827,59.262],[6.827,59.22],[6.83,59.212],[6.857,59.203],[6.943,59.209],[6.913,59.188],[6.89,59.178],[6.882,59.169],[6.881,59.161],[6.887,59.149],[6.881,59.135],[6.865,59.124],[6.831,59.109],[6.801,59.093],[6.785,59.08],[6.771,59.062],[6.759,59.052],[6.573,58.941],[6.562,58.931],[6.56,58.923],[6.565,58.915],[6.576,58.904],[6.582,58.893],[6.581,58.876],[6.578,58.864],[6.532,58.809],[6.517,58.786],[6.522,58.78],[6.532,58.774],[6.563,58.76],[6.576,58.745],[6.602,58.722],[6.599,58.708],[6.585,58.7],[6.554,58.687],[6.455,58.667],[6.445,58.658],[6.471,58.632],[6.487,58.624],[6.541,58.628],[6.574,58.62],[6.585,58.611],[6.587,58.6],[6.588,58.588],[6.597,58.559],[6.598,58.549],[6.592,58.532],[6.591,58.52],[6.594,58.503],[6.629,58.401],[6.631,58.384],[6.627,58.367],[6.614,58.352],[6.598,58.339],[6.577,58.327],[6.564,58.321],[6.549,58.317],[6.439,58.293],[6.408,58.28],[6.398,58.273]]],[[[5.277,59.299],[5.279,59.292],[5.295,59.283],[5.314,59.274],[5.318,59.257],[5.317,59.229],[5.302,59.206],[5.297,59.169],[5.263,59.152],[5.236,59.141],[5.209,59.143],[5.188,59.157],[5.179,59.17],[5.166,59.196],[5.164,59.218],[5.173,59.241],[5.172,59.258],[5.173,59.269],[5.165,59.273],[5.179,59.292],[5.228,59.286],[5.183,59.32],[5.174,59.334],[5.175,59.349],[5.185,59.356],[5.199,59.362],[5.208,59.375],[5.189,59.384],[5.18,59.401],[5.186,59.415],[5.208,59.416],[5.245,59.369],[5.254,59.348],[5.263,59.341],[5.273,59.336],[5.28,59.33],[5.287,59.32],[5.284,59.315],[5.279,59.31],[5.277,59.299]]],[[[5.764,59.118],[5.776,59.113],[5.779,59.101],[5.775,59.081],[5.751,59.072],[5.667,59.1],[5.602,59.115],[5.575,59.124],[5.585,59.127],[5.594,59.133],[5.608,59.134],[5.624,59.131],[5.635,59.132],[5.647,59.131],[5.678,59.123],[5.698,59.12],[5.721,59.126],[5.739,59.124],[5.764,59.118]]],[[[5.462,59.211],[5.466,59.205],[5.468,59.197],[5.465,59.183],[5.451,59.163],[5.443,59.159],[5.434,59.161],[5.431,59.165],[5.433,59.167],[5.432,59.171],[5.427,59.175],[5.422,59.178],[5.396,59.188],[5.385,59.195],[5.377,59.207],[5.375,59.219],[5.378,59.227],[5.385,59.234],[5.394,59.24],[5.404,59.242],[5.414,59.241],[5.426,59.236],[5.432,59.233],[5.439,59.23],[5.452,59.222],[5.462,59.211]]],[[[6.016,59.292],[6.073,59.285],[6.1,59.277],[6.092,59.261],[6.056,59.241],[6.004,59.231],[5.958,59.228],[5.93,59.243],[5.933,59.269],[5.952,59.284],[5.988,59.291],[6.016,59.292]]]]}},{"type":"Feature","properties":{"name":"Hordaland","country":"NO"},"geometry":{"type":"MultiPolygon","coordinates":[[[[5.19,59.48],[5.188,59.498],[5.186,59.503],[5.183,59.507],[5.182,59.511],[5.188,59.518],[5.2,59.525],[5.213,59.527],[5.243,59.526],[5.243,59.532],[5.202,59.539],[5.202,59.546],[5.223,59.552],[5.238,59.56],[5.29,59.601],[5.304,59.628],[5.321,59.638],[5.344,59.648],[5.367,59.653],[5.386,59.649],[5.394,59.638],[5.402,59.605],[5.413,59.595],[5.416,59.611],[5.428,59.625],[5.427,59.636],[5.418,59.649],[5.402,59.661],[5.4,59.67],[5.412,59.689],[5.437,59.708],[5.489,59.738],[5.484,59.728],[5.482,59.724],[5.493,59.718],[5.499,59.714],[5.502,59.71],[5.505,59.693],[5.505,59.672],[5.498,59.651],[5.485,59.632],[5.481,59.621],[5.483,59.61],[5.487,59.599],[5.489,59.587],[5.488,59.575],[5.486,59.57],[5.462,59.56],[5.458,59.557],[5.453,59.548],[5.451,59.546],[5.433,59.547],[5.424,59.546],[5.417,59.543],[5.412,59.535],[5.408,59.522],[5.408,59.516],[5.379,59.512],[5.351,59.513],[5.343,59.513],[5.313,59.501],[5.277,59.494],[5.22,59.483],[5.19,59.48]]],[[[5.529,59.558],[5.537,59.577],[5.54,59.598],[5.527,59.608],[5.524,59.618],[5.534,59.641],[5.55,59.664],[5.564,59.677],[5.581,59.679],[5.609,59.672],[5.626,59.67],[5.695,59.67],[5.722,59.663],[5.731,59.648],[5.727,59.627],[5.716,59.608],[5.743,59.608],[5.754,59.61],[5.763,59.615],[5.765,59.62],[5.764,59.639],[5.767,59.646],[5.789,59.656],[5.82,59.659],[5.879,59.656],[5.879,59.677],[5.789,59.66],[5.763,59.662],[5.746,59.675],[5.756,59.688],[5.798,59.71],[5.803,59.717],[5.808,59.724],[5.814,59.729],[5.875,59.735],[5.886,59.738],[5.893,59.746],[5.893,59.755],[5.894,59.762],[5.903,59.765],[5.913,59.762],[5.921,59.756],[5.928,59.749],[5.934,59.745],[5.986,59.736],[6.038,59.745],[6.162,59.797],[6.171,59.803],[6.177,59.806],[6.192,59.806],[6.198,59.809],[6.211,59.824],[6.215,59.828],[6.292,59.84],[6.311,59.854],[6.244,59.844],[6.122,59.805],[6.037,59.765],[6.021,59.76],[6.002,59.759],[5.964,59.76],[5.945,59.766],[5.934,59.779],[5.934,59.795],[5.944,59.801],[5.956,59.806],[5.961,59.817],[5.957,59.841],[5.959,59.85],[5.969,59.861],[5.947,59.855],[5.934,59.842],[5.929,59.823],[5.927,59.803],[5.914,59.791],[5.885,59.781],[5.853,59.774],[5.832,59.772],[5.809,59.778],[5.79,59.789],[5.76,59.817],[5.736,59.829],[5.715,59.832],[5.707,59.838],[5.722,59.861],[5.704,59.851],[5.681,59.842],[5.66,59.84],[5.646,59.854],[5.67,59.856],[5.697,59.862],[5.743,59.882],[5.74,59.91],[5.772,59.931],[5.819,59.944],[5.86,59.951],[5.965,59.957],[5.971,59.959],[5.977,59.967],[5.981,59.975],[5.983,59.981],[5.978,59.985],[5.948,59.998],[6.01,60.057],[6.098,60.092],[6.291,60.122],[6.291,60.129],[6.266,60.128],[6.262,60.138],[6.263,60.152],[6.257,60.163],[6.247,60.161],[6.233,60.155],[6.221,60.146],[6.215,60.139],[6.2,60.125],[6.167,60.115],[6.13,60.109],[6.105,60.107],[6.108,60.134],[6.084,60.169],[6.075,60.198],[6.142,60.215],[6.156,60.227],[6.167,60.242],[6.181,60.259],[6.209,60.277],[6.213,60.286],[6.202,60.3],[6.258,60.308],[6.277,60.313],[6.288,60.32],[6.309,60.338],[6.322,60.341],[6.333,60.343],[6.336,60.346],[6.335,60.35],[6.339,60.355],[6.338,60.355],[6.341,60.359],[6.346,60.364],[6.352,60.368],[6.384,60.377],[6.418,60.382],[6.442,60.389],[6.479,60.42],[6.503,60.431],[6.538,60.434],[6.574,60.432],[6.64,60.416],[6.592,60.364],[6.572,60.331],[6.578,60.307],[6.568,60.294],[6.537,60.272],[6.53,60.262],[6.522,60.186],[6.513,60.153],[6.51,60.135],[6.51,60.11],[6.517,60.081],[6.524,60.081],[6.524,60.135],[6.529,60.164],[6.548,60.183],[6.578,60.225],[6.582,60.238],[6.581,60.248],[6.572,60.273],[6.596,60.295],[6.63,60.358],[6.654,60.382],[6.671,60.391],[6.701,60.399],[6.716,60.41],[6.748,60.446],[6.764,60.458],[6.783,60.467],[6.803,60.473],[6.942,60.492],[7.032,60.478],[7.079,60.479],[7.106,60.506],[6.901,60.506],[6.901,60.512],[6.908,60.513],[6.918,60.515],[6.925,60.518],[6.928,60.522],[6.933,60.533],[6.942,60.537],[6.953,60.537],[6.963,60.539],[7.017,60.588],[6.988,60.59],[6.95,60.575],[6.913,60.553],[6.888,60.533],[6.856,60.503],[6.84,60.496],[6.772,60.485],[6.736,60.471],[6.675,60.437],[6.656,60.433],[6.63,60.431],[6.606,60.434],[6.592,60.444],[6.602,60.465],[6.674,60.501],[6.695,60.519],[6.648,60.513],[6.562,60.463],[6.513,60.451],[6.483,60.447],[6.428,60.434],[6.397,60.431],[6.371,60.425],[6.32,60.397],[6.297,60.389],[6.271,60.39],[6.246,60.398],[6.225,60.412],[6.208,60.431],[6.195,60.464],[6.189,60.471],[6.178,60.471],[6.176,60.462],[6.179,60.449],[6.185,60.44],[6.192,60.433],[6.212,60.406],[6.232,60.395],[6.241,60.388],[6.239,60.379],[6.225,60.374],[6.192,60.383],[6.165,60.374],[6.133,60.373],[6.119,60.368],[6.134,60.362],[6.189,60.355],[6.18,60.34],[6.151,60.321],[6.14,60.307],[6.148,60.296],[6.154,60.291],[6.161,60.286],[6.152,60.268],[6.14,60.254],[6.125,60.247],[6.105,60.245],[6.084,60.251],[6.037,60.27],[6.017,60.273],[5.996,60.265],[5.986,60.251],[5.978,60.233],[5.969,60.217],[5.934,60.191],[5.915,60.169],[5.907,60.163],[5.89,60.16],[5.874,60.163],[5.861,60.163],[5.852,60.15],[5.853,60.137],[5.873,60.088],[5.873,60.051],[5.856,60.024],[5.825,60.008],[5.784,60.005],[5.787,60.012],[5.791,60.019],[5.772,60.023],[5.756,59.991],[5.739,59.995],[5.706,60.009],[5.701,60.016],[5.699,60.024],[5.695,60.031],[5.688,60.036],[5.681,60.04],[5.689,60.061],[5.699,60.067],[5.736,60.06],[5.756,60.06],[5.776,60.066],[5.79,60.077],[5.798,60.094],[5.757,60.094],[5.751,60.092],[5.747,60.088],[5.742,60.083],[5.732,60.081],[5.721,60.084],[5.715,60.091],[5.71,60.098],[5.7,60.104],[5.708,60.11],[5.726,60.118],[5.729,60.132],[5.706,60.16],[5.708,60.176],[5.725,60.187],[5.791,60.204],[5.791,60.211],[5.758,60.21],[5.719,60.203],[5.681,60.191],[5.654,60.176],[5.652,60.172],[5.651,60.156],[5.646,60.15],[5.638,60.148],[5.617,60.15],[5.593,60.139],[5.573,60.141],[5.554,60.151],[5.544,60.163],[5.56,60.167],[5.574,60.177],[5.578,60.188],[5.564,60.197],[5.564,60.204],[5.6,60.206],[5.67,60.227],[5.708,60.232],[5.708,60.238],[5.625,60.237],[5.598,60.232],[5.627,60.253],[5.638,60.264],[5.633,60.273],[5.615,60.272],[5.601,60.261],[5.588,60.247],[5.572,60.238],[5.575,60.256],[5.587,60.265],[5.6,60.27],[5.606,60.276],[5.611,60.284],[5.638,60.314],[5.646,60.321],[5.647,60.327],[5.653,60.337],[5.66,60.348],[5.667,60.355],[5.684,60.362],[5.719,60.37],[5.732,60.379],[5.737,60.392],[5.718,60.389],[5.696,60.381],[5.688,60.376],[5.673,60.373],[5.66,60.366],[5.65,60.358],[5.64,60.348],[5.638,60.353],[5.634,60.362],[5.633,60.368],[5.617,60.354],[5.599,60.333],[5.584,60.31],[5.578,60.289],[5.568,60.282],[5.53,60.23],[5.527,60.217],[5.516,60.213],[5.475,60.187],[5.439,60.172],[5.427,60.163],[5.422,60.152],[5.417,60.139],[5.41,60.131],[5.387,60.145],[5.352,60.156],[5.366,60.161],[5.372,60.163],[5.372,60.17],[5.32,60.182],[5.304,60.191],[5.313,60.2],[5.325,60.205],[5.352,60.211],[5.352,60.217],[5.321,60.222],[5.251,60.208],[5.223,60.211],[5.297,60.249],[5.31,60.266],[5.277,60.265],[5.171,60.279],[5.162,60.284],[5.162,60.295],[5.165,60.308],[5.171,60.317],[5.181,60.322],[5.197,60.323],[5.228,60.321],[5.212,60.333],[5.199,60.338],[5.158,60.342],[5.147,60.344],[5.141,60.351],[5.146,60.368],[5.178,60.389],[5.266,60.387],[5.298,60.396],[5.283,60.401],[5.25,60.431],[5.259,60.447],[5.263,60.451],[5.237,60.474],[5.238,60.489],[5.28,60.522],[5.306,60.528],[5.336,60.514],[5.365,60.495],[5.386,60.485],[5.397,60.481],[5.449,60.446],[5.476,60.435],[5.528,60.421],[5.573,60.415],[5.618,60.417],[5.654,60.431],[5.65,60.448],[5.667,60.456],[5.691,60.462],[5.708,60.471],[5.714,60.484],[5.714,60.499],[5.708,60.533],[5.707,60.563],[5.711,60.603],[5.721,60.639],[5.743,60.657],[5.723,60.668],[5.726,60.686],[5.739,60.705],[5.75,60.718],[5.728,60.706],[5.708,60.703],[5.664,60.704],[5.662,60.711],[5.671,60.727],[5.685,60.744],[5.695,60.752],[5.676,60.758],[5.661,60.745],[5.648,60.727],[5.63,60.718],[5.62,60.715],[5.601,60.702],[5.592,60.698],[5.578,60.696],[5.534,60.698],[5.523,60.687],[5.536,60.64],[5.527,60.629],[5.505,60.627],[5.443,60.615],[5.372,60.58],[5.3,60.561],[5.275,60.559],[5.25,60.563],[5.223,60.574],[5.189,60.594],[5.16,60.615],[5.098,60.649],[5.085,60.663],[5.123,60.66],[5.157,60.649],[5.223,60.615],[5.228,60.621],[5.162,60.67],[5.085,60.711],[5.101,60.712],[5.146,60.704],[5.126,60.724],[5.095,60.729],[5.061,60.731],[5.033,60.742],[4.985,60.78],[4.958,60.794],[4.927,60.8],[4.952,60.809],[4.981,60.809],[5.01,60.802],[5.056,60.779],[5.109,60.774],[5.149,60.751],[5.177,60.742],[5.28,60.722],[5.304,60.712],[5.304,60.698],[5.31,60.676],[5.326,60.656],[5.348,60.64],[5.372,60.636],[5.364,60.64],[5.357,60.645],[5.353,60.653],[5.352,60.663],[5.373,60.654],[5.412,60.633],[5.434,60.629],[5.418,60.643],[5.391,60.66],[5.371,60.674],[5.379,60.684],[5.394,60.681],[5.426,60.663],[5.434,60.663],[5.431,60.674],[5.42,60.681],[5.41,60.689],[5.413,60.704],[5.381,60.713],[5.372,60.718],[5.368,60.725],[5.365,60.734],[5.363,60.742],[5.355,60.745],[5.31,60.745],[5.284,60.748],[5.257,60.76],[5.247,60.761],[5.239,60.764],[5.236,60.776],[5.239,60.78],[5.263,60.793],[5.284,60.8],[5.329,60.806],[5.352,60.813],[5.338,60.84],[5.356,60.853],[5.431,60.869],[5.448,60.868],[5.465,60.864],[5.482,60.862],[5.497,60.863],[5.511,60.866],[5.537,60.876],[5.507,60.877],[5.48,60.885],[5.471,60.896],[5.496,60.91],[5.472,60.907],[5.4,60.882],[5.348,60.878],[5.327,60.868],[5.318,60.844],[5.293,60.823],[5.24,60.817],[5.188,60.828],[5.168,60.855],[5.164,60.831],[5.149,60.815],[5.131,60.812],[5.118,60.827],[5.133,60.835],[5.114,60.838],[5.105,60.837],[5.112,60.847],[5.141,60.886],[5.164,60.924],[5.201,60.938],[5.269,60.956],[5.281,60.956],[5.303,60.954],[5.36,60.937],[5.426,60.938],[5.504,60.95],[5.529,60.957],[5.572,60.974],[5.63,60.991],[5.705,60.977],[5.733,60.977],[5.757,60.989],[5.778,60.993],[5.795,60.992],[5.864,60.975],[6.002,61.032],[6.013,61.033],[6.027,61.033],[6.038,61.032],[6.049,61.029],[6.057,61.025],[6.063,61.02],[6.069,61.015],[6.076,61.01],[6.083,61.006],[6.108,60.997],[6.117,60.992],[6.122,60.988],[6.125,60.977],[6.128,60.955],[6.136,60.95],[6.198,60.934],[6.27,60.918],[6.285,60.918],[6.304,60.92],[6.34,60.933],[6.491,60.96],[6.499,60.959],[6.502,60.956],[6.503,60.954],[6.502,60.95],[6.492,60.94],[6.495,60.934],[6.504,60.928],[6.533,60.922],[6.557,60.923],[6.58,60.928],[6.62,60.946],[6.632,60.955],[6.646,60.967],[6.654,60.972],[6.668,60.976],[6.678,60.976],[6.696,60.968],[6.732,60.958],[6.744,60.942],[6.811,60.943],[6.818,60.938],[6.824,60.932],[6.817,60.926],[6.744,60.897],[6.73,60.89],[6.718,60.882],[6.717,60.875],[6.723,60.869],[6.734,60.864],[6.751,60.86],[6.849,60.85],[6.864,60.845],[6.87,60.84],[6.87,60.832],[6.868,60.823],[6.861,60.806],[6.861,60.8],[6.868,60.798],[6.942,60.798],[6.959,60.794],[6.967,60.789],[6.974,60.781],[6.977,60.773],[6.984,60.749],[7.478,60.702],[7.566,60.673],[7.589,60.66],[7.606,60.636],[7.615,60.618],[7.669,60.547],[7.676,60.524],[7.679,60.511],[7.666,60.435],[7.663,60.413],[7.669,60.348],[7.667,60.331],[7.658,60.318],[7.613,60.274],[7.554,60.189],[7.482,60.13],[7.468,60.114],[7.427,60.056],[7.391,60.027],[7.348,60.011],[7.262,59.989],[7.242,59.98],[7.222,59.966],[7.175,59.926],[7.163,59.913],[7.158,59.903],[7.16,59.876],[7.159,59.859],[7.16,59.845],[7.154,59.837],[7.149,59.831],[7.092,59.794],[7.004,59.798],[6.976,59.792],[6.777,59.729],[6.703,59.713],[6.675,59.717],[6.663,59.722],[6.654,59.729],[6.654,59.742],[6.661,59.754],[6.673,59.768],[6.682,59.782],[6.686,59.797],[6.686,59.815],[6.68,59.832],[6.669,59.846],[6.65,59.854],[6.625,59.859],[6.596,59.857],[6.558,59.86],[6.529,59.859],[6.483,59.85],[6.432,59.833],[6.408,59.82],[6.34,59.802],[6.322,59.79],[6.312,59.787],[6.303,59.788],[6.295,59.787],[6.285,59.781],[6.274,59.769],[6.261,59.743],[6.245,59.72],[6.207,59.684],[6.182,59.655],[6.182,59.623],[6.171,59.616],[6.013,59.615],[5.986,59.608],[5.977,59.608],[5.953,59.615],[5.944,59.617],[5.912,59.609],[5.883,59.597],[5.839,59.587],[5.738,59.588],[5.657,59.578],[5.595,59.562],[5.529,59.558]]],[[[5.307,59.759],[5.318,59.752],[5.334,59.721],[5.345,59.71],[5.31,59.69],[5.291,59.684],[5.27,59.683],[5.27,59.69],[5.281,59.691],[5.31,59.703],[5.302,59.718],[5.298,59.736],[5.289,59.75],[5.27,59.752],[5.273,59.735],[5.261,59.734],[5.241,59.742],[5.226,59.755],[5.221,59.755],[5.211,59.753],[5.201,59.749],[5.194,59.745],[5.19,59.736],[5.19,59.73],[5.193,59.723],[5.194,59.714],[5.188,59.703],[5.16,59.682],[5.154,59.67],[5.16,59.655],[5.175,59.662],[5.193,59.676],[5.208,59.683],[5.192,59.663],[5.188,59.656],[5.19,59.647],[5.197,59.641],[5.202,59.633],[5.194,59.621],[5.202,59.615],[5.194,59.607],[5.186,59.602],[5.177,59.597],[5.155,59.592],[5.153,59.592],[5.153,59.595],[5.146,59.601],[5.136,59.609],[5.124,59.621],[5.115,59.636],[5.112,59.652],[5.117,59.686],[5.131,59.712],[5.155,59.735],[5.188,59.759],[5.145,59.758],[5.125,59.762],[5.118,59.779],[5.105,59.768],[5.09,59.762],[5.076,59.766],[5.071,59.783],[5.076,59.795],[5.087,59.801],[5.097,59.809],[5.099,59.828],[5.103,59.825],[5.114,59.822],[5.118,59.82],[5.122,59.828],[5.128,59.832],[5.137,59.831],[5.146,59.828],[5.139,59.841],[5.105,59.868],[5.116,59.873],[5.128,59.875],[5.154,59.875],[5.16,59.86],[5.168,59.85],[5.194,59.834],[5.204,59.831],[5.213,59.83],[5.22,59.827],[5.223,59.817],[5.227,59.807],[5.238,59.806],[5.25,59.806],[5.26,59.803],[5.28,59.778],[5.293,59.764],[5.307,59.759]]],[[[5.489,59.861],[5.491,59.852],[5.492,59.824],[5.498,59.803],[5.482,59.788],[5.422,59.759],[5.39,59.759],[5.363,59.764],[5.358,59.772],[5.37,59.775],[5.386,59.772],[5.4,59.771],[5.407,59.779],[5.402,59.787],[5.39,59.792],[5.378,59.793],[5.372,59.79],[5.366,59.781],[5.352,59.778],[5.336,59.779],[5.325,59.783],[5.314,59.789],[5.31,59.795],[5.304,59.813],[5.285,59.848],[5.273,59.862],[5.256,59.875],[5.262,59.885],[5.262,59.895],[5.258,59.903],[5.25,59.909],[5.288,59.938],[5.298,59.951],[5.28,59.957],[5.275,59.96],[5.283,59.967],[5.295,59.974],[5.304,59.978],[5.314,59.978],[5.326,59.977],[5.338,59.972],[5.345,59.964],[5.388,59.958],[5.421,59.938],[5.446,59.911],[5.468,59.882],[5.489,59.861]]],[[[5.619,60.074],[5.647,60.08],[5.657,60.079],[5.66,60.066],[5.66,60.017],[5.653,60.001],[5.605,59.962],[5.606,59.95],[5.622,59.938],[5.64,59.916],[5.622,59.911],[5.592,59.923],[5.572,59.923],[5.528,59.902],[5.508,59.899],[5.489,59.916],[5.482,59.954],[5.477,59.963],[5.466,59.961],[5.457,59.955],[5.454,59.951],[5.433,59.952],[5.41,59.958],[5.389,59.966],[5.372,59.978],[5.362,59.995],[5.375,60.002],[5.449,60.005],[5.454,60.01],[5.444,60.022],[5.44,60.032],[5.444,60.041],[5.453,60.048],[5.462,60.053],[5.468,60.052],[5.476,60.049],[5.484,60.046],[5.492,60.05],[5.497,60.053],[5.509,60.059],[5.513,60.06],[5.578,60.066],[5.583,60.065],[5.589,60.062],[5.595,60.06],[5.602,60.063],[5.606,60.069],[5.608,60.072],[5.611,60.073],[5.619,60.074]]],[[[5.112,60.2],[5.103,60.191],[5.084,60.189],[5.066,60.191],[5.057,60.194],[5.054,60.209],[5.047,60.224],[5.036,60.238],[5.023,60.245],[5.017,60.221],[4.993,60.225],[4.965,60.243],[4.948,60.259],[4.939,60.275],[4.936,60.285],[4.941,60.291],[4.992,60.297],[5.008,60.296],[5.023,60.286],[5.037,60.313],[5.02,60.308],[5.007,60.313],[4.994,60.322],[4.978,60.327],[4.971,60.333],[4.965,60.359],[4.961,60.368],[4.972,60.384],[4.968,60.392],[4.96,60.398],[4.955,60.406],[4.945,60.43],[4.949,60.439],[4.968,60.444],[4.977,60.441],[4.982,60.437],[5.002,60.4],[5.071,60.348],[5.094,60.32],[5.098,60.298],[5.083,60.285],[5.05,60.286],[5.058,60.275],[5.086,60.261],[5.099,60.251],[5.104,60.242],[5.108,60.229],[5.111,60.215],[5.112,60.2]]],[[[4.978,60.524],[4.961,60.56],[4.971,60.554],[4.976,60.554],[4.982,60.553],[5.026,60.523],[5.15,60.501],[5.194,60.471],[5.205,60.449],[5.204,60.432],[5.192,60.419],[5.14,60.402],[5.125,60.402],[5.118,60.413],[5.116,60.428],[5.119,60.435],[5.133,60.444],[5.079,60.456],[5.064,60.465],[5.071,60.469],[5.074,60.47],[5.078,60.471],[5.078,60.478],[5.063,60.477],[5.059,60.483],[5.058,60.492],[5.054,60.502],[5.044,60.506],[5.032,60.505],[5.018,60.501],[5.006,60.498],[4.991,60.506],[4.978,60.524]]],[[[5.688,60.677],[5.688,60.612],[5.686,60.596],[5.674,60.547],[5.674,60.529],[5.681,60.482],[5.676,60.473],[5.663,60.47],[5.636,60.471],[5.625,60.467],[5.617,60.458],[5.612,60.448],[5.609,60.444],[5.529,60.435],[5.502,60.437],[5.486,60.444],[5.459,60.467],[5.444,60.471],[5.436,60.477],[5.393,60.512],[5.324,60.547],[5.339,60.552],[5.386,60.553],[5.409,60.558],[5.415,60.562],[5.424,60.571],[5.434,60.578],[5.475,60.594],[5.522,60.606],[5.543,60.617],[5.57,60.625],[5.582,60.632],[5.588,60.642],[5.589,60.666],[5.592,60.677],[5.608,60.688],[5.636,60.693],[5.666,60.689],[5.688,60.677]]],[[[5.29,60.074],[5.298,60.06],[5.3,60.051],[5.299,60.046],[5.299,60.038],[5.297,60.028],[5.279,60.013],[5.278,60.004],[5.269,59.995],[5.254,59.993],[5.246,59.998],[5.245,60.004],[5.24,60.007],[5.231,60.006],[5.218,60.008],[5.204,60.016],[5.199,60.024],[5.201,60.029],[5.198,60.034],[5.174,60.046],[5.172,60.05],[5.173,60.054],[5.18,60.068],[5.197,60.082],[5.204,60.088],[5.207,60.087],[5.207,60.08],[5.211,60.071],[5.217,60.061],[5.22,60.051],[5.224,60.042],[5.232,60.041],[5.24,60.044],[5.242,60.047],[5.24,60.05],[5.242,60.051],[5.247,60.051],[5.241,60.055],[5.229,60.067],[5.223,60.079],[5.221,60.086],[5.218,60.088],[5.215,60.089],[5.205,60.107],[5.205,60.117],[5.218,60.118],[5.222,60.117],[5.23,60.112],[5.248,60.099],[5.254,60.09],[5.25,60.089],[5.252,60.085],[5.26,60.076],[5.263,60.075],[5.266,60.083],[5.273,60.084],[5.279,60.081],[5.29,60.074]]],[[[4.846,60.628],[4.852,60.621],[4.852,60.614],[4.845,60.611],[4.841,60.607],[4.844,60.59],[4.837,60.587],[4.821,60.584],[4.802,60.587],[4.783,60.593],[4.779,60.599],[4.789,60.597],[4.791,60.6],[4.786,60.612],[4.785,60.616],[4.789,60.614],[4.792,60.615],[4.795,60.615],[4.794,60.618],[4.791,60.63],[4.788,60.638],[4.788,60.644],[4.786,60.648],[4.786,60.656],[4.791,60.666],[4.801,60.667],[4.81,60.661],[4.821,60.656],[4.824,60.651],[4.824,60.647],[4.825,60.644],[4.83,60.64],[4.831,60.636],[4.827,60.631],[4.829,60.63],[4.838,60.63],[4.846,60.628]]]]}},{"type":"Feature","properties":{"name":"Sogn og Fjordane","country":"NO"},"geometry":{"type":"MultiPolygon","coordinates":[[[[5.105,60.837],[5.067,60.834],[5.047,60.844],[5.04,60.856],[5.029,60.886],[5.019,60.899],[5.013,60.905],[5.011,60.91],[5.01,60.916],[5.009,60.927],[5.005,60.931],[4.987,60.944],[4.982,60.951],[4.991,60.962],[5.012,60.965],[5.037,60.962],[5.057,60.958],[5.077,60.95],[5.083,60.941],[5.078,60.906],[5.082,60.889],[5.092,60.878],[5.101,60.878],[5.105,60.893],[5.096,60.939],[5.099,60.951],[5.114,60.962],[5.131,60.965],[5.143,60.972],[5.14,60.992],[5.134,60.989],[5.131,60.987],[5.133,60.986],[5.121,60.984],[5.093,60.974],[5.078,60.971],[5.024,60.978],[5.013,60.982],[5.005,60.998],[5.004,61.016],[5.008,61.034],[5.016,61.047],[5.069,61.074],[5.135,61.077],[5.202,61.065],[5.281,61.038],[5.312,61.032],[5.376,61.027],[5.421,61.029],[5.434,61.027],[5.439,61.018],[5.443,61.005],[5.448,60.995],[5.462,60.999],[5.467,61.007],[5.464,61.016],[5.457,61.026],[5.454,61.037],[5.46,61.05],[5.474,61.056],[5.489,61.059],[5.527,61.075],[5.567,61.072],[5.608,61.063],[5.64,61.06],[5.64,61.068],[5.611,61.079],[5.598,61.085],[5.602,61.088],[5.639,61.093],[5.656,61.094],[5.674,61.088],[5.697,61.099],[5.736,61.11],[5.774,61.114],[5.791,61.105],[5.781,61.077],[5.781,61.064],[5.794,61.071],[5.805,61.079],[5.818,61.087],[5.832,61.092],[5.845,61.094],[5.835,61.105],[5.832,61.109],[5.864,61.118],[5.893,61.122],[5.977,61.121],[6.011,61.115],[6.03,61.115],[6.098,61.122],[6.132,61.119],[6.195,61.104],[6.229,61.101],[6.258,61.094],[6.271,61.077],[6.266,61.059],[6.242,61.047],[6.275,61.048],[6.287,61.053],[6.301,61.064],[6.312,61.069],[6.329,61.071],[6.347,61.07],[6.359,61.068],[6.37,61.056],[6.363,61.044],[6.348,61.03],[6.339,61.012],[6.356,61.011],[6.373,61.012],[6.37,61.027],[6.375,61.037],[6.383,61.046],[6.413,61.068],[6.438,61.081],[6.465,61.091],[6.522,61.096],[6.546,61.104],[6.566,61.119],[6.586,61.143],[6.594,61.167],[6.601,61.175],[6.613,61.174],[6.636,61.162],[6.648,61.157],[6.787,61.15],[6.837,61.139],[6.848,61.135],[6.856,61.128],[6.859,61.118],[6.86,61.106],[6.862,61.096],[6.868,61.09],[6.881,61.088],[6.939,61.091],[6.956,61.088],[6.965,61.08],[6.983,61.047],[7.0,61.029],[7.007,61.019],[7.01,61.009],[7.003,61.0],[6.988,60.99],[6.971,60.982],[6.939,60.973],[6.874,60.937],[6.965,60.965],[7.011,60.971],[7.051,60.965],[7.115,60.939],[7.13,60.927],[7.132,60.912],[7.106,60.862],[7.132,60.875],[7.157,60.897],[7.172,60.924],[7.161,60.951],[7.153,60.953],[7.101,60.959],[7.093,60.964],[7.082,60.975],[7.044,61.027],[7.034,61.035],[7.023,61.043],[7.014,61.052],[7.006,61.079],[7.0,61.087],[7.0,61.093],[7.017,61.101],[7.06,61.107],[7.166,61.11],[7.195,61.129],[7.209,61.139],[7.223,61.14],[7.304,61.13],[7.315,61.126],[7.338,61.112],[7.369,61.105],[7.436,61.101],[7.436,61.109],[7.417,61.109],[7.404,61.112],[7.392,61.116],[7.356,61.138],[7.346,61.143],[7.36,61.152],[7.405,61.167],[7.415,61.174],[7.427,61.186],[7.454,61.193],[7.606,61.198],[7.655,61.207],[7.695,61.232],[7.66,61.23],[7.634,61.225],[7.6,61.212],[7.449,61.197],[7.388,61.198],[7.359,61.206],[7.346,61.221],[7.345,61.233],[7.34,61.252],[7.339,61.263],[7.336,61.274],[7.327,61.279],[7.318,61.282],[7.312,61.287],[7.314,61.308],[7.356,61.326],[7.367,61.345],[7.37,61.367],[7.381,61.378],[7.421,61.396],[7.437,61.408],[7.452,61.425],[7.468,61.438],[7.487,61.444],[7.511,61.448],[7.536,61.456],[7.557,61.47],[7.572,61.485],[7.489,61.46],[7.346,61.389],[7.324,61.386],[7.285,61.395],[7.264,61.396],[7.282,61.383],[7.299,61.374],[7.309,61.364],[7.305,61.348],[7.245,61.308],[7.24,61.297],[7.26,61.283],[7.281,61.274],[7.298,61.261],[7.31,61.218],[7.322,61.205],[7.34,61.197],[7.36,61.191],[7.319,61.167],[7.305,61.163],[7.292,61.162],[7.28,61.164],[7.257,61.17],[7.25,61.173],[7.235,61.181],[7.229,61.184],[7.214,61.184],[7.175,61.176],[7.161,61.17],[7.159,61.166],[7.157,61.161],[7.154,61.155],[7.147,61.15],[7.137,61.146],[7.01,61.129],[6.973,61.116],[6.953,61.112],[6.935,61.115],[6.917,61.136],[6.942,61.152],[6.98,61.167],[7.004,61.184],[6.95,61.167],[6.922,61.162],[6.894,61.163],[6.81,61.182],[6.665,61.195],[6.558,61.225],[6.57,61.241],[6.607,61.258],[6.623,61.269],[6.66,61.321],[6.668,61.327],[6.69,61.34],[6.695,61.345],[6.696,61.352],[6.702,61.371],[6.705,61.376],[6.71,61.38],[6.716,61.391],[6.715,61.4],[6.702,61.403],[6.697,61.399],[6.637,61.31],[6.603,61.279],[6.565,61.266],[6.553,61.269],[6.537,61.284],[6.527,61.287],[6.519,61.284],[6.509,61.276],[6.501,61.268],[6.5,61.263],[6.513,61.248],[6.524,61.232],[6.524,61.227],[6.523,61.22],[6.526,61.212],[6.537,61.204],[6.471,61.211],[6.465,61.208],[6.476,61.202],[6.488,61.198],[6.498,61.192],[6.503,61.181],[6.505,61.167],[6.508,61.156],[6.506,61.147],[6.496,61.136],[6.485,61.131],[6.434,61.115],[6.372,61.114],[6.283,61.125],[6.204,61.149],[6.174,61.184],[6.13,61.159],[6.074,61.148],[6.014,61.15],[5.961,61.163],[6.007,61.178],[6.028,61.188],[6.037,61.204],[5.941,61.17],[5.875,61.158],[5.804,61.156],[5.784,61.165],[5.782,61.183],[5.783,61.197],[5.77,61.191],[5.763,61.182],[5.759,61.164],[5.75,61.156],[5.737,61.155],[5.718,61.157],[5.702,61.156],[5.695,61.146],[5.676,61.142],[5.557,61.136],[5.537,61.131],[5.475,61.094],[5.424,61.08],[5.377,61.081],[5.335,61.097],[5.298,61.129],[5.281,61.116],[5.26,61.11],[5.205,61.107],[5.199,61.105],[5.194,61.105],[5.184,61.112],[5.175,61.122],[5.169,61.126],[5.16,61.129],[5.17,61.14],[5.188,61.141],[5.21,61.139],[5.228,61.143],[5.205,61.147],[5.183,61.154],[5.162,61.156],[5.143,61.146],[5.125,61.145],[5.059,61.158],[5.044,61.163],[5.059,61.188],[5.118,61.186],[5.223,61.163],[5.221,61.168],[5.217,61.179],[5.215,61.184],[5.25,61.184],[5.197,61.211],[5.168,61.221],[5.14,61.225],[5.021,61.217],[4.989,61.225],[5.008,61.229],[5.032,61.23],[5.052,61.234],[5.064,61.246],[5.031,61.238],[5.013,61.237],[4.999,61.242],[4.989,61.252],[4.983,61.257],[4.973,61.257],[4.955,61.253],[4.964,61.266],[4.98,61.275],[5.016,61.287],[5.04,61.292],[5.064,61.294],[5.074,61.296],[5.09,61.305],[5.095,61.307],[5.139,61.306],[5.159,61.311],[5.178,61.339],[5.202,61.343],[5.229,61.339],[5.25,61.334],[5.266,61.329],[5.279,61.321],[5.29,61.312],[5.298,61.301],[5.31,61.267],[5.321,61.252],[5.335,61.256],[5.337,61.269],[5.334,61.287],[5.327,61.306],[5.321,61.318],[5.306,61.328],[5.272,61.339],[5.256,61.348],[5.441,61.367],[5.633,61.362],[5.6,61.376],[5.554,61.378],[5.164,61.356],[5.15,61.352],[5.128,61.34],[5.093,61.329],[5.058,61.324],[5.037,61.328],[5.026,61.34],[5.006,61.347],[4.996,61.362],[4.999,61.377],[5.011,61.392],[5.028,61.402],[5.044,61.403],[5.055,61.393],[5.058,61.381],[5.063,61.375],[5.078,61.383],[5.079,61.388],[5.077,61.405],[5.078,61.41],[5.085,61.413],[5.118,61.416],[5.117,61.421],[5.117,61.424],[5.115,61.427],[5.112,61.431],[5.093,61.42],[5.072,61.417],[5.029,61.416],[4.989,61.411],[4.948,61.41],[4.948,61.416],[5.057,61.444],[5.163,61.451],[5.188,61.465],[5.181,61.472],[5.218,61.468],[5.266,61.455],[5.311,61.449],[5.338,61.465],[5.484,61.432],[5.519,61.43],[5.544,61.437],[5.537,61.444],[5.557,61.45],[5.599,61.453],[5.619,61.458],[5.629,61.465],[5.638,61.474],[5.651,61.482],[5.667,61.485],[5.713,61.487],[5.736,61.485],[5.753,61.476],[5.77,61.455],[5.783,61.451],[5.804,61.451],[5.804,61.458],[5.782,61.466],[5.747,61.493],[5.722,61.499],[5.665,61.498],[5.638,61.494],[5.612,61.485],[5.583,61.467],[5.575,61.465],[5.524,61.465],[5.492,61.454],[5.461,61.453],[5.438,61.46],[5.441,61.479],[5.398,61.487],[5.29,61.48],[5.253,61.495],[5.178,61.51],[5.139,61.524],[5.146,61.54],[5.141,61.547],[5.14,61.547],[5.14,61.554],[5.157,61.554],[5.202,61.547],[5.214,61.548],[5.246,61.554],[5.358,61.554],[5.358,61.561],[5.331,61.561],[5.172,61.586],[5.146,61.595],[5.338,61.595],[5.318,61.59],[5.31,61.589],[5.31,61.582],[5.403,61.58],[5.427,61.589],[5.35,61.606],[5.27,61.616],[5.32,61.629],[5.341,61.643],[5.284,61.642],[5.242,61.631],[5.229,61.629],[4.993,61.63],[4.968,61.636],[4.962,61.642],[4.944,61.667],[4.94,61.678],[4.946,61.688],[4.958,61.694],[4.968,61.698],[4.96,61.707],[4.963,61.717],[4.973,61.725],[4.989,61.725],[4.985,61.73],[4.983,61.733],[4.981,61.736],[4.974,61.739],[4.988,61.747],[5.003,61.751],[5.037,61.752],[5.054,61.75],[5.071,61.746],[5.075,61.743],[5.077,61.739],[5.077,61.735],[5.078,61.732],[5.085,61.732],[5.099,61.734],[5.105,61.732],[5.122,61.72],[5.126,61.718],[5.137,61.717],[5.146,61.718],[5.168,61.725],[5.136,61.744],[5.126,61.752],[5.148,61.759],[5.19,61.769],[5.064,61.76],[5.079,61.774],[5.104,61.785],[5.132,61.794],[5.245,61.817],[5.27,61.828],[5.265,61.829],[5.263,61.831],[5.256,61.835],[5.296,61.841],[5.338,61.842],[5.321,61.848],[5.303,61.849],[5.292,61.852],[5.29,61.862],[5.297,61.868],[5.363,61.906],[5.395,61.911],[5.488,61.908],[5.522,61.899],[5.54,61.897],[5.581,61.9],[5.6,61.899],[5.636,61.889],[5.676,61.887],[5.691,61.88],[5.716,61.862],[5.743,61.849],[5.713,61.841],[5.675,61.84],[5.641,61.835],[5.619,61.815],[5.647,61.815],[5.736,61.835],[5.923,61.85],[5.941,61.845],[5.946,61.837],[5.943,61.827],[5.937,61.815],[5.927,61.782],[5.9,61.751],[5.899,61.739],[5.916,61.752],[5.93,61.759],[5.942,61.769],[5.955,61.787],[5.964,61.82],[5.973,61.831],[5.992,61.835],[6.01,61.831],[6.059,61.808],[6.099,61.779],[6.123,61.77],[6.181,61.767],[6.171,61.781],[6.155,61.786],[6.138,61.789],[6.123,61.797],[6.109,61.808],[6.093,61.818],[6.075,61.825],[6.058,61.828],[6.058,61.835],[6.291,61.835],[6.313,61.831],[6.359,61.812],[6.384,61.807],[6.474,61.805],[6.503,61.807],[6.521,61.814],[6.533,61.825],[6.551,61.849],[6.568,61.862],[6.59,61.871],[6.614,61.875],[6.64,61.876],[6.667,61.873],[6.721,61.859],[6.746,61.856],[6.756,61.852],[6.766,61.846],[6.778,61.841],[6.787,61.845],[6.802,61.86],[6.81,61.865],[6.819,61.87],[6.819,61.876],[6.802,61.876],[6.771,61.87],[6.757,61.873],[6.742,61.877],[6.695,61.883],[6.69,61.886],[6.684,61.895],[6.678,61.897],[6.672,61.896],[6.662,61.891],[6.657,61.889],[6.556,61.878],[6.538,61.866],[6.526,61.851],[6.51,61.835],[6.476,61.825],[6.259,61.856],[6.096,61.849],[6.082,61.851],[6.037,61.87],[6.018,61.871],[5.961,61.87],[5.907,61.882],[5.886,61.883],[5.872,61.881],[5.843,61.872],[5.829,61.87],[5.822,61.867],[5.81,61.858],[5.804,61.856],[5.796,61.857],[5.729,61.889],[5.729,61.897],[5.933,61.903],[5.961,61.91],[5.961,61.917],[5.645,61.925],[5.517,61.938],[5.45,61.925],[5.444,61.929],[5.437,61.935],[5.427,61.938],[5.349,61.927],[5.302,61.913],[5.277,61.91],[5.221,61.914],[5.194,61.912],[5.171,61.9],[5.156,61.896],[5.135,61.901],[5.099,61.917],[5.114,61.93],[5.126,61.944],[5.14,61.968],[5.14,61.971],[5.155,61.976],[5.162,61.971],[5.165,61.964],[5.174,61.958],[5.184,61.959],[5.19,61.964],[5.195,61.969],[5.202,61.971],[5.21,61.969],[5.224,61.96],[5.228,61.958],[5.239,61.961],[5.24,61.965],[5.241,61.971],[5.25,61.979],[5.289,61.993],[5.301,62.003],[5.31,62.027],[5.339,62.019],[5.377,62.016],[5.4,62.02],[5.386,62.034],[5.372,62.037],[5.341,62.037],[5.328,62.044],[5.313,62.057],[5.298,62.068],[5.208,62.102],[5.109,62.109],[5.092,62.123],[5.102,62.123],[5.11,62.124],[5.126,62.13],[5.111,62.14],[5.08,62.153],[5.071,62.164],[5.076,62.165],[5.086,62.169],[5.092,62.171],[5.088,62.174],[5.082,62.181],[5.078,62.184],[5.082,62.184],[5.084,62.185],[5.085,62.191],[5.096,62.194],[5.126,62.191],[5.131,62.192],[5.141,62.191],[5.146,62.191],[5.147,62.193],[5.146,62.202],[5.146,62.205],[5.17,62.215],[5.182,62.213],[5.21,62.194],[5.241,62.183],[5.253,62.174],[5.261,62.17],[5.269,62.17],[5.275,62.169],[5.277,62.161],[5.275,62.154],[5.27,62.141],[5.27,62.136],[5.318,62.106],[5.391,62.088],[5.451,62.062],[5.462,62.007],[5.462,61.996],[5.481,61.994],[5.541,61.98],[5.574,61.963],[5.728,61.987],[5.803,61.978],[5.928,62.0],[6.073,61.974],[6.107,61.973],[6.126,61.976],[6.131,61.981],[6.134,61.985],[6.137,61.991],[6.147,62.0],[6.148,62.001],[6.193,62.008],[6.213,62.007],[6.226,62.003],[6.229,62.002],[6.234,61.998],[6.271,61.982],[6.309,61.975],[6.34,61.976],[6.36,61.98],[6.381,61.992],[6.423,62.017],[6.45,62.028],[6.475,62.032],[6.67,62.078],[6.706,62.057],[6.764,61.991],[6.782,61.98],[6.805,61.973],[7.034,62.0],[7.109,62.028],[7.138,62.035],[7.328,62.05],[7.348,62.047],[7.359,62.044],[7.369,62.039],[7.385,62.029],[7.396,62.018],[7.405,62.004],[7.405,61.975],[7.392,61.914],[7.392,61.891],[7.394,61.878],[7.424,61.841],[7.467,61.785],[7.492,61.761],[7.52,61.754],[7.756,61.761],[7.838,61.752],[7.869,61.745],[7.891,61.736],[7.904,61.723],[7.912,61.712],[7.915,61.68],[7.918,61.666],[7.923,61.648],[7.935,61.629],[7.953,61.608],[7.992,61.576],[8.005,61.57],[8.204,61.524],[8.275,61.478],[8.309,61.45],[8.165,61.436],[8.142,61.427],[8.14,61.404],[8.143,61.397],[8.151,61.388],[8.172,61.377],[8.192,61.36],[8.204,61.337],[8.135,61.283],[8.055,61.24],[8.047,61.231],[8.045,61.223],[8.052,61.208],[8.07,61.188],[8.182,61.108],[8.198,61.072],[8.194,61.023],[8.176,61.014],[8.16,61.004],[8.146,61.0],[8.122,60.986],[8.078,60.954],[8.037,60.933],[7.985,60.923],[7.949,60.926],[7.929,60.931],[7.874,60.93],[7.773,60.886],[7.737,60.86],[7.69,60.803],[7.685,60.788],[7.679,60.78],[7.669,60.774],[7.651,60.77],[7.623,60.77],[7.585,60.757],[7.478,60.702],[6.984,60.749],[6.977,60.773],[6.974,60.781],[6.967,60.789],[6.959,60.794],[6.942,60.798],[6.868,60.798],[6.861,60.8],[6.861,60.806],[6.868,60.823],[6.87,60.832],[6.87,60.84],[6.864,60.845],[6.849,60.85],[6.751,60.86],[6.734,60.864],[6.723,60.869],[6.717,60.875],[6.718,60.882],[6.73,60.89],[6.744,60.897],[6.817,60.926],[6.824,60.932],[6.818,60.938],[6.811,60.943],[6.744,60.942],[6.732,60.958],[6.696,60.968],[6.678,60.976],[6.668,60.976],[6.654,60.972],[6.646,60.967],[6.632,60.955],[6.62,60.946],[6.58,60.928],[6.557,60.923],[6.533,60.922],[6.504,60.928],[6.495,60.934],[6.492,60.94],[6.502,60.95],[6.503,60.954],[6.502,60.956],[6.499,60.959],[6.491,60.96],[6.34,60.933],[6.304,60.92],[6.285,60.918],[6.27,60.918],[6.198,60.934],[6.136,60.95],[6.128,60.955],[6.125,60.977],[6.122,60.988],[6.117,60.992],[6.108,60.997],[6.083,61.006],[6.076,61.01],[6.069,61.015],[6.063,61.02],[6.057,61.025],[6.049,61.029],[6.038,61.032],[6.027,61.033],[6.013,61.033],[6.002,61.032],[5.864,60.975],[5.795,60.992],[5.778,60.993],[5.757,60.989],[5.733,60.977],[5.705,60.977],[5.63,60.991],[5.572,60.974],[5.529,60.957],[5.504,60.95],[5.426,60.938],[5.36,60.937],[5.303,60.954],[5.281,60.956],[5.269,60.956],[5.201,60.938],[5.164,60.924],[5.141,60.886],[5.112,60.847],[5.105,60.837]]],[[[4.961,61.177],[4.987,61.12],[4.985,61.105],[4.968,61.092],[4.926,61.076],[4.91,61.064],[4.894,61.056],[4.885,61.07],[4.875,61.09],[4.858,61.101],[4.856,61.096],[4.826,61.079],[4.821,61.078],[4.815,61.069],[4.814,61.062],[4.812,61.054],[4.803,61.047],[4.797,61.063],[4.795,61.083],[4.796,61.118],[4.796,61.126],[4.791,61.137],[4.79,61.146],[4.795,61.154],[4.818,61.155],[4.831,61.163],[4.851,61.129],[4.863,61.122],[4.872,61.136],[4.87,61.15],[4.845,61.197],[4.862,61.203],[4.873,61.195],[4.886,61.163],[4.89,61.145],[4.895,61.137],[4.903,61.14],[4.906,61.146],[4.906,61.155],[4.903,61.163],[4.9,61.17],[4.91,61.169],[4.919,61.171],[4.926,61.173],[4.934,61.177],[4.93,61.181],[4.925,61.186],[4.92,61.191],[4.932,61.192],[4.944,61.19],[4.953,61.185],[4.961,61.177]]],[[[4.865,61.889],[4.91,61.898],[4.953,61.897],[5.223,61.849],[5.205,61.834],[5.177,61.826],[5.118,61.821],[5.132,61.828],[5.139,61.837],[5.138,61.847],[5.126,61.856],[5.091,61.828],[5.053,61.809],[5.013,61.796],[4.916,61.781],[4.89,61.785],[4.872,61.801],[4.871,61.813],[4.881,61.814],[4.9,61.807],[4.907,61.811],[4.914,61.816],[4.927,61.828],[4.898,61.827],[4.829,61.834],[4.803,61.842],[4.822,61.853],[4.846,61.862],[4.865,61.873],[4.865,61.889]]],[[[4.922,60.867],[4.928,60.864],[4.929,60.861],[4.929,60.859],[4.925,60.855],[4.918,60.855],[4.898,60.858],[4.879,60.865],[4.872,60.875],[4.872,60.884],[4.868,60.888],[4.865,60.886],[4.861,60.885],[4.845,60.89],[4.835,60.895],[4.831,60.902],[4.833,60.908],[4.831,60.914],[4.825,60.92],[4.821,60.919],[4.817,60.912],[4.81,60.912],[4.8,60.917],[4.791,60.918],[4.784,60.917],[4.782,60.918],[4.784,60.92],[4.782,60.924],[4.777,60.93],[4.782,60.935],[4.795,60.939],[4.837,60.943],[4.843,60.939],[4.837,60.933],[4.825,60.93],[4.826,60.929],[4.856,60.932],[4.871,60.933],[4.883,60.93],[4.884,60.926],[4.877,60.926],[4.871,60.924],[4.874,60.918],[4.885,60.914],[4.897,60.907],[4.923,60.878],[4.924,60.871],[4.92,60.868],[4.922,60.867]]],[[[4.721,61.04],[4.733,61.035],[4.74,61.028],[4.739,61.014],[4.731,61.0],[4.718,60.991],[4.707,60.989],[4.702,60.994],[4.701,61.002],[4.705,61.01],[4.709,61.02],[4.705,61.019],[4.697,61.008],[4.692,61.002],[4.689,60.999],[4.68,60.997],[4.672,61.003],[4.669,61.014],[4.665,61.019],[4.656,61.02],[4.649,61.026],[4.646,61.036],[4.645,61.046],[4.648,61.052],[4.649,61.055],[4.644,61.058],[4.645,61.06],[4.659,61.066],[4.664,61.068],[4.668,61.068],[4.675,61.073],[4.68,61.08],[4.689,61.082],[4.7,61.082],[4.706,61.076],[4.709,61.067],[4.715,61.06],[4.712,61.055],[4.711,61.048],[4.721,61.04]]],[[[5.12,62.026],[5.134,62.02],[5.152,61.998],[5.149,61.989],[5.139,61.98],[5.13,61.964],[5.128,61.959],[5.123,61.949],[5.113,61.937],[5.095,61.927],[5.075,61.927],[5.041,61.935],[5.034,61.935],[5.021,61.939],[5.016,61.943],[5.016,61.953],[5.025,61.96],[5.037,61.962],[5.044,61.957],[5.048,61.953],[5.056,61.959],[5.054,61.972],[4.998,61.996],[4.986,62.005],[4.984,62.01],[4.984,62.019],[4.986,62.027],[4.985,62.034],[4.993,62.035],[5.01,62.031],[5.068,62.009],[5.08,62.006],[5.086,62.01],[5.089,62.016],[5.102,62.021],[5.12,62.026]]],[[[4.836,61.675],[4.832,61.681],[4.83,61.69],[4.833,61.696],[4.839,61.7],[4.848,61.702],[4.858,61.702],[4.863,61.708],[4.87,61.715],[4.88,61.712],[4.878,61.701],[4.884,61.696],[4.889,61.688],[4.896,61.684],[4.904,61.676],[4.905,61.66],[4.903,61.653],[4.902,61.655],[4.899,61.659],[4.892,61.663],[4.884,61.664],[4.865,61.659],[4.857,61.662],[4.853,61.663],[4.848,61.665],[4.841,61.67],[4.836,61.675]]]]}},{"type":"Feature","properties":{"name":"Møre og Romsdal","country":"NO"},"geometry":{"type":"MultiPolygon","coordinates":[[[[5.462,62.007],[5.468,62.009],[5.481,62.014],[5.496,62.028],[5.528,62.069],[5.531,62.075],[5.536,62.079],[5.551,62.081],[5.561,62.08],[5.58,62.071],[5.592,62.068],[5.565,62.09],[5.42,62.109],[5.4,62.116],[5.391,62.123],[5.392,62.133],[5.414,62.162],[5.421,62.176],[5.431,62.186],[5.454,62.191],[5.479,62.188],[5.524,62.174],[5.622,62.165],[5.64,62.157],[5.648,62.147],[5.654,62.133],[5.662,62.121],[5.693,62.113],[5.75,62.089],[5.73,62.105],[5.696,62.123],[5.668,62.144],[5.667,62.171],[5.685,62.179],[5.715,62.181],[5.77,62.178],[5.786,62.181],[5.839,62.201],[5.857,62.204],[5.882,62.2],[5.905,62.191],[5.921,62.178],[5.926,62.164],[5.925,62.15],[5.921,62.12],[5.907,62.094],[5.853,62.051],[5.845,62.02],[5.909,62.061],[5.937,62.087],[5.955,62.14],[5.971,62.139],[6.044,62.099],[6.055,62.086],[6.051,62.068],[6.089,62.078],[6.125,62.083],[6.208,62.081],[6.367,62.061],[6.367,62.068],[6.089,62.109],[6.076,62.114],[6.049,62.138],[6.04,62.143],[6.027,62.149],[5.983,62.184],[5.929,62.199],[5.921,62.208],[5.926,62.225],[5.94,62.229],[5.957,62.225],[5.997,62.211],[6.017,62.207],[6.064,62.205],[6.05,62.21],[6.03,62.215],[5.992,62.218],[5.983,62.224],[5.975,62.234],[5.965,62.244],[5.948,62.246],[5.978,62.28],[6.028,62.306],[6.083,62.322],[6.133,62.328],[6.247,62.361],[6.311,62.372],[6.339,62.352],[6.343,62.346],[6.373,62.315],[6.393,62.281],[6.413,62.267],[6.46,62.248],[6.482,62.232],[6.551,62.171],[6.561,62.152],[6.557,62.138],[6.53,62.109],[6.592,62.136],[6.581,62.16],[6.495,62.253],[6.418,62.311],[6.398,62.337],[6.39,62.365],[6.4,62.387],[6.434,62.397],[6.48,62.401],[6.5,62.399],[6.524,62.39],[6.534,62.383],[6.565,62.355],[6.562,62.372],[6.562,62.387],[6.559,62.398],[6.544,62.404],[6.544,62.411],[6.564,62.418],[6.649,62.435],[6.689,62.45],[6.709,62.452],[6.723,62.447],[6.748,62.434],[6.879,62.418],[6.881,62.402],[6.873,62.381],[6.874,62.355],[6.886,62.341],[6.979,62.284],[6.989,62.273],[6.996,62.262],[6.999,62.254],[7.008,62.209],[7.005,62.194],[6.996,62.182],[6.943,62.137],[6.939,62.122],[6.956,62.102],[6.988,62.089],[7.021,62.091],[7.1,62.105],[7.125,62.114],[7.14,62.117],[7.153,62.115],[7.188,62.102],[7.15,62.131],[7.03,62.1],[6.979,62.113],[6.973,62.129],[6.987,62.143],[7.027,62.167],[7.037,62.184],[7.038,62.203],[7.026,62.26],[7.028,62.266],[7.038,62.273],[7.051,62.276],[7.113,62.281],[7.209,62.251],[7.233,62.256],[7.253,62.271],[7.281,62.281],[7.311,62.282],[7.336,62.27],[7.352,62.258],[7.373,62.245],[7.396,62.235],[7.415,62.232],[7.415,62.239],[7.373,62.273],[7.332,62.285],[7.322,62.29],[7.293,62.298],[7.161,62.287],[7.021,62.304],[6.957,62.325],[6.914,62.37],[6.946,62.37],[6.961,62.372],[6.976,62.377],[6.852,62.455],[6.84,62.459],[6.819,62.462],[6.777,62.46],[6.756,62.465],[6.774,62.47],[6.791,62.478],[6.69,62.477],[6.484,62.431],[6.398,62.425],[6.359,62.431],[6.343,62.438],[6.319,62.454],[6.305,62.459],[6.285,62.458],[6.264,62.453],[6.243,62.451],[6.223,62.459],[6.25,62.468],[6.339,62.472],[6.415,62.49],[6.431,62.496],[6.454,62.502],[6.533,62.501],[6.571,62.492],[6.675,62.493],[6.675,62.5],[6.652,62.503],[6.614,62.52],[6.567,62.51],[6.476,62.513],[6.476,62.52],[6.543,62.528],[6.565,62.528],[6.533,62.537],[6.263,62.528],[6.267,62.535],[6.268,62.537],[6.266,62.537],[6.263,62.541],[6.271,62.555],[6.264,62.562],[6.254,62.568],[6.249,62.575],[6.255,62.585],[6.266,62.593],[6.291,62.603],[6.32,62.608],[6.537,62.616],[6.56,62.611],[6.583,62.599],[6.601,62.582],[6.606,62.561],[6.613,62.561],[6.622,62.589],[6.622,62.601],[6.613,62.609],[6.622,62.62],[6.632,62.623],[6.641,62.62],[6.647,62.609],[6.687,62.634],[6.73,62.651],[6.756,62.655],[6.777,62.65],[6.882,62.602],[6.901,62.588],[6.902,62.583],[6.898,62.578],[6.9,62.576],[6.918,62.575],[6.923,62.579],[6.921,62.588],[6.914,62.597],[6.908,62.603],[6.915,62.607],[6.928,62.623],[6.916,62.624],[6.905,62.628],[6.896,62.635],[6.888,62.644],[6.932,62.656],[7.092,62.651],[7.084,62.639],[7.07,62.63],[7.054,62.625],[7.038,62.623],[7.052,62.61],[7.096,62.612],[7.106,62.599],[7.11,62.583],[7.125,62.553],[7.127,62.534],[7.133,62.534],[7.137,62.543],[7.151,62.567],[7.154,62.575],[7.15,62.582],[7.136,62.594],[7.133,62.599],[7.157,62.629],[7.172,62.628],[7.209,62.616],[7.315,62.605],[7.365,62.593],[7.43,62.548],[7.489,62.549],[7.517,62.541],[7.528,62.527],[7.534,62.511],[7.543,62.504],[7.562,62.517],[7.567,62.528],[7.568,62.54],[7.573,62.55],[7.589,62.554],[7.778,62.575],[7.745,62.586],[7.505,62.566],[7.463,62.575],[7.442,62.584],[7.423,62.598],[7.413,62.615],[7.418,62.633],[7.444,62.645],[7.477,62.64],[7.5,62.62],[7.497,62.588],[7.52,62.585],[7.532,62.595],[7.533,62.613],[7.51,62.65],[7.511,62.664],[7.523,62.674],[7.571,62.682],[7.617,62.7],[7.836,62.732],[7.948,62.731],[7.996,62.736],[8.019,62.734],[8.042,62.728],[8.127,62.694],[8.148,62.692],[8.129,62.718],[8.065,62.739],[8.045,62.76],[8.054,62.762],[8.062,62.766],[8.069,62.772],[8.073,62.78],[8.049,62.779],[8.001,62.77],[7.909,62.763],[7.864,62.75],[7.646,62.729],[7.525,62.692],[7.489,62.687],[7.385,62.688],[7.36,62.698],[7.393,62.705],[7.404,62.712],[7.394,62.721],[7.367,62.733],[7.403,62.739],[7.471,62.767],[7.681,62.794],[7.657,62.793],[7.609,62.796],[7.45,62.771],[7.415,62.76],[7.395,62.757],[7.352,62.755],[7.312,62.744],[6.97,62.726],[6.949,62.733],[6.961,62.732],[6.971,62.736],[6.98,62.742],[6.983,62.753],[6.979,62.759],[6.96,62.765],[6.956,62.77],[6.962,62.784],[6.977,62.797],[7.01,62.815],[7.06,62.826],[7.216,62.815],[7.192,62.822],[7.155,62.843],[7.133,62.849],[7.017,62.842],[7.004,62.848],[6.956,62.887],[6.948,62.906],[6.929,62.912],[6.88,62.911],[6.891,62.922],[6.91,62.929],[7.0,62.951],[7.076,62.983],[7.108,62.991],[7.172,62.998],[7.238,63.015],[7.271,63.014],[7.298,63.004],[7.343,62.978],[7.37,62.973],[7.421,62.951],[7.426,62.945],[7.442,62.918],[7.501,62.911],[7.56,62.931],[7.616,62.96],[7.668,62.979],[7.69,62.981],[7.776,62.977],[7.78,62.973],[7.776,62.965],[7.768,62.955],[7.748,62.942],[7.668,62.918],[7.694,62.912],[7.832,62.949],[7.846,62.951],[7.881,62.953],[7.899,62.956],[7.939,62.977],[7.974,62.977],[8.075,62.951],[8.087,62.945],[8.093,62.937],[8.096,62.929],[8.101,62.922],[8.113,62.918],[8.114,62.899],[8.124,62.868],[8.139,62.836],[8.154,62.815],[8.19,62.798],[8.278,62.787],[8.319,62.777],[8.415,62.726],[8.449,62.719],[8.481,62.717],[8.513,62.707],[8.538,62.688],[8.545,62.657],[8.567,62.682],[8.565,62.704],[8.544,62.721],[8.455,62.756],[8.377,62.777],[8.331,62.801],[8.246,62.816],[8.184,62.848],[8.172,62.858],[8.168,62.877],[8.171,62.892],[8.179,62.902],[8.192,62.908],[8.21,62.911],[8.198,62.915],[8.186,62.917],[8.175,62.921],[8.165,62.928],[8.16,62.935],[8.154,62.945],[8.148,62.951],[8.129,62.96],[8.087,62.967],[8.001,63.007],[7.997,63.01],[7.988,63.023],[7.983,63.027],[7.972,63.029],[7.961,63.028],[7.951,63.025],[7.943,63.02],[7.954,63.021],[7.961,63.019],[7.965,63.014],[7.97,63.007],[7.948,63.003],[7.914,63.002],[7.885,63.004],[7.877,63.01],[7.893,63.023],[7.931,63.038],[7.949,63.048],[7.981,63.081],[7.997,63.092],[8.017,63.101],[8.04,63.108],[8.064,63.111],[8.087,63.11],[8.102,63.104],[8.121,63.094],[8.134,63.08],[8.128,63.05],[8.142,63.037],[8.16,63.026],[8.175,63.02],[8.247,63.008],[8.268,62.997],[8.286,62.982],[8.295,62.98],[8.313,62.979],[8.322,62.978],[8.33,62.973],[8.336,62.967],[8.34,62.959],[8.309,62.945],[8.319,62.93],[8.336,62.912],[8.329,62.887],[8.329,62.881],[8.345,62.882],[8.374,62.89],[8.389,62.89],[8.403,62.887],[8.488,62.853],[8.523,62.844],[8.539,62.852],[8.524,62.871],[8.454,62.883],[8.429,62.897],[8.451,62.896],[8.574,62.875],[8.594,62.87],[8.606,62.863],[8.624,62.848],[8.635,62.842],[8.651,62.836],[8.686,62.828],[8.703,62.822],[8.62,62.878],[8.596,62.885],[8.521,62.892],[8.499,62.898],[8.48,62.907],[8.423,62.948],[8.416,62.959],[8.644,62.967],[8.669,62.979],[8.64,62.989],[8.575,62.98],[8.545,62.979],[8.522,62.989],[8.534,63.0],[8.586,63.02],[8.554,63.023],[8.488,62.994],[8.394,62.973],[8.374,62.973],[8.37,62.976],[8.359,62.986],[8.353,62.99],[8.345,62.993],[8.319,63.0],[8.355,63.008],[8.435,63.01],[8.47,63.02],[8.435,63.031],[8.305,63.02],[8.262,63.022],[8.239,63.026],[8.223,63.033],[8.222,63.038],[8.222,63.046],[8.224,63.054],[8.229,63.063],[8.225,63.066],[8.219,63.069],[8.216,63.072],[8.203,63.093],[8.178,63.105],[8.165,63.115],[8.188,63.13],[8.22,63.135],[8.242,63.123],[8.263,63.107],[8.291,63.096],[8.29,63.091],[8.287,63.08],[8.285,63.075],[8.307,63.079],[8.319,63.082],[8.326,63.089],[8.325,63.094],[8.318,63.098],[8.314,63.102],[8.319,63.11],[8.304,63.125],[8.283,63.133],[8.236,63.143],[8.236,63.151],[8.544,63.132],[8.641,63.11],[8.624,63.128],[8.576,63.144],[8.566,63.161],[8.579,63.175],[8.609,63.181],[8.85,63.203],[8.81,63.194],[8.805,63.189],[8.808,63.184],[8.849,63.161],[8.859,63.138],[8.901,63.129],[8.948,63.132],[8.999,63.148],[9.037,63.155],[9.145,63.142],[9.206,63.141],[9.218,63.146],[9.221,63.159],[9.215,63.172],[9.214,63.182],[9.22,63.191],[9.238,63.2],[9.279,63.212],[9.329,63.211],[9.415,63.207],[9.467,63.192],[9.474,63.179],[9.476,63.161],[9.477,63.117],[9.48,63.107],[9.487,63.095],[9.486,63.079],[9.483,63.068],[9.49,63.053],[9.52,63.046],[9.541,63.036],[9.565,63.028],[9.581,63.02],[9.556,63.003],[9.471,62.967],[9.45,62.952],[9.442,62.938],[9.445,62.926],[9.451,62.915],[9.453,62.899],[9.452,62.887],[9.416,62.833],[9.369,62.819],[9.303,62.805],[8.948,62.742],[8.936,62.736],[8.932,62.73],[8.941,62.714],[9.168,62.583],[9.183,62.578],[9.231,62.572],[9.238,62.57],[9.245,62.565],[9.245,62.557],[9.239,62.545],[9.224,62.529],[9.209,62.51],[9.198,62.483],[9.194,62.457],[9.18,62.435],[9.167,62.419],[9.091,62.38],[9.021,62.371],[8.968,62.372],[8.852,62.389],[8.649,62.387],[8.409,62.379],[8.299,62.357],[8.173,62.349],[8.154,62.346],[8.145,62.341],[8.133,62.328],[8.085,62.257],[8.072,62.243],[8.048,62.225],[8.022,62.21],[7.971,62.191],[7.905,62.187],[7.84,62.195],[7.806,62.204],[7.787,62.206],[7.763,62.204],[7.743,62.2],[7.728,62.195],[7.708,62.178],[7.679,62.158],[7.631,62.135],[7.612,62.123],[7.611,62.113],[7.619,62.097],[7.611,62.092],[7.596,62.088],[7.57,62.088],[7.552,62.092],[7.522,62.102],[7.498,62.1],[7.464,62.093],[7.377,62.062],[7.328,62.05],[7.138,62.035],[7.109,62.028],[7.034,62.0],[6.805,61.973],[6.782,61.98],[6.764,61.991],[6.706,62.057],[6.67,62.078],[6.475,62.032],[6.45,62.028],[6.423,62.017],[6.381,61.992],[6.36,61.98],[6.34,61.976],[6.309,61.975],[6.271,61.982],[6.234,61.998],[6.229,62.002],[6.226,62.003],[6.213,62.007],[6.193,62.008],[6.148,62.001],[6.147,62.0],[6.137,61.991],[6.134,61.985],[6.131,61.981],[6.126,61.976],[6.107,61.973],[6.073,61.974],[5.928,62.0],[5.803,61.978],[5.728,61.987],[5.574,61.963],[5.541,61.98],[5.481,61.994],[5.462,61.996],[5.462,62.007]]],[[[8.869,63.211],[8.648,63.206],[8.624,63.202],[8.612,63.204],[8.603,63.224],[8.593,63.236],[8.573,63.253],[8.527,63.279],[8.502,63.289],[8.476,63.294],[8.515,63.306],[8.702,63.324],[8.738,63.335],[8.764,63.349],[8.728,63.349],[8.711,63.351],[8.696,63.357],[8.689,63.363],[8.682,63.372],[8.675,63.38],[8.639,63.392],[8.647,63.409],[8.672,63.421],[8.718,63.408],[8.741,63.414],[8.766,63.425],[8.786,63.43],[8.795,63.424],[8.82,63.405],[8.835,63.396],[8.856,63.388],[8.894,63.378],[8.909,63.37],[8.915,63.356],[8.912,63.331],[8.885,63.271],[8.877,63.234],[8.869,63.211]]],[[[5.736,62.281],[5.781,62.281],[5.801,62.277],[5.804,62.267],[5.796,62.264],[5.789,62.259],[5.785,62.252],[5.784,62.243],[5.786,62.239],[5.79,62.234],[5.795,62.231],[5.798,62.232],[5.792,62.219],[5.791,62.215],[5.778,62.207],[5.701,62.191],[5.547,62.193],[5.538,62.195],[5.53,62.198],[5.522,62.205],[5.519,62.213],[5.514,62.22],[5.502,62.226],[5.583,62.218],[5.606,62.226],[5.589,62.232],[5.568,62.236],[5.53,62.239],[5.518,62.243],[5.524,62.251],[5.539,62.258],[5.557,62.26],[5.554,62.263],[5.552,62.267],[5.549,62.27],[5.544,62.273],[5.563,62.291],[5.598,62.297],[5.671,62.294],[5.679,62.296],[5.688,62.3],[5.697,62.302],[5.705,62.297],[5.712,62.291],[5.719,62.285],[5.727,62.282],[5.736,62.281]]],[[[5.989,62.397],[5.993,62.386],[5.995,62.375],[6.0,62.366],[6.013,62.362],[6.027,62.36],[6.066,62.348],[6.079,62.342],[6.068,62.342],[6.057,62.341],[6.037,62.335],[5.874,62.255],[5.811,62.246],[5.818,62.257],[5.841,62.27],[5.852,62.281],[5.846,62.282],[5.837,62.286],[5.832,62.287],[5.841,62.313],[5.829,62.33],[5.811,62.343],[5.804,62.362],[5.816,62.386],[5.837,62.403],[5.862,62.416],[5.886,62.424],[5.917,62.43],[5.944,62.428],[5.968,62.417],[5.989,62.397]]],[[[6.263,62.424],[6.303,62.425],[6.321,62.423],[6.332,62.411],[6.328,62.411],[6.325,62.409],[6.322,62.407],[6.318,62.404],[6.165,62.397],[6.091,62.402],[6.023,62.437],[6.202,62.445],[6.217,62.441],[6.263,62.424]]],[[[6.853,62.746],[6.879,62.743],[6.904,62.733],[6.919,62.717],[6.914,62.698],[6.749,62.676],[6.683,62.657],[6.672,62.656],[6.668,62.661],[6.667,62.67],[6.663,62.675],[6.656,62.677],[6.647,62.678],[6.647,62.684],[6.656,62.686],[6.665,62.688],[6.674,62.693],[6.681,62.698],[6.675,62.717],[6.685,62.73],[6.703,62.736],[6.722,62.733],[6.716,62.725],[6.744,62.723],[6.853,62.746]]],[[[6.832,62.842],[6.86,62.845],[6.894,62.854],[6.924,62.857],[6.942,62.842],[6.942,62.826],[6.896,62.82],[6.88,62.808],[6.889,62.805],[6.899,62.799],[6.904,62.79],[6.901,62.78],[6.887,62.775],[6.869,62.78],[6.84,62.794],[6.784,62.808],[6.77,62.817],[6.772,62.822],[6.785,62.824],[6.804,62.822],[6.785,62.832],[6.777,62.84],[6.778,62.849],[6.79,62.858],[6.806,62.854],[6.832,62.842]]],[[[7.778,63.082],[7.849,63.098],[7.887,63.1],[7.915,63.082],[7.9,63.063],[7.873,63.045],[7.843,63.032],[7.806,63.026],[7.788,63.021],[7.778,63.02],[7.77,63.023],[7.758,63.031],[7.754,63.033],[7.735,63.036],[7.681,63.055],[7.681,63.061],[7.699,63.062],[7.706,63.072],[7.709,63.083],[7.713,63.089],[7.721,63.09],[7.726,63.094],[7.733,63.096],[7.778,63.082]]],[[[7.64,63.055],[7.652,63.052],[7.663,63.042],[7.681,63.02],[7.698,63.01],[7.706,63.007],[7.682,62.997],[7.664,62.993],[7.624,62.99],[7.61,62.983],[7.599,62.975],[7.527,62.946],[7.509,62.943],[7.49,62.945],[7.489,62.947],[7.473,62.962],[7.465,62.965],[7.393,62.98],[7.375,62.987],[7.367,62.997],[7.376,63.006],[7.397,63.013],[7.436,63.02],[7.423,63.028],[7.417,63.036],[7.421,63.043],[7.436,63.048],[7.419,63.053],[7.411,63.055],[7.401,63.055],[7.401,63.061],[7.424,63.061],[7.49,63.068],[7.476,63.055],[7.505,63.054],[7.527,63.047],[7.565,63.02],[7.572,63.027],[7.575,63.036],[7.575,63.044],[7.563,63.051],[7.574,63.057],[7.589,63.063],[7.596,63.065],[7.606,63.078],[7.606,63.09],[7.585,63.117],[7.621,63.118],[7.637,63.116],[7.648,63.11],[7.648,63.093],[7.65,63.081],[7.65,63.069],[7.64,63.055]]],[[[8.113,63.239],[8.133,63.229],[8.156,63.211],[8.171,63.191],[8.168,63.178],[8.182,63.167],[8.188,63.165],[8.188,63.157],[8.02,63.138],[7.977,63.143],[7.928,63.178],[7.938,63.186],[7.99,63.198],[8.047,63.231],[8.078,63.241],[8.113,63.239]]],[[[8.484,63.247],[8.548,63.219],[8.575,63.2],[8.566,63.178],[8.423,63.161],[8.374,63.165],[8.345,63.176],[8.293,63.216],[8.264,63.233],[8.27,63.243],[8.273,63.267],[8.278,63.275],[8.288,63.277],[8.299,63.275],[8.308,63.27],[8.316,63.264],[8.326,63.26],[8.336,63.262],[8.345,63.267],[8.354,63.267],[8.368,63.255],[8.382,63.237],[8.396,63.227],[8.408,63.239],[8.401,63.256],[8.401,63.272],[8.411,63.283],[8.429,63.288],[8.446,63.284],[8.459,63.273],[8.484,63.247]]],[[[7.915,63.343],[7.933,63.346],[7.997,63.343],[7.964,63.353],[7.806,63.371],[7.787,63.383],[7.791,63.404],[7.787,63.406],[7.778,63.411],[7.809,63.423],[7.838,63.429],[7.898,63.431],[7.924,63.437],[7.975,63.465],[8.004,63.473],[8.071,63.473],[8.101,63.464],[8.124,63.426],[8.172,63.406],[8.182,63.39],[8.151,63.36],[8.138,63.351],[8.127,63.348],[8.1,63.343],[8.095,63.339],[8.091,63.331],[8.087,63.329],[8.038,63.329],[8.023,63.326],[7.994,63.316],[7.977,63.315],[7.974,63.326],[7.933,63.335],[7.915,63.343]]],[[[5.636,62.319],[5.614,62.325],[5.603,62.329],[5.61,62.334],[5.63,62.342],[5.654,62.345],[5.673,62.344],[5.68,62.346],[5.679,62.355],[5.685,62.362],[5.697,62.365],[5.716,62.365],[5.72,62.363],[5.721,62.36],[5.73,62.362],[5.742,62.361],[5.742,62.35],[5.735,62.338],[5.734,62.333],[5.739,62.332],[5.729,62.327],[5.699,62.321],[5.675,62.323],[5.669,62.328],[5.667,62.33],[5.66,62.328],[5.654,62.324],[5.65,62.32],[5.636,62.319]]],[[[5.594,62.34],[5.577,62.335],[5.543,62.332],[5.521,62.335],[5.516,62.34],[5.515,62.346],[5.517,62.349],[5.51,62.364],[5.524,62.37],[5.547,62.368],[5.565,62.361],[5.582,62.359],[5.596,62.355],[5.598,62.345],[5.594,62.34]]],[[[8.315,63.181],[8.318,63.178],[8.325,63.171],[8.307,63.167],[8.231,63.16],[8.21,63.161],[8.196,63.167],[8.191,63.175],[8.182,63.201],[8.174,63.209],[8.165,63.213],[8.171,63.22],[8.188,63.225],[8.21,63.227],[8.235,63.222],[8.278,63.2],[8.289,63.197],[8.306,63.188],[8.315,63.181]]]]}},{"type":"Feature","properties":{"name":"Midtjylland","country":"DK"},"geometry":{"type":"MultiPolygon","coordinates":[[[[8.176,55.801],[8.136,55.966],[8.131,55.976],[8.128,55.978],[8.127,55.983],[8.128,55.988],[8.131,55.99],[8.137,55.989],[8.139,55.986],[8.141,55.983],[8.144,55.982],[8.151,55.977],[8.175,55.9],[8.193,55.874],[8.196,55.863],[8.194,55.853],[8.184,55.84],[8.182,55.828],[8.185,55.815],[8.194,55.812],[8.239,55.826],[8.286,55.847],[8.309,55.852],[8.348,55.869],[8.388,55.893],[8.393,55.909],[8.387,55.926],[8.373,55.943],[8.357,55.959],[8.319,55.986],[8.319,56.017],[8.308,56.053],[8.282,56.076],[8.248,56.09],[8.171,56.11],[8.15,56.111],[8.141,56.103],[8.142,56.06],[8.14,56.04],[8.134,56.017],[8.137,56.0],[8.135,55.994],[8.12,55.997],[8.116,56.002],[8.112,56.012],[8.108,56.024],[8.103,56.097],[8.107,56.12],[8.131,56.182],[8.134,56.206],[8.122,56.552],[8.127,56.568],[8.134,56.586],[8.179,56.672],[8.199,56.699],[8.214,56.712],[8.22,56.709],[8.224,56.7],[8.233,56.696],[8.232,56.688],[8.21,56.656],[8.202,56.647],[8.202,56.64],[8.208,56.637],[8.215,56.635],[8.233,56.634],[8.237,56.63],[8.241,56.62],[8.246,56.61],[8.254,56.606],[8.295,56.602],[8.306,56.598],[8.291,56.593],[8.295,56.584],[8.293,56.568],[8.298,56.558],[8.307,56.554],[8.315,56.557],[8.318,56.564],[8.312,56.572],[8.312,56.579],[8.344,56.584],[8.392,56.585],[8.437,56.58],[8.456,56.569],[8.465,56.567],[8.515,56.545],[8.528,56.548],[8.541,56.557],[8.552,56.568],[8.56,56.579],[8.566,56.579],[8.596,56.532],[8.597,56.524],[8.593,56.52],[8.595,56.511],[8.601,56.501],[8.617,56.494],[8.637,56.48],[8.648,56.476],[8.665,56.476],[8.727,56.483],[8.733,56.485],[8.739,56.49],[8.742,56.498],[8.743,56.507],[8.744,56.522],[8.745,56.532],[8.751,56.552],[8.755,56.558],[8.76,56.56],[8.762,56.563],[8.758,56.572],[8.727,56.586],[8.717,56.586],[8.709,56.589],[8.704,56.594],[8.703,56.602],[8.698,56.611],[8.681,56.616],[8.682,56.627],[8.695,56.633],[8.741,56.635],[8.805,56.696],[8.82,56.7],[8.862,56.708],[8.917,56.709],[8.919,56.711],[8.895,56.716],[8.851,56.717],[8.841,56.722],[8.85,56.74],[8.865,56.756],[8.877,56.764],[8.909,56.777],[8.956,56.803],[8.974,56.805],[8.985,56.804],[9.004,56.799],[9.015,56.798],[9.027,56.8],[9.033,56.804],[9.038,56.809],[9.046,56.812],[9.063,56.813],[9.086,56.808],[9.106,56.8],[9.114,56.788],[9.12,56.765],[9.134,56.751],[9.151,56.741],[9.163,56.73],[9.176,56.709],[9.148,56.705],[9.119,56.679],[9.093,56.675],[9.093,56.667],[9.098,56.658],[9.087,56.65],[9.059,56.634],[9.05,56.62],[9.049,56.607],[9.053,56.575],[9.061,56.566],[9.077,56.567],[9.093,56.578],[9.107,56.611],[9.122,56.613],[9.14,56.611],[9.155,56.613],[9.149,56.623],[9.141,56.626],[9.132,56.625],[9.121,56.62],[9.129,56.631],[9.137,56.639],[9.144,56.648],[9.149,56.661],[9.155,56.661],[9.149,56.639],[9.175,56.635],[9.211,56.639],[9.234,56.637],[9.247,56.632],[9.262,56.634],[9.276,56.633],[9.285,56.62],[9.282,56.611],[9.259,56.592],[9.25,56.579],[9.261,56.576],[9.263,56.572],[9.264,56.566],[9.271,56.558],[9.281,56.553],[9.306,56.545],[9.31,56.541],[9.312,56.535],[9.316,56.531],[9.326,56.53],[9.341,56.547],[9.347,56.552],[9.361,56.545],[9.373,56.553],[9.373,56.565],[9.35,56.572],[9.319,56.562],[9.317,56.559],[9.313,56.558],[9.302,56.558],[9.294,56.561],[9.293,56.567],[9.296,56.572],[9.299,56.572],[9.301,56.609],[9.317,56.641],[9.326,56.669],[9.398,56.65],[9.435,56.639],[9.46,56.661],[9.451,56.675],[9.459,56.685],[9.488,56.684],[9.502,56.675],[9.496,56.651],[9.524,56.634],[9.638,56.633],[9.657,56.623],[9.631,56.606],[9.624,56.584],[9.643,56.58],[9.676,56.59],[9.725,56.559],[9.769,56.566],[9.796,56.557],[9.813,56.555],[9.855,56.559],[9.888,56.581],[9.928,56.593],[9.952,56.598],[10.012,56.602],[10.08,56.625],[10.114,56.651],[10.16,56.673],[10.193,56.694],[10.242,56.688],[10.284,56.69],[10.31,56.699],[10.334,56.704],[10.353,56.682],[10.358,56.649],[10.34,56.62],[10.273,56.592],[10.223,56.561],[10.214,56.558],[10.207,56.526],[10.204,56.517],[10.211,56.505],[10.207,56.491],[10.195,56.478],[10.183,56.469],[10.214,56.47],[10.226,56.476],[10.224,56.514],[10.228,56.541],[10.238,56.554],[10.28,56.572],[10.313,56.597],[10.33,56.603],[10.351,56.596],[10.354,56.59],[10.36,56.568],[10.361,56.562],[10.365,56.558],[10.395,56.545],[10.47,56.521],[10.552,56.516],[10.789,56.536],[10.822,56.534],[10.855,56.524],[10.87,56.515],[10.902,56.483],[10.964,56.448],[10.964,56.442],[10.941,56.429],[10.928,56.407],[10.924,56.38],[10.923,56.356],[10.912,56.334],[10.82,56.261],[10.773,56.243],[10.755,56.229],[10.75,56.216],[10.753,56.185],[10.739,56.154],[10.707,56.151],[10.672,56.165],[10.649,56.188],[10.675,56.191],[10.685,56.196],[10.69,56.209],[10.688,56.222],[10.678,56.226],[10.665,56.228],[10.653,56.233],[10.629,56.237],[10.604,56.221],[10.581,56.199],[10.549,56.178],[10.556,56.155],[10.569,56.13],[10.574,56.113],[10.564,56.106],[10.548,56.101],[10.531,56.1],[10.519,56.103],[10.508,56.111],[10.498,56.13],[10.491,56.14],[10.499,56.145],[10.516,56.152],[10.525,56.154],[10.518,56.165],[10.509,56.17],[10.468,56.177],[10.459,56.176],[10.437,56.168],[10.409,56.165],[10.391,56.173],[10.376,56.187],[10.355,56.202],[10.377,56.203],[10.41,56.218],[10.429,56.222],[10.443,56.217],[10.461,56.206],[10.478,56.202],[10.491,56.216],[10.474,56.232],[10.475,56.245],[10.505,56.278],[10.491,56.278],[10.477,56.281],[10.464,56.287],[10.454,56.294],[10.443,56.299],[10.417,56.292],[10.403,56.298],[10.399,56.285],[10.394,56.276],[10.385,56.272],[10.371,56.271],[10.364,56.266],[10.337,56.233],[10.312,56.215],[10.258,56.19],[10.234,56.171],[10.22,56.148],[10.227,56.133],[10.243,56.12],[10.259,56.099],[10.266,56.074],[10.261,56.054],[10.249,56.037],[10.231,56.017],[10.255,56.024],[10.273,56.025],[10.277,56.018],[10.252,55.986],[10.25,55.974],[10.252,55.948],[10.251,55.931],[10.249,55.923],[10.245,55.915],[10.221,55.897],[10.217,55.89],[10.213,55.89],[10.202,55.886],[10.19,55.88],[10.183,55.874],[10.188,55.871],[10.196,55.861],[10.199,55.851],[10.191,55.843],[10.187,55.839],[10.182,55.834],[10.173,55.831],[10.16,55.833],[10.151,55.838],[10.136,55.852],[10.131,55.858],[10.128,55.866],[10.124,55.873],[10.114,55.88],[10.102,55.882],[10.005,55.88],[9.992,55.877],[9.984,55.871],[9.977,55.865],[9.97,55.859],[9.944,55.854],[9.892,55.855],[9.867,55.852],[9.893,55.836],[10.036,55.818],[10.046,55.814],[10.042,55.803],[10.026,55.783],[10.017,55.766],[10.02,55.758],[10.034,55.756],[10.06,55.756],[10.06,55.749],[10.019,55.736],[10.007,55.725],[10.018,55.709],[10.014,55.707],[10.005,55.701],[9.982,55.709],[9.872,55.691],[9.822,55.676],[9.792,55.675],[9.731,55.688],[9.696,55.706],[9.687,55.709],[9.675,55.709],[9.676,55.709],[9.68,55.72],[9.681,55.728],[9.675,55.737],[9.664,55.743],[9.642,55.747],[9.609,55.749],[9.598,55.753],[9.596,55.761],[9.598,55.767],[9.602,55.773],[9.605,55.779],[9.601,55.785],[9.582,55.787],[9.546,55.785],[9.53,55.788],[9.517,55.798],[9.491,55.822],[9.469,55.837],[9.463,55.846],[9.46,55.853],[9.458,55.858],[9.451,55.866],[9.4,55.902],[9.375,55.914],[9.343,55.925],[9.249,55.943],[9.212,55.938],[9.184,55.907],[9.138,55.874],[9.121,55.866],[9.103,55.863],[9.094,55.859],[9.085,55.853],[9.08,55.848],[9.071,55.836],[9.058,55.837],[9.047,55.831],[9.013,55.829],[8.999,55.835],[8.959,55.864],[8.929,55.88],[8.88,55.883],[8.844,55.872],[8.828,55.843],[8.818,55.834],[8.823,55.817],[8.823,55.81],[8.807,55.805],[8.775,55.799],[8.758,55.802],[8.687,55.83],[8.655,55.835],[8.644,55.834],[8.628,55.83],[8.611,55.828],[8.599,55.829],[8.588,55.831],[8.579,55.835],[8.57,55.835],[8.561,55.834],[8.554,55.831],[8.549,55.829],[8.549,55.825],[8.554,55.819],[8.556,55.816],[8.556,55.813],[8.553,55.811],[8.503,55.779],[8.49,55.772],[8.472,55.769],[8.46,55.771],[8.425,55.784],[8.399,55.79],[8.368,55.803],[8.176,55.801]]],[[[10.559,55.866],[10.573,55.879],[10.581,55.895],[10.58,55.911],[10.567,55.928],[10.549,55.936],[10.528,55.941],[10.515,55.951],[10.519,55.976],[10.529,55.989],[10.544,55.998],[10.557,55.996],[10.564,55.954],[10.58,55.937],[10.603,55.925],[10.628,55.921],[10.619,55.911],[10.615,55.9],[10.616,55.89],[10.621,55.88],[10.639,55.866],[10.651,55.87],[10.659,55.881],[10.666,55.887],[10.669,55.88],[10.655,55.865],[10.628,55.846],[10.623,55.828],[10.624,55.794],[10.615,55.777],[10.582,55.76],[10.547,55.765],[10.52,55.789],[10.512,55.825],[10.517,55.846],[10.528,55.854],[10.542,55.858],[10.559,55.866]]],[[[11.512,56.696],[11.509,56.71],[11.521,56.715],[11.606,56.72],[11.649,56.73],[11.649,56.722],[11.645,56.722],[11.642,56.721],[11.636,56.716],[11.618,56.711],[11.604,56.701],[11.592,56.69],[11.581,56.681],[11.564,56.677],[11.544,56.679],[11.525,56.685],[11.512,56.696]]]]}},{"type":"Feature","properties":{"name":"Nordjylland","country":"DK"},"geometry":{"type":"MultiPolygon","coordinates":[[[[9.326,56.669],[9.326,56.67],[9.306,56.696],[9.296,56.702],[9.291,56.704],[9.271,56.702],[9.231,56.692],[9.221,56.684],[9.199,56.677],[9.178,56.676],[9.169,56.689],[9.18,56.701],[9.226,56.716],[9.237,56.733],[9.242,56.747],[9.241,56.754],[9.216,56.759],[9.205,56.764],[9.197,56.77],[9.19,56.777],[9.184,56.784],[9.179,56.794],[9.175,56.806],[9.176,56.818],[9.181,56.822],[9.204,56.842],[9.207,56.846],[9.211,56.852],[9.211,56.863],[9.206,56.875],[9.2,56.88],[9.188,56.881],[9.179,56.885],[9.163,56.894],[9.181,56.919],[9.2,56.939],[9.22,56.955],[9.252,56.973],[9.258,56.975],[9.266,56.976],[9.275,56.977],[9.28,56.98],[9.286,56.994],[9.289,56.997],[9.437,57.024],[9.47,57.024],[9.587,56.997],[9.587,56.99],[9.574,56.985],[9.573,56.979],[9.581,56.973],[9.594,56.969],[9.608,56.97],[9.618,56.975],[9.654,57.007],[9.671,57.025],[9.689,57.039],[9.728,57.047],[9.761,57.059],[9.809,57.052],[9.916,57.059],[9.857,57.089],[9.827,57.095],[9.806,57.104],[9.796,57.106],[9.788,57.104],[9.752,57.078],[9.733,57.067],[9.712,57.061],[9.693,57.069],[9.675,57.079],[9.656,57.076],[9.621,57.059],[9.581,57.049],[9.494,57.049],[9.265,57.003],[9.245,57.002],[9.226,57.007],[9.114,57.059],[9.121,57.045],[9.113,57.039],[9.08,57.031],[9.055,57.021],[9.043,57.018],[9.026,57.018],[9.032,57.024],[9.014,57.03],[8.997,57.028],[8.98,57.02],[8.963,57.01],[8.947,57.011],[8.926,57.0],[8.909,56.988],[8.902,56.986],[8.893,57.0],[8.873,57.005],[8.85,57.004],[8.833,56.997],[8.848,56.989],[8.812,56.97],[8.762,56.956],[8.726,56.961],[8.703,56.958],[8.68,56.953],[8.669,56.945],[8.663,56.926],[8.65,56.914],[8.634,56.905],[8.621,56.894],[8.615,56.866],[8.614,56.863],[8.613,56.855],[8.608,56.85],[8.601,56.846],[8.57,56.818],[8.547,56.817],[8.536,56.815],[8.532,56.809],[8.524,56.805],[8.508,56.801],[8.491,56.794],[8.484,56.781],[8.492,56.747],[8.492,56.731],[8.476,56.722],[8.476,56.716],[8.516,56.718],[8.526,56.716],[8.533,56.704],[8.527,56.695],[8.514,56.69],[8.501,56.689],[8.489,56.691],[8.466,56.7],[8.453,56.702],[8.441,56.7],[8.421,56.691],[8.408,56.689],[8.408,56.681],[8.456,56.689],[8.47,56.686],[8.491,56.677],[8.501,56.675],[8.572,56.692],[8.586,56.689],[8.589,56.681],[8.586,56.662],[8.586,56.654],[8.601,56.641],[8.608,56.631],[8.593,56.616],[8.583,56.609],[8.57,56.606],[8.555,56.605],[8.547,56.602],[8.547,56.597],[8.56,56.593],[8.539,56.593],[8.511,56.607],[8.487,56.625],[8.476,56.637],[8.467,56.652],[8.445,56.664],[8.417,56.672],[8.391,56.675],[8.373,56.68],[8.352,56.693],[8.332,56.708],[8.319,56.722],[8.308,56.758],[8.302,56.764],[8.288,56.766],[8.26,56.777],[8.244,56.777],[8.258,56.74],[8.263,56.719],[8.261,56.705],[8.246,56.704],[8.238,56.725],[8.236,56.771],[8.248,56.812],[8.27,56.843],[8.45,57.004],[8.504,57.035],[8.586,57.106],[8.618,57.123],[8.654,57.123],[8.737,57.106],[8.784,57.105],[8.874,57.116],[8.915,57.127],[8.963,57.157],[8.98,57.161],[9.231,57.141],[9.322,57.147],[9.412,57.165],[9.498,57.197],[9.573,57.243],[9.788,57.459],[9.826,57.49],[9.895,57.532],[9.93,57.568],[9.943,57.572],[9.967,57.591],[10.015,57.597],[10.108,57.593],[10.198,57.601],[10.28,57.621],[10.351,57.649],[10.473,57.717],[10.539,57.744],[10.566,57.749],[10.596,57.751],[10.625,57.748],[10.649,57.737],[10.594,57.726],[10.543,57.699],[10.46,57.631],[10.43,57.571],[10.458,57.526],[10.509,57.484],[10.547,57.435],[10.517,57.391],[10.518,57.339],[10.539,57.237],[10.522,57.222],[10.471,57.201],[10.447,57.185],[10.412,57.144],[10.396,57.117],[10.384,57.074],[10.359,57.026],[10.347,57.01],[10.339,57.003],[10.331,56.999],[10.32,56.998],[10.273,56.998],[10.258,56.996],[10.24,56.993],[10.156,57.024],[10.094,57.06],[10.053,57.07],[10.019,57.088],[9.995,57.093],[9.975,57.087],[9.946,57.061],[9.927,57.059],[9.945,57.057],[9.967,57.072],[9.984,57.079],[10.002,57.084],[10.023,57.079],[10.121,57.022],[10.154,57.013],[10.192,56.994],[10.214,56.99],[10.295,56.989],[10.314,56.983],[10.286,56.964],[10.28,56.956],[10.275,56.942],[10.269,56.915],[10.266,56.908],[10.273,56.891],[10.284,56.84],[10.288,56.8],[10.295,56.779],[10.32,56.736],[10.329,56.73],[10.338,56.724],[10.341,56.717],[10.327,56.709],[10.319,56.708],[10.295,56.714],[10.283,56.716],[10.238,56.716],[10.222,56.712],[10.204,56.702],[10.187,56.712],[10.168,56.72],[10.146,56.722],[10.121,56.716],[10.099,56.706],[10.09,56.704],[10.073,56.702],[10.058,56.698],[10.027,56.684],[9.991,56.677],[9.946,56.658],[9.806,56.647],[9.806,56.64],[9.851,56.636],[10.002,56.661],[10.035,56.673],[10.05,56.675],[10.053,56.677],[10.053,56.682],[10.055,56.687],[10.063,56.689],[10.071,56.688],[10.084,56.682],[10.091,56.681],[10.101,56.683],[10.114,56.687],[10.124,56.692],[10.128,56.699],[10.135,56.712],[10.151,56.714],[10.183,56.709],[10.181,56.705],[10.176,56.696],[10.193,56.694],[10.16,56.673],[10.114,56.651],[10.08,56.625],[10.012,56.602],[9.952,56.598],[9.928,56.593],[9.888,56.581],[9.855,56.559],[9.813,56.555],[9.796,56.557],[9.769,56.566],[9.725,56.559],[9.676,56.59],[9.643,56.58],[9.624,56.584],[9.631,56.606],[9.657,56.623],[9.638,56.633],[9.524,56.634],[9.496,56.651],[9.502,56.675],[9.488,56.684],[9.459,56.685],[9.451,56.675],[9.46,56.661],[9.435,56.639],[9.398,56.65],[9.326,56.669]]],[[[8.826,56.744],[8.813,56.735],[8.771,56.716],[8.766,56.699],[8.686,56.687],[8.658,56.678],[8.648,56.681],[8.622,56.714],[8.611,56.722],[8.586,56.736],[8.562,56.743],[8.556,56.744],[8.525,56.737],[8.515,56.738],[8.518,56.75],[8.523,56.755],[8.53,56.759],[8.539,56.763],[8.549,56.764],[8.553,56.768],[8.552,56.778],[8.548,56.787],[8.545,56.791],[8.573,56.803],[8.644,56.808],[8.669,56.826],[8.656,56.825],[8.644,56.826],[8.632,56.828],[8.621,56.832],[8.627,56.842],[8.647,56.856],[8.655,56.867],[8.652,56.866],[8.65,56.874],[8.648,56.891],[8.652,56.894],[8.659,56.895],[8.668,56.894],[8.675,56.894],[8.704,56.9],[8.762,56.905],[8.792,56.914],[8.814,56.91],[8.834,56.925],[8.867,56.963],[8.89,56.955],[8.905,56.966],[8.916,56.979],[8.929,56.977],[8.923,56.969],[8.911,56.956],[8.909,56.949],[8.91,56.944],[8.92,56.931],[8.923,56.922],[8.92,56.92],[8.909,56.887],[8.9,56.875],[8.895,56.87],[8.888,56.867],[8.888,56.879],[8.883,56.886],[8.875,56.891],[8.867,56.894],[8.844,56.883],[8.84,56.88],[8.836,56.869],[8.839,56.863],[8.844,56.858],[8.847,56.853],[8.855,56.82],[8.864,56.809],[8.881,56.805],[8.875,56.8],[8.868,56.798],[8.861,56.798],[8.853,56.798],[8.861,56.795],[8.867,56.791],[8.854,56.78],[8.839,56.757],[8.826,56.744]]],[[[11.142,57.332],[11.17,57.333],[11.181,57.33],[11.19,57.325],[11.197,57.313],[11.197,57.303],[11.189,57.294],[11.167,57.297],[11.143,57.301],[11.067,57.291],[11.083,57.284],[11.094,57.269],[11.091,57.253],[11.067,57.238],[11.053,57.226],[11.045,57.213],[11.029,57.202],[10.998,57.198],[10.978,57.207],[10.952,57.234],[10.916,57.237],[10.889,57.245],[10.871,57.255],[10.855,57.265],[10.855,57.271],[10.888,57.275],[10.921,57.292],[10.947,57.305],[10.987,57.306],[11.01,57.31],[11.028,57.321],[11.102,57.32],[11.142,57.332]]]]}},{"type":"Feature","properties":{"name":"Sjaælland","country":"DK"},"geometry":{"type":"MultiPolygon","coordinates":[[[[11.845,54.732],[11.834,54.725],[11.824,54.722],[11.815,54.719],[11.807,54.708],[11.846,54.698],[11.843,54.676],[11.811,54.655],[11.766,54.647],[11.611,54.666],[11.56,54.66],[11.512,54.647],[11.474,54.626],[11.452,54.628],[11.359,54.66],[11.298,54.692],[11.188,54.732],[11.138,54.739],[11.085,54.753],[11.03,54.761],[11.009,54.772],[10.999,54.787],[11.006,54.804],[11.031,54.812],[11.061,54.809],[11.09,54.811],[11.108,54.831],[11.092,54.835],[11.078,54.841],[11.025,54.88],[11.019,54.886],[11.019,54.903],[11.032,54.919],[11.074,54.948],[11.088,54.944],[11.232,54.961],[11.256,54.955],[11.303,54.932],[11.321,54.928],[11.339,54.919],[11.369,54.881],[11.393,54.873],[11.417,54.869],[11.595,54.811],[11.585,54.828],[11.574,54.839],[11.573,54.848],[11.595,54.859],[11.622,54.859],[11.646,54.865],[11.656,54.866],[11.647,54.877],[11.645,54.89],[11.646,54.902],[11.649,54.913],[11.726,54.873],[11.732,54.859],[11.756,54.841],[11.771,54.834],[11.787,54.831],[11.777,54.826],[11.773,54.825],[11.788,54.807],[11.838,54.783],[11.849,54.773],[11.851,54.757],[11.855,54.749],[11.855,54.744],[11.845,54.732]]],[[[12.417,55.03],[12.505,55.02],[12.538,55.002],[12.554,54.968],[12.552,54.957],[12.543,54.951],[12.526,54.949],[12.503,54.948],[12.385,54.963],[12.348,54.96],[12.314,54.951],[12.28,54.935],[12.227,54.893],[12.208,54.886],[12.179,54.889],[12.115,54.907],[12.115,54.913],[12.129,54.913],[12.125,54.924],[12.129,54.932],[12.138,54.937],[12.149,54.941],[12.144,54.944],[12.134,54.952],[12.129,54.954],[12.151,54.969],[12.164,54.973],[12.177,54.968],[12.184,54.975],[12.177,54.989],[12.193,54.988],[12.217,54.979],[12.232,54.975],[12.242,54.977],[12.275,54.984],[12.287,54.989],[12.281,54.999],[12.281,55.007],[12.286,55.013],[12.294,55.017],[12.294,55.023],[12.262,55.037],[12.253,55.044],[12.248,55.054],[12.251,55.061],[12.262,55.064],[12.28,55.064],[12.302,55.042],[12.335,55.033],[12.417,55.03]]],[[[12.359,55.605],[12.331,55.595],[12.312,55.584],[12.248,55.546],[12.198,55.487],[12.225,55.435],[12.273,55.41],[12.29,55.407],[12.352,55.404],[12.369,55.4],[12.412,55.379],[12.435,55.364],[12.445,55.349],[12.446,55.332],[12.451,55.317],[12.465,55.29],[12.45,55.28],[12.445,55.277],[12.392,55.255],[12.183,55.227],[12.167,55.217],[12.141,55.208],[12.121,55.191],[12.109,55.171],[12.115,55.154],[12.107,55.145],[12.099,55.141],[12.09,55.142],[12.081,55.147],[12.088,55.168],[12.077,55.182],[12.056,55.186],[12.037,55.178],[12.028,55.173],[12.02,55.171],[12.015,55.167],[12.012,55.157],[12.018,55.153],[12.047,55.14],[12.13,55.136],[12.169,55.129],[12.177,55.105],[12.171,55.095],[12.165,55.091],[12.158,55.089],[12.149,55.085],[12.128,55.079],[12.118,55.074],[12.126,55.071],[12.163,55.023],[12.162,55.004],[12.149,54.994],[12.128,54.99],[12.105,54.989],[12.089,54.986],[12.056,54.971],[12.033,54.968],[11.998,54.977],[11.944,55.006],[11.91,55.01],[11.909,55.005],[11.911,55.004],[11.914,55.004],[11.917,55.003],[11.911,55.001],[11.908,54.999],[11.905,54.997],[11.897,54.995],[11.902,54.976],[11.894,54.965],[11.885,54.955],[11.883,54.941],[11.89,54.93],[11.903,54.923],[11.918,54.922],[11.931,54.928],[11.929,54.931],[11.924,54.941],[11.932,54.941],[11.958,54.948],[11.966,54.943],[11.98,54.924],[11.982,54.92],[11.992,54.916],[12.024,54.898],[12.04,54.893],[12.059,54.894],[12.078,54.898],[12.096,54.898],[12.112,54.89],[12.14,54.865],[12.17,54.844],[12.17,54.838],[12.082,54.797],[12.067,54.787],[12.028,54.744],[12.023,54.735],[12.013,54.731],[11.986,54.712],[11.975,54.708],[11.961,54.694],[11.96,54.662],[11.971,54.606],[11.969,54.57],[11.949,54.569],[11.928,54.584],[11.924,54.598],[11.909,54.609],[11.877,54.647],[11.869,54.66],[11.871,54.68],[11.883,54.696],[11.91,54.722],[11.89,54.724],[11.876,54.73],[11.872,54.74],[11.883,54.756],[11.871,54.76],[11.865,54.765],[11.855,54.777],[11.809,54.805],[11.805,54.809],[11.801,54.818],[11.799,54.826],[11.8,54.831],[11.8,54.837],[11.793,54.844],[11.776,54.856],[11.761,54.863],[11.75,54.873],[11.746,54.893],[11.745,54.911],[11.742,54.925],[11.732,54.935],[11.711,54.941],[11.711,54.948],[11.75,54.966],[11.759,54.968],[11.774,54.965],[11.793,54.951],[11.804,54.948],[11.815,54.952],[11.838,54.966],[11.842,54.965],[11.848,54.959],[11.863,54.964],[11.883,54.975],[11.883,54.982],[11.872,54.99],[11.854,55.02],[11.842,55.03],[11.775,55.049],[11.756,55.051],[11.75,55.053],[11.737,55.062],[11.729,55.064],[11.665,55.066],[11.647,55.072],[11.63,55.081],[11.616,55.092],[11.67,55.086],[11.775,55.057],[11.828,55.051],[11.805,55.074],[11.743,55.1],[11.718,55.126],[11.804,55.135],[11.81,55.139],[11.807,55.147],[11.785,55.157],[11.729,55.155],[11.711,55.168],[11.726,55.177],[11.735,55.189],[11.733,55.2],[11.718,55.208],[11.695,55.208],[11.678,55.199],[11.664,55.188],[11.649,55.181],[11.636,55.182],[11.599,55.191],[11.524,55.202],[11.506,55.208],[11.492,55.204],[11.423,55.222],[11.41,55.22],[11.383,55.211],[11.369,55.208],[11.3,55.208],[11.3,55.202],[11.32,55.195],[11.286,55.195],[11.261,55.201],[11.245,55.215],[11.239,55.242],[11.253,55.236],[11.268,55.236],[11.28,55.242],[11.286,55.256],[11.276,55.252],[11.265,55.249],[11.242,55.249],[11.239,55.254],[11.242,55.279],[11.235,55.284],[11.217,55.29],[11.162,55.319],[11.153,55.328],[11.162,55.331],[11.176,55.332],[11.188,55.335],[11.19,55.345],[11.182,55.35],[11.168,55.353],[11.153,55.353],[11.142,55.352],[11.135,55.347],[11.131,55.338],[11.123,55.332],[11.108,55.332],[11.102,55.336],[11.088,55.358],[11.088,55.366],[11.115,55.364],[11.129,55.365],[11.139,55.369],[11.148,55.376],[11.159,55.381],[11.172,55.385],[11.183,55.386],[11.204,55.392],[11.214,55.404],[11.213,55.416],[11.201,55.421],[11.205,55.431],[11.197,55.454],[11.176,55.489],[11.164,55.502],[11.151,55.51],[11.136,55.515],[11.115,55.517],[11.097,55.51],[11.086,55.508],[11.081,55.513],[11.083,55.527],[11.089,55.534],[11.098,55.537],[11.112,55.537],[11.138,55.543],[11.148,55.557],[11.146,55.576],[11.132,55.595],[11.088,55.627],[11.039,55.644],[10.93,55.66],[10.93,55.668],[11.088,55.66],[11.071,55.677],[11.009,55.692],[10.985,55.701],[10.974,55.711],[10.968,55.718],[10.96,55.724],[10.944,55.729],[10.891,55.731],[10.876,55.736],[10.876,55.743],[11.033,55.729],[11.066,55.732],[11.128,55.746],[11.163,55.749],[11.163,55.743],[11.152,55.744],[11.141,55.743],[11.131,55.741],[11.122,55.736],[11.137,55.719],[11.163,55.705],[11.193,55.7],[11.218,55.709],[11.176,55.729],[11.19,55.736],[11.2,55.731],[11.216,55.729],[11.252,55.729],[11.268,55.733],[11.302,55.746],[11.337,55.751],[11.352,55.756],[11.364,55.765],[11.369,55.78],[11.37,55.788],[11.375,55.802],[11.376,55.808],[11.372,55.816],[11.355,55.83],[11.348,55.838],[11.374,55.829],[11.398,55.826],[11.422,55.832],[11.443,55.846],[11.478,55.842],[11.505,55.869],[11.511,55.908],[11.477,55.941],[11.448,55.948],[11.384,55.951],[11.305,55.968],[11.282,55.979],[11.273,55.997],[11.401,55.962],[11.427,55.965],[11.581,55.952],[11.599,55.942],[11.641,55.943],[11.711,55.956],[11.748,55.968],[11.768,55.971],[11.78,55.962],[11.775,55.952],[11.747,55.933],[11.739,55.921],[11.751,55.91],[11.744,55.904],[11.728,55.902],[11.711,55.907],[11.714,55.911],[11.718,55.921],[11.686,55.92],[11.673,55.916],[11.663,55.907],[11.713,55.858],[11.732,55.831],[11.718,55.811],[11.702,55.809],[11.671,55.814],[11.656,55.811],[11.638,55.796],[11.626,55.791],[11.608,55.791],[11.608,55.783],[11.624,55.78],[11.674,55.783],[11.687,55.786],[11.703,55.793],[11.72,55.799],[11.739,55.797],[11.745,55.789],[11.756,55.773],[11.764,55.757],[11.763,55.749],[11.682,55.741],[11.665,55.737],[11.657,55.731],[11.67,55.723],[11.684,55.722],[11.729,55.724],[11.739,55.726],[11.746,55.731],[11.763,55.721],[11.787,55.701],[11.794,55.688],[11.794,55.683],[11.788,55.677],[11.78,55.66],[11.798,55.67],[11.811,55.679],[11.852,55.731],[11.854,55.732],[11.856,55.732],[11.893,55.734],[11.906,55.737],[11.908,55.739],[11.909,55.741],[11.925,55.738],[11.973,55.721],[11.965,55.705],[11.958,55.693],[11.923,55.674],[11.91,55.66],[11.93,55.658],[11.959,55.665],[11.982,55.679],[11.985,55.695],[12.001,55.699],[12.018,55.696],[12.032,55.687],[12.04,55.675],[12.009,55.681],[12.005,55.678],[12.011,55.669],[12.027,55.662],[12.06,55.654],[12.069,55.675],[12.092,55.707],[12.095,55.729],[12.076,55.779],[12.113,55.779],[12.152,55.758],[12.168,55.749],[12.241,55.741],[12.227,55.734],[12.228,55.728],[12.231,55.726],[12.233,55.724],[12.236,55.721],[12.256,55.715],[12.258,55.712],[12.255,55.708],[12.216,55.691],[12.193,55.686],[12.158,55.671],[12.165,55.664],[12.166,55.662],[12.167,55.66],[12.167,55.658],[12.165,55.655],[12.164,55.651],[12.163,55.644],[12.165,55.638],[12.169,55.634],[12.17,55.622],[12.201,55.614],[12.22,55.615],[12.24,55.622],[12.252,55.616],[12.281,55.619],[12.317,55.617],[12.359,55.605]]]]}},{"type":"Feature","properties":{"name":"Hovedstaden","country":"DK"},"geometry":{"type":"MultiPolygon","coordinates":[[[[15.151,55.133],[15.147,55.128],[15.145,55.125],[15.142,55.122],[15.138,55.12],[15.145,55.105],[15.148,55.096],[15.145,55.087],[15.134,55.075],[15.113,55.055],[15.107,55.045],[15.11,55.036],[15.11,55.03],[15.113,55.018],[15.097,55.008],[15.087,54.999],[15.073,54.992],[15.024,54.999],[14.983,55.001],[14.927,55.014],[14.859,55.038],[14.781,55.051],[14.7,55.089],[14.684,55.101],[14.697,55.123],[14.701,55.165],[14.706,55.226],[14.709,55.236],[14.717,55.247],[14.737,55.267],[14.745,55.282],[14.752,55.299],[14.761,55.309],[14.775,55.304],[14.815,55.27],[14.829,55.262],[14.851,55.248],[14.889,55.233],[14.927,55.216],[14.954,55.219],[14.973,55.216],[14.99,55.196],[15.001,55.188],[15.013,55.184],[15.085,55.155],[15.132,55.145],[15.151,55.133]]],[[[12.616,55.688],[12.674,55.605],[12.675,55.601],[12.639,55.578],[12.624,55.576],[12.606,55.569],[12.589,55.561],[12.578,55.554],[12.556,55.55],[12.535,55.569],[12.521,55.597],[12.52,55.619],[12.531,55.632],[12.544,55.64],[12.557,55.647],[12.567,55.654],[12.578,55.666],[12.595,55.691],[12.608,55.701],[12.613,55.695],[12.614,55.693],[12.616,55.688]]],[[[11.854,55.732],[11.855,55.733],[11.853,55.74],[11.844,55.753],[11.842,55.756],[11.845,55.768],[11.853,55.782],[11.869,55.805],[11.884,55.814],[11.919,55.819],[11.937,55.825],[11.954,55.853],[11.933,55.886],[11.909,55.916],[11.917,55.934],[11.935,55.934],[11.97,55.913],[11.989,55.907],[11.998,55.903],[11.998,55.893],[11.994,55.882],[11.992,55.874],[11.996,55.861],[12.0,55.856],[12.005,55.853],[12.012,55.846],[12.031,55.817],[12.049,55.775],[12.052,55.737],[12.026,55.715],[11.99,55.723],[11.973,55.721],[11.925,55.738],[11.909,55.741],[11.908,55.739],[11.906,55.737],[11.893,55.734],[11.856,55.732],[11.854,55.732]]],[[[12.076,55.779],[12.053,55.838],[12.053,55.874],[12.05,55.888],[12.026,55.941],[12.011,55.955],[11.992,55.961],[11.971,55.96],[11.894,55.942],[11.866,55.939],[11.849,55.948],[11.866,55.973],[11.917,55.998],[12.012,56.031],[12.165,56.104],[12.245,56.129],[12.329,56.127],[12.415,56.099],[12.486,56.099],[12.505,56.093],[12.54,56.075],[12.57,56.068],[12.622,56.044],[12.608,56.028],[12.567,55.997],[12.553,55.98],[12.526,55.94],[12.513,55.928],[12.513,55.921],[12.54,55.898],[12.555,55.883],[12.561,55.87],[12.565,55.851],[12.576,55.829],[12.59,55.809],[12.602,55.797],[12.598,55.788],[12.596,55.774],[12.595,55.753],[12.589,55.736],[12.588,55.729],[12.589,55.724],[12.593,55.719],[12.602,55.709],[12.581,55.693],[12.541,55.649],[12.503,55.634],[12.497,55.622],[12.487,55.61],[12.465,55.605],[12.449,55.609],[12.437,55.614],[12.424,55.619],[12.404,55.619],[12.359,55.605],[12.317,55.617],[12.281,55.619],[12.252,55.616],[12.24,55.622],[12.22,55.615],[12.201,55.614],[12.17,55.622],[12.169,55.634],[12.165,55.638],[12.163,55.644],[12.164,55.651],[12.165,55.655],[12.167,55.658],[12.167,55.66],[12.166,55.662],[12.165,55.664],[12.158,55.671],[12.193,55.686],[12.216,55.691],[12.255,55.708],[12.258,55.712],[12.256,55.715],[12.236,55.721],[12.233,55.724],[12.231,55.726],[12.228,55.728],[12.227,55.734],[12.241,55.741],[12.168,55.749],[12.152,55.758],[12.113,55.779],[12.076,55.779]]]]}},{"type":"Feature","properties":{"name":"Gotland","country":"SE"},"geometry":{"type":"MultiPolygon","coordinates":[[[[19.04,57.868],[19.05,57.862],[19.079,57.835],[19.085,57.826],[19.015,57.822],[18.987,57.807],[18.982,57.77],[18.97,57.78],[18.958,57.785],[18.949,57.783],[18.948,57.77],[18.938,57.763],[18.932,57.752],[18.932,57.741],[18.941,57.73],[18.901,57.724],[18.865,57.723],[18.853,57.725],[18.832,57.735],[18.821,57.737],[18.807,57.734],[18.806,57.728],[18.809,57.719],[18.81,57.71],[18.797,57.675],[18.779,57.651],[18.774,57.641],[18.769,57.635],[18.765,57.627],[18.762,57.617],[18.769,57.614],[18.81,57.607],[18.801,57.592],[18.795,57.578],[18.791,57.564],[18.79,57.548],[18.782,57.535],[18.768,57.521],[18.761,57.508],[18.776,57.498],[18.769,57.482],[18.773,57.472],[18.786,57.468],[18.803,57.469],[18.798,57.464],[18.79,57.449],[18.829,57.44],[18.869,57.435],[18.873,57.439],[18.875,57.445],[18.88,57.449],[18.893,57.446],[18.909,57.439],[18.914,57.436],[18.92,57.428],[18.926,57.418],[18.93,57.404],[18.926,57.393],[18.91,57.388],[18.879,57.388],[18.875,57.389],[18.864,57.393],[18.858,57.394],[18.853,57.392],[18.841,57.383],[18.834,57.381],[18.802,57.376],[18.77,57.364],[18.741,57.348],[18.718,57.329],[18.68,57.31],[18.667,57.297],[18.674,57.278],[18.681,57.275],[18.703,57.278],[18.711,57.274],[18.714,57.243],[18.679,57.233],[18.68,57.23],[18.591,57.219],[18.564,57.209],[18.564,57.202],[18.578,57.202],[18.578,57.196],[18.555,57.193],[18.431,57.154],[18.406,57.143],[18.386,57.127],[18.455,57.127],[18.431,57.117],[18.36,57.096],[18.345,57.083],[18.338,57.031],[18.349,57.019],[18.364,57.011],[18.4,57.004],[18.345,57.004],[18.345,56.997],[18.358,56.99],[18.332,56.977],[18.322,56.969],[18.311,56.948],[18.299,56.942],[18.204,56.915],[18.17,56.912],[18.139,56.922],[18.204,56.986],[18.206,56.995],[18.205,57.005],[18.201,57.018],[18.214,57.026],[18.251,57.034],[18.266,57.041],[18.274,57.054],[18.282,57.081],[18.29,57.093],[18.266,57.084],[18.245,57.07],[18.223,57.06],[18.201,57.065],[18.201,57.073],[18.214,57.081],[18.225,57.095],[18.227,57.108],[18.214,57.114],[18.218,57.119],[18.224,57.129],[18.228,57.134],[18.185,57.145],[18.16,57.23],[18.099,57.259],[18.101,57.278],[18.116,57.297],[18.153,57.313],[18.166,57.332],[18.171,57.352],[18.166,57.367],[18.179,57.38],[18.177,57.386],[18.167,57.389],[18.159,57.394],[18.156,57.399],[18.146,57.408],[18.144,57.413],[18.145,57.426],[18.142,57.432],[18.132,57.445],[18.121,57.465],[18.113,57.488],[18.112,57.511],[18.128,57.548],[18.162,57.578],[18.325,57.673],[18.463,57.803],[18.499,57.827],[18.55,57.839],[18.564,57.838],[18.579,57.833],[18.595,57.831],[18.609,57.836],[18.615,57.844],[18.62,57.858],[18.626,57.868],[18.641,57.886],[18.658,57.902],[18.678,57.914],[18.701,57.921],[18.724,57.923],[18.742,57.918],[18.757,57.906],[18.769,57.888],[18.77,57.883],[18.767,57.879],[18.764,57.875],[18.762,57.871],[18.765,57.865],[18.769,57.862],[18.774,57.86],[18.776,57.857],[18.778,57.847],[18.784,57.84],[18.803,57.826],[18.811,57.851],[18.827,57.864],[18.844,57.874],[18.852,57.891],[18.847,57.897],[18.839,57.905],[18.837,57.912],[18.851,57.915],[18.913,57.921],[18.913,57.915],[18.898,57.898],[18.917,57.888],[18.942,57.889],[18.941,57.902],[18.957,57.908],[18.976,57.911],[18.996,57.912],[19.009,57.908],[19.002,57.902],[19.007,57.893],[19.014,57.881],[19.025,57.872],[19.04,57.868]]],[[[19.273,57.977],[19.306,57.976],[19.321,57.973],[19.339,57.964],[19.332,57.959],[19.326,57.957],[19.319,57.956],[19.311,57.957],[19.296,57.944],[19.248,57.953],[19.226,57.946],[19.205,57.935],[19.162,57.926],[19.14,57.908],[19.153,57.902],[19.161,57.896],[19.163,57.889],[19.16,57.88],[19.131,57.852],[19.13,57.847],[19.113,57.848],[19.098,57.853],[19.084,57.859],[19.072,57.868],[19.037,57.905],[19.04,57.917],[19.047,57.924],[19.068,57.939],[19.075,57.949],[19.08,57.959],[19.087,57.968],[19.098,57.977],[19.115,57.98],[19.149,57.979],[19.163,57.987],[19.172,57.987],[19.188,57.984],[19.206,57.983],[19.222,57.99],[19.227,57.974],[19.24,57.971],[19.273,57.977]]],[[[19.332,58.368],[19.291,58.35],[19.25,58.343],[19.214,58.355],[19.188,58.395],[19.222,58.395],[19.249,58.386],[19.306,58.379],[19.332,58.368]]]]}},{"type":"Feature","properties":{"name":"Västmanland","country":"SE"},"geometry":{"type":"Polygon","coordinates":[[[16.966,59.532],[16.908,59.512],[16.893,59.509],[16.865,59.508],[16.849,59.51],[16.287,59.454],[16.276,59.45],[16.275,59.449],[16.27,59.442],[16.271,59.433],[16.275,59.425],[16.283,59.417],[16.291,59.412],[16.313,59.405],[16.316,59.402],[16.318,59.398],[16.316,59.394],[16.311,59.389],[16.299,59.383],[16.277,59.375],[16.206,59.361],[16.176,59.358],[16.153,59.359],[16.089,59.368],[16.07,59.369],[16.046,59.367],[16.005,59.359],[15.984,59.35],[15.974,59.343],[15.914,59.288],[15.907,59.279],[15.905,59.27],[15.906,59.261],[15.905,59.252],[15.9,59.242],[15.882,59.232],[15.858,59.222],[15.779,59.206],[15.801,59.226],[15.805,59.231],[15.804,59.236],[15.79,59.238],[15.749,59.236],[15.734,59.239],[15.721,59.249],[15.699,59.27],[15.674,59.282],[15.633,59.293],[15.627,59.298],[15.63,59.307],[15.657,59.347],[15.655,59.35],[15.651,59.355],[15.64,59.362],[15.633,59.37],[15.63,59.38],[15.632,59.392],[15.638,59.403],[15.645,59.409],[15.722,59.422],[15.742,59.429],[15.752,59.441],[15.751,59.456],[15.745,59.47],[15.722,59.487],[15.717,59.492],[15.717,59.497],[15.717,59.499],[15.718,59.501],[15.738,59.521],[15.741,59.53],[15.74,59.54],[15.728,59.546],[15.718,59.547],[15.692,59.546],[15.679,59.548],[15.67,59.556],[15.665,59.569],[15.663,59.597],[15.656,59.615],[15.641,59.627],[15.621,59.63],[15.579,59.63],[15.567,59.632],[15.558,59.638],[15.553,59.651],[15.555,59.675],[15.573,59.72],[15.579,59.741],[15.575,59.761],[15.556,59.79],[15.539,59.807],[15.508,59.818],[15.489,59.821],[15.475,59.825],[15.472,59.83],[15.48,59.839],[15.483,59.847],[15.481,59.857],[15.464,59.871],[15.455,59.883],[15.464,59.898],[15.474,59.909],[15.485,59.917],[15.51,59.931],[15.517,59.943],[15.523,59.96],[15.535,59.973],[15.557,59.98],[15.593,59.98],[15.621,59.974],[15.645,59.966],[15.663,59.965],[15.682,59.969],[15.709,59.984],[15.719,59.994],[15.723,60.0],[15.721,60.039],[15.722,60.043],[15.723,60.048],[15.72,60.055],[15.708,60.062],[15.704,60.07],[15.709,60.078],[15.727,60.09],[15.738,60.103],[15.755,60.128],[15.752,60.134],[15.747,60.139],[15.75,60.147],[15.796,60.171],[15.815,60.178],[15.834,60.178],[15.859,60.175],[15.868,60.175],[15.925,60.187],[15.949,60.189],[15.975,60.189],[16.013,60.184],[16.033,60.178],[16.053,60.181],[16.063,60.176],[16.08,60.172],[16.115,60.167],[16.132,60.163],[16.154,60.149],[16.16,60.127],[16.164,60.12],[16.164,60.112],[16.167,60.105],[16.177,60.097],[16.205,60.087],[16.224,60.083],[16.32,60.078],[16.364,60.081],[16.424,60.091],[16.45,60.099],[16.473,60.111],[16.519,60.155],[16.554,60.176],[16.699,60.196],[16.719,60.202],[16.717,60.216],[16.758,60.206],[16.782,60.207],[16.81,60.211],[16.916,60.246],[16.927,60.255],[16.929,60.265],[16.927,60.272],[16.929,60.278],[16.935,60.283],[16.951,60.293],[16.966,60.296],[16.982,60.297],[17.021,60.294],[17.025,60.294],[17.031,60.291],[17.038,60.289],[17.12,60.284],[17.14,60.288],[17.159,60.297],[17.226,60.31],[17.369,60.251],[17.389,60.24],[17.394,60.225],[17.386,60.201],[17.308,60.077],[17.288,60.059],[17.271,60.05],[17.258,60.048],[17.232,60.05],[17.221,60.048],[17.211,60.042],[17.18,60.01],[17.168,60.001],[17.166,59.997],[17.164,59.991],[17.171,59.983],[17.183,59.977],[17.199,59.973],[17.208,59.968],[17.211,59.956],[17.21,59.939],[17.204,59.915],[17.195,59.898],[17.181,59.885],[17.129,59.867],[17.087,59.848],[17.069,59.841],[17.05,59.839],[17.038,59.842],[17.027,59.848],[17.014,59.861],[17.007,59.865],[16.951,59.871],[16.882,59.884],[16.867,59.885],[16.859,59.884],[16.856,59.879],[16.856,59.87],[16.859,59.846],[16.852,59.834],[16.838,59.823],[16.791,59.807],[16.788,59.798],[16.797,59.785],[16.9,59.669],[16.917,59.641],[16.947,59.563],[16.957,59.547],[16.966,59.532]]]}},{"type":"Feature","properties":{"name":"Jönköping","country":"SE"},"geometry":{"type":"Polygon","coordinates":[[[13.117,57.157],[13.136,57.168],[13.153,57.181],[13.207,57.239],[13.232,57.258],[13.252,57.267],[13.267,57.269],[13.275,57.271],[13.281,57.276],[13.299,57.305],[13.315,57.317],[13.334,57.324],[13.372,57.335],[13.413,57.355],[13.475,57.397],[13.518,57.416],[13.529,57.424],[13.542,57.436],[13.596,57.497],[13.638,57.535],[13.671,57.555],[13.683,57.565],[13.691,57.579],[13.692,57.617],[13.695,57.631],[13.706,57.647],[13.726,57.666],[13.73,57.677],[13.727,57.697],[13.724,57.709],[13.724,57.72],[13.735,57.744],[13.742,57.755],[13.75,57.764],[13.76,57.772],[13.767,57.781],[13.768,57.793],[13.768,57.809],[13.751,57.853],[13.805,57.852],[13.828,57.849],[13.932,57.855],[13.953,57.851],[13.979,57.839],[14.002,57.831],[14.018,57.829],[14.029,57.831],[14.034,57.837],[14.036,57.843],[14.039,57.852],[14.041,57.859],[14.045,57.864],[14.05,57.867],[14.057,57.87],[14.107,57.882],[14.11,57.884],[14.117,57.889],[14.182,57.905],[14.212,57.916],[14.234,57.928],[14.246,57.941],[14.25,57.953],[14.249,57.965],[14.239,57.99],[14.237,58.0],[14.237,58.002],[14.429,58.224],[14.486,58.154],[14.515,58.135],[14.598,58.112],[14.835,58.095],[14.875,58.097],[14.896,58.102],[14.912,58.111],[14.918,58.121],[14.924,58.139],[14.93,58.143],[14.94,58.146],[14.993,58.155],[15.0,58.154],[15.007,58.149],[15.011,58.142],[15.03,58.121],[15.038,58.109],[15.049,58.084],[15.056,58.062],[15.06,58.056],[15.067,58.048],[15.094,58.028],[15.101,58.021],[15.102,58.015],[15.099,58.009],[15.094,58.006],[15.087,58.003],[15.077,58.0],[15.054,57.997],[15.046,57.993],[15.04,57.986],[15.038,57.975],[15.034,57.967],[15.025,57.956],[15.025,57.95],[15.031,57.941],[15.033,57.935],[15.031,57.93],[15.025,57.923],[15.025,57.914],[15.032,57.902],[15.069,57.87],[15.081,57.857],[15.086,57.844],[15.088,57.832],[15.094,57.818],[15.106,57.798],[15.132,57.763],[15.153,57.74],[15.174,57.728],[15.197,57.723],[15.443,57.712],[15.464,57.696],[15.475,57.69],[15.509,57.677],[15.54,57.66],[15.551,57.656],[15.571,57.655],[15.577,57.654],[15.584,57.651],[15.604,57.645],[15.614,57.641],[15.622,57.636],[15.629,57.626],[15.634,57.622],[15.642,57.617],[15.664,57.613],[15.667,57.609],[15.663,57.603],[15.617,57.566],[15.613,57.558],[15.618,57.55],[15.628,57.545],[15.651,57.54],[15.659,57.536],[15.663,57.53],[15.664,57.52],[15.662,57.51],[15.654,57.501],[15.651,57.499],[15.648,57.497],[15.641,57.49],[15.635,57.479],[15.63,57.461],[15.621,57.451],[15.613,57.447],[15.604,57.447],[15.596,57.45],[15.59,57.456],[15.584,57.462],[15.577,57.466],[15.57,57.469],[15.561,57.47],[15.552,57.468],[15.541,57.464],[15.532,57.453],[15.527,57.44],[15.533,57.413],[15.533,57.404],[15.523,57.384],[15.522,57.374],[15.527,57.345],[15.523,57.33],[15.515,57.323],[15.501,57.316],[15.498,57.311],[15.495,57.302],[15.498,57.289],[15.504,57.276],[15.545,57.241],[15.551,57.211],[15.416,57.236],[15.37,57.239],[15.233,57.234],[15.221,57.237],[15.165,57.242],[15.159,57.239],[15.172,57.215],[15.175,57.205],[15.175,57.197],[15.168,57.196],[15.128,57.201],[15.104,57.198],[15.075,57.187],[15.022,57.159],[15.001,57.151],[14.984,57.15],[14.951,57.153],[14.93,57.16],[14.914,57.171],[14.908,57.181],[14.904,57.193],[14.893,57.201],[14.809,57.228],[14.769,57.228],[14.718,57.22],[14.547,57.176],[14.432,57.163],[14.404,57.156],[14.382,57.142],[14.373,57.124],[14.367,57.07],[14.356,57.043],[14.354,57.032],[14.356,57.022],[14.364,57.013],[14.373,57.008],[14.389,57.0],[14.39,56.999],[14.391,56.99],[14.396,56.974],[14.396,56.966],[14.393,56.955],[14.371,56.927],[14.335,56.893],[14.331,56.891],[14.328,56.89],[14.321,56.889],[14.291,56.891],[14.259,56.9],[14.244,56.908],[14.233,56.917],[14.194,56.983],[14.177,57.002],[14.172,57.006],[14.159,57.014],[14.141,57.022],[14.114,57.031],[14.088,57.043],[14.065,57.05],[14.052,57.051],[14.034,57.05],[14.01,57.044],[13.984,57.044],[13.951,57.039],[13.872,57.004],[13.862,57.002],[13.85,57.004],[13.809,57.025],[13.78,57.036],[13.762,57.033],[13.751,57.03],[13.694,56.983],[13.64,57.001],[13.607,57.021],[13.602,57.03],[13.601,57.04],[13.601,57.053],[13.592,57.068],[13.576,57.077],[13.555,57.085],[13.517,57.094],[13.505,57.102],[13.496,57.106],[13.488,57.108],[13.455,57.112],[13.427,57.118],[13.412,57.12],[13.395,57.121],[13.27,57.103],[13.253,57.103],[13.244,57.101],[13.239,57.097],[13.237,57.092],[13.234,57.087],[13.23,57.083],[13.224,57.079],[13.205,57.072],[13.196,57.066],[13.18,57.051],[13.172,57.046],[13.163,57.041],[13.152,57.038],[13.143,57.039],[13.138,57.041],[13.122,57.063],[13.101,57.084],[13.094,57.096],[13.09,57.11],[13.09,57.124],[13.095,57.139],[13.1,57.146],[13.117,57.157]]]}},{"type":"Feature","properties":{"name":"Orebro","country":"SE"},"geometry":{"type":"Polygon","coordinates":[[[14.476,59.562],[14.48,59.569],[14.482,59.584],[14.475,59.626],[14.467,59.647],[14.453,59.669],[14.445,59.687],[14.435,59.727],[14.434,59.752],[14.437,59.818],[14.428,59.907],[14.418,59.926],[14.402,59.936],[14.369,59.947],[14.358,59.953],[14.352,59.959],[14.355,59.967],[14.37,59.975],[14.456,60.002],[14.451,60.037],[14.717,60.018],[14.743,60.019],[14.771,60.023],[14.752,60.06],[14.757,60.079],[14.769,60.099],[14.813,60.116],[14.834,60.12],[14.849,60.12],[14.853,60.117],[14.854,60.113],[14.854,60.108],[14.856,60.103],[14.862,60.098],[14.881,60.089],[14.927,60.075],[15.018,60.064],[15.238,60.016],[15.258,60.008],[15.268,60.003],[15.455,59.883],[15.464,59.871],[15.481,59.857],[15.483,59.847],[15.48,59.839],[15.472,59.83],[15.475,59.825],[15.489,59.821],[15.508,59.818],[15.539,59.807],[15.556,59.79],[15.575,59.761],[15.579,59.741],[15.573,59.72],[15.555,59.675],[15.553,59.651],[15.558,59.638],[15.567,59.632],[15.579,59.63],[15.621,59.63],[15.641,59.627],[15.656,59.615],[15.663,59.597],[15.665,59.569],[15.67,59.556],[15.679,59.548],[15.692,59.546],[15.718,59.547],[15.728,59.546],[15.74,59.54],[15.741,59.53],[15.738,59.521],[15.718,59.501],[15.717,59.499],[15.717,59.497],[15.717,59.492],[15.722,59.487],[15.745,59.47],[15.751,59.456],[15.752,59.441],[15.742,59.429],[15.722,59.422],[15.645,59.409],[15.638,59.403],[15.632,59.392],[15.63,59.38],[15.633,59.37],[15.64,59.362],[15.651,59.355],[15.655,59.35],[15.657,59.347],[15.63,59.307],[15.627,59.298],[15.633,59.293],[15.674,59.282],[15.699,59.27],[15.721,59.249],[15.734,59.239],[15.749,59.236],[15.79,59.238],[15.804,59.236],[15.805,59.231],[15.801,59.226],[15.779,59.206],[15.771,59.197],[15.774,59.188],[15.783,59.172],[15.807,59.138],[15.809,59.129],[15.804,59.122],[15.79,59.115],[15.77,59.109],[15.741,59.105],[15.725,59.1],[15.713,59.095],[15.701,59.083],[15.668,59.064],[15.654,59.055],[15.644,59.046],[15.64,59.036],[15.648,59.025],[15.66,59.015],[15.724,58.984],[15.679,58.975],[15.652,58.973],[15.625,58.966],[15.603,58.957],[15.594,58.949],[15.593,58.941],[15.596,58.934],[15.599,58.922],[15.593,58.907],[15.567,58.885],[15.539,58.874],[15.429,58.846],[15.401,58.842],[15.373,58.842],[15.337,58.849],[15.31,58.85],[15.279,58.845],[15.171,58.808],[15.141,58.791],[15.063,58.73],[15.029,58.708],[15.011,58.699],[14.895,58.681],[14.86,58.67],[14.812,58.645],[14.747,58.672],[14.726,58.687],[14.713,58.713],[14.695,58.734],[14.675,58.742],[14.656,58.745],[14.644,58.742],[14.639,58.737],[14.637,58.732],[14.633,58.727],[14.625,58.722],[14.609,58.715],[14.589,58.709],[14.581,58.709],[14.576,58.713],[14.571,58.722],[14.56,58.725],[14.521,58.728],[14.496,58.735],[14.488,58.745],[14.486,58.764],[14.48,58.78],[14.466,58.797],[14.41,58.845],[14.4,58.86],[14.399,58.871],[14.4,58.885],[14.398,58.894],[14.392,58.905],[14.371,58.928],[14.353,58.953],[14.336,58.98],[14.329,58.989],[14.313,59.016],[14.328,59.057],[14.332,59.096],[14.327,59.117],[14.314,59.148],[14.311,59.161],[14.31,59.207],[14.314,59.241],[14.33,59.3],[14.349,59.341],[14.373,59.377],[14.408,59.419],[14.414,59.43],[14.417,59.437],[14.424,59.443],[14.457,59.463],[14.468,59.472],[14.473,59.483],[14.469,59.498],[14.466,59.501],[14.447,59.511],[14.436,59.518],[14.43,59.529],[14.43,59.541],[14.437,59.557],[14.445,59.565],[14.455,59.568],[14.464,59.566],[14.476,59.562]]]}},{"type":"Feature","properties":{"name":"Kronoberg","country":"SE"},"geometry":{"type":"Polygon","coordinates":[[[13.501,56.424],[13.472,56.448],[13.456,56.474],[13.453,56.484],[13.452,56.492],[13.452,56.5],[13.455,56.505],[13.456,56.514],[13.456,56.528],[13.449,56.559],[13.438,56.579],[13.419,56.603],[13.352,56.67],[13.334,56.685],[13.311,56.698],[13.308,56.702],[13.314,56.71],[13.316,56.716],[13.316,56.725],[13.315,56.74],[13.32,56.789],[13.318,56.818],[13.321,56.832],[13.328,56.844],[13.341,56.86],[13.346,56.865],[13.352,56.868],[13.369,56.869],[13.403,56.877],[13.419,56.879],[13.486,56.879],[13.5,56.881],[13.539,56.894],[13.622,56.907],[13.641,56.913],[13.657,56.921],[13.677,56.934],[13.693,56.953],[13.698,56.965],[13.694,56.983],[13.751,57.03],[13.762,57.033],[13.78,57.036],[13.809,57.025],[13.85,57.004],[13.862,57.002],[13.872,57.004],[13.951,57.039],[13.984,57.044],[14.01,57.044],[14.034,57.05],[14.052,57.051],[14.065,57.05],[14.088,57.043],[14.114,57.031],[14.141,57.022],[14.159,57.014],[14.172,57.006],[14.177,57.002],[14.194,56.983],[14.233,56.917],[14.244,56.908],[14.259,56.9],[14.291,56.891],[14.321,56.889],[14.328,56.89],[14.331,56.891],[14.335,56.893],[14.371,56.927],[14.393,56.955],[14.396,56.966],[14.396,56.974],[14.391,56.99],[14.39,56.999],[14.389,57.0],[14.373,57.008],[14.364,57.013],[14.356,57.022],[14.354,57.032],[14.356,57.043],[14.367,57.07],[14.373,57.124],[14.382,57.142],[14.404,57.156],[14.432,57.163],[14.547,57.176],[14.718,57.22],[14.769,57.228],[14.809,57.228],[14.893,57.201],[14.904,57.193],[14.908,57.181],[14.914,57.171],[14.93,57.16],[14.951,57.153],[14.984,57.15],[15.001,57.151],[15.022,57.159],[15.075,57.187],[15.104,57.198],[15.128,57.201],[15.168,57.196],[15.175,57.197],[15.175,57.205],[15.172,57.215],[15.159,57.239],[15.165,57.242],[15.221,57.237],[15.233,57.234],[15.37,57.239],[15.416,57.236],[15.551,57.211],[15.576,57.199],[15.584,57.193],[15.586,57.184],[15.585,57.169],[15.591,57.157],[15.606,57.149],[15.662,57.135],[15.673,57.13],[15.675,57.126],[15.677,57.12],[15.681,57.114],[15.688,57.107],[15.731,57.082],[15.741,57.075],[15.75,57.064],[15.806,57.02],[15.813,57.011],[15.817,57.004],[15.819,56.998],[15.822,56.994],[15.839,56.972],[15.846,56.958],[15.846,56.943],[15.836,56.927],[15.811,56.913],[15.783,56.908],[15.691,56.908],[15.674,56.903],[15.665,56.902],[15.655,56.903],[15.593,56.922],[15.575,56.924],[15.56,56.922],[15.547,56.918],[15.535,56.911],[15.528,56.903],[15.529,56.892],[15.545,56.867],[15.553,56.852],[15.558,56.837],[15.559,56.824],[15.556,56.815],[15.547,56.808],[15.535,56.802],[15.522,56.799],[15.474,56.798],[15.46,56.797],[15.448,56.793],[15.435,56.785],[15.426,56.781],[15.401,56.774],[15.394,56.768],[15.392,56.757],[15.4,56.736],[15.413,56.711],[15.417,56.698],[15.419,56.678],[15.409,56.587],[15.409,56.569],[15.405,56.559],[15.397,56.552],[15.385,56.548],[15.376,56.541],[15.369,56.532],[15.355,56.5],[15.355,56.497],[15.355,56.492],[15.363,56.482],[15.343,56.469],[15.331,56.467],[15.317,56.467],[15.289,56.471],[15.268,56.471],[15.247,56.468],[15.237,56.462],[15.232,56.455],[15.227,56.449],[15.223,56.446],[15.216,56.443],[15.205,56.443],[15.188,56.444],[15.165,56.449],[15.135,56.46],[15.121,56.463],[15.104,56.463],[15.057,56.454],[15.014,56.453],[15.003,56.451],[14.996,56.447],[14.993,56.441],[14.989,56.434],[14.983,56.426],[14.948,56.399],[14.915,56.382],[14.894,56.378],[14.87,56.379],[14.725,56.402],[14.7,56.41],[14.664,56.427],[14.627,56.45],[14.596,56.465],[14.541,56.477],[14.359,56.507],[14.308,56.52],[14.278,56.524],[14.162,56.523],[14.146,56.526],[14.123,56.539],[14.109,56.542],[14.095,56.541],[14.077,56.534],[14.063,56.526],[14.056,56.518],[14.052,56.512],[14.047,56.499],[14.042,56.493],[14.024,56.486],[13.993,56.479],[13.577,56.424],[13.501,56.424]]]}},{"type":"Feature","properties":{"name":"Oppland","country":"NO"},"geometry":{"type":"Polygon","coordinates":[[[11.164,60.623],[11.162,60.621],[11.126,60.599],[11.121,60.593],[11.116,60.584],[11.118,60.566],[11.118,60.557],[11.114,60.544],[11.108,60.538],[11.095,60.532],[10.862,60.49],[10.796,60.501],[10.788,60.504],[10.761,60.517],[10.749,60.524],[10.734,60.531],[10.716,60.523],[10.714,60.517],[10.699,60.484],[10.685,60.465],[10.682,60.453],[10.684,60.447],[10.692,60.445],[10.809,60.437],[10.83,60.433],[10.857,60.419],[10.919,60.374],[10.922,60.357],[10.92,60.352],[10.913,60.342],[10.817,60.268],[10.8,60.251],[10.775,60.217],[10.754,60.168],[10.75,60.164],[10.743,60.16],[10.722,60.165],[10.708,60.164],[10.68,60.153],[10.624,60.155],[10.556,60.184],[10.398,60.236],[10.379,60.246],[10.332,60.28],[10.306,60.303],[10.237,60.379],[10.225,60.396],[10.216,60.415],[10.181,60.508],[10.168,60.532],[10.144,60.56],[10.106,60.597],[10.093,60.618],[10.079,60.632],[10.044,60.655],[9.943,60.659],[9.937,60.654],[9.932,60.649],[9.942,60.642],[9.947,60.634],[9.946,60.626],[9.935,60.616],[9.925,60.613],[9.843,60.601],[9.821,60.591],[9.808,60.579],[9.803,60.566],[9.806,60.547],[9.828,60.501],[9.831,60.485],[9.749,60.493],[9.658,60.515],[9.638,60.526],[9.629,60.538],[9.62,60.551],[9.606,60.561],[9.582,60.565],[9.477,60.569],[9.443,60.574],[9.41,60.585],[9.408,60.629],[9.395,60.646],[9.319,60.715],[9.321,60.738],[9.326,60.753],[9.322,60.765],[9.312,60.775],[9.301,60.782],[9.281,60.789],[9.215,60.803],[8.971,60.881],[8.893,60.913],[8.742,60.931],[8.663,60.95],[8.632,60.964],[8.627,60.972],[8.621,60.983],[8.618,60.993],[8.614,60.998],[8.612,61.0],[8.605,61.004],[8.569,61.017],[8.459,61.039],[8.387,61.06],[8.34,61.082],[8.28,61.118],[8.261,61.112],[8.198,61.072],[8.182,61.108],[8.07,61.188],[8.052,61.208],[8.045,61.223],[8.047,61.231],[8.055,61.24],[8.135,61.283],[8.204,61.337],[8.192,61.36],[8.172,61.377],[8.151,61.388],[8.143,61.397],[8.14,61.404],[8.142,61.427],[8.165,61.436],[8.309,61.45],[8.275,61.478],[8.204,61.524],[8.005,61.57],[7.992,61.576],[7.953,61.608],[7.935,61.629],[7.923,61.648],[7.918,61.666],[7.915,61.68],[7.912,61.712],[7.904,61.723],[7.891,61.736],[7.869,61.745],[7.838,61.752],[7.756,61.761],[7.52,61.754],[7.492,61.761],[7.467,61.785],[7.424,61.841],[7.394,61.878],[7.392,61.891],[7.392,61.914],[7.405,61.975],[7.405,62.004],[7.396,62.018],[7.385,62.029],[7.369,62.039],[7.359,62.044],[7.348,62.047],[7.328,62.05],[7.377,62.062],[7.464,62.093],[7.498,62.1],[7.522,62.102],[7.552,62.092],[7.57,62.088],[7.596,62.088],[7.611,62.092],[7.619,62.097],[7.611,62.113],[7.612,62.123],[7.631,62.135],[7.679,62.158],[7.708,62.178],[7.728,62.195],[7.743,62.2],[7.763,62.204],[7.787,62.206],[7.806,62.204],[7.84,62.195],[7.905,62.187],[7.971,62.191],[8.022,62.21],[8.048,62.225],[8.072,62.243],[8.085,62.257],[8.133,62.328],[8.145,62.341],[8.154,62.346],[8.173,62.349],[8.299,62.357],[8.409,62.379],[8.649,62.387],[8.852,62.389],[8.968,62.372],[9.021,62.371],[9.091,62.38],[9.243,62.351],[9.461,62.307],[9.511,62.291],[9.597,62.274],[9.783,62.286],[9.671,62.205],[9.656,62.189],[9.659,62.17],[9.688,62.156],[9.825,62.112],[9.889,62.085],[9.903,62.075],[9.909,62.065],[9.903,62.056],[9.834,62.036],[9.819,62.028],[9.808,62.018],[9.804,62.009],[9.803,62.003],[9.803,62.001],[9.809,61.978],[9.809,61.968],[9.803,61.95],[9.806,61.938],[9.812,61.93],[9.858,61.911],[9.954,61.898],[9.999,61.883],[10.009,61.896],[10.008,61.899],[10.005,61.902],[10.001,61.905],[9.999,61.907],[10.005,61.911],[10.045,61.915],[10.086,61.904],[10.107,61.848],[10.065,61.795],[10.058,61.756],[10.281,61.722],[10.299,61.716],[10.315,61.707],[10.36,61.69],[10.39,61.682],[10.4,61.683],[10.475,61.718],[10.493,61.73],[10.518,61.737],[10.567,61.745],[10.585,61.745],[10.597,61.741],[10.608,61.735],[10.626,61.707],[10.679,61.556],[10.688,61.48],[10.854,61.281],[10.778,61.259],[10.745,61.241],[10.738,61.228],[10.732,61.221],[10.64,61.143],[10.604,61.119],[10.497,61.069],[10.486,61.068],[10.475,61.065],[10.448,61.057],[10.45,61.047],[10.459,61.037],[10.516,61.005],[10.576,60.989],[10.601,60.978],[10.73,60.884],[10.738,60.868],[10.735,60.859],[10.716,60.843],[10.711,60.835],[10.713,60.825],[10.719,60.814],[10.727,60.804],[10.767,60.783],[10.78,60.78],[10.79,60.779],[10.806,60.768],[11.048,60.685],[11.128,60.648],[11.131,60.645],[11.148,60.642],[11.164,60.623]]]}},{"type":"Feature","properties":{"name":"Northern Savonia","country":"FI"},"geometry":{"type":"Polygon","coordinates":[[[26.872,64.033],[27.388,63.973],[27.41,63.964],[27.436,63.946],[27.445,63.945],[27.462,63.944],[27.49,63.947],[27.499,63.952],[27.497,63.955],[27.495,63.956],[27.522,63.957],[27.55,63.953],[27.642,63.925],[27.745,63.908],[28.008,63.798],[28.046,63.789],[28.083,63.776],[28.152,63.722],[28.226,63.7],[28.244,63.687],[28.261,63.679],[28.287,63.685],[28.306,63.697],[28.326,63.715],[28.344,63.734],[28.358,63.753],[28.389,63.741],[28.446,63.705],[28.47,63.697],[28.55,63.693],[28.579,63.687],[28.596,63.682],[28.607,63.673],[28.604,63.671],[28.588,63.657],[28.607,63.622],[28.615,63.595],[28.634,63.572],[28.659,63.561],[28.675,63.549],[28.663,63.547],[28.641,63.545],[28.621,63.54],[28.612,63.532],[28.617,63.514],[28.626,63.504],[28.638,63.481],[28.648,63.458],[28.661,63.437],[28.682,63.42],[28.709,63.407],[28.753,63.39],[28.761,63.377],[28.757,63.367],[28.756,63.359],[28.753,63.335],[28.748,63.323],[28.736,63.311],[28.703,63.29],[28.7,63.283],[28.707,63.278],[28.71,63.277],[28.705,63.271],[28.653,63.252],[28.648,63.247],[28.66,63.243],[28.657,63.236],[28.618,63.209],[28.642,63.197],[28.672,63.187],[28.72,63.164],[28.877,63.06],[29.052,62.999],[29.057,62.982],[29.045,62.975],[28.989,62.96],[28.976,62.955],[28.969,62.946],[28.974,62.944],[28.99,62.935],[28.994,62.933],[28.99,62.928],[28.981,62.926],[28.963,62.926],[28.947,62.932],[28.939,62.935],[28.933,62.928],[28.94,62.918],[28.956,62.908],[28.987,62.898],[29.011,62.877],[29.039,62.862],[29.088,62.85],[29.081,62.837],[28.956,62.788],[28.924,62.782],[28.88,62.795],[28.839,62.816],[28.796,62.828],[28.77,62.826],[28.744,62.794],[28.727,62.781],[28.673,62.767],[28.646,62.744],[28.702,62.692],[28.687,62.685],[28.68,62.681],[28.668,62.67],[28.658,62.653],[28.649,62.639],[28.635,62.625],[28.62,62.613],[28.613,62.609],[28.609,62.606],[28.631,62.605],[28.616,62.596],[28.596,62.591],[28.495,62.587],[28.479,62.581],[28.535,62.571],[28.535,62.559],[28.52,62.556],[28.511,62.561],[28.432,62.568],[28.413,62.577],[28.408,62.571],[28.411,62.568],[28.413,62.567],[28.415,62.566],[28.403,62.529],[28.393,62.516],[28.382,62.51],[28.371,62.5],[28.389,62.486],[28.395,62.474],[28.387,62.461],[28.366,62.458],[28.292,62.471],[28.283,62.465],[28.287,62.46],[28.302,62.454],[28.305,62.449],[28.303,62.444],[28.296,62.441],[28.288,62.442],[28.274,62.44],[28.261,62.434],[28.255,62.43],[28.258,62.423],[28.266,62.421],[28.278,62.415],[28.286,62.405],[28.288,62.398],[28.295,62.389],[28.323,62.38],[28.329,62.379],[28.325,62.366],[28.31,62.358],[28.276,62.354],[28.239,62.356],[28.21,62.354],[28.09,62.317],[28.075,62.298],[28.068,62.286],[28.036,62.281],[27.974,62.282],[27.959,62.278],[27.981,62.277],[27.978,62.267],[27.967,62.26],[27.947,62.263],[27.924,62.275],[27.9,62.286],[27.883,62.281],[27.848,62.28],[27.838,62.279],[27.764,62.319],[27.743,62.34],[27.764,62.364],[27.735,62.37],[27.689,62.376],[27.689,62.377],[27.692,62.383],[27.692,62.386],[27.669,62.394],[27.542,62.453],[27.507,62.472],[27.49,62.477],[27.46,62.49],[27.442,62.493],[27.439,62.495],[27.418,62.506],[27.386,62.514],[27.381,62.517],[27.348,62.521],[27.35,62.519],[27.357,62.505],[27.351,62.499],[27.344,62.497],[27.305,62.481],[27.279,62.475],[27.255,62.474],[27.203,62.464],[27.185,62.464],[27.179,62.47],[27.16,62.482],[27.142,62.486],[27.123,62.488],[27.069,62.475],[27.033,62.473],[26.985,62.481],[26.971,62.482],[26.959,62.479],[26.96,62.464],[26.967,62.454],[26.951,62.454],[26.881,62.474],[26.861,62.474],[26.842,62.466],[26.83,62.459],[26.822,62.45],[26.825,62.449],[26.834,62.446],[26.82,62.437],[26.801,62.432],[26.77,62.432],[26.712,62.451],[26.687,62.461],[26.618,62.464],[26.589,62.471],[26.488,62.512],[26.482,62.525],[26.582,62.582],[26.595,62.594],[26.592,62.599],[26.589,62.6],[26.585,62.6],[26.582,62.601],[26.592,62.611],[26.597,62.626],[26.583,62.657],[26.561,62.689],[26.537,62.703],[26.527,62.722],[26.521,62.736],[26.506,62.749],[26.472,62.767],[26.44,62.779],[26.416,62.78],[26.395,62.765],[26.375,62.754],[26.36,62.758],[26.174,62.832],[26.162,62.844],[26.183,62.859],[26.188,62.861],[26.167,62.872],[26.102,62.892],[26.068,62.908],[26.052,62.921],[26.064,62.938],[26.184,62.954],[26.24,62.951],[26.28,62.945],[26.291,62.946],[26.311,62.956],[26.324,62.969],[26.319,62.981],[26.301,62.983],[26.272,62.992],[26.248,63.007],[26.237,63.015],[26.234,63.032],[26.244,63.038],[26.269,63.041],[26.314,63.038],[26.3,63.051],[26.272,63.064],[26.234,63.094],[26.202,63.125],[26.161,63.151],[26.156,63.182],[26.155,63.203],[26.161,63.212],[26.183,63.216],[26.184,63.228],[26.166,63.257],[26.134,63.316],[26.11,63.342],[26.094,63.351],[26.087,63.368],[26.099,63.38],[26.163,63.43],[26.17,63.443],[26.148,63.453],[26.138,63.456],[26.167,63.481],[26.175,63.491],[26.181,63.503],[26.192,63.539],[26.199,63.553],[26.22,63.571],[26.245,63.58],[26.286,63.589],[26.289,63.623],[26.252,63.782],[26.238,63.807],[26.299,63.854],[26.694,64.005],[26.872,64.033]]]}},{"type":"Feature","properties":{"name":"Southern Savonia","country":"FI"},"geometry":{"type":"Polygon","coordinates":[[[28.52,62.556],[28.535,62.559],[28.535,62.571],[28.479,62.581],[28.495,62.587],[28.596,62.591],[28.616,62.596],[28.631,62.605],[28.609,62.606],[28.613,62.609],[28.62,62.613],[28.635,62.625],[28.649,62.639],[28.658,62.653],[28.81,62.631],[28.827,62.625],[28.914,62.585],[28.932,62.58],[28.956,62.566],[28.964,62.558],[28.989,62.544],[29.031,62.53],[29.04,62.524],[29.015,62.514],[29.024,62.509],[29.107,62.491],[29.114,62.483],[29.107,62.477],[29.097,62.462],[29.088,62.444],[29.085,62.434],[29.084,62.421],[29.087,62.42],[29.093,62.418],[29.105,62.417],[29.108,62.414],[29.102,62.399],[29.102,62.397],[29.112,62.392],[29.143,62.385],[29.159,62.386],[29.163,62.39],[29.183,62.41],[29.209,62.418],[29.25,62.41],[29.281,62.383],[29.313,62.332],[29.34,62.299],[29.356,62.283],[29.393,62.255],[29.413,62.245],[29.421,62.22],[29.415,62.2],[29.422,62.161],[29.441,62.125],[29.459,62.099],[29.494,62.062],[29.545,62.026],[29.605,61.997],[29.634,61.987],[29.656,61.973],[29.634,61.952],[29.622,61.935],[29.617,61.923],[29.624,61.906],[29.686,61.875],[29.693,61.867],[29.674,61.85],[29.69,61.843],[29.694,61.825],[29.654,61.783],[29.564,61.724],[29.532,61.685],[29.466,61.658],[29.341,61.621],[29.272,61.572],[29.246,61.56],[29.19,61.548],[29.053,61.534],[28.893,61.533],[28.838,61.539],[28.821,61.538],[28.815,61.531],[28.817,61.508],[28.809,61.498],[28.75,61.482],[28.653,61.47],[28.563,61.473],[28.538,61.481],[28.51,61.508],[28.494,61.512],[28.469,61.509],[28.447,61.498],[28.425,61.481],[28.42,61.476],[28.416,61.468],[28.409,61.458],[28.396,61.447],[28.342,61.419],[28.181,61.373],[27.54,61.36],[27.303,61.401],[27.25,61.404],[27.202,61.4],[27.113,61.373],[27.092,61.371],[27.018,61.375],[26.985,61.369],[26.968,61.36],[26.976,61.344],[27.143,61.328],[27.241,61.33],[27.256,61.324],[27.243,61.319],[27.226,61.316],[27.241,61.305],[27.277,61.289],[27.331,61.253],[27.333,61.237],[27.325,61.229],[27.336,61.218],[27.361,61.213],[27.386,61.213],[27.386,61.21],[27.388,61.206],[27.39,61.204],[27.383,61.2],[27.374,61.197],[27.367,61.193],[27.366,61.187],[27.367,61.181],[27.349,61.171],[27.33,61.168],[27.213,61.162],[27.002,61.151],[26.944,61.171],[26.928,61.185],[26.925,61.191],[26.922,61.204],[26.922,61.21],[26.918,61.227],[26.909,61.24],[26.897,61.249],[26.887,61.261],[26.884,61.271],[26.872,61.283],[26.838,61.283],[26.816,61.279],[26.797,61.273],[26.785,61.266],[26.77,61.247],[26.761,61.239],[26.733,61.226],[26.699,61.214],[26.664,61.21],[26.649,61.212],[26.64,61.221],[26.645,61.225],[26.666,61.248],[26.661,61.257],[26.653,61.263],[26.645,61.274],[26.635,61.283],[26.612,61.287],[26.515,61.274],[26.498,61.3],[26.479,61.312],[26.403,61.324],[26.372,61.335],[26.318,61.362],[26.304,61.365],[26.294,61.371],[26.305,61.386],[26.313,61.394],[26.319,61.397],[26.315,61.403],[26.284,61.414],[26.266,61.425],[26.257,61.439],[26.26,61.446],[26.278,61.469],[26.284,61.478],[26.281,61.484],[26.277,61.488],[26.264,61.498],[26.26,61.502],[26.266,61.514],[26.277,61.521],[26.288,61.525],[26.291,61.525],[26.292,61.533],[26.292,61.542],[26.29,61.556],[26.285,61.566],[26.28,61.572],[26.282,61.577],[26.317,61.573],[26.32,61.576],[26.32,61.581],[26.321,61.597],[26.32,61.608],[26.331,61.609],[26.355,61.617],[26.358,61.624],[26.358,61.629],[26.361,61.636],[26.373,61.652],[26.395,61.656],[26.497,61.631],[26.515,61.639],[26.529,61.686],[26.529,61.702],[26.521,61.715],[26.488,61.748],[26.474,61.758],[26.386,61.804],[26.378,61.812],[26.373,61.829],[26.379,61.866],[26.379,61.875],[26.37,61.884],[26.34,61.885],[26.334,61.884],[26.346,61.915],[26.348,61.94],[26.361,61.958],[26.387,61.965],[26.39,61.99],[26.247,62.101],[26.245,62.137],[26.334,62.197],[26.4,62.223],[26.425,62.224],[26.453,62.212],[26.461,62.214],[26.475,62.219],[26.488,62.226],[26.494,62.231],[26.496,62.237],[26.493,62.238],[26.488,62.239],[26.484,62.24],[26.5,62.251],[26.52,62.256],[26.533,62.257],[26.557,62.254],[26.568,62.25],[26.596,62.236],[26.622,62.227],[26.648,62.226],[26.657,62.23],[26.647,62.236],[26.636,62.246],[26.636,62.254],[26.633,62.268],[26.627,62.28],[26.623,62.285],[26.627,62.296],[26.655,62.301],[26.67,62.306],[26.676,62.311],[26.679,62.318],[26.676,62.319],[26.669,62.32],[26.666,62.321],[26.673,62.333],[26.685,62.34],[26.715,62.348],[26.764,62.354],[26.767,62.362],[26.694,62.393],[26.687,62.405],[26.693,62.411],[26.698,62.418],[26.705,62.432],[26.712,62.451],[26.77,62.432],[26.801,62.432],[26.82,62.437],[26.834,62.446],[26.825,62.449],[26.822,62.45],[26.83,62.459],[26.842,62.466],[26.861,62.474],[26.881,62.474],[26.951,62.454],[26.967,62.454],[26.96,62.464],[26.959,62.479],[26.971,62.482],[26.985,62.481],[27.033,62.473],[27.069,62.475],[27.123,62.488],[27.142,62.486],[27.16,62.482],[27.179,62.47],[27.185,62.464],[27.203,62.464],[27.255,62.474],[27.279,62.475],[27.305,62.481],[27.344,62.497],[27.351,62.499],[27.357,62.505],[27.35,62.519],[27.348,62.521],[27.381,62.517],[27.386,62.514],[27.418,62.506],[27.439,62.495],[27.442,62.493],[27.46,62.49],[27.49,62.477],[27.507,62.472],[27.542,62.453],[27.669,62.394],[27.692,62.386],[27.692,62.383],[27.689,62.377],[27.689,62.376],[27.735,62.37],[27.764,62.364],[27.743,62.34],[27.764,62.319],[27.838,62.279],[27.848,62.28],[27.883,62.281],[27.9,62.286],[27.924,62.275],[27.947,62.263],[27.967,62.26],[27.978,62.267],[27.981,62.277],[27.959,62.278],[27.974,62.282],[28.036,62.281],[28.068,62.286],[28.075,62.298],[28.09,62.317],[28.21,62.354],[28.239,62.356],[28.276,62.354],[28.31,62.358],[28.325,62.366],[28.329,62.379],[28.323,62.38],[28.295,62.389],[28.288,62.398],[28.286,62.405],[28.278,62.415],[28.266,62.421],[28.258,62.423],[28.255,62.43],[28.261,62.434],[28.274,62.44],[28.288,62.442],[28.296,62.441],[28.303,62.444],[28.305,62.449],[28.302,62.454],[28.287,62.46],[28.283,62.465],[28.292,62.471],[28.366,62.458],[28.387,62.461],[28.395,62.474],[28.389,62.486],[28.371,62.5],[28.382,62.51],[28.393,62.516],[28.403,62.529],[28.415,62.566],[28.413,62.567],[28.411,62.568],[28.408,62.571],[28.413,62.577],[28.432,62.568],[28.511,62.561],[28.52,62.556]]]}},{"type":"Feature","properties":{"name":"Central Finland","country":"FI"},"geometry":{"type":"Polygon","coordinates":[[[26.138,63.456],[26.148,63.453],[26.17,63.443],[26.163,63.43],[26.099,63.38],[26.087,63.368],[26.094,63.351],[26.11,63.342],[26.134,63.316],[26.166,63.257],[26.184,63.228],[26.183,63.216],[26.161,63.212],[26.155,63.203],[26.156,63.182],[26.161,63.151],[26.202,63.125],[26.234,63.094],[26.272,63.064],[26.3,63.051],[26.314,63.038],[26.269,63.041],[26.244,63.038],[26.234,63.032],[26.237,63.015],[26.248,63.007],[26.272,62.992],[26.301,62.983],[26.319,62.981],[26.324,62.969],[26.311,62.956],[26.291,62.946],[26.28,62.945],[26.24,62.951],[26.184,62.954],[26.064,62.938],[26.052,62.921],[26.068,62.908],[26.102,62.892],[26.167,62.872],[26.188,62.861],[26.183,62.859],[26.162,62.844],[26.174,62.832],[26.36,62.758],[26.375,62.754],[26.395,62.765],[26.416,62.78],[26.44,62.779],[26.472,62.767],[26.506,62.749],[26.521,62.736],[26.527,62.722],[26.537,62.703],[26.561,62.689],[26.583,62.657],[26.597,62.626],[26.592,62.611],[26.582,62.601],[26.585,62.6],[26.589,62.6],[26.592,62.599],[26.595,62.594],[26.582,62.582],[26.482,62.525],[26.488,62.512],[26.589,62.471],[26.618,62.464],[26.687,62.461],[26.712,62.451],[26.705,62.432],[26.698,62.418],[26.693,62.411],[26.687,62.405],[26.694,62.393],[26.767,62.362],[26.764,62.354],[26.715,62.348],[26.685,62.34],[26.673,62.333],[26.666,62.321],[26.669,62.32],[26.676,62.319],[26.679,62.318],[26.676,62.311],[26.67,62.306],[26.655,62.301],[26.627,62.296],[26.623,62.285],[26.627,62.28],[26.633,62.268],[26.636,62.254],[26.636,62.246],[26.647,62.236],[26.657,62.23],[26.648,62.226],[26.622,62.227],[26.596,62.236],[26.568,62.25],[26.557,62.254],[26.533,62.257],[26.52,62.256],[26.5,62.251],[26.484,62.24],[26.488,62.239],[26.493,62.238],[26.496,62.237],[26.494,62.231],[26.488,62.226],[26.475,62.219],[26.461,62.214],[26.453,62.212],[26.425,62.224],[26.4,62.223],[26.334,62.197],[26.245,62.137],[26.247,62.101],[26.39,61.99],[26.387,61.965],[26.361,61.958],[26.348,61.94],[26.346,61.915],[26.334,61.884],[26.34,61.885],[26.37,61.884],[26.379,61.875],[26.379,61.866],[26.373,61.829],[26.378,61.812],[26.386,61.804],[26.474,61.758],[26.488,61.748],[26.521,61.715],[26.529,61.702],[26.529,61.686],[26.515,61.639],[26.497,61.631],[26.395,61.656],[26.373,61.652],[26.361,61.636],[26.358,61.629],[26.358,61.624],[26.355,61.617],[26.331,61.609],[26.32,61.608],[26.312,61.617],[26.307,61.624],[26.308,61.632],[26.312,61.639],[26.304,61.65],[26.289,61.652],[26.253,61.65],[26.164,61.631],[26.155,61.627],[26.146,61.626],[26.119,61.643],[26.078,61.651],[26.067,61.657],[26.058,61.666],[26.057,61.668],[26.062,61.67],[26.067,61.677],[26.072,61.687],[26.08,61.7],[26.082,61.705],[26.078,61.71],[26.07,61.714],[26.065,61.719],[26.052,61.727],[26.03,61.718],[26.009,61.721],[26.0,61.727],[25.987,61.749],[25.978,61.758],[25.964,61.767],[25.925,61.784],[25.916,61.779],[25.912,61.77],[25.901,61.761],[25.885,61.759],[25.875,61.76],[25.871,61.769],[25.876,61.776],[25.878,61.787],[25.871,61.795],[25.862,61.798],[25.851,61.786],[25.845,61.774],[25.816,61.735],[25.779,61.701],[25.764,61.693],[25.748,61.693],[25.757,61.702],[25.739,61.705],[25.691,61.706],[25.664,61.704],[25.634,61.696],[25.598,61.679],[25.582,61.675],[25.531,61.681],[25.516,61.678],[25.503,61.654],[25.477,61.564],[25.461,61.527],[25.444,61.504],[25.427,61.49],[25.403,61.484],[24.967,61.451],[24.958,61.456],[24.942,61.487],[24.936,61.517],[24.921,61.539],[24.9,61.545],[24.897,61.55],[24.912,61.562],[24.907,61.58],[24.875,61.583],[24.852,61.572],[24.829,61.568],[24.822,61.579],[24.803,61.597],[24.79,61.615],[24.798,61.637],[24.83,61.653],[24.871,61.649],[24.936,61.633],[24.958,61.638],[24.958,61.644],[24.959,61.648],[24.963,61.651],[24.968,61.657],[24.966,61.667],[24.942,61.683],[24.928,61.696],[24.923,61.709],[24.931,61.727],[24.945,61.735],[24.961,61.733],[24.967,61.728],[24.985,61.724],[24.996,61.732],[24.994,61.747],[24.971,61.772],[24.966,61.781],[24.971,61.783],[24.981,61.787],[24.959,61.792],[24.938,61.801],[24.93,61.83],[24.94,61.869],[24.947,61.918],[24.937,61.951],[24.896,62.021],[24.888,62.039],[24.869,62.056],[24.773,62.034],[24.743,62.034],[24.685,62.05],[24.669,62.059],[24.667,62.066],[24.666,62.082],[24.668,62.099],[24.669,62.109],[24.652,62.121],[24.633,62.127],[24.609,62.143],[24.589,62.163],[24.565,62.181],[24.53,62.193],[24.5,62.193],[24.448,62.18],[24.431,62.174],[24.444,62.16],[24.416,62.155],[24.376,62.159],[24.364,62.166],[24.333,62.175],[24.293,62.207],[24.281,62.229],[24.246,62.255],[24.164,62.263],[24.119,62.273],[24.078,62.286],[24.054,62.296],[24.035,62.309],[24.023,62.331],[24.02,62.364],[24.05,62.391],[24.132,62.441],[24.169,62.459],[24.198,62.469],[24.221,62.471],[24.304,62.457],[24.326,62.459],[24.335,62.469],[24.329,62.481],[24.328,62.491],[24.372,62.5],[24.387,62.496],[24.395,62.496],[24.409,62.493],[24.419,62.486],[24.422,62.48],[24.434,62.479],[24.455,62.488],[24.477,62.495],[24.489,62.498],[24.502,62.498],[24.514,62.504],[24.511,62.51],[24.511,62.514],[24.523,62.52],[24.526,62.534],[24.527,62.544],[24.53,62.548],[24.529,62.551],[24.527,62.556],[24.527,62.561],[24.53,62.561],[24.54,62.56],[24.542,62.559],[24.543,62.563],[24.539,62.564],[24.537,62.568],[24.537,62.574],[24.537,62.576],[24.542,62.578],[24.564,62.581],[24.565,62.585],[24.563,62.588],[24.559,62.599],[24.557,62.603],[24.555,62.606],[24.556,62.609],[24.578,62.608],[24.582,62.612],[24.582,62.617],[24.574,62.62],[24.546,62.618],[24.515,62.619],[24.512,62.628],[24.52,62.635],[24.571,62.661],[24.558,62.676],[24.537,62.687],[24.505,62.712],[24.427,62.796],[24.365,62.843],[24.366,62.862],[24.38,62.864],[24.441,62.868],[24.451,62.883],[24.444,62.896],[24.42,62.911],[24.386,62.917],[24.364,62.918],[24.347,62.934],[24.347,62.952],[24.339,62.965],[24.325,62.971],[24.313,62.981],[24.305,62.995],[24.301,63.006],[24.3,63.018],[24.3,63.027],[24.297,63.035],[24.293,63.034],[24.287,63.032],[24.278,63.035],[24.266,63.06],[24.301,63.065],[24.326,63.077],[24.345,63.096],[24.363,63.119],[24.528,63.159],[24.585,63.157],[24.736,63.137],[24.739,63.142],[24.738,63.163],[24.743,63.181],[24.757,63.208],[24.764,63.232],[24.761,63.245],[24.759,63.263],[24.768,63.267],[24.793,63.275],[24.8,63.276],[24.785,63.312],[24.783,63.352],[24.811,63.381],[24.896,63.418],[25.029,63.458],[25.081,63.471],[25.105,63.501],[25.122,63.538],[25.151,63.575],[25.191,63.597],[25.232,63.601],[25.311,63.592],[25.358,63.582],[25.445,63.542],[25.491,63.532],[25.736,63.518],[25.787,63.503],[25.867,63.457],[25.912,63.438],[25.971,63.43],[26.029,63.435],[26.138,63.456]]]}},{"type":"Feature","properties":{"name":"Southern Ostrobothnia","country":"FI"},"geometry":{"type":"Polygon","coordinates":[[[23.699,63.381],[23.72,63.357],[23.743,63.336],[23.77,63.317],[23.799,63.302],[23.834,63.289],[23.87,63.282],[24.043,63.263],[24.111,63.238],[24.202,63.191],[24.225,63.175],[24.203,63.167],[24.19,63.16],[24.178,63.152],[24.219,63.152],[24.363,63.119],[24.345,63.096],[24.326,63.077],[24.301,63.065],[24.266,63.06],[24.278,63.035],[24.287,63.032],[24.293,63.034],[24.297,63.035],[24.3,63.027],[24.3,63.018],[24.301,63.006],[24.305,62.995],[24.313,62.981],[24.325,62.971],[24.339,62.965],[24.347,62.952],[24.347,62.934],[24.364,62.918],[24.386,62.917],[24.42,62.911],[24.444,62.896],[24.451,62.883],[24.441,62.868],[24.38,62.864],[24.366,62.862],[24.365,62.843],[24.427,62.796],[24.505,62.712],[24.537,62.687],[24.558,62.676],[24.571,62.661],[24.52,62.635],[24.512,62.628],[24.515,62.619],[24.546,62.618],[24.574,62.62],[24.582,62.617],[24.582,62.612],[24.578,62.608],[24.556,62.609],[24.555,62.606],[24.557,62.603],[24.559,62.599],[24.563,62.588],[24.565,62.585],[24.564,62.581],[24.542,62.578],[24.537,62.576],[24.537,62.574],[24.537,62.568],[24.539,62.564],[24.543,62.563],[24.542,62.559],[24.54,62.56],[24.53,62.561],[24.527,62.561],[24.527,62.556],[24.529,62.551],[24.53,62.548],[24.527,62.544],[24.526,62.534],[24.523,62.52],[24.511,62.514],[24.511,62.51],[24.514,62.504],[24.502,62.498],[24.489,62.498],[24.477,62.495],[24.455,62.488],[24.434,62.479],[24.422,62.48],[24.419,62.486],[24.409,62.493],[24.395,62.496],[24.387,62.496],[24.372,62.5],[24.328,62.491],[24.329,62.481],[24.335,62.469],[24.326,62.459],[24.304,62.457],[24.221,62.471],[24.198,62.469],[24.169,62.459],[24.132,62.441],[24.05,62.391],[24.02,62.364],[23.949,62.39],[23.922,62.407],[23.904,62.439],[23.905,62.449],[23.91,62.459],[23.91,62.469],[23.899,62.48],[23.885,62.482],[23.871,62.476],[23.856,62.467],[23.847,62.462],[23.839,62.463],[23.842,62.486],[23.834,62.488],[23.826,62.486],[23.817,62.482],[23.816,62.475],[23.817,62.47],[23.802,62.463],[23.784,62.46],[23.754,62.45],[23.698,62.427],[23.658,62.417],[23.529,62.413],[23.506,62.409],[23.508,62.404],[23.511,62.393],[23.515,62.375],[23.505,62.373],[23.493,62.377],[23.421,62.38],[23.401,62.387],[23.37,62.41],[23.357,62.417],[23.316,62.419],[23.289,62.407],[23.244,62.361],[23.167,62.318],[23.061,62.29],[22.945,62.275],[22.838,62.271],[22.704,62.284],[22.619,62.304],[22.587,62.302],[22.572,62.271],[22.559,62.251],[22.546,62.236],[22.508,62.211],[22.403,62.16],[22.384,62.147],[22.339,62.124],[22.23,62.102],[22.178,62.083],[22.064,62.01],[22.018,61.993],[21.933,61.985],[21.647,62.02],[21.642,62.026],[21.64,62.031],[21.636,62.036],[21.632,62.038],[21.636,62.052],[21.64,62.11],[21.652,62.142],[21.698,62.147],[21.7,62.159],[21.691,62.172],[21.678,62.182],[21.675,62.195],[21.691,62.207],[21.718,62.214],[21.761,62.219],[21.766,62.231],[21.758,62.239],[21.738,62.25],[21.712,62.256],[21.695,62.257],[21.681,62.27],[21.682,62.281],[21.682,62.301],[21.676,62.317],[21.669,62.325],[21.667,62.335],[21.688,62.339],[21.685,62.352],[21.672,62.36],[21.636,62.366],[21.558,62.356],[21.558,62.357],[21.559,62.37],[21.555,62.372],[21.543,62.373],[21.537,62.374],[21.532,62.379],[21.539,62.389],[21.546,62.395],[21.552,62.411],[21.551,62.429],[21.548,62.437],[21.555,62.456],[21.587,62.497],[21.605,62.529],[21.612,62.544],[21.615,62.56],[21.601,62.56],[21.596,62.566],[21.593,62.585],[21.591,62.601],[21.641,62.617],[21.696,62.641],[21.771,62.683],[21.78,62.704],[21.769,62.71],[21.748,62.726],[21.739,62.735],[21.729,62.76],[21.728,62.775],[21.734,62.808],[21.747,62.827],[21.761,62.841],[21.768,62.852],[21.792,62.857],[21.873,62.813],[21.916,62.799],[21.991,62.782],[22.179,62.762],[22.215,62.765],[22.248,62.775],[22.289,62.794],[22.376,62.85],[22.394,62.858],[22.404,62.876],[22.404,62.902],[22.42,62.93],[22.422,62.94],[22.428,62.957],[22.498,63.028],[22.514,63.04],[22.533,63.048],[22.555,63.051],[22.544,63.057],[22.54,63.062],[22.55,63.071],[22.584,63.078],[22.595,63.079],[22.617,63.076],[22.632,63.081],[22.646,63.105],[22.646,63.116],[22.64,63.122],[22.647,63.13],[22.662,63.133],[22.674,63.137],[22.676,63.144],[22.677,63.172],[22.665,63.189],[22.601,63.186],[22.589,63.184],[22.582,63.184],[22.585,63.188],[22.598,63.211],[22.596,63.215],[22.585,63.214],[22.575,63.212],[22.575,63.215],[22.584,63.224],[22.598,63.235],[22.598,63.242],[22.592,63.243],[22.57,63.247],[22.568,63.261],[22.578,63.271],[22.61,63.284],[22.662,63.293],[22.674,63.297],[22.671,63.3],[22.654,63.316],[22.664,63.32],[22.751,63.344],[22.736,63.356],[22.766,63.358],[22.866,63.354],[22.929,63.346],[22.956,63.339],[22.976,63.343],[22.975,63.358],[22.988,63.37],[23.012,63.371],[23.118,63.361],[23.157,63.367],[23.199,63.392],[23.262,63.453],[23.298,63.475],[23.351,63.488],[23.394,63.49],[23.45,63.487],[23.506,63.479],[23.549,63.465],[23.564,63.455],[23.594,63.427],[23.613,63.414],[23.652,63.396],[23.699,63.381]]]}},{"type":"Feature","properties":{"name":"Pirkanmaa","country":"FI"},"geometry":{"type":"Polygon","coordinates":[[[24.02,62.364],[24.023,62.331],[24.035,62.309],[24.054,62.296],[24.078,62.286],[24.119,62.273],[24.164,62.263],[24.246,62.255],[24.281,62.229],[24.293,62.207],[24.333,62.175],[24.364,62.166],[24.376,62.159],[24.416,62.155],[24.444,62.16],[24.431,62.174],[24.448,62.18],[24.5,62.193],[24.53,62.193],[24.565,62.181],[24.589,62.163],[24.609,62.143],[24.633,62.127],[24.652,62.121],[24.669,62.109],[24.668,62.099],[24.666,62.082],[24.667,62.066],[24.669,62.059],[24.685,62.05],[24.743,62.034],[24.773,62.034],[24.869,62.056],[24.888,62.039],[24.896,62.021],[24.937,61.951],[24.947,61.918],[24.94,61.869],[24.93,61.83],[24.938,61.801],[24.959,61.792],[24.981,61.787],[24.971,61.783],[24.966,61.781],[24.971,61.772],[24.994,61.747],[24.996,61.732],[24.985,61.724],[24.967,61.728],[24.961,61.733],[24.945,61.735],[24.931,61.727],[24.923,61.709],[24.928,61.696],[24.942,61.683],[24.966,61.667],[24.968,61.657],[24.963,61.651],[24.959,61.648],[24.958,61.644],[24.958,61.638],[24.936,61.633],[24.871,61.649],[24.83,61.653],[24.798,61.637],[24.79,61.615],[24.803,61.597],[24.822,61.579],[24.829,61.568],[24.852,61.572],[24.875,61.583],[24.907,61.58],[24.912,61.562],[24.897,61.55],[24.9,61.545],[24.921,61.539],[24.936,61.517],[24.942,61.487],[24.958,61.456],[24.87,61.474],[24.86,61.465],[24.865,61.454],[24.88,61.436],[24.895,61.421],[24.904,61.408],[24.903,61.385],[24.899,61.361],[24.901,61.34],[24.918,61.322],[24.904,61.316],[24.894,61.308],[24.89,61.299],[24.891,61.293],[24.881,61.284],[24.804,61.267],[24.779,61.269],[24.765,61.277],[24.743,61.304],[24.736,61.31],[24.724,61.298],[24.714,61.284],[24.688,61.274],[24.656,61.279],[24.584,61.295],[24.551,61.296],[24.517,61.291],[24.38,61.244],[24.344,61.238],[24.279,61.237],[24.268,61.232],[24.265,61.216],[24.274,61.204],[24.288,61.197],[24.294,61.195],[24.282,61.184],[24.228,61.158],[24.187,61.147],[24.136,61.139],[24.137,61.136],[24.14,61.125],[24.089,61.129],[24.033,61.121],[23.933,61.093],[23.798,61.075],[23.779,61.068],[23.767,61.057],[23.8,61.052],[23.805,61.048],[23.803,61.045],[23.798,61.032],[23.796,61.028],[23.805,61.027],[23.854,61.035],[23.866,61.035],[23.878,61.027],[23.871,61.017],[23.852,61.009],[23.825,61.0],[23.828,60.994],[23.837,60.99],[23.851,60.98],[23.862,60.967],[23.866,60.959],[23.852,60.946],[23.836,60.95],[23.779,60.993],[23.723,61.002],[23.707,61.007],[23.663,61.004],[23.585,60.986],[23.474,60.986],[23.458,60.982],[23.46,60.979],[23.469,60.964],[23.437,60.969],[23.341,61.007],[23.275,61.019],[23.197,61.0],[23.17,61.008],[23.149,61.021],[23.122,61.032],[23.08,61.034],[23.033,61.029],[23.007,61.029],[22.995,61.032],[22.97,61.045],[22.967,61.057],[22.975,61.065],[22.99,61.069],[23.0,61.071],[23.001,61.079],[22.99,61.082],[22.941,61.078],[22.929,61.079],[22.923,61.089],[22.93,61.094],[22.945,61.102],[22.969,61.114],[22.964,61.12],[22.951,61.124],[22.933,61.136],[22.922,61.153],[22.919,61.165],[22.921,61.177],[22.95,61.177],[22.942,61.197],[22.924,61.211],[22.867,61.231],[22.745,61.243],[22.681,61.242],[22.662,61.245],[22.65,61.252],[22.645,61.261],[22.643,61.269],[22.636,61.277],[22.581,61.317],[22.573,61.325],[22.57,61.333],[22.59,61.34],[22.59,61.347],[22.585,61.353],[22.565,61.388],[22.572,61.395],[22.601,61.393],[22.628,61.387],[22.64,61.391],[22.644,61.396],[22.65,61.401],[22.658,61.404],[22.667,61.405],[22.674,61.41],[22.671,61.418],[22.67,61.42],[22.669,61.422],[22.675,61.426],[22.725,61.432],[22.729,61.437],[22.724,61.442],[22.721,61.452],[22.722,61.464],[22.725,61.471],[22.701,61.479],[22.673,61.484],[22.641,61.5],[22.6,61.533],[22.602,61.553],[22.663,61.583],[22.686,61.608],[22.681,61.625],[22.685,61.631],[22.705,61.632],[22.722,61.648],[22.717,61.668],[22.704,61.675],[22.684,61.666],[22.677,61.658],[22.666,61.655],[22.658,61.665],[22.654,61.675],[22.656,61.685],[22.661,61.688],[22.677,61.707],[22.694,61.731],[22.715,61.746],[22.737,61.755],[22.773,61.765],[22.805,61.781],[22.822,61.798],[22.823,61.823],[22.791,61.841],[22.768,61.85],[22.743,61.854],[22.743,61.859],[22.75,61.864],[22.785,61.868],[22.784,61.876],[22.755,61.884],[22.742,61.894],[22.739,61.904],[22.723,61.916],[22.708,61.918],[22.681,61.924],[22.662,61.938],[22.657,61.951],[22.64,61.968],[22.55,61.992],[22.549,62.003],[22.593,62.028],[22.626,62.041],[22.664,62.05],[22.73,62.051],[22.751,62.057],[22.773,62.068],[22.776,62.072],[22.773,62.079],[22.774,62.097],[22.773,62.11],[22.768,62.123],[22.764,62.136],[22.769,62.151],[22.787,62.159],[22.827,62.16],[22.849,62.162],[22.855,62.173],[22.84,62.243],[22.838,62.271],[22.945,62.275],[23.061,62.29],[23.167,62.318],[23.244,62.361],[23.289,62.407],[23.316,62.419],[23.357,62.417],[23.37,62.41],[23.401,62.387],[23.421,62.38],[23.493,62.377],[23.505,62.373],[23.515,62.375],[23.511,62.393],[23.508,62.404],[23.506,62.409],[23.529,62.413],[23.658,62.417],[23.698,62.427],[23.754,62.45],[23.784,62.46],[23.802,62.463],[23.817,62.47],[23.816,62.475],[23.817,62.482],[23.826,62.486],[23.834,62.488],[23.842,62.486],[23.839,62.463],[23.847,62.462],[23.856,62.467],[23.871,62.476],[23.885,62.482],[23.899,62.48],[23.91,62.469],[23.91,62.459],[23.905,62.449],[23.904,62.439],[23.922,62.407],[23.949,62.39],[24.02,62.364]]]}},{"type":"Feature","properties":{"name":"Tavastia Proper","country":"FI"},"geometry":{"type":"Polygon","coordinates":[[[24.804,61.267],[24.881,61.284],[24.891,61.293],[24.89,61.299],[24.894,61.308],[24.904,61.316],[24.918,61.322],[24.918,61.311],[24.921,61.292],[24.936,61.288],[24.95,61.287],[24.97,61.282],[24.99,61.279],[25.004,61.282],[25.017,61.275],[25.02,61.263],[25.032,61.254],[25.076,61.254],[25.188,61.24],[25.206,61.229],[25.209,61.219],[25.223,61.205],[25.252,61.192],[25.261,61.181],[25.26,61.174],[25.256,61.163],[25.249,61.154],[25.243,61.148],[25.238,61.139],[25.24,61.133],[25.241,61.128],[25.241,61.121],[25.265,61.114],[25.288,61.103],[25.287,61.076],[25.252,61.029],[25.237,61.014],[25.231,61.014],[25.222,61.013],[25.209,61.011],[25.212,61.007],[25.227,61.002],[25.244,60.993],[25.25,60.989],[25.255,60.982],[25.254,60.977],[25.237,60.969],[25.22,60.963],[25.191,60.949],[25.165,60.93],[25.142,60.909],[25.098,60.855],[25.088,60.848],[25.084,60.838],[25.086,60.829],[25.093,60.821],[25.096,60.822],[25.103,60.821],[25.109,60.82],[25.116,60.805],[25.128,60.796],[25.15,60.785],[25.157,60.778],[25.156,60.772],[25.139,60.767],[25.122,60.764],[25.096,60.757],[25.076,60.744],[25.066,60.734],[25.06,60.721],[25.063,60.716],[25.1,60.731],[25.124,60.734],[25.173,60.728],[25.182,60.724],[25.104,60.705],[25.093,60.698],[25.105,60.671],[25.108,60.666],[25.096,60.664],[25.028,60.678],[24.995,60.68],[24.963,60.677],[24.911,60.665],[24.751,60.654],[24.612,60.66],[24.592,60.655],[24.575,60.636],[24.568,60.618],[24.57,60.59],[24.566,60.578],[24.525,60.559],[24.463,60.553],[24.414,60.563],[24.405,60.577],[24.397,60.596],[24.382,60.599],[24.341,60.602],[24.309,60.594],[24.304,60.582],[24.304,60.568],[24.284,60.565],[24.252,60.597],[24.235,60.608],[24.193,60.62],[23.948,60.653],[23.897,60.649],[23.766,60.652],[23.705,60.661],[23.653,60.69],[23.571,60.698],[23.528,60.713],[23.512,60.727],[23.477,60.746],[23.451,60.745],[23.356,60.727],[23.308,60.723],[23.267,60.728],[23.232,60.74],[23.177,60.764],[23.162,60.78],[23.169,60.788],[23.184,60.803],[23.203,60.814],[23.216,60.819],[23.212,60.829],[23.166,60.834],[23.142,60.846],[23.138,60.871],[23.158,60.89],[23.192,60.895],[23.251,60.891],[23.267,60.893],[23.265,60.897],[23.259,60.911],[23.256,60.915],[23.264,60.916],[23.275,60.916],[23.288,60.922],[23.295,60.936],[23.296,60.947],[23.28,60.958],[23.265,60.962],[23.24,60.972],[23.197,61.0],[23.275,61.019],[23.341,61.007],[23.437,60.969],[23.469,60.964],[23.46,60.979],[23.458,60.982],[23.474,60.986],[23.585,60.986],[23.663,61.004],[23.707,61.007],[23.723,61.002],[23.779,60.993],[23.836,60.95],[23.852,60.946],[23.866,60.959],[23.862,60.967],[23.851,60.98],[23.837,60.99],[23.828,60.994],[23.825,61.0],[23.852,61.009],[23.871,61.017],[23.878,61.027],[23.866,61.035],[23.854,61.035],[23.805,61.027],[23.796,61.028],[23.798,61.032],[23.803,61.045],[23.805,61.048],[23.8,61.052],[23.767,61.057],[23.779,61.068],[23.798,61.075],[23.933,61.093],[24.033,61.121],[24.089,61.129],[24.14,61.125],[24.137,61.136],[24.136,61.139],[24.187,61.147],[24.228,61.158],[24.282,61.184],[24.294,61.195],[24.288,61.197],[24.274,61.204],[24.265,61.216],[24.268,61.232],[24.279,61.237],[24.344,61.238],[24.38,61.244],[24.517,61.291],[24.551,61.296],[24.584,61.295],[24.656,61.279],[24.688,61.274],[24.714,61.284],[24.724,61.298],[24.736,61.31],[24.743,61.304],[24.765,61.277],[24.779,61.269],[24.804,61.267]]]}},{"type":"Feature","properties":{"name":"Päijät-Häme","country":"FI"},"geometry":{"type":"Polygon","coordinates":[[[26.32,61.608],[26.321,61.597],[26.32,61.581],[26.32,61.576],[26.317,61.573],[26.282,61.577],[26.28,61.572],[26.285,61.566],[26.29,61.556],[26.292,61.542],[26.292,61.533],[26.291,61.525],[26.288,61.525],[26.277,61.521],[26.266,61.514],[26.26,61.502],[26.264,61.498],[26.277,61.488],[26.281,61.484],[26.284,61.478],[26.278,61.469],[26.26,61.446],[26.257,61.439],[26.266,61.425],[26.284,61.414],[26.315,61.403],[26.319,61.397],[26.313,61.394],[26.305,61.386],[26.294,61.371],[26.304,61.365],[26.318,61.362],[26.372,61.335],[26.403,61.324],[26.479,61.312],[26.498,61.3],[26.515,61.274],[26.465,61.266],[26.443,61.259],[26.433,61.254],[26.418,61.219],[26.395,61.2],[26.301,61.155],[26.198,61.133],[26.167,61.136],[26.13,61.151],[26.085,61.138],[26.061,61.121],[26.052,61.108],[26.058,61.09],[26.068,61.088],[26.084,61.082],[26.097,61.075],[26.109,61.067],[26.115,61.058],[26.118,61.047],[26.124,61.036],[26.131,61.032],[26.137,61.025],[26.119,60.994],[26.112,60.986],[26.096,60.982],[26.056,60.985],[26.046,60.984],[26.043,60.955],[26.077,60.939],[26.146,60.93],[26.159,60.92],[26.151,60.912],[26.135,60.899],[26.124,60.885],[26.123,60.876],[26.119,60.868],[26.112,60.867],[26.097,60.862],[26.086,60.852],[26.083,60.838],[26.093,60.831],[26.155,60.826],[26.18,60.816],[26.197,60.8],[26.208,60.779],[26.215,60.755],[26.218,60.748],[26.219,60.741],[26.221,60.736],[26.225,60.733],[26.215,60.716],[26.195,60.704],[26.173,60.697],[26.126,60.694],[26.034,60.706],[25.976,60.705],[25.948,60.709],[25.933,60.715],[25.924,60.723],[25.911,60.73],[25.888,60.734],[25.61,60.688],[25.572,60.689],[25.523,60.704],[25.521,60.731],[25.51,60.758],[25.493,60.78],[25.474,60.792],[25.442,60.793],[25.374,60.764],[25.329,60.757],[25.304,60.762],[25.279,60.774],[25.227,60.806],[25.215,60.816],[25.21,60.825],[25.207,60.827],[25.194,60.83],[25.109,60.82],[25.103,60.821],[25.096,60.822],[25.093,60.821],[25.086,60.829],[25.084,60.838],[25.088,60.848],[25.098,60.855],[25.142,60.909],[25.165,60.93],[25.191,60.949],[25.22,60.963],[25.237,60.969],[25.254,60.977],[25.255,60.982],[25.25,60.989],[25.244,60.993],[25.227,61.002],[25.212,61.007],[25.209,61.011],[25.222,61.013],[25.231,61.014],[25.237,61.014],[25.252,61.029],[25.287,61.076],[25.288,61.103],[25.265,61.114],[25.241,61.121],[25.241,61.128],[25.24,61.133],[25.238,61.139],[25.243,61.148],[25.249,61.154],[25.256,61.163],[25.26,61.174],[25.261,61.181],[25.252,61.192],[25.223,61.205],[25.209,61.219],[25.206,61.229],[25.188,61.24],[25.076,61.254],[25.032,61.254],[25.02,61.263],[25.017,61.275],[25.004,61.282],[24.99,61.279],[24.97,61.282],[24.95,61.287],[24.936,61.288],[24.921,61.292],[24.918,61.311],[24.918,61.322],[24.901,61.34],[24.899,61.361],[24.903,61.385],[24.904,61.408],[24.895,61.421],[24.88,61.436],[24.865,61.454],[24.86,61.465],[24.87,61.474],[24.958,61.456],[24.967,61.451],[25.403,61.484],[25.427,61.49],[25.444,61.504],[25.461,61.527],[25.477,61.564],[25.503,61.654],[25.516,61.678],[25.531,61.681],[25.582,61.675],[25.598,61.679],[25.634,61.696],[25.664,61.704],[25.691,61.706],[25.739,61.705],[25.757,61.702],[25.748,61.693],[25.764,61.693],[25.779,61.701],[25.816,61.735],[25.845,61.774],[25.851,61.786],[25.862,61.798],[25.871,61.795],[25.878,61.787],[25.876,61.776],[25.871,61.769],[25.875,61.76],[25.885,61.759],[25.901,61.761],[25.912,61.77],[25.916,61.779],[25.925,61.784],[25.964,61.767],[25.978,61.758],[25.987,61.749],[26.0,61.727],[26.009,61.721],[26.03,61.718],[26.052,61.727],[26.065,61.719],[26.07,61.714],[26.078,61.71],[26.082,61.705],[26.08,61.7],[26.072,61.687],[26.067,61.677],[26.062,61.67],[26.057,61.668],[26.058,61.666],[26.067,61.657],[26.078,61.651],[26.119,61.643],[26.146,61.626],[26.155,61.627],[26.164,61.631],[26.253,61.65],[26.289,61.652],[26.304,61.65],[26.312,61.639],[26.308,61.632],[26.307,61.624],[26.312,61.617],[26.32,61.608]]]}}]}